time_ms, data_main_bno_accx_mss, data_main_bno_accy_mss, data_main_bno_accz_mss, data_main_bno_qw, data_main_bno_qx, data_main_bno_qy, data_main_bno_qz, data_main_bno_roll, data_main_bno_pitch,data_main_bno_yaw, estimated_altitude_lake_m, altitude_dps_urm_offset_m.get(), flight_phase, speed_level, data_main_dps_pressure_hPa, data_main_dps_temperature_deg, data_main_dps_altitude_m, data_under_dps_pressure_hPa, data_under_dps_temperature_deg,data_under_dps_altitude_m, data_under_urm_altitude_m, data_air_dps_pressure_hPa, data_air_dps_temperature_deg, data_air_dps_altitude_m, data_air_sdp_differentialPressure_Pa, data_air_sdp_airspeed_ms, data_air_AoA_angle_deg, data_air_AoS_angle_deg,data_ics_angle, data_air_bno_accx_mss, data_air_bno_accy_mss, data_air_bno_accz_mss, data_air_bno_qw, data_air_bno_qx, data_air_bno_qy, data_air_bno_qz, data_air_bno_roll, data_air_bno_pitch, data_air_bno_yaw,data_main_gps_hour, data_main_gps_minute, data_main_gps_second, data_main_gps_centisecond, data_main_gps_latitude_deg, data_main_gps_longitude_deg, data_main_gps_altitude_m,data_main_gps_groundspeed_ms
6087,0.02,-0.20,9.60,1.00,-0.01,-0.00,0.00,-0.07,1.45,0.00,30.35,0.00,0,2,1001.28,41.91,109.72,0.00,0.00,0.00,0.00,1000.62,38.03,114.37,1.98,1.87,93.78,311.04,7902,0.69,0.45,9.46,1.00,0.03,-0.04,0.00,4.15,-3.61,-0.12,6,9,31,0,35.2901967,136.2528767,82.90, 2.05
6141,0.02,-0.20,9.60,1.00,-0.01,-0.00,0.00,-0.07,1.45,0.00,69.86,0.00,0,2,1001.28,41.91,109.72,1001.27,41.18,109.50,0.41,1000.62,38.05,114.32,2.55,2.12,86.66,311.22,7903,0.71,0.67,9.55,1.00,0.03,-0.04,0.00,4.19,-3.74,-0.13,6,9,31,0,35.2901967,136.2528767,82.90, 2.05
6194,0.02,-0.18,9.59,1.00,-0.01,-0.00,0.00,-0.07,1.45,0.00,92.94,0.00,0,2,1001.28,41.91,109.73,1001.28,41.18,109.45,0.41,1000.62,38.06,114.36,2.08,1.92,86.75,311.13,7902,0.71,0.60,9.58,1.00,0.03,-0.04,0.00,4.19,-3.74,-0.13,6,9,31,0,35.2901967,136.2528767,82.90, 2.05
6246,0.01,-0.19,9.54,1.00,-0.01,-0.00,0.00,-0.07,1.45,0.00,109.13,0.00,0,2,1001.28,41.90,109.71,1001.28,41.18,109.42,0.41,1000.62,38.04,114.35,0.82,1.20,86.66,311.13,7902,0.76,0.70,9.55,1.00,0.03,-0.04,0.00,4.19,-3.74,-0.13,6,9,31,0,35.2901967,136.2528767,82.90, 2.05
6304,0.00,-0.20,9.58,1.00,-0.01,-0.00,0.00,-0.07,1.45,0.00,104.73,0.00,0,2,1001.28,41.92,109.71,1001.28,41.17,109.50,0.41,1000.63,38.05,114.31,2.68,2.18,86.66,311.13,7903,0.68,0.69,9.61,1.00,0.03,-0.04,0.00,4.19,-3.74,-0.13,6,9,31,0,35.2901967,136.2528767,82.90, 2.05
6362,0.03,-0.19,9.53,1.00,-0.01,-0.00,0.00,-0.07,1.45,0.00,100.35,0.00,0,2,1001.28,41.91,109.72,1001.28,41.18,109.45,0.41,1000.62,38.05,114.39,1.63,1.70,86.92,311.22,7902,0.66,0.67,9.58,1.00,0.03,-0.04,0.00,4.19,-3.74,-0.13,6,9,31,0,35.2901967,136.2528767,82.90, 2.05
6415,0.01,-0.22,9.55,1.00,-0.01,-0.00,0.00,-0.07,1.45,0.00,95.98,0.00,0,2,1001.28,41.91,109.72,1001.28,41.17,109.47,0.41,1000.62,38.05,114.40,1.82,1.79,87.80,311.22,7902,0.65,0.72,9.57,1.00,0.03,-0.04,0.00,4.19,-3.74,-0.13,6,9,31,0,35.2901967,136.2528767,82.90, 1.07
6470,-0.01,-0.20,9.57,1.00,-0.01,-0.00,0.00,-0.07,1.45,0.00,91.60,0.00,0,2,1001.28,41.91,109.74,1001.28,41.17,109.44,0.41,1000.62,38.05,114.36,1.75,1.76,89.30,311.22,7903,0.74,0.66,9.54,1.00,0.03,-0.04,0.00,4.19,-3.74,-0.13,6,9,31,0,35.2901967,136.2528767,82.90, 1.07
6523,0.00,-0.21,9.60,1.00,-0.01,-0.00,0.00,-0.07,1.45,0.00,89.41,0.00,0,2,1001.27,41.92,109.75,1001.28,41.18,109.44,0.41,1000.62,38.03,114.36,1.20,1.46,88.95,311.22,7901,0.78,0.62,9.56,1.00,0.03,-0.04,0.00,4.19,-3.74,-0.13,6,9,32,0,35.2901983,136.2528833,83.10, 1.07
6577,0.00,-0.19,9.57,1.00,-0.01,-0.00,0.00,-0.07,1.45,0.00,85.03,0.00,0,2,1001.27,41.91,109.75,1001.28,41.16,109.48,0.41,1000.62,38.04,114.39,1.15,1.42,88.77,311.22,7902,0.67,0.63,9.55,1.00,0.03,-0.04,0.00,4.19,-3.74,-0.13,6,9,32,0,35.2901983,136.2528833,83.10, 1.07
6634,0.04,-0.21,9.54,1.00,-0.01,-0.00,0.00,-0.07,1.45,0.00,80.65,0.00,0,2,1001.28,41.91,109.70,1001.28,41.16,109.48,0.41,1000.63,38.04,114.32,1.87,1.82,88.33,311.22,7902,0.67,0.65,9.56,1.00,0.03,-0.04,0.00,4.19,-3.74,-0.13,6,9,32,0,35.2901983,136.2528833,83.10, 1.07
6688,0.03,-0.22,9.60,1.00,-0.01,-0.00,0.00,-0.07,1.45,0.00,76.28,0.00,0,2,1001.28,41.92,109.73,1001.28,41.18,109.47,0.41,1000.62,38.05,114.34,1.95,1.86,89.91,311.22,7903,0.68,0.73,9.56,1.00,0.03,-0.04,0.00,4.19,-3.74,-0.13,6,9,32,0,35.2901983,136.2528833,83.10, 1.07
6743,0.00,-0.19,9.60,1.00,-0.01,-0.00,0.00,-0.07,1.45,0.00,74.09,0.00,0,2,1001.27,41.91,109.77,1001.28,41.17,109.46,0.41,1000.62,38.05,114.36,2.45,2.08,90.44,311.22,7903,0.68,0.61,9.57,1.00,0.03,-0.04,0.00,4.19,-3.74,-0.13,6,9,32,0,35.2901983,136.2528833,83.10, 1.07
6801,0.01,-0.25,9.56,1.00,-0.01,-0.00,0.00,-0.07,1.45,0.00,69.71,0.00,0,2,1001.27,41.91,109.75,1001.28,41.17,109.45,0.41,1000.62,38.05,114.35,2.60,2.14,90.35,311.22,7902,0.61,0.71,9.49,1.00,0.03,-0.04,0.00,4.19,-3.74,-0.13,6,9,32,0,35.2901983,136.2528833,83.10, 1.07
6854,-0.01,-0.16,9.77,1.00,-0.01,-0.00,0.00,-0.07,1.45,0.00,65.33,0.00,0,2,1001.27,41.91,109.76,1001.28,41.16,109.46,0.41,1000.62,38.04,114.35,2.72,2.19,90.18,311.22,7903,0.76,0.50,9.50,1.00,0.03,-0.04,0.00,4.19,-3.74,-0.13,6,9,32,0,35.2901983,136.2528833,83.10, 1.07
6911,0.00,-0.27,9.36,1.00,-0.01,-0.00,0.00,-0.07,1.45,0.00,60.94,0.00,0,2,1001.28,41.91,109.72,1001.28,41.18,109.45,0.41,1000.62,38.04,114.37,2.57,2.13,89.38,311.22,7903,0.55,1.06,9.53,1.00,0.03,-0.04,0.00,4.19,-3.74,-0.13,6,9,32,0,35.2901983,136.2528833,83.10, 1.07
6963,-0.02,-0.09,9.71,1.00,-0.01,-0.00,0.00,-0.07,1.45,0.00,56.57,0.00,0,2,1001.28,41.91,109.73,1001.28,41.18,109.47,0.41,1000.62,38.04,114.41,2.80,2.22,89.21,311.22,7902,0.76,0.45,9.61,1.00,0.03,-0.04,0.00,4.19,-3.73,-0.13,6,9,32,0,35.2901983,136.2528833,83.10, 1.07
7021,-0.04,-0.28,9.46,1.00,-0.01,-0.00,0.00,-0.07,1.45,0.00,54.38,0.00,0,2,1001.28,41.92,109.73,1001.28,41.16,109.47,0.41,1000.62,38.04,114.40,2.40,2.06,89.21,311.22,7903,0.71,0.92,9.65,1.00,0.03,-0.04,0.00,4.20,-3.72,-0.13,6,9,32,0,35.2901983,136.2528833,83.10, 1.07
7072,0.00,-0.18,9.51,1.00,-0.01,-0.00,0.00,-0.07,1.45,0.00,50.01,0.00,0,2,1001.28,41.92,109.71,1001.27,41.17,109.49,0.41,1000.62,38.05,114.42,2.30,2.01,89.21,311.22,7903,1.00,0.90,9.55,1.00,0.03,-0.04,0.00,4.20,-3.71,-0.13,6,9,32,0,35.2901983,136.2528833,83.10, 1.07
7125,0.01,-0.14,9.65,1.00,-0.01,-0.00,0.00,-0.07,1.45,0.00,45.63,0.00,0,2,1001.27,41.91,109.75,1001.28,41.18,109.48,0.41,1000.61,38.05,114.45,2.43,2.07,89.30,311.22,7903,0.52,0.28,9.52,1.00,0.03,-0.04,0.00,4.20,-3.71,-0.12,6,9,32,0,35.2901983,136.2528833,83.10, 1.07
7182,0.02,-0.21,9.49,1.00,-0.01,-0.00,0.00,-0.07,1.45,0.00,41.25,0.00,0,2,1001.27,41.91,109.76,1001.28,41.18,109.43,0.41,1000.62,38.05,114.39,2.62,2.15,88.86,311.22,7903,0.50,0.45,9.47,1.00,0.03,-0.04,0.00,4.20,-3.71,-0.12,6,9,32,0,35.2901983,136.2528833,83.10, 1.07
7234,0.06,-0.19,9.65,1.00,-0.01,-0.00,0.00,-0.07,1.45,0.00,39.06,0.00,0,2,1001.28,41.92,109.73,1001.28,41.18,109.46,0.41,1000.62,38.05,114.40,2.67,2.17,88.59,311.22,7903,0.91,0.31,9.50,1.00,0.03,-0.04,0.00,4.21,-3.71,-0.11,6,9,32,0,35.2901983,136.2528833,83.10, 1.07
7291,-0.02,-0.16,9.59,1.00,-0.01,-0.00,0.00,-0.07,1.45,0.00,34.68,0.00,0,2,1001.27,41.92,109.75,1001.27,41.16,109.47,0.41,1000.62,38.05,114.38,2.08,1.92,88.77,311.22,7903,0.87,0.45,9.46,1.00,0.03,-0.04,0.00,4.21,-3.71,-0.10,6,9,32,0,35.2901983,136.2528833,83.10, 1.07
7346,0.00,-0.28,9.53,1.00,-0.01,-0.00,0.00,-0.07,1.45,0.00,30.32,0.00,0,2,1001.28,41.92,109.73,1001.27,41.17,109.49,0.41,1000.62,38.05,114.40,2.17,1.96,88.95,311.22,7902,0.75,1.04,9.58,1.00,0.03,-0.04,0.00,4.21,-3.72,-0.10,6,9,32,0,35.2901983,136.2528833,83.10, 1.07
7401,0.06,-0.21,9.67,1.00,-0.01,-0.00,0.00,-0.07,1.45,0.00,25.95,0.00,0,2,1001.28,41.91,109.73,1001.27,41.17,109.49,0.41,1000.61,38.05,114.42,2.28,2.01,88.77,311.22,7902,0.98,0.93,9.70,1.00,0.03,-0.04,0.00,4.21,-3.74,-0.11,6,9,32,0,35.2901983,136.2528833,83.10, 1.07
7460,0.00,-0.12,9.51,1.00,-0.01,-0.00,0.00,-0.07,1.45,0.00,21.56,0.00,0,2,1001.28,41.91,109.73,1001.28,41.18,109.47,0.41,1000.61,38.03,114.41,2.38,2.05,88.77,311.22,7902,0.81,0.99,9.67,1.00,0.03,-0.04,0.00,4.21,-3.74,-0.11,6,9,32,0,35.2901983,136.2528833,83.10, 1.07
7510,0.00,-0.31,9.48,1.00,-0.01,-0.00,0.00,-0.07,1.45,0.00,19.37,0.00,0,2,1001.28,41.92,109.70,1001.28,41.19,109.45,0.41,1000.61,38.05,114.41,2.62,2.15,88.77,311.22,7903,0.76,0.48,9.44,1.00,0.03,-0.04,0.00,4.21,-3.74,-0.11,6,9,32,0,35.2901983,136.2528833,83.10, 1.07
7565,0.00,-0.15,9.58,1.00,-0.01,-0.00,0.00,-0.07,1.45,0.00,14.98,0.00,0,2,1001.28,41.91,109.70,1001.28,41.19,109.46,0.41,1000.62,38.05,114.36,2.77,2.21,88.77,311.22,7903,0.80,0.53,9.58,1.00,0.03,-0.04,0.00,4.21,-3.73,-0.12,6,9,32,0,35.2901983,136.2528833,83.10, 1.07
7620,0.00,-0.25,9.50,1.00,-0.01,-0.00,0.00,-0.07,1.45,0.00,10.60,0.00,0,2,1001.28,41.91,109.74,1001.28,41.17,109.47,0.41,1000.62,38.05,114.38,2.70,2.18,88.86,311.22,7902,0.96,0.79,9.51,1.00,0.03,-0.04,0.00,4.21,-3.73,-0.12,6,9,32,0,35.2901983,136.2528833,83.10, 1.07
7674,0.00,-0.22,9.56,1.00,-0.01,-0.00,0.00,-0.07,1.45,0.00,10.60,0.00,0,2,1001.27,41.91,109.75,1001.27,41.17,109.50,0.41,1000.62,38.03,114.39,2.73,2.20,88.86,311.22,7903,0.58,0.48,9.50,1.00,0.03,-0.04,0.00,4.22,-3.74,-0.11,6,9,32,0,35.2901983,136.2528833,83.10, 1.07
7729,0.03,-0.18,9.59,1.00,-0.01,-0.00,0.00,-0.07,1.45,0.00,10.61,0.00,0,2,1001.28,41.91,109.73,1001.27,41.17,109.48,0.41,1000.61,38.05,114.41,2.53,2.11,88.86,311.13,7902,0.49,0.71,9.67,1.00,0.03,-0.04,0.00,4.22,-3.74,-0.10,6,9,32,0,35.2901983,136.2528833,83.10, 1.07
7782,0.03,-0.23,9.59,1.00,-0.01,-0.00,0.00,-0.07,1.45,0.00,10.62,0.00,0,2,1001.27,41.90,109.76,1001.27,41.18,109.48,0.41,1000.61,38.05,114.43,2.75,2.20,88.86,311.13,7902,0.92,0.56,9.50,1.00,0.03,-0.04,0.00,4.22,-3.74,-0.10,6,9,32,0,35.2901983,136.2528833,83.10, 1.07
7840,-0.05,-0.21,9.61,1.00,-0.01,-0.00,0.00,-0.07,1.45,0.00,10.62,0.00,0,2,1001.27,41.91,109.75,1001.27,41.17,109.49,0.41,1000.62,38.05,114.40,2.30,2.01,88.95,311.13,7902,0.85,0.48,9.48,1.00,0.03,-0.04,0.00,4.22,-3.74,-0.10,6,9,32,0,35.2901983,136.2528833,83.10, 1.07
7895,0.05,-0.14,9.54,1.00,-0.01,-0.00,0.00,-0.07,1.45,0.00,10.61,0.00,0,2,1001.27,41.92,109.75,1001.28,41.18,109.45,0.41,1000.62,38.06,114.41,2.38,2.05,89.12,311.13,7903,0.49,0.55,9.60,1.00,0.03,-0.04,0.00,4.22,-3.74,-0.10,6,9,32,0,35.2901983,136.2528833,83.10, 1.07
7951,0.07,-0.26,9.60,1.00,-0.01,-0.00,0.00,-0.07,1.45,0.00,10.61,0.00,0,2,1001.27,41.90,109.74,1001.27,41.18,109.50,0.41,1000.62,38.04,114.37,2.52,2.11,89.91,311.22,7903,0.76,0.85,9.62,1.00,0.03,-0.04,0.00,4.22,-3.74,-0.10,6,9,32,0,35.2901983,136.2528833,83.10, 1.07
8006,0.03,-0.20,9.52,1.00,-0.01,-0.00,0.00,-0.07,1.45,0.00,10.59,0.00,0,2,1001.27,41.90,109.75,1001.28,41.16,109.46,0.41,1000.62,38.06,114.36,1.95,1.86,90.00,311.13,7903,0.66,0.79,9.60,1.00,0.03,-0.04,0.00,4.22,-3.75,-0.10,6,9,32,0,35.2901983,136.2528833,83.10, 1.07
8060,-0.03,-0.17,9.57,1.00,-0.01,-0.00,0.00,-0.07,1.45,0.00,10.60,0.00,0,2,1001.28,41.89,109.71,1001.28,41.18,109.50,0.41,1000.62,38.05,114.38,2.43,2.07,89.74,311.22,7902,0.80,0.83,9.62,1.00,0.03,-0.04,0.00,4.22,-3.73,-0.10,6,9,32,0,35.2901983,136.2528833,83.10, 1.07
8118,0.02,-0.24,9.57,1.00,-0.01,-0.00,0.00,-0.07,1.45,0.00,10.61,0.00,0,2,1001.27,41.88,109.79,1001.27,41.19,109.49,0.41,1000.62,38.04,114.40,1.78,1.77,89.91,311.13,7903,0.55,0.89,9.65,1.00,0.03,-0.04,0.00,4.22,-3.74,-0.10,6,9,32,0,35.2901983,136.2528833,83.10, 1.07
8170,0.04,-0.22,9.54,1.00,-0.01,-0.00,0.00,-0.07,1.45,0.00,10.61,0.00,0,2,1001.27,41.90,109.78,1001.28,41.17,109.46,0.41,1000.62,38.06,114.39,2.17,1.96,90.00,311.22,7903,0.80,0.45,9.48,1.00,0.03,-0.04,0.00,4.22,-3.76,-0.10,6,9,32,0,35.2901983,136.2528833,83.10, 1.07
8223,0.03,-0.19,9.61,1.00,-0.01,-0.00,0.00,-0.07,1.45,0.00,10.61,0.00,0,2,1001.28,41.89,109.72,1001.28,41.19,109.46,0.41,1000.61,38.05,114.41,2.90,2.26,90.09,311.22,7902,0.53,0.43,9.53,1.00,0.03,-0.04,0.00,4.22,-3.76,-0.10,6,9,32,0,35.2901983,136.2528833,83.10, 1.07
8278,0.01,-0.23,9.51,1.00,-0.01,-0.00,0.00,-0.07,1.45,0.00,10.61,0.00,0,2,1001.27,41.89,109.75,1001.27,41.17,109.50,0.41,1000.62,38.05,114.38,2.25,1.99,90.00,311.13,7903,0.56,0.58,9.52,1.00,0.03,-0.04,0.00,4.22,-3.76,-0.10,6,9,33,0,35.2902000,136.2528850,83.10, 0.26
8336,0.00,-0.22,9.60,1.00,-0.01,-0.00,0.00,-0.07,1.45,0.00,10.60,0.00,0,2,1001.27,41.88,109.79,1001.28,41.18,109.47,0.41,1000.62,38.06,114.41,2.40,2.06,90.00,311.13,7903,0.69,0.45,9.51,1.00,0.03,-0.04,0.00,4.22,-3.77,-0.10,6,9,33,0,35.2902000,136.2528850,83.10, 0.26
8390,-0.02,-0.20,9.56,1.00,-0.01,-0.00,0.00,-0.07,1.45,0.00,10.61,0.00,0,2,1001.27,41.88,109.75,1001.27,41.18,109.51,0.41,1000.62,38.05,114.40,2.22,1.98,90.00,311.04,7903,0.91,0.49,9.51,1.00,0.03,-0.04,0.00,4.22,-3.78,-0.10,6,9,33,0,35.2902000,136.2528850,83.10, 0.26
8441,0.03,-0.22,9.57,1.00,-0.01,-0.00,0.00,-0.07,1.45,0.00,10.62,0.00,0,2,1001.27,41.87,109.74,1001.28,41.19,109.45,0.41,1000.62,38.05,114.40,2.25,1.99,89.38,311.04,7903,0.57,0.72,9.57,1.00,0.03,-0.04,0.00,4.23,-3.78,-0.10,6,9,33,0,35.2902000,136.2528850,83.10, 0.26
8498,-0.01,-0.19,9.54,1.00,-0.01,-0.00,0.00,-0.07,1.45,0.00,10.61,0.00,0,2,1001.27,41.88,109.74,1001.27,41.17,109.50,0.41,1000.62,38.05,114.40,1.88,1.82,89.12,311.13,7902,0.67,0.70,9.59,1.00,0.03,-0.04,0.00,4.23,-3.78,-0.10,6,9,33,0,35.2902000,136.2528850,83.10, 0.26
8555,0.02,-0.14,9.57,1.00,-0.01,-0.00,0.00,-0.07,1.45,0.00,10.60,0.00,0,2,1001.27,41.88,109.77,1001.28,41.19,109.51,0.41,1000.62,38.06,114.40,2.07,1.91,89.21,311.04,7903,0.76,0.82,9.61,1.00,0.03,-0.04,0.00,4.23,-3.78,-0.10,6,9,34,0,35.2902000,136.2528883,82.70, 0.26
8610,0.04,-0.23,9.50,1.00,-0.01,-0.00,0.00,-0.07,1.45,0.00,10.60,0.00,0,2,1001.27,41.89,109.74,1001.28,41.18,109.45,0.41,1000.62,38.05,114.40,1.98,1.87,89.21,311.04,7903,0.56,0.64,9.53,1.00,0.03,-0.04,0.00,4.24,-3.79,-0.11,6,9,34,0,35.2902000,136.2528883,82.70, 0.26
8666,0.02,-0.14,9.58,1.00,-0.01,-0.00,0.00,-0.07,1.45,0.00,10.60,0.00,0,2,1001.27,41.86,109.75,1001.28,41.18,109.49,0.41,1000.61,38.05,114.41,1.88,1.82,89.21,311.13,7903,0.65,0.68,9.59,1.00,0.03,-0.04,0.00,4.23,-3.80,-0.11,6,9,34,0,35.2902000,136.2528883,82.70, 0.26
8719,0.02,-0.22,9.62,1.00,-0.01,-0.00,0.00,-0.07,1.45,0.00,10.60,0.00,0,2,1001.27,41.86,109.75,1001.28,41.18,109.47,0.41,1000.62,38.03,114.39,2.05,1.90,89.21,311.13,7902,0.77,0.82,9.58,1.00,0.03,-0.04,0.00,4.24,-3.80,-0.11,6,9,34,0,35.2902000,136.2528883,82.70, 0.26
8773,0.02,-0.20,9.56,1.00,-0.01,-0.00,0.00,-0.07,1.45,0.00,10.61,0.00,0,2,1001.27,41.86,109.73,1001.28,41.18,109.48,0.41,1000.62,38.05,114.42,2.42,2.07,89.38,311.13,7903,0.73,0.82,9.59,1.00,0.03,-0.04,0.00,4.24,-3.81,-0.11,6,9,34,0,35.2902000,136.2528883,82.70, 0.26
8828,0.01,-0.18,9.59,1.00,-0.01,-0.00,0.00,-0.07,1.45,0.00,10.60,0.00,0,2,1001.27,41.87,109.76,1001.28,41.17,109.49,0.41,1000.62,38.05,114.40,1.95,1.86,89.30,311.13,7902,0.70,0.54,9.53,1.00,0.03,-0.04,0.00,4.24,-3.81,-0.11,6,9,34,0,35.2902000,136.2528883,82.70, 0.26
8886,0.00,-0.21,9.53,1.00,-0.01,-0.00,0.00,-0.07,1.45,0.00,10.61,0.00,0,2,1001.27,41.87,109.73,1001.27,41.17,109.52,0.41,1000.62,38.05,114.40,1.98,1.87,89.38,311.13,7902,0.76,0.56,9.46,1.00,0.03,-0.04,0.00,4.24,-3.81,-0.11,6,9,34,0,35.2902000,136.2528883,82.70, 0.26
8938,0.02,-0.26,9.55,1.00,-0.01,-0.00,0.00,-0.07,1.45,0.00,10.61,0.00,0,2,1001.27,41.87,109.73,1001.27,41.16,109.53,0.41,1000.61,38.05,114.43,1.72,1.74,89.56,311.13,7902,0.81,0.57,9.51,1.00,0.03,-0.04,0.00,4.24,-3.82,-0.11,6,9,34,0,35.2902000,136.2528883,82.70, 0.26
8995,0.00,-0.20,9.55,1.00,-0.01,-0.00,0.00,-0.07,1.45,0.00,10.61,0.00,0,2,1001.28,41.86,109.72,1001.27,41.17,109.51,0.41,1000.62,38.05,114.40,2.28,2.01,90.18,311.13,7903,0.83,0.51,9.54,1.00,0.03,-0.04,0.00,4.24,-3.83,-0.11,6,9,34,0,35.2902000,136.2528883,82.70, 0.26
9047,0.00,-0.13,9.57,1.00,-0.01,-0.00,0.00,-0.07,1.45,0.00,10.61,0.00,0,2,1001.28,41.87,109.71,1001.27,41.17,109.51,0.41,1000.62,38.06,114.37,2.23,1.99,90.00,311.13,7903,0.80,0.73,9.55,1.00,0.03,-0.04,0.00,4.24,-3.83,-0.11,6,9,34,0,35.2902000,136.2528883,82.70, 0.26
9106,0.01,-0.21,9.58,1.00,-0.01,-0.00,0.00,-0.07,1.45,0.00,10.61,0.00,0,2,1001.27,41.86,109.73,1001.28,41.18,109.47,0.41,1000.61,38.04,114.42,2.33,2.03,89.91,311.13,7902,0.85,0.72,9.60,1.00,0.03,-0.04,0.00,4.24,-3.83,-0.11,6,9,34,0,35.2902000,136.2528883,82.70, 0.26
9158,0.00,-0.18,9.54,1.00,-0.01,-0.00,0.00,-0.07,1.45,0.00,10.60,0.00,0,2,1001.28,41.86,109.72,1001.28,41.18,109.46,0.41,1000.62,38.05,114.40,2.53,2.11,89.82,311.13,7903,0.79,0.63,9.52,1.00,0.03,-0.04,0.00,4.24,-3.83,-0.11,6,9,34,0,35.2902000,136.2528883,82.70, 0.26
9215,0.02,-0.20,9.58,1.00,-0.01,-0.00,0.00,-0.07,1.45,0.00,10.60,0.00,0,2,1001.27,41.85,109.74,1001.27,41.18,109.52,0.41,1000.62,38.05,114.36,2.48,2.09,89.91,311.13,7903,0.79,0.59,9.55,1.00,0.03,-0.04,0.00,4.25,-3.83,-0.11,6,9,34,0,35.2902000,136.2528883,82.70, 0.26
9267,0.01,-0.20,9.57,1.00,-0.01,-0.00,0.00,-0.07,1.45,0.00,10.59,0.00,0,2,1001.27,41.85,109.75,1001.28,41.18,109.51,0.41,1000.62,38.05,114.39,2.42,2.07,89.91,311.13,7903,0.74,0.73,9.55,1.00,0.03,-0.04,0.00,4.25,-3.83,-0.11,6,9,34,0,35.2902000,136.2528883,82.70, 0.26
9321,0.01,-0.17,9.62,1.00,-0.01,-0.00,0.00,-0.07,1.45,0.00,10.60,0.00,0,2,1001.27,41.85,109.78,1001.27,41.16,109.47,0.41,1000.62,38.04,114.41,2.27,2.00,90.09,311.13,7902,0.70,0.77,9.59,1.00,0.03,-0.04,0.00,4.25,-3.83,-0.11,6,9,34,0,35.2902000,136.2528883,82.70, 0.26
9377,0.01,-0.24,9.57,1.00,-0.01,-0.00,0.00,-0.07,1.45,0.00,10.60,0.00,0,2,1001.27,41.85,109.73,1001.28,41.18,109.46,0.41,1000.61,38.05,114.43,2.33,2.03,90.09,311.13,7903,0.78,0.81,9.57,1.00,0.03,-0.04,0.00,4.25,-3.83,-0.11,6,9,34,0,35.2902000,136.2528883,82.70, 0.17
9434,0.00,-0.19,9.58,1.00,-0.01,-0.00,0.00,-0.07,1.45,0.00,10.61,0.00,0,2,1001.27,41.84,109.77,1001.27,41.16,109.53,0.41,1000.62,38.05,114.40,2.42,2.07,90.00,311.13,7902,0.72,0.71,9.60,1.00,0.03,-0.04,0.00,4.25,-3.83,-0.11,6,9,34,0,35.2902000,136.2528883,82.70, 0.17
9486,0.03,-0.23,9.61,1.00,-0.01,-0.00,0.00,-0.07,1.45,0.00,10.61,0.00,0,2,1001.27,41.84,109.77,1001.28,41.18,109.47,0.41,1000.61,38.04,114.42,2.17,1.96,90.00,311.13,7902,0.78,0.57,9.55,1.00,0.03,-0.04,0.00,4.25,-3.83,-0.11,6,9,34,0,35.2902000,136.2528883,82.70, 0.17
9544,0.02,-0.22,9.55,1.00,-0.01,-0.00,0.00,-0.07,1.45,0.00,10.62,0.00,0,2,1001.27,41.85,109.78,1001.27,41.17,109.51,0.41,1000.62,38.06,114.41,2.08,1.92,90.00,311.13,7902,0.75,0.61,9.52,1.00,0.03,-0.04,0.00,4.25,-3.83,-0.11,6,9,35,0,35.2902000,136.2528883,82.60, 0.17
9597,0.00,-0.20,9.55,1.00,-0.01,-0.00,0.00,-0.07,1.45,0.00,10.62,0.00,0,2,1001.27,41.85,109.74,1001.28,41.17,109.47,0.41,1000.61,38.05,114.45,2.23,1.99,89.91,311.13,7903,0.72,0.58,9.54,1.00,0.03,-0.04,0.00,4.25,-3.83,-0.11,6,9,35,0,35.2902000,136.2528883,82.60, 0.17
9651,0.01,-0.23,9.53,1.00,-0.01,-0.00,0.00,-0.07,1.45,0.00,10.61,0.00,0,2,1001.27,41.85,109.78,1001.27,41.17,109.48,0.41,1000.62,38.04,114.40,2.50,2.10,90.00,311.13,7903,0.65,0.62,9.56,1.00,0.03,-0.04,0.00,4.25,-3.83,-0.11,6,9,35,0,35.2902000,136.2528883,82.60, 0.17
9707,0.00,-0.18,9.61,1.00,-0.01,-0.00,0.00,-0.07,1.45,0.00,10.60,0.00,0,2,1001.27,41.84,109.75,1001.27,41.17,109.51,0.41,1000.61,38.05,114.43,2.43,2.07,90.00,311.13,7903,0.74,0.72,9.57,1.00,0.03,-0.04,0.00,4.25,-3.83,-0.11,6,9,35,0,35.2902000,136.2528883,82.60, 0.17
9763,0.00,-0.18,9.54,1.00,-0.01,-0.00,0.00,-0.07,1.45,0.00,10.61,0.00,0,2,1001.27,41.84,109.75,1001.27,41.17,109.52,0.41,1000.62,38.04,114.41,1.70,1.73,90.00,311.13,7902,0.75,0.68,9.59,1.00,0.03,-0.04,0.00,4.25,-3.83,-0.11,6,9,35,0,35.2902000,136.2528883,82.60, 0.17
9816,0.01,-0.21,9.60,1.00,-0.01,-0.00,0.00,-0.07,1.45,0.00,10.61,0.00,0,2,1001.27,41.85,109.78,1001.27,41.18,109.47,0.41,1000.61,38.04,114.44,1.87,1.82,90.09,311.13,7902,0.67,0.76,9.57,1.00,0.03,-0.04,0.00,4.25,-3.83,-0.11,6,9,35,0,35.2902000,136.2528883,82.60, 0.17
9869,0.04,-0.19,9.59,1.00,-0.01,-0.00,0.00,-0.07,1.45,0.00,10.61,0.00,0,2,1001.27,41.84,109.75,1001.27,41.17,109.49,0.41,1000.61,38.05,114.43,2.00,1.88,91.58,311.13,7903,0.65,0.67,9.58,1.00,0.03,-0.04,0.00,4.25,-3.83,-0.11,6,9,35,0,35.2902000,136.2528883,82.60, 0.17
9927,0.03,-0.21,9.59,1.00,-0.01,-0.00,0.00,-0.07,1.45,0.00,10.61,0.00,0,2,1001.27,41.84,109.75,1001.28,41.17,109.47,0.41,1000.61,38.04,114.42,2.08,1.92,92.81,311.13,7902,0.74,0.58,9.55,1.00,0.03,-0.04,0.00,4.25,-3.83,-0.11,6,9,35,0,35.2902000,136.2528883,82.60, 0.17
9983,0.00,-0.24,9.56,1.00,-0.01,-0.00,0.00,-0.07,1.45,0.00,10.60,0.00,0,2,1001.27,41.85,109.74,1001.27,41.18,109.51,0.41,1000.62,38.05,114.36,2.37,2.04,92.55,311.13,7903,0.71,0.70,9.56,1.00,0.03,-0.04,0.00,4.25,-3.83,-0.11,6,9,35,0,35.2902000,136.2528883,82.60, 0.17
10035,0.00,-0.16,9.61,1.00,-0.01,-0.00,0.00,-0.07,1.45,0.00,10.59,0.00,0,2,1001.27,41.83,109.76,1001.28,41.17,109.49,0.41,1000.62,38.06,114.34,2.27,2.00,92.29,311.13,7903,0.71,0.66,9.53,1.00,0.03,-0.04,0.00,4.25,-3.83,-0.11,6,9,35,0,35.2902000,136.2528883,82.60, 0.17
10093,0.02,-0.20,9.56,1.00,-0.01,-0.00,0.00,-0.07,1.45,0.00,10.59,0.00,0,2,1001.27,41.83,109.76,1001.28,41.18,109.49,0.41,1000.62,38.05,114.38,2.37,2.04,92.02,311.13,7903,0.65,0.67,9.57,1.00,0.03,-0.04,0.00,4.25,-3.83,-0.11,6,9,35,0,35.2902000,136.2528883,82.60, 0.17
10146,0.02,-0.23,9.51,1.00,-0.01,-0.00,0.00,-0.07,1.45,0.00,10.59,0.00,0,2,1001.27,41.85,109.75,1001.28,41.18,109.48,0.41,1000.62,38.03,114.39,2.83,2.24,92.02,311.13,7902,0.69,0.68,9.57,1.00,0.03,-0.04,0.00,4.25,-3.83,-0.11,6,9,35,0,35.2902000,136.2528883,82.60, 0.17
10202,0.00,-0.17,9.57,1.00,-0.01,-0.00,0.00,-0.07,1.45,0.00,10.59,0.00,0,2,1001.27,41.83,109.74,1001.27,41.16,109.47,0.41,1000.62,38.06,114.40,3.12,2.35,91.93,311.13,7903,0.72,0.64,9.58,1.00,0.03,-0.04,0.00,4.25,-3.83,-0.11,6,9,35,0,35.2902000,136.2528883,82.60, 0.17
10256,0.00,-0.24,9.58,1.00,-0.01,-0.00,0.00,-0.07,1.45,0.00,10.59,0.00,0,2,1001.28,41.85,109.71,1001.27,41.16,109.50,0.41,1000.62,38.05,114.42,2.80,2.22,91.85,311.13,7902,0.70,0.73,9.54,1.00,0.03,-0.04,0.00,4.25,-3.83,-0.11,6,9,35,0,35.2902000,136.2528883,82.60, 0.17
10313,0.01,-0.21,9.60,1.00,-0.01,-0.00,0.00,-0.07,1.45,0.00,10.59,0.00,0,2,1001.27,41.85,109.76,1001.27,41.17,109.51,0.41,1000.61,38.05,114.41,2.25,1.99,91.49,311.13,7902,0.74,0.56,9.57,1.00,0.03,-0.04,0.00,4.25,-3.83,-0.11,6,9,35,0,35.2902000,136.2528883,82.60, 0.17
10366,0.00,-0.19,9.58,1.00,-0.01,-0.00,0.00,-0.07,1.45,0.00,10.60,0.00,0,2,1001.28,41.85,109.71,1001.27,41.17,109.49,0.41,1000.61,38.04,114.46,2.02,1.89,91.41,310.87,7903,0.71,0.65,9.61,1.00,0.03,-0.04,0.00,4.25,-3.83,-0.11,6,9,35,0,35.2902000,136.2528883,82.60, 0.25
10423,0.02,-0.28,9.54,1.00,-0.01,-0.00,0.00,-0.07,1.45,0.00,10.60,0.00,0,2,1001.27,41.84,109.75,1001.28,41.16,109.48,0.41,1000.61,38.04,114.47,2.00,1.88,91.41,310.87,7902,0.72,0.76,9.57,1.00,0.03,-0.04,0.00,4.25,-3.83,-0.11,6,9,35,0,35.2902000,136.2528883,82.60, 0.25
10476,0.01,-0.17,9.57,1.00,-0.01,-0.00,0.00,-0.07,1.45,0.00,10.60,0.00,0,2,1001.27,41.84,109.78,1001.27,41.15,109.50,0.41,1000.61,38.05,114.45,1.90,1.83,91.41,310.87,7902,0.71,0.61,9.51,1.00,0.03,-0.04,0.00,4.25,-3.83,-0.11,6,9,36,0,35.2901983,136.2528900,82.60, 0.25
10533,0.06,-0.20,9.61,1.00,-0.01,-0.00,0.00,-0.07,1.45,0.00,10.62,0.00,0,2,1001.27,41.83,109.77,1001.28,41.16,109.47,0.41,1000.61,38.03,114.48,1.93,1.85,91.49,310.87,7902,0.80,0.71,9.54,1.00,0.03,-0.04,0.00,4.25,-3.83,-0.11,6,9,36,0,35.2901983,136.2528900,82.60, 0.25
10584,-0.05,-0.24,9.52,1.00,-0.01,-0.00,0.00,-0.07,1.45,0.00,10.62,0.00,0,2,1001.27,41.84,109.77,1001.27,41.16,109.50,0.41,1000.61,38.05,114.41,2.17,1.96,91.41,310.87,7903,0.60,0.75,9.63,1.00,0.03,-0.04,0.00,4.25,-3.83,-0.11,6,9,36,0,35.2901983,136.2528900,82.60, 0.25
10643,0.00,-0.20,9.53,1.00,-0.01,-0.00,0.00,-0.07,1.45,0.00,10.62,0.00,0,2,1001.27,41.84,109.78,1001.27,41.17,109.50,0.41,1000.62,38.07,114.40,1.05,1.36,91.41,310.87,7902,0.72,0.74,9.59,1.00,0.03,-0.04,0.00,4.25,-3.83,-0.11,6,9,36,0,35.2901983,136.2528900,82.60, 0.25
10695,0.06,-0.20,9.53,1.00,-0.01,-0.00,0.00,-0.07,1.45,0.00,10.60,0.00,0,2,1001.27,41.83,109.76,1001.27,41.15,109.50,0.41,1000.62,38.04,114.40,0.42,0.86,91.41,310.87,7902,0.81,0.66,9.56,1.00,0.03,-0.04,0.00,4.25,-3.83,-0.11,6,9,36,0,35.2901983,136.2528900,82.60, 0.25
10752,0.04,-0.21,9.55,1.00,-0.01,-0.00,0.00,-0.07,1.45,0.00,10.60,0.00,0,2,1001.28,41.84,109.72,1001.27,41.17,109.49,0.41,1000.61,38.03,114.43,0.68,1.10,91.41,310.87,7902,0.74,0.65,9.57,1.00,0.03,-0.04,0.00,4.25,-3.83,-0.11,6,9,36,0,35.2901983,136.2528900,82.60, 0.25
10804,0.02,-0.20,9.61,1.00,-0.01,-0.00,0.00,-0.07,1.45,0.00,10.59,0.00,0,2,1001.27,41.84,109.75,1001.27,41.17,109.50,0.41,1000.62,38.04,114.41,1.62,1.69,91.58,310.78,7902,0.65,0.60,9.56,1.00,0.03,-0.04,0.00,4.25,-3.83,-0.11,6,9,36,0,35.2901983,136.2528900,82.60, 0.25
10861,0.05,-0.22,9.55,1.00,-0.01,-0.00,0.00,-0.07,1.45,0.00,10.60,0.00,0,2,1001.27,41.84,109.77,1001.27,41.16,109.53,0.41,1000.61,38.04,114.44,2.40,2.06,91.67,310.87,7902,0.64,0.73,9.53,1.00,0.03,-0.04,0.00,4.25,-3.83,-0.11,6,9,36,0,35.2901983,136.2528900,82.60, 0.25
10914,0.01,-0.16,9.52,1.00,-0.01,-0.00,0.00,-0.07,1.45,0.00,10.60,0.00,0,2,1001.27,41.82,109.75,1001.27,41.17,109.49,0.41,1000.61,38.06,114.43,2.13,1.94,92.11,310.87,7903,0.76,0.70,9.54,1.00,0.03,-0.04,0.00,4.25,-3.83,-0.11,6,9,36,0,35.2901983,136.2528900,82.60, 0.25
10966,0.01,-0.21,9.61,1.00,-0.01,-0.00,0.00,-0.07,1.45,0.00,10.61,0.00,0,2,1001.27,41.83,109.76,1001.27,41.15,109.52,0.41,1000.61,38.05,114.43,2.92,2.27,92.72,310.87,7903,0.65,0.62,9.57,1.00,0.03,-0.04,0.00,4.25,-3.83,-0.11,6,9,36,0,35.2901983,136.2528900,82.60, 0.25
11023,0.01,-0.22,9.51,1.00,-0.01,-0.00,0.00,-0.07,1.45,0.00,10.61,0.00,0,2,1001.27,41.84,109.75,1001.27,41.15,109.52,0.41,1000.62,38.06,114.39,2.70,2.18,92.55,310.87,7903,0.69,0.70,9.55,1.00,0.03,-0.04,0.00,4.25,-3.83,-0.11,6,9,36,0,35.2901983,136.2528900,82.60, 0.25
11080,0.03,-0.22,9.58,1.00,-0.01,-0.00,0.00,-0.07,1.45,0.00,10.61,0.00,0,2,1001.27,41.83,109.76,1001.28,41.16,109.49,0.41,1000.62,38.05,114.41,2.55,2.12,92.55,310.87,7902,0.74,0.73,9.58,1.00,0.03,-0.04,0.00,4.25,-3.83,-0.11,6,9,36,0,35.2901983,136.2528900,82.60, 0.25
11134,0.00,-0.17,9.54,1.00,-0.01,-0.00,0.00,-0.07,1.45,0.00,10.61,0.00,0,2,1001.26,41.81,109.80,1001.27,41.15,109.54,0.41,1000.61,38.06,114.43,2.68,2.18,92.55,310.87,7903,0.72,0.70,9.59,1.00,0.03,-0.04,0.00,4.25,-3.83,-0.11,6,9,36,0,35.2901983,136.2528900,82.60, 0.25
11192,0.02,-0.21,9.61,1.00,-0.01,-0.00,0.00,-0.07,1.45,0.00,10.61,0.00,0,2,1001.27,41.82,109.74,1001.28,41.16,109.48,0.41,1000.61,38.06,114.46,2.63,2.16,92.46,310.87,7902,0.74,0.70,9.55,1.00,0.03,-0.04,0.00,4.25,-3.83,-0.11,6,9,36,0,35.2901983,136.2528900,82.60, 0.25
11243,0.02,-0.20,9.57,1.00,-0.01,-0.00,0.00,-0.07,1.45,0.00,10.62,0.00,0,2,1001.27,41.82,109.75,1001.27,41.15,109.52,0.41,1000.61,38.04,114.45,2.77,2.21,92.29,310.87,7902,0.74,0.66,9.53,1.00,0.03,-0.04,0.00,4.25,-3.83,-0.11,6,9,36,0,35.2901983,136.2528900,82.60, 0.25
11301,0.00,-0.19,9.57,1.00,-0.01,-0.00,0.00,-0.07,1.45,0.00,10.61,0.00,0,2,1001.27,41.82,109.75,1001.27,41.15,109.50,0.41,1000.61,38.06,114.48,2.80,2.22,91.93,310.87,7902,0.77,0.67,9.53,1.00,0.03,-0.04,0.00,4.25,-3.83,-0.11,6,9,36,0,35.2901983,136.2528900,82.60, 0.24
11353,-0.02,-0.14,9.60,1.00,-0.01,-0.00,0.00,-0.07,1.45,0.00,10.62,0.00,0,2,1001.27,41.81,109.75,1001.27,41.16,109.52,0.41,1000.61,38.06,114.49,2.70,2.18,91.49,311.04,7902,0.74,0.65,9.56,1.00,0.03,-0.04,0.00,4.25,-3.83,-0.11,6,9,36,0,35.2901983,136.2528900,82.60, 0.24
11410,0.00,-0.23,9.52,1.00,-0.01,-0.00,0.00,-0.07,1.45,0.00,10.62,0.00,0,2,1001.27,41.80,109.72,1001.27,41.16,109.50,0.41,1000.60,38.06,114.53,2.63,2.16,90.88,311.40,7903,0.69,0.73,9.57,1.00,0.03,-0.04,0.00,4.25,-3.83,-0.11,6,9,36,0,35.2901983,136.2528900,82.60, 0.24
11463,0.03,-0.19,9.56,1.00,-0.01,-0.00,0.00,-0.07,1.45,0.00,10.60,0.00,0,2,1001.27,41.80,109.74,1001.28,41.16,109.48,0.41,1000.60,38.05,114.57,2.73,2.20,89.47,311.40,7902,0.74,0.62,9.57,1.00,0.03,-0.04,0.00,4.25,-3.83,-0.11,6,9,36,0,35.2901983,136.2528900,82.60, 0.24
11521,0.00,-0.19,9.59,1.00,-0.01,-0.00,0.00,-0.07,1.45,0.00,10.60,0.00,0,2,1001.28,41.81,109.69,1001.27,41.17,109.51,0.41,1000.61,38.05,114.48,2.62,2.15,88.07,311.40,7902,0.71,0.67,9.56,1.00,0.03,-0.04,0.00,4.25,-3.83,-0.11,6,9,37,0,35.2901967,136.2528883,82.60, 0.24
11574,0.00,-0.21,9.55,1.00,-0.01,-0.00,0.00,-0.07,1.45,0.00,10.60,0.00,0,2,1001.27,41.80,109.71,1001.27,41.16,109.51,0.41,1000.61,38.07,114.46,2.63,2.16,87.36,311.48,7902,0.68,0.67,9.55,1.00,0.03,-0.04,0.00,4.25,-3.83,-0.11,6,9,37,0,35.2901967,136.2528883,82.60, 0.24
11631,0.01,-0.18,9.54,1.00,-0.01,-0.00,0.00,-0.07,1.45,0.00,10.61,0.00,0,2,1001.27,41.80,109.72,1001.27,41.16,109.51,0.41,1000.61,38.06,114.44,2.47,2.09,87.36,311.48,7903,0.67,0.67,9.55,1.00,0.03,-0.04,0.00,4.25,-3.83,-0.11,6,9,37,0,35.2901967,136.2528883,82.60, 0.24
11685,0.03,-0.19,9.55,1.00,-0.01,-0.00,0.00,-0.07,1.45,0.00,10.60,0.00,0,2,1001.27,41.82,109.73,1001.27,41.15,109.50,0.41,1000.61,38.05,114.45,2.47,2.09,87.28,311.48,7902,0.70,0.63,9.55,1.00,0.03,-0.04,0.00,4.25,-3.83,-0.11,6,9,37,0,35.2901967,136.2528883,82.60, 0.24
11742,-0.02,-0.23,9.55,1.00,-0.01,-0.00,0.00,-0.07,1.45,0.00,10.60,0.00,0,2,1001.27,41.80,109.74,1001.27,41.16,109.51,0.41,1000.62,38.06,114.41,2.22,1.98,86.75,311.48,7902,0.69,0.65,9.54,1.00,0.03,-0.04,0.00,4.25,-3.83,-0.11,6,9,37,0,35.2901967,136.2528883,82.60, 0.24
11798,0.04,-0.16,9.52,1.00,-0.01,-0.00,0.00,-0.07,1.45,0.00,10.60,0.00,0,2,1001.27,41.79,109.73,1001.27,41.15,109.52,0.41,1000.61,38.06,114.49,2.20,1.97,87.10,311.48,7903,0.71,0.57,9.51,1.00,0.03,-0.04,0.00,4.25,-3.83,-0.11,6,9,37,0,35.2901967,136.2528883,82.60, 0.24
11851,0.05,-0.19,9.61,1.00,-0.01,-0.00,0.00,-0.07,1.45,0.00,10.59,0.00,0,2,1001.27,41.80,109.71,1001.27,41.16,109.49,0.41,1000.61,38.06,114.44,2.70,2.18,88.15,311.48,7903,0.73,0.60,9.55,1.00,0.03,-0.04,0.00,4.25,-3.83,-0.11,6,9,37,0,35.2901967,136.2528883,82.60, 0.24
11908,0.05,-0.23,9.50,1.00,-0.01,-0.00,0.00,-0.07,1.45,0.00,10.58,0.00,0,2,1001.27,41.80,109.74,1001.27,41.16,109.50,0.41,1000.62,38.05,114.40,2.77,2.21,90.35,311.66,7902,0.81,0.66,9.56,1.00,0.03,-0.04,0.00,4.25,-3.83,-0.11,6,9,37,0,35.2901967,136.2528883,82.60, 0.24
11962,-0.01,-0.22,9.57,1.00,-0.01,-0.00,0.00,-0.07,1.45,0.00,10.59,0.00,0,2,1001.27,41.79,109.73,1001.27,41.15,109.50,0.41,1000.61,38.05,114.42,2.58,2.14,90.00,313.15,7902,0.68,0.78,9.59,1.00,0.03,-0.04,0.00,4.25,-3.83,-0.11,6,9,37,0,35.2901967,136.2528883,82.60, 0.24
12017,-0.03,-0.22,9.60,1.00,-0.01,-0.00,0.00,-0.07,1.45,0.00,10.59,0.00,0,2,1001.27,41.79,109.72,1001.27,41.15,109.54,0.41,1000.62,38.04,114.38,2.57,2.13,89.91,313.59,7903,0.87,0.71,9.57,1.00,0.03,-0.04,0.00,4.25,-3.83,-0.11,6,9,37,0,35.2901967,136.2528883,82.60, 0.24
12071,0.01,-0.23,9.56,1.00,-0.01,-0.00,0.00,-0.07,1.45,0.00,10.60,0.00,0,2,1001.27,41.78,109.76,1001.27,41.15,109.50,0.41,1000.61,38.06,114.48,2.83,2.24,90.62,313.68,7902,0.80,0.69,9.54,1.00,0.03,-0.04,0.00,4.25,-3.83,-0.11,6,9,37,0,35.2901967,136.2528883,82.60, 0.24
12128,0.03,-0.20,9.58,1.00,-0.01,-0.00,0.00,-0.07,1.45,0.00,10.60,0.00,0,2,1001.27,41.79,109.75,1001.27,41.16,109.49,0.41,1000.61,38.05,114.49,1.88,1.82,90.88,313.68,7902,0.81,0.63,9.51,1.00,0.03,-0.04,0.00,4.25,-3.83,-0.11,6,9,37,0,35.2901967,136.2528883,82.60, 0.24
12180,-0.01,-0.13,9.59,1.00,-0.01,-0.00,0.00,-0.07,1.45,0.00,10.60,0.00,0,2,1001.27,41.77,109.71,1001.27,41.16,109.50,0.41,1000.61,38.04,114.47,1.90,1.83,90.79,312.80,7902,0.71,0.63,9.56,1.00,0.03,-0.04,0.00,4.25,-3.83,-0.11,6,9,37,0,35.2901967,136.2528883,82.60, 0.24
12237,0.01,-0.23,9.56,1.00,-0.01,-0.00,0.00,-0.07,1.45,0.00,10.60,0.00,0,2,1001.27,41.79,109.74,1001.27,41.15,109.49,0.41,1000.61,38.05,114.43,2.07,1.91,90.97,312.19,7903,0.85,0.73,9.53,1.00,0.03,-0.04,0.00,4.25,-3.83,-0.11,6,9,37,0,35.2901967,136.2528883,82.60, 0.24
12290,0.01,-0.22,9.52,1.00,-0.01,-0.00,0.00,-0.07,1.45,0.00,10.60,0.00,0,2,1001.27,41.78,109.76,1001.27,41.16,109.53,0.41,1000.61,38.06,114.46,2.35,2.04,90.88,311.75,7903,0.79,0.66,9.58,1.00,0.03,-0.04,0.00,4.25,-3.83,-0.11,6,9,37,0,35.2901967,136.2528883,82.60, 0.24
12346,0.00,-0.14,9.64,1.00,-0.01,-0.00,0.00,-0.07,1.45,0.00,10.60,0.00,0,2,1001.27,41.78,109.72,1001.27,41.15,109.46,0.41,1000.61,38.05,114.47,2.28,2.01,90.79,311.75,7902,0.79,0.55,9.58,1.00,0.03,-0.04,0.00,4.25,-3.83,-0.11,6,9,37,0,35.2901967,136.2528883,82.60, 0.16
12401,0.02,-0.27,9.52,1.00,-0.01,-0.00,0.00,-0.07,1.45,0.00,10.60,0.00,0,2,1001.27,41.77,109.74,1001.27,41.14,109.48,0.41,1000.62,38.05,114.42,2.15,1.95,90.70,311.75,7903,0.79,0.75,9.51,1.00,0.03,-0.04,0.00,4.25,-3.83,-0.11,6,9,37,0,35.2901967,136.2528883,82.60, 0.16
12458,0.02,-0.23,9.56,1.00,-0.01,-0.00,0.00,-0.07,1.45,0.00,10.59,0.00,0,2,1001.27,41.76,109.74,1001.27,41.15,109.50,0.41,1000.62,38.05,114.41,2.18,1.96,90.70,311.75,7903,0.79,0.65,9.56,1.00,0.03,-0.04,0.00,4.25,-3.83,-0.11,6,9,37,0,35.2901967,136.2528883,82.60, 0.16
12511,-0.04,-0.19,9.59,1.00,-0.01,-0.00,0.00,-0.07,1.45,0.00,10.58,0.00,0,2,1001.27,41.77,109.72,1001.27,41.14,109.51,0.41,1000.62,38.05,114.40,2.47,2.09,90.62,311.75,7903,0.67,0.68,9.52,1.00,0.03,-0.04,0.00,4.25,-3.83,-0.11,6,9,38,0,35.2901950,136.2528900,82.60, 0.16
12565,-0.06,-0.22,9.52,1.00,-0.01,-0.00,0.00,-0.07,1.45,0.00,10.58,0.00,0,2,1001.27,41.77,109.72,1001.27,41.14,109.54,0.41,1000.61,38.05,114.43,2.47,2.09,90.62,311.75,7902,0.88,0.70,9.54,1.00,0.03,-0.04,0.00,4.25,-3.83,-0.11,6,9,38,0,35.2901950,136.2528900,82.60, 0.16
12620,0.06,-0.17,9.63,1.00,-0.01,-0.00,0.00,-0.07,1.45,0.00,10.59,0.00,0,2,1001.27,41.77,109.75,1001.27,41.14,109.50,0.41,1000.61,38.05,114.43,2.62,2.15,90.53,311.75,7903,0.73,0.67,9.60,1.00,0.03,-0.04,0.00,4.25,-3.83,-0.11,6,9,38,0,35.2901950,136.2528900,82.60, 0.16
12678,0.03,-0.23,9.60,1.00,-0.01,-0.00,0.00,-0.07,1.45,0.00,10.60,0.00,0,2,1001.27,41.76,109.75,1001.27,41.16,109.50,0.41,1000.61,38.06,114.43,2.65,2.16,90.44,311.75,7901,0.69,0.75,9.57,1.00,0.03,-0.04,0.00,4.25,-3.83,-0.11,6,9,38,0,35.2901950,136.2528900,82.60, 0.16
12731,0.01,-0.22,9.55,1.00,-0.01,-0.00,0.00,-0.07,1.45,0.00,10.60,0.00,0,2,1001.27,41.75,109.75,1001.28,41.15,109.47,0.41,1000.61,38.05,114.45,1.88,1.82,90.09,311.75,7903,0.67,0.67,9.53,1.00,0.03,-0.04,0.00,4.25,-3.83,-0.11,6,9,38,0,35.2901950,136.2528900,82.60, 0.16
12787,0.02,-0.15,9.58,1.00,-0.01,-0.00,0.00,-0.07,1.45,0.00,10.59,0.00,0,2,1001.27,41.75,109.72,1001.27,41.14,109.48,0.41,1000.61,38.06,114.46,1.20,1.46,90.09,311.13,7902,0.78,0.59,9.57,1.00,0.03,-0.04,0.00,4.25,-3.83,-0.11,6,9,38,0,35.2901950,136.2528900,82.60, 0.16
12839,0.01,-0.21,9.54,1.00,-0.01,-0.00,0.00,-0.07,1.45,0.00,10.60,0.00,0,2,1001.27,41.76,109.73,1001.27,41.16,109.50,0.41,1000.61,38.05,114.49,1.93,1.85,90.35,311.04,7902,0.76,0.63,9.51,1.00,0.03,-0.04,0.00,4.25,-3.83,-0.11,6,9,38,0,35.2901950,136.2528900,82.60, 0.16
12897,0.01,-0.21,9.58,1.00,-0.01,-0.00,0.00,-0.07,1.45,0.00,10.60,0.00,0,2,1001.27,41.74,109.75,1001.27,41.15,109.50,0.41,1000.61,38.06,114.46,1.87,1.82,90.97,311.04,7901,0.67,0.60,9.55,1.00,0.03,-0.04,0.00,4.25,-3.83,-0.11,6,9,38,0,35.2901950,136.2528900,82.60, 0.16
12949,-0.04,-0.18,9.57,1.00,-0.01,-0.00,0.00,-0.07,1.45,0.00,10.61,0.00,0,2,1001.27,41.75,109.78,1001.27,41.15,109.50,0.41,1000.61,38.06,114.43,2.08,1.92,91.58,311.04,7903,0.87,0.73,9.59,1.00,0.03,-0.04,0.00,4.25,-3.83,-0.11,6,9,38,0,35.2901950,136.2528900,82.60, 0.16
13008,0.04,-0.25,9.57,1.00,-0.01,-0.00,0.00,-0.07,1.45,0.00,10.60,0.00,0,2,1001.27,41.75,109.78,1001.27,41.14,109.51,0.41,1000.61,38.05,114.43,2.18,1.96,91.49,311.04,7902,0.75,0.77,9.55,1.00,0.03,-0.04,0.00,4.25,-3.83,-0.11,6,9,38,0,35.2901950,136.2528900,82.60, 0.16
13059,0.08,-0.20,9.58,1.00,-0.01,-0.00,0.00,-0.07,1.45,0.00,10.60,0.00,0,2,1001.27,41.75,109.74,1001.27,41.14,109.48,0.41,1000.62,38.06,114.40,2.18,1.96,91.41,311.04,7902,0.52,0.75,9.62,1.00,0.03,-0.04,0.00,4.25,-3.83,-0.11,6,9,38,0,35.2901950,136.2528900,82.60, 0.16
13112,0.00,-0.19,9.58,1.00,-0.01,-0.00,0.00,-0.07,1.45,0.00,10.60,0.00,0,2,1001.27,41.74,109.72,1001.27,41.13,109.47,0.41,1000.61,38.04,114.42,2.08,1.92,91.41,311.04,7902,0.59,0.72,9.59,1.00,0.03,-0.04,0.00,4.25,-3.83,-0.11,6,9,38,0,35.2901950,136.2528900,82.60, 0.16
13169,-0.03,-0.23,9.59,1.00,-0.01,-0.00,0.00,-0.07,1.45,0.00,10.59,0.00,0,2,1001.27,41.74,109.72,1001.27,41.14,109.49,0.41,1000.62,38.04,114.40,2.33,2.03,91.23,311.04,7903,0.86,0.66,9.53,1.00,0.03,-0.04,0.00,4.25,-3.83,-0.11,6,9,38,0,35.2901950,136.2528900,82.60, 0.16
13222,-0.01,-0.21,9.59,1.00,-0.01,-0.00,0.00,-0.07,1.45,0.00,10.58,0.00,0,2,1001.27,41.73,109.69,1001.28,41.15,109.46,0.41,1000.61,38.05,114.45,1.67,1.72,91.14,311.04,7902,0.62,0.67,9.57,1.00,0.03,-0.04,0.00,4.25,-3.83,-0.11,6,9,38,0,35.2901950,136.2528900,82.60, 0.16
13278,0.02,-0.18,9.53,1.00,-0.01,-0.00,0.00,-0.07,1.45,0.00,10.59,0.00,0,2,1001.27,41.74,109.70,1001.27,41.14,109.49,0.41,1000.61,38.04,114.46,1.90,1.83,91.14,311.04,7903,0.55,0.68,9.57,1.00,0.03,-0.04,0.00,4.25,-3.83,-0.11,6,9,38,0,35.2901950,136.2528900,82.60, 0.16
13336,0.05,-0.22,9.53,1.00,-0.01,-0.00,0.00,-0.07,1.45,0.00,10.59,0.00,0,2,1001.27,41.73,109.69,1001.27,41.14,109.49,0.41,1000.61,38.03,114.46,2.07,1.91,91.41,311.04,7903,0.68,0.57,9.59,1.00,0.03,-0.04,0.00,4.25,-3.83,-0.11,6,9,38,0,35.2901950,136.2528900,82.60, 0.12
13388,0.03,-0.18,9.59,1.00,-0.01,-0.00,0.00,-0.07,1.45,0.00,10.60,0.00,0,2,1001.27,41.72,109.73,1001.27,41.15,109.49,0.41,1000.61,38.04,114.44,1.95,1.86,91.14,311.04,7903,0.89,0.62,9.58,1.00,0.03,-0.04,0.00,4.25,-3.83,-0.11,6,9,38,0,35.2901950,136.2528900,82.60, 0.12
13445,-0.03,-0.27,9.49,1.00,-0.01,-0.00,0.00,-0.07,1.45,0.00,10.59,0.00,0,2,1001.27,41.72,109.71,1001.28,41.17,109.46,0.41,1000.61,38.05,114.44,2.07,1.91,91.14,311.04,7903,0.64,0.57,9.53,1.00,0.03,-0.04,0.00,4.25,-3.83,-0.11,6,9,38,0,35.2901950,136.2528900,82.60, 0.12
13498,0.00,-0.25,9.57,1.00,-0.01,-0.00,0.00,-0.07,1.45,0.00,10.58,0.00,0,2,1001.27,41.73,109.69,1001.27,41.16,109.49,0.41,1000.61,38.05,114.44,2.08,1.92,91.05,311.04,7903,0.65,0.67,9.55,1.00,0.03,-0.04,0.00,4.25,-3.83,-0.11,6,9,38,0,35.2901950,136.2528900,82.60, 0.12
13552,0.00,-0.11,9.54,1.00,-0.01,-0.00,0.00,-0.07,1.45,0.00,10.58,0.00,0,2,1001.27,41.72,109.71,1001.27,41.16,109.50,0.41,1000.61,38.04,114.49,2.38,2.05,90.97,311.04,7903,0.78,0.59,9.56,1.00,0.03,-0.04,0.00,4.25,-3.83,-0.11,6,9,39,0,35.2901917,136.2528900,82.60, 0.12
13606,0.05,-0.21,9.54,1.00,-0.01,-0.00,0.00,-0.07,1.45,0.00,10.58,0.00,0,2,1001.27,41.72,109.70,1001.28,41.15,109.50,0.41,1000.61,38.05,114.44,1.87,1.82,90.97,311.04,7902,0.53,0.76,9.54,1.00,0.03,-0.04,0.00,4.25,-3.83,-0.11,6,9,39,0,35.2901917,136.2528900,82.60, 0.12
13659,0.02,-0.18,9.62,1.00,-0.01,-0.00,0.00,-0.07,1.45,0.00,10.59,0.00,0,2,1001.27,41.72,109.70,1001.27,41.14,109.49,0.40,1000.61,38.05,114.46,1.83,1.80,90.97,311.04,7903,0.57,0.71,9.64,1.00,0.03,-0.04,0.00,4.25,-3.83,-0.11,6,9,39,0,35.2901917,136.2528900,82.60, 0.12
13717,-0.02,-0.17,9.55,1.00,-0.01,-0.00,0.00,-0.07,1.45,0.00,10.59,0.00,0,2,1001.27,41.73,109.71,1001.27,41.14,109.51,0.41,1000.61,38.05,114.47,1.82,1.79,90.88,311.04,7903,0.84,0.79,9.52,1.00,0.03,-0.04,0.00,4.25,-3.83,-0.11,6,9,39,0,35.2901917,136.2528900,82.60, 0.12
13771,0.00,-0.23,9.59,1.00,-0.01,-0.00,0.00,-0.07,1.45,0.00,10.59,0.00,0,2,1001.27,41.71,109.72,1001.27,41.15,109.48,0.41,1000.61,38.05,114.47,1.95,1.86,90.79,311.04,7903,0.85,0.67,9.58,1.00,0.03,-0.04,0.00,4.25,-3.83,-0.11,6,9,39,0,35.2901917,136.2528900,82.60, 0.12
13826,0.00,-0.18,9.57,1.00,-0.01,-0.00,0.00,-0.07,1.45,0.00,10.60,0.00,0,2,1001.27,41.71,109.73,1001.27,41.13,109.50,0.41,1000.61,38.05,114.45,2.33,2.03,90.88,311.04,7903,0.59,0.63,9.55,1.00,0.03,-0.04,0.00,4.25,-3.83,-0.11,6,9,39,0,35.2901917,136.2528900,82.60, 0.12
13879,0.04,-0.20,9.60,1.00,-0.01,-0.00,0.00,-0.07,1.45,0.00,10.61,0.00,0,2,1001.27,41.71,109.71,1001.27,41.14,109.48,0.41,1000.61,38.05,114.47,2.07,1.91,90.88,311.04,7903,0.70,0.64,9.55,1.00,0.03,-0.04,0.00,4.25,-3.83,-0.11,6,9,39,0,35.2901917,136.2528900,82.60, 0.12
13937,-0.02,-0.22,9.48,1.00,-0.01,-0.00,0.00,-0.07,1.45,0.00,10.61,0.00,0,2,1001.27,41.70,109.74,1001.27,41.14,109.48,0.41,1000.61,38.05,114.47,1.98,1.87,90.79,311.04,7903,0.81,0.67,9.53,1.00,0.03,-0.04,0.00,4.25,-3.83,-0.11,6,9,39,0,35.2901917,136.2528900,82.60, 0.12
13994,0.00,-0.18,9.66,1.00,-0.01,-0.00,0.00,-0.07,1.45,0.00,10.60,0.00,0,2,1001.27,41.70,109.70,1001.27,41.14,109.51,0.41,1000.61,38.05,114.45,1.42,1.58,90.88,311.04,7903,0.77,0.52,9.62,1.00,0.03,-0.04,0.00,4.25,-3.83,-0.11,6,9,39,0,35.2901917,136.2528900,82.60, 0.12
14046,0.01,-0.22,9.49,1.00,-0.01,-0.00,0.00,-0.07,1.45,0.00,10.60,0.00,0,2,1001.27,41.72,109.72,1001.27,41.14,109.48,0.41,1000.61,38.03,114.50,1.95,1.86,90.88,311.04,7903,0.70,0.83,9.52,1.00,0.03,-0.04,0.00,4.25,-3.83,-0.11,6,9,39,0,35.2901917,136.2528900,82.60, 0.12
14102,0.02,-0.16,9.59,1.00,-0.01,-0.00,0.00,-0.07,1.45,0.00,10.60,0.00,0,2,1001.27,41.70,109.72,1001.27,41.13,109.48,0.41,1000.62,38.07,114.42,1.92,1.84,90.88,311.04,7901,0.85,0.69,9.56,1.00,0.03,-0.04,0.00,4.25,-3.83,-0.11,6,9,39,0,35.2901917,136.2528900,82.60, 0.12
14156,0.00,-0.24,9.57,1.00,-0.01,-0.00,0.00,-0.07,1.45,0.00,10.59,0.00,0,2,1001.27,41.70,109.69,1001.27,41.12,109.49,0.41,1000.61,38.06,114.44,1.82,1.79,90.88,311.04,7903,0.70,0.80,9.61,1.00,0.03,-0.04,0.00,4.25,-3.83,-0.11,6,9,39,0,35.2901917,136.2528900,82.60, 0.12
14211,0.04,-0.20,9.58,1.00,-0.01,-0.00,0.00,-0.07,1.45,0.00,10.59,0.00,0,2,1001.27,41.70,109.68,1001.27,41.13,109.48,0.41,1000.61,38.05,114.45,1.75,1.76,90.88,311.04,7902,0.74,0.69,9.55,1.00,0.03,-0.04,0.00,4.25,-3.83,-0.11,6,9,39,0,35.2901917,136.2528900,82.60, 0.12
14267,0.01,-0.22,9.59,1.00,-0.01,-0.00,0.00,-0.07,1.45,0.00,10.59,0.00,0,2,1001.27,41.69,109.70,1001.27,41.14,109.49,0.41,1000.61,38.04,114.44,2.33,2.03,90.79,311.04,7903,0.84,0.60,9.55,1.00,0.03,-0.04,0.00,4.25,-3.83,-0.11,6,9,39,0,35.2901917,136.2528900,82.60, 0.12
14322,-0.02,-0.24,9.55,1.00,-0.01,-0.00,0.00,-0.07,1.45,0.00,10.59,0.00,0,2,1001.27,41.69,109.67,1001.27,41.14,109.51,0.41,1000.61,38.04,114.48,1.78,1.77,90.79,310.96,7902,0.86,0.73,9.54,1.00,0.03,-0.04,0.00,4.25,-3.83,-0.11,6,9,39,0,35.2901917,136.2528900,82.60, 0.12
14376,0.00,-0.18,9.62,1.00,-0.01,-0.00,0.00,-0.07,1.45,0.00,10.60,0.00,0,2,1001.27,41.70,109.68,1001.27,41.13,109.45,0.41,1000.61,38.05,114.43,1.82,1.79,90.88,310.87,7902,0.63,0.64,9.59,1.00,0.03,-0.04,0.00,4.25,-3.83,-0.11,6,9,39,0,35.2901917,136.2528900,82.60, 0.12
14434,0.08,-0.24,9.51,1.00,-0.01,-0.00,0.00,-0.07,1.45,0.00,10.60,0.00,0,2,1001.27,41.68,109.71,1001.27,41.13,109.48,0.41,1000.61,38.04,114.48,1.60,1.68,90.88,310.87,7903,0.55,0.66,9.56,1.00,0.03,-0.04,0.00,4.25,-3.83,-0.11,6,9,39,0,35.2901917,136.2528900,82.60, 0.12
14487,0.01,-0.10,9.61,1.00,-0.01,-0.00,0.00,-0.07,1.45,0.00,10.60,0.00,0,2,1001.27,41.69,109.70,1001.27,41.14,109.51,0.41,1000.61,38.06,114.43,1.05,1.36,90.88,310.87,7902,0.85,0.53,9.54,1.00,0.03,-0.04,0.00,4.25,-3.83,-0.11,6,9,40,0,35.2901933,136.2528900,82.60, 0.12
14543,-0.03,-0.30,9.55,1.00,-0.01,-0.00,0.00,-0.07,1.45,0.00,10.60,0.00,0,2,1001.27,41.69,109.72,1001.27,41.14,109.48,0.41,1000.61,38.03,114.48,1.43,1.59,90.70,310.87,7902,0.78,0.78,9.54,1.00,0.03,-0.04,0.00,4.25,-3.83,-0.11,6,9,40,0,35.2901933,136.2528900,82.60, 0.12
14595,0.00,-0.14,9.62,1.00,-0.01,-0.00,0.00,-0.07,1.45,0.00,10.61,0.00,0,2,1001.27,41.68,109.74,1001.28,41.14,109.47,0.41,1000.61,38.04,114.47,1.75,1.76,90.44,310.78,7903,0.67,0.47,9.55,1.00,0.03,-0.04,0.00,4.25,-3.83,-0.11,6,9,40,0,35.2901933,136.2528900,82.60, 0.12
14648,0.03,-0.13,9.56,1.00,-0.01,-0.00,0.00,-0.07,1.45,0.00,10.61,0.00,0,2,1001.27,41.68,109.73,1001.27,41.14,109.49,0.41,1000.60,38.04,114.51,1.65,1.71,91.49,310.69,7902,0.59,0.66,9.54,1.00,0.03,-0.04,0.00,4.25,-3.83,-0.11,6,9,40,0,35.2901933,136.2528900,82.60, 0.12
14704,0.04,-0.22,9.54,1.00,-0.01,-0.00,0.00,-0.07,1.45,0.00,10.62,0.00,0,2,1001.27,41.70,109.71,1001.27,41.14,109.51,0.41,1000.61,38.05,114.47,1.88,1.82,93.34,310.69,7903,0.76,0.76,9.60,1.00,0.03,-0.04,0.00,4.25,-3.83,-0.11,6,9,40,0,35.2901933,136.2528900,82.60, 0.12
14759,0.00,-0.19,9.58,1.00,-0.01,-0.00,0.00,-0.07,1.45,0.00,10.62,0.00,0,2,1001.27,41.68,109.72,1001.27,41.14,109.54,0.41,1000.61,38.05,114.46,2.15,1.95,93.52,310.69,7902,0.66,0.63,9.60,1.00,0.03,-0.04,0.00,4.25,-3.83,-0.11,6,9,40,0,35.2901933,136.2528900,82.60, 0.12
14814,0.00,-0.20,9.50,1.00,-0.01,-0.00,0.00,-0.07,1.45,0.00,10.62,0.00,0,2,1001.27,41.69,109.71,1001.28,41.14,109.46,0.41,1000.61,38.05,114.47,1.92,1.84,93.43,310.69,7902,0.58,0.74,9.54,1.00,0.03,-0.04,0.00,4.25,-3.83,-0.11,6,9,40,0,35.2901933,136.2528900,82.60, 0.12
14870,-0.01,-0.25,9.57,1.00,-0.01,-0.00,0.00,-0.07,1.45,0.00,10.61,0.00,0,2,1001.27,41.68,109.69,1001.27,41.13,109.51,0.41,1000.61,38.05,114.49,1.77,1.77,93.34,310.69,7902,0.73,0.67,9.53,1.00,0.03,-0.04,0.00,4.25,-3.83,-0.11,6,9,40,0,35.2901933,136.2528900,82.60, 0.12
14924,0.00,-0.13,9.59,1.00,-0.01,-0.00,0.00,-0.07,1.45,0.00,10.61,0.00,0,2,1001.27,41.68,109.71,1001.27,41.13,109.51,0.41,1000.61,38.05,114.49,1.53,1.65,93.34,310.61,7902,0.80,0.64,9.57,1.00,0.03,-0.04,0.00,4.25,-3.83,-0.11,6,9,40,0,35.2901933,136.2528900,82.60, 0.12
14983,0.06,-0.18,9.53,1.00,-0.01,-0.00,0.00,-0.07,1.45,0.00,10.61,0.00,0,2,1001.27,41.68,109.71,1001.27,41.13,109.50,0.41,1000.61,38.05,114.49,1.02,1.34,93.34,310.52,7903,0.57,0.70,9.57,1.00,0.03,-0.04,0.00,4.25,-3.83,-0.11,6,9,40,0,35.2901933,136.2528900,82.60, 0.12
15035,0.00,-0.23,9.49,1.00,-0.01,-0.00,0.00,-0.07,1.45,0.00,10.61,0.00,0,2,1001.27,41.67,109.72,1001.27,41.13,109.50,0.41,1000.61,38.06,114.50,1.12,1.40,93.16,310.52,7902,0.67,0.77,9.54,1.00,0.03,-0.04,0.00,4.25,-3.83,-0.11,6,9,40,0,35.2901933,136.2528900,82.60, 0.12
15091,-0.03,-0.22,9.63,1.00,-0.01,-0.00,0.00,-0.07,1.45,0.00,10.61,0.00,0,2,1001.27,41.69,109.72,1001.27,41.13,109.51,0.41,1000.61,38.05,114.51,1.33,1.53,92.46,310.43,7902,0.80,0.65,9.53,1.00,0.03,-0.04,0.00,4.25,-3.83,-0.11,6,9,40,0,35.2901933,136.2528900,82.60, 0.12
15144,0.01,-0.17,9.60,1.00,-0.01,-0.00,0.00,-0.07,1.45,0.00,10.61,0.00,0,2,1001.27,41.68,109.71,1001.27,41.14,109.53,0.41,1000.61,38.05,114.50,1.00,1.33,93.08,310.43,7904,0.69,0.63,9.53,1.00,0.03,-0.04,0.00,4.25,-3.83,-0.11,6,9,40,0,35.2901933,136.2528900,82.60, 0.12
15201,0.08,-0.19,9.55,1.00,-0.01,-0.00,0.00,-0.07,1.45,0.00,10.62,0.00,0,2,1001.27,41.68,109.72,1001.27,41.12,109.48,0.41,1000.61,38.05,114.47,0.97,1.31,94.48,310.43,7903,0.61,0.64,9.53,1.00,0.03,-0.04,0.00,4.25,-3.83,-0.11,6,9,40,0,35.2901933,136.2528900,82.60, 0.12
15255,0.00,-0.23,9.57,1.00,-0.01,-0.00,0.00,-0.07,1.45,0.00,10.61,0.00,0,2,1001.27,41.68,109.71,1001.27,41.12,109.50,0.41,1000.61,38.04,114.46,1.12,1.40,95.27,310.43,7903,0.72,0.52,9.56,1.00,0.03,-0.04,0.00,4.25,-3.83,-0.11,6,9,40,0,35.2901933,136.2528900,82.60, 0.12
15307,-0.04,-0.17,9.59,1.00,-0.01,-0.00,0.00,-0.07,1.45,0.00,10.61,0.00,0,2,1001.27,41.69,109.74,1001.27,41.13,109.52,0.41,1000.60,38.04,114.51,1.50,1.63,95.80,310.43,7902,0.78,0.47,9.52,1.00,0.03,-0.04,0.00,4.25,-3.83,-0.11,6,9,40,0,35.2901933,136.2528900,82.60, 0.12
15363,0.01,-0.19,9.59,1.00,-0.01,-0.00,0.00,-0.07,1.45,0.00,10.62,0.00,0,2,1001.27,41.69,109.74,1001.27,41.13,109.51,0.41,1000.61,38.05,114.47,1.83,1.80,96.50,310.43,7902,0.68,0.90,9.68,1.00,0.03,-0.04,0.00,4.25,-3.83,-0.11,6,9,40,0,35.2901933,136.2528900,82.60, 0.12
15420,0.04,-0.20,9.49,1.00,-0.01,-0.00,0.00,-0.07,1.45,0.00,10.62,0.00,0,2,1001.27,41.69,109.74,1001.27,41.12,109.51,0.41,1000.61,38.04,114.50,1.57,1.66,96.86,310.43,7902,0.66,0.87,9.53,1.00,0.03,-0.04,0.00,4.25,-3.83,-0.11,6,9,40,0,35.2901933,136.2528900,82.60, 0.12
15475,0.01,-0.19,9.62,1.00,-0.01,-0.00,0.00,-0.07,1.45,0.00,10.62,0.00,0,2,1001.26,41.69,109.77,1001.27,41.14,109.51,0.41,1000.61,38.05,114.48,2.02,1.89,97.47,310.43,7901,0.82,0.69,9.62,1.00,0.03,-0.04,0.00,4.25,-3.83,-0.11,6,9,40,0,35.2901933,136.2528900,82.60, 0.12
15532,-0.01,-0.16,9.55,1.00,-0.01,-0.00,0.00,-0.07,1.45,0.00,10.62,0.00,0,2,1001.27,41.70,109.69,1001.27,41.12,109.52,0.41,1000.61,38.05,114.49,2.18,1.96,97.47,310.43,7903,0.78,0.76,9.55,1.00,0.03,-0.04,0.00,4.25,-3.83,-0.11,6,9,41,0,35.2901917,136.2528883,82.60, 0.12
15583,0.00,-0.21,9.54,1.00,-0.01,-0.00,0.00,-0.07,1.45,0.00,10.61,0.00,0,2,1001.27,41.70,109.73,1001.27,41.12,109.55,0.41,1000.61,38.05,114.49,1.30,1.51,97.12,310.43,7902,0.80,0.58,9.52,1.00,0.03,-0.04,0.00,4.25,-3.83,-0.11,6,9,41,0,35.2901917,136.2528883,82.60, 0.12
15641,0.01,-0.19,9.57,1.00,-0.01,-0.00,0.00,-0.07,1.45,0.00,10.62,0.00,0,2,1001.28,41.70,109.67,1001.27,41.13,109.48,0.41,1000.61,38.04,114.49,1.85,1.81,98.00,310.43,7903,0.79,0.56,9.56,1.00,0.03,-0.04,0.00,4.25,-3.83,-0.11,6,9,41,0,35.2901917,136.2528883,82.60, 0.12
15693,0.03,-0.20,9.55,1.00,-0.01,-0.00,0.00,-0.07,1.45,0.00,10.62,0.00,0,2,1001.27,41.69,109.72,1001.27,41.12,109.52,0.41,1000.61,38.05,114.49,1.62,1.69,98.17,310.43,7902,0.76,0.60,9.54,1.00,0.03,-0.04,0.00,4.25,-3.83,-0.11,6,9,41,0,35.2901917,136.2528883,82.60, 0.12
15750,0.01,-0.19,9.55,1.00,-0.01,-0.00,0.00,-0.07,1.45,0.00,10.61,0.00,0,2,1001.27,41.70,109.72,1001.27,41.12,109.53,0.41,1000.61,38.05,114.47,1.25,1.49,97.65,310.43,7903,0.79,0.80,9.55,1.00,0.03,-0.04,0.00,4.25,-3.83,-0.11,6,9,41,0,35.2901917,136.2528883,82.60, 0.12
15803,-0.01,-0.21,9.57,1.00,-0.01,-0.00,0.00,-0.07,1.45,0.00,10.61,0.00,0,2,1001.27,41.69,109.75,1001.28,41.14,109.46,0.41,1000.61,38.05,114.48,1.33,1.53,98.09,310.43,7903,0.84,0.67,9.58,1.00,0.03,-0.04,0.00,4.25,-3.83,-0.11,6,9,41,0,35.2901917,136.2528883,82.60, 0.12
15858,-0.01,-0.20,9.53,1.00,-0.01,-0.00,0.00,-0.07,1.45,0.00,10.59,0.00,0,2,1001.27,41.72,109.74,1001.27,41.14,109.48,0.41,1000.61,38.04,114.47,1.40,1.57,98.79,310.43,7902,0.79,0.58,9.47,1.00,0.03,-0.04,0.00,4.25,-3.83,-0.11,6,9,41,0,35.2901917,136.2528883,82.60, 0.12
15913,0.01,-0.20,9.63,1.00,-0.01,-0.00,0.00,-0.07,1.45,0.00,10.59,0.00,0,2,1001.27,41.72,109.68,1001.27,41.13,109.51,0.41,1000.61,38.06,114.46,1.43,1.59,98.70,310.43,7903,0.71,0.56,9.56,1.00,0.03,-0.04,0.00,4.25,-3.83,-0.11,6,9,41,0,35.2901917,136.2528883,82.60, 0.12
15969,0.02,-0.17,9.54,1.00,-0.01,-0.00,0.00,-0.07,1.45,0.00,10.58,0.00,0,2,1001.27,41.71,109.71,1001.27,41.13,109.47,0.41,1000.61,38.07,114.46,1.27,1.50,97.82,310.34,7903,0.66,0.89,9.57,1.00,0.03,-0.04,0.00,4.25,-3.83,-0.11,6,9,41,0,35.2901917,136.2528883,82.60, 0.12
16023,0.05,-0.19,9.60,1.00,-0.01,-0.00,0.00,-0.07,1.45,0.00,10.59,0.00,0,2,1001.27,41.72,109.68,1001.27,41.13,109.48,0.41,1000.61,38.05,114.47,1.38,1.56,97.29,310.08,7902,0.75,0.90,9.63,1.00,0.03,-0.04,0.00,4.25,-3.83,-0.11,6,9,41,0,35.2901917,136.2528883,82.60, 0.12
16080,0.02,-0.20,9.54,1.00,-0.01,-0.00,0.00,-0.07,1.45,0.00,10.59,0.00,0,2,1001.27,41.72,109.72,1001.27,41.12,109.50,0.41,1000.61,38.05,114.47,1.30,1.51,96.50,309.64,7903,0.79,0.87,9.61,1.00,0.03,-0.04,0.00,4.25,-3.83,-0.11,6,9,41,0,35.2901917,136.2528883,82.60, 0.12
16132,0.05,-0.21,9.51,1.00,-0.01,-0.00,0.00,-0.07,1.45,0.00,10.60,0.00,0,2,1001.27,41.72,109.72,1001.27,41.13,109.50,0.41,1000.61,38.04,114.44,1.63,1.70,96.24,309.64,7902,0.67,0.95,9.59,1.00,0.03,-0.04,0.00,4.25,-3.84,-0.11,6,9,41,0,35.2901917,136.2528883,82.60, 0.12
16184,0.06,-0.20,9.57,1.00,-0.01,-0.00,0.00,-0.07,1.45,0.00,10.60,0.00,0,2,1001.27,41.73,109.73,1001.27,41.13,109.51,0.41,1000.60,38.06,114.51,1.47,1.61,96.77,309.46,7902,0.81,0.45,9.47,1.00,0.03,-0.04,0.00,4.25,-3.84,-0.11,6,9,41,0,35.2901917,136.2528883,82.60, 0.12
16241,0.01,-0.13,9.53,1.00,-0.01,-0.00,0.00,-0.07,1.45,0.00,10.59,0.00,0,2,1001.27,41.71,109.71,1001.27,41.13,109.50,0.41,1000.61,38.05,114.45,1.60,1.68,96.59,309.46,7902,0.82,0.42,9.50,1.00,0.03,-0.04,0.00,4.24,-3.85,-0.11,6,9,41,0,35.2901917,136.2528883,82.60, 0.12
16297,0.00,-0.19,9.53,1.00,-0.01,-0.00,0.00,-0.07,1.45,0.00,10.59,0.00,0,2,1001.27,41.73,109.71,1001.27,41.14,109.49,0.41,1000.61,38.06,114.44,1.65,1.71,96.59,309.46,7903,0.77,0.64,9.50,1.00,0.03,-0.04,0.00,4.25,-3.85,-0.11,6,9,41,0,35.2901917,136.2528883,82.60, 0.12
16351,0.01,-0.19,9.58,1.00,-0.01,-0.00,0.00,-0.07,1.45,0.00,10.59,0.00,0,2,1001.27,41.71,109.72,1001.27,41.13,109.50,0.41,1000.61,38.07,114.44,1.87,1.82,96.50,309.46,7903,0.61,0.58,9.51,1.00,0.03,-0.04,0.00,4.25,-3.85,-0.11,6,9,41,0,35.2901917,136.2528883,82.60, 0.05
16404,0.06,-0.19,9.57,1.00,-0.01,-0.00,0.00,-0.07,1.45,0.00,10.59,0.00,0,2,1001.27,41.72,109.71,1001.27,41.14,109.51,0.41,1000.62,38.05,114.42,2.05,1.90,96.24,309.46,7903,0.78,0.78,9.59,1.00,0.03,-0.04,0.00,4.25,-3.85,-0.11,6,9,41,0,35.2901917,136.2528883,82.60, 0.05
16461,0.02,-0.19,9.54,1.00,-0.01,-0.00,0.00,-0.07,1.45,0.00,10.60,0.00,0,2,1001.27,41.71,109.71,1001.27,41.13,109.49,0.41,1000.61,38.06,114.44,2.60,2.14,94.75,309.55,7902,0.72,0.67,9.51,1.00,0.03,-0.04,0.00,4.25,-3.86,-0.11,6,9,41,0,35.2901917,136.2528883,82.60, 0.05
16518,0.00,-0.18,9.59,1.00,-0.01,-0.00,0.00,-0.07,1.45,0.00,10.59,0.00,0,2,1001.27,41.72,109.72,1001.27,41.14,109.51,0.41,1000.61,38.05,114.50,1.80,1.78,91.41,309.55,7903,0.61,0.60,9.57,1.00,0.03,-0.04,0.00,4.25,-3.86,-0.11,6,9,42,0,35.2901933,136.2528867,82.60, 0.05
16570,-0.03,-0.23,9.56,1.00,-0.01,-0.00,0.00,-0.07,1.45,0.00,10.60,0.00,0,2,1001.27,41.73,109.74,1001.27,41.12,109.52,0.41,1000.61,38.05,114.50,1.73,1.75,90.00,309.55,7902,0.75,0.75,9.57,1.00,0.03,-0.04,0.00,4.25,-3.87,-0.11,6,9,42,0,35.2901933,136.2528867,82.60, 0.05
16627,0.01,-0.22,9.57,1.00,-0.01,-0.00,0.00,-0.07,1.45,0.00,10.60,0.00,0,2,1001.27,41.73,109.69,1001.27,41.13,109.48,0.41,1000.61,38.05,114.47,1.62,1.69,90.70,309.55,7902,0.73,0.55,9.53,1.00,0.03,-0.04,0.00,4.25,-3.88,-0.11,6,9,42,0,35.2901933,136.2528867,82.60, 0.05
16680,0.01,-0.19,9.57,1.00,-0.01,-0.00,0.00,-0.07,1.45,0.00,10.60,0.00,0,2,1001.27,41.73,109.69,1001.27,41.13,109.51,0.41,1000.61,38.05,114.45,1.00,1.33,92.29,309.55,7902,0.64,0.76,9.61,1.00,0.03,-0.04,0.00,4.25,-3.88,-0.11,6,9,42,0,35.2901933,136.2528867,82.60, 0.05
16738,0.00,-0.21,9.55,1.00,-0.01,-0.00,0.00,-0.07,1.45,0.00,10.59,0.00,0,2,1001.27,41.74,109.70,1001.27,41.13,109.49,0.40,1000.61,38.05,114.43,1.03,1.35,92.29,309.55,7903,0.73,0.68,9.54,1.00,0.03,-0.04,0.00,4.25,-3.88,-0.11,6,9,42,0,35.2901933,136.2528867,82.60, 0.05
16791,0.03,-0.23,9.60,1.00,-0.01,-0.00,0.00,-0.07,1.45,0.00,10.58,0.00,0,2,1001.28,41.73,109.67,1001.27,41.13,109.50,0.41,1000.61,38.04,114.46,2.42,2.07,91.41,309.73,7902,0.64,0.79,9.62,1.00,0.03,-0.04,0.00,4.25,-3.88,-0.11,6,9,42,0,35.2901933,136.2528867,82.60, 0.05
16842,0.00,-0.19,9.55,1.00,-0.01,-0.00,0.00,-0.07,1.45,0.00,10.59,0.00,0,2,1001.27,41.73,109.71,1001.27,41.13,109.48,0.41,1000.61,38.05,114.46,2.10,1.93,92.81,311.75,7903,0.61,0.50,9.52,1.00,0.03,-0.04,0.00,4.25,-3.88,-0.11,6,9,42,0,35.2901933,136.2528867,82.60, 0.05
16899,0.01,-0.23,9.52,1.00,-0.01,-0.00,0.00,-0.07,1.45,0.00,10.59,0.00,0,2,1001.28,41.75,109.68,1001.27,41.14,109.49,0.41,1000.60,38.05,114.52,1.15,1.42,94.83,313.24,7903,0.59,0.63,9.47,1.00,0.03,-0.04,0.00,4.25,-3.89,-0.11,6,9,42,0,35.2901933,136.2528867,82.60, 0.05
16953,0.01,-0.17,9.61,1.00,-0.01,-0.00,0.00,-0.07,1.45,0.00,10.61,0.00,0,2,1001.27,41.73,109.74,1001.27,41.14,109.48,0.41,1000.61,38.05,114.49,1.32,1.52,96.06,313.15,7902,0.72,0.50,9.49,1.00,0.03,-0.04,0.00,4.25,-3.90,-0.11,6,9,42,0,35.2901933,136.2528867,82.60, 0.05
17011,0.00,-0.19,9.60,1.00,-0.01,-0.00,0.00,-0.07,1.45,0.00,10.60,0.00,0,2,1001.27,41.75,109.71,1001.27,41.14,109.49,0.41,1000.61,38.06,114.48,1.13,1.41,95.80,313.15,7902,0.81,0.52,9.54,1.00,0.03,-0.04,0.00,4.26,-3.89,-0.11,6,9,42,0,35.2901933,136.2528867,82.60, 0.05
17065,0.04,-0.20,9.55,1.00,-0.01,-0.00,0.00,-0.07,1.45,0.00,10.60,0.00,0,2,1001.27,41.75,109.71,1001.27,41.14,109.49,0.41,1000.62,38.07,114.42,1.70,1.73,95.62,312.54,7902,0.82,0.70,9.49,1.00,0.03,-0.04,0.00,4.25,-3.90,-0.11,6,9,42,0,35.2901933,136.2528867,82.60, 0.05
17119,0.00,-0.22,9.58,1.00,-0.01,-0.00,0.00,-0.07,1.45,0.00,10.59,0.00,0,2,1001.28,41.77,109.68,1001.27,41.14,109.51,0.41,1000.61,38.05,114.47,2.00,1.88,96.77,312.54,7902,0.70,0.71,9.61,1.00,0.03,-0.04,0.00,4.25,-3.90,-0.11,6,9,42,0,35.2901933,136.2528867,82.60, 0.05
17176,0.00,-0.22,9.56,1.00,-0.01,-0.00,0.00,-0.07,1.45,0.00,10.60,0.00,0,2,1001.27,41.76,109.75,1001.27,41.13,109.54,0.41,1000.61,38.05,114.47,2.27,2.00,97.03,312.28,7902,0.77,0.76,9.56,1.00,0.03,-0.04,0.00,4.25,-3.90,-0.11,6,9,42,0,35.2901933,136.2528867,82.60, 0.05
17229,0.00,-0.21,9.55,1.00,-0.01,-0.00,0.00,-0.07,1.45,0.00,10.61,0.00,0,2,1001.27,41.76,109.73,1001.27,41.13,109.51,0.41,1000.61,38.05,114.47,2.35,2.04,96.86,311.13,7903,0.64,0.66,9.52,1.00,0.03,-0.04,0.00,4.25,-3.90,-0.11,6,9,42,0,35.2901933,136.2528867,82.60, 0.05
17287,0.04,-0.14,9.54,1.00,-0.01,-0.00,0.00,-0.07,1.45,0.00,10.62,0.00,0,2,1001.27,41.76,109.76,1001.27,41.15,109.52,0.41,1000.61,38.05,114.51,2.33,2.03,95.71,310.87,7902,0.63,0.65,9.55,1.00,0.03,-0.04,0.00,4.25,-3.90,-0.11,6,9,42,0,35.2901933,136.2528867,82.60, 0.05
17338,0.03,-0.23,9.57,1.00,-0.01,-0.00,0.00,-0.07,1.45,0.00,10.61,0.00,0,2,1001.27,41.75,109.70,1001.27,41.14,109.51,0.41,1000.61,38.06,114.49,2.35,2.04,94.75,310.78,7903,0.79,0.68,9.60,1.00,0.03,-0.04,0.00,4.25,-3.90,-0.11,6,9,42,0,35.2901933,136.2528867,82.60, 0.02
17396,0.00,-0.22,9.58,1.00,-0.01,-0.00,0.00,-0.07,1.45,0.00,10.61,0.00,0,2,1001.27,41.75,109.75,1001.27,41.13,109.49,0.41,1000.61,38.05,114.51,2.38,2.05,94.39,310.78,7903,0.77,0.73,9.60,1.00,0.03,-0.04,0.00,4.25,-3.90,-0.11,6,9,42,0,35.2901933,136.2528867,82.60, 0.02
17448,0.00,-0.21,9.53,1.00,-0.01,-0.00,0.00,-0.07,1.45,0.00,10.61,0.00,0,2,1001.27,41.76,109.76,1001.27,41.13,109.51,0.41,1000.60,38.04,114.56,2.32,2.02,93.25,310.69,7904,0.74,0.67,9.53,1.00,0.03,-0.04,0.00,4.25,-3.90,-0.11,6,9,42,0,35.2901933,136.2528867,82.60, 0.02
17504,-0.01,-0.20,9.60,1.00,-0.01,-0.00,0.00,-0.07,1.45,0.00,10.63,0.00,0,2,1001.27,41.77,109.75,1001.27,41.14,109.48,0.41,1000.61,38.05,114.47,2.28,2.01,92.99,309.90,7901,0.78,0.61,9.55,1.00,0.03,-0.04,0.00,4.25,-3.90,-0.11,6,9,42,0,35.2901933,136.2528867,82.60, 0.02
17560,0.04,-0.18,9.60,1.00,-0.01,-0.00,0.00,-0.07,1.45,0.00,10.64,0.00,0,2,1001.27,41.77,109.77,1001.27,41.12,109.53,0.41,1000.61,38.06,114.48,1.98,1.87,93.16,309.81,7903,0.67,0.70,9.58,1.00,0.03,-0.04,0.00,4.25,-3.90,-0.11,6,9,42,0,35.2901933,136.2528867,82.60, 0.02
17617,0.02,-0.16,9.57,1.00,-0.01,-0.00,0.00,-0.07,1.45,0.00,10.61,0.00,0,2,1001.27,41.77,109.77,1001.27,41.14,109.51,0.41,1000.61,38.05,114.47,1.93,1.85,93.16,309.81,7902,0.71,0.59,9.52,1.00,0.03,-0.04,0.00,4.25,-3.90,-0.11,6,9,42,0,35.2901933,136.2528867,82.60, 0.02
17668,0.02,-0.23,9.61,1.00,-0.01,-0.00,0.00,-0.07,1.45,0.00,10.61,0.00,0,2,1001.27,41.77,109.77,1001.27,41.14,109.51,0.41,1000.61,38.06,114.48,2.38,2.05,93.25,309.73,7903,0.76,0.78,9.55,1.00,0.03,-0.04,0.00,4.25,-3.90,-0.11,6,9,42,0,35.2901933,136.2528867,82.60, 0.02
17726,0.00,-0.21,9.56,1.00,-0.01,-0.00,0.00,-0.07,1.45,0.00,10.62,0.00,0,2,1001.27,41.77,109.76,1001.27,41.14,109.51,0.41,1000.60,38.04,114.53,2.43,2.07,92.90,309.81,7902,0.77,0.79,9.53,1.00,0.03,-0.04,0.00,4.25,-3.90,-0.11,6,9,42,0,35.2901933,136.2528867,82.60, 0.02
17778,0.02,-0.19,9.57,1.00,-0.01,-0.00,0.00,-0.07,1.45,0.00,10.63,0.00,0,2,1001.27,41.77,109.78,1001.27,41.15,109.50,0.41,1000.60,38.05,114.54,2.52,2.11,92.81,309.81,7902,0.69,0.72,9.56,1.00,0.03,-0.04,0.00,4.25,-3.90,-0.11,6,9,42,0,35.2901933,136.2528867,82.60, 0.02
17832,0.02,-0.24,9.56,1.00,-0.01,-0.00,0.00,-0.07,1.45,0.00,10.63,0.00,0,2,1001.27,41.77,109.73,1001.27,41.14,109.51,0.41,1000.60,38.06,114.55,2.65,2.16,92.46,309.99,7903,0.71,0.75,9.60,1.00,0.03,-0.04,0.00,4.25,-3.90,-0.11,6,9,42,0,35.2901933,136.2528867,82.60, 0.02
17887,0.01,-0.21,9.57,1.00,-0.01,-0.00,0.00,-0.07,1.45,0.00,10.62,0.00,0,2,1001.27,41.79,109.72,1001.27,41.13,109.55,0.41,1000.60,38.05,114.54,2.27,2.00,91.85,310.08,7902,0.76,0.60,9.54,1.00,0.03,-0.04,0.00,4.25,-3.90,-0.11,6,9,42,0,35.2901933,136.2528867,82.60, 0.02
17945,-0.02,-0.17,9.61,1.00,-0.01,-0.00,0.00,-0.07,1.45,0.00,10.61,0.00,0,2,1001.27,41.79,109.72,1001.27,41.14,109.53,0.41,1000.60,38.05,114.54,2.13,1.94,91.32,309.90,7902,0.79,0.66,9.57,1.00,0.03,-0.04,0.00,4.25,-3.90,-0.11,6,9,42,0,35.2901933,136.2528867,82.60, 0.02
17998,0.01,-0.17,9.59,1.00,-0.01,-0.00,0.00,-0.07,1.45,0.00,10.62,0.00,0,2,1001.27,41.79,109.75,1001.27,41.13,109.55,0.41,1000.60,38.05,114.52,2.07,1.91,91.32,309.90,7903,0.68,0.63,9.56,1.00,0.03,-0.04,0.00,4.25,-3.90,-0.11,6,9,42,0,35.2901933,136.2528867,82.60, 0.02
18052,0.01,-0.23,9.56,1.00,-0.01,-0.00,0.00,-0.07,1.45,0.00,10.61,0.00,0,2,1001.27,41.77,109.76,1001.27,41.13,109.53,0.41,1000.61,38.05,114.43,1.95,1.86,91.14,309.90,7903,0.69,0.75,9.57,1.00,0.03,-0.04,0.00,4.25,-3.90,-0.11,6,9,42,0,35.2901933,136.2528867,82.60, 0.02
18107,0.02,-0.19,9.56,1.00,-0.01,-0.00,0.00,-0.07,1.45,0.00,10.61,0.00,0,2,1001.27,41.79,109.73,1001.27,41.13,109.51,0.41,1000.61,38.05,114.49,2.15,1.95,91.23,309.73,7903,0.75,0.56,9.52,1.00,0.03,-0.04,0.00,4.25,-3.90,-0.11,6,9,42,0,35.2901933,136.2528867,82.60, 0.02
18165,0.00,-0.19,9.53,1.00,-0.01,-0.00,0.00,-0.07,1.45,0.00,10.60,0.00,0,2,1001.27,41.79,109.72,1001.27,41.14,109.51,0.41,1000.61,38.06,114.50,2.58,2.14,91.23,309.73,7902,0.75,0.59,9.50,1.00,0.03,-0.04,0.00,4.25,-3.90,-0.11,6,9,42,0,35.2901933,136.2528867,82.60, 0.02
18218,0.03,-0.20,9.56,1.00,-0.01,-0.00,0.00,-0.07,1.45,0.00,10.60,0.00,0,2,1001.27,41.79,109.75,1001.27,41.14,109.54,0.40,1000.61,38.06,114.46,2.65,2.16,91.32,309.73,7903,0.71,0.61,9.50,1.00,0.03,-0.04,0.00,4.25,-3.90,-0.11,6,9,42,0,35.2901933,136.2528867,82.60, 0.02
18275,0.01,-0.16,9.57,1.00,-0.01,-0.00,0.00,-0.07,1.45,0.00,10.60,0.00,0,2,1001.27,41.80,109.71,1001.28,41.14,109.47,0.41,1000.61,38.07,114.46,2.00,1.88,91.05,309.73,7902,0.73,0.57,9.54,1.00,0.03,-0.04,0.00,4.25,-3.90,-0.11,6,9,42,0,35.2901933,136.2528867,82.60, 0.02
18328,-0.02,-0.23,9.58,1.00,-0.01,-0.00,0.00,-0.07,1.45,0.00,10.60,0.00,0,2,1001.27,41.79,109.77,1001.27,41.15,109.54,0.41,1000.61,38.07,114.51,1.45,1.60,90.88,309.73,7903,0.76,0.68,9.57,1.00,0.03,-0.04,0.00,4.25,-3.90,-0.11,6,9,42,0,35.2901933,136.2528867,82.60, 0.02
18384,-0.02,-0.21,9.53,1.00,-0.01,-0.00,0.00,-0.07,1.45,0.00,10.60,0.00,0,2,1001.27,41.79,109.75,1001.27,41.14,109.53,0.41,1000.60,38.05,114.54,1.47,1.61,89.47,309.73,7903,0.75,0.70,9.55,1.00,0.03,-0.04,0.00,4.25,-3.90,-0.11,6,9,43,0,35.2901950,136.2528900,82.60, 0.05
18436,0.02,-0.23,9.58,1.00,-0.01,-0.00,0.00,-0.07,1.45,0.00,10.61,0.00,0,2,1001.27,41.79,109.75,1001.27,41.15,109.55,0.41,1000.61,38.06,114.50,1.90,1.83,87.98,309.73,7902,0.68,0.69,9.57,1.00,0.03,-0.04,0.00,4.25,-3.90,-0.11,6,9,43,0,35.2901950,136.2528900,82.60, 0.05
18495,0.02,-0.17,9.55,1.00,-0.01,-0.00,0.00,-0.07,1.45,0.00,10.61,0.00,0,2,1001.27,41.79,109.74,1001.27,41.14,109.49,0.41,1000.61,38.06,114.49,1.25,1.49,87.36,309.73,7903,0.76,0.62,9.58,1.00,0.03,-0.04,0.00,4.25,-3.90,-0.11,6,9,43,0,35.2901950,136.2528900,82.60, 0.05
18548,0.00,-0.17,9.57,1.00,-0.01,-0.00,0.00,-0.07,1.45,0.00,10.61,0.00,0,2,1001.27,41.81,109.76,1001.27,41.14,109.51,0.41,1000.61,38.05,114.47,1.22,1.47,85.34,309.73,7903,0.68,0.61,9.52,1.00,0.03,-0.04,0.00,4.25,-3.90,-0.11,6,9,43,0,35.2901950,136.2528900,82.60, 0.05
18600,0.06,-0.28,9.52,1.00,-0.01,-0.00,0.00,-0.07,1.45,0.00,10.60,0.00,0,2,1001.27,41.81,109.73,1001.27,41.14,109.51,0.41,1000.61,38.05,114.50,1.10,1.39,81.74,309.73,7903,0.74,0.56,9.50,1.00,0.03,-0.04,0.00,4.25,-3.90,-0.11,6,9,43,0,35.2901950,136.2528900,82.60, 0.05
18656,-0.04,-0.19,9.54,1.00,-0.01,-0.00,0.00,-0.07,1.45,0.00,10.59,0.00,0,2,1001.27,41.77,109.73,1001.27,41.13,109.55,0.41,1000.61,38.05,114.49,1.67,1.72,80.60,309.73,7902,0.79,0.67,9.57,1.00,0.03,-0.04,0.00,4.25,-3.90,-0.11,6,9,43,0,35.2901950,136.2528900,82.60, 0.05
18708,0.00,-0.17,9.56,1.00,-0.01,-0.00,0.00,-0.07,1.45,0.00,10.60,0.00,0,2,1001.27,41.78,109.77,1001.27,41.14,109.51,0.41,1000.61,38.04,114.49,1.40,1.57,81.47,309.73,7902,0.68,0.60,9.55,1.00,0.03,-0.04,0.00,4.25,-3.90,-0.11,6,9,43,0,35.2901950,136.2528900,82.60, 0.05
18765,0.03,-0.18,9.57,1.00,-0.01,-0.00,0.00,-0.07,1.45,0.00,10.59,0.00,0,2,1001.27,41.79,109.73,1001.27,41.13,109.51,0.41,1000.61,38.05,114.45,1.47,1.61,82.27,309.73,7903,0.68,0.59,9.56,1.00,0.03,-0.04,0.00,4.25,-3.90,-0.11,6,9,43,0,35.2901950,136.2528900,82.60, 0.05
18817,0.01,-0.19,9.52,1.00,-0.01,-0.00,0.00,-0.07,1.45,0.00,10.59,0.00,0,2,1001.27,41.80,109.76,1001.27,41.14,109.51,0.41,1000.61,38.05,114.47,1.72,1.74,82.62,309.73,7902,0.67,0.53,9.49,1.00,0.03,-0.04,0.00,4.25,-3.90,-0.11,6,9,43,0,35.2901950,136.2528900,82.60, 0.05
18874,0.03,-0.23,9.58,1.00,-0.01,-0.00,0.00,-0.07,1.45,0.00,10.60,0.00,0,2,1001.27,41.80,109.78,1001.27,41.13,109.51,0.41,1000.61,38.06,114.49,1.37,1.55,83.23,309.73,7901,0.73,0.60,9.53,1.00,0.03,-0.04,0.00,4.25,-3.90,-0.11,6,9,43,0,35.2901950,136.2528900,82.60, 0.05
18925,0.00,-0.22,9.52,1.00,-0.01,-0.00,0.00,-0.07,1.45,0.00,10.59,0.00,0,2,1001.27,41.81,109.75,1001.27,41.14,109.49,0.41,1000.61,38.06,114.51,0.93,1.28,85.34,309.73,7902,0.66,0.77,9.55,1.00,0.03,-0.04,0.00,4.25,-3.90,-0.11,6,9,43,0,35.2901950,136.2528900,82.60, 0.05
18980,-0.01,-0.17,9.59,1.00,-0.01,-0.00,0.00,-0.07,1.45,0.00,10.60,0.00,0,2,1001.27,41.80,109.78,1001.27,41.14,109.51,0.41,1000.61,38.05,114.43,1.65,1.71,86.31,309.73,7903,0.75,0.71,9.60,1.00,0.03,-0.04,0.00,4.25,-3.90,-0.11,6,9,43,0,35.2901950,136.2528900,82.60, 0.05
19036,0.00,-0.23,9.55,1.00,-0.01,-0.00,0.00,-0.07,1.45,0.00,10.60,0.00,0,2,1001.27,41.81,109.76,1001.27,41.14,109.54,0.41,1000.61,38.06,114.44,1.62,1.69,86.04,309.73,7903,0.74,0.78,9.57,1.00,0.03,-0.04,0.00,4.25,-3.90,-0.11,6,9,43,0,35.2901950,136.2528900,82.60, 0.05
19092,0.03,-0.22,9.54,1.00,-0.01,-0.00,0.00,-0.07,1.45,0.00,10.61,0.00,0,2,1001.27,41.80,109.76,1001.27,41.12,109.53,0.41,1000.61,38.05,114.47,0.93,1.28,86.48,309.73,7903,0.72,0.79,9.56,1.00,0.03,-0.04,0.00,4.25,-3.90,-0.11,6,9,43,0,35.2901950,136.2528900,82.60, 0.05
19145,0.01,-0.23,9.59,1.00,-0.01,-0.00,0.00,-0.07,1.45,0.00,10.61,0.00,0,2,1001.27,41.81,109.75,1001.27,41.14,109.50,0.41,1000.61,38.06,114.46,0.93,1.28,86.40,309.81,7902,0.71,0.53,9.53,1.00,0.03,-0.04,0.00,4.25,-3.90,-0.11,6,9,43,0,35.2901950,136.2528900,82.60, 0.05
19200,0.00,-0.21,9.57,1.00,-0.01,-0.00,0.00,-0.07,1.45,0.00,10.60,0.00,0,2,1001.27,41.81,109.74,1001.27,41.14,109.48,0.41,1000.61,38.05,114.48,1.55,1.65,85.34,309.81,7902,0.72,0.61,9.53,1.00,0.03,-0.04,0.00,4.25,-3.90,-0.11,6,9,43,0,35.2901950,136.2528900,82.60, 0.05
19255,0.02,-0.22,9.58,1.00,-0.01,-0.00,0.00,-0.07,1.45,0.00,10.59,0.00,0,2,1001.27,41.81,109.74,1001.27,41.14,109.49,0.41,1000.61,38.07,114.51,0.88,1.25,83.76,309.64,7903,0.77,0.69,9.52,1.00,0.03,-0.04,0.00,4.25,-3.90,-0.11,6,9,43,0,35.2901950,136.2528900,82.60, 0.05
19313,0.01,-0.15,9.61,1.00,-0.01,-0.00,0.00,-0.07,1.45,0.00,10.60,0.00,0,2,1001.27,41.80,109.75,1001.27,41.14,109.55,0.41,1000.61,38.05,114.50,1.13,1.41,83.67,309.64,7903,0.76,0.66,9.59,1.00,0.03,-0.04,0.00,4.25,-3.90,-0.11,6,9,43,0,35.2901950,136.2528900,82.60, 0.05
19365,0.00,-0.24,9.56,1.00,-0.01,-0.00,0.00,-0.07,1.45,0.00,10.61,0.00,0,2,1001.27,41.81,109.74,1001.27,41.13,109.55,0.41,1000.60,38.06,114.53,1.20,1.46,83.41,309.64,7902,0.74,0.70,9.56,1.00,0.03,-0.04,0.00,4.25,-3.90,-0.11,6,9,43,0,35.2901950,136.2528900,82.60, 0.05
19422,0.02,-0.21,9.54,1.00,-0.01,-0.00,0.00,-0.07,1.45,0.00,10.62,0.00,0,2,1001.27,41.82,109.71,1001.27,41.14,109.51,0.41,1000.61,38.06,114.43,1.58,1.67,83.41,309.64,7902,0.73,0.63,9.55,1.00,0.03,-0.04,0.00,4.25,-3.90,-0.11,6,9,44,0,35.2901950,136.2528917,82.60, 0.05
19475,-0.09,-0.18,9.56,1.00,-0.01,-0.00,0.00,-0.07,1.45,0.00,10.61,0.00,0,2,1001.27,41.82,109.73,1001.27,41.15,109.54,0.41,1000.61,38.05,114.49,1.73,1.75,83.41,309.64,7902,0.55,0.61,9.55,1.00,0.03,-0.04,0.00,4.25,-3.90,-0.11,6,9,44,0,35.2901950,136.2528917,82.60, 0.05
19533,0.04,-0.25,9.52,1.00,-0.01,-0.00,0.00,-0.07,1.45,0.00,10.59,0.00,0,2,1001.27,41.82,109.71,1001.27,41.15,109.54,0.41,1000.61,38.06,114.46,1.50,1.63,83.50,309.64,7903,0.58,0.70,9.58,1.00,0.03,-0.04,0.00,4.25,-3.90,-0.11,6,9,44,0,35.2901950,136.2528917,82.60, 0.05
19584,0.04,-0.18,9.55,1.00,-0.01,-0.00,0.00,-0.07,1.45,0.00,10.60,0.00,0,2,1001.27,41.81,109.75,1001.27,41.16,109.52,0.41,1000.61,38.05,114.45,1.70,1.73,83.41,309.64,7903,0.74,0.65,9.54,1.00,0.03,-0.04,0.00,4.25,-3.90,-0.11,6,9,45,0,35.2901983,136.2528950,82.60, 0.05
19642,-0.03,-0.22,9.58,1.00,-0.01,-0.00,0.00,-0.07,1.45,0.00,10.61,0.00,0,2,1001.27,41.82,109.80,1001.27,41.15,109.53,0.41,1000.61,38.06,114.46,2.12,1.93,83.41,309.64,7902,0.67,0.62,9.53,1.00,0.03,-0.04,0.00,4.25,-3.90,-0.11,6,9,45,0,35.2901983,136.2528950,82.60, 0.05
19694,0.00,-0.21,9.61,1.00,-0.01,-0.00,0.00,-0.07,1.45,0.00,10.61,0.00,0,2,1001.27,41.80,109.79,1001.27,41.14,109.54,0.41,1000.61,38.05,114.49,1.72,1.74,83.41,309.64,7903,0.79,0.65,9.53,1.00,0.03,-0.04,0.00,4.25,-3.90,-0.11,6,9,45,0,35.2901983,136.2528950,82.60, 0.05
19750,0.04,-0.19,9.59,1.00,-0.01,-0.00,0.00,-0.07,1.45,0.00,10.61,0.00,0,2,1001.27,41.80,109.76,1001.27,41.15,109.53,0.41,1000.61,38.07,114.46,2.27,2.00,83.76,309.64,7903,0.77,0.58,9.55,1.00,0.03,-0.04,0.00,4.25,-3.90,-0.11,6,9,45,0,35.2901983,136.2528950,82.60, 0.05
19805,0.02,-0.20,9.60,1.00,-0.01,-0.00,0.00,-0.07,1.45,0.00,10.61,0.00,0,2,1001.27,41.80,109.78,1001.27,41.14,109.54,0.41,1000.61,38.07,114.49,2.03,1.89,84.20,309.64,7902,0.72,0.72,9.56,1.00,0.03,-0.04,0.00,4.25,-3.90,-0.11,6,9,45,0,35.2901983,136.2528950,82.60, 0.05
19861,0.01,-0.18,9.57,1.00,-0.01,-0.00,0.00,-0.07,1.45,0.00,10.61,0.00,0,2,1001.27,41.81,109.77,1001.27,41.15,109.50,0.41,1000.60,38.06,114.52,1.75,1.76,84.20,309.64,7902,0.75,0.76,9.58,1.00,0.03,-0.04,0.00,4.25,-3.90,-0.11,6,9,45,0,35.2901983,136.2528950,82.60, 0.05
19914,0.02,-0.20,9.61,1.00,-0.01,-0.00,0.00,-0.07,1.45,0.00,10.62,0.00,0,2,1001.27,41.81,109.77,1001.27,41.15,109.54,0.41,1000.60,38.05,114.52,1.97,1.86,84.46,309.64,7902,0.73,0.66,9.55,1.00,0.03,-0.04,0.00,4.25,-3.90,-0.11,6,9,45,0,35.2901983,136.2528950,82.60, 0.05
19972,0.15,-0.18,9.58,1.00,-0.01,-0.00,0.00,-0.07,1.45,0.00,10.61,0.00,0,2,1001.27,41.82,109.76,1001.27,41.14,109.53,0.40,1000.61,38.05,114.50,1.97,1.86,84.64,309.64,7902,0.64,0.67,9.56,1.00,0.03,-0.04,0.00,4.25,-3.90,-0.11,6,9,45,0,35.2901983,136.2528950,82.60, 0.05
20025,0.03,-0.19,9.62,1.00,-0.01,-0.00,0.00,-0.07,1.45,0.00,10.61,0.00,0,2,1001.27,41.82,109.77,1001.27,41.16,109.53,0.41,1000.60,38.04,114.51,1.90,1.83,85.08,309.55,7902,0.84,0.79,9.55,1.00,0.03,-0.04,0.00,4.25,-3.90,-0.11,6,9,45,0,35.2901983,136.2528950,82.60, 0.05
20080,0.00,-0.17,9.58,1.00,-0.01,-0.00,0.00,-0.07,1.45,0.00,10.62,0.00,0,2,1001.27,41.82,109.78,1001.27,41.16,109.53,0.41,1000.60,38.05,114.56,1.97,1.86,85.78,309.55,7902,0.67,0.63,9.58,1.00,0.03,-0.04,0.00,4.25,-3.90,-0.11,6,9,45,0,35.2901983,136.2528950,82.60, 0.05
20133,0.00,-0.20,9.53,1.00,-0.01,-0.00,0.00,-0.07,1.45,0.00,10.62,0.00,0,2,1001.27,41.83,109.77,1001.27,41.14,109.51,0.41,1000.60,38.06,114.55,2.02,1.89,85.69,309.55,7903,0.69,0.70,9.58,1.00,0.03,-0.04,0.00,4.25,-3.90,-0.11,6,9,45,0,35.2901983,136.2528950,82.60, 0.05
20190,0.00,-0.22,9.58,1.00,-0.01,-0.00,0.00,-0.07,1.45,0.00,10.61,0.00,0,2,1001.27,41.81,109.73,1001.27,41.16,109.54,0.41,1000.60,38.06,114.53,1.62,1.69,83.41,309.55,7903,0.72,0.80,9.61,1.00,0.03,-0.04,0.00,4.25,-3.90,-0.11,6,9,45,0,35.2901983,136.2528950,82.60, 0.05
20244,0.02,-0.19,9.56,1.00,-0.01,-0.00,0.00,-0.07,1.45,0.00,10.61,0.00,0,2,1001.27,41.82,109.73,1001.27,41.15,109.52,0.41,1000.60,38.05,114.57,1.73,1.75,81.39,309.64,7903,0.74,0.47,9.50,1.00,0.03,-0.04,0.00,4.25,-3.90,-0.11,6,9,45,0,35.2901983,136.2528950,82.60, 0.05
20297,0.00,-0.21,9.53,1.00,-0.01,-0.00,0.00,-0.07,1.45,0.00,10.61,0.00,0,2,1001.27,41.83,109.73,1001.27,41.16,109.53,0.41,1000.60,38.07,114.52,1.70,1.73,82.27,309.55,7903,0.73,0.60,9.52,1.00,0.03,-0.04,0.00,4.25,-3.90,-0.11,6,9,45,0,35.2901983,136.2528950,82.60, 0.05
20353,0.00,-0.18,9.61,1.00,-0.01,-0.00,0.00,-0.07,1.45,0.00,10.60,0.00,0,2,1001.27,41.82,109.74,1001.27,41.15,109.55,0.41,1000.61,38.06,114.48,1.73,1.75,83.94,309.55,7903,0.69,0.49,9.56,1.00,0.03,-0.04,0.00,4.25,-3.90,-0.11,6,9,45,0,35.2901983,136.2528950,82.60, 0.05
20410,0.02,-0.17,9.56,1.00,-0.01,-0.00,0.00,-0.07,1.45,0.00,10.61,0.00,0,2,1001.27,41.83,109.77,1001.27,41.15,109.53,0.41,1000.61,38.07,114.45,1.62,1.69,84.55,309.55,7903,0.68,0.60,9.50,1.00,0.03,-0.04,0.00,4.25,-3.90,-0.11,6,9,45,0,35.2901983,136.2528950,82.60, 0.10
20462,0.00,-0.23,9.53,1.00,-0.01,-0.00,0.00,-0.07,1.45,0.00,10.61,0.00,0,2,1001.27,41.83,109.77,1001.27,41.15,109.52,0.41,1000.61,38.06,114.48,1.37,1.55,84.64,309.55,7902,0.78,0.78,9.56,1.00,0.03,-0.04,0.00,4.25,-3.90,-0.11,6,9,45,0,35.2901983,136.2528950,82.60, 0.10
20520,0.02,-0.18,9.55,1.00,-0.01,-0.00,0.00,-0.07,1.45,0.00,10.60,0.00,0,2,1001.27,41.83,109.76,1001.27,41.16,109.52,0.41,1000.61,38.06,114.51,1.20,1.46,84.02,309.55,7902,0.77,0.69,9.57,1.00,0.03,-0.04,0.00,4.25,-3.90,-0.11,6,9,45,0,35.2901983,136.2528950,82.60, 0.10
20573,0.00,-0.23,9.56,1.00,-0.01,-0.00,0.00,-0.07,1.45,0.00,10.61,0.00,0,2,1001.27,41.82,109.78,1001.27,41.15,109.50,0.41,1000.60,38.05,114.52,1.17,1.44,83.94,309.55,7902,0.72,0.72,9.57,1.00,0.03,-0.04,0.00,4.25,-3.90,-0.11,6,9,46,0,35.2902017,136.2528950,82.60, 0.10
20627,0.00,-0.16,9.53,1.00,-0.01,-0.00,0.00,-0.07,1.45,0.00,10.62,0.00,0,2,1001.27,41.83,109.79,1001.27,41.18,109.51,0.41,1000.60,38.06,114.52,1.22,1.47,84.02,309.55,7903,0.69,0.67,9.55,1.00,0.03,-0.04,0.00,4.25,-3.90,-0.11,6,9,46,0,35.2902017,136.2528950,82.60, 0.10
20682,0.03,-0.21,9.61,1.00,-0.01,-0.00,0.00,-0.07,1.45,0.00,10.61,0.00,0,2,1001.27,41.83,109.77,1001.27,41.16,109.53,0.41,1000.61,38.05,114.51,0.90,1.26,83.58,309.55,7902,0.70,0.62,9.59,1.00,0.03,-0.04,0.00,4.25,-3.90,-0.11,6,9,46,0,35.2902017,136.2528950,82.60, 0.10
20739,0.00,-0.21,9.55,1.00,-0.01,-0.00,0.00,-0.07,1.45,0.00,10.60,0.00,0,2,1001.27,41.82,109.78,1001.27,41.14,109.51,0.41,1000.61,38.05,114.48,1.22,1.47,83.58,309.55,7902,0.74,0.74,9.56,1.00,0.03,-0.04,0.00,4.25,-3.90,-0.11,6,9,46,0,35.2902017,136.2528950,82.60, 0.10
20793,0.00,-0.23,9.55,1.00,-0.01,-0.00,0.00,-0.07,1.45,0.00,10.59,0.00,0,2,1001.27,41.83,109.76,1001.27,41.16,109.55,0.41,1000.61,38.06,114.44,1.58,1.67,84.20,309.55,7903,0.69,0.69,9.58,1.00,0.03,-0.04,0.00,4.25,-3.90,-0.11,6,9,46,0,35.2902017,136.2528950,82.60, 0.10
20846,0.00,-0.20,9.52,1.00,-0.01,-0.00,0.00,-0.07,1.45,0.00,10.59,0.00,0,2,1001.27,41.82,109.76,1001.27,41.15,109.52,0.41,1000.61,38.06,114.46,1.72,1.74,84.38,309.55,7903,0.70,0.67,9.58,1.00,0.03,-0.04,0.00,4.25,-3.90,-0.11,6,9,46,0,35.2902017,136.2528950,82.60, 0.10
20901,0.03,-0.19,9.56,1.00,-0.01,-0.00,0.00,-0.07,1.45,0.00,10.60,0.00,0,2,1001.27,41.84,109.77,1001.27,41.16,109.50,0.41,1000.61,38.07,114.46,2.12,1.93,84.20,309.64,7902,0.71,0.66,9.54,1.00,0.03,-0.04,0.00,4.25,-3.90,-0.11,6,9,46,0,35.2902017,136.2528950,82.60, 0.10
20958,0.04,-0.21,9.61,1.00,-0.01,-0.00,0.00,-0.07,1.45,0.00,10.59,0.00,0,2,1001.27,41.83,109.77,1001.27,41.17,109.53,0.41,1000.61,38.06,114.48,2.10,1.93,84.29,309.64,7902,0.65,0.65,9.57,1.00,0.03,-0.04,0.00,4.25,-3.90,-0.11,6,9,46,0,35.2902017,136.2528950,82.60, 0.10
21012,0.00,-0.18,9.59,1.00,-0.01,-0.00,0.00,-0.07,1.45,0.00,10.60,0.00,0,2,1001.27,41.84,109.75,1001.27,41.16,109.53,0.41,1000.61,38.06,114.46,1.95,1.86,84.55,309.64,7903,0.74,0.60,9.54,1.00,0.03,-0.04,0.00,4.25,-3.90,-0.11,6,9,46,0,35.2902017,136.2528950,82.60, 0.10
21063,-0.02,-0.24,9.57,1.00,-0.01,-0.00,0.00,-0.07,1.45,0.00,10.58,0.00,0,2,1001.28,41.84,109.72,1001.27,41.16,109.53,0.41,1000.61,38.05,114.47,1.77,1.77,84.73,309.46,7902,0.73,0.73,9.58,1.00,0.03,-0.04,0.00,4.25,-3.90,-0.11,6,9,46,0,35.2902017,136.2528950,82.60, 0.10
21120,0.02,-0.18,9.54,1.00,-0.01,-0.00,0.00,-0.07,1.45,0.00,10.59,0.00,0,2,1001.27,41.83,109.79,1001.27,41.16,109.52,0.41,1000.61,38.07,114.46,2.13,1.94,84.64,309.46,7902,0.70,0.66,9.58,1.00,0.03,-0.04,0.00,4.25,-3.90,-0.11,6,9,46,0,35.2902017,136.2528950,82.60, 0.10
21178,0.04,-0.20,9.55,1.00,-0.01,-0.00,0.00,-0.07,1.45,0.00,10.60,0.00,0,2,1001.27,41.84,109.78,1001.27,41.16,109.57,0.41,1000.60,38.06,114.52,1.38,1.56,85.08,309.46,7903,0.62,0.67,9.56,1.00,0.03,-0.04,0.00,4.25,-3.90,-0.11,6,9,46,0,35.2902017,136.2528950,82.60, 0.10
21231,0.00,-0.24,9.56,1.00,-0.01,-0.00,0.00,-0.07,1.45,0.00,10.60,0.00,0,2,1001.27,41.83,109.77,1001.27,41.16,109.55,0.41,1000.60,38.05,114.54,2.27,2.00,84.55,309.55,7902,0.81,0.71,9.57,1.00,0.03,-0.04,0.00,4.25,-3.90,-0.11,6,9,46,0,35.2902017,136.2528950,82.60, 0.10
21288,-0.03,-0.18,9.56,1.00,-0.01,-0.00,0.00,-0.07,1.45,0.00,10.62,0.00,0,2,1001.26,41.84,109.81,1001.26,41.17,109.58,0.41,1000.60,38.05,114.57,1.22,1.47,82.71,309.55,7903,0.83,0.75,9.53,1.00,0.03,-0.04,0.00,4.25,-3.90,-0.11,6,9,46,0,35.2902017,136.2528950,82.60, 0.10
21340,0.03,-0.21,9.53,1.00,-0.01,-0.00,0.00,-0.07,1.45,0.00,10.61,0.00,0,2,1001.27,41.83,109.75,1001.27,41.18,109.54,0.41,1000.60,38.04,114.54,1.88,1.82,82.62,309.55,7903,0.68,0.67,9.51,1.00,0.03,-0.04,0.00,4.25,-3.90,-0.11,6,9,46,0,35.2902017,136.2528950,82.60, 0.10
21395,0.03,-0.20,9.60,1.00,-0.01,-0.00,0.00,-0.07,1.45,0.00,10.61,0.00,0,2,1001.27,41.83,109.77,1001.27,41.17,109.52,0.41,1000.60,38.05,114.54,0.97,1.31,82.97,309.55,7903,0.71,0.63,9.57,1.00,0.03,-0.04,0.00,4.25,-3.90,-0.11,6,9,46,0,35.2902017,136.2528950,82.60, 0.09
21451,0.00,-0.23,9.55,1.00,-0.01,-0.00,0.00,-0.07,1.45,0.00,10.61,0.00,0,2,1001.27,41.84,109.81,1001.26,41.15,109.56,0.41,1000.60,38.06,114.51,0.63,1.06,83.32,309.55,7902,0.73,0.66,9.53,1.00,0.03,-0.04,0.00,4.25,-3.90,-0.11,6,9,46,0,35.2902017,136.2528950,82.60, 0.09
21509,-0.01,-0.20,9.59,1.00,-0.01,-0.00,0.00,-0.07,1.45,0.00,10.62,0.00,0,2,1001.27,41.85,109.81,1001.27,41.17,109.55,0.41,1000.60,38.05,114.52,1.03,1.35,83.50,309.55,7903,0.74,0.70,9.56,1.00,0.03,-0.04,0.00,4.25,-3.90,-0.11,6,9,46,0,35.2902017,136.2528950,82.60, 0.09
21561,0.02,-0.16,9.59,1.00,-0.01,-0.00,0.00,-0.07,1.45,0.00,10.62,0.00,0,2,1001.27,41.84,109.77,1001.27,41.18,109.50,0.41,1000.61,38.07,114.48,1.30,1.51,83.50,309.55,7903,0.73,0.65,9.60,1.00,0.03,-0.04,0.00,4.25,-3.90,-0.11,6,9,46,0,35.2902017,136.2528950,82.60, 0.09
21617,0.02,-0.28,9.57,1.00,-0.01,-0.00,0.00,-0.07,1.45,0.00,10.61,0.00,0,2,1001.27,41.83,109.76,1001.27,41.16,109.55,0.41,1000.61,38.05,114.47,0.78,1.18,83.94,309.55,7902,0.73,0.75,9.54,1.00,0.03,-0.04,0.00,4.25,-3.90,-0.11,6,9,47,0,35.2902017,136.2528950,82.60, 0.09
21670,0.03,-0.20,9.57,1.00,-0.01,-0.00,0.00,-0.07,1.45,0.00,10.60,0.00,0,2,1001.27,41.84,109.77,1001.27,41.17,109.54,0.41,1000.61,38.05,114.47,0.92,1.27,83.67,309.55,7903,0.75,0.67,9.58,1.00,0.03,-0.04,0.00,4.25,-3.90,-0.11,6,9,47,0,35.2902017,136.2528950,82.60, 0.09
21728,0.00,-0.22,9.55,1.00,-0.01,-0.00,0.00,-0.07,1.45,0.00,10.59,0.00,0,2,1001.27,41.83,109.74,1001.27,41.17,109.54,0.41,1000.60,38.05,114.54,1.05,1.36,84.29,309.55,7901,0.72,0.61,9.57,1.00,0.03,-0.04,0.00,4.25,-3.90,-0.11,6,9,47,0,35.2902017,136.2528950,82.60, 0.09
21780,0.00,-0.16,9.59,1.00,-0.01,-0.00,0.00,-0.07,1.45,0.00,10.60,0.00,0,2,1001.27,41.83,109.76,1001.27,41.18,109.51,0.41,1000.60,38.03,114.56,0.77,1.16,85.69,309.55,7902,0.76,0.52,9.52,1.00,0.03,-0.04,0.00,4.25,-3.90,-0.11,6,9,47,0,35.2902017,136.2528950,82.60, 0.09
21837,0.00,-0.23,9.56,1.00,-0.01,-0.00,0.00,-0.07,1.45,0.00,10.60,0.00,0,2,1001.27,41.83,109.76,1001.27,41.16,109.56,0.41,1000.60,38.05,114.54,1.07,1.37,86.40,309.55,7902,0.70,0.71,9.58,1.00,0.03,-0.04,0.00,4.25,-3.90,-0.11,6,9,47,0,35.2902017,136.2528950,82.60, 0.09
21889,0.00,-0.18,9.56,1.00,-0.01,-0.00,0.00,-0.07,1.45,0.00,10.61,0.00,0,2,1001.27,41.84,109.74,1001.27,41.17,109.56,0.41,1000.60,38.06,114.56,1.67,1.72,86.31,309.55,7902,0.69,0.73,9.59,1.00,0.03,-0.04,0.00,4.25,-3.90,-0.11,6,9,47,0,35.2902017,136.2528950,82.60, 0.09
21941,0.02,-0.18,9.56,1.00,-0.01,-0.00,0.00,-0.07,1.45,0.00,10.61,0.00,0,2,1001.27,41.83,109.77,1001.27,41.18,109.52,0.41,1000.60,38.06,114.58,0.70,1.11,87.01,309.55,7903,0.71,0.81,9.61,1.00,0.03,-0.04,0.00,4.25,-3.90,-0.11,6,9,47,0,35.2902017,136.2528950,82.60, 0.09
22000,0.01,-0.23,9.60,1.00,-0.01,-0.00,0.00,-0.07,1.45,0.00,10.61,0.00,0,2,1001.27,41.84,109.77,1001.27,41.17,109.54,0.41,1000.60,38.05,114.52,0.88,1.25,87.10,309.55,7903,0.75,0.57,9.55,1.00,0.03,-0.04,0.00,4.25,-3.90,-0.11,6,9,47,0,35.2902017,136.2528950,82.60, 0.09
22058,0.01,-0.17,9.58,1.00,-0.01,-0.00,0.00,-0.07,1.45,0.00,10.61,0.00,0,2,1001.27,41.84,109.78,1001.27,41.17,109.53,0.41,1000.61,38.06,114.49,1.35,1.54,86.84,309.46,7903,0.75,0.46,9.53,1.00,0.03,-0.04,0.00,4.25,-3.90,-0.11,6,9,47,0,35.2902017,136.2528950,82.60, 0.09
22109,-0.01,-0.26,9.57,1.00,-0.01,-0.00,0.00,-0.07,1.45,0.00,10.61,0.00,0,2,1001.27,41.84,109.81,1001.27,41.17,109.56,0.41,1000.61,38.06,114.48,0.75,1.15,87.19,309.38,7903,0.72,0.85,9.61,1.00,0.03,-0.04,0.00,4.25,-3.90,-0.11,6,9,47,0,35.2902017,136.2528950,82.60, 0.09
22161,0.00,-0.22,9.59,1.00,-0.01,-0.00,0.00,-0.07,1.45,0.00,10.61,0.00,0,2,1001.27,41.84,109.77,1001.27,41.17,109.56,0.41,1000.61,38.06,114.46,1.23,1.48,89.30,309.29,7902,0.65,0.81,9.61,1.00,0.03,-0.04,0.00,4.25,-3.90,-0.11,6,9,47,0,35.2902017,136.2528950,82.60, 0.09
22219,0.02,-0.21,9.57,1.00,-0.01,-0.00,0.00,-0.07,1.45,0.00,10.61,0.00,0,2,1001.27,41.83,109.79,1001.27,41.16,109.55,0.41,1000.61,38.05,114.50,1.17,1.44,92.37,309.20,7903,0.74,0.80,9.58,1.00,0.03,-0.04,0.00,4.25,-3.90,-0.11,6,9,47,0,35.2902017,136.2528950,82.60, 0.09
22277,0.04,-0.24,9.48,1.00,-0.01,-0.00,0.00,-0.07,1.45,0.00,10.61,0.00,0,2,1001.27,41.85,109.78,1001.27,41.16,109.53,0.41,1000.61,38.07,114.45,0.55,0.99,95.45,309.20,7903,0.73,0.83,9.59,1.00,0.03,-0.04,0.00,4.25,-3.90,-0.11,6,9,47,0,35.2902017,136.2528950,82.60, 0.09
22330,0.03,-0.21,9.66,1.00,-0.01,-0.00,0.00,-0.07,1.45,0.00,10.61,0.00,0,2,1001.27,41.84,109.76,1001.27,41.16,109.57,0.41,1000.61,38.07,114.46,0.35,0.79,96.33,309.20,7902,0.68,0.77,9.67,1.00,0.03,-0.04,0.00,4.25,-3.90,-0.11,6,9,47,0,35.2902017,136.2528950,82.60, 0.09
22387,0.02,-0.20,9.54,1.00,-0.01,-0.00,0.00,-0.07,1.45,0.00,10.60,0.00,0,2,1001.27,41.84,109.75,1001.27,41.18,109.52,0.41,1000.61,38.06,114.48,1.17,1.44,96.59,309.20,7902,0.74,0.57,9.50,1.00,0.03,-0.04,0.00,4.25,-3.90,-0.11,6,9,47,0,35.2902017,136.2528950,82.60, 0.09
22438,-0.02,-0.22,9.57,1.00,-0.01,-0.00,0.00,-0.07,1.45,0.00,10.60,0.00,0,2,1001.27,41.85,109.78,1001.27,41.17,109.53,0.41,1000.61,38.05,114.49,1.32,1.52,96.77,309.20,7902,0.70,0.54,9.50,1.00,0.03,-0.04,0.00,4.25,-3.90,-0.11,6,9,47,0,35.2902017,136.2528950,82.60, 0.05
22493,0.02,-0.17,9.61,1.00,-0.01,-0.00,0.00,-0.07,1.45,0.00,10.60,0.00,0,2,1001.27,41.85,109.79,1001.27,41.16,109.56,0.41,1000.61,38.05,114.48,1.32,1.52,96.59,309.20,7902,0.61,0.52,9.55,1.00,0.03,-0.04,0.00,4.25,-3.90,-0.11,6,9,47,0,35.2902017,136.2528950,82.60, 0.05
22549,0.00,-0.24,9.55,1.00,-0.01,-0.00,0.00,-0.07,1.45,0.00,10.60,0.00,0,2,1001.27,41.84,109.78,1001.27,41.16,109.53,0.40,1000.61,38.05,114.47,1.72,1.74,96.50,309.20,7902,0.65,0.77,9.57,1.00,0.03,-0.04,0.00,4.25,-3.90,-0.11,6,9,48,0,35.2902017,136.2528950,82.60, 0.05
22600,0.01,-0.19,9.57,1.00,-0.01,-0.00,0.00,-0.07,1.45,0.00,10.60,0.00,0,2,1001.27,41.83,109.77,1001.27,41.17,109.51,0.41,1000.61,38.05,114.45,1.67,1.72,97.91,309.20,7903,0.69,0.72,9.57,1.00,0.03,-0.04,0.00,4.25,-3.90,-0.11,6,9,48,0,35.2902017,136.2528950,82.60, 0.05
22657,0.00,-0.19,9.56,1.00,-0.01,-0.00,0.00,-0.07,1.45,0.00,10.58,0.00,0,2,1001.27,41.85,109.74,1001.27,41.17,109.54,0.41,1000.61,38.06,114.48,1.68,1.72,100.55,309.20,7902,0.67,0.60,9.56,1.00,0.03,-0.04,0.00,4.25,-3.90,-0.11,6,9,48,0,35.2902017,136.2528950,82.60, 0.05
22715,0.01,-0.24,9.55,1.00,-0.01,-0.00,0.00,-0.07,1.45,0.00,10.58,0.00,0,2,1001.27,41.84,109.75,1001.27,41.17,109.52,0.41,1000.61,38.05,114.50,1.63,1.70,100.63,309.20,7903,0.64,0.63,9.56,1.00,0.03,-0.04,0.00,4.25,-3.90,-0.11,6,9,48,0,35.2902017,136.2528950,82.60, 0.05
22769,0.00,-0.19,9.59,1.00,-0.01,-0.00,0.00,-0.07,1.45,0.00,10.58,0.00,0,2,1001.27,41.85,109.76,1001.27,41.16,109.53,0.41,1000.61,38.05,114.47,1.10,1.39,100.46,309.20,7903,0.72,0.58,9.53,1.00,0.03,-0.04,0.00,4.25,-3.90,-0.11,6,9,48,0,35.2902017,136.2528950,82.60, 0.05
22827,0.02,-0.21,9.54,1.00,-0.01,-0.00,0.00,-0.07,1.45,0.00,10.58,0.00,0,2,1001.27,41.85,109.74,1001.27,41.16,109.51,0.41,1000.60,38.05,114.52,1.70,1.73,99.84,309.20,7903,0.71,0.76,9.56,1.00,0.03,-0.04,0.00,4.25,-3.90,-0.11,6,9,48,0,35.2902017,136.2528950,82.60, 0.05
22878,0.03,-0.16,9.55,1.00,-0.01,-0.00,0.00,-0.07,1.45,0.00,10.59,0.00,0,2,1001.28,41.86,109.70,1001.27,41.17,109.52,0.41,1000.60,38.06,114.53,1.43,1.59,96.86,309.20,7903,0.66,0.67,9.55,1.00,0.03,-0.04,0.00,4.25,-3.90,-0.11,6,9,48,0,35.2902017,136.2528950,82.60, 0.05
22936,0.00,-0.21,9.57,1.00,-0.01,-0.00,0.00,-0.07,1.45,0.00,10.58,0.00,0,2,1001.27,41.85,109.74,1001.27,41.17,109.52,0.41,1000.60,38.05,114.57,0.73,1.14,94.39,309.20,7903,0.68,0.77,9.57,1.00,0.03,-0.04,0.00,4.25,-3.90,-0.11,6,9,48,0,35.2902017,136.2528950,82.60, 0.05
22987,0.00,-0.20,9.55,1.00,-0.01,-0.00,0.00,-0.07,1.45,0.00,10.58,0.00,0,2,1001.27,41.86,109.77,1001.27,41.17,109.58,0.41,1000.60,38.06,114.57,1.52,1.64,89.91,309.20,7903,0.79,0.74,9.60,1.00,0.03,-0.04,0.00,4.25,-3.90,-0.11,6,9,48,0,35.2902017,136.2528950,82.60, 0.05
23043,0.01,-0.19,9.56,1.00,-0.01,-0.00,0.00,-0.07,1.45,0.00,10.60,0.00,0,2,1001.27,41.85,109.78,1001.27,41.17,109.52,0.41,1000.61,38.06,114.50,1.10,1.39,88.42,309.38,7903,0.66,0.58,9.53,1.00,0.03,-0.04,0.00,4.25,-3.90,-0.11,6,9,48,0,35.2902017,136.2528950,82.60, 0.05
23096,0.00,-0.21,9.57,1.00,-0.01,-0.00,0.00,-0.07,1.45,0.00,10.60,0.00,0,2,1001.27,41.85,109.76,1001.27,41.18,109.53,0.41,1000.61,38.07,114.48,1.23,1.48,90.00,309.64,7902,0.71,0.59,9.57,1.00,0.03,-0.04,0.00,4.25,-3.90,-0.11,6,9,48,0,35.2902017,136.2528950,82.60, 0.05
23153,0.01,-0.22,9.59,1.00,-0.01,-0.00,0.00,-0.07,1.45,0.00,10.60,0.00,0,2,1001.27,41.85,109.76,1001.27,41.18,109.52,0.41,1000.61,38.07,114.50,1.65,1.71,91.41,309.64,7902,0.76,0.60,9.55,1.00,0.03,-0.04,0.00,4.25,-3.90,-0.11,6,9,48,0,35.2902017,136.2528950,82.60, 0.05
23206,0.00,-0.18,9.54,1.00,-0.01,-0.00,0.00,-0.07,1.45,0.00,10.60,0.00,0,2,1001.27,41.86,109.75,1001.27,41.18,109.52,0.41,1000.61,38.05,114.50,1.77,1.77,92.11,309.64,7901,0.67,0.73,9.59,1.00,0.03,-0.04,0.00,4.25,-3.90,-0.11,6,9,48,0,35.2902017,136.2528950,82.60, 0.05
23265,0.00,-0.22,9.58,1.00,-0.01,-0.00,0.00,-0.07,1.45,0.00,10.59,0.00,0,2,1001.27,41.85,109.74,1001.27,41.17,109.53,0.41,1000.61,38.07,114.47,1.98,1.87,92.90,309.64,7903,0.67,0.74,9.56,1.00,0.03,-0.04,0.00,4.25,-3.90,-0.11,6,9,48,0,35.2902017,136.2528950,82.60, 0.05
23317,0.01,-0.16,9.60,1.00,-0.01,-0.00,0.00,-0.07,1.45,0.00,10.60,0.00,0,2,1001.27,41.86,109.76,1001.27,41.17,109.54,0.41,1000.61,38.06,114.46,1.87,1.82,92.81,309.64,7902,0.74,0.73,9.60,1.00,0.03,-0.04,0.00,4.25,-3.90,-0.11,6,9,48,0,35.2902017,136.2528950,82.60, 0.05
23373,0.02,-0.21,9.54,1.00,-0.01,-0.00,0.00,-0.07,1.45,0.00,10.59,0.00,0,2,1001.27,41.86,109.75,1001.27,41.18,109.54,0.40,1000.61,38.07,114.46,1.82,1.79,92.81,309.64,7903,0.76,0.75,9.59,1.00,0.03,-0.04,0.00,4.25,-3.90,-0.11,6,9,48,0,35.2902017,136.2528950,82.60, 0.03
23426,0.00,-0.22,9.54,1.00,-0.01,-0.00,0.00,-0.07,1.45,0.00,10.59,0.00,0,2,1001.27,41.84,109.73,1001.27,41.17,109.57,0.41,1000.61,38.06,114.50,1.72,1.74,92.72,309.64,7902,0.68,0.64,9.55,1.00,0.03,-0.04,0.00,4.25,-3.90,-0.11,6,9,48,0,35.2902017,136.2528950,82.60, 0.03
23483,0.02,-0.19,9.59,1.00,-0.01,-0.00,0.00,-0.07,1.45,0.00,10.59,0.00,0,2,1001.27,41.85,109.73,1001.27,41.19,109.54,0.41,1000.61,38.05,114.48,2.08,1.92,92.64,309.64,7903,0.69,0.62,9.55,1.00,0.03,-0.04,0.00,4.25,-3.90,-0.11,6,9,48,0,35.2902017,136.2528950,82.60, 0.03
23536,0.00,-0.22,9.59,1.00,-0.01,-0.00,0.00,-0.07,1.45,0.00,10.60,0.00,0,2,1001.27,41.86,109.73,1001.27,41.18,109.55,0.41,1000.61,38.06,114.49,2.32,2.02,92.37,309.64,7903,0.71,0.72,9.54,1.00,0.03,-0.04,0.00,4.25,-3.90,-0.11,6,9,49,0,35.2902017,136.2528950,82.60, 0.03
23589,0.00,-0.23,9.59,1.00,-0.01,-0.00,0.00,-0.07,1.45,0.00,10.60,0.00,0,2,1001.27,41.86,109.77,1001.27,41.17,109.54,0.41,1000.61,38.06,114.50,2.05,1.90,91.85,309.64,7903,0.75,0.65,9.56,1.00,0.03,-0.04,0.00,4.25,-3.90,-0.11,6,9,49,0,35.2902017,136.2528950,82.60, 0.03
23645,-0.01,-0.22,9.54,1.00,-0.01,-0.00,0.00,-0.07,1.45,0.00,10.60,0.00,0,2,1001.27,41.86,109.75,1001.27,41.17,109.54,0.41,1000.60,38.04,114.56,1.92,1.84,92.11,309.64,7902,0.72,0.61,9.54,1.00,0.03,-0.04,0.00,4.25,-3.90,-0.11,6,9,49,0,35.2902017,136.2528950,82.60, 0.03
23703,0.00,-0.21,9.60,1.00,-0.01,-0.00,0.00,-0.07,1.45,0.00,10.61,0.00,0,2,1001.27,41.86,109.79,1001.27,41.18,109.57,0.41,1000.60,38.06,114.55,1.95,1.86,92.55,309.64,7903,0.75,0.62,9.52,1.00,0.03,-0.04,0.00,4.25,-3.90,-0.11,6,9,49,0,35.2902017,136.2528950,82.60, 0.03
23756,0.01,-0.16,9.56,1.00,-0.01,-0.00,0.00,-0.07,1.45,0.00,10.61,0.00,0,2,1001.27,41.85,109.76,1001.27,41.18,109.53,0.41,1000.61,38.06,114.48,1.87,1.82,92.46,309.64,7902,0.69,0.67,9.57,1.00,0.03,-0.04,0.00,4.25,-3.90,-0.11,6,9,49,0,35.2902017,136.2528950,82.60, 0.03
23813,0.03,-0.21,9.59,1.00,-0.01,-0.00,0.00,-0.07,1.45,0.00,10.62,0.00,0,2,1001.27,41.86,109.77,1001.27,41.16,109.54,0.41,1000.61,38.07,114.50,1.92,1.84,92.37,309.64,7903,0.74,0.64,9.54,1.00,0.03,-0.04,0.00,4.25,-3.90,-0.11,6,9,49,0,35.2902017,136.2528950,82.60, 0.03
23865,0.00,-0.22,9.56,1.00,-0.01,-0.00,0.00,-0.07,1.45,0.00,10.60,0.00,0,2,1001.27,41.85,109.78,1001.27,41.18,109.54,0.41,1000.61,38.07,114.49,1.92,1.84,92.37,309.64,7902,0.72,0.73,9.59,1.00,0.03,-0.04,0.00,4.25,-3.90,-0.11,6,9,49,0,35.2902017,136.2528950,82.60, 0.03
23917,0.00,-0.19,9.59,1.00,-0.01,-0.00,0.00,-0.07,1.45,0.00,10.60,0.00,0,2,1001.27,41.87,109.78,1001.27,41.19,109.55,0.41,1000.61,38.06,114.48,1.97,1.86,92.29,309.64,7903,0.75,0.72,9.58,1.00,0.03,-0.04,0.00,4.25,-3.90,-0.11,6,9,49,0,35.2902017,136.2528950,82.60, 0.03
23975,0.02,-0.20,9.57,1.00,-0.01,-0.00,0.00,-0.07,1.45,0.00,10.60,0.00,0,2,1001.27,41.85,109.79,1001.27,41.19,109.54,0.41,1000.60,38.04,114.51,1.98,1.87,92.29,309.64,7902,0.72,0.70,9.55,1.00,0.03,-0.04,0.00,4.25,-3.90,-0.11,6,9,49,0,35.2902017,136.2528950,82.60, 0.03
24032,0.02,-0.15,9.59,1.00,-0.01,-0.00,0.00,-0.07,1.45,0.00,10.60,0.00,0,2,1001.27,41.86,109.79,1001.27,41.18,109.58,0.41,1000.60,38.06,114.52,1.93,1.85,92.29,309.64,7902,0.72,0.64,9.51,1.00,0.03,-0.04,0.00,4.25,-3.90,-0.11,6,9,49,0,35.2902017,136.2528950,82.60, 0.03
24086,0.01,-0.24,9.62,1.00,-0.01,-0.00,0.00,-0.07,1.45,0.00,10.61,0.00,0,2,1001.27,41.85,109.79,1001.27,41.18,109.55,0.41,1000.61,38.07,114.48,2.00,1.88,92.37,309.64,7903,0.69,0.71,9.58,1.00,0.03,-0.04,0.00,4.25,-3.90,-0.11,6,9,49,0,35.2902017,136.2528950,82.60, 0.03
24138,0.00,-0.22,9.59,1.00,-0.01,-0.00,0.00,-0.07,1.45,0.00,10.62,0.00,0,2,1001.27,41.86,109.79,1001.26,41.17,109.59,0.41,1000.61,38.06,114.50,1.88,1.82,92.20,309.64,7902,0.75,0.69,9.53,1.00,0.03,-0.04,0.00,4.25,-3.90,-0.11,6,9,49,0,35.2902017,136.2528950,82.60, 0.03
24194,0.00,-0.20,9.60,1.00,-0.01,-0.00,0.00,-0.07,1.45,0.00,10.62,0.00,0,2,1001.27,41.85,109.78,1001.27,41.18,109.57,0.41,1000.60,38.06,114.53,1.65,1.71,92.11,309.64,7903,0.72,0.67,9.57,1.00,0.03,-0.04,0.00,4.25,-3.90,-0.11,6,9,49,0,35.2902017,136.2528950,82.60, 0.03
24251,0.03,-0.21,9.59,1.00,-0.01,-0.00,0.00,-0.07,1.45,0.00,10.62,0.00,0,2,1001.27,41.86,109.79,1001.27,41.18,109.53,0.41,1000.60,38.06,114.53,2.12,1.93,92.37,309.64,7903,0.69,0.68,9.60,1.00,0.03,-0.04,0.00,4.25,-3.90,-0.11,6,9,49,0,35.2902017,136.2528950,82.60, 0.03
24305,0.03,-0.18,9.55,1.00,-0.01,-0.00,0.00,-0.07,1.45,0.00,10.61,0.00,0,2,1001.27,41.86,109.77,1001.27,41.18,109.54,0.41,1000.61,38.06,114.50,2.67,2.17,91.14,309.64,7902,0.70,0.60,9.52,1.00,0.03,-0.04,0.00,4.25,-3.90,-0.11,6,9,49,0,35.2902017,136.2528950,82.60, 0.03
24362,0.01,-0.23,9.59,1.00,-0.01,-0.00,0.00,-0.07,1.45,0.00,10.61,0.00,0,2,1001.27,41.86,109.75,1001.27,41.19,109.56,0.41,1000.60,38.05,114.52,2.45,2.08,91.23,309.64,7902,0.73,0.67,9.57,1.00,0.03,-0.04,0.00,4.25,-3.90,-0.11,6,9,49,0,35.2902017,136.2528950,82.60, 0.03
24413,0.00,-0.20,9.54,1.00,-0.01,-0.00,0.00,-0.07,1.45,0.00,10.60,0.00,0,2,1001.27,41.85,109.78,1001.27,41.18,109.53,0.41,1000.61,38.06,114.49,2.18,1.96,90.00,309.64,7902,0.76,0.64,9.56,1.00,0.03,-0.04,0.00,4.25,-3.90,-0.11,6,9,49,0,35.2902017,136.2528950,82.60, 0.05
24466,-0.02,-0.18,9.58,1.00,-0.01,-0.00,0.00,-0.07,1.45,0.00,10.60,0.00,0,2,1001.27,41.84,109.75,1001.27,41.18,109.52,0.41,1000.61,38.06,114.51,2.05,1.90,85.61,309.64,7903,0.71,0.67,9.54,1.00,0.03,-0.04,0.00,4.25,-3.90,-0.11,6,9,49,0,35.2902017,136.2528950,82.60, 0.05
24523,0.02,-0.22,9.56,1.00,-0.01,-0.00,0.00,-0.07,1.45,0.00,10.60,0.00,0,2,1001.27,41.85,109.73,1001.27,41.19,109.59,0.41,1000.60,38.06,114.53,2.92,2.27,80.16,309.64,7902,0.73,0.68,9.57,1.00,0.03,-0.04,0.00,4.25,-3.90,-0.11,6,9,49,0,35.2902017,136.2528950,82.60, 0.05
24574,0.02,-0.22,9.57,1.00,-0.01,-0.00,0.00,-0.07,1.45,0.00,10.62,0.00,0,2,1001.27,41.85,109.78,1001.26,41.18,109.58,0.41,1000.60,38.06,114.55,3.25,2.40,78.66,309.64,7902,0.74,0.67,9.55,1.00,0.03,-0.04,0.00,4.25,-3.90,-0.11,6,9,50,0,35.2902033,136.2528950,82.60, 0.05
24631,0.00,-0.19,9.56,1.00,-0.01,-0.00,0.00,-0.07,1.45,0.00,10.62,0.00,0,2,1001.27,41.85,109.76,1001.27,41.19,109.55,0.41,1000.61,38.05,114.50,3.13,2.35,80.51,309.64,7902,0.70,0.62,9.53,1.00,0.03,-0.04,0.00,4.25,-3.90,-0.11,6,9,50,0,35.2902033,136.2528950,82.60, 0.05
24683,0.00,-0.21,9.62,1.00,-0.01,-0.00,0.00,-0.07,1.45,0.00,10.63,0.00,0,2,1001.28,41.84,109.72,1001.27,41.18,109.57,0.41,1000.60,38.06,114.55,2.38,2.05,86.66,309.64,7902,0.74,0.65,9.59,1.00,0.03,-0.04,0.00,4.25,-3.90,-0.11,6,9,50,0,35.2902033,136.2528950,82.60, 0.05
24738,0.00,-0.23,9.57,1.00,-0.01,-0.00,0.00,-0.07,1.45,0.00,10.62,0.00,0,2,1001.26,41.84,109.82,1001.27,41.18,109.53,0.41,1000.60,38.06,114.58,2.83,2.24,92.90,309.46,7902,0.75,0.71,9.54,1.00,0.03,-0.04,0.00,4.25,-3.90,-0.11,6,9,50,0,35.2902033,136.2528950,82.60, 0.05
24793,0.00,-0.22,9.57,1.00,-0.01,-0.00,0.00,-0.07,1.45,0.00,10.61,0.00,0,2,1001.26,41.82,109.83,1001.27,41.18,109.57,0.41,1000.60,38.06,114.57,2.70,2.18,95.80,309.46,7903,0.69,0.70,9.56,1.00,0.03,-0.04,0.00,4.25,-3.90,-0.11,6,9,50,0,35.2902033,136.2528950,82.60, 0.05
24849,0.00,-0.19,9.58,1.00,-0.01,-0.00,0.00,-0.07,1.45,0.00,10.64,0.00,0,2,1001.26,41.84,109.81,1001.27,41.18,109.57,0.41,1000.61,38.08,114.48,2.62,2.15,94.22,309.55,7903,0.73,0.66,9.58,1.00,0.03,-0.04,0.00,4.25,-3.90,-0.11,6,9,50,0,35.2902033,136.2528950,82.60, 0.05
24903,0.00,-0.17,9.57,1.00,-0.01,-0.00,0.00,-0.07,1.45,0.00,10.62,0.00,0,2,1001.27,41.82,109.80,1001.27,41.19,109.59,0.41,1000.60,38.05,114.54,2.33,2.03,93.16,309.55,7902,0.77,0.64,9.55,1.00,0.03,-0.04,0.00,4.25,-3.90,-0.11,6,9,50,0,35.2902033,136.2528950,82.60, 0.05
24960,0.02,-0.19,9.56,1.00,-0.01,-0.00,0.00,-0.07,1.45,0.00,10.61,0.00,0,2,1001.27,41.84,109.79,1001.26,41.18,109.58,0.41,1000.60,38.06,114.53,2.35,2.04,92.46,309.90,7902,0.70,0.63,9.57,1.00,0.03,-0.04,0.00,4.25,-3.90,-0.11,6,9,50,0,35.2902033,136.2528950,82.60, 0.05
25014,0.03,-0.24,9.53,1.00,-0.01,-0.00,0.00,-0.07,1.45,0.00,10.61,0.00,0,2,1001.27,41.85,109.80,1001.27,41.18,109.55,0.41,1000.60,38.06,114.56,2.00,1.88,92.55,310.52,7902,0.71,0.72,9.56,1.00,0.03,-0.04,0.00,4.25,-3.90,-0.11,6,9,50,0,35.2902033,136.2528950,82.60, 0.05
25071,0.01,-0.18,9.58,1.00,-0.01,-0.00,0.00,-0.07,1.45,0.00,10.62,0.00,0,2,1001.26,41.84,109.82,1001.27,41.18,109.53,0.41,1000.60,38.07,114.56,2.18,1.96,92.55,310.52,7903,0.70,0.66,9.57,1.00,0.03,-0.04,0.00,4.25,-3.90,-0.11,6,9,50,0,35.2902033,136.2528950,82.60, 0.05
25123,0.03,-0.19,9.58,1.00,-0.01,-0.00,0.00,-0.07,1.45,0.00,10.61,0.00,0,2,1001.27,41.83,109.79,1001.27,41.18,109.56,0.41,1000.60,38.08,114.55,2.40,2.06,92.72,310.61,7902,0.68,0.65,9.55,1.00,0.03,-0.04,0.00,4.25,-3.90,-0.11,6,9,50,0,35.2902033,136.2528950,82.60, 0.05
25179,0.01,-0.22,9.58,1.00,-0.01,-0.00,0.00,-0.07,1.45,0.00,10.61,0.00,0,2,1001.27,41.83,109.79,1001.27,41.19,109.57,0.41,1000.60,38.07,114.55,2.35,2.04,92.64,310.61,7903,0.73,0.67,9.55,1.00,0.03,-0.04,0.00,4.25,-3.90,-0.11,6,9,50,0,35.2902033,136.2528950,82.60, 0.05
25233,0.00,-0.19,9.55,1.00,-0.01,-0.00,0.00,-0.07,1.45,0.00,10.61,0.00,0,2,1001.27,41.82,109.78,1001.27,41.18,109.58,0.41,1000.60,38.06,114.56,2.18,1.96,92.29,310.61,7902,0.74,0.62,9.57,1.00,0.03,-0.04,0.00,4.25,-3.90,-0.11,6,9,50,0,35.2902033,136.2528950,82.60, 0.05
25288,0.00,-0.25,9.53,1.00,-0.01,-0.00,0.00,-0.07,1.45,0.00,10.61,0.00,0,2,1001.27,41.83,109.74,1001.27,41.18,109.55,0.41,1000.60,38.07,114.60,2.00,1.88,92.29,310.61,7903,0.71,0.65,9.54,1.00,0.03,-0.04,0.00,4.25,-3.90,-0.11,6,9,50,0,35.2902033,136.2528950,82.60, 0.05
25341,0.00,-0.16,9.54,1.00,-0.01,-0.00,0.00,-0.07,1.45,0.00,10.60,0.00,0,2,1001.27,41.82,109.76,1001.27,41.18,109.53,0.41,1000.59,38.07,114.61,1.92,1.84,90.62,310.61,7902,0.73,0.68,9.57,1.00,0.03,-0.04,0.00,4.25,-3.90,-0.11,6,9,50,0,35.2902033,136.2528950,82.60, 0.05
25398,0.02,-0.17,9.55,1.00,-0.01,-0.00,0.00,-0.07,1.45,0.00,10.59,0.00,0,2,1001.27,41.83,109.77,1001.27,41.18,109.52,0.41,1000.60,38.05,114.57,1.95,1.86,89.12,310.61,7902,0.73,0.68,9.56,1.00,0.03,-0.04,0.00,4.25,-3.90,-0.11,6,9,50,0,35.2902033,136.2528950,82.60, 0.03
25452,0.01,-0.22,9.57,1.00,-0.01,-0.00,0.00,-0.07,1.45,0.00,10.58,0.00,0,2,1001.27,41.82,109.74,1001.27,41.18,109.54,0.41,1000.60,38.05,114.55,2.20,1.97,90.09,310.61,7903,0.70,0.73,9.59,1.00,0.03,-0.04,0.00,4.25,-3.90,-0.11,6,9,50,0,35.2902033,136.2528950,82.60, 0.03
25510,0.00,-0.21,9.58,1.00,-0.01,-0.00,0.00,-0.07,1.45,0.00,10.58,0.00,0,2,1001.27,41.82,109.76,1001.27,41.19,109.52,0.41,1000.61,38.05,114.48,2.18,1.96,90.09,310.61,7902,0.72,0.76,9.56,1.00,0.03,-0.04,0.00,4.25,-3.90,-0.11,6,9,50,0,35.2902033,136.2528950,82.60, 0.03
25562,0.00,-0.21,9.58,1.00,-0.01,-0.00,0.00,-0.07,1.45,0.00,10.58,0.00,0,2,1001.27,41.82,109.73,1001.27,41.19,109.53,0.41,1000.60,38.05,114.51,2.50,2.10,90.26,310.61,7902,0.73,0.60,9.52,1.00,0.03,-0.04,0.00,4.25,-3.90,-0.11,6,9,51,0,35.2902050,136.2528933,82.60, 0.03
25617,0.00,-0.22,9.55,1.00,-0.01,-0.00,0.00,-0.07,1.45,0.00,10.59,0.00,0,2,1001.27,41.82,109.74,1001.27,41.19,109.55,0.41,1000.61,38.07,114.48,2.67,2.17,90.35,310.61,7902,0.75,0.64,9.54,1.00,0.03,-0.04,0.00,4.25,-3.90,-0.11,6,9,51,0,35.2902050,136.2528933,82.60, 0.03
25671,0.00,-0.18,9.57,1.00,-0.01,-0.00,0.00,-0.07,1.45,0.00,10.59,0.00,0,2,1001.27,41.81,109.75,1001.27,41.18,109.55,0.41,1000.61,38.07,114.44,2.15,1.95,90.53,310.61,7902,0.69,0.59,9.54,1.00,0.03,-0.04,0.00,4.25,-3.90,-0.11,6,9,51,0,35.2902050,136.2528933,82.60, 0.03
25729,0.00,-0.20,9.56,1.00,-0.01,-0.00,0.00,-0.07,1.45,0.00,10.59,0.00,0,2,1001.27,41.82,109.76,1001.27,41.20,109.57,0.41,1000.61,38.06,114.48,2.40,2.06,89.82,310.52,7902,0.72,0.66,9.56,1.00,0.03,-0.04,0.00,4.25,-3.90,-0.11,6,9,51,0,35.2902050,136.2528933,82.60, 0.03
25782,0.00,-0.21,9.56,1.00,-0.01,-0.00,0.00,-0.07,1.45,0.00,10.58,0.00,0,2,1001.27,41.81,109.74,1001.27,41.18,109.53,0.41,1000.60,38.06,114.51,3.80,2.59,87.45,310.52,7902,0.73,0.66,9.55,1.00,0.03,-0.04,0.00,4.25,-3.90,-0.11,6,9,51,0,35.2902050,136.2528933,82.60, 0.03
25834,0.03,-0.18,9.59,1.00,-0.01,-0.00,0.00,-0.07,1.45,0.00,10.58,0.00,0,2,1001.27,41.81,109.76,1001.27,41.18,109.57,0.41,1000.60,38.05,114.59,2.93,2.28,86.13,310.43,7902,0.73,0.58,9.54,1.00,0.03,-0.04,0.00,4.25,-3.90,-0.11,6,9,51,0,35.2902050,136.2528933,82.60, 0.03
25889,0.04,-0.22,9.56,1.00,-0.01,-0.00,0.00,-0.07,1.45,0.00,10.59,0.00,0,2,1001.27,41.80,109.78,1001.27,41.18,109.55,0.41,1000.60,38.07,114.52,2.72,2.19,85.96,310.34,7903,0.69,0.70,9.56,1.00,0.03,-0.04,0.00,4.25,-3.90,-0.11,6,9,51,0,35.2902050,136.2528933,82.60, 0.03
25943,0.02,-0.22,9.60,1.00,-0.01,-0.00,0.00,-0.07,1.45,0.00,10.60,0.00,0,2,1001.27,41.80,109.78,1001.27,41.20,109.55,0.41,1000.60,38.06,114.55,2.72,2.19,86.92,309.99,7903,0.72,0.57,9.54,1.00,0.03,-0.04,0.00,4.25,-3.90,-0.11,6,9,51,0,35.2902050,136.2528933,82.60, 0.03
26000,-0.01,-0.19,9.56,1.00,-0.01,-0.00,0.00,-0.07,1.45,0.00,10.61,0.00,0,2,1001.27,41.80,109.79,1001.27,41.18,109.57,0.41,1000.61,38.06,114.50,2.92,2.27,89.21,309.73,7903,0.73,0.66,9.54,1.00,0.03,-0.04,0.00,4.25,-3.90,-0.11,6,9,51,0,35.2902050,136.2528933,82.60, 0.03
26057,-0.01,-0.23,9.58,1.00,-0.01,-0.00,0.00,-0.07,1.45,0.00,10.59,0.00,0,2,1001.27,41.81,109.75,1001.27,41.21,109.55,0.41,1000.61,38.07,114.49,3.05,2.32,89.65,309.73,7902,0.75,0.76,9.57,1.00,0.03,-0.04,0.00,4.25,-3.90,-0.11,6,9,51,0,35.2902050,136.2528933,82.60, 0.03
26110,0.00,-0.21,9.55,1.00,-0.01,-0.00,0.00,-0.07,1.45,0.00,10.60,0.00,0,2,1001.27,41.81,109.77,1001.27,41.19,109.57,0.41,1000.61,38.07,114.50,2.92,2.27,89.56,309.73,7902,0.69,0.74,9.58,1.00,0.03,-0.04,0.00,4.25,-3.90,-0.11,6,9,51,0,35.2902050,136.2528933,82.60, 0.03
26167,0.02,-0.17,9.56,1.00,-0.01,-0.00,0.00,-0.07,1.45,0.00,10.60,0.00,0,2,1001.27,41.82,109.80,1001.27,41.18,109.57,0.41,1000.60,38.05,114.57,3.08,2.33,89.56,309.73,7902,0.66,0.70,9.60,1.00,0.03,-0.04,0.00,4.25,-3.90,-0.11,6,9,51,0,35.2902050,136.2528933,82.60, 0.03
26219,0.00,-0.23,9.53,1.00,-0.01,-0.00,0.00,-0.07,1.45,0.00,10.60,0.00,0,2,1001.27,41.82,109.76,1001.27,41.19,109.56,0.41,1000.60,38.07,114.58,3.23,2.39,89.56,309.73,7902,0.79,0.69,9.56,1.00,0.03,-0.04,0.00,4.25,-3.90,-0.11,6,9,51,0,35.2902050,136.2528933,82.60, 0.03
26279,0.00,-0.21,9.59,1.00,-0.01,-0.00,0.00,-0.07,1.45,0.00,10.61,0.00,0,2,1001.27,41.80,109.78,1001.26,41.19,109.56,0.41,1000.60,38.05,114.59,3.23,2.39,89.56,309.64,7903,0.78,0.67,9.55,1.00,0.03,-0.04,0.00,4.25,-3.90,-0.11,6,9,51,0,35.2902050,136.2528933,82.60, 0.03
26331,0.05,-0.19,9.57,1.00,-0.01,-0.00,0.00,-0.07,1.45,0.00,10.61,0.00,0,2,1001.27,41.81,109.80,1001.27,41.20,109.54,0.41,1000.60,38.05,114.59,3.05,2.32,89.56,309.46,7902,0.62,0.68,9.58,1.00,0.03,-0.04,0.00,4.25,-3.90,-0.11,6,9,51,0,35.2902050,136.2528933,82.60, 0.03
26382,0.02,-0.22,9.52,1.00,-0.01,-0.00,0.00,-0.07,1.45,0.00,10.63,0.00,0,2,1001.26,41.80,109.83,1001.27,41.19,109.57,0.41,1000.60,38.07,114.58,2.73,2.20,89.56,309.46,7903,0.65,0.71,9.58,1.00,0.03,-0.04,0.00,4.25,-3.90,-0.11,6,9,51,0,35.2902050,136.2528933,82.60, 0.03
26439,0.00,-0.19,9.60,1.00,-0.01,-0.00,0.00,-0.07,1.45,0.00,10.63,0.00,0,2,1001.26,41.78,109.81,1001.27,41.18,109.55,0.41,1000.60,38.06,114.59,2.10,1.93,90.44,309.46,7903,0.79,0.60,9.57,1.00,0.03,-0.04,0.00,4.25,-3.90,-0.11,6,9,51,0,35.2902050,136.2528933,82.60, 0.03
26497,-0.01,-0.20,9.52,1.00,-0.01,-0.00,0.00,-0.07,1.45,0.00,10.63,0.00,0,2,1001.26,41.80,109.81,1001.26,41.19,109.57,0.41,1000.60,38.05,114.59,2.12,1.93,93.52,309.38,7902,0.79,0.75,9.55,1.00,0.03,-0.04,0.00,4.25,-3.90,-0.11,6,9,51,0,35.2902050,136.2528933,82.60, 0.03
26550,0.03,-0.21,9.58,1.00,-0.01,-0.00,0.00,-0.07,1.45,0.00,10.63,0.00,0,2,1001.26,41.80,109.82,1001.27,41.18,109.53,0.41,1000.60,38.06,114.55,2.23,1.99,95.36,309.38,7902,0.60,0.65,9.58,1.00,0.03,-0.04,0.00,4.25,-3.90,-0.11,6,9,52,0,35.2902033,136.2528950,82.60, 0.03
26606,0.07,-0.21,9.61,1.00,-0.01,-0.00,0.00,-0.07,1.45,0.00,10.63,0.00,0,2,1001.26,41.80,109.81,1001.27,41.18,109.57,0.41,1000.60,38.06,114.56,2.57,2.13,96.33,309.38,7902,0.61,0.81,9.61,1.00,0.03,-0.04,0.00,4.25,-3.90,-0.11,6,9,52,0,35.2902033,136.2528950,82.60, 0.03
26658,0.00,-0.22,9.52,1.00,-0.01,-0.00,0.00,-0.07,1.45,0.00,10.61,0.00,0,2,1001.27,41.80,109.79,1001.27,41.19,109.57,0.41,1000.60,38.05,114.52,2.48,2.09,95.80,309.46,7903,0.76,0.63,9.52,1.00,0.03,-0.04,0.00,4.25,-3.90,-0.11,6,9,52,0,35.2902033,136.2528950,82.60, 0.03
26716,-0.08,-0.20,9.51,1.00,-0.01,-0.00,0.00,-0.07,1.45,0.00,10.62,0.00,0,2,1001.27,41.77,109.78,1001.27,41.19,109.58,0.41,1000.60,38.07,114.52,2.88,2.26,95.54,309.46,7903,0.72,0.60,9.54,1.00,0.03,-0.04,0.00,4.25,-3.90,-0.11,6,9,52,0,35.2902033,136.2528950,82.60, 0.03
26770,0.01,-0.23,9.59,1.00,-0.01,-0.00,0.00,-0.07,1.45,0.00,10.61,0.00,0,2,1001.26,41.78,109.81,1001.26,41.18,109.58,0.41,1000.60,38.07,114.56,3.35,2.43,95.45,309.46,7903,0.64,0.70,9.57,1.00,0.03,-0.04,0.00,4.25,-3.90,-0.11,6,9,52,0,35.2902033,136.2528950,82.60, 0.03
26827,0.05,-0.24,9.54,1.00,-0.01,-0.00,0.00,-0.07,1.45,0.00,10.61,0.00,0,2,1001.26,41.79,109.80,1001.26,41.19,109.60,0.41,1000.60,38.06,114.57,2.60,2.14,95.27,309.46,7902,0.64,0.59,9.53,1.00,0.03,-0.04,0.00,4.25,-3.90,-0.11,6,9,52,0,35.2902033,136.2528950,82.60, 0.03
26878,0.02,-0.15,9.61,1.00,-0.01,-0.00,0.00,-0.07,1.45,0.00,10.62,0.00,0,2,1001.27,41.79,109.74,1001.27,41.18,109.57,0.41,1000.60,38.07,114.58,2.13,1.94,95.27,309.38,7903,0.68,0.66,9.58,1.00,0.03,-0.04,0.00,4.25,-3.90,-0.11,6,9,52,0,35.2902033,136.2528950,82.60, 0.03
26933,0.00,-0.25,9.56,1.00,-0.01,-0.00,0.00,-0.07,1.45,0.00,10.62,0.00,0,2,1001.26,41.79,109.81,1001.27,41.18,109.57,0.41,1000.60,38.07,114.59,2.43,2.07,95.27,309.38,7903,0.67,0.74,9.62,1.00,0.03,-0.04,0.00,4.25,-3.90,-0.11,6,9,52,0,35.2902033,136.2528950,82.60, 0.03
26988,0.02,-0.18,9.60,1.00,-0.01,-0.00,0.00,-0.07,1.45,0.00,10.61,0.00,0,2,1001.26,41.78,109.81,1001.27,41.19,109.57,0.41,1000.60,38.07,114.56,2.72,2.19,95.19,309.38,7903,0.73,0.67,9.55,1.00,0.03,-0.04,0.00,4.25,-3.90,-0.11,6,9,52,0,35.2902033,136.2528950,82.60, 0.03
27041,-0.01,-0.18,9.53,1.00,-0.01,-0.00,0.00,-0.07,1.45,0.00,10.62,0.00,0,2,1001.26,41.78,109.80,1001.27,41.19,109.58,0.41,1000.60,38.07,114.58,1.72,1.74,94.83,309.38,7903,0.77,0.85,9.61,1.00,0.03,-0.04,0.00,4.25,-3.90,-0.11,6,9,52,0,35.2902033,136.2528950,82.60, 0.03
27098,0.01,-0.19,9.51,1.00,-0.01,-0.00,0.00,-0.07,1.45,0.00,10.62,0.00,0,2,1001.27,41.79,109.79,1001.26,41.18,109.59,0.41,1000.60,38.08,114.57,1.65,1.71,92.37,309.38,7903,0.69,0.53,9.48,1.00,0.03,-0.04,0.00,4.25,-3.90,-0.11,6,9,52,0,35.2902033,136.2528950,82.60, 0.03
27154,0.00,-0.19,9.61,1.00,-0.01,-0.00,0.00,-0.07,1.45,0.00,10.61,0.00,0,2,1001.26,41.78,109.80,1001.26,41.16,109.58,0.41,1000.60,38.07,114.53,1.90,1.83,91.41,309.38,7903,0.72,0.49,9.52,1.00,0.03,-0.04,0.00,4.25,-3.90,-0.11,6,9,52,0,35.2902033,136.2528950,82.60, 0.03
27208,0.03,-0.18,9.53,1.00,-0.01,-0.00,0.00,-0.07,1.45,0.00,10.61,0.00,0,2,1001.26,41.78,109.81,1001.26,41.18,109.59,0.41,1000.60,38.07,114.56,3.00,2.30,92.99,309.38,7903,0.74,0.51,9.47,1.00,0.03,-0.04,0.00,4.25,-3.90,-0.11,6,9,52,0,35.2902033,136.2528950,82.60, 0.03
27264,0.03,-0.21,9.60,1.00,-0.01,-0.00,0.00,-0.07,1.45,0.00,10.61,0.00,0,2,1001.26,41.78,109.80,1001.27,41.19,109.57,0.41,1000.60,38.06,114.53,2.23,1.99,95.19,309.46,7903,0.70,0.55,9.52,1.00,0.03,-0.04,0.00,4.25,-3.90,-0.11,6,9,52,0,35.2902033,136.2528950,82.60, 0.03
27318,0.03,-0.21,9.56,1.00,-0.01,-0.00,0.00,-0.07,1.45,0.00,10.61,0.00,0,2,1001.26,41.78,109.80,1001.26,41.17,109.61,0.41,1000.60,38.06,114.58,1.92,1.84,92.72,309.46,7903,0.73,0.75,9.59,1.00,0.03,-0.04,0.00,4.25,-3.90,-0.11,6,9,52,0,35.2902033,136.2528950,82.60, 0.03
27376,0.00,-0.22,9.57,1.00,-0.01,-0.00,0.00,-0.07,1.45,0.00,10.61,0.00,0,2,1001.26,41.78,109.79,1001.26,41.18,109.58,0.41,1000.60,38.06,114.60,2.23,1.99,89.56,309.46,7902,0.75,0.67,9.61,1.00,0.03,-0.04,0.00,4.25,-3.90,-0.11,6,9,52,0,35.2902033,136.2528950,82.60, 0.04
27428,0.02,-0.20,9.57,1.00,-0.01,-0.00,0.00,-0.07,1.45,0.00,10.62,0.00,0,2,1001.27,41.78,109.74,1001.27,41.18,109.57,0.41,1000.60,38.06,114.58,2.03,1.89,88.95,309.38,7902,0.72,0.66,9.55,1.00,0.03,-0.04,0.00,4.25,-3.90,-0.11,6,9,52,0,35.2902033,136.2528950,82.60, 0.04
27482,0.00,-0.19,9.56,1.00,-0.01,-0.00,0.00,-0.07,1.45,0.00,10.61,0.00,0,2,1001.27,41.77,109.75,1001.27,41.18,109.57,0.41,1000.60,38.07,114.58,2.05,1.90,89.74,309.46,7902,0.72,0.67,9.56,1.00,0.03,-0.04,0.00,4.25,-3.90,-0.11,6,9,52,0,35.2902033,136.2528950,82.60, 0.04
27538,0.01,-0.22,9.57,1.00,-0.01,-0.00,0.00,-0.07,1.45,0.00,10.61,0.00,0,2,1001.27,41.77,109.78,1001.26,41.18,109.59,0.41,1000.61,38.07,114.51,2.93,2.28,90.09,309.46,7903,0.69,0.70,9.61,1.00,0.03,-0.04,0.00,4.25,-3.90,-0.11,6,9,52,0,35.2902033,136.2528950,82.60, 0.04
27595,0.02,-0.20,9.57,1.00,-0.01,-0.00,0.00,-0.07,1.45,0.00,10.58,0.00,0,2,1001.27,41.77,109.74,1001.27,41.19,109.56,0.41,1000.61,38.06,114.48,3.30,2.41,90.09,309.46,7902,0.73,0.69,9.57,1.00,0.03,-0.04,0.00,4.25,-3.90,-0.11,6,9,52,0,35.2902033,136.2528950,82.60, 0.04
27647,0.01,-0.23,9.58,1.00,-0.01,-0.00,0.00,-0.07,1.45,0.00,10.56,0.00,0,2,1001.27,41.79,109.74,1001.26,41.18,109.59,0.41,1000.60,38.07,114.53,1.77,1.77,89.03,309.46,7903,0.78,0.78,9.58,1.00,0.03,-0.04,0.00,4.25,-3.90,-0.11,6,9,52,0,35.2902033,136.2528950,82.60, 0.04
27704,-0.02,-0.21,9.57,1.00,-0.01,-0.00,0.00,-0.07,1.45,0.00,10.56,0.00,0,2,1001.27,41.78,109.76,1001.27,41.18,109.57,0.41,1000.60,38.07,114.56,0.62,1.04,84.29,309.46,7903,0.67,0.56,9.53,1.00,0.03,-0.04,0.00,4.25,-3.90,-0.11,6,9,52,0,35.2902033,136.2528950,82.60, 0.04
27756,0.00,-0.20,9.58,1.00,-0.01,-0.00,0.00,-0.07,1.45,0.00,10.56,0.00,0,2,1001.27,41.78,109.76,1001.27,41.18,109.57,0.41,1000.60,38.07,114.54,1.67,1.72,82.18,309.46,7903,0.76,0.56,9.55,1.00,0.03,-0.04,0.00,4.25,-3.90,-0.11,6,9,52,0,35.2902033,136.2528950,82.60, 0.04
27815,0.01,-0.22,9.52,1.00,-0.01,-0.00,0.00,-0.07,1.45,0.00,10.58,0.00,0,2,1001.27,41.78,109.77,1001.27,41.17,109.56,0.41,1000.61,38.06,114.50,2.50,2.10,80.16,309.46,7903,0.71,0.61,9.54,1.00,0.03,-0.04,0.00,4.25,-3.90,-0.11,6,9,52,0,35.2902033,136.2528950,82.60, 0.04
27868,0.01,-0.21,9.55,1.00,-0.01,-0.00,0.00,-0.07,1.45,0.00,10.59,0.00,0,2,1001.27,41.78,109.76,1001.26,41.18,109.59,0.41,1000.61,38.07,114.48,1.80,1.78,80.24,309.46,7903,0.71,0.62,9.55,1.00,0.03,-0.04,0.00,4.25,-3.90,-0.11,6,9,52,0,35.2902033,136.2528950,82.60, 0.04
27925,0.00,-0.21,9.55,1.00,-0.01,-0.00,0.00,-0.07,1.45,0.00,10.58,0.00,0,2,1001.27,41.78,109.74,1001.27,41.18,109.58,0.41,1000.61,38.07,114.45,1.65,1.71,81.65,309.38,7903,0.75,0.69,9.55,1.00,0.03,-0.04,0.00,4.25,-3.90,-0.11,6,9,52,0,35.2902033,136.2528950,82.60, 0.04
27977,0.00,-0.20,9.59,1.00,-0.01,-0.00,0.00,-0.07,1.45,0.00,10.57,0.00,0,2,1001.27,41.78,109.72,1001.27,41.19,109.57,0.41,1000.61,38.07,114.45,1.80,1.78,86.57,309.38,7903,0.71,0.68,9.57,1.00,0.03,-0.04,0.00,4.25,-3.90,-0.11,6,9,52,0,35.2902033,136.2528950,82.60, 0.04
28035,0.03,-0.20,9.58,1.00,-0.01,-0.00,0.00,-0.07,1.45,0.00,10.58,0.00,0,2,1001.26,41.77,109.80,1001.27,41.17,109.57,0.41,1000.61,38.08,114.45,2.73,2.20,93.69,309.38,7902,0.67,0.69,9.56,1.00,0.03,-0.04,0.00,4.25,-3.90,-0.11,6,9,52,0,35.2902033,136.2528950,82.60, 0.04
28092,0.00,-0.20,9.58,1.00,-0.01,-0.00,0.00,-0.07,1.45,0.00,10.58,0.00,0,2,1001.26,41.77,109.83,1001.27,41.19,109.56,0.41,1000.61,38.08,114.45,2.75,2.20,97.21,309.38,7903,0.70,0.68,9.57,1.00,0.03,-0.04,0.00,4.25,-3.90,-0.11,6,9,52,0,35.2902033,136.2528950,82.60, 0.04
28146,0.01,-0.15,9.55,1.00,-0.01,-0.00,0.00,-0.07,1.45,0.00,10.58,0.00,0,2,1001.26,41.79,109.80,1001.27,41.18,109.57,0.41,1000.61,38.08,114.45,2.03,1.89,102.48,309.38,7903,0.72,0.61,9.54,1.00,0.03,-0.04,0.00,4.25,-3.90,-0.11,6,9,52,0,35.2902033,136.2528950,82.60, 0.04
28202,0.03,-0.21,9.59,1.00,-0.01,-0.00,0.00,-0.07,1.45,0.00,10.59,0.00,0,2,1001.27,41.78,109.77,1001.27,41.17,109.58,0.41,1000.61,38.07,114.47,2.02,1.89,103.10,309.38,7903,0.68,0.66,9.57,1.00,0.03,-0.04,0.00,4.25,-3.90,-0.11,6,9,52,0,35.2902033,136.2528950,82.60, 0.04
28256,0.01,-0.17,9.55,1.00,-0.01,-0.00,0.00,-0.07,1.45,0.00,10.60,0.00,0,2,1001.26,41.77,109.79,1001.26,41.16,109.59,0.41,1000.61,38.07,114.49,2.02,1.89,102.48,309.38,7903,0.67,0.62,9.53,1.00,0.03,-0.04,0.00,4.25,-3.90,-0.11,6,9,52,0,35.2902033,136.2528950,82.60, 0.04
28314,0.03,-0.21,9.60,1.00,-0.01,-0.00,0.00,-0.07,1.45,0.00,10.61,0.00,0,2,1001.26,41.78,109.81,1001.26,41.17,109.56,0.41,1000.60,38.08,114.56,1.87,1.82,100.55,309.38,7903,0.72,0.62,9.53,1.00,0.03,-0.04,0.00,4.25,-3.90,-0.11,6,9,52,0,35.2902033,136.2528950,82.60, 0.04
28366,-0.01,-0.20,9.56,1.00,-0.01,-0.00,0.00,-0.07,1.45,0.00,10.61,0.00,0,2,1001.27,41.77,109.78,1001.26,41.17,109.59,0.41,1000.60,38.06,114.53,1.78,1.77,98.61,309.38,7903,0.74,0.71,9.57,1.00,0.03,-0.04,0.00,4.25,-3.90,-0.11,6,9,52,0,35.2902033,136.2528950,82.60, 0.04
28420,0.02,-0.18,9.57,1.00,-0.01,-0.00,0.00,-0.07,1.45,0.00,10.61,0.00,0,2,1001.26,41.78,109.79,1001.26,41.17,109.63,0.41,1000.61,38.08,114.48,2.20,1.97,96.33,309.38,7903,0.71,0.62,9.57,1.00,0.03,-0.04,0.00,4.25,-3.90,-0.11,6,9,53,0,35.2902000,136.2528933,82.60, 0.09
28474,0.04,-0.22,9.58,1.00,-0.01,-0.00,0.00,-0.07,1.45,0.00,10.61,0.00,0,2,1001.27,41.78,109.78,1001.26,41.17,109.63,0.41,1000.60,38.07,114.56,2.58,2.14,96.42,309.38,7903,0.68,0.72,9.58,1.00,0.03,-0.04,0.00,4.25,-3.90,-0.11,6,9,53,0,35.2902000,136.2528933,82.60, 0.09
28528,0.02,-0.21,9.56,1.00,-0.01,-0.00,0.00,-0.07,1.45,0.00,10.61,0.00,0,2,1001.26,41.78,109.80,1001.27,41.18,109.59,0.41,1000.60,38.08,114.52,2.37,2.04,96.24,309.38,7903,0.73,0.70,9.52,1.00,0.03,-0.04,0.00,4.25,-3.90,-0.11,6,9,54,0,35.2901983,136.2528933,82.60, 0.09
28586,0.00,-0.24,9.59,1.00,-0.01,-0.00,0.00,-0.07,1.45,0.00,10.61,0.00,0,2,1001.26,41.78,109.80,1001.26,41.19,109.60,0.41,1000.61,38.08,114.51,2.33,2.03,95.62,309.38,7903,0.70,0.66,9.54,1.00,0.03,-0.04,0.00,4.25,-3.90,-0.11,6,9,54,0,35.2901983,136.2528933,82.60, 0.09
28642,0.00,-0.21,9.53,1.00,-0.01,-0.00,0.00,-0.07,1.45,0.00,10.61,0.00,0,2,1001.27,41.77,109.77,1001.27,41.18,109.57,0.41,1000.60,38.08,114.54,2.23,1.99,95.01,309.38,7904,0.72,0.64,9.54,1.00,0.03,-0.04,0.00,4.25,-3.90,-0.11,6,9,54,0,35.2901983,136.2528933,82.60, 0.09
28695,0.00,-0.19,9.58,1.00,-0.01,-0.00,0.00,-0.07,1.45,0.00,10.61,0.00,0,2,1001.26,41.78,109.80,1001.27,41.18,109.55,0.41,1000.60,38.06,114.55,2.17,1.96,94.92,309.38,7902,0.67,0.61,9.52,1.00,0.03,-0.04,0.00,4.25,-3.90,-0.11,6,9,54,0,35.2901983,136.2528933,82.60, 0.09
28753,0.02,-0.22,9.54,1.00,-0.01,-0.00,0.00,-0.07,1.45,0.00,10.61,0.00,0,2,1001.27,41.77,109.76,1001.26,41.18,109.58,0.41,1000.60,38.06,114.57,2.32,2.02,94.83,309.38,7902,0.70,0.65,9.55,1.00,0.03,-0.04,0.00,4.25,-3.90,-0.11,6,9,54,0,35.2901983,136.2528933,82.60, 0.09
28804,0.00,-0.16,9.58,1.00,-0.01,-0.00,0.00,-0.07,1.45,0.00,10.61,0.00,0,2,1001.27,41.78,109.77,1001.27,41.18,109.59,0.41,1000.60,38.06,114.59,2.33,2.03,94.83,309.38,7903,0.71,0.72,9.61,1.00,0.03,-0.04,0.00,4.25,-3.90,-0.11,6,9,54,0,35.2901983,136.2528933,82.60, 0.09
28862,-0.01,-0.22,9.57,1.00,-0.01,-0.00,0.00,-0.07,1.45,0.00,10.60,0.00,0,2,1001.27,41.78,109.74,1001.27,41.17,109.58,0.41,1000.60,38.05,114.57,2.03,1.89,94.75,309.38,7903,0.69,0.72,9.58,1.00,0.03,-0.04,0.00,4.25,-3.90,-0.11,6,9,54,0,35.2901983,136.2528933,82.60, 0.09
28913,0.00,-0.19,9.55,1.00,-0.01,-0.00,0.00,-0.07,1.45,0.00,10.60,0.00,0,2,1001.27,41.78,109.78,1001.27,41.18,109.55,0.41,1000.60,38.06,114.55,2.00,1.88,94.75,309.38,7903,0.70,0.71,9.60,1.00,0.03,-0.04,0.00,4.25,-3.90,-0.11,6,9,54,0,35.2901983,136.2528933,82.60, 0.09
28970,0.02,-0.16,9.56,1.00,-0.01,-0.00,0.00,-0.07,1.45,0.00,10.60,0.00,0,2,1001.26,41.78,109.80,1001.27,41.19,109.55,0.41,1000.60,38.05,114.59,2.03,1.89,94.75,309.38,7902,0.74,0.73,9.61,1.00,0.03,-0.04,0.00,4.25,-3.90,-0.11,6,9,54,0,35.2901983,136.2528933,82.60, 0.09
29023,0.02,-0.20,9.55,1.00,-0.01,-0.00,0.00,-0.07,1.45,0.00,10.60,0.00,0,2,1001.27,41.77,109.77,1001.27,41.18,109.54,0.41,1000.60,38.07,114.56,1.92,1.84,94.57,309.38,7902,0.71,0.54,9.52,1.00,0.03,-0.04,0.00,4.25,-3.90,-0.11,6,9,54,0,35.2901983,136.2528933,82.60, 0.09
29078,0.00,-0.22,9.55,1.00,-0.01,-0.00,0.00,-0.07,1.45,0.00,10.60,0.00,0,2,1001.27,41.78,109.76,1001.26,41.18,109.57,0.41,1000.60,38.05,114.54,1.85,1.81,94.57,309.38,7902,0.73,0.60,9.54,1.00,0.03,-0.04,0.00,4.25,-3.90,-0.11,6,9,54,0,35.2901983,136.2528933,82.60, 0.09
29134,0.01,-0.24,9.58,1.00,-0.01,-0.00,0.00,-0.07,1.45,0.00,10.59,0.00,0,2,1001.27,41.77,109.76,1001.27,41.18,109.55,0.41,1000.60,38.05,114.54,2.02,1.89,94.57,309.38,7903,0.72,0.64,9.56,1.00,0.03,-0.04,0.00,4.25,-3.90,-0.11,6,9,54,0,35.2901983,136.2528933,82.60, 0.09
29187,-0.03,-0.20,9.61,1.00,-0.01,-0.00,0.00,-0.07,1.45,0.00,10.59,0.00,0,2,1001.26,41.77,109.80,1001.27,41.18,109.57,0.41,1000.60,38.06,114.52,1.95,1.86,94.48,309.38,7903,0.73,0.64,9.51,1.00,0.03,-0.04,0.00,4.25,-3.90,-0.11,6,9,54,0,35.2901983,136.2528933,82.60, 0.09
29242,0.00,-0.19,9.61,1.00,-0.01,-0.00,0.00,-0.07,1.45,0.00,10.59,0.00,0,2,1001.26,41.76,109.79,1001.26,41.18,109.58,0.41,1000.60,38.05,114.52,1.82,1.79,94.48,309.38,7902,0.72,0.67,9.58,1.00,0.03,-0.04,0.00,4.25,-3.90,-0.11,6,9,54,0,35.2901983,136.2528933,82.60, 0.09
29295,0.04,-0.21,9.54,1.00,-0.01,-0.00,0.00,-0.07,1.45,0.00,10.60,0.00,0,2,1001.27,41.75,109.78,1001.27,41.19,109.53,0.41,1000.60,38.06,114.53,2.07,1.91,94.22,309.38,7903,0.68,0.68,9.56,1.00,0.03,-0.04,0.00,4.25,-3.90,-0.11,6,9,54,0,35.2901983,136.2528933,82.60, 0.09
29353,-0.01,-0.21,9.56,1.00,-0.01,-0.00,0.00,-0.07,1.45,0.00,10.59,0.00,0,2,1001.27,41.76,109.76,1001.27,41.19,109.56,0.41,1000.60,38.07,114.52,2.13,1.94,94.13,309.38,7903,0.76,0.69,9.54,1.00,0.03,-0.04,0.00,4.25,-3.90,-0.11,6,9,54,0,35.2901983,136.2528933,82.60, 0.09
29409,-0.01,-0.20,9.53,1.00,-0.01,-0.00,0.00,-0.07,1.45,0.00,10.58,0.00,0,2,1001.27,41.78,109.74,1001.27,41.18,109.57,0.41,1000.60,38.06,114.55,2.22,1.98,94.13,309.38,7902,0.70,0.67,9.57,1.00,0.03,-0.04,0.00,4.25,-3.90,-0.11,6,9,54,0,35.2901983,136.2528933,82.60, 0.06
29462,0.03,-0.23,9.57,1.00,-0.01,-0.00,0.00,-0.07,1.45,0.00,10.60,0.00,0,2,1001.27,41.77,109.78,1001.27,41.19,109.55,0.41,1000.60,38.07,114.52,2.03,1.89,93.96,309.38,7903,0.71,0.72,9.52,1.00,0.03,-0.04,0.00,4.25,-3.90,-0.11,6,9,54,0,35.2901983,136.2528933,82.60, 0.06
29520,0.00,-0.22,9.54,1.00,-0.01,-0.00,0.00,-0.07,1.45,0.00,10.60,0.00,0,2,1001.26,41.76,109.79,1001.27,41.20,109.57,0.41,1000.61,38.05,114.50,1.80,1.78,93.87,309.38,7903,0.74,0.67,9.58,1.00,0.03,-0.04,0.00,4.25,-3.90,-0.11,6,9,55,0,35.2901967,136.2528917,82.60, 0.06
29574,-0.01,-0.21,9.59,1.00,-0.01,-0.00,0.00,-0.07,1.45,0.00,10.60,0.00,0,2,1001.26,41.76,109.82,1001.27,41.19,109.55,0.41,1000.61,38.08,114.50,1.80,1.78,93.87,309.38,7902,0.79,0.66,9.57,1.00,0.03,-0.04,0.00,4.25,-3.90,-0.11,6,9,55,0,35.2901967,136.2528917,82.60, 0.06
29628,-0.02,-0.21,9.55,1.00,-0.01,-0.00,0.00,-0.07,1.45,0.00,10.60,0.00,0,2,1001.26,41.76,109.79,1001.26,41.18,109.58,0.41,1000.61,38.07,114.49,1.30,1.51,94.13,309.38,7903,0.68,0.68,9.57,1.00,0.03,-0.04,0.00,4.25,-3.90,-0.11,6,9,55,0,35.2901967,136.2528917,82.60, 0.06
29682,0.03,-0.20,9.55,1.00,-0.01,-0.00,0.00,-0.07,1.45,0.00,10.59,0.00,0,2,1001.26,41.76,109.81,1001.27,41.18,109.55,0.41,1000.61,38.05,114.49,1.03,1.35,94.13,309.38,7902,0.74,0.65,9.54,1.00,0.03,-0.04,0.00,4.25,-3.90,-0.11,6,9,55,0,35.2901967,136.2528917,82.60, 0.06
29739,0.08,-0.19,9.59,1.00,-0.01,-0.00,0.00,-0.07,1.45,0.00,10.60,0.00,0,2,1001.27,41.77,109.78,1001.27,41.19,109.56,0.41,1000.61,38.06,114.50,0.53,0.97,93.08,309.38,7903,0.69,0.62,9.57,1.00,0.03,-0.04,0.00,4.25,-3.90,-0.11,6,9,55,0,35.2901967,136.2528917,82.60, 0.06
29792,0.03,-0.18,9.57,1.00,-0.01,-0.00,0.00,-0.07,1.45,0.00,10.59,0.00,0,2,1001.26,41.76,109.81,1001.27,41.18,109.56,0.41,1000.60,38.05,114.54,0.53,0.97,92.29,309.38,7903,0.69,0.67,9.56,1.00,0.03,-0.04,0.00,4.25,-3.90,-0.11,6,9,55,0,35.2901967,136.2528917,82.60, 0.06
29851,0.00,-0.21,9.57,1.00,-0.01,-0.00,0.00,-0.07,1.45,0.00,10.59,0.00,0,2,1001.27,41.76,109.77,1001.27,41.19,109.57,0.41,1000.61,38.07,114.49,0.45,0.89,92.11,309.38,7903,0.73,0.67,9.54,1.00,0.03,-0.04,0.00,4.25,-3.90,-0.11,6,9,55,0,35.2901967,136.2528917,82.60, 0.06
29903,0.00,-0.15,9.56,1.00,-0.01,-0.00,0.00,-0.07,1.45,0.00,10.60,0.00,0,2,1001.26,41.77,109.80,1001.26,41.18,109.58,0.41,1000.61,38.07,114.47,0.82,1.20,92.02,309.38,7902,0.75,0.67,9.54,1.00,0.03,-0.04,0.00,4.25,-3.90,-0.11,6,9,55,0,35.2901967,136.2528917,82.60, 0.06
29960,0.00,-0.19,9.56,1.00,-0.01,-0.00,0.00,-0.07,1.45,0.00,10.61,0.00,0,2,1001.26,41.77,109.80,1001.26,41.18,109.58,0.41,1000.61,38.07,114.49,1.00,1.33,92.02,309.38,7902,0.61,0.71,9.61,1.00,0.03,-0.04,0.00,4.25,-3.90,-0.11,6,9,55,0,35.2901967,136.2528917,82.60, 0.06
30012,0.00,-0.21,9.55,1.00,-0.01,-0.00,0.00,-0.07,1.45,0.00,10.61,0.00,0,2,1001.26,41.76,109.80,1001.27,41.18,109.57,0.41,1000.60,38.08,114.52,1.78,1.77,91.41,309.38,7903,0.67,0.64,9.59,1.00,0.03,-0.04,0.00,4.25,-3.90,-0.11,6,9,55,0,35.2901967,136.2528917,82.60, 0.06
30068,-0.02,-0.18,9.52,1.00,-0.01,-0.00,0.00,-0.07,1.45,0.00,10.62,0.00,0,2,1001.26,41.76,109.84,1001.26,41.18,109.61,0.41,1000.61,38.07,114.47,1.30,1.51,90.79,309.38,7902,0.75,0.67,9.53,1.00,0.03,-0.04,0.00,4.25,-3.90,-0.11,6,9,55,0,35.2901967,136.2528917,82.60, 0.06
30122,0.02,-0.21,9.59,1.00,-0.01,-0.00,0.00,-0.07,1.45,0.00,10.63,0.00,0,2,1001.26,41.75,109.81,1001.26,41.18,109.62,0.41,1000.61,38.07,114.51,1.23,1.48,90.35,309.38,7902,0.69,0.67,9.56,1.00,0.03,-0.04,0.00,4.25,-3.90,-0.11,6,9,55,0,35.2901967,136.2528917,82.60, 0.06
30175,0.03,-0.19,9.58,1.00,-0.01,-0.00,0.00,-0.07,1.45,0.00,10.63,0.00,0,2,1001.26,41.76,109.79,1001.26,41.18,109.60,0.41,1000.60,38.06,114.55,0.70,1.11,90.09,309.38,7903,0.68,0.62,9.55,1.00,0.03,-0.04,0.00,4.25,-3.90,-0.11,6,9,55,0,35.2901967,136.2528917,82.60, 0.06
30232,0.01,-0.20,9.56,1.00,-0.01,-0.00,0.00,-0.07,1.45,0.00,10.62,0.00,0,2,1001.26,41.75,109.80,1001.27,41.19,109.55,0.41,1000.60,38.08,114.56,1.30,1.51,89.56,309.38,7902,0.79,0.68,9.54,1.00,0.03,-0.04,0.00,4.25,-3.90,-0.11,6,9,55,0,35.2901967,136.2528917,82.60, 0.06
30287,-0.01,-0.24,9.57,1.00,-0.01,-0.00,0.00,-0.07,1.45,0.00,10.61,0.00,0,2,1001.26,41.76,109.79,1001.26,41.19,109.55,0.41,1000.61,38.08,114.50,1.53,1.65,89.38,309.38,7902,0.75,0.67,9.58,1.00,0.03,-0.04,0.00,4.25,-3.90,-0.11,6,9,55,0,35.2901967,136.2528917,82.60, 0.06
30342,0.02,-0.21,9.61,1.00,-0.01,-0.00,0.00,-0.07,1.45,0.00,10.61,0.00,0,2,1001.26,41.76,109.81,1001.26,41.18,109.59,0.41,1000.61,38.09,114.50,1.73,1.75,91.14,309.38,7903,0.65,0.68,9.56,1.00,0.03,-0.04,0.00,4.25,-3.90,-0.11,6,9,55,0,35.2901967,136.2528917,82.60, 0.07
30400,0.04,-0.24,9.57,1.00,-0.01,-0.00,0.00,-0.07,1.45,0.00,10.61,0.00,0,2,1001.27,41.77,109.78,1001.26,41.19,109.58,0.41,1000.61,38.08,114.50,2.15,1.95,91.14,309.38,7902,0.65,0.68,9.59,1.00,0.03,-0.04,0.00,4.25,-3.90,-0.11,6,9,55,0,35.2901967,136.2528917,82.60, 0.07
30451,0.00,-0.19,9.59,1.00,-0.01,-0.00,0.00,-0.07,1.45,0.00,10.61,0.00,0,2,1001.26,41.76,109.85,1001.26,41.18,109.60,0.41,1000.61,38.07,114.51,2.38,2.05,91.05,309.38,7901,0.80,0.66,9.52,1.00,0.03,-0.04,0.00,4.25,-3.90,-0.11,6,9,55,0,35.2901967,136.2528917,82.60, 0.07
30508,0.00,-0.17,9.59,1.00,-0.01,-0.00,0.00,-0.07,1.45,0.00,10.61,0.00,0,2,1001.26,41.77,109.82,1001.26,41.18,109.62,0.41,1000.60,38.07,114.53,1.90,1.83,90.79,309.38,7902,0.73,0.62,9.58,1.00,0.03,-0.04,0.00,4.25,-3.90,-0.11,6,9,56,0,35.2901933,136.2528950,82.60, 0.07
30560,0.00,-0.23,9.55,1.00,-0.01,-0.00,0.00,-0.07,1.45,0.00,10.61,0.00,0,2,1001.26,41.77,109.80,1001.26,41.18,109.57,0.41,1000.60,38.07,114.53,2.28,2.01,90.88,309.38,7902,0.73,0.71,9.54,1.00,0.03,-0.04,0.00,4.25,-3.90,-0.11,6,9,56,0,35.2901933,136.2528950,82.60, 0.07
30618,0.00,-0.17,9.55,1.00,-0.01,-0.00,0.00,-0.07,1.45,0.00,10.62,0.00,0,2,1001.27,41.76,109.77,1001.26,41.16,109.56,0.41,1000.60,38.06,114.56,2.28,2.01,91.05,309.38,7903,0.75,0.65,9.54,1.00,0.03,-0.04,0.00,4.25,-3.90,-0.11,6,9,56,0,35.2901933,136.2528950,82.60, 0.07
30671,0.00,-0.20,9.58,1.00,-0.01,-0.00,0.00,-0.07,1.45,0.00,10.60,0.00,0,2,1001.26,41.75,109.79,1001.26,41.16,109.59,0.41,1000.60,38.06,114.56,1.97,1.86,90.88,309.38,7902,0.72,0.70,9.60,1.00,0.03,-0.04,0.00,4.25,-3.90,-0.11,6,9,56,0,35.2901933,136.2528950,82.60, 0.07
30723,0.00,-0.22,9.59,1.00,-0.01,-0.00,0.00,-0.07,1.45,0.00,10.60,0.00,0,2,1001.26,41.76,109.81,1001.26,41.18,109.57,0.41,1000.61,38.07,114.49,1.78,1.77,90.53,309.38,7902,0.74,0.71,9.54,1.00,0.03,-0.04,0.00,4.25,-3.90,-0.11,6,9,56,0,35.2901933,136.2528950,82.60, 0.07
30780,0.03,-0.15,9.60,1.00,-0.01,-0.00,0.00,-0.07,1.45,0.00,10.60,0.00,0,2,1001.26,41.75,109.81,1001.27,41.19,109.60,0.41,1000.60,38.07,114.57,1.95,1.86,90.70,309.38,7902,0.73,0.59,9.56,1.00,0.03,-0.04,0.00,4.25,-3.90,-0.11,6,9,56,0,35.2901933,136.2528950,82.60, 0.07
30837,0.00,-0.21,9.56,1.00,-0.01,-0.00,0.00,-0.07,1.45,0.00,10.61,0.00,0,2,1001.27,41.76,109.77,1001.26,41.18,109.57,0.41,1000.60,38.08,114.53,1.92,1.84,90.62,309.38,7902,0.75,0.68,9.55,1.00,0.03,-0.04,0.00,4.25,-3.90,-0.11,6,9,56,0,35.2901933,136.2528950,82.60, 0.07
30891,0.00,-0.19,9.58,1.00,-0.01,-0.00,0.00,-0.07,1.45,0.00,10.61,0.00,0,2,1001.27,41.76,109.77,1001.26,41.17,109.61,0.41,1000.61,38.08,114.50,1.87,1.82,90.62,309.38,7901,0.77,0.66,9.60,1.00,0.03,-0.04,0.00,4.25,-3.90,-0.11,6,9,56,0,35.2901933,136.2528950,82.60, 0.07
30945,0.03,-0.22,9.57,1.00,-0.01,-0.00,0.00,-0.07,1.45,0.00,10.59,0.00,0,2,1001.26,41.76,109.79,1001.26,41.18,109.60,0.41,1000.61,38.07,114.47,1.93,1.85,90.53,309.38,7903,0.71,0.64,9.58,1.00,0.03,-0.04,0.00,4.25,-3.90,-0.11,6,9,56,0,35.2901933,136.2528950,82.60, 0.07
30998,0.03,-0.18,9.56,1.00,-0.01,-0.00,0.00,-0.07,1.45,0.00,10.59,0.00,0,2,1001.27,41.77,109.78,1001.27,41.19,109.55,0.41,1000.61,38.07,114.51,2.23,1.99,90.62,309.38,7902,0.76,0.63,9.57,1.00,0.03,-0.04,0.00,4.25,-3.90,-0.11,6,9,56,0,35.2901933,136.2528950,82.60, 0.07
31056,0.04,-0.20,9.55,1.00,-0.01,-0.00,0.00,-0.07,1.45,0.00,10.59,0.00,0,2,1001.27,41.76,109.77,1001.27,41.19,109.58,0.41,1000.61,38.08,114.51,1.72,1.74,90.09,309.38,7903,0.69,0.62,9.54,1.00,0.03,-0.04,0.00,4.25,-3.90,-0.11,6,9,56,0,35.2901933,136.2528950,82.60, 0.07
31110,0.01,-0.22,9.60,1.00,-0.01,-0.00,0.00,-0.07,1.45,0.00,10.59,0.00,0,2,1001.27,41.76,109.77,1001.27,41.19,109.58,0.41,1000.61,38.08,114.52,1.50,1.63,90.00,309.38,7903,0.73,0.63,9.55,1.00,0.03,-0.04,0.00,4.25,-3.90,-0.11,6,9,56,0,35.2901933,136.2528950,82.60, 0.07
31166,-0.01,-0.20,9.55,1.00,-0.01,-0.00,0.00,-0.07,1.45,0.00,10.60,0.00,0,2,1001.26,41.77,109.82,1001.27,41.19,109.58,0.41,1000.60,38.08,114.55,1.73,1.75,90.09,309.38,7902,0.65,0.64,9.58,1.00,0.03,-0.04,0.00,4.25,-3.90,-0.11,6,9,56,0,35.2901933,136.2528950,82.60, 0.07
31218,0.01,-0.20,9.57,1.00,-0.01,-0.00,0.00,-0.07,1.45,0.00,10.60,0.00,0,2,1001.26,41.77,109.80,1001.26,41.19,109.58,0.41,1000.60,38.08,114.52,1.73,1.75,90.09,309.38,7902,0.74,0.73,9.54,1.00,0.03,-0.04,0.00,4.25,-3.90,-0.11,6,9,56,0,35.2901933,136.2528950,82.60, 0.07
31272,0.04,-0.22,9.61,1.00,-0.01,-0.00,0.00,-0.07,1.45,0.00,10.60,0.00,0,2,1001.26,41.77,109.80,1001.27,41.19,109.57,0.41,1000.61,38.08,114.48,1.15,1.42,90.09,309.38,7903,0.75,0.68,9.53,1.00,0.03,-0.04,0.00,4.25,-3.90,-0.11,6,9,56,0,35.2901933,136.2528950,82.60, 0.07
31329,0.02,-0.19,9.61,1.00,-0.01,-0.00,0.00,-0.07,1.45,0.00,10.60,0.00,0,2,1001.27,41.77,109.78,1001.26,41.19,109.58,0.41,1000.61,38.07,114.51,0.92,1.27,90.00,309.38,7902,0.67,0.69,9.54,1.00,0.03,-0.04,0.00,4.25,-3.90,-0.11,6,9,56,0,35.2901933,136.2528950,82.60, 0.02
31386,0.01,-0.17,9.57,1.00,-0.01,-0.00,0.00,-0.07,1.45,0.00,10.59,0.00,0,2,1001.26,41.76,109.79,1001.26,41.19,109.59,0.41,1000.60,38.07,114.53,1.53,1.65,90.18,309.38,7903,0.79,0.60,9.57,1.00,0.03,-0.04,0.00,4.25,-3.90,-0.11,6,9,56,0,35.2901933,136.2528950,82.60, 0.02
31438,0.02,-0.17,9.56,1.00,-0.01,-0.00,0.00,-0.07,1.45,0.00,10.61,0.00,0,2,1001.26,41.77,109.82,1001.27,41.19,109.58,0.41,1000.60,38.08,114.54,1.73,1.75,90.44,309.38,7903,0.78,0.72,9.57,1.00,0.03,-0.04,0.00,4.25,-3.90,-0.11,6,9,56,0,35.2901933,136.2528950,82.60, 0.02
31491,0.01,-0.19,9.57,1.00,-0.01,-0.00,0.00,-0.07,1.45,0.00,10.60,0.00,0,2,1001.26,41.77,109.79,1001.27,41.19,109.57,0.41,1000.60,38.08,114.52,1.97,1.86,91.76,309.38,7902,0.64,0.65,9.56,1.00,0.03,-0.04,0.00,4.25,-3.90,-0.11,6,9,56,0,35.2901933,136.2528950,82.60, 0.02
31547,0.02,-0.22,9.58,1.00,-0.01,-0.00,0.00,-0.07,1.45,0.00,10.60,0.00,0,2,1001.26,41.77,109.81,1001.26,41.19,109.59,0.41,1000.61,38.07,114.51,1.88,1.82,92.02,309.38,7902,0.62,0.67,9.57,1.00,0.03,-0.04,0.00,4.25,-3.90,-0.11,6,9,57,0,35.2901917,136.2528967,82.60, 0.02
31599,0.00,-0.16,9.57,1.00,-0.01,-0.00,0.00,-0.07,1.45,0.00,10.60,0.00,0,2,1001.26,41.78,109.80,1001.27,41.19,109.55,0.41,1000.61,38.07,114.51,1.73,1.75,91.67,309.38,7903,0.67,0.75,9.58,1.00,0.03,-0.04,0.00,4.25,-3.90,-0.11,6,9,57,0,35.2901917,136.2528967,82.60, 0.02
31657,0.00,-0.21,9.51,1.00,-0.01,-0.00,0.00,-0.07,1.45,0.00,10.60,0.00,0,2,1001.26,41.77,109.83,1001.26,41.18,109.58,0.41,1000.61,38.07,114.51,2.08,1.92,91.49,309.38,7902,0.76,0.61,9.53,1.00,0.03,-0.04,0.00,4.25,-3.90,-0.11,6,9,57,0,35.2901917,136.2528967,82.60, 0.02
31710,0.01,-0.22,9.59,1.00,-0.01,-0.00,0.00,-0.07,1.45,0.00,10.60,0.00,0,2,1001.26,41.77,109.80,1001.27,41.18,109.55,0.40,1000.61,38.08,114.50,2.33,2.03,90.97,309.38,7903,0.61,0.61,9.53,1.00,0.03,-0.04,0.00,4.25,-3.90,-0.11,6,9,57,0,35.2901917,136.2528967,82.60, 0.02
31766,0.00,-0.18,9.54,1.00,-0.01,-0.00,0.00,-0.07,1.45,0.00,10.60,0.00,0,2,1001.26,41.77,109.81,1001.27,41.19,109.58,0.41,1000.60,38.08,114.55,0.83,1.21,90.70,309.38,7903,0.80,0.67,9.55,1.00,0.03,-0.04,0.00,4.25,-3.90,-0.11,6,9,57,0,35.2901917,136.2528967,82.60, 0.02
31818,0.04,-0.21,9.53,1.00,-0.01,-0.00,0.00,-0.07,1.45,0.00,10.60,0.00,0,2,1001.26,41.77,109.83,1001.27,41.18,109.62,0.41,1000.60,38.07,114.54,0.88,1.25,90.79,309.38,7903,0.69,0.77,9.58,1.00,0.03,-0.04,0.00,4.25,-3.90,-0.11,6,9,57,0,35.2901917,136.2528967,82.60, 0.02
31877,0.03,-0.19,9.57,1.00,-0.01,-0.00,0.00,-0.07,1.45,0.00,10.62,0.00,0,2,1001.26,41.77,109.83,1001.27,41.20,109.57,0.41,1000.60,38.06,114.57,1.48,1.62,91.41,309.38,7903,0.58,0.73,9.58,1.00,0.03,-0.04,0.00,4.25,-3.90,-0.11,6,9,57,0,35.2901917,136.2528967,82.60, 0.02
31928,0.02,-0.23,9.56,1.00,-0.01,-0.00,0.00,-0.07,1.45,0.00,10.63,0.00,0,2,1001.26,41.78,109.86,1001.26,41.18,109.60,0.41,1000.60,38.06,114.55,1.77,1.77,92.11,309.38,7902,0.71,0.72,9.55,1.00,0.03,-0.04,0.00,4.25,-3.90,-0.11,6,9,57,0,35.2901917,136.2528967,82.60, 0.02
31983,0.00,-0.19,9.50,1.00,-0.01,-0.00,0.00,-0.07,1.45,0.00,10.61,0.00,0,2,1001.26,41.80,109.80,1001.26,41.20,109.59,0.41,1000.61,38.07,114.49,1.75,1.76,92.90,309.38,7903,0.62,0.61,9.52,1.00,0.03,-0.04,0.00,4.25,-3.90,-0.11,6,9,57,0,35.2901917,136.2528967,82.60, 0.02
32037,-0.02,-0.23,9.55,1.00,-0.01,-0.00,0.00,-0.07,1.45,0.00,10.61,0.00,0,2,1001.26,41.77,109.83,1001.27,41.19,109.58,0.41,1000.61,38.08,114.52,1.20,1.46,92.37,309.38,7903,0.59,0.66,9.59,1.00,0.03,-0.04,0.00,4.25,-3.90,-0.11,6,9,57,0,35.2901917,136.2528967,82.60, 0.02
32096,0.02,-0.21,9.59,1.00,-0.01,-0.00,0.00,-0.07,1.45,0.00,10.61,0.00,0,2,1001.26,41.79,109.80,1001.27,41.19,109.58,0.41,1000.61,38.06,114.46,0.97,1.31,92.20,309.38,7902,0.73,0.61,9.58,1.00,0.03,-0.04,0.00,4.25,-3.90,-0.11,6,9,57,0,35.2901917,136.2528967,82.60, 0.02
32147,0.01,-0.22,9.52,1.00,-0.01,-0.00,0.00,-0.07,1.45,0.00,10.60,0.00,0,2,1001.26,41.78,109.80,1001.26,41.17,109.61,0.41,1000.61,38.06,114.46,0.55,0.99,92.20,309.38,7902,0.63,0.72,9.58,1.00,0.03,-0.04,0.00,4.25,-3.90,-0.11,6,9,57,0,35.2901917,136.2528967,82.60, 0.02
32201,0.00,-0.19,9.60,1.00,-0.01,-0.00,0.00,-0.07,1.45,0.00,10.59,0.00,0,2,1001.27,41.78,109.78,1001.26,41.19,109.60,0.40,1000.61,38.06,114.49,1.30,1.51,92.29,309.38,7903,0.84,0.66,9.53,1.00,0.03,-0.04,0.00,4.25,-3.90,-0.11,6,9,57,0,35.2901917,136.2528967,82.60, 0.02
32256,0.00,-0.22,9.55,1.00,-0.01,-0.00,0.00,-0.07,1.45,0.00,10.58,0.00,0,2,1001.26,41.78,109.79,1001.26,41.19,109.60,0.41,1000.61,38.07,114.49,0.92,1.27,93.69,309.38,7903,0.67,0.63,9.54,1.00,0.03,-0.04,0.00,4.25,-3.90,-0.11,6,9,57,0,35.2901917,136.2528967,82.60, 0.02
32314,0.00,-0.25,9.61,1.00,-0.01,-0.00,0.00,-0.07,1.45,0.00,10.59,0.00,0,2,1001.26,41.79,109.82,1001.27,41.21,109.60,0.41,1000.60,38.06,114.53,1.23,1.48,94.22,309.38,7903,0.88,0.68,9.57,1.00,0.03,-0.04,0.00,4.25,-3.90,-0.11,6,9,57,0,35.2901917,136.2528967,82.60, 0.02
32368,-0.01,-0.19,9.55,1.00,-0.01,-0.00,0.00,-0.07,1.45,0.00,10.61,0.00,0,2,1001.26,41.77,109.83,1001.27,41.19,109.58,0.41,1000.60,38.05,114.56,1.63,1.70,93.96,309.38,7902,0.80,0.67,9.51,1.00,0.03,-0.04,0.00,4.25,-3.90,-0.11,6,9,57,0,35.2901917,136.2528967,82.60, 0.03
32422,0.00,-0.19,9.60,1.00,-0.01,-0.00,0.00,-0.07,1.45,0.00,10.62,0.00,0,2,1001.26,41.78,109.84,1001.26,41.19,109.60,0.41,1000.61,38.07,114.51,1.50,1.63,94.22,309.38,7903,0.59,0.65,9.55,1.00,0.03,-0.04,0.00,4.25,-3.90,-0.11,6,9,57,0,35.2901917,136.2528967,82.60, 0.03
32476,0.00,-0.19,9.58,1.00,-0.01,-0.00,0.00,-0.07,1.45,0.00,10.61,0.00,0,2,1001.26,41.78,109.83,1001.26,41.19,109.58,0.41,1000.61,38.08,114.48,1.77,1.77,94.22,309.38,7903,0.72,0.66,9.55,1.00,0.03,-0.04,0.00,4.25,-3.90,-0.11,6,9,58,0,35.2901900,136.2528983,82.60, 0.03
32534,0.01,-0.17,9.56,1.00,-0.01,-0.00,0.00,-0.07,1.45,0.00,10.60,0.00,0,2,1001.27,41.79,109.78,1001.26,41.21,109.60,0.41,1000.60,38.07,114.53,0.58,1.01,93.60,309.38,7903,0.82,0.58,9.56,1.00,0.03,-0.04,0.00,4.25,-3.90,-0.11,6,9,58,0,35.2901900,136.2528983,82.60, 0.03
32587,0.02,-0.22,9.58,1.00,-0.01,-0.00,0.00,-0.07,1.45,0.00,10.60,0.00,0,2,1001.26,41.78,109.80,1001.27,41.19,109.62,0.41,1000.60,38.06,114.55,0.58,1.01,93.43,309.38,7903,0.83,0.71,9.56,1.00,0.03,-0.04,0.00,4.25,-3.90,-0.11,6,9,58,0,35.2901900,136.2528983,82.60, 0.03
32644,0.00,-0.22,9.57,1.00,-0.01,-0.00,0.00,-0.07,1.45,0.00,10.61,0.00,0,2,1001.26,41.77,109.83,1001.27,41.19,109.58,0.41,1000.60,38.06,114.58,0.60,1.03,94.31,309.38,7903,0.71,0.67,9.56,1.00,0.03,-0.04,0.00,4.25,-3.90,-0.11,6,9,58,0,35.2901900,136.2528983,82.60, 0.03
32695,-0.06,-0.22,9.56,1.00,-0.01,-0.00,0.00,-0.07,1.45,0.00,10.61,0.00,0,2,1001.26,41.78,109.80,1001.27,41.19,109.60,0.41,1000.60,38.05,114.57,1.27,1.50,93.34,309.38,7903,0.88,0.67,9.54,1.00,0.03,-0.04,0.00,4.25,-3.90,-0.11,6,9,58,0,35.2901900,136.2528983,82.60, 0.03
32753,0.00,-0.25,9.54,1.00,-0.01,-0.00,0.00,-0.07,1.45,0.00,10.62,0.00,0,2,1001.27,41.80,109.78,1001.26,41.19,109.60,0.41,1000.60,38.07,114.58,1.90,1.83,91.85,309.38,7903,0.85,0.64,9.57,1.00,0.03,-0.04,0.00,4.25,-3.90,-0.11,6,9,58,0,35.2901900,136.2528983,82.60, 0.03
32806,0.11,-0.15,9.56,1.00,-0.01,-0.00,0.00,-0.07,1.45,0.00,10.61,0.00,0,2,1001.26,41.78,109.80,1001.27,41.19,109.57,0.41,1000.60,38.07,114.52,1.77,1.77,91.49,309.38,7902,0.67,0.60,9.55,1.00,0.03,-0.04,0.00,4.25,-3.90,-0.11,6,9,58,0,35.2901900,136.2528983,82.60, 0.03
32863,0.04,-0.18,9.53,1.00,-0.01,-0.00,0.00,-0.07,1.45,0.00,10.60,0.00,0,2,1001.26,41.78,109.83,1001.27,41.20,109.57,0.41,1000.61,38.05,114.50,1.77,1.77,91.49,309.29,7902,0.84,0.72,9.50,1.00,0.03,-0.04,0.00,4.25,-3.90,-0.11,6,9,58,0,35.2901900,136.2528983,82.60, 0.03
32915,-0.07,-0.25,9.58,1.00,-0.01,-0.00,0.00,-0.07,1.45,0.00,10.60,0.00,0,2,1001.26,41.79,109.82,1001.26,41.18,109.60,0.41,1000.61,38.08,114.51,2.02,1.89,92.11,309.38,7902,0.90,0.72,9.57,1.00,0.03,-0.04,0.00,4.25,-3.90,-0.11,6,9,58,0,35.2901900,136.2528983,82.60, 0.03
32974,-0.05,-0.21,9.57,1.00,-0.01,-0.00,0.00,-0.07,1.45,0.00,10.61,0.00,0,2,1001.26,41.78,109.81,1001.26,41.19,109.62,0.41,1000.61,38.07,114.51,2.30,2.02,92.20,309.29,7903,0.77,0.66,9.56,1.00,0.03,-0.04,0.00,4.25,-3.90,-0.11,6,9,58,0,35.2901900,136.2528983,82.60, 0.03
33025,0.06,-0.18,9.62,1.00,-0.01,-0.00,0.00,-0.07,1.45,0.00,10.60,0.00,0,2,1001.27,41.79,109.79,1001.26,41.18,109.59,0.41,1000.61,38.06,114.51,1.80,1.78,92.46,309.38,7902,0.73,0.66,9.56,1.00,0.03,-0.04,0.00,4.25,-3.90,-0.11,6,9,58,0,35.2901900,136.2528983,82.60, 0.03
33084,0.04,-0.20,9.54,1.00,-0.01,-0.00,0.00,-0.07,1.45,0.00,10.60,0.00,0,2,1001.26,41.78,109.81,1001.26,41.20,109.64,0.41,1000.60,38.06,114.52,2.12,1.93,92.46,309.38,7902,0.81,0.67,9.55,1.00,0.03,-0.04,0.00,4.25,-3.90,-0.11,6,9,58,0,35.2901900,136.2528983,82.60, 0.03
33136,0.02,-0.20,9.60,1.00,-0.01,-0.00,0.00,-0.07,1.45,0.00,10.60,0.00,0,2,1001.26,41.78,109.86,1001.26,41.19,109.61,0.41,1000.60,38.06,114.55,2.15,1.95,92.29,309.38,7902,0.83,0.68,9.53,1.00,0.03,-0.04,0.00,4.25,-3.90,-0.11,6,9,58,0,35.2901900,136.2528983,82.60, 0.03
33193,-0.04,-0.22,9.59,1.00,-0.01,-0.00,0.00,-0.07,1.45,0.00,10.62,0.00,0,2,1001.26,41.79,109.84,1001.26,41.20,109.63,0.41,1000.60,38.06,114.52,2.42,2.07,92.29,309.38,7903,0.68,0.68,9.53,1.00,0.03,-0.04,0.00,4.25,-3.90,-0.11,6,9,58,0,35.2901900,136.2528983,82.60, 0.03
33245,0.00,-0.18,9.59,1.00,-0.01,-0.00,0.00,-0.07,1.45,0.00,10.61,0.00,0,2,1001.26,41.79,109.85,1001.26,41.19,109.61,0.41,1000.60,38.07,114.56,2.57,2.13,92.20,309.38,7902,0.71,0.73,9.57,1.00,0.03,-0.04,0.00,4.25,-3.90,-0.11,6,9,58,0,35.2901900,136.2528983,82.60, 0.03
33303,0.01,-0.23,9.54,1.00,-0.01,-0.00,0.00,-0.07,1.45,0.00,10.62,0.00,0,2,1001.26,41.79,109.87,1001.26,41.20,109.63,0.41,1000.60,38.05,114.57,2.28,2.01,92.02,309.38,7902,0.84,0.70,9.56,1.00,0.03,-0.04,0.00,4.25,-3.90,-0.11,6,9,58,0,35.2901900,136.2528983,82.60, 0.03
33356,0.00,-0.20,9.58,1.00,-0.01,-0.00,0.00,-0.07,1.45,0.00,10.62,0.00,0,2,1001.26,41.79,109.85,1001.26,41.19,109.62,0.41,1000.60,38.07,114.60,2.12,1.93,92.02,309.29,7903,0.79,0.69,9.55,1.00,0.03,-0.04,0.00,4.25,-3.90,-0.11,6,9,58,0,35.2901900,136.2528983,82.60, 0.05
33413,0.00,-0.18,9.59,1.00,-0.01,-0.00,0.00,-0.07,1.45,0.00,10.64,0.00,0,2,1001.26,41.78,109.88,1001.26,41.20,109.61,0.41,1000.60,38.05,114.57,1.40,1.57,92.11,309.38,7903,0.75,0.60,9.55,1.00,0.03,-0.04,0.00,4.25,-3.90,-0.11,6,9,58,0,35.2901900,136.2528983,82.60, 0.05
33465,-0.03,-0.20,9.54,1.00,-0.01,-0.00,0.00,-0.07,1.45,0.00,10.63,0.00,0,2,1001.26,41.79,109.84,1001.26,41.20,109.61,0.41,1000.59,38.06,114.61,1.87,1.82,92.20,309.29,7903,0.79,0.68,9.55,1.00,0.03,-0.04,0.00,4.25,-3.90,-0.11,6,9,58,0,35.2901900,136.2528983,82.60, 0.05
33520,0.01,-0.22,9.61,1.00,-0.01,-0.00,0.00,-0.07,1.45,0.00,10.62,0.00,0,2,1001.26,41.79,109.82,1001.26,41.20,109.59,0.41,1000.59,38.05,114.62,2.18,1.96,93.96,309.38,7903,0.78,0.71,9.54,1.00,0.03,-0.04,0.00,4.25,-3.90,-0.11,6,9,59,0,35.2901883,136.2529017,82.60, 0.05
33574,0.01,-0.20,9.59,1.00,-0.01,-0.00,0.00,-0.07,1.45,0.00,10.62,0.00,0,2,1001.27,41.80,109.79,1001.27,41.21,109.69,0.41,1000.60,38.06,114.58,2.25,1.99,95.10,309.29,7903,0.68,0.65,9.56,1.00,0.03,-0.04,0.00,4.25,-3.90,-0.11,6,9,59,0,35.2901883,136.2529017,82.60, 0.05
33632,-0.03,-0.22,9.57,1.00,-0.01,-0.00,0.00,-0.07,1.45,0.00,10.61,0.00,0,2,1001.26,41.79,109.84,1001.26,41.19,109.63,0.41,1000.60,38.06,114.58,2.43,2.07,94.75,309.38,7903,0.71,0.61,9.56,1.00,0.03,-0.04,0.00,4.25,-3.90,-0.11,6,9,59,0,35.2901883,136.2529017,82.60, 0.05
33683,-0.04,-0.22,9.56,1.00,-0.01,-0.00,0.00,-0.07,1.45,0.00,10.62,0.00,0,2,1001.26,41.80,109.81,1001.26,41.19,109.63,0.41,1000.60,38.06,114.53,2.75,2.20,94.22,309.38,7903,0.84,0.72,9.53,1.00,0.03,-0.04,0.00,4.25,-3.90,-0.11,6,9,59,0,35.2901883,136.2529017,82.60, 0.05
33740,0.04,-0.20,9.55,1.00,-0.01,-0.00,0.00,-0.07,1.45,0.00,10.61,0.00,0,2,1001.26,41.79,109.80,1001.26,41.19,109.61,0.41,1000.60,38.05,114.57,2.15,1.95,94.22,309.29,7902,0.65,0.74,9.57,1.00,0.03,-0.04,0.00,4.25,-3.90,-0.11,6,9,59,0,35.2901883,136.2529017,82.60, 0.05
33794,0.03,-0.18,9.55,1.00,-0.01,-0.00,0.00,-0.07,1.45,0.00,10.61,0.00,0,2,1001.26,41.78,109.81,1001.26,41.20,109.62,0.41,1000.60,38.06,114.58,2.27,2.00,94.31,309.38,7902,0.64,0.69,9.61,1.00,0.03,-0.04,0.00,4.25,-3.90,-0.11,6,9,59,0,35.2901883,136.2529017,82.60, 0.05
33852,-0.03,-0.21,9.53,1.00,-0.01,-0.00,0.00,-0.07,1.45,0.00,10.61,0.00,0,2,1001.26,41.80,109.83,1001.26,41.19,109.62,0.41,1000.59,38.07,114.62,2.27,2.00,94.31,309.38,7902,0.67,0.71,9.60,1.00,0.03,-0.04,0.00,4.25,-3.90,-0.11,6,9,59,0,35.2901883,136.2529017,82.60, 0.05
33904,-0.06,-0.24,9.57,1.00,-0.01,-0.00,0.00,-0.07,1.45,0.00,10.62,0.00,0,2,1001.26,41.79,109.85,1001.26,41.19,109.64,0.41,1000.60,38.06,114.57,2.18,1.96,94.22,309.38,7902,0.81,0.61,9.54,1.00,0.03,-0.04,0.00,4.25,-3.90,-0.11,6,9,59,0,35.2901883,136.2529017,82.60, 0.05
33959,-0.01,-0.23,9.57,1.00,-0.01,-0.00,0.00,-0.07,1.45,0.00,10.62,0.00,0,2,1001.26,41.78,109.86,1001.26,41.19,109.62,0.41,1000.60,38.06,114.57,2.00,1.88,94.22,309.38,7902,0.70,0.57,9.54,1.00,0.03,-0.04,0.00,4.25,-3.90,-0.11,6,9,59,0,35.2901883,136.2529017,82.60, 0.05
34013,-0.01,-0.17,9.54,1.00,-0.01,-0.00,0.00,-0.07,1.45,0.00,10.62,0.00,0,2,1001.26,41.79,109.82,1001.26,41.20,109.65,0.41,1000.60,38.07,114.60,2.17,1.96,94.66,309.29,7902,0.69,0.59,9.55,1.00,0.03,-0.04,0.00,4.25,-3.90,-0.11,6,9,59,0,35.2901883,136.2529017,82.60, 0.05
34068,0.00,-0.19,9.56,1.00,-0.01,-0.00,0.00,-0.07,1.45,0.00,10.62,0.00,0,2,1001.26,41.79,109.81,1001.26,41.19,109.62,0.41,1000.60,38.07,114.59,2.37,2.04,94.92,309.29,7903,0.71,0.69,9.55,1.00,0.03,-0.04,0.00,4.25,-3.90,-0.11,6,9,59,0,35.2901883,136.2529017,82.60, 0.05
34124,0.03,-0.22,9.53,1.00,-0.01,-0.00,0.00,-0.07,1.45,0.00,10.63,0.00,0,2,1001.26,41.79,109.82,1001.26,41.19,109.63,0.41,1000.60,38.06,114.57,2.22,1.98,95.54,309.38,7903,0.68,0.76,9.54,1.00,0.03,-0.04,0.00,4.25,-3.90,-0.11,6,9,59,0,35.2901883,136.2529017,82.60, 0.05
34179,0.01,-0.22,9.52,1.00,-0.01,-0.00,0.00,-0.07,1.45,0.00,10.61,0.00,0,2,1001.26,41.80,109.83,1001.26,41.20,109.63,0.41,1000.60,38.07,114.56,2.17,1.96,95.10,309.29,7902,0.68,0.68,9.53,1.00,0.03,-0.04,0.00,4.25,-3.90,-0.11,6,9,59,0,35.2901883,136.2529017,82.60, 0.05
34232,0.03,-0.17,9.72,1.00,-0.01,-0.00,0.00,-0.07,1.45,0.00,10.61,0.00,0,2,1001.26,41.78,109.83,1001.26,41.18,109.64,0.41,1000.60,38.05,114.55,2.60,2.14,95.10,309.38,7902,0.70,0.57,9.66,1.00,0.03,-0.04,0.00,4.25,-3.90,-0.11,6,9,59,0,35.2901883,136.2529017,82.60, 0.05
34289,-0.02,-0.24,9.51,1.00,-0.01,-0.00,0.00,-0.07,1.45,0.00,10.61,0.00,0,2,1001.26,41.80,109.85,1001.26,41.19,109.62,0.41,1000.60,38.05,114.56,1.67,1.72,95.27,309.38,7902,0.76,0.80,9.49,1.00,0.03,-0.04,0.00,4.25,-3.90,-0.11,6,9,59,0,35.2901883,136.2529017,82.60, 0.05
34343,-0.01,-0.20,9.56,1.00,-0.01,-0.00,0.00,-0.07,1.45,0.00,10.60,0.00,0,2,1001.26,41.79,109.85,1001.26,41.19,109.63,0.41,1000.60,38.07,114.54,2.28,2.01,94.83,309.38,7902,0.75,0.72,9.54,1.00,0.03,-0.04,0.00,4.25,-3.90,-0.11,6,9,59,0,35.2901883,136.2529017,82.60, 0.05
34400,0.01,-0.21,9.59,1.00,-0.01,-0.00,0.00,-0.07,1.45,0.00,10.60,0.00,0,2,1001.26,41.80,109.83,1001.26,41.20,109.61,0.41,1000.60,38.05,114.52,2.22,1.98,94.83,309.38,7903,0.70,0.69,9.58,1.00,0.03,-0.04,0.00,4.25,-3.90,-0.11,6,9,59,0,35.2901883,136.2529017,82.60, 0.05
34451,0.03,-0.25,9.57,1.00,-0.01,-0.00,0.00,-0.07,1.45,0.00,10.60,0.00,0,2,1001.26,41.79,109.83,1001.26,41.21,109.64,0.41,1000.60,38.06,114.53,1.05,1.36,95.01,309.38,7903,0.71,0.76,9.57,1.00,0.03,-0.04,0.00,4.25,-3.90,-0.11,6,9,59,0,35.2901883,136.2529017,82.60, 0.05
34506,-0.05,-0.13,9.58,1.00,-0.01,-0.00,0.00,-0.07,1.45,0.00,10.59,0.00,0,2,1001.26,41.81,109.82,1001.26,41.21,109.63,0.41,1000.61,38.07,114.50,1.12,1.40,95.01,309.38,7903,0.78,0.60,9.54,1.00,0.03,-0.04,0.00,4.25,-3.90,-0.11,6,9,59,0,35.2901883,136.2529017,82.60, 0.05
34561,-0.03,-0.19,9.55,1.00,-0.01,-0.00,0.00,-0.07,1.45,0.00,10.60,0.00,0,2,1001.26,41.81,109.82,1001.26,41.20,109.61,0.41,1000.60,38.05,114.55,0.88,1.25,94.92,309.38,7903,0.74,0.65,9.56,1.00,0.03,-0.04,0.00,4.25,-3.90,-0.11,6,10,0,0,35.2901833,136.2529033,82.60, 0.05
34615,0.02,-0.25,9.59,1.00,-0.01,-0.00,0.00,-0.07,1.45,0.00,10.59,0.00,0,2,1001.26,41.81,109.82,1001.26,41.20,109.64,0.41,1000.59,38.06,114.60,1.30,1.51,95.89,309.38,7903,0.69,0.71,9.52,1.00,0.03,-0.04,0.00,4.25,-3.90,-0.11,6,10,0,0,35.2901833,136.2529033,82.60, 0.05
34672,0.01,-0.18,9.61,1.00,-0.01,-0.00,0.00,-0.07,1.45,0.00,10.61,0.00,0,2,1001.26,41.82,109.85,1001.26,41.20,109.63,0.41,1000.60,38.06,114.59,2.03,1.89,96.94,309.29,7903,0.70,0.65,9.56,1.00,0.03,-0.04,0.00,4.25,-3.90,-0.11,6,10,0,0,35.2901833,136.2529033,82.60, 0.05
34729,-0.01,-0.18,9.54,1.00,-0.01,-0.00,0.00,-0.07,1.45,0.00,10.62,0.00,0,2,1001.26,41.81,109.82,1001.26,41.19,109.65,0.41,1000.60,38.06,114.59,1.98,1.87,96.94,309.29,7902,0.78,0.71,9.56,1.00,0.03,-0.04,0.00,4.25,-3.90,-0.11,6,10,0,0,35.2901833,136.2529033,82.60, 0.05
34781,-0.01,-0.20,9.62,1.00,-0.01,-0.00,0.00,-0.07,1.45,0.00,10.61,0.00,0,2,1001.26,41.82,109.87,1001.26,41.18,109.66,0.41,1000.60,38.05,114.57,2.12,1.93,97.21,309.29,7902,0.73,0.65,9.57,1.00,0.03,-0.04,0.00,4.25,-3.90,-0.11,6,10,0,0,35.2901833,136.2529033,82.60, 0.05
34839,-0.02,-0.18,9.60,1.00,-0.01,-0.00,0.00,-0.07,1.45,0.00,10.61,0.00,0,2,1001.26,41.80,109.81,1001.26,41.18,109.66,0.41,1000.60,38.06,114.56,1.80,1.78,97.03,309.38,7903,0.73,0.62,9.56,1.00,0.03,-0.04,0.00,4.25,-3.90,-0.11,6,10,0,0,35.2901833,136.2529033,82.60, 0.05
34892,0.02,-0.28,9.53,1.00,-0.01,-0.00,0.00,-0.07,1.45,0.00,10.61,0.00,0,2,1001.26,41.81,109.82,1001.26,41.18,109.64,0.41,1000.60,38.06,114.60,2.40,2.06,96.86,309.38,7902,0.73,0.68,9.51,1.00,0.03,-0.04,0.00,4.25,-3.90,-0.11,6,10,0,0,35.2901833,136.2529033,82.60, 0.05
34949,0.04,-0.20,9.55,1.00,-0.01,-0.00,0.00,-0.07,1.45,0.00,10.61,0.00,0,2,1001.27,41.81,109.77,1001.26,41.17,109.61,0.41,1000.60,38.06,114.58,2.08,1.92,96.24,309.29,7903,0.69,0.53,9.61,1.00,0.03,-0.04,0.00,4.25,-3.90,-0.11,6,10,0,0,35.2901833,136.2529033,82.60, 0.05
35001,0.00,-0.14,9.55,1.00,-0.01,-0.00,0.00,-0.07,1.45,0.00,10.60,0.00,0,2,1001.26,41.80,109.81,1001.26,41.18,109.62,0.41,1000.60,38.05,114.57,2.38,2.05,95.80,309.38,7903,0.76,0.61,9.55,1.00,0.03,-0.04,0.00,4.25,-3.90,-0.11,6,10,0,0,35.2901833,136.2529033,82.60, 0.05
35059,0.00,-0.31,9.56,1.00,-0.01,-0.00,0.00,-0.07,1.45,0.00,10.60,0.00,0,2,1001.26,41.80,109.83,1001.26,41.20,109.65,0.41,1000.60,38.06,114.56,1.02,1.34,95.62,309.29,7903,0.74,0.85,9.57,1.00,0.03,-0.04,0.00,4.25,-3.90,-0.11,6,10,0,0,35.2901833,136.2529033,82.60, 0.05
35112,0.00,-0.14,9.58,1.00,-0.01,-0.00,0.00,-0.07,1.45,0.00,10.60,0.00,0,2,1001.26,41.82,109.83,1001.26,41.19,109.60,0.41,1000.60,38.07,114.59,2.27,2.00,94.13,309.29,7902,0.79,0.65,9.59,1.00,0.03,-0.04,0.00,4.25,-3.90,-0.11,6,10,0,0,35.2901833,136.2529033,82.60, 0.05
35164,0.00,-0.22,9.55,1.00,-0.01,-0.00,0.00,-0.07,1.45,0.00,10.59,0.00,0,2,1001.26,41.81,109.80,1001.26,41.18,109.58,0.41,1000.60,38.06,114.56,1.52,1.64,93.43,309.38,7903,0.69,0.87,9.51,1.00,0.03,-0.04,0.00,4.25,-3.90,-0.11,6,10,0,0,35.2901833,136.2529033,82.60, 0.05
35220,0.02,-0.17,9.70,1.00,-0.01,-0.00,0.00,-0.07,1.45,0.00,10.58,0.00,0,2,1001.27,41.82,109.76,1001.26,41.19,109.65,0.41,1000.60,38.06,114.57,0.72,1.12,93.87,309.38,7902,0.84,0.41,9.60,1.00,0.03,-0.04,0.00,4.25,-3.90,-0.11,6,10,0,0,35.2901833,136.2529033,82.60, 0.05
35277,0.02,-0.18,9.55,1.00,-0.01,-0.00,0.00,-0.07,1.45,0.00,10.59,0.00,0,2,1001.27,41.83,109.79,1001.26,41.19,109.62,0.41,1000.60,38.07,114.55,0.72,1.12,94.39,309.38,7902,0.82,0.54,9.47,1.00,0.03,-0.04,0.00,4.25,-3.90,-0.11,6,10,0,0,35.2901833,136.2529033,82.60, 0.05
35330,0.03,-0.23,9.53,1.00,-0.01,-0.00,0.00,-0.07,1.45,0.00,10.58,0.00,0,2,1001.26,41.81,109.80,1001.26,41.19,109.62,0.41,1000.60,38.05,114.54,1.55,1.65,94.13,309.38,7902,0.77,0.65,9.52,1.00,0.03,-0.04,0.00,4.25,-3.90,-0.11,6,10,0,0,35.2901833,136.2529033,82.60, 0.05
35388,-0.05,-0.22,9.57,1.00,-0.01,-0.00,0.00,-0.07,1.45,0.00,10.60,0.00,0,2,1001.26,41.82,109.86,1001.26,41.18,109.61,0.41,1000.60,38.06,114.56,1.97,1.86,93.96,309.38,7902,0.79,0.69,9.60,1.00,0.03,-0.04,0.00,4.25,-3.90,-0.11,6,10,0,0,35.2901833,136.2529033,82.60, 0.05
35440,-0.04,-0.14,9.56,1.00,-0.01,-0.00,0.00,-0.07,1.45,0.00,10.60,0.00,0,2,1001.26,41.82,109.86,1001.26,41.20,109.63,0.41,1000.61,38.07,114.51,1.58,1.67,93.96,309.38,7903,0.87,0.53,9.52,1.00,0.03,-0.04,0.00,4.25,-3.90,-0.11,6,10,0,0,35.2901833,136.2529033,82.60, 0.05
35492,0.01,-0.22,9.57,1.00,-0.01,-0.00,0.00,-0.07,1.45,0.00,10.60,0.00,0,2,1001.26,41.82,109.85,1001.26,41.20,109.63,0.41,1000.60,38.05,114.52,1.60,1.68,94.39,309.38,7902,0.75,0.65,9.55,1.00,0.03,-0.04,0.00,4.25,-3.90,-0.11,6,10,0,0,35.2901833,136.2529033,82.60, 0.05
35548,0.02,-0.25,9.56,1.00,-0.01,-0.00,0.00,-0.07,1.45,0.00,10.59,0.00,0,2,1001.26,41.81,109.84,1001.26,41.20,109.64,0.41,1000.60,38.06,114.52,1.35,1.54,94.66,309.38,7902,0.80,0.54,9.52,1.00,0.03,-0.04,0.00,4.25,-3.90,-0.11,6,10,0,0,35.2901833,136.2529033,82.60, 0.45
35600,0.01,-0.24,9.58,1.00,-0.01,-0.00,0.00,-0.07,1.45,0.00,10.61,0.00,0,2,1001.26,41.82,109.85,1001.26,41.19,109.67,0.41,1000.60,38.07,114.53,1.67,1.72,94.48,309.38,7903,0.79,0.78,9.58,1.00,0.03,-0.04,0.00,4.25,-3.90,-0.11,6,10,0,0,35.2901833,136.2529033,82.60, 0.45
35651,-0.03,-0.10,9.58,1.00,-0.01,-0.00,0.00,-0.07,1.45,0.00,10.61,0.00,0,2,1001.26,41.81,109.85,1001.26,41.19,109.66,0.41,1000.60,38.05,114.54,1.80,1.78,94.22,309.38,7903,0.88,0.64,9.58,1.00,0.03,-0.04,0.00,4.25,-3.90,-0.11,6,10,0,0,35.2901833,136.2529033,82.60, 0.45
35708,-0.04,-0.25,9.56,1.00,-0.01,-0.00,0.00,-0.07,1.45,0.00,10.62,0.00,0,2,1001.26,41.81,109.87,1001.26,41.19,109.67,0.41,1000.60,38.06,114.55,1.63,1.70,94.22,309.38,7902,0.72,0.79,9.60,1.00,0.03,-0.04,0.00,4.25,-3.90,-0.11,6,10,0,0,35.2901833,136.2529033,82.60, 0.45
35761,0.01,-0.22,9.52,1.00,-0.01,-0.00,0.00,-0.07,1.45,0.00,10.61,0.00,0,2,1001.26,41.80,109.83,1001.26,41.19,109.64,0.41,1000.59,38.05,114.62,2.32,2.02,94.39,309.38,7903,0.71,0.80,9.63,1.00,0.03,-0.04,0.00,4.25,-3.90,-0.11,6,10,0,0,35.2901833,136.2529033,82.60, 0.45
35818,0.01,-0.15,9.61,1.00,-0.01,-0.00,0.00,-0.07,1.45,0.00,10.61,0.00,0,2,1001.26,41.80,109.85,1001.26,41.21,109.66,0.41,1000.60,38.05,114.57,2.02,1.89,95.27,309.38,7903,0.78,0.51,9.55,1.00,0.03,-0.04,0.00,4.25,-3.90,-0.11,6,10,0,0,35.2901833,136.2529033,82.60, 0.45
35870,-0.01,-0.22,9.55,1.00,-0.01,-0.00,0.00,-0.07,1.45,0.00,10.61,0.00,0,2,1001.26,41.81,109.84,1001.26,41.18,109.64,0.41,1000.60,38.05,114.59,2.38,2.05,94.75,309.38,7903,0.85,0.58,9.51,1.00,0.03,-0.04,0.00,4.25,-3.90,-0.11,6,10,0,0,35.2901833,136.2529033,82.60, 0.45
35928,0.00,-0.20,9.61,1.00,-0.01,-0.00,0.00,-0.07,1.45,0.00,10.61,0.00,0,2,1001.26,41.82,109.83,1001.26,41.19,109.65,0.41,1000.59,38.06,114.61,2.40,2.06,94.75,309.38,7903,0.78,0.65,9.53,1.00,0.03,-0.04,0.00,4.25,-3.90,-0.11,6,10,0,0,35.2901833,136.2529033,82.60, 0.45
35980,0.02,-0.22,9.58,1.00,-0.01,-0.00,0.00,-0.07,1.45,0.00,10.61,0.00,0,2,1001.26,41.81,109.86,1001.26,41.20,109.67,0.41,1000.60,38.06,114.59,2.92,2.27,95.36,309.38,7903,0.66,0.67,9.56,1.00,0.03,-0.04,0.00,4.25,-3.90,-0.11,6,10,0,0,35.2901833,136.2529033,82.60, 0.45
36037,-0.01,-0.18,9.52,1.00,-0.01,-0.00,0.00,-0.07,1.45,0.00,10.63,0.00,0,2,1001.26,41.81,109.89,1001.26,41.19,109.62,0.41,1000.60,38.07,114.60,2.02,1.89,95.10,309.38,7903,0.91,0.69,9.52,1.00,0.03,-0.04,0.00,4.25,-3.90,-0.11,6,10,0,0,35.2901833,136.2529033,82.60, 0.45
36095,-0.03,-0.20,9.60,1.00,-0.01,-0.00,0.00,-0.07,1.45,0.00,10.63,0.00,0,2,1001.26,41.80,109.84,1001.26,41.19,109.63,0.41,1000.59,38.06,114.61,2.95,2.28,94.83,309.38,7903,0.84,0.58,9.53,1.00,0.03,-0.04,0.00,4.25,-3.90,-0.11,6,10,0,0,35.2901833,136.2529033,82.60, 0.45
36147,0.04,-0.25,9.57,1.00,-0.01,-0.00,0.00,-0.07,1.45,0.00,10.62,0.00,0,2,1001.26,41.81,109.82,1001.26,41.19,109.65,0.41,1000.59,38.07,114.63,2.28,2.01,94.75,309.38,7902,0.62,0.71,9.58,1.00,0.03,-0.04,0.00,4.25,-3.90,-0.11,6,10,0,0,35.2901833,136.2529033,82.60, 0.45
36205,0.04,-0.21,9.55,1.00,-0.01,-0.00,0.00,-0.07,1.45,0.00,10.60,0.00,0,2,1001.26,41.81,109.83,1001.26,41.20,109.62,0.41,1000.60,38.07,114.60,1.58,1.67,94.66,309.38,7903,0.63,0.74,9.58,1.00,0.03,-0.04,0.00,4.25,-3.90,-0.11,6,10,0,0,35.2901833,136.2529033,82.60, 0.45
36258,-0.02,-0.18,9.58,1.00,-0.01,-0.00,0.00,-0.07,1.45,0.00,10.60,0.00,0,2,1001.26,41.81,109.84,1001.26,41.19,109.62,0.41,1000.59,38.06,114.60,2.58,2.14,94.31,309.46,7902,0.86,0.60,9.55,1.00,0.03,-0.04,0.00,4.25,-3.90,-0.11,6,10,0,0,35.2901833,136.2529033,82.60, 0.45
36313,-0.07,-0.25,9.57,1.00,-0.01,-0.00,0.00,-0.07,1.45,0.00,10.60,0.00,0,2,1001.26,41.80,109.83,1001.26,41.20,109.62,0.41,1000.59,38.06,114.63,1.97,1.86,93.96,310.34,7903,0.82,0.71,9.61,1.00,0.03,-0.04,0.00,4.25,-3.90,-0.11,6,10,0,0,35.2901833,136.2529033,82.60, 0.45
36369,0.01,-0.20,9.55,1.00,-0.01,-0.00,0.00,-0.07,1.45,0.00,10.60,0.00,0,2,1001.26,41.79,109.83,1001.26,41.20,109.65,0.41,1000.60,38.07,114.60,1.28,1.51,93.87,310.34,7901,0.61,0.69,9.56,1.00,0.03,-0.04,0.00,4.25,-3.90,-0.11,6,10,0,0,35.2901833,136.2529033,82.60, 0.45
36426,0.02,-0.22,9.56,1.00,-0.01,-0.00,0.00,-0.07,1.45,0.00,10.61,0.00,0,2,1001.26,41.80,109.86,1001.26,41.21,109.62,0.41,1000.60,38.05,114.59,1.97,1.86,93.69,309.73,7903,0.67,0.66,9.57,1.00,0.03,-0.04,0.00,4.25,-3.90,-0.11,6,10,1,0,35.2901800,136.2529033,82.60, 0.41
36477,-0.03,-0.22,9.59,1.00,-0.01,-0.00,0.00,-0.07,1.45,0.00,10.61,0.00,0,2,1001.26,41.80,109.85,1001.26,41.19,109.63,0.41,1000.60,38.07,114.55,1.17,1.44,93.25,309.73,7903,0.87,0.57,9.50,1.00,0.03,-0.04,0.00,4.25,-3.90,-0.11,6,10,1,0,35.2901800,136.2529033,82.60, 0.41
36535,-0.04,-0.21,9.56,1.00,-0.01,-0.00,0.00,-0.07,1.45,0.00,10.60,0.00,0,2,1001.26,41.79,109.83,1001.26,41.20,109.64,0.41,1000.60,38.05,114.57,1.05,1.36,93.25,309.64,7903,0.69,0.59,9.50,1.00,0.03,-0.04,0.00,4.25,-3.90,-0.11,6,10,1,0,35.2901800,136.2529033,82.60, 0.41
36589,0.07,-0.17,9.55,1.00,-0.01,-0.00,0.00,-0.07,1.45,0.00,10.60,0.00,0,2,1001.26,41.80,109.87,1001.26,41.19,109.62,0.41,1000.60,38.04,114.60,2.02,1.89,93.60,309.64,7902,0.63,0.56,9.56,1.00,0.03,-0.04,0.00,4.25,-3.90,-0.11,6,10,2,0,35.2901733,136.2529067,82.60, 0.41
36646,0.06,-0.21,9.55,1.00,-0.01,-0.00,0.00,-0.07,1.45,0.00,10.60,0.00,0,2,1001.26,41.80,109.81,1001.26,41.18,109.64,0.41,1000.60,38.07,114.60,1.70,1.73,93.96,309.55,7903,0.67,0.66,9.53,1.00,0.03,-0.04,0.00,4.25,-3.90,-0.11,6,10,2,0,35.2901733,136.2529067,82.60, 0.41
36697,0.00,-0.21,9.58,1.00,-0.01,-0.00,0.00,-0.07,1.45,0.00,10.60,0.00,0,2,1001.26,41.79,109.85,1001.26,41.19,109.67,0.41,1000.60,38.07,114.56,2.58,2.14,93.78,309.64,7903,0.77,0.73,9.58,1.00,0.03,-0.04,0.00,4.25,-3.90,-0.11,6,10,2,0,35.2901733,136.2529067,82.60, 0.41
36755,-0.04,-0.19,9.53,1.00,-0.01,-0.00,0.00,-0.07,1.45,0.00,10.61,0.00,0,2,1001.26,41.81,109.82,1001.26,41.20,109.64,0.41,1000.60,38.07,114.58,1.87,1.82,93.78,309.55,7902,0.71,0.66,9.57,1.00,0.03,-0.04,0.00,4.25,-3.90,-0.11,6,10,2,0,35.2901733,136.2529067,82.60, 0.41
36808,0.00,-0.22,9.59,1.00,-0.01,-0.00,0.00,-0.07,1.45,0.00,10.60,0.00,0,2,1001.26,41.80,109.80,1001.26,41.20,109.65,0.41,1000.60,38.07,114.58,1.88,1.82,93.78,309.55,7903,0.73,0.71,9.56,1.00,0.03,-0.04,0.00,4.25,-3.90,-0.11,6,10,2,0,35.2901733,136.2529067,82.60, 0.41
36866,0.02,-0.20,9.57,1.00,-0.01,-0.00,0.00,-0.07,1.45,0.00,10.60,0.00,0,2,1001.26,41.81,109.85,1001.26,41.20,109.60,0.40,1000.60,38.06,114.56,1.85,1.81,93.78,309.55,7902,0.68,0.70,9.54,1.00,0.03,-0.04,0.00,4.25,-3.90,-0.11,6,10,2,0,35.2901733,136.2529067,82.60, 0.41
36917,0.00,-0.15,9.58,1.00,-0.01,-0.00,0.00,-0.07,1.45,0.00,10.59,0.00,0,2,1001.26,41.80,109.81,1001.26,41.19,109.62,0.41,1000.61,38.07,114.51,2.00,1.88,93.78,309.55,7902,0.65,0.60,9.58,1.00,0.03,-0.04,0.00,4.25,-3.90,-0.11,6,10,2,0,35.2901733,136.2529067,82.60, 0.41
36974,-0.01,-0.21,9.59,1.00,-0.01,-0.00,0.00,-0.07,1.45,0.00,10.59,0.00,0,2,1001.26,41.81,109.81,1001.26,41.20,109.65,0.41,1000.60,38.06,114.58,2.18,1.96,94.13,309.55,7903,0.67,0.70,9.59,1.00,0.03,-0.04,0.00,4.25,-3.90,-0.11,6,10,2,0,35.2901733,136.2529067,82.60, 0.41
37027,-0.01,-0.18,9.56,1.00,-0.01,-0.00,0.00,-0.07,1.45,0.00,10.59,0.00,0,2,1001.26,41.80,109.83,1001.26,41.20,109.62,0.41,1000.60,38.06,114.59,2.85,2.24,94.75,309.55,7903,0.79,0.65,9.54,1.00,0.03,-0.04,0.00,4.25,-3.90,-0.11,6,10,2,0,35.2901733,136.2529067,82.60, 0.41
37084,0.00,-0.21,9.61,1.00,-0.01,-0.00,0.00,-0.07,1.45,0.00,10.59,0.00,0,2,1001.26,41.81,109.84,1001.26,41.21,109.62,0.41,1000.60,38.08,114.59,2.38,2.05,94.92,309.55,7903,0.70,0.62,9.57,1.00,0.03,-0.04,0.00,4.25,-3.90,-0.11,6,10,2,0,35.2901733,136.2529067,82.60, 0.41
37137,0.03,-0.16,9.58,1.00,-0.01,-0.00,0.00,-0.07,1.45,0.00,10.60,0.00,0,2,1001.26,41.79,109.85,1001.26,41.19,109.63,0.41,1000.59,38.05,114.64,2.43,2.07,94.13,309.55,7903,0.61,0.56,9.56,1.00,0.03,-0.04,0.00,4.25,-3.90,-0.11,6,10,2,0,35.2901733,136.2529067,82.60, 0.41
37193,0.01,-0.28,9.50,1.00,-0.01,-0.00,0.00,-0.07,1.45,0.00,10.60,0.00,0,2,1001.26,41.81,109.80,1001.26,41.20,109.63,0.41,1000.60,38.05,114.59,2.05,1.90,93.43,309.55,7903,0.66,0.82,9.54,1.00,0.03,-0.04,0.00,4.25,-3.90,-0.11,6,10,2,0,35.2901733,136.2529067,82.60, 0.41
37246,-0.01,-0.13,9.61,1.00,-0.01,-0.00,0.00,-0.07,1.45,0.00,10.60,0.00,0,2,1001.26,41.79,109.82,1001.26,41.20,109.64,0.41,1000.60,38.06,114.58,2.15,1.95,93.16,309.55,7903,0.79,0.64,9.57,1.00,0.03,-0.04,0.00,4.25,-3.90,-0.11,6,10,2,0,35.2901733,136.2529067,82.60, 0.41
37300,0.00,-0.21,9.53,1.00,-0.01,-0.00,0.00,-0.07,1.45,0.00,10.60,0.00,0,2,1001.26,41.81,109.80,1001.26,41.20,109.66,0.41,1000.59,38.06,114.61,2.17,1.96,92.99,309.55,7903,0.69,0.67,9.52,1.00,0.03,-0.04,0.00,4.25,-3.90,-0.11,6,10,2,0,35.2901733,136.2529067,82.60, 0.41
37356,0.00,-0.21,9.58,1.00,-0.01,-0.00,0.00,-0.07,1.45,0.00,10.60,0.00,0,2,1001.26,41.81,109.82,1001.26,41.19,109.66,0.41,1000.60,38.07,114.59,2.17,1.96,92.99,309.55,7903,0.71,0.65,9.55,1.00,0.03,-0.04,0.00,4.25,-3.90,-0.11,6,10,2,0,35.2901733,136.2529067,82.60, 0.41
37409,0.00,-0.19,9.59,1.00,-0.01,-0.00,0.00,-0.07,1.45,0.00,10.60,0.00,0,2,1001.26,41.81,109.88,1001.26,41.20,109.66,0.41,1000.60,38.06,114.55,2.28,2.01,92.99,309.55,7902,0.73,0.60,9.52,1.00,0.03,-0.04,0.00,4.25,-3.90,-0.11,6,10,2,0,35.2901733,136.2529067,82.60, 0.41
37466,-0.05,-0.23,9.59,1.00,-0.01,-0.00,0.00,-0.07,1.45,0.00,10.62,0.00,0,2,1001.26,41.80,109.88,1001.26,41.20,109.65,0.41,1000.59,38.07,114.65,2.15,1.95,92.99,309.55,7903,0.83,0.62,9.51,1.00,0.03,-0.04,0.00,4.25,-3.90,-0.11,6,10,2,0,35.2901733,136.2529067,82.60, 0.38
37518,0.01,-0.22,9.58,1.00,-0.01,-0.00,0.00,-0.07,1.45,0.00,10.61,0.00,0,2,1001.26,41.80,109.83,1001.26,41.21,109.60,0.41,1000.60,38.06,114.56,2.12,1.93,92.90,309.55,7903,0.73,0.74,9.57,1.00,0.03,-0.04,0.00,4.25,-3.90,-0.11,6,10,2,0,35.2901733,136.2529067,82.60, 0.38
37576,0.00,-0.21,9.54,1.00,-0.01,-0.00,0.00,-0.07,1.45,0.00,10.61,0.00,0,2,1001.26,41.81,109.84,1001.26,41.19,109.64,0.41,1000.60,38.07,114.58,1.57,1.66,92.90,309.55,7903,0.67,0.67,9.59,1.00,0.03,-0.04,0.00,4.25,-3.90,-0.11,6,10,3,0,35.2901717,136.2529067,82.60, 0.38
37634,0.01,-0.21,9.59,1.00,-0.01,-0.00,0.00,-0.07,1.45,0.00,10.60,0.00,0,2,1001.26,41.80,109.88,1001.26,41.22,109.65,0.41,1000.60,38.07,114.54,0.28,0.71,92.90,309.55,7902,0.83,0.71,9.57,1.00,0.03,-0.04,0.00,4.25,-3.90,-0.11,6,10,3,0,35.2901717,136.2529067,82.60, 0.38
37686,-0.01,-0.17,9.60,1.00,-0.01,-0.00,0.00,-0.07,1.45,0.00,10.61,0.00,0,2,1001.25,41.80,109.91,1001.26,41.21,109.65,0.41,1000.60,38.08,114.55,1.50,1.63,92.90,309.55,7903,0.81,0.71,9.54,1.00,0.03,-0.04,0.00,4.25,-3.90,-0.11,6,10,3,0,35.2901717,136.2529067,82.60, 0.38
37739,-0.01,-0.19,9.51,1.00,-0.01,-0.00,0.00,-0.07,1.45,0.00,10.61,0.00,0,2,1001.25,41.79,109.90,1001.26,41.20,109.64,0.41,1000.60,38.08,114.55,1.75,1.76,92.90,309.55,7902,0.77,0.72,9.56,1.00,0.03,-0.04,0.00,4.25,-3.90,-0.11,6,10,3,0,35.2901717,136.2529067,82.60, 0.38
37795,0.00,-0.22,9.55,1.00,-0.01,-0.00,0.00,-0.07,1.45,0.00,10.60,0.00,0,2,1001.26,41.79,109.88,1001.26,41.19,109.62,0.41,1000.60,38.06,114.57,1.67,1.72,92.81,309.55,7902,0.80,0.61,9.53,1.00,0.03,-0.04,0.00,4.25,-3.90,-0.11,6,10,3,0,35.2901717,136.2529067,82.60, 0.38
37853,-0.02,-0.22,9.58,1.00,-0.01,-0.00,0.00,-0.07,1.45,0.00,10.60,0.00,0,2,1001.26,41.80,109.86,1001.26,41.20,109.67,0.41,1000.60,38.07,114.58,2.17,1.96,92.81,309.55,7903,0.71,0.67,9.56,1.00,0.03,-0.04,0.00,4.25,-3.90,-0.11,6,10,3,0,35.2901717,136.2529067,82.60, 0.38
37906,0.01,-0.25,9.55,1.00,-0.01,-0.00,0.00,-0.07,1.45,0.00,10.61,0.00,0,2,1001.26,41.80,109.85,1001.26,41.21,109.66,0.41,1000.60,38.08,114.61,1.17,1.44,92.81,309.55,7904,0.72,0.75,9.56,1.00,0.03,-0.04,0.00,4.25,-3.90,-0.11,6,10,3,0,35.2901717,136.2529067,82.60, 0.38
37957,-0.02,-0.19,9.59,1.00,-0.01,-0.00,0.00,-0.07,1.45,0.00,10.61,0.00,0,2,1001.26,41.79,109.85,1001.26,41.21,109.62,0.41,1000.60,38.06,114.55,1.87,1.82,92.81,309.55,7903,0.81,0.59,9.55,1.00,0.03,-0.04,0.00,4.25,-3.90,-0.11,6,10,3,0,35.2901717,136.2529067,82.60, 0.38
38015,0.00,-0.18,9.54,1.00,-0.01,-0.00,0.00,-0.07,1.45,0.00,10.61,0.00,0,2,1001.26,41.79,109.85,1001.26,41.22,109.68,0.41,1000.60,38.07,114.56,2.08,1.92,94.57,309.55,7903,0.77,0.68,9.54,1.00,0.03,-0.04,0.00,4.25,-3.90,-0.11,6,10,3,0,35.2901717,136.2529067,82.60, 0.38
38073,0.00,-0.22,9.58,1.00,-0.01,-0.00,0.00,-0.07,1.45,0.00,10.61,0.00,0,2,1001.26,41.80,109.85,1001.26,41.20,109.65,0.41,1000.60,38.06,114.60,2.17,1.96,97.47,309.55,7902,0.75,0.68,9.58,1.00,0.03,-0.04,0.00,4.25,-3.90,-0.11,6,10,3,0,35.2901717,136.2529067,82.60, 0.38
38126,0.01,-0.16,9.56,1.00,-0.01,-0.00,0.00,-0.07,1.45,0.00,10.59,0.00,0,2,1001.26,41.79,109.84,1001.26,41.20,109.63,0.41,1000.60,38.06,114.60,2.87,2.25,97.38,309.55,7903,0.68,0.63,9.53,1.00,0.03,-0.04,0.00,4.25,-3.90,-0.11,6,10,3,0,35.2901717,136.2529067,82.60, 0.38
38181,0.02,-0.22,9.61,1.00,-0.01,-0.00,0.00,-0.07,1.45,0.00,10.60,0.00,0,2,1001.26,41.80,109.81,1001.26,41.21,109.62,0.41,1000.60,38.07,114.56,2.28,2.01,96.33,309.55,7903,0.67,0.75,9.55,1.00,0.03,-0.04,0.00,4.25,-3.90,-0.11,6,10,3,0,35.2901717,136.2529067,82.60, 0.38
38234,-0.02,-0.18,9.58,1.00,-0.01,-0.00,0.00,-0.07,1.45,0.00,10.59,0.00,0,2,1001.26,41.80,109.85,1001.26,41.20,109.64,0.41,1000.59,38.07,114.62,1.03,1.35,95.19,309.55,7902,0.75,0.67,9.55,1.00,0.03,-0.04,0.00,4.25,-3.90,-0.11,6,10,3,0,35.2901717,136.2529067,82.60, 0.38
38292,0.00,-0.12,9.59,1.00,-0.01,-0.00,0.00,-0.07,1.45,0.00,10.59,0.00,0,2,1001.26,41.80,109.81,1001.26,41.21,109.62,0.41,1000.59,38.06,114.61,1.92,1.84,93.78,309.55,7902,0.73,0.57,9.53,1.00,0.03,-0.04,0.00,4.25,-3.90,-0.11,6,10,3,0,35.2901717,136.2529067,82.60, 0.38
38345,-0.02,-0.26,9.55,1.00,-0.01,-0.00,0.00,-0.07,1.45,0.00,10.59,0.00,0,2,1001.26,41.79,109.84,1001.26,41.20,109.62,0.41,1000.59,38.06,114.61,2.07,1.91,92.81,309.55,7902,0.69,0.59,9.54,1.00,0.03,-0.04,0.00,4.25,-3.90,-0.11,6,10,3,0,35.2901717,136.2529067,82.60, 0.38
38403,0.01,-0.16,9.56,1.00,-0.01,-0.00,0.00,-0.07,1.45,0.00,10.60,0.00,0,2,1001.25,41.79,109.89,1001.26,41.21,109.67,0.41,1000.59,38.06,114.65,2.50,2.10,93.08,309.55,7903,0.66,0.59,9.57,1.00,0.03,-0.04,0.00,4.25,-3.90,-0.11,6,10,3,0,35.2901717,136.2529067,82.60, 0.23
38454,0.00,-0.24,9.60,1.00,-0.01,-0.00,0.00,-0.07,1.45,0.00,10.61,0.00,0,2,1001.26,41.79,109.82,1001.26,41.21,109.63,0.41,1000.59,38.06,114.65,2.33,2.03,92.72,309.55,7903,0.66,0.77,9.61,1.00,0.03,-0.04,0.00,4.25,-3.90,-0.11,6,10,3,0,35.2901717,136.2529067,82.60, 0.23
38513,0.02,-0.21,9.56,1.00,-0.01,-0.00,0.00,-0.07,1.45,0.00,10.60,0.00,0,2,1001.26,41.80,109.81,1001.26,41.21,109.63,0.41,1000.60,38.06,114.58,2.35,2.04,92.64,309.55,7903,0.70,0.71,9.55,1.00,0.03,-0.04,0.00,4.25,-3.90,-0.11,6,10,4,0,35.2901700,136.2529100,82.60, 0.23
38566,0.00,-0.21,9.57,1.00,-0.01,-0.00,0.00,-0.07,1.45,0.00,10.60,0.00,0,2,1001.26,41.79,109.84,1001.26,41.22,109.66,0.41,1000.60,38.06,114.58,2.92,2.27,92.46,309.55,7903,0.72,0.76,9.57,1.00,0.03,-0.04,0.00,4.25,-3.90,-0.11,6,10,4,0,35.2901700,136.2529100,82.60, 0.23
38623,0.02,-0.19,9.58,1.00,-0.01,-0.00,0.00,-0.07,1.45,0.00,10.60,0.00,0,2,1001.26,41.79,109.82,1001.26,41.20,109.63,0.41,1000.60,38.07,114.58,2.30,2.02,91.93,309.55,7903,0.77,0.65,9.54,1.00,0.03,-0.04,0.00,4.25,-3.90,-0.11,6,10,4,0,35.2901700,136.2529100,82.60, 0.23
38674,-0.02,-0.21,9.58,1.00,-0.01,-0.00,0.00,-0.07,1.45,0.00,10.59,0.00,0,2,1001.26,41.79,109.85,1001.26,41.21,109.67,0.41,1000.60,38.08,114.56,2.43,2.07,92.72,309.46,7903,0.72,0.62,9.53,1.00,0.03,-0.04,0.00,4.25,-3.90,-0.11,6,10,4,0,35.2901700,136.2529100,82.60, 0.23
38732,-0.01,-0.23,9.61,1.00,-0.01,-0.00,0.00,-0.07,1.45,0.00,10.61,0.00,0,2,1001.26,41.80,109.88,1001.26,41.22,109.67,0.41,1000.60,38.07,114.58,2.48,2.09,93.25,309.46,7903,0.75,0.61,9.56,1.00,0.03,-0.04,0.00,4.25,-3.90,-0.11,6,10,4,0,35.2901700,136.2529100,82.60, 0.23
38785,0.01,-0.20,9.58,1.00,-0.01,-0.00,0.00,-0.07,1.45,0.00,10.61,0.00,0,2,1001.25,41.79,109.90,1001.26,41.22,109.63,0.41,1000.60,38.06,114.59,2.30,2.01,93.25,309.46,7903,0.76,0.69,9.57,1.00,0.03,-0.04,0.00,4.25,-3.90,-0.11,6,10,4,0,35.2901700,136.2529100,82.60, 0.23
38842,0.02,-0.17,9.55,1.00,-0.01,-0.00,0.00,-0.07,1.45,0.00,10.61,0.00,0,2,1001.26,41.80,109.85,1001.26,41.21,109.69,0.41,1000.59,38.06,114.62,2.35,2.04,92.90,309.46,7903,0.67,0.54,9.55,1.00,0.03,-0.04,0.00,4.25,-3.90,-0.11,6,10,4,0,35.2901700,136.2529100,82.60, 0.23
38893,0.00,-0.21,9.56,1.00,-0.01,-0.00,0.00,-0.07,1.45,0.00,10.62,0.00,0,2,1001.26,41.80,109.88,1001.26,41.21,109.60,0.41,1000.59,38.06,114.66,2.32,2.02,92.72,309.46,7903,0.75,0.64,9.56,1.00,0.03,-0.04,0.00,4.25,-3.90,-0.11,6,10,4,0,35.2901700,136.2529100,82.60, 0.23
38950,-0.02,-0.16,9.57,1.00,-0.01,-0.00,0.00,-0.07,1.45,0.00,10.60,0.00,0,2,1001.26,41.80,109.84,1001.26,41.23,109.64,0.41,1000.59,38.07,114.66,1.85,1.81,93.34,309.46,7902,0.71,0.50,9.46,1.00,0.03,-0.04,0.00,4.25,-3.90,-0.11,6,10,4,0,35.2901700,136.2529100,82.60, 0.23
39003,-0.03,-0.21,9.57,1.00,-0.01,-0.00,0.00,-0.07,1.45,0.00,10.61,0.00,0,2,1001.26,41.81,109.84,1001.26,41.22,109.61,0.41,1000.59,38.07,114.65,1.75,1.76,93.34,309.46,7902,0.79,0.55,9.51,1.00,0.03,-0.04,0.00,4.25,-3.90,-0.11,6,10,4,0,35.2901700,136.2529100,82.60, 0.23
39061,0.00,-0.20,9.63,1.00,-0.01,-0.00,0.00,-0.07,1.45,0.00,10.61,0.00,0,2,1001.26,41.78,109.86,1001.26,41.22,109.65,0.41,1000.59,38.05,114.64,2.73,2.20,92.37,309.38,7902,0.72,0.73,9.61,1.00,0.03,-0.04,0.00,4.25,-3.90,-0.11,6,10,4,0,35.2901700,136.2529100,82.60, 0.23
39113,-0.01,-0.19,9.52,1.00,-0.01,-0.00,0.00,-0.07,1.45,0.00,10.60,0.00,0,2,1001.26,41.80,109.86,1001.26,41.22,109.63,0.41,1000.59,38.07,114.63,2.38,2.05,92.02,309.38,7903,0.83,0.72,9.58,1.00,0.03,-0.04,0.00,4.25,-3.90,-0.11,6,10,4,0,35.2901700,136.2529100,82.60, 0.23
39169,0.02,-0.16,9.64,1.00,-0.01,-0.00,0.00,-0.07,1.45,0.00,10.60,0.00,0,2,1001.26,41.78,109.82,1001.26,41.22,109.66,0.41,1000.59,38.07,114.62,2.47,2.09,91.85,309.38,7903,0.85,0.60,9.53,1.00,0.03,-0.04,0.00,4.25,-3.90,-0.11,6,10,4,0,35.2901700,136.2529100,82.60, 0.23
39222,0.00,-0.18,9.57,1.00,-0.01,-0.00,0.00,-0.07,1.45,0.00,10.60,0.00,0,2,1001.26,41.79,109.87,1001.26,41.22,109.63,0.41,1000.59,38.07,114.65,2.10,1.93,91.85,309.38,7903,0.66,0.71,9.54,1.00,0.03,-0.04,0.00,4.25,-3.90,-0.11,6,10,4,0,35.2901700,136.2529100,82.60, 0.23
39280,0.00,-0.23,9.51,1.00,-0.01,-0.00,0.00,-0.07,1.45,0.00,10.61,0.00,0,2,1001.26,41.79,109.88,1001.26,41.23,109.60,0.41,1000.59,38.05,114.64,2.83,2.24,91.85,309.46,7903,0.86,0.72,9.54,1.00,0.03,-0.04,0.00,4.25,-3.90,-0.11,6,10,4,0,35.2901700,136.2529100,82.60, 0.23
39332,0.03,-0.15,9.56,1.00,-0.01,-0.00,0.00,-0.07,1.45,0.00,10.62,0.00,0,2,1001.26,41.80,109.85,1001.26,41.21,109.67,0.41,1000.59,38.04,114.67,2.15,1.95,92.37,309.38,7903,0.84,0.59,9.59,1.00,0.03,-0.04,0.00,4.25,-3.90,-0.11,6,10,4,0,35.2901700,136.2529100,82.60, 0.23
39390,0.01,-0.31,9.53,1.00,-0.01,-0.00,0.00,-0.07,1.45,0.00,10.61,0.00,0,2,1001.26,41.79,109.85,1001.26,41.20,109.65,0.41,1000.59,38.06,114.65,2.13,1.94,92.29,309.38,7903,0.82,0.79,9.55,1.00,0.03,-0.04,0.00,4.25,-3.90,-0.11,6,10,4,0,35.2901700,136.2529100,82.60, 0.17
39442,-0.04,-0.17,9.62,1.00,-0.01,-0.00,0.00,-0.07,1.45,0.00,10.61,0.00,0,2,1001.26,41.80,109.81,1001.26,41.20,109.65,0.41,1000.59,38.07,114.63,0.78,1.18,92.11,309.38,7903,0.66,0.67,9.57,1.00,0.03,-0.04,0.00,4.25,-3.90,-0.11,6,10,4,0,35.2901700,136.2529100,82.60, 0.17
39496,-0.02,-0.17,9.54,1.00,-0.01,-0.00,0.00,-0.07,1.45,0.00,10.61,0.00,0,2,1001.26,41.78,109.83,1001.26,41.21,109.62,0.41,1000.59,38.05,114.68,1.23,1.48,92.11,309.38,7902,0.82,0.66,9.53,1.00,0.03,-0.04,0.00,4.25,-3.90,-0.11,6,10,5,0,35.2901700,136.2529083,82.60, 0.17
39551,0.00,-0.17,9.54,1.00,-0.01,-0.00,0.00,-0.07,1.45,0.00,10.60,0.00,0,2,1001.26,41.79,109.87,1001.26,41.21,109.64,0.41,1000.59,38.05,114.66,2.25,1.99,91.76,309.38,7903,0.85,0.65,9.52,1.00,0.03,-0.04,0.00,4.25,-3.90,-0.11,6,10,5,0,35.2901700,136.2529083,82.60, 0.17
39605,0.00,-0.29,9.59,1.00,-0.01,-0.00,0.00,-0.07,1.45,0.00,10.61,0.00,0,2,1001.26,41.79,109.87,1001.26,41.22,109.65,0.41,1000.58,38.05,114.70,2.27,2.00,92.37,309.46,7903,0.65,0.64,9.63,1.00,0.03,-0.04,0.00,4.25,-3.90,-0.11,6,10,5,0,35.2901700,136.2529083,82.60, 0.17
39663,-0.01,-0.24,9.52,1.00,-0.01,-0.00,0.00,-0.07,1.45,0.00,10.61,0.00,0,2,1001.26,41.80,109.84,1001.26,41.22,109.67,0.41,1000.59,38.07,114.65,2.22,1.98,93.25,309.46,7903,0.62,0.83,9.56,1.00,0.03,-0.04,0.00,4.25,-3.90,-0.11,6,10,5,0,35.2901700,136.2529083,82.60, 0.17
39719,0.00,-0.11,9.61,1.00,-0.01,-0.00,0.00,-0.07,1.45,0.00,10.61,0.00,0,2,1001.26,41.78,109.87,1001.26,41.21,109.67,0.41,1000.60,38.06,114.60,2.42,2.07,92.64,309.46,7902,0.90,0.42,9.54,1.00,0.03,-0.04,0.00,4.25,-3.90,-0.11,6,10,5,0,35.2901700,136.2529083,82.60, 0.17
39771,0.03,-0.21,9.60,1.00,-0.01,-0.00,0.00,-0.07,1.45,0.00,10.61,0.00,0,2,1001.26,41.80,109.85,1001.26,41.22,109.63,0.41,1000.60,38.05,114.59,2.45,2.08,92.46,309.46,7903,0.72,0.56,9.53,1.00,0.03,-0.04,0.00,4.25,-3.90,-0.11,6,10,5,0,35.2901700,136.2529083,82.60, 0.17
39829,0.00,-0.26,9.56,1.00,-0.01,-0.00,0.00,-0.07,1.45,0.00,10.60,0.00,0,2,1001.26,41.79,109.85,1001.26,41.22,109.64,0.41,1000.59,38.04,114.61,2.60,2.14,92.46,309.46,7902,0.63,0.58,9.50,1.00,0.03,-0.04,0.00,4.25,-3.90,-0.11,6,10,5,0,35.2901700,136.2529083,82.60, 0.17
39883,-0.02,-0.17,9.56,1.00,-0.01,-0.00,0.00,-0.07,1.45,0.00,10.59,0.00,0,2,1001.26,41.79,109.85,1001.26,41.22,109.66,0.41,1000.60,38.06,114.60,2.15,1.95,92.37,309.46,7903,0.63,0.64,9.55,1.00,0.03,-0.04,0.00,4.25,-3.90,-0.11,6,10,5,0,35.2901700,136.2529083,82.60, 0.17
39940,0.00,-0.21,9.54,1.00,-0.01,-0.00,0.00,-0.07,1.45,0.00,10.60,0.00,0,2,1001.26,41.79,109.85,1001.26,41.22,109.67,0.41,1000.59,38.05,114.64,2.10,1.93,92.37,309.46,7902,0.80,0.72,9.56,1.00,0.03,-0.04,0.00,4.25,-3.90,-0.11,6,10,5,0,35.2901700,136.2529083,82.60, 0.17
39991,0.01,-0.20,9.57,1.00,-0.01,-0.00,0.00,-0.07,1.45,0.00,10.61,0.00,0,2,1001.25,41.78,109.89,1001.26,41.23,109.64,0.41,1000.59,38.05,114.66,2.37,2.04,92.46,309.46,7903,0.66,0.71,9.55,1.00,0.03,-0.04,0.00,4.25,-3.90,-0.11,6,10,5,0,35.2901700,136.2529083,82.60, 0.17
40049,0.00,-0.21,9.55,1.00,-0.01,-0.00,0.00,-0.07,1.45,0.00,10.62,0.00,0,2,1001.25,41.77,109.88,1001.26,41.22,109.64,0.41,1000.59,38.06,114.65,2.33,2.03,92.46,309.46,7903,0.64,0.64,9.56,1.00,0.03,-0.04,0.00,4.25,-3.90,-0.11,6,10,5,0,35.2901700,136.2529083,82.60, 0.17
40102,0.00,-0.23,9.59,1.00,-0.01,-0.00,0.00,-0.07,1.45,0.00,10.62,0.00,0,2,1001.25,41.77,109.88,1001.26,41.22,109.64,0.41,1000.59,38.06,114.65,2.27,2.00,92.37,309.46,7903,0.82,0.58,9.50,1.00,0.03,-0.04,0.00,4.25,-3.90,-0.11,6,10,5,0,35.2901700,136.2529083,82.60, 0.17
40159,0.00,-0.20,9.56,1.00,-0.01,-0.00,0.00,-0.07,1.45,0.00,10.62,0.00,0,2,1001.26,41.77,109.86,1001.25,41.21,109.68,0.41,1000.59,38.05,114.66,2.35,2.04,91.67,309.46,7903,0.72,0.58,9.50,1.00,0.03,-0.04,0.00,4.25,-3.90,-0.11,6,10,5,0,35.2901700,136.2529083,82.60, 0.17
40210,0.01,-0.23,9.60,1.00,-0.01,-0.00,0.00,-0.07,1.45,0.00,10.62,0.00,0,2,1001.25,41.79,109.89,1001.26,41.24,109.66,0.41,1000.59,38.05,114.68,1.67,1.72,90.44,309.46,7902,0.64,0.71,9.57,1.00,0.03,-0.04,0.00,4.25,-3.90,-0.11,6,10,5,0,35.2901700,136.2529083,82.60, 0.17
40268,0.00,-0.15,9.55,1.00,-0.01,-0.00,0.00,-0.07,1.45,0.00,10.62,0.00,0,2,1001.25,41.77,109.90,1001.26,41.22,109.65,0.41,1000.59,38.05,114.66,1.25,1.49,89.56,309.46,7903,0.66,0.70,9.57,1.00,0.03,-0.04,0.00,4.25,-3.90,-0.11,6,10,5,0,35.2901700,136.2529083,82.60, 0.17
40319,0.00,-0.22,9.56,1.00,-0.01,-0.00,0.00,-0.07,1.45,0.00,10.61,0.00,0,2,1001.26,41.77,109.86,1001.26,41.23,109.62,0.41,1000.59,38.05,114.63,1.70,1.73,90.18,309.46,7903,0.75,0.62,9.54,1.00,0.03,-0.04,0.00,4.25,-3.90,-0.11,6,10,5,0,35.2901700,136.2529083,82.60, 0.17
40378,-0.01,-0.11,9.57,1.00,-0.01,-0.00,0.00,-0.07,1.45,0.00,10.60,0.00,0,2,1001.25,41.78,109.90,1001.26,41.22,109.70,0.41,1000.60,38.06,114.60,1.77,1.77,93.25,309.46,7903,0.71,0.51,9.56,1.00,0.03,-0.04,0.00,4.25,-3.90,-0.11,6,10,5,0,35.2901700,136.2529083,82.60, 0.15
40429,0.03,-0.22,9.54,1.00,-0.01,-0.00,0.00,-0.07,1.45,0.00,10.61,0.00,0,2,1001.25,41.78,109.90,1001.26,41.23,109.63,0.41,1000.60,38.06,114.60,2.27,2.00,93.43,309.46,7902,0.66,0.61,9.49,1.00,0.03,-0.04,0.00,4.25,-3.90,-0.11,6,10,5,0,35.2901700,136.2529083,82.60, 0.15
40488,0.00,-0.25,9.52,1.00,-0.01,-0.00,0.00,-0.07,1.45,0.00,10.61,0.00,0,2,1001.26,41.78,109.86,1001.26,41.23,109.66,0.41,1000.59,38.05,114.61,2.17,1.96,93.16,309.46,7902,0.73,0.65,9.55,1.00,0.03,-0.04,0.00,4.25,-3.90,-0.11,6,10,6,0,35.2901717,136.2529067,82.60, 0.15
40540,-0.01,-0.18,9.53,1.00,-0.01,-0.00,0.00,-0.07,1.45,0.00,10.60,0.00,0,2,1001.26,41.78,109.80,1001.26,41.23,109.68,0.41,1000.59,38.05,114.63,1.43,1.59,93.08,309.46,7902,0.74,0.67,9.54,1.00,0.03,-0.04,0.00,4.25,-3.90,-0.11,6,10,6,0,35.2901717,136.2529067,82.60, 0.15
40598,0.00,-0.19,9.59,1.00,-0.01,-0.00,0.00,-0.07,1.45,0.00,10.58,0.00,0,2,1001.26,41.77,109.85,1001.26,41.22,109.66,0.41,1000.59,38.06,114.62,1.45,1.60,92.99,309.46,7902,0.68,0.71,9.54,1.00,0.03,-0.04,0.00,4.25,-3.90,-0.11,6,10,6,0,35.2901717,136.2529067,82.60, 0.15
40650,0.02,-0.22,9.60,1.00,-0.01,-0.00,0.00,-0.07,1.45,0.00,10.59,0.00,0,2,1001.26,41.76,109.87,1001.26,41.23,109.69,0.41,1000.59,38.05,114.61,1.07,1.37,92.90,309.46,7903,0.72,0.71,9.55,1.00,0.03,-0.04,0.00,4.25,-3.90,-0.11,6,10,6,0,35.2901717,136.2529067,82.60, 0.15
40701,0.01,-0.19,9.54,1.00,-0.01,-0.00,0.00,-0.07,1.45,0.00,10.61,0.00,0,2,1001.26,41.76,109.87,1001.26,41.23,109.64,0.41,1000.59,38.06,114.66,1.20,1.46,93.08,309.46,7903,0.76,0.80,9.61,1.00,0.03,-0.04,0.00,4.25,-3.90,-0.11,6,10,6,0,35.2901717,136.2529067,82.60, 0.15
40759,0.00,-0.22,9.59,1.00,-0.01,-0.00,0.00,-0.07,1.45,0.00,10.62,0.00,0,2,1001.25,41.77,109.90,1001.26,41.22,109.66,0.41,1000.59,38.06,114.69,1.53,1.65,94.39,309.38,7903,0.71,0.75,9.61,1.00,0.03,-0.04,0.00,4.25,-3.90,-0.11,6,10,6,0,35.2901717,136.2529067,82.60, 0.15
40816,0.00,-0.21,9.55,1.00,-0.01,-0.00,0.00,-0.07,1.45,0.00,10.61,0.00,0,2,1001.26,41.78,109.86,1001.26,41.25,109.65,0.41,1000.59,38.07,114.62,2.17,1.96,95.54,309.38,7903,0.73,0.67,9.55,1.00,0.03,-0.04,0.00,4.25,-3.90,-0.11,6,10,6,0,35.2901717,136.2529067,82.60, 0.15
40870,0.00,-0.22,9.55,1.00,-0.01,-0.00,0.00,-0.07,1.45,0.00,10.61,0.00,0,2,1001.26,41.77,109.87,1001.25,41.23,109.65,0.41,1000.59,38.05,114.66,2.30,2.01,95.71,309.46,7902,0.76,0.75,9.53,1.00,0.03,-0.04,0.00,4.25,-3.90,-0.11,6,10,6,0,35.2901717,136.2529067,82.60, 0.15
40928,0.01,-0.20,9.59,1.00,-0.01,-0.00,0.00,-0.07,1.45,0.00,10.61,0.00,0,2,1001.25,41.76,109.89,1001.26,41.24,109.66,0.41,1000.59,38.05,114.64,2.23,1.99,95.54,309.46,7902,0.67,0.59,9.55,1.00,0.03,-0.04,0.00,4.25,-3.90,-0.11,6,10,6,0,35.2901717,136.2529067,82.60, 0.15
40978,0.00,-0.16,9.57,1.00,-0.01,-0.00,0.00,-0.07,1.45,0.00,10.61,0.00,0,2,1001.26,41.77,109.87,1001.26,41.23,109.66,0.41,1000.59,38.06,114.62,2.75,2.20,95.80,309.46,7902,0.71,0.53,9.53,1.00,0.03,-0.04,0.00,4.25,-3.90,-0.11,6,10,6,0,35.2901717,136.2529067,82.60, 0.15
41030,-0.02,-0.26,9.53,1.00,-0.01,-0.00,0.00,-0.07,1.45,0.00,10.59,0.00,0,2,1001.25,41.76,109.89,1001.26,41.23,109.64,0.41,1000.59,38.05,114.64,2.07,1.91,95.27,309.46,7903,0.81,0.67,9.54,1.00,0.03,-0.04,0.00,4.25,-3.90,-0.11,6,10,6,0,35.2901717,136.2529067,82.60, 0.15
41087,-0.02,-0.17,9.56,1.00,-0.01,-0.00,0.00,-0.07,1.45,0.00,10.60,0.00,0,2,1001.25,41.76,109.89,1001.26,41.23,109.70,0.41,1000.59,38.05,114.63,1.78,1.77,95.10,309.46,7902,0.77,0.60,9.53,1.00,0.03,-0.04,0.00,4.25,-3.90,-0.11,6,10,6,0,35.2901717,136.2529067,82.60, 0.15
41139,0.00,-0.18,9.57,1.00,-0.01,-0.00,0.00,-0.07,1.45,0.00,10.60,0.00,0,2,1001.26,41.74,109.87,1001.26,41.23,109.66,0.41,1000.59,38.07,114.67,1.42,1.58,94.92,309.46,7903,0.69,0.72,9.59,1.00,0.03,-0.04,0.00,4.25,-3.90,-0.11,6,10,6,0,35.2901717,136.2529067,82.60, 0.15
41195,0.00,-0.20,9.56,1.00,-0.01,-0.00,0.00,-0.07,1.45,0.00,10.62,0.00,0,2,1001.25,41.76,109.89,1001.26,41.23,109.66,0.41,1000.58,38.06,114.71,0.95,1.29,94.75,309.46,7902,0.79,0.79,9.59,1.00,0.03,-0.04,0.00,4.25,-3.90,-0.11,6,10,6,0,35.2901717,136.2529067,82.60, 0.15
41248,0.00,-0.19,9.55,1.00,-0.01,-0.00,0.00,-0.07,1.45,0.00,10.62,0.00,0,2,1001.25,41.74,109.92,1001.26,41.24,109.67,0.41,1000.59,38.06,114.67,1.33,1.53,94.66,309.46,7902,0.75,0.74,9.55,1.00,0.03,-0.04,0.00,4.25,-3.90,-0.11,6,10,6,0,35.2901717,136.2529067,82.60, 0.15
41303,0.00,-0.20,9.58,1.00,-0.01,-0.00,0.00,-0.07,1.45,0.00,10.62,0.00,0,2,1001.25,41.74,109.87,1001.26,41.25,109.68,0.41,1000.59,38.07,114.67,1.33,1.53,94.57,309.46,7903,0.64,0.75,9.59,1.00,0.03,-0.04,0.00,4.25,-3.90,-0.11,6,10,6,0,35.2901717,136.2529067,82.60, 0.15
41359,0.00,-0.19,9.54,1.00,-0.01,-0.00,0.00,-0.07,1.45,0.00,10.61,0.00,0,2,1001.26,41.76,109.84,1001.26,41.23,109.70,0.41,1000.59,38.05,114.66,0.92,1.27,94.75,309.46,7903,0.78,0.64,9.51,1.00,0.03,-0.04,0.00,4.25,-3.90,-0.11,6,10,6,0,35.2901717,136.2529067,82.60, 0.14
41415,0.00,-0.24,9.58,1.00,-0.01,-0.00,0.00,-0.07,1.45,0.00,10.60,0.00,0,2,1001.26,41.74,109.85,1001.26,41.23,109.62,0.41,1000.60,38.08,114.60,2.50,2.10,94.75,309.46,7902,0.71,0.67,9.55,1.00,0.03,-0.04,0.00,4.25,-3.90,-0.11,6,10,6,0,35.2901717,136.2529067,82.60, 0.14
41468,-0.01,-0.22,9.54,1.00,-0.01,-0.00,0.00,-0.07,1.45,0.00,10.60,0.00,0,2,1001.26,41.75,109.85,1001.26,41.23,109.66,0.41,1000.59,38.06,114.65,2.08,1.92,95.10,309.46,7903,0.66,0.66,9.54,1.00,0.03,-0.04,0.00,4.25,-3.90,-0.11,6,10,6,0,35.2901717,136.2529067,82.60, 0.14
41523,0.00,-0.19,9.61,1.00,-0.01,-0.00,0.00,-0.07,1.45,0.00,10.59,0.00,0,2,1001.25,41.75,109.88,1001.26,41.24,109.67,0.41,1000.59,38.06,114.62,1.80,1.78,95.36,309.46,7902,0.58,0.65,9.56,1.00,0.03,-0.04,0.00,4.25,-3.90,-0.11,6,10,7,0,35.2901700,136.2529050,82.60, 0.14
41579,-0.11,-0.10,9.61,1.00,-0.01,-0.00,0.00,-0.07,1.45,0.00,10.60,0.00,0,2,1001.25,41.74,109.89,1001.26,41.24,109.69,0.41,1000.59,38.07,114.62,2.02,1.89,95.36,309.38,7903,0.41,0.77,9.60,1.00,0.03,-0.04,0.00,4.27,-3.91,-0.11,6,10,7,0,35.2901700,136.2529050,82.60, 0.14
41635,-0.02,-0.14,9.47,1.00,-0.01,-0.00,0.00,-0.07,1.45,0.00,10.61,0.00,0,2,1001.25,41.74,109.87,1001.26,41.25,109.67,0.41,1000.60,38.08,114.61,2.12,1.93,94.66,309.38,7903,0.55,1.40,9.80,1.00,0.03,-0.04,0.00,4.27,-3.91,-0.10,6,10,7,0,35.2901700,136.2529050,82.60, 0.14
41687,0.03,-0.25,9.63,1.00,-0.01,-0.00,0.00,-0.07,1.45,0.00,10.61,0.00,0,2,1001.25,41.75,109.90,1001.26,41.24,109.67,0.41,1000.59,38.07,114.67,1.40,1.57,94.31,309.38,7902,0.41,0.87,9.68,1.00,0.03,-0.04,0.00,4.27,-3.91,-0.12,6,10,7,0,35.2901700,136.2529050,82.60, 0.14
41744,0.00,-0.15,9.59,1.00,-0.01,-0.00,0.00,-0.07,1.45,0.00,10.60,0.00,0,2,1001.25,41.74,109.90,1001.26,41.24,109.65,0.41,1000.60,38.06,114.58,1.08,1.38,93.69,309.38,7903,0.98,0.88,9.57,1.00,0.03,-0.04,0.00,4.27,-3.91,-0.12,6,10,7,0,35.2901700,136.2529050,82.60, 0.14
41796,0.00,-0.15,9.63,1.00,-0.01,-0.00,0.00,-0.07,1.45,0.00,10.60,0.00,0,2,1001.25,41.73,109.91,1001.26,41.23,109.66,0.41,1000.59,38.07,114.61,1.25,1.49,92.55,309.38,7903,0.36,0.35,9.55,1.00,0.03,-0.04,0.00,4.27,-3.90,-0.10,6,10,7,0,35.2901700,136.2529050,82.60, 0.14
41851,-0.06,-0.29,9.50,1.00,-0.01,-0.00,0.00,-0.07,1.45,0.00,10.59,0.00,0,2,1001.25,41.74,109.89,1001.26,41.25,109.65,0.40,1000.59,38.07,114.63,1.23,1.48,91.23,309.38,7902,0.32,0.33,9.40,1.00,0.03,-0.04,0.00,4.27,-3.90,-0.11,6,10,7,0,35.2901700,136.2529050,82.60, 0.14
41906,0.04,-0.18,9.60,1.00,-0.01,-0.00,0.00,-0.07,1.45,0.00,10.59,0.00,0,2,1001.25,41.75,109.90,1001.26,41.25,109.65,0.41,1000.59,38.06,114.67,1.32,1.52,92.81,309.38,7903,0.52,0.14,9.48,1.00,0.03,-0.04,0.00,4.27,-3.90,-0.12,6,10,7,0,35.2901700,136.2529050,82.60, 0.14
41962,0.01,-0.21,9.54,1.00,-0.01,-0.00,0.00,-0.07,1.45,0.00,10.60,0.00,0,2,1001.25,41.76,109.92,1001.26,41.24,109.68,0.41,1000.59,38.06,114.64,2.12,1.93,94.48,309.38,7902,1.09,0.39,9.47,1.00,0.03,-0.04,0.00,4.27,-3.90,-0.12,6,10,7,0,35.2901700,136.2529050,82.60, 0.14
42015,-0.01,-0.24,9.57,1.00,-0.01,-0.00,0.00,-0.07,1.45,0.00,10.60,0.00,0,2,1001.25,41.74,109.93,1001.26,41.25,109.66,0.41,1000.60,38.07,114.58,2.20,1.97,95.62,309.38,7903,0.43,0.93,9.68,1.00,0.03,-0.04,0.00,4.27,-3.90,-0.11,6,10,7,0,35.2901700,136.2529050,82.60, 0.14
42073,0.05,-0.21,9.57,1.00,-0.01,-0.00,0.00,-0.07,1.45,0.00,10.60,0.00,0,2,1001.25,41.76,109.89,1001.26,41.24,109.66,0.41,1000.60,38.05,114.55,2.45,2.08,94.48,309.38,7903,0.49,0.91,9.70,1.00,0.03,-0.04,0.00,4.28,-3.90,-0.12,6,10,7,0,35.2901700,136.2529050,82.60, 0.14
42128,0.00,-0.21,9.54,1.00,-0.01,-0.00,0.00,-0.07,1.45,0.00,10.60,0.00,0,2,1001.26,41.74,109.85,1001.26,41.24,109.69,0.41,1000.60,38.06,114.59,2.65,2.16,94.13,309.38,7902,0.88,1.02,9.61,1.00,0.03,-0.04,0.00,4.28,-3.90,-0.12,6,10,7,0,35.2901700,136.2529050,82.60, 0.14
42184,0.00,-0.16,9.55,1.00,-0.01,-0.00,0.00,-0.07,1.45,0.00,10.58,0.00,0,2,1001.26,41.73,109.86,1001.26,41.24,109.64,0.40,1000.59,38.06,114.62,2.32,2.02,94.13,309.38,7903,1.10,0.82,9.58,1.00,0.03,-0.04,0.00,4.28,-3.90,-0.12,6,10,7,0,35.2901700,136.2529050,82.60, 0.14
42236,-0.01,-0.19,9.53,1.00,-0.01,-0.00,0.00,-0.07,1.45,0.00,10.59,0.00,0,2,1001.25,41.74,109.90,1001.26,41.23,109.69,0.41,1000.60,38.05,114.57,1.62,1.69,94.13,309.38,7902,0.55,0.53,9.53,1.00,0.03,-0.04,0.00,4.28,-3.90,-0.12,6,10,7,0,35.2901700,136.2529050,82.60, 0.14
42294,-0.02,-0.24,9.55,1.00,-0.01,-0.00,0.00,-0.07,1.45,0.00,10.59,0.00,0,2,1001.26,41.74,109.85,1001.26,41.24,109.65,0.41,1000.59,38.06,114.61,2.98,2.29,93.08,309.38,7902,0.84,0.62,9.48,1.00,0.03,-0.04,0.00,4.28,-3.90,-0.11,6,10,7,0,35.2901700,136.2529050,82.60, 0.14
42347,0.01,-0.24,9.60,1.00,-0.01,-0.00,0.00,-0.07,1.45,0.00,10.59,0.00,0,2,1001.26,41.73,109.86,1001.26,41.25,109.65,0.41,1000.59,38.06,114.66,2.15,1.95,91.05,309.38,7903,0.53,0.79,9.60,1.00,0.03,-0.04,0.00,4.29,-3.90,-0.10,6,10,7,0,35.2901700,136.2529050,82.60, 0.18
42399,0.00,-0.17,9.55,1.00,-0.01,-0.00,0.00,-0.07,1.45,0.00,10.59,0.00,0,2,1001.26,41.75,109.82,1001.26,41.24,109.64,0.41,1000.59,38.07,114.65,1.25,1.49,90.62,309.38,7903,1.01,0.72,9.55,1.00,0.03,-0.04,0.00,4.28,-3.91,-0.10,6,10,7,0,35.2901700,136.2529050,82.60, 0.18
42455,0.02,-0.20,9.60,1.00,-0.01,-0.00,0.00,-0.07,1.45,0.00,10.60,0.00,0,2,1001.25,41.73,109.94,1001.26,41.24,109.69,0.41,1000.59,38.07,114.63,1.30,1.51,92.11,309.38,7902,0.80,0.73,9.56,1.00,0.03,-0.04,0.00,4.28,-3.91,-0.10,6,10,7,0,35.2901700,136.2529050,82.60, 0.18
42512,-0.01,-0.21,9.56,1.00,-0.01,-0.00,0.00,-0.07,1.45,0.00,10.61,0.00,0,2,1001.25,41.75,109.88,1001.26,41.24,109.69,0.41,1000.59,38.06,114.69,1.07,1.37,94.13,309.38,7903,0.98,0.73,9.49,1.00,0.03,-0.04,0.00,4.29,-3.92,-0.11,6,10,8,0,35.2901683,136.2529067,82.60, 0.18
42566,0.04,-0.18,9.56,1.00,-0.01,-0.00,0.00,-0.07,1.45,0.00,10.62,0.00,0,2,1001.25,41.76,109.89,1001.26,41.25,109.65,0.41,1000.59,38.05,114.67,0.83,1.21,94.83,309.38,7902,0.91,0.53,9.54,1.00,0.03,-0.04,0.00,4.29,-3.92,-0.11,6,10,8,0,35.2901683,136.2529067,82.60, 0.18
42622,0.06,-0.14,9.61,1.00,-0.01,-0.00,0.00,-0.07,1.45,0.00,10.62,0.00,0,2,1001.25,41.76,109.91,1001.26,41.24,109.66,0.40,1000.59,38.07,114.65,2.10,1.93,95.01,309.38,7903,0.69,0.63,9.61,1.00,0.03,-0.04,0.00,4.29,-3.92,-0.11,6,10,8,0,35.2901683,136.2529067,82.60, 0.18
42674,0.00,-0.26,9.58,1.00,-0.01,-0.00,0.00,-0.07,1.45,0.00,10.60,0.00,0,2,1001.26,41.77,109.86,1001.26,41.25,109.66,0.41,1000.60,38.07,114.60,2.32,2.02,94.04,309.38,7903,0.93,0.71,9.60,1.00,0.03,-0.04,0.00,4.29,-3.92,-0.11,6,10,8,0,35.2901683,136.2529067,82.60, 0.18
42727,-0.04,-0.22,9.53,1.00,-0.01,-0.00,0.00,-0.07,1.45,0.00,10.60,0.00,0,2,1001.26,41.76,109.87,1001.26,41.24,109.65,0.41,1000.60,38.07,114.60,2.20,1.97,94.04,309.38,7903,0.70,0.55,9.52,1.00,0.03,-0.04,0.00,4.32,-3.94,-0.11,6,10,8,0,35.2901683,136.2529067,82.60, 0.18
42785,-0.01,-0.18,9.59,1.00,-0.01,-0.00,0.00,-0.07,1.45,0.00,10.60,0.00,0,2,1001.25,41.77,109.89,1001.26,41.25,109.68,0.41,1000.59,38.07,114.63,1.43,1.59,95.27,309.38,7903,0.84,0.70,9.60,1.00,0.03,-0.04,0.00,4.32,-3.94,-0.11,6,10,8,0,35.2901683,136.2529067,82.60, 0.18
42841,0.02,-0.22,9.56,1.00,-0.01,-0.00,0.00,-0.07,1.45,0.00,10.60,0.00,0,2,1001.26,41.76,109.85,1001.26,41.24,109.67,0.40,1000.59,38.06,114.67,1.20,1.46,95.89,309.38,7903,0.51,0.75,9.58,1.00,0.03,-0.04,0.00,4.32,-3.94,-0.11,6,10,8,0,35.2901683,136.2529067,82.60, 0.18
42895,0.01,-0.20,9.57,1.00,-0.01,-0.00,0.00,-0.07,1.45,0.00,10.61,0.00,0,2,1001.25,41.76,109.88,1001.26,41.23,109.67,0.41,1000.59,38.06,114.65,1.42,1.58,95.62,309.38,7903,0.88,0.66,9.53,1.00,0.03,-0.04,0.00,4.31,-3.94,-0.11,6,10,8,0,35.2901683,136.2529067,82.60, 0.18
42947,-0.03,-0.30,9.53,1.00,-0.01,-0.00,0.00,-0.07,1.45,0.00,10.60,0.00,0,2,1001.25,41.76,109.89,1001.26,41.23,109.64,0.41,1000.59,38.06,114.64,1.53,1.65,93.87,309.38,7903,0.89,0.67,9.48,1.00,0.03,-0.04,0.00,4.32,-3.94,-0.09,6,10,8,0,35.2901683,136.2529067,82.60, 0.18
43004,-0.03,-0.16,9.61,1.00,-0.01,-0.00,0.00,-0.07,1.45,0.00,10.61,0.00,0,2,1001.25,41.77,109.90,1001.25,41.23,109.71,0.41,1000.59,38.06,114.68,0.98,1.32,93.96,309.38,7903,0.67,0.37,9.48,1.00,0.03,-0.04,0.00,4.32,-3.95,-0.09,6,10,8,0,35.2901683,136.2529067,82.60, 0.18
43063,-0.01,-0.23,9.59,1.00,-0.01,-0.00,0.00,-0.07,1.45,0.00,10.61,0.00,0,2,1001.25,41.75,109.88,1001.26,41.23,109.66,0.41,1000.59,38.07,114.63,1.00,1.33,96.15,309.38,7902,0.96,0.87,9.60,1.00,0.03,-0.04,0.00,4.33,-3.96,-0.09,6,10,8,0,35.2901683,136.2529067,82.60, 0.18
43114,0.06,-0.22,9.52,1.00,-0.01,-0.00,0.00,-0.07,1.45,0.00,10.61,0.00,0,2,1001.25,41.77,109.89,1001.26,41.24,109.68,0.41,1000.59,38.06,114.66,1.85,1.81,96.15,309.38,7904,0.87,0.94,9.62,1.00,0.03,-0.04,0.00,4.33,-3.96,-0.09,6,10,8,0,35.2901683,136.2529067,82.60, 0.18
43172,0.00,-0.18,9.58,1.00,-0.01,-0.00,0.00,-0.07,1.45,0.00,10.61,0.00,0,2,1001.25,41.76,109.89,1001.26,41.24,109.68,0.41,1000.59,38.06,114.61,2.78,2.22,96.15,309.38,7902,0.68,0.86,9.62,1.00,0.03,-0.04,0.00,4.33,-3.96,-0.09,6,10,8,0,35.2901683,136.2529067,82.60, 0.18
43225,-0.05,-0.19,9.55,1.00,-0.01,-0.00,0.00,-0.07,1.45,0.00,10.60,0.00,0,2,1001.26,41.76,109.82,1001.26,41.23,109.66,0.41,1000.59,38.06,114.62,2.22,1.98,96.06,309.38,7903,0.92,0.46,9.47,1.00,0.03,-0.04,0.00,4.33,-3.97,-0.09,6,10,8,0,35.2901683,136.2529067,82.60, 0.18
43281,-0.04,-0.24,9.57,1.00,-0.01,-0.00,0.00,-0.07,1.45,0.00,10.60,0.00,0,2,1001.26,41.77,109.83,1001.26,41.24,109.68,0.41,1000.59,38.07,114.63,1.77,1.77,95.19,309.38,7903,0.73,0.56,9.52,1.00,0.03,-0.04,0.00,4.34,-3.97,-0.09,6,10,8,0,35.2901683,136.2529067,82.60, 0.18
43335,0.02,-0.17,9.55,1.00,-0.01,-0.00,0.00,-0.07,1.45,0.00,10.60,0.00,0,2,1001.25,41.75,109.89,1001.26,41.24,109.68,0.41,1000.59,38.06,114.67,1.05,1.36,95.62,309.38,7903,0.61,0.44,9.52,1.00,0.03,-0.04,0.00,4.34,-3.97,-0.09,6,10,8,0,35.2901683,136.2529067,82.60, 0.18
43393,0.05,-0.20,9.59,1.00,-0.01,-0.00,0.00,-0.07,1.45,0.00,10.60,0.00,0,2,1001.25,41.76,109.89,1001.26,41.22,109.63,0.41,1000.59,38.07,114.67,2.17,1.96,95.36,309.38,7902,0.46,0.55,9.50,1.00,0.03,-0.04,0.00,4.34,-3.97,-0.09,6,10,8,0,35.2901683,136.2529067,82.60, 0.11
43445,0.05,-0.20,9.58,1.00,-0.01,-0.00,0.00,-0.07,1.45,0.00,10.61,0.00,0,2,1001.25,41.74,109.89,1001.26,41.22,109.68,0.41,1000.59,38.06,114.61,1.52,1.64,95.62,309.38,7902,0.58,0.62,9.59,1.00,0.03,-0.04,0.00,4.33,-3.97,-0.09,6,10,8,0,35.2901683,136.2529067,82.60, 0.11
43500,-0.04,-0.22,9.56,1.00,-0.01,-0.00,0.00,-0.07,1.45,0.00,10.61,0.00,0,2,1001.25,41.75,109.87,1001.26,41.24,109.69,0.41,1000.59,38.06,114.61,1.37,1.55,96.06,309.38,7902,0.83,0.67,9.52,1.00,0.03,-0.04,0.00,4.33,-3.97,-0.09,6,10,8,0,35.2901683,136.2529067,82.60, 0.11
43553,-0.03,-0.23,9.56,1.00,-0.01,-0.00,0.00,-0.07,1.45,0.00,10.61,0.00,0,2,1001.25,41.75,109.88,1001.26,41.24,109.69,0.41,1000.59,38.06,114.65,2.40,2.06,95.27,309.38,7903,0.63,0.71,9.56,1.00,0.03,-0.04,0.00,4.33,-3.97,-0.09,6,10,9,0,35.2901700,136.2529083,82.60, 0.11
43611,0.05,-0.17,9.57,1.00,-0.01,-0.00,0.00,-0.07,1.45,0.00,10.61,0.00,0,2,1001.25,41.75,109.90,1001.26,41.24,109.72,0.41,1000.59,38.06,114.64,2.85,2.24,96.77,309.38,7902,0.55,0.60,9.54,1.00,0.03,-0.04,0.00,4.33,-3.97,-0.09,6,10,9,0,35.2901700,136.2529083,82.60, 0.11
43664,0.01,-0.24,9.57,1.00,-0.01,-0.00,0.00,-0.07,1.45,0.00,10.61,0.00,0,2,1001.25,41.74,109.89,1001.26,41.24,109.68,0.41,1000.60,38.07,114.60,2.17,1.96,96.68,309.38,7902,0.68,0.60,9.51,1.00,0.03,-0.04,0.00,4.33,-3.97,-0.09,6,10,9,0,35.2901700,136.2529083,82.60, 0.11
43717,0.00,-0.18,9.61,1.00,-0.01,-0.00,0.00,-0.07,1.45,0.00,10.60,0.00,0,2,1001.26,41.75,109.87,1001.26,41.22,109.68,0.41,1000.59,38.07,114.63,2.20,1.97,96.24,309.38,7903,0.67,0.73,9.58,1.00,0.03,-0.04,0.00,4.33,-3.97,-0.09,6,10,9,0,35.2901700,136.2529083,82.60, 0.11
43773,-0.02,-0.22,9.56,1.00,-0.01,-0.00,0.00,-0.07,1.45,0.00,10.60,0.00,0,2,1001.26,41.75,109.86,1001.25,41.21,109.72,0.41,1000.60,38.07,114.59,2.25,1.99,95.89,309.38,7903,0.77,0.71,9.59,1.00,0.03,-0.04,0.00,4.33,-3.97,-0.09,6,10,9,0,35.2901700,136.2529083,82.60, 0.11
43831,0.00,-0.24,9.52,1.00,-0.01,-0.00,0.00,-0.07,1.45,0.00,10.60,0.00,0,2,1001.25,41.75,109.90,1001.25,41.23,109.69,0.41,1000.60,38.07,114.58,1.58,1.67,97.47,309.38,7903,0.73,0.86,9.59,1.00,0.03,-0.04,0.00,4.33,-3.97,-0.09,6,10,9,0,35.2901700,136.2529083,82.60, 0.11
43883,0.01,-0.17,9.51,1.00,-0.01,-0.00,0.00,-0.07,1.45,0.00,10.61,0.00,0,2,1001.25,41.75,109.93,1001.25,41.24,109.69,0.40,1000.59,38.04,114.63,1.52,1.64,98.26,309.38,7902,0.80,0.82,9.61,1.00,0.03,-0.04,0.00,4.33,-3.97,-0.09,6,10,9,0,35.2901700,136.2529083,82.60, 0.11
43941,0.05,-0.21,9.61,1.00,-0.01,-0.00,0.00,-0.07,1.45,0.00,10.61,0.00,0,2,1001.25,41.75,109.90,1001.25,41.23,109.71,0.41,1000.59,38.06,114.65,1.17,1.44,98.61,309.38,7903,0.61,0.50,9.53,1.00,0.03,-0.04,0.00,4.33,-3.97,-0.09,6,10,9,0,35.2901700,136.2529083,82.60, 0.11
43991,0.01,-0.24,9.53,1.00,-0.01,-0.00,0.00,-0.07,1.45,0.00,10.62,0.00,0,2,1001.25,41.73,109.91,1001.26,41.24,109.69,0.41,1000.59,38.06,114.61,1.88,1.82,97.65,309.38,7902,0.63,0.61,9.54,1.00,0.03,-0.04,0.00,4.33,-3.97,-0.09,6,10,9,0,35.2901700,136.2529083,82.60, 0.11
44045,0.00,-0.20,9.60,1.00,-0.01,-0.00,0.00,-0.07,1.45,0.00,10.61,0.00,0,2,1001.25,41.74,109.90,1001.26,41.23,109.69,0.41,1000.59,38.07,114.63,1.22,1.47,96.94,309.38,7903,0.81,0.53,9.51,1.00,0.03,-0.04,0.00,4.33,-3.97,-0.09,6,10,9,0,35.2901700,136.2529083,82.60, 0.11
44103,0.00,-0.16,9.56,1.00,-0.01,-0.00,0.00,-0.07,1.45,0.00,10.61,0.00,0,2,1001.25,41.73,109.93,1001.25,41.22,109.67,0.41,1000.59,38.07,114.67,2.53,2.11,97.03,309.38,7903,0.81,0.56,9.49,1.00,0.03,-0.04,0.00,4.33,-3.97,-0.09,6,10,9,0,35.2901700,136.2529083,82.60, 0.11
44161,0.00,-0.25,9.59,1.00,-0.01,-0.00,0.00,-0.07,1.45,0.00,10.61,0.00,0,2,1001.25,41.73,109.91,1001.25,41.22,109.69,0.41,1000.59,38.05,114.62,2.32,2.02,97.12,309.38,7903,0.67,0.84,9.61,1.00,0.03,-0.04,0.00,4.33,-3.97,-0.09,6,10,9,0,35.2901700,136.2529083,82.60, 0.11
44212,0.03,-0.18,9.57,1.00,-0.01,-0.00,0.00,-0.07,1.45,0.00,10.61,0.00,0,2,1001.25,41.73,109.87,1001.26,41.24,109.69,0.41,1000.59,38.06,114.65,2.48,2.09,96.15,309.38,7903,0.70,0.87,9.57,1.00,0.03,-0.04,0.00,4.33,-3.97,-0.09,6,10,9,0,35.2901700,136.2529083,82.60, 0.11
44270,0.03,-0.25,9.60,1.00,-0.01,-0.00,0.00,-0.07,1.45,0.00,10.61,0.00,0,2,1001.25,41.74,109.89,1001.25,41.24,109.70,0.41,1000.59,38.05,114.64,2.22,1.98,95.89,309.38,7902,0.73,0.75,9.65,1.00,0.03,-0.04,0.00,4.33,-3.97,-0.09,6,10,9,0,35.2901700,136.2529083,82.60, 0.11
44322,0.00,-0.25,9.55,1.00,-0.01,-0.00,0.00,-0.07,1.45,0.00,10.61,0.00,0,2,1001.25,41.74,109.90,1001.26,41.24,109.67,0.41,1000.59,38.05,114.67,2.42,2.07,95.89,309.38,7902,0.89,0.87,9.61,1.00,0.03,-0.04,0.00,4.33,-3.97,-0.09,6,10,9,0,35.2901700,136.2529083,82.60, 0.11
44380,0.06,-0.23,9.60,1.00,-0.01,-0.00,0.00,-0.07,1.45,0.00,10.61,0.00,0,2,1001.25,41.73,109.89,1001.26,41.25,109.67,0.41,1000.59,38.07,114.67,2.20,1.97,95.80,309.38,7902,0.72,0.51,9.50,1.00,0.03,-0.04,0.00,4.33,-3.97,-0.09,6,10,9,0,35.2901700,136.2529083,82.60, 0.11
44432,0.01,-0.18,9.57,1.00,-0.01,-0.00,0.00,-0.07,1.45,0.00,10.61,0.00,0,2,1001.25,41.73,109.91,1001.25,41.24,109.75,0.41,1000.59,38.07,114.63,2.05,1.90,95.71,309.38,7902,0.78,0.51,9.51,1.00,0.03,-0.04,0.00,4.33,-3.97,-0.09,6,10,9,0,35.2901700,136.2529083,82.60, 0.11
44489,-0.01,-0.22,9.58,1.00,-0.01,-0.00,0.00,-0.07,1.45,0.00,10.62,0.00,0,2,1001.25,41.74,109.89,1001.25,41.25,109.70,0.41,1000.59,38.07,114.66,2.05,1.90,95.71,309.38,7902,0.80,0.74,9.55,1.00,0.03,-0.04,0.00,4.33,-3.97,-0.09,6,10,9,0,35.2901700,136.2529083,82.60, 0.11
44541,0.02,-0.19,9.58,1.00,-0.01,-0.00,0.00,-0.07,1.45,0.00,10.62,0.00,0,2,1001.25,41.74,109.90,1001.25,41.23,109.71,0.41,1000.59,38.07,114.70,1.87,1.82,95.62,309.38,7902,0.73,0.56,9.55,1.00,0.03,-0.04,0.00,4.33,-3.97,-0.09,6,10,10,0,35.2901700,136.2529050,82.60, 0.11
44595,0.00,-0.22,9.56,1.00,-0.01,-0.00,0.00,-0.07,1.45,0.00,10.62,0.00,0,2,1001.25,41.74,109.87,1001.26,41.24,109.70,0.41,1000.59,38.06,114.67,2.85,2.24,95.36,309.38,7903,0.77,0.70,9.59,1.00,0.03,-0.04,0.00,4.33,-3.97,-0.09,6,10,10,0,35.2901700,136.2529050,82.60, 0.11
44651,0.00,-0.19,9.60,1.00,-0.01,-0.00,0.00,-0.07,1.45,0.00,10.61,0.00,0,2,1001.25,41.75,109.88,1001.26,41.25,109.70,0.41,1000.59,38.07,114.61,1.53,1.65,94.48,309.38,7902,0.86,0.67,9.57,1.00,0.03,-0.04,0.00,4.33,-3.97,-0.09,6,10,10,0,35.2901700,136.2529050,82.60, 0.11
44708,-0.03,-0.19,9.54,1.00,-0.01,-0.00,0.00,-0.07,1.45,0.00,10.61,0.00,0,2,1001.25,41.74,109.88,1001.25,41.24,109.70,0.41,1000.59,38.08,114.64,0.65,1.07,94.75,309.38,7903,0.73,0.72,9.56,1.00,0.03,-0.04,0.00,4.33,-3.97,-0.09,6,10,10,0,35.2901700,136.2529050,82.60, 0.11
44760,0.00,-0.22,9.58,1.00,-0.01,-0.00,0.00,-0.07,1.45,0.00,10.59,0.00,0,2,1001.25,41.73,109.90,1001.26,41.24,109.69,0.41,1000.60,38.08,114.61,2.02,1.89,94.04,309.38,7902,0.60,0.70,9.54,1.00,0.03,-0.04,0.00,4.33,-3.97,-0.09,6,10,10,0,35.2901700,136.2529050,82.60, 0.11
44817,0.01,-0.19,9.52,1.00,-0.01,-0.00,0.00,-0.07,1.45,0.00,10.59,0.00,0,2,1001.25,41.72,109.86,1001.26,41.25,109.68,0.41,1000.59,38.07,114.63,1.25,1.49,92.72,309.38,7902,0.80,0.72,9.53,1.00,0.03,-0.04,0.00,4.33,-3.97,-0.09,6,10,10,0,35.2901700,136.2529050,82.60, 0.11
44870,-0.03,-0.22,9.56,1.00,-0.01,-0.00,0.00,-0.07,1.45,0.00,10.59,0.00,0,2,1001.25,41.73,109.88,1001.26,41.26,109.68,0.41,1000.59,38.06,114.64,1.10,1.39,93.78,309.38,7903,0.81,0.76,9.60,1.00,0.03,-0.04,0.00,4.33,-3.97,-0.09,6,10,10,0,35.2901700,136.2529050,82.60, 0.11
44927,-0.03,-0.22,9.54,1.00,-0.01,-0.00,0.00,-0.07,1.45,0.00,10.60,0.00,0,2,1001.25,41.74,109.90,1001.26,41.25,109.72,0.41,1000.59,38.06,114.65,1.08,1.38,94.22,309.38,7903,0.71,0.69,9.58,1.00,0.03,-0.04,0.00,4.33,-3.97,-0.09,6,10,10,0,35.2901700,136.2529050,82.60, 0.11
44980,0.02,-0.17,9.58,1.00,-0.01,-0.00,0.00,-0.07,1.45,0.00,10.60,0.00,0,2,1001.25,41.73,109.92,1001.25,41.24,109.71,0.41,1000.59,38.07,114.63,1.48,1.62,94.13,309.38,7902,0.79,0.66,9.58,1.00,0.03,-0.04,0.00,4.33,-3.97,-0.09,6,10,10,0,35.2901700,136.2529050,82.60, 0.11
45037,0.04,-0.15,9.63,1.00,-0.01,-0.00,0.00,-0.07,1.45,0.00,10.60,0.00,0,2,1001.26,41.74,109.85,1001.26,41.25,109.68,0.41,1000.60,38.07,114.58,1.02,1.34,94.39,309.38,7902,0.65,0.58,9.56,1.00,0.03,-0.04,0.00,4.33,-3.97,-0.09,6,10,10,0,35.2901700,136.2529050,82.60, 0.11
45089,0.00,-0.27,9.52,1.00,-0.01,-0.00,0.00,-0.07,1.45,0.00,10.60,0.00,0,2,1001.25,41.73,109.88,1001.26,41.25,109.65,0.41,1000.59,38.07,114.61,1.90,1.83,93.96,309.38,7903,0.70,0.73,9.50,1.00,0.03,-0.04,0.00,4.33,-3.97,-0.09,6,10,10,0,35.2901700,136.2529050,82.60, 0.11
45144,-0.04,-0.22,9.57,1.00,-0.01,-0.00,0.00,-0.07,1.45,0.00,10.58,0.00,0,2,1001.25,41.74,109.90,1001.26,41.26,109.68,0.41,1000.60,38.06,114.60,2.02,1.89,93.87,309.38,7902,0.71,0.51,9.58,1.00,0.03,-0.04,0.00,4.33,-3.97,-0.09,6,10,10,0,35.2901700,136.2529050,82.60, 0.11
45199,0.00,-0.15,9.58,1.00,-0.01,-0.00,0.00,-0.07,1.45,0.00,10.58,0.00,0,2,1001.25,41.73,109.89,1001.25,41.25,109.70,0.41,1000.59,38.06,114.64,1.37,1.55,94.04,309.38,7902,0.71,0.67,9.61,1.00,0.03,-0.04,0.00,4.33,-3.97,-0.09,6,10,10,0,35.2901700,136.2529050,82.60, 0.11
45253,0.00,-0.25,9.54,1.00,-0.01,-0.00,0.00,-0.07,1.45,0.00,10.59,0.00,0,2,1001.25,41.74,109.89,1001.26,41.24,109.65,0.41,1000.59,38.07,114.68,1.63,1.70,94.13,309.38,7902,0.68,0.86,9.58,1.00,0.03,-0.04,0.00,4.33,-3.97,-0.09,6,10,10,0,35.2901700,136.2529050,82.60, 0.11
45309,-0.03,-0.19,9.57,1.00,-0.01,-0.00,0.00,-0.07,1.45,0.00,10.60,0.00,0,2,1001.25,41.73,109.93,1001.25,41.23,109.69,0.41,1000.59,38.08,114.64,0.80,1.19,92.46,309.46,7903,0.69,0.82,9.61,1.00,0.03,-0.04,0.00,4.33,-3.97,-0.09,6,10,10,0,35.2901700,136.2529050,82.60, 0.11
45367,0.01,-0.21,9.59,1.00,-0.01,-0.00,0.00,-0.07,1.45,0.00,10.60,0.00,0,2,1001.25,41.73,109.88,1001.26,41.24,109.70,0.41,1000.59,38.08,114.64,1.27,1.50,93.87,309.38,7902,0.68,0.75,9.59,1.00,0.03,-0.04,0.00,4.33,-3.97,-0.09,6,10,10,0,35.2901700,136.2529050,82.60, 0.11
45421,0.00,-0.29,9.62,1.00,-0.01,-0.00,0.00,-0.07,1.45,0.00,10.62,0.00,0,2,1001.25,41.72,109.91,1001.25,41.22,109.69,0.41,1000.59,38.07,114.65,0.85,1.22,95.36,309.38,7903,0.70,0.57,9.53,1.00,0.03,-0.04,0.00,4.33,-3.97,-0.09,6,10,10,0,35.2901700,136.2529050,82.60, 0.11
45477,-0.02,-0.20,9.53,1.00,-0.01,-0.00,0.00,-0.07,1.45,0.00,10.61,0.00,0,2,1001.25,41.73,109.89,1001.26,41.25,109.68,0.41,1000.59,38.05,114.66,2.28,2.01,97.03,309.38,7902,0.83,0.33,9.46,1.00,0.03,-0.04,0.00,4.33,-3.97,-0.09,6,10,10,0,35.2901700,136.2529050,82.60, 0.11
45529,0.00,-0.18,9.58,1.00,-0.01,-0.00,0.00,-0.07,1.45,0.00,10.61,0.00,0,2,1001.25,41.73,109.94,1001.26,41.25,109.68,0.41,1000.59,38.05,114.65,2.32,2.02,97.03,309.38,7902,0.89,0.35,9.48,1.00,0.03,-0.04,0.00,4.33,-3.97,-0.09,6,10,10,0,35.2901700,136.2529050,82.60, 0.07
45585,0.02,-0.21,9.59,1.00,-0.01,-0.00,0.00,-0.07,1.45,0.00,10.60,0.00,0,2,1001.25,41.73,109.91,1001.25,41.24,109.71,0.41,1000.60,38.07,114.60,1.45,1.60,97.03,309.38,7902,0.72,0.37,9.40,1.00,0.03,-0.04,0.00,4.33,-3.98,-0.09,6,10,11,0,35.2901717,136.2529067,82.60, 0.07
45640,-0.02,-0.18,9.55,1.00,-0.01,-0.00,0.00,-0.07,1.45,0.00,10.60,0.00,0,2,1001.25,41.73,109.93,1001.26,41.24,109.71,0.41,1000.59,38.05,114.62,0.68,1.10,97.47,309.38,7903,0.55,1.02,9.65,1.00,0.03,-0.04,0.00,4.33,-3.98,-0.09,6,10,11,0,35.2901717,136.2529067,82.60, 0.07
45692,0.01,-0.17,9.64,1.00,-0.01,-0.00,0.00,-0.07,1.45,0.00,10.61,0.00,0,2,1001.25,41.73,109.93,1001.26,41.22,109.68,0.41,1000.59,38.07,114.65,2.05,1.90,97.29,309.38,7902,0.79,1.00,9.67,1.00,0.03,-0.04,0.00,4.33,-3.98,-0.09,6,10,11,0,35.2901717,136.2529067,82.60, 0.07
45747,-0.04,-0.24,9.57,1.00,-0.01,-0.00,0.00,-0.07,1.45,0.00,10.61,0.00,0,2,1001.25,41.72,109.92,1001.25,41.23,109.73,0.41,1000.59,38.07,114.63,2.18,1.96,97.38,309.38,7902,0.82,0.99,9.66,1.00,0.03,-0.04,0.00,4.34,-3.99,-0.09,6,10,11,0,35.2901717,136.2529067,82.60, 0.07
45800,0.03,-0.15,9.46,1.00,-0.01,-0.00,0.00,-0.07,1.45,0.00,10.62,0.00,0,2,1001.25,41.73,109.95,1001.25,41.25,109.70,0.41,1000.59,38.06,114.67,2.08,1.92,98.00,309.38,7902,0.70,0.91,9.63,1.00,0.03,-0.04,0.00,4.34,-3.99,-0.09,6,10,11,0,35.2901717,136.2529067,82.60, 0.07
45859,0.00,-0.26,9.64,1.00,-0.01,-0.00,0.00,-0.07,1.45,0.00,10.62,0.00,0,2,1001.25,41.72,109.93,1001.25,41.24,109.73,0.41,1000.59,38.06,114.67,2.28,2.01,98.35,309.38,7903,0.71,0.48,9.54,1.00,0.03,-0.04,0.00,4.34,-3.99,-0.09,6,10,11,0,35.2901717,136.2529067,82.60, 0.07
45917,-0.04,-0.11,9.57,1.00,-0.01,-0.00,0.00,-0.07,1.45,0.00,10.62,0.00,0,2,1001.25,41.73,109.91,1001.25,41.22,109.74,0.41,1000.59,38.08,114.61,2.30,2.02,98.00,309.38,7901,0.78,0.23,9.49,1.00,0.03,-0.04,0.00,4.34,-3.99,-0.09,6,10,11,0,35.2901717,136.2529067,82.60, 0.07
45968,0.02,-0.24,9.53,1.00,-0.01,-0.00,0.00,-0.07,1.45,0.00,10.61,0.00,0,2,1001.25,41.73,109.91,1001.25,41.22,109.73,0.41,1000.59,38.05,114.64,2.80,2.22,97.56,309.38,7904,0.73,0.72,9.50,1.00,0.03,-0.04,0.00,4.34,-3.99,-0.09,6,10,11,0,35.2901717,136.2529067,82.60, 0.07
46026,0.00,-0.24,9.59,1.00,-0.01,-0.00,0.00,-0.07,1.45,0.00,10.60,0.00,0,2,1001.25,41.73,109.88,1001.26,41.25,109.68,0.41,1000.59,38.06,114.65,2.30,2.01,97.38,309.38,7902,0.77,0.54,9.59,1.00,0.03,-0.04,0.00,4.34,-3.99,-0.09,6,10,11,0,35.2901717,136.2529067,82.60, 0.07
46077,-0.03,-0.20,9.51,1.00,-0.01,-0.00,0.00,-0.07,1.45,0.00,10.59,0.00,0,2,1001.25,41.72,109.88,1001.25,41.23,109.71,0.41,1000.59,38.06,114.62,2.38,2.05,96.24,309.38,7902,0.79,0.70,9.53,1.00,0.03,-0.04,0.00,4.34,-3.99,-0.09,6,10,11,0,35.2901717,136.2529067,82.60, 0.07
46135,0.01,-0.24,9.57,1.00,-0.01,-0.00,0.00,-0.07,1.45,0.00,10.60,0.00,0,2,1001.25,41.73,109.87,1001.26,41.24,109.70,0.41,1000.59,38.07,114.63,2.17,1.96,93.78,309.38,7903,0.79,0.57,9.54,1.00,0.03,-0.04,0.00,4.34,-3.99,-0.09,6,10,11,0,35.2901717,136.2529067,82.60, 0.07
46188,0.00,-0.20,9.58,1.00,-0.01,-0.00,0.00,-0.07,1.45,0.00,10.60,0.00,0,2,1001.25,41.73,109.89,1001.25,41.25,109.74,0.41,1000.59,38.07,114.66,2.33,2.03,92.55,309.38,7903,0.66,0.77,9.60,1.00,0.03,-0.04,0.00,4.34,-3.99,-0.09,6,10,11,0,35.2901717,136.2529067,82.60, 0.07
46240,0.00,-0.21,9.53,1.00,-0.01,-0.00,0.00,-0.07,1.45,0.00,10.60,0.00,0,2,1001.25,41.73,109.89,1001.26,41.24,109.69,0.41,1000.59,38.07,114.68,2.25,1.99,91.58,309.38,7903,0.64,0.73,9.55,1.00,0.03,-0.04,0.00,4.34,-3.99,-0.09,6,10,11,0,35.2901717,136.2529067,82.60, 0.07
46296,-0.01,-0.22,9.57,1.00,-0.01,-0.00,0.00,-0.07,1.45,0.00,10.60,0.00,0,2,1001.26,41.73,109.86,1001.26,41.24,109.68,0.41,1000.59,38.05,114.64,2.95,2.28,91.41,309.38,7903,0.79,0.83,9.55,1.00,0.03,-0.04,0.00,4.34,-4.00,-0.09,6,10,11,0,35.2901717,136.2529067,82.60, 0.07
46354,0.00,-0.19,9.60,1.00,-0.01,-0.00,0.00,-0.07,1.45,0.00,10.59,0.00,0,2,1001.25,41.75,109.88,1001.25,41.24,109.70,0.41,1000.59,38.07,114.67,2.43,2.07,91.41,309.38,7903,0.74,0.66,9.55,1.00,0.03,-0.04,0.00,4.34,-4.00,-0.09,6,10,11,0,35.2901717,136.2529067,82.60, 0.07
46408,0.00,-0.21,9.59,1.00,-0.01,-0.00,0.00,-0.07,1.45,0.00,10.59,0.00,0,2,1001.25,41.74,109.89,1001.25,41.25,109.74,0.41,1000.60,38.06,114.58,1.80,1.78,91.41,309.38,7903,0.68,0.77,9.56,1.00,0.03,-0.04,0.00,4.34,-4.00,-0.09,6,10,11,0,35.2901717,136.2529067,82.60, 0.07
46465,0.00,-0.20,9.58,1.00,-0.01,-0.00,0.00,-0.07,1.45,0.00,10.60,0.00,0,2,1001.25,41.74,109.87,1001.25,41.25,109.70,0.41,1000.59,38.06,114.63,2.15,1.95,91.41,309.38,7903,0.75,0.65,9.58,1.00,0.03,-0.04,0.00,4.34,-4.00,-0.09,6,10,11,0,35.2901717,136.2529067,82.60, 0.07
46517,0.00,-0.17,9.57,1.00,-0.01,-0.00,0.00,-0.07,1.45,0.00,10.58,0.00,0,2,1001.25,41.73,109.89,1001.25,41.25,109.72,0.41,1000.59,38.06,114.61,2.07,1.91,91.58,309.38,7902,0.78,0.59,9.55,1.00,0.03,-0.04,0.00,4.34,-4.00,-0.09,6,10,11,0,35.2901717,136.2529067,82.60, 0.07
46574,0.00,-0.23,9.52,1.00,-0.01,-0.00,0.00,-0.07,1.45,0.00,10.58,0.00,0,2,1001.25,41.74,109.89,1001.25,41.25,109.72,0.41,1000.59,38.06,114.68,1.97,1.86,91.93,309.38,7902,0.67,0.68,9.52,1.00,0.03,-0.04,0.00,4.34,-4.00,-0.09,6,10,11,0,35.2901717,136.2529067,82.60, 0.07
46627,0.01,-0.21,9.56,1.00,-0.01,-0.00,0.00,-0.07,1.45,0.00,10.61,0.00,0,2,1001.25,41.72,109.94,1001.25,41.24,109.72,0.41,1000.59,38.06,114.69,1.85,1.81,91.67,309.38,7902,0.67,0.65,9.55,1.00,0.03,-0.04,0.00,4.34,-4.00,-0.09,6,10,11,0,35.2901717,136.2529067,82.60, 0.07
46685,0.00,-0.20,9.57,1.00,-0.01,-0.00,0.00,-0.07,1.45,0.00,10.61,0.00,0,2,1001.25,41.74,109.90,1001.25,41.25,109.70,0.41,1000.58,38.05,114.71,2.12,1.93,91.67,309.38,7903,0.75,0.65,9.54,1.00,0.03,-0.04,0.00,4.34,-4.00,-0.09,6,10,11,0,35.2901717,136.2529067,82.60, 0.07
46736,0.00,-0.23,9.56,1.00,-0.01,-0.00,0.00,-0.07,1.45,0.00,10.61,0.00,0,2,1001.25,41.72,109.88,1001.25,41.25,109.72,0.41,1000.59,38.05,114.68,1.55,1.65,91.58,309.38,7902,0.74,0.73,9.56,1.00,0.03,-0.04,0.00,4.34,-4.00,-0.09,6,10,11,0,35.2901717,136.2529067,82.60, 0.07
46790,0.00,-0.23,9.59,1.00,-0.01,-0.00,0.00,-0.07,1.45,0.00,10.62,0.00,0,2,1001.25,41.73,109.89,1001.25,41.25,109.72,0.41,1000.59,38.06,114.65,1.90,1.83,91.67,309.38,7903,0.68,0.68,9.58,1.00,0.03,-0.04,0.00,4.34,-4.00,-0.09,6,10,11,0,35.2901717,136.2529067,82.60, 0.07
46846,0.01,-0.15,9.57,1.00,-0.01,-0.00,0.00,-0.07,1.45,0.00,10.61,0.00,0,2,1001.25,41.73,109.91,1001.26,41.25,109.68,0.41,1000.59,38.05,114.66,1.48,1.62,91.58,309.38,7902,0.67,0.71,9.57,1.00,0.03,-0.04,0.00,4.34,-4.00,-0.09,6,10,11,0,35.2901717,136.2529067,82.60, 0.07
46903,-0.01,-0.21,9.53,1.00,-0.01,-0.00,0.00,-0.07,1.45,0.00,10.60,0.00,0,2,1001.25,41.74,109.89,1001.26,41.25,109.72,0.40,1000.59,38.06,114.62,1.63,1.70,91.58,309.38,7902,0.74,0.67,9.55,1.00,0.03,-0.04,0.00,4.34,-4.00,-0.09,6,10,11,0,35.2901717,136.2529067,82.60, 0.07
46955,-0.03,-0.23,9.57,1.00,-0.01,-0.00,0.00,-0.07,1.45,0.00,10.60,0.00,0,2,1001.25,41.72,109.90,1001.25,41.24,109.72,0.41,1000.59,38.06,114.63,2.27,2.00,91.49,309.38,7902,0.70,0.64,9.52,1.00,0.03,-0.04,0.00,4.35,-4.00,-0.09,6,10,11,0,35.2901717,136.2529067,82.60, 0.07
47012,0.02,-0.25,9.58,1.00,-0.01,-0.00,0.00,-0.07,1.45,0.00,10.60,0.00,0,2,1001.25,41.74,109.90,1001.26,41.26,109.69,0.41,1000.59,38.06,114.63,1.87,1.82,91.23,309.38,7903,0.67,0.75,9.58,1.00,0.03,-0.04,0.00,4.35,-4.00,-0.09,6,10,11,0,35.2901717,136.2529067,82.60, 0.07
47065,0.01,-0.17,9.57,1.00,-0.01,-0.00,0.00,-0.07,1.45,0.00,10.61,0.00,0,2,1001.25,41.75,109.90,1001.25,41.24,109.70,0.41,1000.59,38.07,114.67,2.13,1.94,91.05,309.38,7902,0.74,0.65,9.56,1.00,0.03,-0.04,0.00,4.35,-4.00,-0.09,6,10,11,0,35.2901717,136.2529067,82.60, 0.07
47120,-0.01,-0.18,9.58,1.00,-0.01,-0.00,0.00,-0.07,1.45,0.00,10.59,0.00,0,2,1001.25,41.73,109.88,1001.26,41.25,109.70,0.41,1000.60,38.05,114.59,1.75,1.76,91.05,309.38,7903,0.80,0.69,9.55,1.00,0.03,-0.04,0.00,4.35,-4.00,-0.09,6,10,11,0,35.2901717,136.2529067,82.60, 0.07
47176,0.00,-0.24,9.57,1.00,-0.01,-0.00,0.00,-0.07,1.45,0.00,10.59,0.00,0,2,1001.26,41.74,109.85,1001.25,41.26,109.73,0.41,1000.60,38.06,114.55,1.55,1.65,90.97,309.38,7903,0.70,0.73,9.57,1.00,0.03,-0.04,0.00,4.35,-4.00,-0.09,6,10,11,0,35.2901717,136.2529067,82.60, 0.07
47233,0.00,-0.13,9.56,1.00,-0.01,-0.00,0.00,-0.07,1.45,0.00,10.59,0.00,0,2,1001.25,41.74,109.90,1001.25,41.24,109.71,0.41,1000.59,38.05,114.63,1.90,1.83,90.97,309.38,7902,0.69,0.55,9.52,1.00,0.03,-0.04,0.00,4.35,-4.00,-0.09,6,10,11,0,35.2901717,136.2529067,82.60, 0.07
47285,-0.03,-0.26,9.56,1.00,-0.01,-0.00,0.00,-0.07,1.45,0.00,10.60,0.00,0,2,1001.25,41.74,109.90,1001.25,41.24,109.72,0.41,1000.60,38.07,114.58,1.88,1.82,90.97,309.38,7903,0.74,0.75,9.52,1.00,0.03,-0.04,0.00,4.35,-4.00,-0.09,6,10,11,0,35.2901717,136.2529067,82.60, 0.07
47338,0.03,-0.23,9.55,1.00,-0.01,-0.00,0.00,-0.07,1.45,0.00,10.60,0.00,0,2,1001.25,41.73,109.92,1001.25,41.25,109.71,0.41,1000.59,38.05,114.62,1.70,1.73,90.97,309.38,7903,0.68,0.68,9.57,1.00,0.03,-0.04,0.00,4.35,-4.00,-0.09,6,10,11,0,35.2901717,136.2529067,82.60, 0.07
47394,0.02,-0.11,9.58,1.00,-0.01,-0.00,0.00,-0.07,1.45,0.00,10.60,0.00,0,2,1001.25,41.75,109.91,1001.25,41.25,109.70,0.41,1000.60,38.07,114.58,1.50,1.63,90.97,309.46,7903,0.63,0.62,9.61,1.00,0.03,-0.04,0.00,4.35,-4.00,-0.09,6,10,11,0,35.2901717,136.2529067,82.60, 0.07
47452,-0.03,-0.24,9.58,1.00,-0.01,-0.00,0.00,-0.07,1.45,0.00,10.60,0.00,0,2,1001.25,41.76,109.91,1001.25,41.24,109.68,0.41,1000.60,38.06,114.57,1.15,1.42,90.88,309.46,7903,0.73,0.78,9.59,1.00,0.03,-0.04,0.00,4.35,-4.00,-0.09,6,10,12,0,35.2901700,136.2529050,82.60, 0.08
47504,-0.07,-0.21,9.55,1.00,-0.01,-0.00,0.00,-0.07,1.45,0.00,10.61,0.00,0,2,1001.25,41.75,109.88,1001.25,41.24,109.74,0.41,1000.59,38.06,114.62,0.98,1.32,90.70,309.46,7903,0.77,0.75,9.55,1.00,0.03,-0.04,0.00,4.35,-4.00,-0.09,6,10,12,0,35.2901700,136.2529050,82.60, 0.08
47561,-0.04,-0.15,9.56,1.00,-0.01,-0.00,0.00,-0.07,1.45,0.00,10.60,0.00,0,2,1001.25,41.75,109.87,1001.25,41.24,109.70,0.41,1000.60,38.08,114.57,1.32,1.52,90.79,309.46,7902,0.74,0.70,9.57,1.00,0.03,-0.04,0.00,4.35,-4.00,-0.09,6,10,13,0,35.2901717,136.2529050,82.60, 0.08
47614,0.03,-0.24,9.57,1.00,-0.01,-0.00,0.00,-0.07,1.45,0.00,10.60,0.00,0,2,1001.25,41.76,109.89,1001.25,41.24,109.72,0.41,1000.59,38.05,114.64,0.83,1.21,92.55,309.46,7902,0.65,0.67,9.56,1.00,0.03,-0.04,0.00,4.35,-4.00,-0.09,6,10,13,0,35.2901717,136.2529050,82.60, 0.08
47673,0.02,-0.18,9.59,1.00,-0.01,-0.00,0.00,-0.07,1.45,0.00,10.58,0.00,0,2,1001.26,41.77,109.86,1001.25,41.24,109.75,0.41,1000.59,38.06,114.66,1.87,1.82,94.04,309.46,7903,0.69,0.56,9.52,1.00,0.03,-0.04,0.00,4.35,-4.00,-0.09,6,10,13,0,35.2901717,136.2529050,82.60, 0.08
47725,-0.03,-0.19,9.58,1.00,-0.01,-0.00,0.00,-0.07,1.45,0.00,10.59,0.00,0,2,1001.25,41.76,109.89,1001.25,41.25,109.74,0.41,1000.59,38.06,114.62,1.83,1.80,93.69,309.46,7902,0.80,0.65,9.50,1.00,0.03,-0.04,0.00,4.35,-4.00,-0.09,6,10,13,0,35.2901717,136.2529050,82.60, 0.08
47782,-0.04,-0.20,9.57,1.00,-0.01,-0.00,0.00,-0.07,1.45,0.00,10.62,0.00,0,2,1001.25,41.76,109.91,1001.25,41.25,109.75,0.41,1000.58,38.05,114.70,2.27,2.00,92.72,309.46,7903,0.79,0.62,9.53,1.00,0.03,-0.04,0.00,4.35,-4.00,-0.09,6,10,13,0,35.2901717,136.2529050,82.60, 0.08
47833,0.00,-0.22,9.56,1.00,-0.01,-0.00,0.00,-0.07,1.45,0.00,10.62,0.00,0,2,1001.25,41.75,109.89,1001.25,41.23,109.74,0.41,1000.59,38.06,114.68,2.25,1.99,91.93,309.46,7903,0.68,0.74,9.58,1.00,0.03,-0.04,0.00,4.35,-4.00,-0.09,6,10,13,0,35.2901717,136.2529050,82.60, 0.08
47887,0.04,-0.20,9.57,1.00,-0.01,-0.00,0.00,-0.07,1.45,0.00,10.61,0.00,0,2,1001.25,41.76,109.91,1001.26,41.23,109.75,0.41,1000.59,38.06,114.65,1.58,1.67,91.23,309.46,7902,0.69,0.70,9.57,1.00,0.03,-0.04,0.00,4.35,-4.00,-0.09,6,10,13,0,35.2901717,136.2529050,82.60, 0.08
47944,-0.02,-0.20,9.54,1.00,-0.01,-0.00,0.00,-0.07,1.45,0.00,10.61,0.00,0,2,1001.25,41.77,109.89,1001.25,41.25,109.74,0.41,1000.59,38.07,114.65,1.77,1.77,90.88,309.46,7901,0.76,0.70,9.58,1.00,0.03,-0.04,0.00,4.35,-4.00,-0.09,6,10,13,0,35.2901717,136.2529050,82.60, 0.08
48001,-0.02,-0.19,9.58,1.00,-0.01,-0.00,0.00,-0.07,1.45,0.00,10.61,0.00,0,2,1001.26,41.77,109.86,1001.25,41.24,109.72,0.41,1000.59,38.05,114.66,1.58,1.67,90.44,309.46,7902,0.74,0.58,9.58,1.00,0.03,-0.04,0.00,4.35,-4.00,-0.09,6,10,13,0,35.2901717,136.2529050,82.60, 0.08
48053,0.00,-0.20,9.58,1.00,-0.01,-0.00,0.00,-0.07,1.45,0.00,10.61,0.00,0,2,1001.25,41.76,109.90,1001.25,41.26,109.73,0.41,1000.59,38.05,114.66,2.03,1.89,90.53,309.46,7902,0.77,0.58,9.54,1.00,0.03,-0.04,0.00,4.35,-4.00,-0.09,6,10,13,0,35.2901717,136.2529050,82.60, 0.08
48110,0.00,-0.22,9.56,1.00,-0.01,-0.00,0.00,-0.07,1.45,0.00,10.62,0.00,0,2,1001.25,41.76,109.89,1001.25,41.25,109.77,0.41,1000.59,38.07,114.68,1.97,1.86,90.44,309.46,7902,0.77,0.70,9.56,1.00,0.03,-0.04,0.00,4.35,-4.00,-0.09,6,10,13,0,35.2901717,136.2529050,82.60, 0.08
48164,0.00,-0.21,9.57,1.00,-0.01,-0.00,0.00,-0.07,1.45,0.00,10.62,0.00,0,2,1001.25,41.77,109.92,1001.25,41.25,109.72,0.41,1000.58,38.06,114.71,1.77,1.77,90.44,309.46,7902,0.74,0.61,9.57,1.00,0.03,-0.04,0.00,4.35,-4.00,-0.09,6,10,13,0,35.2901717,136.2529050,82.60, 0.08
48221,0.00,-0.20,9.55,1.00,-0.01,-0.00,0.00,-0.07,1.45,0.00,10.61,0.00,0,2,1001.25,41.77,109.94,1001.25,41.25,109.72,0.41,1000.59,38.06,114.61,2.07,1.91,90.53,309.46,7902,0.69,0.67,9.57,1.00,0.03,-0.04,0.00,4.35,-4.00,-0.09,6,10,13,0,35.2901717,136.2529050,82.60, 0.08
48272,0.01,-0.19,9.58,1.00,-0.01,-0.00,0.00,-0.07,1.45,0.00,10.62,0.00,0,2,1001.25,41.77,109.93,1001.25,41.25,109.72,0.41,1000.59,38.06,114.65,1.73,1.75,90.53,309.46,7902,0.72,0.62,9.54,1.00,0.03,-0.04,0.00,4.35,-4.00,-0.09,6,10,13,0,35.2901717,136.2529050,82.60, 0.08
48329,0.00,-0.22,9.55,1.00,-0.01,-0.00,0.00,-0.07,1.45,0.00,10.61,0.00,0,2,1001.25,41.77,109.92,1001.25,41.26,109.74,0.41,1000.59,38.05,114.61,1.00,1.33,90.53,309.46,7903,0.76,0.65,9.54,1.00,0.03,-0.04,0.00,4.35,-4.00,-0.09,6,10,13,0,35.2901717,136.2529050,82.60, 0.08
48383,-0.05,-0.24,9.59,1.00,-0.01,-0.00,0.00,-0.07,1.45,0.00,10.61,0.00,0,2,1001.25,41.77,109.93,1001.25,41.24,109.74,0.41,1000.59,38.05,114.62,1.32,1.52,90.53,309.46,7902,0.75,0.66,9.55,1.00,0.03,-0.04,0.00,4.35,-4.00,-0.09,6,10,13,0,35.2901717,136.2529050,82.60, 0.06
48436,0.00,-0.19,9.60,1.00,-0.01,-0.00,0.00,-0.07,1.45,0.00,10.60,0.00,0,2,1001.25,41.76,109.91,1001.25,41.25,109.73,0.41,1000.60,38.06,114.60,1.63,1.70,90.70,309.46,7903,0.71,0.61,9.55,1.00,0.03,-0.04,0.00,4.35,-4.00,-0.09,6,10,13,0,35.2901717,136.2529050,82.60, 0.06
48491,0.03,-0.20,9.58,1.00,-0.01,-0.00,0.00,-0.07,1.45,0.00,10.60,0.00,0,2,1001.25,41.77,109.90,1001.25,41.24,109.72,0.41,1000.59,38.05,114.64,1.92,1.84,91.67,309.46,7902,0.74,0.70,9.60,1.00,0.03,-0.04,0.00,4.35,-4.00,-0.09,6,10,14,0,35.2901750,136.2529083,82.60, 0.06
48548,-0.01,-0.21,9.60,1.00,-0.01,-0.00,0.00,-0.07,1.45,0.00,10.61,0.00,0,2,1001.25,41.77,109.95,1001.25,41.25,109.75,0.41,1000.59,38.05,114.67,1.72,1.74,91.93,309.46,7903,0.72,0.72,9.61,1.00,0.03,-0.04,0.00,4.35,-4.00,-0.09,6,10,14,0,35.2901750,136.2529083,82.60, 0.06
48602,-0.01,-0.20,9.59,1.00,-0.01,-0.00,0.00,-0.07,1.45,0.00,10.61,0.00,0,2,1001.25,41.77,109.90,1001.25,41.24,109.74,0.41,1000.59,38.06,114.63,1.20,1.46,91.85,309.46,7903,0.76,0.73,9.56,1.00,0.03,-0.04,0.00,4.35,-4.00,-0.09,6,10,14,0,35.2901750,136.2529083,82.60, 0.06
48659,0.00,-0.23,9.58,1.00,-0.01,-0.00,0.00,-0.07,1.45,0.00,10.62,0.00,0,2,1001.25,41.77,109.88,1001.25,41.25,109.76,0.41,1000.59,38.05,114.67,1.15,1.42,91.93,309.46,7902,0.76,0.64,9.54,1.00,0.03,-0.04,0.00,4.35,-4.00,-0.09,6,10,14,0,35.2901750,136.2529083,82.60, 0.06
48711,0.02,-0.18,9.55,1.00,-0.01,-0.00,0.00,-0.07,1.45,0.00,10.62,0.00,0,2,1001.25,41.75,109.93,1001.25,41.24,109.74,0.41,1000.59,38.04,114.69,1.07,1.37,91.76,309.46,7902,0.71,0.59,9.54,1.00,0.03,-0.04,0.00,4.35,-4.00,-0.09,6,10,14,0,35.2901750,136.2529083,82.60, 0.06
48769,0.01,-0.17,9.54,1.00,-0.01,-0.00,0.00,-0.07,1.45,0.00,10.62,0.00,0,2,1001.25,41.75,109.93,1001.25,41.26,109.75,0.41,1000.59,38.04,114.63,1.15,1.42,91.41,309.46,7902,0.72,0.59,9.53,1.00,0.03,-0.04,0.00,4.35,-4.00,-0.09,6,10,14,0,35.2901750,136.2529083,82.60, 0.06
48821,-0.04,-0.20,9.57,1.00,-0.01,-0.00,0.00,-0.07,1.45,0.00,10.61,0.00,0,2,1001.25,41.74,109.91,1001.25,41.25,109.71,0.41,1000.59,38.04,114.65,1.48,1.62,91.41,309.46,7902,0.78,0.78,9.57,1.00,0.03,-0.04,0.00,4.35,-4.00,-0.09,6,10,14,0,35.2901750,136.2529083,82.60, 0.06
48878,-0.02,-0.23,9.55,1.00,-0.01,-0.00,0.00,-0.07,1.45,0.00,10.60,0.00,0,2,1001.25,41.75,109.91,1001.25,41.25,109.75,0.41,1000.59,38.06,114.63,1.50,1.63,91.49,309.46,7903,0.76,0.78,9.56,1.00,0.03,-0.04,0.00,4.35,-4.00,-0.09,6,10,14,0,35.2901750,136.2529083,82.60, 0.06
48931,0.00,-0.18,9.55,1.00,-0.01,-0.00,0.00,-0.07,1.45,0.00,10.60,0.00,0,2,1001.25,41.75,109.91,1001.25,41.24,109.79,0.41,1000.59,38.05,114.67,0.92,1.27,91.32,309.46,7903,0.69,0.72,9.59,1.00,0.03,-0.04,0.00,4.35,-4.00,-0.09,6,10,14,0,35.2901750,136.2529083,82.60, 0.06
48984,0.00,-0.22,9.55,1.00,-0.01,-0.00,0.00,-0.07,1.45,0.00,10.61,0.00,0,2,1001.25,41.74,109.92,1001.25,41.24,109.72,0.41,1000.59,38.05,114.61,1.23,1.48,89.91,309.46,7903,0.72,0.84,9.57,1.00,0.03,-0.04,0.00,4.35,-4.00,-0.09,6,10,14,0,35.2901750,136.2529083,82.60, 0.06
49040,0.00,-0.17,9.69,1.00,-0.01,-0.00,0.00,-0.07,1.45,0.00,10.61,0.00,0,2,1001.25,41.74,109.90,1001.25,41.24,109.75,0.41,1000.59,38.06,114.62,1.12,1.40,88.68,309.46,7902,0.85,0.59,9.51,1.00,0.03,-0.04,0.00,4.35,-4.00,-0.09,6,10,14,0,35.2901750,136.2529083,82.60, 0.06
49093,0.02,-0.16,9.70,1.00,-0.01,-0.00,0.00,-0.07,1.45,0.00,10.60,0.00,0,2,1001.25,41.73,109.92,1001.25,41.25,109.72,0.41,1000.59,38.06,114.64,1.85,1.81,86.22,309.46,7903,0.68,0.56,9.54,1.00,0.03,-0.04,0.00,4.35,-4.00,-0.09,6,10,14,0,35.2901750,136.2529083,82.60, 0.06
49151,0.03,-0.19,9.51,1.00,-0.01,-0.00,0.00,-0.07,1.45,0.00,10.61,0.00,0,2,1001.25,41.73,109.91,1001.25,41.25,109.75,0.41,1000.59,38.06,114.62,1.70,1.73,85.25,309.46,7902,0.66,0.56,9.53,1.00,0.03,-0.04,0.00,4.35,-4.00,-0.09,6,10,14,0,35.2901750,136.2529083,82.60, 0.06
49208,0.03,-0.18,9.59,1.00,-0.01,-0.00,0.00,-0.07,1.45,0.00,10.61,0.00,0,2,1001.25,41.74,109.92,1001.25,41.25,109.72,0.41,1000.59,38.05,114.63,1.38,1.56,84.90,309.46,7903,0.70,0.71,9.58,1.00,0.03,-0.04,0.00,4.35,-4.00,-0.09,6,10,14,0,35.2901750,136.2529083,82.60, 0.06
49260,-0.06,-0.29,9.43,1.00,-0.01,-0.00,0.00,-0.07,1.45,0.00,10.60,0.00,0,2,1001.25,41.73,109.91,1001.25,41.24,109.74,0.41,1000.59,38.07,114.63,1.55,1.65,85.25,309.46,7902,0.72,0.63,9.52,1.00,0.03,-0.04,0.00,4.35,-4.00,-0.09,6,10,14,0,35.2901750,136.2529083,82.60, 0.06
49315,-0.08,-0.24,9.38,1.00,-0.01,-0.00,0.00,-0.07,1.43,0.00,10.60,0.00,0,2,1001.25,41.74,109.92,1001.25,41.25,109.72,0.41,1000.60,38.06,114.58,1.68,1.72,86.75,309.46,7902,0.76,0.79,9.55,1.00,0.03,-0.04,0.00,4.35,-4.00,-0.09,6,10,14,0,35.2901750,136.2529083,82.60, 0.06
49370,0.26,0.02,10.07,1.00,-0.01,-0.00,0.00,-0.06,1.46,0.00,10.60,0.00,0,2,1001.25,41.73,109.92,1001.25,41.26,109.74,0.41,1000.59,38.07,114.63,1.65,1.71,89.38,309.46,7903,0.74,0.63,9.56,1.00,0.03,-0.04,0.00,4.35,-4.00,-0.09,6,10,14,0,35.2901750,136.2529083,82.60, 0.08
49429,0.01,-0.17,9.58,1.00,-0.01,-0.00,0.00,-0.09,1.43,0.00,10.60,0.00,0,2,1001.25,41.72,109.94,1001.25,41.24,109.73,0.41,1000.59,38.05,114.60,1.57,1.66,90.70,309.55,7903,0.65,0.60,9.59,1.00,0.03,-0.04,0.00,4.35,-4.00,-0.09,6,10,14,0,35.2901750,136.2529083,82.60, 0.08
49481,-0.01,-0.14,9.55,1.00,-0.01,-0.00,0.00,-0.09,1.41,0.00,10.60,0.00,0,2,1001.25,41.73,109.89,1001.25,41.25,109.72,0.41,1000.59,38.05,114.63,0.85,1.22,91.49,309.55,7903,0.69,0.68,9.54,1.00,0.03,-0.04,0.00,4.35,-4.00,-0.09,6,10,14,0,35.2901750,136.2529083,82.60, 0.08
49538,0.05,-0.11,9.82,1.00,-0.01,-0.00,0.00,-0.08,1.39,0.00,10.60,0.00,0,2,1001.25,41.73,109.94,1001.25,41.25,109.71,0.41,1000.60,38.05,114.59,1.40,1.57,91.58,309.55,7903,0.83,0.72,9.57,1.00,0.03,-0.04,0.00,4.35,-4.00,-0.09,6,10,14,0,35.2901750,136.2529083,82.60, 0.08
49589,0.01,-0.14,9.63,1.00,-0.01,-0.00,0.00,-0.10,1.38,0.00,10.61,0.00,0,2,1001.25,41.72,109.94,1001.24,41.24,109.79,0.41,1000.60,38.05,114.59,1.57,1.66,91.41,309.55,7903,0.68,0.72,9.58,1.00,0.03,-0.04,0.00,4.35,-4.00,-0.09,6,10,15,0,35.2901767,136.2529067,82.60, 0.08
49648,0.00,-0.14,9.45,1.00,-0.01,-0.00,0.00,-0.10,1.37,0.00,10.61,0.00,0,2,1001.24,41.72,109.95,1001.25,41.24,109.74,0.41,1000.60,38.05,114.59,1.62,1.69,91.14,309.55,7903,0.71,0.62,9.61,1.00,0.03,-0.04,0.00,4.35,-4.00,-0.09,6,10,15,0,35.2901767,136.2529067,82.60, 0.08
49700,0.08,-0.19,9.52,1.00,-0.01,-0.00,0.00,-0.10,1.38,0.00,10.62,0.00,0,2,1001.25,41.72,109.94,1001.25,41.25,109.74,0.41,1000.59,38.05,114.64,1.32,1.52,91.05,309.64,7902,0.71,0.67,9.55,1.00,0.03,-0.04,0.00,4.35,-4.00,-0.09,6,10,15,0,35.2901767,136.2529067,82.60, 0.08
49758,0.00,-0.19,9.41,1.00,-0.01,-0.00,0.00,-0.10,1.38,0.00,10.62,0.00,0,2,1001.25,41.71,109.94,1001.25,41.25,109.76,0.41,1000.59,38.05,114.68,1.93,1.85,91.14,309.73,7902,0.65,0.67,9.59,1.00,0.03,-0.04,0.00,4.35,-4.00,-0.09,6,10,15,0,35.2901767,136.2529067,82.60, 0.08
49809,0.01,-0.16,9.48,1.00,-0.01,-0.00,0.00,-0.10,1.38,0.00,10.62,0.00,0,2,1001.25,41.71,109.91,1001.24,41.24,109.79,0.41,1000.58,38.06,114.71,1.92,1.84,90.88,310.25,7903,0.79,0.65,9.55,1.00,0.03,-0.04,0.00,4.35,-4.00,-0.09,6,10,15,0,35.2901767,136.2529067,82.60, 0.08
49866,-0.05,-0.16,9.56,1.00,-0.01,-0.00,0.00,-0.10,1.38,0.00,10.62,0.00,0,2,1001.25,41.71,109.95,1001.25,41.25,109.72,0.41,1000.59,38.06,114.66,1.97,1.86,90.35,310.34,7902,0.84,0.65,9.50,1.00,0.03,-0.04,0.00,4.35,-4.00,-0.09,6,10,15,0,35.2901767,136.2529067,82.60, 0.08
49919,0.00,-0.18,9.55,1.00,-0.01,-0.00,0.00,-0.10,1.38,0.00,10.61,0.00,0,2,1001.25,41.72,109.92,1001.25,41.25,109.75,0.41,1000.59,38.06,114.65,1.77,1.77,89.21,310.34,7903,0.67,0.71,9.56,1.00,0.03,-0.04,0.00,4.35,-4.00,-0.09,6,10,15,0,35.2901767,136.2529067,82.60, 0.08
49978,-0.01,-0.18,9.51,1.00,-0.01,-0.00,0.00,-0.10,1.38,0.00,10.61,0.00,0,2,1001.25,41.72,109.91,1001.25,41.25,109.71,0.41,1000.59,38.05,114.64,1.22,1.47,87.71,310.34,7902,0.63,0.67,9.57,1.00,0.03,-0.04,0.00,4.35,-4.00,-0.09,6,10,15,0,35.2901767,136.2529067,82.60, 0.08
50029,0.01,-0.12,9.66,1.00,-0.01,-0.00,0.00,-0.10,1.38,0.00,10.61,0.00,0,2,1001.25,41.70,109.91,1001.25,41.23,109.77,0.41,1000.59,38.05,114.64,1.87,1.82,87.01,310.34,7903,0.68,0.61,9.54,1.00,0.03,-0.04,0.00,4.35,-4.00,-0.09,6,10,15,0,35.2901767,136.2529067,82.60, 0.08
50087,0.00,-0.21,9.59,1.00,-0.01,-0.00,0.00,-0.10,1.38,0.00,10.60,0.00,0,2,1001.25,41.71,109.95,1001.25,41.25,109.75,0.41,1000.59,38.06,114.65,1.17,1.44,86.75,310.34,7903,0.80,0.73,9.53,1.00,0.03,-0.04,0.00,4.35,-4.00,-0.09,6,10,15,0,35.2901767,136.2529067,82.60, 0.08
50139,-0.01,-0.16,9.62,1.00,-0.01,-0.00,0.00,-0.10,1.38,0.00,10.61,0.00,0,2,1001.25,41.71,109.94,1001.25,41.24,109.75,0.41,1000.59,38.06,114.65,1.88,1.82,86.48,310.34,7902,0.79,0.63,9.54,1.00,0.03,-0.04,0.00,4.35,-4.00,-0.09,6,10,15,0,35.2901767,136.2529067,82.60, 0.08
50197,-0.02,-0.22,9.54,1.00,-0.01,-0.00,0.00,-0.10,1.38,0.00,10.60,0.00,0,2,1001.25,41.71,109.91,1001.25,41.25,109.75,0.41,1000.59,38.06,114.67,1.27,1.50,86.31,310.34,7903,0.72,0.68,9.59,1.00,0.03,-0.04,0.00,4.35,-4.00,-0.09,6,10,15,0,35.2901767,136.2529067,82.60, 0.08
50249,0.04,-0.17,9.73,1.00,-0.01,-0.00,0.00,-0.11,1.38,0.00,10.60,0.00,0,2,1001.25,41.71,109.91,1001.25,41.23,109.75,0.41,1000.59,38.05,114.66,1.15,1.42,85.96,310.34,7903,0.75,0.72,9.56,1.00,0.03,-0.04,0.00,4.35,-4.00,-0.09,6,10,15,0,35.2901767,136.2529067,82.60, 0.08
50306,0.04,-0.14,9.61,1.00,-0.01,-0.00,0.00,-0.11,1.38,0.00,10.60,0.00,0,2,1001.25,41.70,109.93,1001.25,41.25,109.71,0.41,1000.59,38.06,114.62,1.33,1.53,85.34,310.34,7903,0.75,0.65,9.55,1.00,0.03,-0.04,0.00,4.35,-4.00,-0.09,6,10,15,0,35.2901767,136.2529067,82.60, 0.08
50357,0.01,-0.16,9.59,1.00,-0.01,-0.00,0.00,-0.11,1.37,0.00,10.60,0.00,0,2,1001.25,41.70,109.93,1001.25,41.24,109.78,0.41,1000.59,38.05,114.64,1.68,1.72,85.43,310.34,7901,0.72,0.67,9.58,1.00,0.03,-0.04,0.00,4.35,-4.00,-0.09,6,10,15,0,35.2901767,136.2529067,82.60, 0.08
50412,0.10,-0.09,9.64,1.00,-0.01,-0.00,0.00,-0.14,1.36,0.00,10.60,0.00,0,2,1001.25,41.70,109.93,1001.25,41.25,109.75,0.41,1000.59,38.06,114.65,1.75,1.76,85.34,310.25,7903,0.76,0.71,9.57,1.00,0.03,-0.04,0.00,4.35,-4.00,-0.09,6,10,15,0,35.2901767,136.2529067,82.60, 0.08
50468,0.00,-0.24,9.61,1.00,-0.01,-0.00,0.00,-0.20,1.34,0.00,10.61,0.00,0,2,1001.25,41.70,109.93,1001.25,41.24,109.74,0.41,1000.59,38.05,114.63,0.98,1.32,85.52,310.34,7903,0.79,0.69,9.59,1.00,0.03,-0.04,0.00,4.35,-4.00,-0.09,6,10,15,0,35.2901767,136.2529067,82.60, 0.08
50525,0.03,-0.16,9.64,1.00,-0.01,-0.00,0.00,-0.27,1.34,0.00,10.60,0.00,0,2,1001.24,41.68,109.95,1001.25,41.25,109.73,0.41,1000.59,38.05,114.64,1.10,1.39,85.34,310.34,7903,0.74,0.72,9.57,1.00,0.03,-0.04,0.00,4.35,-4.00,-0.09,6,10,15,0,35.2901767,136.2529067,82.60, 0.08
50577,0.03,-0.26,9.40,1.00,-0.01,-0.00,0.00,-0.27,1.33,0.00,10.60,0.00,0,2,1001.25,41.69,109.94,1001.25,41.25,109.72,0.41,1000.59,38.05,114.66,1.22,1.47,85.25,310.25,7902,