2962523,0.05,-0.83,9.54,1.00,-0.04,-0.00,0.00,-0.47,4.99,0.03,10.59,0.00,0,2,1001.32,40.70,108.89,1001.33,40.22,108.69,0.62,1000.67,37.89,113.83,1.60,1.68,88.95,308.41,7902,0.56,1.33,9.55,1.00,0.07,-0.03,0.01,3.41,-7.96,0.66,6,6,22,0,35.2901783,136.2528917,82.60, 0.14
2962580,0.09,-0.83,9.53,1.00,-0.04,-0.00,0.00,-0.47,4.99,0.03,10.60,0.00,0,2,1001.32,40.69,108.89,1001.33,40.22,108.67,0.62,1000.67,37.89,113.84,1.42,1.58,92.37,308.41,7902,0.56,1.38,9.55,1.00,0.07,-0.03,0.01,3.41,-7.96,0.66,6,6,22,0,35.2901783,136.2528917,82.60, 0.14
2962632,0.11,-0.82,9.54,1.00,-0.04,-0.00,0.00,-0.47,4.99,0.03,10.60,0.00,0,2,1001.32,40.69,108.91,1001.32,40.22,108.71,0.61,1000.67,37.89,113.84,1.42,1.58,92.37,308.41,7902,0.56,1.38,9.55,1.00,0.07,-0.03,0.01,3.41,-7.96,0.66,6,6,22,0,35.2901783,136.2528917,82.60, 0.14
2962689,0.07,-0.79,9.52,1.00,-0.04,-0.00,0.00,-0.47,4.99,0.03,10.60,0.00,0,2,1001.32,40.69,108.89,1001.32,40.21,108.67,0.62,1000.67,37.88,113.86,0.30,0.73,99.32,308.41,7903,0.53,1.42,9.58,1.00,0.07,-0.03,0.01,3.41,-7.96,0.66,6,6,22,0,35.2901783,136.2528917,82.60, 0.14
2962741,0.12,-0.86,9.51,1.00,-0.04,-0.00,0.00,-0.47,4.99,0.03,10.61,0.00,0,2,1001.32,40.69,108.91,1001.32,40.24,108.70,0.62,1000.66,37.88,113.94,2.05,1.90,102.48,308.41,7902,0.52,1.38,9.58,1.00,0.07,-0.03,0.01,3.41,-7.96,0.66,6,6,22,0,35.2901783,136.2528917,82.60, 0.13
2962800,0.12,-0.82,9.46,1.00,-0.04,-0.00,0.00,-0.47,4.99,0.03,10.61,0.00,0,2,1001.32,40.69,108.91,1001.33,40.24,108.68,0.62,1000.66,37.89,113.92,1.52,1.64,102.04,308.41,7903,0.53,1.33,9.58,1.00,0.07,-0.03,0.01,3.41,-7.96,0.66,6,6,22,0,35.2901783,136.2528917,82.60, 0.13
2962853,0.06,-0.79,9.55,1.00,-0.04,-0.00,0.00,-0.47,4.99,0.03,10.62,0.00,0,2,1001.32,40.69,108.91,1001.32,40.23,108.72,0.61,1000.66,37.87,113.92,1.30,1.51,98.79,308.41,7902,0.60,1.34,9.56,1.00,0.07,-0.03,0.01,3.41,-7.96,0.66,6,6,22,0,35.2901783,136.2528917,82.60, 0.13
2962910,0.10,-0.70,9.57,1.00,-0.04,-0.00,0.00,-0.47,4.99,0.03,10.62,0.00,0,2,1001.32,40.71,108.89,1001.32,40.24,108.71,0.62,1000.65,37.88,114.00,2.10,1.92,95.10,308.41,7902,0.53,1.25,9.59,1.00,0.07,-0.03,0.01,3.41,-7.96,0.66,6,6,22,0,35.2901783,136.2528917,82.60, 0.13
2962963,0.13,-0.79,9.58,1.00,-0.04,-0.00,0.00,-0.47,4.99,0.03,10.63,0.00,0,2,1001.32,40.71,108.89,1001.33,40.23,108.71,0.62,1000.65,37.88,114.00,2.58,2.13,94.39,308.41,7903,0.52,1.37,9.56,1.00,0.07,-0.03,0.01,3.41,-7.96,0.66,6,6,23,0,35.2901767,136.2528883,82.60, 0.13
2963021,0.04,-0.84,9.55,1.00,-0.04,-0.00,0.00,-0.47,4.99,0.03,10.63,0.00,0,2,1001.32,40.70,108.90,1001.33,40.23,108.73,0.62,1000.66,37.89,113.98,2.87,2.25,93.96,308.32,7903,0.60,1.50,9.61,1.00,0.07,-0.03,0.01,3.41,-7.96,0.66,6,6,23,0,35.2901767,136.2528883,82.60, 0.13
2963080,0.07,-0.87,9.53,1.00,-0.04,-0.00,0.00,-0.47,4.99,0.03,10.63,0.00,0,2,1001.32,40.70,108.90,1001.32,40.23,108.71,0.62,1000.66,37.88,113.95,2.58,2.13,93.43,308.32,7903,0.60,1.58,9.59,1.00,0.07,-0.03,0.01,3.41,-7.96,0.66,6,6,23,0,35.2901767,136.2528883,82.60, 0.13
2963131,0.06,-0.84,9.49,1.00,-0.04,-0.00,0.00,-0.47,4.99,0.03,10.63,0.00,0,2,1001.32,40.70,108.88,1001.32,40.23,108.70,0.62,1000.65,37.87,113.99,1.77,1.77,93.25,308.32,7903,0.57,1.39,9.55,1.00,0.07,-0.03,0.01,3.41,-7.96,0.66,6,6,23,0,35.2901767,136.2528883,82.60, 0.13
2963184,0.10,-0.82,9.54,1.00,-0.04,-0.00,0.00,-0.47,4.99,0.03,10.63,0.00,0,2,1001.32,40.71,108.91,1001.33,40.25,108.69,0.62,1000.65,37.87,113.99,1.62,1.69,93.34,308.32,7902,0.56,1.30,9.57,1.00,0.07,-0.03,0.01,3.41,-7.96,0.66,6,6,23,0,35.2901767,136.2528883,82.60, 0.13
2963240,0.09,-0.77,9.50,1.00,-0.04,-0.00,0.00,-0.47,4.99,0.03,10.61,0.00,0,2,1001.32,40.70,108.90,1001.33,40.24,108.71,0.62,1000.66,37.89,113.97,1.27,1.49,92.55,308.32,7902,0.56,1.33,9.59,1.00,0.07,-0.03,0.01,3.41,-7.96,0.66,6,6,23,0,35.2901767,136.2528883,82.60, 0.13
2963298,0.12,-0.76,9.53,1.00,-0.04,-0.00,0.00,-0.47,4.99,0.03,10.62,0.00,0,2,1001.32,40.71,108.89,1001.33,40.24,108.73,0.62,1000.66,37.87,113.97,1.35,1.54,90.79,308.32,7902,0.55,1.22,9.55,1.00,0.07,-0.03,0.01,3.41,-7.96,0.66,6,6,23,0,35.2901767,136.2528883,82.60, 0.13
2963351,0.10,-0.86,9.53,1.00,-0.04,-0.00,0.00,-0.47,4.99,0.03,10.63,0.00,0,2,1001.32,40.70,108.93,1001.32,40.23,108.72,0.62,1000.66,37.87,113.97,1.17,1.43,89.38,308.32,7902,0.55,1.44,9.58,1.00,0.07,-0.03,0.01,3.41,-7.96,0.66,6,6,23,0,35.2901767,136.2528883,82.60, 0.13
2963407,0.07,-0.90,9.51,1.00,-0.04,-0.00,0.00,-0.47,4.99,0.03,10.62,0.00,0,2,1001.32,40.71,108.89,1001.33,40.23,108.70,0.62,1000.66,37.89,113.94,0.85,1.22,88.86,308.32,7903,0.61,1.45,9.56,1.00,0.07,-0.03,0.01,3.41,-7.96,0.66,6,6,23,0,35.2901767,136.2528883,82.60, 0.13
2963459,0.08,-0.88,9.52,1.00,-0.04,-0.00,0.00,-0.47,4.99,0.03,10.62,0.00,0,2,1001.32,40.71,108.90,1001.33,40.24,108.66,0.62,1000.66,37.89,113.93,1.42,1.58,89.03,308.32,7902,0.60,1.45,9.58,1.00,0.07,-0.03,0.01,3.41,-7.96,0.66,6,6,23,0,35.2901767,136.2528883,82.60, 0.13
2963512,0.11,-0.79,9.54,1.00,-0.04,-0.00,0.00,-0.47,4.99,0.03,10.61,0.00,0,2,1001.32,40.70,108.92,1001.32,40.24,108.70,0.62,1000.66,37.88,113.91,1.78,1.77,89.03,308.32,7903,0.58,1.44,9.58,1.00,0.07,-0.03,0.01,3.41,-7.96,0.66,6,6,23,0,35.2901767,136.2528883,82.60, 0.13
2963570,0.10,-0.78,9.52,1.00,-0.04,-0.00,0.00,-0.47,4.99,0.03,10.60,0.00,0,2,1001.32,40.70,108.90,1001.32,40.22,108.70,0.62,1000.67,37.90,113.88,0.85,1.22,88.95,308.32,7902,0.52,1.21,9.53,1.00,0.07,-0.03,0.01,3.41,-7.96,0.66,6,6,23,0,35.2901767,136.2528883,82.60, 0.13
2963627,0.07,-0.75,9.51,1.00,-0.04,-0.00,0.00,-0.47,4.99,0.03,10.61,0.00,0,2,1001.33,40.72,108.86,1001.32,40.23,108.70,0.62,1000.66,37.90,113.92,1.12,1.40,88.68,308.32,7902,0.60,1.23,9.55,1.00,0.07,-0.03,0.01,3.41,-7.96,0.66,6,6,23,0,35.2901767,136.2528883,82.60, 0.13
2963678,0.08,-0.76,9.55,1.00,-0.04,-0.00,0.00,-0.47,4.99,0.03,10.60,0.00,0,2,1001.32,40.69,108.89,1001.32,40.23,108.73,0.62,1000.66,37.89,113.95,0.57,1.00,88.42,308.32,7903,0.58,1.31,9.59,1.00,0.07,-0.03,0.01,3.41,-7.96,0.66,6,6,23,0,35.2901767,136.2528883,82.60, 0.13
2963736,0.10,-0.80,9.50,1.00,-0.04,-0.00,0.00,-0.47,4.99,0.03,10.60,0.00,0,2,1001.32,40.70,108.89,1001.32,40.23,108.70,0.62,1000.66,37.88,113.96,0.27,0.69,88.51,308.32,7902,0.54,1.29,9.54,1.00,0.07,-0.03,0.01,3.41,-7.96,0.66,6,6,23,0,35.2901767,136.2528883,82.60, 0.13
2963788,0.11,-0.87,9.53,1.00,-0.04,-0.00,0.00,-0.47,4.99,0.03,10.60,0.00,0,2,1001.32,40.71,108.88,1001.33,40.23,108.70,0.62,1000.66,37.87,113.95,1.07,1.37,88.51,308.32,7903,0.56,1.41,9.59,1.00,0.07,-0.03,0.01,3.41,-7.96,0.66,6,6,23,0,35.2901767,136.2528883,82.60, 0.06
2963847,0.10,-0.90,9.49,1.00,-0.04,-0.00,0.00,-0.47,4.99,0.03,10.60,0.00,0,2,1001.32,40.71,108.88,1001.33,40.23,108.68,0.62,1000.67,37.89,113.89,1.08,1.38,88.42,308.32,7903,0.53,1.43,9.59,1.00,0.07,-0.03,0.01,3.41,-7.96,0.66,6,6,23,0,35.2901767,136.2528883,82.60, 0.06
2963899,0.10,-0.84,9.50,1.00,-0.04,-0.00,0.00,-0.47,4.99,0.03,10.59,0.00,0,2,1001.32,40.69,108.92,1001.33,40.23,108.67,0.62,1000.67,37.89,113.89,0.72,1.12,88.42,308.32,7903,0.53,1.31,9.56,1.00,0.07,-0.03,0.01,3.41,-7.96,0.66,6,6,23,0,35.2901767,136.2528883,82.60, 0.06
2963951,0.10,-0.82,9.50,1.00,-0.04,-0.00,0.00,-0.47,4.99,0.03,10.59,0.00,0,2,1001.32,40.70,108.88,1001.32,40.22,108.73,0.62,1000.66,37.88,113.93,1.02,1.34,88.42,308.32,7903,0.57,1.31,9.60,1.00,0.07,-0.03,0.01,3.41,-7.96,0.66,6,6,24,0,35.2901767,136.2528900,82.60, 0.06
2964007,0.07,-0.80,9.50,1.00,-0.04,-0.00,0.00,-0.47,4.99,0.03,10.60,0.00,0,2,1001.32,40.72,108.87,1001.32,40.24,108.71,0.62,1000.66,37.89,113.92,1.42,1.58,88.42,308.32,7902,0.57,1.28,9.57,1.00,0.07,-0.03,0.01,3.41,-7.96,0.66,6,6,24,0,35.2901767,136.2528900,82.60, 0.06
2964060,0.06,-0.77,9.50,1.00,-0.04,-0.00,0.00,-0.47,4.99,0.03,10.59,0.00,0,2,1001.32,40.72,108.87,1001.33,40.23,108.69,0.62,1000.67,37.90,113.90,0.67,1.08,88.42,308.32,7902,0.59,1.37,9.56,1.00,0.07,-0.03,0.01,3.41,-7.96,0.66,6,6,24,0,35.2901767,136.2528900,82.60, 0.06
2964117,0.08,-0.77,9.53,1.00,-0.04,-0.00,0.00,-0.47,4.99,0.03,10.58,0.00,0,2,1001.32,40.70,108.87,1001.32,40.23,108.70,0.62,1000.67,37.88,113.90,1.37,1.55,88.42,308.32,7902,0.60,1.33,9.61,1.00,0.07,-0.03,0.01,3.41,-7.96,0.66,6,6,24,0,35.2901767,136.2528900,82.60, 0.06
2964170,0.09,-0.86,9.54,1.00,-0.04,-0.00,0.00,-0.47,4.99,0.03,10.57,0.00,0,2,1001.33,40.72,108.86,1001.32,40.23,108.71,0.62,1000.67,37.88,113.88,1.17,1.43,88.51,308.32,7902,0.53,1.39,9.59,1.00,0.07,-0.03,0.01,3.41,-7.96,0.66,6,6,24,0,35.2901767,136.2528900,82.60, 0.06
2964227,0.13,-0.86,9.57,1.00,-0.04,-0.00,0.00,-0.47,4.99,0.03,10.57,0.00,0,2,1001.33,40.72,108.86,1001.32,40.23,108.72,0.62,1000.67,37.89,113.87,0.52,0.95,88.68,308.32,7902,0.58,1.48,9.55,1.00,0.07,-0.03,0.01,3.41,-7.96,0.66,6,6,24,0,35.2901767,136.2528900,82.60, 0.06
2964284,0.11,-0.90,9.51,1.00,-0.04,-0.00,0.00,-0.47,4.99,0.03,10.57,0.00,0,2,1001.32,40.72,108.89,1001.32,40.23,108.72,0.62,1000.67,37.89,113.85,1.10,1.39,88.68,308.32,7902,0.49,1.42,9.58,1.00,0.07,-0.03,0.01,3.41,-7.96,0.66,6,6,24,0,35.2901767,136.2528900,82.60, 0.06
2964339,0.08,-0.79,9.44,1.00,-0.04,-0.00,0.00,-0.47,4.99,0.03,10.60,0.00,0,2,1001.32,40.72,108.89,1001.33,40.24,108.66,0.62,1000.67,37.88,113.86,0.87,1.24,88.68,308.32,7903,0.56,1.25,9.53,1.00,0.07,-0.03,0.01,3.41,-7.96,0.66,6,6,24,0,35.2901767,136.2528900,82.60, 0.06
2964395,0.08,-0.79,9.55,1.00,-0.04,-0.00,0.00,-0.47,4.99,0.03,10.60,0.00,0,2,1001.32,40.71,108.90,1001.32,40.25,108.71,0.62,1000.67,37.89,113.89,0.45,0.89,88.07,308.32,7903,0.59,1.26,9.59,1.00,0.07,-0.03,0.01,3.41,-7.96,0.66,6,6,24,0,35.2901767,136.2528900,82.60, 0.06
2964446,0.07,-0.76,9.53,1.00,-0.04,-0.00,0.00,-0.47,4.99,0.03,10.59,0.00,0,2,1001.32,40.71,108.90,1001.33,40.24,108.70,0.62,1000.67,37.90,113.90,-0.12,0.45,86.66,308.32,7903,0.58,1.26,9.53,1.00,0.07,-0.03,0.01,3.41,-7.96,0.66,6,6,24,0,35.2901767,136.2528900,82.60, 0.06
2964504,0.03,-0.78,9.53,1.00,-0.04,-0.00,0.00,-0.47,4.99,0.03,10.60,0.00,0,2,1001.32,40.71,108.93,1001.32,40.23,108.74,0.62,1000.66,37.89,113.94,0.17,0.54,85.61,308.32,7902,0.59,1.32,9.54,1.00,0.07,-0.03,0.01,3.41,-7.96,0.66,6,6,24,0,35.2901767,136.2528900,82.60, 0.06
2964558,0.07,-0.83,9.50,1.00,-0.04,-0.00,0.00,-0.47,4.99,0.03,10.60,0.00,0,2,1001.32,40.72,108.90,1001.33,40.24,108.70,0.62,1000.66,37.87,113.99,0.37,0.80,85.08,308.32,7902,0.58,1.39,9.59,1.00,0.07,-0.03,0.01,3.41,-7.96,0.66,6,6,24,0,35.2901767,136.2528900,82.60, 0.06
2964610,0.11,-0.82,9.56,1.00,-0.04,-0.00,0.00,-0.47,4.99,0.03,10.62,0.00,0,2,1001.32,40.71,108.91,1001.33,40.23,108.67,0.62,1000.66,37.89,113.94,0.32,0.75,84.64,308.32,7902,0.54,1.30,9.58,1.00,0.07,-0.03,0.01,3.41,-7.96,0.66,6,6,24,0,35.2901767,136.2528900,82.60, 0.06
2964665,0.10,-0.83,9.52,1.00,-0.04,-0.00,0.00,-0.47,4.99,0.03,10.60,0.00,0,2,1001.32,40.71,108.90,1001.33,40.23,108.69,0.62,1000.67,37.88,113.89,0.07,0.34,84.64,308.32,7903,0.52,1.30,9.55,1.00,0.07,-0.03,0.01,3.41,-7.96,0.66,6,6,24,0,35.2901767,136.2528900,82.60, 0.06
2964716,0.09,-0.86,9.52,1.00,-0.04,-0.00,0.00,-0.47,4.99,0.03,10.60,0.00,0,2,1001.32,40.72,108.92,1001.33,40.24,108.71,0.62,1000.66,37.90,113.92,0.37,0.80,84.73,308.32,7903,0.56,1.28,9.51,1.00,0.07,-0.03,0.01,3.41,-7.96,0.66,6,6,24,0,35.2901767,136.2528900,82.60, 0.06
2964774,0.07,-0.84,9.55,1.00,-0.04,-0.00,0.00,-0.47,4.99,0.03,10.59,0.00,0,2,1001.32,40.72,108.89,1001.32,40.24,108.69,0.62,1000.67,37.88,113.86,0.15,0.51,84.73,308.32,7902,0.62,1.26,9.51,1.00,0.07,-0.03,0.01,3.41,-7.96,0.66,6,6,24,0,35.2901767,136.2528900,82.60, 0.06
2964827,0.09,-0.87,9.55,1.00,-0.04,-0.00,0.00,-0.47,4.99,0.03,10.60,0.00,0,2,1001.32,40.71,108.87,1001.32,40.23,108.74,0.62,1000.67,37.89,113.85,-0.30,0.73,84.73,308.32,7902,0.56,1.51,9.60,1.00,0.07,-0.03,0.01,3.41,-7.96,0.66,6,6,24,0,35.2901767,136.2528900,82.60, 0.22
2964883,0.11,-0.82,9.52,1.00,-0.04,-0.00,0.00,-0.47,4.99,0.03,10.59,0.00,0,2,1001.32,40.72,108.89,1001.33,40.24,108.70,0.62,1000.67,37.89,113.85,-0.13,0.49,84.55,308.32,7903,0.51,1.25,9.54,1.00,0.07,-0.03,0.01,3.41,-7.96,0.66,6,6,24,0,35.2901767,136.2528900,82.60, 0.22
2964936,0.08,-0.75,9.50,1.00,-0.04,-0.00,0.00,-0.47,4.99,0.03,10.60,0.00,0,2,1001.32,40.71,108.91,1001.33,40.25,108.69,0.62,1000.68,37.89,113.80,0.02,0.17,84.46,308.32,7903,0.66,1.33,9.56,1.00,0.07,-0.03,0.01,3.41,-7.96,0.66,6,6,25,0,35.2901767,136.2528900,82.60, 0.22
2964992,0.09,-0.78,9.53,1.00,-0.04,-0.00,0.00,-0.47,4.99,0.03,10.59,0.00,0,2,1001.32,40.72,108.90,1001.33,40.24,108.72,0.62,1000.67,37.90,113.85,0.02,0.17,84.46,308.32,7902,0.67,1.27,9.58,1.00,0.07,-0.03,0.01,3.41,-7.96,0.66,6,6,25,0,35.2901767,136.2528900,82.60, 0.22
2965046,0.07,-0.78,9.52,1.00,-0.04,-0.00,0.00,-0.47,4.99,0.03,10.59,0.00,0,2,1001.32,40.71,108.91,1001.32,40.25,108.70,0.62,1000.67,37.91,113.86,0.07,0.34,84.46,308.32,7903,0.57,1.38,9.55,1.00,0.07,-0.03,0.01,3.41,-7.96,0.66,6,6,25,0,35.2901767,136.2528900,82.60, 0.22
2965103,0.08,-0.80,9.53,1.00,-0.04,-0.00,0.00,-0.47,4.99,0.03,10.60,0.00,0,2,1001.32,40.72,108.92,1001.33,40.24,108.69,0.62,1000.67,37.91,113.90,0.18,0.57,84.46,308.32,7903,0.64,1.42,9.56,1.00,0.07,-0.03,0.01,3.41,-7.96,0.66,6,6,25,0,35.2901767,136.2528900,82.60, 0.22
2965155,0.12,-0.84,9.50,1.00,-0.04,-0.00,0.00,-0.47,4.99,0.03,10.61,0.00,0,2,1001.32,40.71,108.93,1001.32,40.24,108.71,0.62,1000.67,37.90,113.88,0.10,0.42,84.46,308.32,7903,0.55,1.35,9.55,1.00,0.07,-0.03,0.01,3.41,-7.96,0.66,6,6,25,0,35.2901767,136.2528900,82.60, 0.22
2965207,0.11,-0.87,9.54,1.00,-0.04,-0.00,0.00,-0.47,4.99,0.03,10.61,0.00,0,2,1001.32,40.72,108.92,1001.32,40.23,108.71,0.62,1000.67,37.89,113.87,0.08,0.38,84.46,308.32,7902,0.54,1.39,9.55,1.00,0.07,-0.03,0.01,3.41,-7.96,0.66,6,6,25,0,35.2901767,136.2528900,82.60, 0.22
2965264,0.09,-0.90,9.51,1.00,-0.04,-0.00,0.00,-0.47,4.99,0.03,10.62,0.00,0,2,1001.32,40.72,108.92,1001.32,40.24,108.71,0.62,1000.67,37.89,113.87,0.20,0.59,84.46,308.32,7903,0.58,1.41,9.57,1.00,0.07,-0.03,0.01,3.41,-7.96,0.66,6,6,25,0,35.2901767,136.2528900,82.60, 0.22
2965322,0.05,-0.86,9.55,1.00,-0.04,-0.00,0.00,-0.47,4.99,0.03,10.61,0.00,0,2,1001.32,40.73,108.92,1001.32,40.24,108.74,0.62,1000.67,37.89,113.88,-0.07,0.34,84.46,308.32,7902,0.65,1.40,9.57,1.00,0.07,-0.03,0.01,3.41,-7.96,0.66,6,6,25,0,35.2901767,136.2528900,82.60, 0.22
2965374,0.05,-0.80,9.51,1.00,-0.04,-0.00,0.00,-0.47,4.99,0.03,10.61,0.00,0,2,1001.32,40.73,108.93,1001.32,40.24,108.73,0.62,1000.67,37.90,113.89,0.00,0.00,84.46,308.32,7902,0.61,1.25,9.52,1.00,0.07,-0.03,0.01,3.41,-7.96,0.66,6,6,25,0,35.2901767,136.2528900,82.60, 0.22
2965426,0.11,-0.83,9.55,1.00,-0.04,-0.00,0.00,-0.47,4.99,0.03,10.60,0.00,0,2,1001.32,40.73,108.89,1001.33,40.25,108.69,0.62,1000.67,37.89,113.87,-0.05,0.30,84.46,308.32,7902,0.56,1.31,9.54,1.00,0.07,-0.03,0.01,3.41,-7.96,0.66,6,6,25,0,35.2901767,136.2528900,82.60, 0.22
2965483,0.11,-0.77,9.52,1.00,-0.04,-0.00,0.00,-0.47,4.99,0.03,10.60,0.00,0,2,1001.32,40.74,108.92,1001.32,40.24,108.69,0.62,1000.67,37.90,113.85,-0.12,0.45,84.46,308.32,7902,0.52,1.27,9.52,1.00,0.07,-0.03,0.01,3.41,-7.96,0.66,6,6,25,0,35.2901767,136.2528900,82.60, 0.22
2965542,0.10,-0.79,9.51,1.00,-0.04,-0.00,0.00,-0.47,4.99,0.03,10.59,0.00,0,2,1001.32,40.74,108.92,1001.32,40.25,108.68,0.62,1000.67,37.89,113.89,0.07,0.34,84.46,308.32,7902,0.58,1.36,9.56,1.00,0.07,-0.03,0.01,3.41,-7.96,0.66,6,6,25,0,35.2901767,136.2528900,82.60, 0.22
2965595,0.09,-0.84,9.50,1.00,-0.04,-0.00,0.00,-0.47,4.99,0.03,10.59,0.00,0,2,1001.32,40.76,108.89,1001.33,40.25,108.69,0.62,1000.67,37.89,113.85,-0.13,0.49,84.55,308.32,7903,0.56,1.33,9.58,1.00,0.07,-0.03,0.01,3.41,-7.96,0.66,6,6,25,0,35.2901767,136.2528900,82.60, 0.22
2965650,0.04,-0.81,9.52,1.00,-0.04,-0.00,0.00,-0.47,4.99,0.03,10.60,0.00,0,2,1001.32,40.73,108.92,1001.32,40.24,108.71,0.62,1000.67,37.89,113.87,-0.20,0.59,84.46,308.32,7902,0.59,1.34,9.55,1.00,0.07,-0.03,0.01,3.41,-7.96,0.66,6,6,25,0,35.2901767,136.2528900,82.60, 0.22
2965703,0.05,-0.82,9.51,1.00,-0.04,-0.00,0.00,-0.47,4.99,0.03,10.60,0.00,0,2,1001.32,40.72,108.96,1001.33,40.25,108.71,0.62,1000.67,37.90,113.89,-0.33,0.77,84.64,308.32,7902,0.61,1.36,9.55,1.00,0.07,-0.03,0.01,3.41,-7.96,0.66,6,6,25,0,35.2901767,136.2528900,82.60, 0.22
2965758,0.08,-0.79,9.56,1.00,-0.04,-0.00,0.00,-0.47,4.99,0.03,10.60,0.00,0,2,1001.32,40.74,108.94,1001.33,40.25,108.69,0.62,1000.67,37.89,113.89,0.18,0.57,84.99,308.32,7902,0.56,1.26,9.53,1.00,0.07,-0.03,0.01,3.41,-7.96,0.66,6,6,25,0,35.2901767,136.2528900,82.60, 0.08
2965814,0.11,-0.83,9.51,1.00,-0.04,-0.00,0.00,-0.47,4.99,0.03,10.60,0.00,0,2,1001.31,40.71,108.96,1001.32,40.25,108.72,0.62,1000.67,37.90,113.89,0.13,0.49,84.99,308.32,7903,0.56,1.26,9.53,1.00,0.07,-0.03,0.01,3.41,-7.96,0.66,6,6,25,0,35.2901767,136.2528900,82.60, 0.08
2965869,0.12,-0.83,9.56,1.00,-0.04,-0.00,0.00,-0.47,4.99,0.03,10.59,0.00,0,2,1001.31,40.73,108.96,1001.33,40.25,108.70,0.62,1000.67,37.89,113.85,0.03,0.24,84.46,308.32,7903,0.57,1.21,9.50,1.00,0.07,-0.03,0.01,3.41,-7.96,0.66,6,6,25,0,35.2901767,136.2528900,82.60, 0.08
2965922,0.10,-0.82,9.53,1.00,-0.04,-0.00,0.00,-0.47,4.99,0.03,10.60,0.00,0,2,1001.31,40.74,108.98,1001.33,40.26,108.65,0.62,1000.67,37.89,113.87,0.08,0.38,83.32,308.32,7903,0.54,1.46,9.61,1.00,0.07,-0.03,0.01,3.41,-7.96,0.66,6,6,25,0,35.2901767,136.2528900,82.60, 0.08
2965980,0.11,-0.83,9.49,1.00,-0.04,-0.00,0.00,-0.47,4.99,0.03,10.60,0.00,0,2,1001.31,40.73,108.98,1001.32,40.26,108.69,0.62,1000.66,37.89,113.92,0.13,0.49,82.44,308.32,7902,0.58,1.41,9.53,1.00,0.07,-0.03,0.01,3.41,-7.96,0.66,6,6,26,0,35.2901767,136.2528917,82.60, 0.08
2966035,0.11,-0.85,9.51,1.00,-0.04,-0.00,0.00,-0.47,4.99,0.03,10.62,0.00,0,2,1001.32,40.74,108.96,1001.32,40.25,108.71,0.62,1000.66,37.90,113.95,0.17,0.54,81.91,308.32,7903,0.58,1.40,9.55,1.00,0.07,-0.03,0.01,3.41,-7.96,0.66,6,6,26,0,35.2901767,136.2528917,82.60, 0.08
2966091,0.10,-0.79,9.51,1.00,-0.04,-0.00,0.00,-0.47,4.99,0.03,10.64,0.00,0,2,1001.31,40.73,108.97,1001.32,40.26,108.72,0.62,1000.65,37.88,114.02,0.25,0.66,81.39,308.32,7902,0.56,1.29,9.58,1.00,0.07,-0.03,0.01,3.41,-7.96,0.66,6,6,26,0,35.2901767,136.2528917,82.60, 0.08
2966142,0.08,-0.78,9.51,1.00,-0.04,-0.00,0.00,-0.47,4.99,0.03,10.64,0.00,0,2,1001.32,40.74,108.96,1001.32,40.25,108.72,0.62,1000.65,37.88,114.05,0.27,0.69,81.47,308.32,7902,0.58,1.31,9.51,1.00,0.07,-0.03,0.01,3.41,-7.96,0.66,6,6,26,0,35.2901767,136.2528917,82.60, 0.08
2966200,0.06,-0.80,9.51,1.00,-0.04,-0.00,0.00,-0.47,4.99,0.03,10.63,0.00,0,2,1001.32,40.74,108.95,1001.33,40.26,108.70,0.62,1000.65,37.88,114.03,1.90,1.83,81.39,308.32,7903,0.56,1.37,9.57,1.00,0.07,-0.03,0.01,3.41,-7.96,0.66,6,6,26,0,35.2901767,136.2528917,82.60, 0.08
2966252,0.11,-0.83,9.52,1.00,-0.04,-0.00,0.00,-0.47,4.99,0.03,10.63,0.00,0,2,1001.32,40.74,108.92,1001.32,40.25,108.72,0.62,1000.65,37.88,114.04,1.73,1.75,81.47,308.32,7903,0.54,1.41,9.60,1.00,0.07,-0.03,0.01,3.41,-7.96,0.66,6,6,26,0,35.2901767,136.2528917,82.60, 0.08
2966305,0.11,-0.81,9.53,1.00,-0.04,-0.00,0.00,-0.47,4.99,0.03,10.61,0.00,0,2,1001.32,40.73,108.95,1001.32,40.25,108.74,0.62,1000.65,37.88,114.00,1.37,1.55,81.47,308.32,7902,0.63,1.39,9.60,1.00,0.07,-0.03,0.01,3.41,-7.96,0.66,6,6,26,0,35.2901767,136.2528917,82.60, 0.08
2966361,0.08,-0.87,9.54,1.00,-0.04,-0.00,0.00,-0.47,4.99,0.03,10.62,0.00,0,2,1001.32,40.74,108.92,1001.33,40.25,108.70,0.62,1000.66,37.88,113.94,0.15,0.51,81.56,308.32,7903,0.58,1.31,9.57,1.00,0.07,-0.03,0.01,3.41,-7.96,0.66,6,6,26,0,35.2901767,136.2528917,82.60, 0.08
2966419,0.09,-0.82,9.52,1.00,-0.04,-0.00,0.00,-0.47,4.99,0.03,10.60,0.00,0,2,1001.32,40.73,108.93,1001.33,40.26,108.69,0.62,1000.66,37.89,113.90,0.67,1.08,81.56,308.32,7903,0.58,1.32,9.57,1.00,0.07,-0.03,0.01,3.41,-7.96,0.66,6,6,26,0,35.2901767,136.2528917,82.60, 0.08
2966471,0.07,-0.83,9.51,1.00,-0.04,-0.00,0.00,-0.47,4.99,0.03,10.60,0.00,0,2,1001.32,40.72,108.96,1001.32,40.24,108.72,0.62,1000.67,37.88,113.90,0.25,0.66,81.91,308.32,7902,0.60,1.29,9.54,1.00,0.07,-0.03,0.01,3.41,-7.96,0.66,6,6,26,0,35.2901767,136.2528917,82.60, 0.08
2966528,0.11,-0.82,9.52,1.00,-0.04,-0.00,0.00,-0.47,4.99,0.03,10.60,0.00,0,2,1001.31,40.72,108.97,1001.32,40.25,108.72,0.62,1000.66,37.89,113.91,0.23,0.64,83.32,308.32,7903,0.57,1.36,9.60,1.00,0.07,-0.03,0.01,3.41,-7.96,0.66,6,6,26,0,35.2901767,136.2528917,82.60, 0.08
2966581,0.09,-0.76,9.53,1.00,-0.04,-0.00,0.00,-0.47,4.99,0.03,10.61,0.00,0,2,1001.31,40.72,108.97,1001.32,40.25,108.74,0.62,1000.66,37.88,113.91,0.23,0.64,83.32,308.32,7902,0.58,1.36,9.54,1.00,0.07,-0.03,0.01,3.41,-7.96,0.66,6,6,26,0,35.2901767,136.2528917,82.60, 0.08
2966638,0.11,-0.82,9.47,1.00,-0.04,-0.00,0.00,-0.47,4.99,0.03,10.62,0.00,0,2,1001.31,40.72,108.99,1001.32,40.25,108.76,0.62,1000.66,37.88,113.91,0.03,0.24,83.41,308.32,7902,0.58,1.34,9.56,1.00,0.07,-0.03,0.01,3.41,-7.96,0.66,6,6,26,0,35.2901767,136.2528917,82.60, 0.08
2966690,0.09,-0.83,9.55,1.00,-0.04,-0.00,0.00,-0.47,4.99,0.03,10.62,0.00,0,2,1001.31,40.72,108.99,1001.32,40.26,108.71,0.62,1000.66,37.89,113.92,0.08,0.38,83.41,308.32,7902,0.59,1.36,9.57,1.00,0.07,-0.03,0.01,3.41,-7.96,0.66,6,6,26,0,35.2901767,136.2528917,82.60, 0.08
2966746,0.08,-0.86,9.52,1.00,-0.04,-0.00,0.00,-0.47,4.99,0.03,10.62,0.00,0,2,1001.31,40.71,108.98,1001.32,40.25,108.72,0.62,1000.66,37.88,113.98,0.13,0.49,83.14,308.32,7902,0.58,1.34,9.54,1.00,0.07,-0.03,0.01,3.41,-7.96,0.66,6,6,26,0,35.2901767,136.2528917,82.60, 0.08
2966800,0.08,-0.86,9.53,1.00,-0.04,-0.00,0.00,-0.47,4.99,0.03,10.63,0.00,0,2,1001.31,40.72,108.97,1001.32,40.24,108.71,0.62,1000.65,37.88,114.00,0.22,0.62,82.53,308.32,7902,0.59,1.33,9.56,1.00,0.07,-0.03,0.01,3.41,-7.96,0.66,6,6,26,0,35.2901767,136.2528917,82.60, 0.07
2966854,0.09,-0.80,9.52,1.00,-0.04,-0.00,0.00,-0.47,4.99,0.03,10.64,0.00,0,2,1001.31,40.72,109.00,1001.32,40.24,108.73,0.62,1000.66,37.88,113.97,0.18,0.57,81.47,308.32,7902,0.57,1.29,9.53,1.00,0.07,-0.03,0.01,3.41,-7.96,0.66,6,6,26,0,35.2901767,136.2528917,82.60, 0.07
2966909,0.11,-0.78,9.50,1.00,-0.04,-0.00,0.00,-0.47,4.99,0.03,10.64,0.00,0,2,1001.31,40.72,108.97,1001.33,40.26,108.70,0.62,1000.66,37.89,113.97,0.18,0.57,80.95,308.32,7902,0.55,1.35,9.60,1.00,0.07,-0.03,0.01,3.41,-7.96,0.66,6,6,26,0,35.2901767,136.2528917,82.60, 0.07
2966962,0.12,-0.76,9.53,1.00,-0.04,-0.00,0.00,-0.47,4.99,0.03,10.64,0.00,0,2,1001.32,40.74,108.95,1001.33,40.26,108.70,0.62,1000.66,37.88,113.91,0.23,0.64,79.98,308.32,7903,0.56,1.42,9.59,1.00,0.07,-0.03,0.01,3.41,-7.96,0.66,6,6,27,0,35.2901767,136.2528933,82.60, 0.07
2967020,0.05,-0.85,9.51,1.00,-0.04,-0.00,0.00,-0.47,4.99,0.03,10.61,0.00,0,2,1001.32,40.74,108.92,1001.32,40.26,108.72,0.62,1000.66,37.88,113.96,0.30,0.73,79.89,308.32,7902,0.61,1.37,9.54,1.00,0.07,-0.03,0.01,3.41,-7.96,0.66,6,6,27,0,35.2901767,136.2528933,82.60, 0.07
2967077,0.07,-0.89,9.54,1.00,-0.04,-0.00,0.00,-0.47,4.99,0.03,10.60,0.00,0,2,1001.32,40.72,108.92,1001.33,40.26,108.68,0.62,1000.66,37.88,113.94,0.20,0.59,79.80,308.32,7903,0.60,1.36,9.55,1.00,0.07,-0.03,0.01,3.41,-7.96,0.66,6,6,27,0,35.2901767,136.2528933,82.60, 0.07
2967129,0.09,-0.80,9.54,1.00,-0.04,-0.00,0.00,-0.47,4.99,0.03,10.59,0.00,0,2,1001.32,40.75,108.90,1001.33,40.27,108.71,0.62,1000.67,37.88,113.90,0.23,0.64,79.89,308.32,7901,0.57,1.27,9.55,1.00,0.07,-0.03,0.01,3.41,-7.96,0.66,6,6,27,0,35.2901767,136.2528933,82.60, 0.07
2967187,0.09,-0.84,9.49,1.00,-0.04,-0.00,0.00,-0.47,4.99,0.03,10.57,0.00,0,2,1001.32,40.75,108.94,1001.33,40.27,108.69,0.62,1000.66,37.88,113.91,0.40,0.84,79.89,308.32,7902,0.55,1.36,9.61,1.00,0.07,-0.03,0.01,3.41,-7.96,0.66,6,6,27,0,35.2901767,136.2528933,82.60, 0.07
2967240,0.11,-0.80,9.55,1.00,-0.04,-0.00,0.00,-0.47,4.99,0.03,10.57,0.00,0,2,1001.32,40.74,108.94,1001.33,40.26,108.71,0.62,1000.67,37.88,113.88,0.45,0.89,79.89,308.32,7903,0.60,1.34,9.55,1.00,0.07,-0.03,0.01,3.41,-7.96,0.66,6,6,27,0,35.2901767,136.2528933,82.60, 0.07
2967297,0.08,-0.80,9.50,1.00,-0.04,-0.00,0.00,-0.47,4.99,0.03,10.58,0.00,0,2,1001.32,40.74,108.92,1001.32,40.26,108.71,0.62,1000.66,37.89,113.91,0.38,0.82,79.89,308.32,7902,0.60,1.32,9.56,1.00,0.07,-0.03,0.01,3.41,-7.96,0.66,6,6,27,0,35.2901767,136.2528933,82.60, 0.07
2967352,0.07,-0.80,9.52,1.00,-0.04,-0.00,0.00,-0.47,4.99,0.03,10.57,0.00,0,2,1001.32,40.74,108.92,1001.33,40.27,108.71,0.62,1000.66,37.88,113.91,1.40,1.57,79.89,308.32,7902,0.57,1.31,9.55,1.00,0.07,-0.03,0.01,3.41,-7.96,0.66,6,6,27,0,35.2901767,136.2528933,82.60, 0.07
2967407,0.11,-0.79,9.52,1.00,-0.04,-0.00,0.00,-0.47,4.99,0.03,10.57,0.00,0,2,1001.32,40.75,108.92,1001.33,40.27,108.71,0.62,1000.67,37.89,113.89,2.20,1.97,79.89,308.32,7903,0.56,1.34,9.56,1.00,0.07,-0.03,0.01,3.41,-7.96,0.66,6,6,27,0,35.2901767,136.2528933,82.60, 0.07
2967460,0.11,-0.81,9.51,1.00,-0.04,-0.00,0.00,-0.47,4.99,0.03,10.58,0.00,0,2,1001.32,40.74,108.96,1001.32,40.26,108.72,0.62,1000.66,37.87,113.92,1.42,1.58,79.89,308.32,7902,0.54,1.30,9.53,1.00,0.07,-0.03,0.01,3.41,-7.96,0.66,6,6,27,0,35.2901767,136.2528933,82.60, 0.07
2967517,0.09,-0.86,9.55,1.00,-0.04,-0.00,0.00,-0.47,4.99,0.03,10.58,0.00,0,2,1001.32,40.73,108.91,1001.32,40.26,108.72,0.62,1000.67,37.88,113.86,1.40,1.57,79.89,308.32,7902,0.57,1.37,9.60,1.00,0.07,-0.03,0.01,3.41,-7.96,0.66,6,6,27,0,35.2901767,136.2528933,82.60, 0.07
2967575,0.11,-0.83,9.50,1.00,-0.04,-0.00,0.00,-0.47,4.99,0.03,10.58,0.00,0,2,1001.32,40.75,108.95,1001.33,40.26,108.68,0.62,1000.67,37.89,113.85,1.18,1.44,80.07,308.32,7902,0.60,1.29,9.56,1.00,0.07,-0.03,0.01,3.41,-7.96,0.66,6,6,27,0,35.2901767,136.2528933,82.60, 0.07
2967628,0.10,-0.85,9.50,1.00,-0.04,-0.00,0.00,-0.47,4.99,0.03,10.57,0.00,0,2,1001.32,40.76,108.89,1001.32,40.26,108.72,0.62,1000.67,37.89,113.85,1.72,1.74,80.33,308.32,7903,0.58,1.28,9.56,1.00,0.07,-0.03,0.01,3.41,-7.96,0.66,6,6,27,0,35.2901767,136.2528933,82.60, 0.07
2967686,0.09,-0.79,9.50,1.00,-0.04,-0.00,0.00,-0.47,4.99,0.03,10.57,0.00,0,2,1001.32,40.75,108.93,1001.32,40.25,108.72,0.62,1000.67,37.89,113.88,1.33,1.53,80.51,308.32,7902,0.55,1.33,9.57,1.00,0.07,-0.03,0.01,3.41,-7.96,0.66,6,6,27,0,35.2901767,136.2528933,82.60, 0.07
2967737,0.07,-0.77,9.54,1.00,-0.04,-0.00,0.00,-0.47,4.99,0.03,10.57,0.00,0,2,1001.32,40.74,108.94,1001.32,40.27,108.72,0.62,1000.68,37.89,113.80,0.90,1.26,80.77,308.32,7902,0.56,1.26,9.54,1.00,0.07,-0.03,0.01,3.41,-7.96,0.66,6,6,27,0,35.2901767,136.2528933,82.60, 0.07
2967795,0.08,-0.82,9.50,1.00,-0.04,-0.00,0.00,-0.47,4.99,0.03,10.59,0.00,0,2,1001.32,40.75,108.93,1001.33,40.27,108.73,0.62,1000.68,37.90,113.81,1.13,1.41,80.86,308.32,7902,0.59,1.40,9.59,1.00,0.07,-0.03,0.01,3.41,-7.96,0.66,6,6,27,0,35.2901767,136.2528933,82.60, 0.08
2967847,0.10,-0.82,9.51,1.00,-0.04,-0.00,0.00,-0.47,4.99,0.03,10.59,0.00,0,2,1001.32,40.76,108.94,1001.33,40.26,108.68,0.62,1000.67,37.89,113.87,0.58,1.01,80.86,308.32,7902,0.55,1.29,9.52,1.00,0.07,-0.03,0.01,3.41,-7.96,0.66,6,6,27,0,35.2901767,136.2528933,82.60, 0.08
2967901,0.09,-0.83,9.56,1.00,-0.04,-0.00,0.00,-0.47,4.99,0.03,10.60,0.00,0,2,1001.31,40.75,109.00,1001.32,40.27,108.75,0.62,1000.67,37.89,113.89,0.37,0.80,80.77,308.32,7903,0.54,1.32,9.55,1.00,0.07,-0.03,0.01,3.41,-7.96,0.66,6,6,27,0,35.2901767,136.2528933,82.60, 0.08
2967955,0.11,-0.79,9.56,1.00,-0.04,-0.00,0.00,-0.47,4.99,0.03,10.60,0.00,0,2,1001.31,40.76,108.99,1001.33,40.28,108.71,0.62,1000.66,37.89,113.96,0.15,0.51,80.68,308.32,7903,0.54,1.33,9.57,1.00,0.07,-0.03,0.01,3.41,-7.96,0.66,6,6,28,0,35.2901783,136.2528967,82.60, 0.08
2968008,0.08,-0.81,9.50,1.00,-0.04,-0.00,0.00,-0.47,4.99,0.03,10.63,0.00,0,2,1001.31,40.76,108.99,1001.33,40.27,108.72,0.62,1000.65,37.87,114.04,0.68,1.10,80.07,308.32,7903,0.59,1.34,9.54,1.00,0.07,-0.03,0.01,3.41,-7.96,0.66,6,6,28,0,35.2901783,136.2528967,82.60, 0.08
2968067,0.08,-0.83,9.51,1.00,-0.04,-0.00,0.00,-0.47,4.99,0.03,10.64,0.00,0,2,1001.31,40.78,108.98,1001.33,40.27,108.73,0.62,1000.65,37.89,114.00,0.93,1.28,78.13,308.32,7903,0.60,1.35,9.55,1.00,0.07,-0.03,0.01,3.41,-7.96,0.66,6,6,28,0,35.2901783,136.2528967,82.60, 0.08
2968125,0.04,-0.82,9.56,1.00,-0.04,-0.00,0.00,-0.47,4.99,0.03,10.63,0.00,0,2,1001.32,40.76,108.92,1001.33,40.28,108.69,0.62,1000.66,37.91,113.98,1.75,1.76,76.82,308.32,7902,0.61,1.31,9.54,1.00,0.07,-0.03,0.01,3.41,-7.96,0.66,6,6,28,0,35.2901783,136.2528967,82.60, 0.08
2968177,0.09,-0.78,9.50,1.00,-0.04,-0.00,0.00,-0.47,4.99,0.03,10.60,0.00,0,2,1001.32,40.75,108.89,1001.32,40.28,108.74,0.62,1000.65,37.89,113.99,1.63,1.70,77.52,308.32,7901,0.57,1.29,9.53,1.00,0.07,-0.03,0.01,3.41,-7.96,0.66,6,6,28,0,35.2901783,136.2528967,82.60, 0.08
2968234,0.11,-0.77,9.53,1.00,-0.04,-0.00,0.00,-0.47,4.99,0.03,10.60,0.00,0,2,1001.33,40.76,108.87,1001.32,40.27,108.73,0.62,1000.66,37.89,113.92,1.35,1.54,79.72,308.32,7902,0.54,1.31,9.55,1.00,0.07,-0.03,0.01,3.41,-7.96,0.66,6,6,28,0,35.2901783,136.2528967,82.60, 0.08
2968285,0.11,-0.87,9.50,1.00,-0.04,-0.00,0.00,-0.47,4.99,0.03,10.60,0.00,0,2,1001.32,40.75,108.93,1001.32,40.27,108.71,0.62,1000.66,37.88,113.90,1.95,1.85,83.85,308.32,7902,0.50,1.43,9.59,1.00,0.07,-0.03,0.01,3.41,-7.96,0.66,6,6,28,0,35.2901783,136.2528967,82.60, 0.08
2968344,0.12,-0.87,9.48,1.00,-0.04,-0.00,0.00,-0.47,4.99,0.03,10.60,0.00,0,2,1001.32,40.75,108.93,1001.33,40.25,108.71,0.62,1000.67,37.88,113.86,1.78,1.77,89.47,308.32,7903,0.54,1.36,9.51,1.00,0.07,-0.03,0.01,3.41,-7.96,0.66,6,6,28,0,35.2901783,136.2528967,82.60, 0.08
2968397,0.08,-0.81,9.57,1.00,-0.04,-0.00,0.00,-0.47,4.99,0.03,10.60,0.00,0,2,1001.32,40.75,108.95,1001.32,40.26,108.73,0.62,1000.66,37.88,113.90,1.83,1.80,93.34,308.32,7903,0.59,1.31,9.55,1.00,0.07,-0.03,0.01,3.41,-7.96,0.66,6,6,28,0,35.2901783,136.2528967,82.60, 0.08
2968448,-0.03,-0.78,9.53,1.00,-0.04,-0.00,0.00,-0.47,4.99,0.03,10.61,0.00,0,2,1001.32,40.75,108.95,1001.32,40.27,108.75,0.62,1000.67,37.89,113.88,1.53,1.64,99.14,308.32,7902,0.71,1.40,9.58,1.00,0.07,-0.03,0.01,3.41,-7.96,0.66,6,6,28,0,35.2901783,136.2528967,82.60, 0.08
2968504,-0.04,-0.79,9.51,1.00,-0.04,-0.00,0.00,-0.47,4.99,0.03,10.61,0.00,0,2,1001.32,40.75,108.97,1001.32,40.27,108.69,0.62,1000.67,37.89,113.89,0.90,1.26,102.66,308.32,7902,0.67,1.23,9.52,1.00,0.07,-0.03,0.01,3.41,-7.96,0.66,6,6,28,0,35.2901783,136.2528967,82.60, 0.08
2968563,0.13,-0.77,9.53,1.00,-0.04,-0.00,0.00,-0.47,4.99,0.03,10.61,0.00,0,2,1001.31,40.75,108.97,1001.32,40.26,108.71,0.62,1000.66,37.89,113.95,0.70,1.11,102.92,308.32,7903,0.54,1.28,9.54,1.00,0.07,-0.03,0.01,3.41,-7.96,0.66,6,6,28,0,35.2901783,136.2528967,82.60, 0.08
2968616,0.19,-0.79,9.53,1.00,-0.04,-0.00,0.00,-0.47,4.99,0.03,10.62,0.00,0,2,1001.31,40.75,108.99,1001.32,40.27,108.75,0.62,1000.66,37.88,113.97,0.48,0.92,101.87,308.32,7903,0.45,1.29,9.55,1.00,0.07,-0.03,0.01,3.41,-7.96,0.66,6,6,28,0,35.2901783,136.2528967,82.60, 0.08
2968671,0.18,-0.85,9.56,1.00,-0.04,-0.00,0.00,-0.47,4.99,0.03,10.63,0.00,0,2,1001.32,40.75,108.97,1001.32,40.29,108.72,0.62,1000.66,37.89,113.98,0.12,0.45,98.17,308.32,7902,0.47,1.40,9.54,1.00,0.07,-0.03,0.01,3.41,-7.96,0.66,6,6,28,0,35.2901783,136.2528967,82.60, 0.08
2968724,0.10,-0.87,9.51,1.00,-0.04,-0.00,0.00,-0.47,4.99,0.03,10.64,0.00,0,2,1001.31,40.75,108.99,1001.32,40.27,108.73,0.62,1000.66,37.89,113.99,0.33,0.77,92.37,308.32,7903,0.54,1.42,9.57,1.00,0.07,-0.03,0.01,3.41,-7.96,0.66,6,6,28,0,35.2901783,136.2528967,82.60, 0.08
2968782,-0.02,-0.90,9.50,1.00,-0.04,-0.00,0.00,-0.47,4.99,0.03,10.64,0.00,0,2,1001.31,40.74,108.99,1001.32,40.27,108.72,0.62,1000.65,37.90,114.05,0.08,0.38,86.75,308.32,7901,0.73,1.40,9.53,1.00,0.07,-0.03,0.01,3.41,-7.96,0.66,6,6,28,0,35.2901783,136.2528967,82.60, 0.08
2968836,0.02,-0.86,9.51,1.00,-0.04,-0.00,0.00,-0.47,4.99,0.03,10.64,0.00,0,2,1001.31,40.76,108.98,1001.33,40.29,108.70,0.62,1000.66,37.90,113.99,0.13,0.49,83.50,308.32,7903,0.61,1.42,9.59,1.00,0.07,-0.03,0.01,3.41,-7.96,0.66,6,6,28,0,35.2901783,136.2528967,82.60, 0.08
2968891,0.11,-0.79,9.54,1.00,-0.04,-0.00,0.00,-0.47,4.99,0.03,10.63,0.00,0,2,1001.31,40.74,108.99,1001.32,40.26,108.73,0.62,1000.65,37.89,114.01,0.25,0.66,77.96,308.32,7903,0.49,1.24,9.55,1.00,0.07,-0.03,0.01,3.41,-7.96,0.66,6,6,29,0,35.2901767,136.2528983,82.60, 0.08
2968943,0.21,-0.70,9.55,1.00,-0.04,-0.00,0.00,-0.47,4.99,0.03,10.62,0.00,0,2,1001.32,40.76,108.95,1001.32,40.27,108.74,0.62,1000.65,37.89,114.03,0.45,0.89,73.48,308.32,7902,0.53,1.30,9.55,1.00,0.07,-0.03,0.01,3.41,-7.96,0.66,6,6,29,0,35.2901767,136.2528983,82.60, 0.08
2968997,0.16,-0.75,9.54,1.00,-0.04,-0.00,0.00,-0.47,4.99,0.03,10.62,0.00,0,2,1001.32,40.75,108.95,1001.32,40.26,108.77,0.62,1000.65,37.89,114.01,0.00,0.00,71.37,308.32,7903,0.52,1.29,9.55,1.00,0.07,-0.03,0.01,3.41,-7.96,0.66,6,6,29,0,35.2901767,136.2528983,82.60, 0.08
2969053,0.08,-0.85,9.54,1.00,-0.04,-0.00,0.00,-0.47,4.99,0.03,10.63,0.00,0,2,1001.32,40.75,108.94,1001.32,40.27,108.73,0.62,1000.66,37.87,113.97,0.45,0.89,70.84,308.32,7902,0.53,1.42,9.54,1.00,0.07,-0.03,0.01,3.41,-7.96,0.66,6,6,29,0,35.2901767,136.2528983,82.60, 0.08
2969110,0.05,-0.87,9.51,1.00,-0.04,-0.00,0.00,-0.47,4.99,0.03,10.62,0.00,0,2,1001.32,40.75,108.92,1001.33,40.27,108.69,0.62,1000.66,37.88,113.93,0.30,0.73,71.02,308.32,7902,0.53,1.41,9.54,1.00,0.07,-0.03,0.01,3.41,-7.96,0.66,6,6,29,0,35.2901767,136.2528983,82.60, 0.08
2969162,0.05,-0.87,9.54,1.00,-0.04,-0.00,0.00,-0.47,4.99,0.03,10.60,0.00,0,2,1001.32,40.76,108.91,1001.32,40.27,108.73,0.62,1000.66,37.88,113.91,0.28,0.71,71.81,308.32,7901,0.67,1.39,9.56,1.00,0.07,-0.03,0.01,3.41,-7.96,0.66,6,6,29,0,35.2901767,136.2528983,82.60, 0.08
2969220,0.05,-0.75,9.53,1.00,-0.04,-0.00,0.00,-0.47,4.99,0.03,10.57,0.00,0,2,1001.32,40.76,108.94,1001.32,40.26,108.74,0.62,1000.67,37.90,113.86,0.25,0.66,72.42,308.32,7902,0.57,1.27,9.53,1.00,0.07,-0.03,0.01,3.41,-7.96,0.66,6,6,29,0,35.2901767,136.2528983,82.60, 0.08
2969272,0.11,-0.79,9.51,1.00,-0.04,-0.00,0.00,-0.47,4.99,0.03,10.57,0.00,0,2,1001.32,40.74,108.94,1001.32,40.27,108.74,0.62,1000.67,37.89,113.87,0.43,0.87,72.77,308.32,7902,0.53,1.29,9.54,1.00,0.07,-0.03,0.01,3.41,-7.96,0.66,6,6,29,0,35.2901767,136.2528983,82.60, 0.08
2969325,0.13,-0.80,9.52,1.00,-0.04,-0.00,0.00,-0.47,4.99,0.03,10.60,0.00,0,2,1001.31,40.76,108.98,1001.32,40.26,108.73,0.62,1000.67,37.89,113.88,0.33,0.77,71.81,308.32,7903,0.57,1.32,9.57,1.00,0.07,-0.03,0.01,3.41,-7.96,0.66,6,6,29,0,35.2901767,136.2528983,82.60, 0.08
2969381,0.10,-0.80,9.52,1.00,-0.04,-0.00,0.00,-0.47,4.99,0.03,10.60,0.00,0,2,1001.32,40.76,108.93,1001.32,40.28,108.76,0.62,1000.66,37.87,113.92,1.22,1.47,71.37,308.32,7903,0.56,1.30,9.56,1.00,0.07,-0.03,0.01,3.41,-7.96,0.66,6,6,29,0,35.2901767,136.2528983,82.60, 0.08
2969433,0.07,-0.86,9.52,1.00,-0.04,-0.00,0.00,-0.47,4.99,0.03,10.58,0.00,0,2,1001.32,40.75,108.92,1001.33,40.27,108.71,0.62,1000.66,37.88,113.91,0.45,0.89,71.37,308.32,7903,0.57,1.46,9.60,1.00,0.07,-0.03,0.01,3.41,-7.96,0.66,6,6,29,0,35.2901767,136.2528983,82.60, 0.08
2969490,0.09,-0.81,9.50,1.00,-0.04,-0.00,0.00,-0.47,4.99,0.03,10.57,0.00,0,2,1001.32,40.75,108.92,1001.33,40.27,108.73,0.62,1000.66,37.89,113.91,1.03,1.35,71.46,308.32,7902,0.61,1.29,9.54,1.00,0.07,-0.03,0.01,3.41,-7.96,0.66,6,6,29,0,35.2901767,136.2528983,82.60, 0.08
2969541,0.07,-0.80,9.51,1.00,-0.04,-0.00,0.00,-0.47,4.99,0.03,10.56,0.00,0,2,1001.32,40.75,108.88,1001.32,40.28,108.72,0.62,1000.67,37.90,113.90,1.20,1.46,71.72,308.32,7903,0.55,1.26,9.52,1.00,0.07,-0.03,0.01,3.41,-7.96,0.66,6,6,29,0,35.2901767,136.2528983,82.60, 0.08
2969595,0.14,-0.80,9.55,1.00,-0.04,-0.00,0.00,-0.47,4.99,0.03,10.57,0.00,0,2,1001.32,40.75,108.91,1001.33,40.29,108.72,0.62,1000.67,37.89,113.84,0.90,1.26,72.51,308.32,7902,0.52,1.27,9.56,1.00,0.07,-0.03,0.01,3.41,-7.96,0.66,6,6,29,0,35.2901767,136.2528983,82.60, 0.08
2969650,0.11,-0.84,9.56,1.00,-0.04,-0.00,0.00,-0.47,4.99,0.03,10.57,0.00,0,2,1001.32,40.74,108.92,1001.33,40.27,108.71,0.62,1000.67,37.89,113.82,0.98,1.32,73.12,308.32,7902,0.54,1.30,9.56,1.00,0.07,-0.03,0.01,3.41,-7.96,0.66,6,6,29,0,35.2901767,136.2528983,82.60, 0.08
2969702,0.08,-0.82,9.50,1.00,-0.04,-0.00,0.00,-0.47,4.99,0.03,10.58,0.00,0,2,1001.32,40.75,108.93,1001.32,40.27,108.73,0.62,1000.68,37.89,113.76,0.47,0.91,73.48,308.32,7902,0.58,1.28,9.59,1.00,0.07,-0.03,0.01,3.41,-7.96,0.66,6,6,29,0,35.2901767,136.2528983,82.60, 0.08
2969760,0.07,-0.82,9.51,1.00,-0.04,-0.00,0.00,-0.47,4.99,0.03,10.58,0.00,0,2,1001.32,40.76,108.91,1001.33,40.27,108.71,0.62,1000.67,37.88,113.82,1.33,1.53,74.00,308.32,7902,0.56,1.31,9.55,1.00,0.07,-0.03,0.01,3.41,-7.96,0.66,6,6,29,0,35.2901767,136.2528983,82.60, 0.10
2969813,0.07,-0.83,9.53,1.00,-0.04,-0.00,0.00,-0.47,4.99,0.03,10.58,0.00,0,2,1001.32,40.76,108.91,1001.32,40.27,108.73,0.62,1000.68,37.90,113.80,1.35,1.54,74.18,308.32,7902,0.57,1.42,9.59,1.00,0.07,-0.03,0.01,3.41,-7.96,0.66,6,6,29,0,35.2901767,136.2528983,82.60, 0.10
2969868,0.07,-0.81,9.52,1.00,-0.04,-0.00,0.00,-0.47,4.99,0.03,10.58,0.00,0,2,1001.32,40.76,108.93,1001.32,40.28,108.73,0.62,1000.66,37.88,113.91,1.15,1.42,73.30,308.32,7903,0.60,1.29,9.54,1.00,0.07,-0.03,0.01,3.41,-7.96,0.66,6,6,29,0,35.2901767,136.2528983,82.60, 0.10
2969920,0.07,-0.78,9.54,1.00,-0.04,-0.00,0.00,-0.47,4.99,0.03,10.58,0.00,0,2,1001.32,40.76,108.91,1001.33,40.27,108.74,0.62,1000.66,37.89,113.96,0.47,0.91,72.69,308.32,7903,0.60,1.31,9.57,1.00,0.07,-0.03,0.01,3.41,-7.96,0.66,6,6,29,0,35.2901767,136.2528983,82.60, 0.10
2969978,0.11,-0.79,9.51,1.00,-0.04,-0.00,0.00,-0.47,4.99,0.03,10.60,0.00,0,2,1001.32,40.75,108.95,1001.32,40.27,108.73,0.62,1000.66,37.87,113.92,1.43,1.59,73.12,308.32,32895,0.54,1.30,9.54,1.00,0.07,-0.03,0.01,3.41,-7.96,0.66,6,6,29,0,35.2901767,136.2528983,82.60, 0.10
2970032,0.08,-0.85,9.51,1.00,-0.04,-0.00,0.00,-0.47,4.99,0.03,10.60,0.00,0,2,1001.32,40.74,108.91,1001.32,40.27,108.73,0.62,1000.66,37.89,113.94,1.17,1.43,73.21,308.32,7902,0.58,1.34,9.54,1.00,0.07,-0.03,0.01,3.41,-7.96,0.66,6,6,29,0,35.2901767,136.2528983,82.60, 0.10
2970087,0.06,-0.85,9.51,1.00,-0.04,-0.00,0.00,-0.47,4.99,0.03,10.60,0.00,0,2,1001.32,40.75,108.95,1001.33,40.29,108.69,0.62,1000.66,37.89,113.91,0.77,1.16,73.39,308.32,7903,0.56,1.36,9.54,1.00,0.07,-0.03,0.01,3.41,-7.96,0.66,6,6,29,0,35.2901767,136.2528983,82.60, 0.10
2970139,0.06,-0.79,9.53,1.00,-0.04,-0.00,0.00,-0.47,4.99,0.03,10.60,0.00,0,2,1001.32,40.75,108.93,1001.33,40.27,108.71,0.62,1000.67,37.89,113.85,0.70,1.11,73.39,308.32,7902,0.56,1.27,9.56,1.00,0.07,-0.03,0.01,3.41,-7.96,0.66,6,6,29,0,35.2901767,136.2528983,82.60, 0.10
2970193,0.11,-0.80,9.54,1.00,-0.04,-0.00,0.00,-0.47,4.99,0.03,10.58,0.00,0,2,1001.32,40.76,108.91,1001.32,40.28,108.74,0.62,1000.67,37.90,113.85,1.32,1.52,73.92,308.32,7903,0.58,1.27,9.54,1.00,0.07,-0.03,0.01,3.41,-7.96,0.66,6,6,29,0,35.2901767,136.2528983,82.60, 0.10
2970250,0.11,-0.85,9.54,1.00,-0.04,-0.00,0.00,-0.47,4.99,0.03,10.59,0.00,0,2,1001.32,40.77,108.90,1001.33,40.28,108.71,0.62,1000.67,37.91,113.84,1.68,1.72,74.18,308.32,7902,0.57,1.45,9.56,1.00,0.07,-0.03,0.01,3.41,-7.96,0.66,6,6,29,0,35.2901767,136.2528983,82.60, 0.10
2970301,0.11,-0.82,9.52,1.00,-0.04,-0.00,0.00,-0.47,4.99,0.03,10.58,0.00,0,2,1001.32,40.77,108.89,1001.32,40.30,108.73,0.62,1000.67,37.88,113.86,2.42,2.06,74.18,308.32,7903,0.56,1.27,9.52,1.00,0.07,-0.03,0.01,3.41,-7.96,0.66,6,6,29,0,35.2901767,136.2528983,82.60, 0.10
2970358,0.08,-0.82,9.54,1.00,-0.04,-0.00,0.00,-0.47,4.99,0.03,10.59,0.00,0,2,1001.32,40.76,108.92,1001.33,40.28,108.70,0.62,1000.67,37.88,113.89,1.20,1.46,74.09,308.32,7902,0.58,1.33,9.55,1.00,0.07,-0.03,0.01,3.41,-7.96,0.66,6,6,29,0,35.2901767,136.2528983,82.60, 0.10
2970415,0.07,-0.83,9.54,1.00,-0.04,-0.00,0.00,-0.47,4.99,0.03,10.59,0.00,0,2,1001.32,40.77,108.93,1001.32,40.28,108.73,0.62,1000.67,37.89,113.86,1.00,1.33,74.36,308.32,7903,0.57,1.33,9.57,1.00,0.07,-0.03,0.01,3.41,-7.96,0.66,6,6,29,0,35.2901767,136.2528983,82.60, 0.10
2970470,0.06,-0.79,9.53,1.00,-0.04,-0.00,0.00,-0.47,4.99,0.03,10.60,0.00,0,2,1001.32,40.76,108.93,1001.33,40.27,108.71,0.62,1000.67,37.89,113.89,1.22,1.47,75.06,308.32,7903,0.60,1.39,9.57,1.00,0.07,-0.03,0.01,3.41,-7.96,0.66,6,6,29,0,35.2901767,136.2528983,82.60, 0.10
2970527,0.08,-0.80,9.51,1.00,-0.04,-0.00,0.00,-0.47,4.99,0.03,10.59,0.00,0,2,1001.32,40.76,108.91,1001.32,40.27,108.76,0.62,1000.67,37.89,113.87,1.60,1.68,78.31,308.32,7903,0.55,1.32,9.57,1.00,0.07,-0.03,0.01,3.41,-7.96,0.66,6,6,29,0,35.2901767,136.2528983,82.60, 0.10
2970578,0.10,-0.84,9.52,1.00,-0.04,-0.00,0.00,-0.47,4.99,0.03,10.60,0.00,0,2,1001.32,40.77,108.96,1001.32,40.28,108.74,0.62,1000.67,37.90,113.85,1.78,1.77,82.88,308.32,7903,0.53,1.42,9.60,1.00,0.07,-0.03,0.01,3.41,-7.96,0.66,6,6,29,0,35.2901767,136.2528983,82.60, 0.10
2970637,0.10,-0.80,9.53,1.00,-0.04,-0.00,0.00,-0.47,4.99,0.03,10.60,0.00,0,2,1001.32,40.78,108.91,1001.33,40.28,108.67,0.62,1000.67,37.89,113.82,1.10,1.39,86.48,308.32,7903,0.55,1.29,9.57,1.00,0.07,-0.03,0.01,3.41,-7.96,0.66,6,6,29,0,35.2901767,136.2528983,82.60, 0.10
2970690,0.09,-0.82,9.52,1.00,-0.04,-0.00,0.00,-0.47,4.99,0.03,10.59,0.00,0,2,1001.32,40.77,108.90,1001.32,40.28,108.73,0.62,1000.67,37.89,113.83,1.48,1.62,88.07,308.32,7902,0.56,1.27,9.53,1.00,0.07,-0.03,0.01,3.41,-7.96,0.66,6,6,29,0,35.2901767,136.2528983,82.60, 0.10
2970746,0.05,-0.90,9.55,1.00,-0.04,-0.00,0.00,-0.47,4.99,0.03,10.58,0.00,0,2,1001.32,40.76,108.89,1001.32,40.28,108.78,0.62,1000.67,37.88,113.86,1.28,1.50,90.79,308.32,7903,0.56,1.39,9.60,1.00,0.07,-0.03,0.01,3.41,-7.96,0.66,6,6,29,0,35.2901767,136.2528983,82.60, 0.10
2970801,0.06,-0.79,9.45,1.00,-0.04,-0.00,0.00,-0.47,4.99,0.03,10.60,0.00,0,2,1001.32,40.77,108.93,1001.32,40.27,108.73,0.62,1000.67,37.90,113.83,1.83,1.80,91.58,308.32,7902,0.55,1.24,9.49,1.00,0.07,-0.03,0.01,3.41,-7.96,0.66,6,6,30,0,35.2901800,136.2528983,82.60, 0.11
2970856,0.08,-0.84,9.49,1.00,-0.04,-0.00,0.00,-0.47,4.99,0.03,10.61,0.00,0,2,1001.32,40.78,108.95,1001.32,40.27,108.73,0.62,1000.67,37.90,113.86,2.10,1.92,91.67,308.32,7902,0.52,1.30,9.54,1.00,0.07,-0.03,0.01,3.41,-7.96,0.66,6,6,30,0,35.2901800,136.2528983,82.60, 0.11
2970915,0.06,-0.85,9.50,1.00,-0.04,-0.00,0.00,-0.47,4.99,0.03,10.61,0.00,0,2,1001.32,40.77,108.96,1001.32,40.27,108.73,0.62,1000.67,37.89,113.88,1.27,1.49,92.46,308.32,7902,0.47,1.28,9.51,1.00,0.07,-0.03,0.01,3.41,-7.96,0.66,6,6,31,0,35.2901800,136.2529000,82.60, 0.11
2970966,0.06,-0.84,9.48,1.00,-0.04,-0.00,0.00,-0.47,4.99,0.03,10.62,0.00,0,2,1001.32,40.77,108.96,1001.32,40.29,108.74,0.62,1000.67,37.89,113.85,1.05,1.36,93.60,308.32,7903,0.47,1.48,9.59,1.00,0.07,-0.03,0.01,3.41,-7.96,0.66,6,6,31,0,35.2901800,136.2529000,82.60, 0.11
2971024,0.11,-0.81,9.49,1.00,-0.04,-0.00,0.00,-0.47,4.99,0.03,10.61,0.00,0,2,1001.32,40.76,108.93,1001.32,40.29,108.74,0.62,1000.67,37.89,113.89,1.63,1.70,96.42,308.32,7903,0.43,1.38,9.57,1.00,0.07,-0.03,0.01,3.41,-7.96,0.66,6,6,31,0,35.2901800,136.2529000,82.60, 0.11
2971077,0.12,-0.83,9.54,1.00,-0.04,-0.00,0.00,-0.47,4.99,0.03,10.61,0.00,0,2,1001.32,40.77,108.94,1001.32,40.27,108.73,0.62,1000.67,37.91,113.89,1.65,1.71,99.67,308.32,7902,0.45,1.45,9.59,1.00,0.07,-0.03,0.01,3.41,-7.96,0.66,6,6,31,0,35.2901800,136.2529000,82.60, 0.11
2971133,0.08,-0.83,9.53,1.00,-0.04,-0.00,0.00,-0.47,4.99,0.03,10.61,0.00,0,2,1001.32,40.79,108.95,1001.32,40.28,108.74,0.62,1000.66,37.90,113.93,1.37,1.55,99.67,308.32,7902,0.70,1.47,9.55,1.00,0.07,-0.03,0.01,3.41,-7.96,0.66,6,6,31,0,35.2901800,136.2529000,82.60, 0.11
2971185,0.06,-0.81,9.53,1.00,-0.04,-0.00,0.00,-0.47,4.99,0.03,10.61,0.00,0,2,1001.32,40.78,108.93,1001.32,40.27,108.73,0.62,1000.66,37.89,113.96,1.27,1.49,96.50,308.32,7902,0.63,1.33,9.54,1.00,0.07,-0.03,0.01,3.41,-7.96,0.66,6,6,31,0,35.2901800,136.2529000,82.60, 0.11
2971238,0.05,-0.82,9.52,1.00,-0.04,-0.00,0.00,-0.47,4.99,0.03,10.62,0.00,0,2,1001.32,40.78,108.96,1001.32,40.27,108.74,0.62,1000.66,37.90,113.92,1.62,1.69,92.55,308.32,7902,0.47,1.29,9.55,1.00,0.07,-0.03,0.01,3.41,-7.96,0.66,6,6,31,0,35.2901800,136.2529000,82.60, 0.11
2971297,0.10,-0.81,9.51,1.00,-0.04,-0.00,0.00,-0.47,4.99,0.03,10.61,0.00,0,2,1001.32,40.80,108.90,1001.32,40.29,108.75,0.62,1000.66,37.89,113.90,2.32,2.02,90.70,308.32,7903,0.56,1.22,9.52,1.00,0.07,-0.03,0.01,3.41,-7.96,0.66,6,6,31,0,35.2901800,136.2529000,82.60, 0.11
2971354,0.08,-0.81,9.53,1.00,-0.04,-0.00,0.00,-0.47,4.99,0.03,10.62,0.00,0,2,1001.32,40.78,108.93,1001.32,40.27,108.76,0.62,1000.67,37.90,113.89,1.85,1.81,90.09,308.32,7902,0.56,1.27,9.57,1.00,0.07,-0.03,0.01,3.41,-7.96,0.66,6,6,31,0,35.2901800,136.2529000,82.60, 0.11
2971406,0.09,-0.79,9.52,1.00,-0.04,-0.00,0.00,-0.47,4.99,0.03,10.61,0.00,0,2,1001.32,40.78,108.93,1001.32,40.27,108.73,0.62,1000.66,37.89,113.92,1.55,1.65,91.58,308.32,7902,0.49,1.31,9.58,1.00,0.07,-0.03,0.01,3.41,-7.96,0.66,6,6,31,0,35.2901800,136.2529000,82.60, 0.11
2971464,0.09,-0.82,9.51,1.00,-0.04,-0.00,0.00,-0.47,4.99,0.03,10.61,0.00,0,2,1001.32,40.78,108.94,1001.32,40.27,108.78,0.62,1000.67,37.89,113.87,1.05,1.36,93.87,308.32,7902,0.52,1.31,9.54,1.00,0.07,-0.03,0.01,3.41,-7.96,0.66,6,6,31,0,35.2901800,136.2529000,82.60, 0.11
2971514,0.06,-0.85,9.50,1.00,-0.04,-0.00,0.00,-0.47,4.99,0.03,10.62,0.00,0,2,1001.32,40.78,108.93,1001.32,40.28,108.76,0.62,1000.67,37.90,113.88,2.13,1.94,95.98,308.32,7903,0.62,1.39,9.58,1.00,0.07,-0.03,0.01,3.41,-7.96,0.66,6,6,31,0,35.2901800,136.2529000,82.60, 0.11
2971572,0.08,-0.82,9.51,1.00,-0.04,-0.00,0.00,-0.47,4.99,0.03,10.62,0.00,0,2,1001.32,40.79,108.94,1001.32,40.29,108.75,0.62,1000.67,37.90,113.86,1.97,1.86,95.89,308.32,7902,0.62,1.37,9.59,1.00,0.07,-0.03,0.01,3.41,-7.96,0.66,6,6,31,0,35.2901800,136.2529000,82.60, 0.11
2971624,0.08,-0.86,9.52,1.00,-0.04,-0.00,0.00,-0.47,4.99,0.03,10.62,0.00,0,2,1001.32,40.78,108.94,1001.32,40.28,108.73,0.62,1000.66,37.88,113.91,1.77,1.77,94.39,308.32,7903,0.59,1.39,9.58,1.00,0.07,-0.03,0.01,3.41,-7.96,0.66,6,6,31,0,35.2901800,136.2529000,82.60, 0.11
2971682,0.11,-0.80,9.55,1.00,-0.04,-0.00,0.00,-0.47,4.99,0.03,10.61,0.00,0,2,1001.32,40.80,108.95,1001.32,40.29,108.74,0.62,1000.66,37.88,113.99,2.60,2.14,93.60,308.32,7903,0.57,1.39,9.59,1.00,0.07,-0.03,0.01,3.41,-7.96,0.66,6,6,31,0,35.2901800,136.2529000,82.60, 0.11
2971735,0.10,-0.82,9.50,1.00,-0.04,-0.00,0.00,-0.47,4.99,0.03,10.61,0.00,0,2,1001.32,40.79,108.92,1001.32,40.29,108.75,0.62,1000.66,37.88,113.91,2.22,1.98,93.43,308.32,7903,0.56,1.30,9.57,1.00,0.07,-0.03,0.01,3.41,-7.96,0.66,6,6,31,0,35.2901800,136.2529000,82.60, 0.11
2971789,0.07,-0.77,9.57,1.00,-0.04,-0.00,0.00,-0.47,4.99,0.03,10.61,0.00,0,2,1001.32,40.80,108.94,1001.32,40.28,108.75,0.62,1000.66,37.89,113.92,1.85,1.81,93.43,308.32,7902,0.56,1.42,9.60,1.00,0.07,-0.03,0.01,3.41,-7.96,0.66,6,6,31,0,35.2901800,136.2529000,82.60, 0.10
2971845,0.08,-0.79,9.54,1.00,-0.04,-0.00,0.00,-0.47,4.99,0.03,10.60,0.00,0,2,1001.32,40.80,108.95,1001.32,40.29,108.73,0.62,1000.66,37.89,113.91,2.25,1.99,93.34,308.32,7903,0.56,1.28,9.57,1.00,0.07,-0.03,0.01,3.41,-7.96,0.66,6,6,31,0,35.2901800,136.2529000,82.60, 0.10
2971901,0.06,-0.83,9.53,1.00,-0.04,-0.00,0.00,-0.47,4.99,0.03,10.60,0.00,0,2,1001.32,40.80,108.90,1001.32,40.29,108.74,0.62,1000.67,37.88,113.89,2.28,2.01,93.25,308.32,7902,0.57,1.41,9.61,1.00,0.07,-0.03,0.01,3.41,-7.96,0.66,6,6,32,0,35.2901817,136.2529017,82.60, 0.10
2971954,0.10,-0.78,9.51,1.00,-0.04,-0.00,0.00,-0.47,4.99,0.03,10.60,0.00,0,2,1001.32,40.79,108.93,1001.33,40.30,108.69,0.62,1000.66,37.88,113.94,2.03,1.89,93.25,308.32,7903,0.65,1.38,9.58,1.00,0.07,-0.03,0.01,3.41,-7.96,0.66,6,6,32,0,35.2901817,136.2529017,82.60, 0.10
2972012,0.11,-0.86,9.54,1.00,-0.04,-0.00,0.00,-0.47,4.99,0.03,10.59,0.00,0,2,1001.32,40.79,108.94,1001.32,40.29,108.75,0.62,1000.67,37.90,113.87,2.17,1.96,93.43,308.32,7903,0.51,1.35,9.59,1.00,0.07,-0.03,0.01,3.41,-7.96,0.66,6,6,32,0,35.2901817,136.2529017,82.60, 0.10
2972065,0.16,-0.88,9.51,1.00,-0.04,-0.00,0.00,-0.47,4.99,0.03,10.60,0.00,0,2,1001.32,40.80,108.97,1001.32,40.30,108.74,0.62,1000.67,37.89,113.89,2.30,2.01,93.25,308.32,7903,0.49,1.33,9.54,1.00,0.07,-0.03,0.01,3.41,-7.96,0.66,6,6,32,0,35.2901817,136.2529017,82.60, 0.10
2972122,0.15,-0.84,9.50,1.00,-0.04,-0.00,0.00,-0.47,4.99,0.03,10.60,0.00,0,2,1001.32,40.81,108.92,1001.32,40.30,108.75,0.62,1000.67,37.89,113.87,2.17,1.96,92.99,308.32,7902,0.55,1.26,9.53,1.00,0.07,-0.03,0.01,3.41,-7.96,0.66,6,6,32,0,35.2901817,136.2529017,82.60, 0.10
2972173,0.11,-0.82,9.50,1.00,-0.04,-0.00,0.00,-0.47,4.99,0.03,10.59,0.00,0,2,1001.32,40.80,108.93,1001.32,40.29,108.75,0.62,1000.67,37.89,113.85,1.73,1.75,92.90,308.32,7902,0.59,1.23,9.55,1.00,0.07,-0.03,0.01,3.41,-7.96,0.66,6,6,32,0,35.2901817,136.2529017,82.60, 0.10
2972230,0.05,-0.83,9.53,1.00,-0.04,-0.00,0.00,-0.47,4.99,0.03,10.59,0.00,0,2,1001.32,40.81,108.93,1001.32,40.29,108.70,0.62,1000.66,37.89,113.91,2.85,2.24,93.60,308.32,7902,0.67,1.32,9.56,1.00,0.07,-0.03,0.01,3.41,-7.96,0.66,6,6,32,0,35.2901817,136.2529017,82.60, 0.10
2972284,0.04,-0.81,9.51,1.00,-0.04,-0.00,0.00,-0.47,4.99,0.03,10.59,0.00,0,2,1001.32,40.80,108.94,1001.32,40.30,108.73,0.62,1000.66,37.89,113.92,2.38,2.05,93.87,308.32,7903,0.62,1.39,9.55,1.00,0.07,-0.03,0.01,3.41,-7.96,0.66,6,6,32,0,35.2901817,136.2529017,82.60, 0.10
2972337,0.10,-0.78,9.56,1.00,-0.04,-0.00,0.00,-0.47,4.99,0.03,10.60,0.00,0,2,1001.32,40.81,108.96,1001.32,40.30,108.74,0.62,1000.67,37.89,113.87,2.32,2.02,93.43,308.32,7902,0.55,1.31,9.58,1.00,0.07,-0.03,0.01,3.41,-7.96,0.66,6,6,32,0,35.2901817,136.2529017,82.60, 0.10
2972393,0.13,-0.78,9.51,1.00,-0.04,-0.00,0.00,-0.47,4.99,0.03,10.60,0.00,0,2,1001.32,40.81,108.92,1001.32,40.30,108.75,0.62,1000.67,37.89,113.89,3.30,2.41,92.81,308.32,7902,0.56,1.33,9.56,1.00,0.07,-0.03,0.01,3.41,-7.96,0.66,6,6,32,0,35.2901817,136.2529017,82.60, 0.10
2972450,0.08,-0.78,9.51,1.00,-0.04,-0.00,0.00,-0.47,4.99,0.03,10.60,0.00,0,2,1001.32,40.81,108.98,1001.32,40.30,108.73,0.62,1000.67,37.89,113.87,2.65,2.16,92.37,308.32,7902,0.64,1.38,9.57,1.00,0.07,-0.03,0.01,3.41,-7.96,0.66,6,6,32,0,35.2901817,136.2529017,82.60, 0.10
2972502,0.03,-0.83,9.52,1.00,-0.04,-0.00,0.00,-0.47,4.99,0.03,10.59,0.00,0,2,1001.32,40.81,108.94,1001.32,40.30,108.75,0.62,1000.67,37.89,113.85,1.83,1.80,91.85,308.32,7903,0.68,1.32,9.52,1.00,0.07,-0.03,0.01,3.41,-7.96,0.66,6,6,32,0,35.2901817,136.2529017,82.60, 0.10
2972561,0.05,-0.87,9.54,1.00,-0.04,-0.00,0.00,-0.47,4.99,0.03,10.59,0.00,0,2,1001.32,40.81,108.94,1001.32,40.30,108.73,0.62,1000.67,37.89,113.84,1.90,1.83,91.93,308.32,7903,0.64,1.36,9.55,1.00,0.07,-0.03,0.01,3.41,-7.96,0.66,6,6,32,0,35.2901817,136.2529017,82.60, 0.10
2972613,0.12,-0.83,9.47,1.00,-0.04,-0.00,0.00,-0.47,4.99,0.03,10.60,0.00,0,2,1001.32,40.81,108.95,1001.32,40.29,108.75,0.62,1000.67,37.90,113.85,1.85,1.81,91.23,308.32,7903,0.58,1.38,9.56,1.00,0.07,-0.03,0.01,3.41,-7.96,0.66,6,6,32,0,35.2901817,136.2529017,82.60, 0.10
2972670,0.16,-0.82,9.53,1.00,-0.04,-0.00,0.00,-0.47,4.99,0.03,10.59,0.00,0,2,1001.32,40.83,108.91,1001.33,40.30,108.71,0.62,1000.67,37.90,113.85,2.02,1.89,90.88,308.32,7903,0.52,1.36,9.58,1.00,0.07,-0.03,0.01,3.41,-7.96,0.66,6,6,32,0,35.2901817,136.2529017,82.60, 0.10
2972722,0.13,-0.85,9.52,1.00,-0.04,-0.00,0.00,-0.47,4.99,0.03,10.59,0.00,0,2,1001.32,40.82,108.90,1001.33,40.31,108.74,0.62,1000.67,37.89,113.82,1.50,1.63,90.00,308.32,7902,0.58,1.41,9.58,1.00,0.07,-0.03,0.01,3.41,-7.96,0.66,6,6,32,0,35.2901817,136.2529017,82.60, 0.10
2972780,0.10,-0.80,9.47,1.00,-0.04,-0.00,0.00,-0.47,4.99,0.03,10.59,0.00,0,2,1001.32,40.81,108.91,1001.32,40.31,108.70,0.62,1000.67,37.88,113.83,1.37,1.55,90.53,308.32,7903,0.54,1.32,9.56,1.00,0.07,-0.03,0.01,3.41,-7.96,0.66,6,6,32,0,35.2901817,136.2529017,82.60, 0.09
2972833,0.06,-0.82,9.53,1.00,-0.04,-0.00,0.00,-0.47,4.99,0.03,10.57,0.00,0,2,1001.33,40.83,108.88,1001.33,40.32,108.71,0.62,1000.67,37.89,113.84,1.83,1.80,91.41,308.32,7903,0.62,1.31,9.57,1.00,0.07,-0.03,0.01,3.41,-7.96,0.66,6,6,32,0,35.2901817,136.2529017,82.60, 0.09
2972884,0.05,-0.81,9.54,1.00,-0.04,-0.00,0.00,-0.47,4.99,0.03,10.56,0.00,0,2,1001.32,40.83,108.91,1001.33,40.29,108.72,0.62,1000.68,37.89,113.80,1.88,1.82,93.25,308.32,7902,0.61,1.31,9.57,1.00,0.07,-0.03,0.01,3.41,-7.96,0.66,6,6,33,0,35.2901817,136.2529017,82.60, 0.09
2972940,0.08,-0.81,9.50,1.00,-0.04,-0.00,0.00,-0.47,4.99,0.03,10.58,0.00,0,2,1001.32,40.81,108.93,1001.32,40.29,108.77,0.62,1000.68,37.89,113.78,2.17,1.96,93.52,308.32,7902,0.59,1.29,9.56,1.00,0.07,-0.03,0.01,3.41,-7.96,0.66,6,6,33,0,35.2901817,136.2529017,82.60, 0.09
2972998,0.08,-0.83,9.53,1.00,-0.04,-0.00,0.00,-0.47,4.99,0.03,10.59,0.00,0,2,1001.32,40.82,108.92,1001.32,40.30,108.74,0.62,1000.68,37.89,113.80,2.05,1.90,93.60,308.32,7903,0.54,1.25,9.54,1.00,0.07,-0.03,0.01,3.41,-7.96,0.66,6,6,33,0,35.2901817,136.2529017,82.60, 0.09
2973052,0.13,-0.82,9.56,1.00,-0.04,-0.00,0.00,-0.47,4.99,0.03,10.60,0.00,0,2,1001.32,40.83,108.93,1001.33,40.31,108.72,0.62,1000.67,37.88,113.84,2.05,1.90,93.25,308.32,7903,0.54,1.23,9.54,1.00,0.07,-0.03,0.01,3.41,-7.96,0.66,6,6,33,0,35.2901817,136.2529017,82.60, 0.09
2973102,0.12,-0.77,9.51,1.00,-0.04,-0.00,0.00,-0.47,4.99,0.03,10.60,0.00,0,2,1001.32,40.84,108.94,1001.32,40.30,108.76,0.62,1000.66,37.87,113.90,2.08,1.92,92.55,308.32,7902,0.52,1.32,9.58,1.00,0.07,-0.03,0.01,3.41,-7.96,0.66,6,6,33,0,35.2901817,136.2529017,82.60, 0.09
2973159,0.11,-0.79,9.50,1.00,-0.04,-0.00,0.00,-0.47,4.99,0.03,10.61,0.00,0,2,1001.32,40.83,108.93,1001.32,40.30,108.73,0.62,1000.66,37.89,113.92,2.63,2.16,93.16,308.32,7902,0.56,1.35,9.57,1.00,0.07,-0.03,0.01,3.41,-7.96,0.66,6,6,33,0,35.2901817,136.2529017,82.60, 0.09
2973216,0.06,-0.80,9.51,1.00,-0.04,-0.00,0.00,-0.47,4.99,0.03,10.62,0.00,0,2,1001.32,40.83,108.98,1001.32,40.30,108.74,0.62,1000.66,37.90,113.95,2.38,2.05,93.16,308.32,7903,0.60,1.36,9.57,1.00,0.07,-0.03,0.01,3.41,-7.96,0.66,6,6,33,0,35.2901817,136.2529017,82.60, 0.09
2973271,0.08,-0.81,9.50,1.00,-0.04,-0.00,0.00,-0.47,4.99,0.03,10.62,0.00,0,2,1001.32,40.84,108.96,1001.32,40.30,108.72,0.62,1000.66,37.88,113.97,1.70,1.73,93.25,308.32,7903,0.56,1.47,9.60,1.00,0.07,-0.03,0.01,3.41,-7.96,0.66,6,6,33,0,35.2901817,136.2529017,82.60, 0.09
2973328,0.11,-0.83,9.54,1.00,-0.04,-0.00,0.00,-0.47,4.99,0.03,10.62,0.00,0,2,1001.32,40.81,108.95,1001.33,40.31,108.70,0.62,1000.66,37.88,113.93,1.80,1.78,93.96,308.32,7903,0.55,1.24,9.53,1.00,0.07,-0.03,0.01,3.41,-7.96,0.66,6,6,33,0,35.2901817,136.2529017,82.60, 0.09
2973379,0.10,-0.86,9.52,1.00,-0.04,-0.00,0.00,-0.47,4.99,0.03,10.61,0.00,0,2,1001.32,40.82,108.94,1001.33,40.31,108.72,0.62,1000.67,37.89,113.89,2.02,1.89,94.31,308.32,7902,0.58,1.25,9.53,1.00,0.07,-0.03,0.01,3.41,-7.96,0.66,6,6,33,0,35.2901817,136.2529017,82.60, 0.09
2973434,0.07,-0.80,9.54,1.00,-0.04,-0.00,0.00,-0.47,4.99,0.03,10.60,0.00,0,2,1001.32,40.82,108.93,1001.33,40.31,108.72,0.62,1000.67,37.88,113.88,1.68,1.72,93.87,308.32,7902,0.56,1.24,9.53,1.00,0.07,-0.03,0.01,3.41,-7.96,0.66,6,6,33,0,35.2901817,136.2529017,82.60, 0.09
2973489,0.08,-0.81,9.52,1.00,-0.04,-0.00,0.00,-0.47,4.99,0.03,10.60,0.00,0,2,1001.32,40.82,108.93,1001.33,40.32,108.72,0.62,1000.67,37.89,113.89,2.12,1.93,93.16,308.32,7903,0.59,1.28,9.55,1.00,0.07,-0.03,0.01,3.41,-7.96,0.66,6,6,33,0,35.2901817,136.2529017,82.60, 0.09
2973546,0.08,-0.83,9.56,1.00,-0.04,-0.00,0.00,-0.47,4.99,0.03,10.60,0.00,0,2,1001.32,40.82,108.95,1001.33,40.31,108.71,0.62,1000.66,37.88,113.90,1.82,1.79,93.60,308.32,7902,0.50,1.25,9.57,1.00,0.07,-0.03,0.01,3.41,-7.96,0.66,6,6,33,0,35.2901817,136.2529017,82.60, 0.09
2973599,0.09,-0.80,9.54,1.00,-0.04,-0.00,0.00,-0.47,4.99,0.03,10.59,0.00,0,2,1001.32,40.82,108.92,1001.33,40.32,108.72,0.62,1000.67,37.87,113.88,1.77,1.77,92.90,308.32,7903,0.58,1.40,9.56,1.00,0.07,-0.03,0.01,3.41,-7.96,0.66,6,6,33,0,35.2901817,136.2529017,82.60, 0.09
2973655,0.10,-0.83,9.55,1.00,-0.04,-0.00,0.00,-0.47,4.99,0.03,10.60,0.00,0,2,1001.32,40.81,108.93,1001.32,40.32,108.74,0.62,1000.67,37.88,113.87,1.63,1.70,91.76,308.32,7902,0.52,1.31,9.57,1.00,0.07,-0.03,0.01,3.41,-7.96,0.66,6,6,33,0,35.2901817,136.2529017,82.60, 0.09
2973708,0.11,-0.85,9.49,1.00,-0.04,-0.00,0.00,-0.47,4.99,0.03,10.60,0.00,0,2,1001.32,40.81,108.96,1001.33,40.31,108.74,0.62,1000.67,37.88,113.88,1.58,1.67,91.05,308.32,7902,0.53,1.48,9.63,1.00,0.07,-0.03,0.01,3.41,-7.96,0.66,6,6,33,0,35.2901817,136.2529017,82.60, 0.07
2973766,0.10,-0.83,9.53,1.00,-0.04,-0.00,0.00,-0.47,4.99,0.03,10.61,0.00,0,2,1001.32,40.81,108.91,1001.32,40.31,108.74,0.62,1000.67,37.88,113.88,2.45,2.08,90.53,308.32,7902,0.58,1.26,9.51,1.00,0.07,-0.03,0.01,3.41,-7.96,0.66,6,6,33,0,35.2901817,136.2529017,82.60, 0.07
2973819,0.04,-0.82,9.48,1.00,-0.04,-0.00,0.00,-0.47,4.99,0.03,10.61,0.00,0,2,1001.32,40.81,108.94,1001.32,40.32,108.74,0.62,1000.67,37.89,113.85,1.77,1.77,91.05,308.32,7903,0.56,1.19,9.53,1.00,0.07,-0.03,0.01,3.41,-7.96,0.66,6,6,33,0,35.2901817,136.2529017,82.60, 0.07
2973877,0.07,-0.81,9.57,1.00,-0.04,-0.00,0.00,-0.47,4.99,0.03,10.61,0.00,0,2,1001.32,40.81,108.91,1001.32,40.31,108.73,0.62,1000.67,37.89,113.85,1.72,1.74,91.85,308.32,7902,0.56,1.28,9.59,1.00,0.07,-0.03,0.01,3.41,-7.96,0.66,6,6,33,0,35.2901817,136.2529017,82.60, 0.07
2973930,0.08,-0.80,9.53,1.00,-0.04,-0.00,0.00,-0.47,4.99,0.03,10.60,0.00,0,2,1001.32,40.82,108.97,1001.32,40.31,108.75,0.62,1000.67,37.88,113.84,1.13,1.41,92.20,308.32,7903,0.53,1.34,9.61,1.00,0.07,-0.03,0.01,3.41,-7.96,0.66,6,6,33,0,35.2901817,136.2529017,82.60, 0.07
2973983,0.11,-0.82,9.50,1.00,-0.04,-0.00,0.00,-0.47,4.99,0.03,10.60,0.00,0,2,1001.32,40.80,108.92,1001.32,40.32,108.72,0.62,1000.67,37.88,113.86,0.98,1.32,91.58,308.32,7903,0.56,1.40,9.60,1.00,0.07,-0.03,0.01,3.41,-7.96,0.66,6,6,34,0,35.2901817,136.2529033,82.60, 0.07
2974037,0.10,-0.82,9.54,1.00,-0.04,-0.00,0.00,-0.47,4.99,0.03,10.60,0.00,0,2,1001.32,40.82,108.94,1001.32,40.32,108.74,0.62,1000.66,37.87,113.90,1.67,1.71,91.67,308.32,7903,0.54,1.41,9.59,1.00,0.07,-0.03,0.01,3.41,-7.96,0.66,6,6,34,0,35.2901817,136.2529033,82.60, 0.07
2974095,0.12,-0.81,9.54,1.00,-0.04,-0.00,0.00,-0.47,4.99,0.03,10.61,0.00,0,2,1001.32,40.81,108.94,1001.33,40.33,108.73,0.62,1000.66,37.88,113.93,1.85,1.81,91.49,308.32,7902,0.54,1.24,9.53,1.00,0.07,-0.03,0.01,3.41,-7.96,0.66,6,6,34,0,35.2901817,136.2529033,82.60, 0.07
2974147,0.10,-0.85,9.52,1.00,-0.04,-0.00,0.00,-0.47,4.99,0.03,10.61,0.00,0,2,1001.32,40.82,108.95,1001.33,40.32,108.71,0.62,1000.66,37.89,113.94,1.82,1.79,90.70,308.32,7903,0.56,1.29,9.53,1.00,0.07,-0.03,0.01,3.41,-7.96,0.66,6,6,34,0,35.2901817,136.2529033,82.60, 0.07
2974204,0.09,-0.85,9.51,1.00,-0.04,-0.00,0.00,-0.47,4.99,0.03,10.61,0.00,0,2,1001.32,40.81,108.95,1001.32,40.32,108.73,0.62,1000.66,37.88,113.94,1.22,1.47,90.18,308.32,7903,0.58,1.37,9.59,1.00,0.07,-0.03,0.01,3.41,-7.96,0.66,6,6,34,0,35.2901817,136.2529033,82.60, 0.07
2974256,0.07,-0.79,9.48,1.00,-0.04,-0.00,0.00,-0.47,4.99,0.03,10.61,0.00,0,2,1001.32,40.82,108.92,1001.32,40.31,108.71,0.62,1000.66,37.89,113.95,0.80,1.19,90.18,308.32,7901,0.56,1.25,9.52,1.00,0.07,-0.03,0.01,3.41,-7.96,0.66,6,6,34,0,35.2901817,136.2529033,82.60, 0.07
2974315,0.08,-0.84,9.54,1.00,-0.04,-0.00,0.00,-0.47,4.99,0.03,10.60,0.00,0,2,1001.32,40.82,108.93,1001.33,40.32,108.74,0.62,1000.66,37.88,113.93,0.42,0.86,90.18,308.32,7902,0.56,1.34,9.57,1.00,0.07,-0.03,0.01,3.41,-7.96,0.66,6,6,34,0,35.2901817,136.2529033,82.60, 0.07
2974367,0.10,-0.83,9.53,1.00,-0.04,-0.00,0.00,-0.47,4.99,0.03,10.60,0.00,0,2,1001.32,40.82,108.94,1001.33,40.32,108.71,0.62,1000.67,37.87,113.88,0.47,0.91,90.09,308.32,7902,0.57,1.35,9.59,1.00,0.07,-0.03,0.01,3.41,-7.96,0.66,6,6,34,0,35.2901817,136.2529033,82.60, 0.07
2974425,0.12,-0.83,9.54,1.00,-0.04,-0.00,0.00,-0.47,4.99,0.03,10.60,0.00,0,2,1001.32,40.81,108.95,1001.33,40.32,108.71,0.62,1000.67,37.89,113.83,0.35,0.79,90.09,308.32,7902,0.57,1.36,9.56,1.00,0.07,-0.03,0.01,3.41,-7.96,0.66,6,6,34,0,35.2901817,136.2529033,82.60, 0.07
2974477,0.08,-0.83,9.53,1.00,-0.04,-0.00,0.00,-0.47,4.99,0.03,10.59,0.00,0,2,1001.32,40.81,108.92,1001.33,40.33,108.74,0.62,1000.66,37.88,113.90,1.15,1.42,90.09,308.32,7902,0.54,1.45,9.62,1.00,0.07,-0.03,0.01,3.41,-7.96,0.66,6,6,34,0,35.2901817,136.2529033,82.60, 0.07
2974531,0.08,-0.83,9.50,1.00,-0.04,-0.00,0.00,-0.47,4.99,0.03,10.60,0.00,0,2,1001.32,40.82,108.92,1001.32,40.31,108.71,0.62,1000.67,37.90,113.86,0.20,0.59,90.09,308.32,7902,0.55,1.38,9.57,1.00,0.07,-0.03,0.01,3.41,-7.96,0.66,6,6,34,0,35.2901817,136.2529033,82.60, 0.07
2974586,0.08,-0.82,9.54,1.00,-0.04,-0.00,0.00,-0.47,4.99,0.03,10.59,0.00,0,2,1001.32,40.81,108.92,1001.32,40.31,108.73,0.62,1000.67,37.89,113.85,1.68,1.72,90.09,308.32,7902,0.56,1.38,9.57,1.00,0.07,-0.03,0.01,3.41,-7.96,0.66,6,6,34,0,35.2901817,136.2529033,82.60, 0.07
2974642,0.10,-0.80,9.53,1.00,-0.04,-0.00,0.00,-0.47,4.99,0.03,10.59,0.00,0,2,1001.32,40.81,108.94,1001.32,40.32,108.73,0.62,1000.67,37.88,113.88,1.72,1.74,90.09,308.32,7902,0.56,1.30,9.56,1.00,0.07,-0.03,0.01,3.41,-7.96,0.66,6,6,34,0,35.2901817,136.2529033,82.60, 0.07
2974695,0.09,-0.79,9.54,1.00,-0.04,-0.00,0.00,-0.47,4.99,0.03,10.59,0.00,0,2,1001.32,40.82,108.94,1001.32,40.31,108.74,0.62,1000.67,37.88,113.86,1.50,1.63,90.09,308.32,7903,0.59,1.30,9.56,1.00,0.07,-0.03,0.01,3.41,-7.96,0.66,6,6,34,0,35.2901817,136.2529033,82.60, 0.07
2974752,0.08,-0.83,9.52,1.00,-0.04,-0.00,0.00,-0.47,4.99,0.03,10.59,0.00,0,2,1001.32,40.82,108.94,1001.32,40.32,108.72,0.62,1000.67,37.89,113.85,0.98,1.32,90.09,308.32,7902,0.58,1.29,9.52,1.00,0.07,-0.03,0.01,3.41,-7.96,0.66,6,6,34,0,35.2901817,136.2529033,82.60, 0.07
2974806,0.07,-0.86,9.53,1.00,-0.04,-0.00,0.00,-0.47,4.99,0.03,10.60,0.00,0,2,1001.32,40.80,108.95,1001.32,40.32,108.77,0.62,1000.67,37.89,113.87,0.30,0.73,90.09,308.32,7902,0.56,1.43,9.62,1.00,0.07,-0.03,0.01,3.41,-7.96,0.66,6,6,34,0,35.2901817,136.2529033,82.60, 0.19
2974864,0.09,-0.82,9.50,1.00,-0.04,-0.00,0.00,-0.47,4.99,0.03,10.59,0.00,0,2,1001.32,40.83,108.91,1001.33,40.31,108.72,0.62,1000.67,37.89,113.84,1.03,1.35,90.53,308.32,7902,0.58,1.39,9.56,1.00,0.07,-0.03,0.01,3.41,-7.96,0.66,6,6,34,0,35.2901817,136.2529033,82.60, 0.19
2974915,0.08,-0.82,9.54,1.00,-0.04,-0.00,0.00,-0.47,4.99,0.03,10.59,0.00,0,2,1001.32,40.81,108.91,1001.33,40.31,108.70,0.62,1000.67,37.88,113.84,1.32,1.52,90.53,308.32,7903,0.57,1.34,9.57,1.00,0.07,-0.03,0.01,3.41,-7.96,0.66,6,6,34,0,35.2901817,136.2529033,82.60, 0.19
2974973,0.11,-0.86,9.52,1.00,-0.04,-0.00,0.00,-0.47,4.99,0.03,10.59,0.00,0,2,1001.32,40.81,108.94,1001.33,40.31,108.70,0.62,1000.67,37.88,113.88,1.05,1.36,90.44,308.32,7902,0.59,1.35,9.53,1.00,0.07,-0.03,0.01,3.41,-7.96,0.66,6,6,35,0,35.2901800,136.2529067,82.60, 0.19
2975025,0.10,-0.81,9.55,1.00,-0.04,-0.00,0.00,-0.47,4.99,0.03,10.60,0.00,0,2,1001.32,40.82,108.96,1001.32,40.30,108.74,0.62,1000.66,37.87,113.92,1.00,1.33,90.62,308.32,7902,0.56,1.34,9.56,1.00,0.07,-0.03,0.01,3.41,-7.96,0.66,6,6,35,0,35.2901800,136.2529067,82.60, 0.19
2975080,0.08,-0.79,9.52,1.00,-0.04,-0.00,0.00,-0.47,4.99,0.03,10.61,0.00,0,2,1001.32,40.83,108.96,1001.32,40.32,108.75,0.62,1000.66,37.89,113.91,0.37,0.80,90.79,308.32,7902,0.62,1.30,9.58,1.00,0.07,-0.03,0.01,3.41,-7.96,0.66,6,6,35,0,35.2901800,136.2529067,82.60, 0.19
2975133,0.08,-0.80,9.56,1.00,-0.04,-0.00,0.00,-0.47,4.99,0.03,10.62,0.00,0,2,1001.32,40.84,108.96,1001.33,40.33,108.73,0.62,1000.66,37.89,113.91,0.85,1.22,90.53,308.32,7902,0.59,1.40,9.58,1.00,0.07,-0.03,0.01,3.41,-7.96,0.66,6,6,35,0,35.2901800,136.2529067,82.60, 0.19
2975189,0.11,-0.82,9.52,1.00,-0.04,-0.00,0.00,-0.47,4.99,0.03,10.61,0.00,0,2,1001.32,40.82,108.93,1001.32,40.31,108.77,0.62,1000.66,37.89,113.91,0.98,1.32,90.18,308.32,7902,0.56,1.42,9.60,1.00,0.07,-0.03,0.01,3.41,-7.96,0.66,6,6,35,0,35.2901800,136.2529067,82.60, 0.19
2975243,0.09,-0.79,9.53,1.00,-0.04,-0.00,0.00,-0.47,4.99,0.03,10.62,0.00,0,2,1001.31,40.82,109.00,1001.32,40.31,108.72,0.62,1000.66,37.88,113.93,1.22,1.47,90.09,308.32,7902,0.57,1.28,9.52,1.00,0.07,-0.03,0.01,3.41,-7.96,0.66,6,6,35,0,35.2901800,136.2529067,82.60, 0.19
2975302,0.08,-0.83,9.55,1.00,-0.04,-0.00,0.00,-0.47,4.99,0.03,10.63,0.00,0,2,1001.32,40.82,108.98,1001.32,40.32,108.72,0.62,1000.66,37.89,113.92,0.45,0.89,90.18,308.32,7902,0.56,1.36,9.57,1.00,0.07,-0.03,0.01,3.41,-7.96,0.66,6,6,35,0,35.2901800,136.2529067,82.60, 0.19
2975354,0.09,-0.83,9.50,1.00,-0.04,-0.00,0.00,-0.47,4.99,0.03,10.63,0.00,0,2,1001.32,40.83,108.98,1001.32,40.31,108.76,0.62,1000.67,37.89,113.89,0.22,0.62,90.26,308.32,7901,0.56,1.35,9.55,1.00,0.07,-0.03,0.01,3.41,-7.96,0.66,6,6,35,0,35.2901800,136.2529067,82.60, 0.19
2975411,0.10,-0.84,9.50,1.00,-0.04,-0.00,0.00,-0.47,4.99,0.03,10.61,0.00,0,2,1001.32,40.82,108.93,1001.33,40.32,108.72,0.62,1000.67,37.90,113.86,0.38,0.82,90.26,308.32,7902,0.54,1.37,9.58,1.00,0.07,-0.03,0.01,3.41,-7.96,0.66,6,6,35,0,35.2901800,136.2529067,82.60, 0.19
2975464,0.10,-0.82,9.53,1.00,-0.04,-0.00,0.00,-0.47,4.99,0.03,10.60,0.00,0,2,1001.32,40.83,108.93,1001.32,40.33,108.75,0.62,1000.67,37.89,113.85,0.77,1.16,90.26,308.32,7902,0.55,1.40,9.61,1.00,0.07,-0.03,0.01,3.41,-7.96,0.66,6,6,35,0,35.2901800,136.2529067,82.60, 0.19
2975521,0.10,-0.74,9.50,1.00,-0.04,-0.00,0.00,-0.47,4.99,0.03,10.59,0.00,0,2,1001.32,40.84,108.94,1001.33,40.34,108.73,0.62,1000.67,37.89,113.86,0.37,0.80,90.18,308.32,7902,0.56,1.24,9.55,1.00,0.07,-0.03,0.01,3.41,-7.96,0.66,6,6,35,0,35.2901800,136.2529067,82.60, 0.19
2975574,0.09,-0.79,9.55,1.00,-0.04,-0.00,0.00,-0.47,4.99,0.03,10.59,0.00,0,2,1001.32,40.83,108.94,1001.33,40.33,108.73,0.62,1000.67,37.89,113.85,1.57,1.66,90.00,308.32,7902,0.61,1.28,9.55,1.00,0.07,-0.03,0.01,3.41,-7.96,0.66,6,6,35,0,35.2901800,136.2529067,82.60, 0.19
2975628,0.04,-0.84,9.53,1.00,-0.04,-0.00,0.00,-0.47,4.99,0.03,10.60,0.00,0,2,1001.32,40.84,108.96,1001.33,40.32,108.73,0.62,1000.67,37.88,113.87,1.87,1.81,89.91,308.32,7902,0.60,1.50,9.60,1.00,0.07,-0.03,0.01,3.41,-7.96,0.66,6,6,35,0,35.2901800,136.2529067,82.60, 0.19
2975682,0.08,-0.81,9.53,1.00,-0.04,-0.00,0.00,-0.47,4.99,0.03,10.60,0.00,0,2,1001.32,40.83,108.94,1001.33,40.33,108.72,0.62,1000.66,37.88,113.93,1.20,1.46,89.82,308.32,7902,0.48,1.24,9.53,1.00,0.07,-0.03,0.01,3.41,-7.96,0.66,6,6,35,0,35.2901800,136.2529067,82.60, 0.19
2975740,0.10,-0.79,9.55,1.00,-0.04,-0.00,0.00,-0.47,4.99,0.03,10.60,0.00,0,2,1001.32,40.84,108.92,1001.32,40.33,108.76,0.62,1000.66,37.89,113.90,1.55,1.65,89.82,308.32,7902,0.58,1.34,9.57,1.00,0.07,-0.03,0.01,3.41,-7.96,0.66,6,6,35,0,35.2901800,136.2529067,82.60, 0.19
2975792,0.10,-0.82,9.50,1.00,-0.04,-0.00,0.00,-0.47,4.99,0.03,10.61,0.00,0,2,1001.33,40.86,108.91,1001.32,40.32,108.78,0.62,1000.67,37.89,113.89,1.20,1.46,89.82,308.32,7902,0.62,1.51,9.59,1.00,0.07,-0.03,0.01,3.41,-7.96,0.66,6,6,35,0,35.2901800,136.2529067,82.60, 0.19
2975845,0.10,-0.85,9.58,1.00,-0.04,-0.00,0.00,-0.47,4.99,0.03,10.60,0.00,0,2,1001.33,40.86,108.91,1001.32,40.31,108.74,0.62,1000.67,37.89,113.85,0.45,0.89,89.82,308.32,7902,0.57,1.19,9.49,1.00,0.07,-0.03,0.01,3.41,-7.96,0.66,6,6,35,0,35.2901800,136.2529067,82.60, 0.22
2975901,0.08,-0.82,9.52,1.00,-0.04,-0.00,0.00,-0.47,4.99,0.03,10.59,0.00,0,2,1001.32,40.86,108.94,1001.32,40.33,108.74,0.62,1000.67,37.89,113.88,1.50,1.63,89.82,308.32,7902,0.63,1.31,9.52,1.00,0.07,-0.03,0.01,3.41,-7.96,0.66,6,6,35,0,35.2901800,136.2529067,82.60, 0.22
2975959,0.09,-0.82,9.51,1.00,-0.04,-0.00,0.00,-0.47,4.99,0.03,10.59,0.00,0,2,1001.32,40.86,108.93,1001.33,40.33,108.73,0.62,1000.67,37.89,113.87,1.08,1.38,90.09,308.32,7902,0.66,1.49,9.64,1.00,0.07,-0.03,0.01,3.41,-7.96,0.66,6,6,36,0,35.2901783,136.2529117,82.60, 0.22
2976012,0.08,-0.80,9.48,1.00,-0.04,-0.00,0.00,-0.47,4.99,0.03,10.59,0.00,0,2,1001.33,40.87,108.89,1001.32,40.31,108.75,0.62,1000.67,37.89,113.85,1.50,1.63,90.26,308.32,7901,0.61,1.51,9.61,1.00,0.07,-0.03,0.01,3.41,-7.96,0.66,6,6,36,0,35.2901783,136.2529117,82.60, 0.22
2976069,0.08,-0.82,9.53,1.00,-0.04,-0.00,0.00,-0.47,4.99,0.03,10.59,0.00,0,2,1001.32,40.86,108.92,1001.32,40.32,108.77,0.62,1000.67,37.89,113.87,1.02,1.34,90.35,308.32,7903,0.43,1.33,9.53,1.00,0.07,-0.03,0.01,3.41,-7.96,0.66,6,6,36,0,35.2901783,136.2529117,82.60, 0.22
2976121,0.15,-0.81,9.58,1.00,-0.04,-0.00,0.00,-0.47,4.99,0.03,10.59,0.00,0,2,1001.32,40.87,108.93,1001.32,40.32,108.77,0.62,1000.67,37.89,113.88,0.22,0.62,90.00,308.32,7902,0.62,1.22,9.56,1.00,0.07,-0.03,0.01,3.41,-7.96,0.66,6,6,36,0,35.2901783,136.2529117,82.60, 0.22
2976174,0.08,-0.80,9.50,1.00,-0.04,-0.00,0.00,-0.47,4.99,0.03,10.61,0.00,0,2,1001.32,40.86,108.98,1001.32,40.31,108.77,0.62,1000.67,37.89,113.87,1.23,1.48,90.35,308.32,7902,0.60,1.05,9.46,1.00,0.07,-0.03,0.01,3.41,-7.96,0.66,6,6,36,0,35.2901783,136.2529117,82.60, 0.22
2976231,0.06,-0.83,9.54,1.00,-0.04,-0.00,0.00,-0.47,4.99,0.03,10.62,0.00,0,2,1001.32,40.85,108.98,1001.32,40.31,108.75,0.62,1000.67,37.88,113.86,1.57,1.66,90.26,308.32,7903,0.49,1.27,9.58,1.00,0.07,-0.03,0.01,3.41,-7.96,0.66,6,6,36,0,35.2901783,136.2529117,82.60, 0.22
2976287,0.04,-0.79,9.55,1.00,-0.04,-0.00,0.00,-0.47,4.99,0.03,10.62,0.00,0,2,1001.32,40.85,108.93,1001.32,40.32,108.74,0.62,1000.66,37.88,113.91,1.62,1.69,90.09,308.32,7903,0.67,1.51,9.57,1.00,0.07,-0.03,0.01,3.41,-7.96,0.66,6,6,36,0,35.2901783,136.2529117,82.60, 0.22
2976341,0.08,-0.82,9.57,1.00,-0.04,-0.00,0.00,-0.47,4.99,0.03,10.61,0.00,0,2,1001.32,40.86,108.94,1001.32,40.32,108.75,0.62,1000.66,37.88,113.91,1.08,1.38,90.18,308.32,7902,0.74,1.37,9.55,1.00,0.07,-0.03,0.01,3.41,-7.96,0.66,6,6,36,0,35.2901783,136.2529117,82.60, 0.22
2976397,0.10,-0.83,9.50,1.00,-0.04,-0.00,0.00,-0.47,4.99,0.03,10.62,0.00,0,2,1001.32,40.86,108.97,1001.32,40.31,108.75,0.62,1000.66,37.88,113.90,0.88,1.25,90.44,308.32,7902,0.09,1.39,9.61,1.00,0.07,-0.03,0.01,3.41,-7.96,0.66,6,6,36,0,35.2901783,136.2529117,82.60, 0.22
2976450,0.07,-0.81,9.48,1.00,-0.04,-0.00,0.00,-0.47,4.99,0.03,10.62,0.00,0,2,1001.32,40.86,108.98,1001.32,40.32,108.76,0.62,1000.66,37.88,113.93,0.65,1.07,90.79,308.32,7902,0.36,1.47,9.61,1.00,0.07,-0.03,0.01,3.41,-7.96,0.65,6,6,36,0,35.2901783,136.2529117,82.60, 0.22
2976506,0.09,-0.81,9.55,1.00,-0.04,-0.00,0.00,-0.47,4.99,0.03,10.63,0.00,0,2,1001.32,40.86,108.97,1001.32,40.32,108.73,0.62,1000.66,37.88,113.91,0.38,0.82,90.09,308.32,7903,0.42,1.41,9.57,1.00,0.07,-0.03,0.01,3.42,-7.96,0.65,6,6,36,0,35.2901783,136.2529117,82.60, 0.22
2976560,0.11,-0.88,9.50,1.00,-0.04,-0.00,0.00,-0.47,4.99,0.03,10.63,0.00,0,2,1001.32,40.86,108.97,1001.32,40.32,108.75,0.62,1000.66,37.89,113.94,0.47,0.91,89.82,308.32,7902,0.33,1.36,9.59,1.00,0.07,-0.03,0.01,3.41,-7.96,0.64,6,6,36,0,35.2901783,136.2529117,82.60, 0.22
2976617,0.11,-0.86,9.56,1.00,-0.04,-0.00,0.00,-0.47,4.99,0.03,10.63,0.00,0,2,1001.32,40.86,108.96,1001.33,40.32,108.71,0.62,1000.66,37.89,113.97,0.78,1.18,89.74,308.32,7902,0.40,1.40,9.55,1.00,0.07,-0.03,0.01,3.41,-7.96,0.64,6,6,36,0,35.2901783,136.2529117,82.60, 0.22
2976670,0.11,-0.85,9.57,1.00,-0.04,-0.00,0.00,-0.47,4.99,0.03,10.61,0.00,0,2,1001.32,40.86,108.94,1001.33,40.32,108.73,0.62,1000.66,37.88,113.96,1.40,1.57,89.74,308.32,7902,0.43,1.37,9.52,1.00,0.07,-0.03,0.01,3.40,-7.97,0.64,6,6,36,0,35.2901783,136.2529117,82.60, 0.22
2976722,0.07,-0.79,9.52,1.00,-0.04,-0.00,0.00,-0.47,4.99,0.03,10.61,0.00,0,2,1001.32,40.86,108.96,1001.33,40.32,108.75,0.62,1000.66,37.88,113.95,0.42,0.86,89.74,308.32,7902,0.68,1.39,9.58,1.00,0.07,-0.03,0.01,3.40,-7.96,0.64,6,6,36,0,35.2901783,136.2529117,82.60, 0.22
2976780,0.05,-0.81,9.50,1.00,-0.04,-0.00,0.00,-0.47,4.99,0.03,10.61,0.00,0,2,1001.32,40.86,108.96,1001.32,40.33,108.73,0.62,1000.65,37.89,114.00,0.55,0.99,89.74,308.32,7902,0.48,1.27,9.54,1.00,0.07,-0.03,0.01,3.40,-7.96,0.64,6,6,36,0,35.2901783,136.2529117,82.60, 0.22
2976836,0.05,-0.83,9.57,1.00,-0.04,-0.00,0.00,-0.47,4.99,0.03,10.62,0.00,0,2,1001.32,40.86,108.97,1001.32,40.32,108.74,0.62,1000.66,37.87,113.97,0.78,1.18,89.74,308.32,7901,0.54,1.25,9.52,1.00,0.07,-0.03,0.01,3.41,-7.97,0.64,6,6,36,0,35.2901783,136.2529117,82.60, 0.22
2976889,0.07,-0.79,9.53,1.00,-0.04,-0.00,0.00,-0.47,4.99,0.03,10.62,0.00,0,2,1001.32,40.86,108.97,1001.32,40.32,108.73,0.62,1000.66,37.89,113.93,0.55,0.99,89.65,308.32,7903,0.52,1.42,9.61,1.00,0.07,-0.03,0.01,3.41,-7.97,0.64,6,6,36,0,35.2901783,136.2529117,82.60, 0.22
2976941,0.11,-0.79,9.47,1.00,-0.04,-0.00,0.00,-0.47,4.99,0.03,10.61,0.00,0,2,1001.32,40.86,108.95,1001.32,40.32,108.75,0.62,1000.66,37.88,113.93,1.07,1.37,89.65,308.32,7903,0.59,1.35,9.55,1.00,0.07,-0.03,0.01,3.41,-7.96,0.64,6,6,37,0,35.2901783,136.2529167,82.60, 0.22
2976998,0.14,-0.80,9.51,1.00,-0.04,-0.00,0.00,-0.47,4.99,0.03,10.61,0.00,0,2,1001.32,40.88,108.96,1001.32,40.31,108.75,0.62,1000.66,37.88,113.91,1.02,1.34,89.74,308.32,7903,0.45,1.40,9.62,1.00,0.07,-0.03,0.01,3.41,-7.96,0.64,6,6,37,0,35.2901783,136.2529167,82.60, 0.22
2977056,0.11,-0.79,9.51,1.00,-0.04,-0.00,0.00,-0.47,4.99,0.03,10.61,0.00,0,2,1001.32,40.87,108.93,1001.32,40.31,108.74,0.62,1000.66,37.88,113.91,1.48,1.62,89.74,308.32,7903,0.52,1.25,9.55,1.00,0.07,-0.03,0.01,3.40,-7.96,0.64,6,6,37,0,35.2901783,136.2529167,82.60, 0.22
2977109,0.05,-0.84,9.52,1.00,-0.04,-0.00,0.00,-0.47,4.99,0.03,10.60,0.00,0,2,1001.32,40.88,108.94,1001.32,40.31,108.73,0.62,1000.66,37.88,113.90,1.68,1.72,89.74,308.32,7903,0.63,1.23,9.51,1.00,0.07,-0.03,0.01,3.41,-7.97,0.64,6,6,37,0,35.2901783,136.2529167,82.60, 0.22
2977160,0.04,-0.84,9.50,1.00,-0.04,-0.00,0.00,-0.47,4.99,0.03,10.60,0.00,0,2,1001.32,40.88,108.93,1001.32,40.31,108.77,0.62,1000.67,37.89,113.88,2.38,2.05,89.74,308.32,7902,0.60,1.41,9.60,1.00,0.07,-0.03,0.01,3.41,-7.97,0.64,6,6,37,0,35.2901783,136.2529167,82.60, 0.22
2977217,0.07,-0.87,9.51,1.00,-0.04,-0.00,0.00,-0.47,4.99,0.03,10.59,0.00,0,2,1001.32,40.87,108.93,1001.32,40.31,108.73,0.62,1000.67,37.88,113.88,2.10,1.92,89.74,308.32,7902,0.61,1.37,9.53,1.00,0.07,-0.03,0.01,3.41,-7.97,0.64,6,6,37,0,35.2901783,136.2529167,82.60, 0.22
2977270,0.10,-0.83,9.51,1.00,-0.04,-0.00,0.00,-0.47,4.99,0.03,10.59,0.00,0,2,1001.32,40.87,108.95,1001.33,40.32,108.70,0.62,1000.66,37.89,113.91,1.93,1.85,89.91,308.32,7902,0.56,1.39,9.57,1.00,0.07,-0.03,0.01,3.41,-7.97,0.64,6,6,37,0,35.2901783,136.2529167,82.60, 0.22
2977321,0.13,-0.79,9.51,1.00,-0.04,-0.00,0.00,-0.47,4.99,0.03,10.59,0.00,0,2,1001.32,40.88,108.94,1001.33,40.32,108.73,0.62,1000.66,37.88,113.91,1.68,1.72,90.79,308.32,7902,0.54,1.37,9.59,1.00,0.07,-0.03,0.01,3.41,-7.97,0.64,6,6,37,0,35.2901783,136.2529167,82.60, 0.22
2977377,0.11,-0.77,9.53,1.00,-0.04,-0.00,0.00,-0.47,4.99,0.03,10.60,0.00,0,2,1001.32,40.88,108.96,1001.32,40.32,108.75,0.62,1000.67,37.89,113.89,2.13,1.94,91.49,308.32,7901,0.55,1.23,9.54,1.00,0.07,-0.03,0.01,3.41,-7.97,0.64,6,6,37,0,35.2901783,136.2529167,82.60, 0.22
2977435,0.10,-0.78,9.50,1.00,-0.04,-0.00,0.00,-0.47,4.99,0.03,10.60,0.00,0,2,1001.32,40.88,108.98,1001.32,40.31,108.77,0.61,1000.66,37.88,113.93,0.72,1.12,90.97,308.32,7902,0.58,1.22,9.52,1.00,0.07,-0.03,0.01,3.41,-7.97,0.64,6,6,37,0,35.2901783,136.2529167,82.60, 0.22
2977488,0.04,-0.85,9.56,1.00,-0.04,-0.00,0.00,-0.47,4.99,0.03,10.61,0.00,0,2,1001.32,40.88,109.01,1001.32,40.31,108.74,0.62,1000.66,37.88,113.91,1.35,1.54,90.44,308.32,7903,0.56,1.29,9.52,1.00,0.07,-0.03,0.01,3.41,-7.97,0.64,6,6,37,0,35.2901783,136.2529167,82.60, 0.22
2977546,0.06,-0.87,9.58,1.00,-0.04,-0.00,0.00,-0.47,4.99,0.03,10.62,0.00,0,2,1001.32,40.89,109.00,1001.32,40.31,108.73,0.62,1000.66,37.87,113.97,1.47,1.61,88.95,308.32,7902,0.58,1.48,9.57,1.00,0.07,-0.03,0.01,3.41,-7.97,0.64,6,6,37,0,35.2901783,136.2529167,82.60, 0.22
2977597,0.10,-0.85,9.47,1.00,-0.04,-0.00,0.00,-0.47,4.99,0.03,10.63,0.00,0,2,1001.32,40.87,108.97,1001.33,40.34,108.72,0.62,1000.66,37.88,113.98,0.78,1.18,88.15,308.32,7902,0.60,1.25,9.51,1.00,0.07,-0.03,0.01,3.41,-7.97,0.64,6,6,37,0,35.2901783,136.2529167,82.60, 0.22
2977654,0.06,-0.84,9.50,1.00,-0.04,-0.00,0.00,-0.47,4.99,0.03,10.61,0.00,0,2,1001.32,40.88,108.96,1001.32,40.31,108.74,0.62,1000.66,37.87,113.95,0.40,0.84,88.15,308.32,7903,0.55,1.22,9.49,1.00,0.07,-0.03,0.01,3.41,-7.97,0.64,6,6,37,0,35.2901783,136.2529167,82.60, 0.22
2977707,0.10,-0.76,9.59,1.00,-0.04,-0.00,0.00,-0.47,4.99,0.03,10.60,0.00,0,2,1001.32,40.88,108.93,1001.32,40.32,108.77,0.62,1000.66,37.87,113.92,0.45,0.89,87.98,308.32,7902,0.53,1.21,9.56,1.00,0.07,-0.03,0.01,3.41,-7.97,0.64,6,6,37,0,35.2901783,136.2529167,82.60, 0.22
2977764,0.11,-0.78,9.45,1.00,-0.04,-0.00,0.00,-0.47,4.99,0.03,10.60,0.00,0,2,1001.32,40.89,108.96,1001.32,40.32,108.74,0.62,1000.66,37.87,113.90,0.38,0.82,87.36,308.32,7901,0.56,1.51,9.62,1.00,0.07,-0.03,0.01,3.41,-7.97,0.64,6,6,37,0,35.2901783,136.2529167,82.60, 0.34
2977817,0.11,-0.81,9.48,1.00,-0.04,-0.00,0.00,-0.47,4.99,0.03,10.59,0.00,0,2,1001.32,40.89,108.94,1001.32,40.31,108.76,0.62,1000.66,37.88,113.91,1.15,1.42,86.75,308.32,7903,0.55,1.21,9.53,1.00,0.07,-0.03,0.01,3.41,-7.97,0.64,6,6,37,0,35.2901783,136.2529167,82.60, 0.34
2977870,0.04,-0.83,9.55,1.00,-0.04,-0.00,0.00,-0.47,4.99,0.03,10.59,0.00,0,2,1001.32,40.87,108.97,1001.32,40.32,108.77,0.62,1000.66,37.88,113.91,1.70,1.73,86.48,308.32,7903,0.68,1.53,9.60,1.00,0.07,-0.03,0.01,3.41,-7.97,0.64,6,6,37,0,35.2901783,136.2529167,82.60, 0.34
2977926,0.07,-0.81,9.49,1.00,-0.04,-0.00,0.00,-0.47,4.99,0.03,10.60,0.00,0,2,1001.32,40.88,108.98,1001.32,40.31,108.77,0.62,1000.66,37.87,113.92,1.83,1.80,86.40,308.32,7902,0.68,1.39,9.56,1.00,0.07,-0.03,0.01,3.41,-7.97,0.64,6,6,37,0,35.2901783,136.2529167,82.60, 0.34
2977980,0.09,-0.89,9.56,1.00,-0.04,-0.00,0.00,-0.47,4.99,0.03,10.61,0.00,0,2,1001.32,40.87,108.96,1001.32,40.32,108.74,0.62,1000.66,37.87,113.97,1.32,1.52,86.31,308.32,7902,0.57,1.37,9.57,1.00,0.07,-0.03,0.01,3.41,-7.97,0.64,6,6,37,0,35.2901783,136.2529167,82.60, 0.34
2978036,0.10,-0.89,9.54,1.00,-0.04,-0.00,0.00,-0.47,4.99,0.03,10.61,0.00,0,2,1001.32,40.89,108.97,1001.32,40.32,108.75,0.62,1000.66,37.88,113.96,1.63,1.70,86.40,308.32,7902,0.54,1.32,9.56,1.00,0.07,-0.03,0.01,3.41,-7.97,0.64,6,6,37,0,35.2901783,136.2529167,82.60, 0.34
2978093,0.09,-0.82,9.54,1.00,-0.04,-0.00,0.00,-0.47,4.99,0.03,10.61,0.00,0,2,1001.32,40.88,108.96,1001.32,40.32,108.75,0.62,1000.66,37.88,113.93,0.97,1.31,86.40,308.32,7903,0.60,1.27,9.55,1.00,0.07,-0.03,0.01,3.41,-7.97,0.64,6,6,37,0,35.2901783,136.2529167,82.60, 0.34
2978145,0.11,-0.72,9.48,1.00,-0.04,-0.00,0.00,-0.47,4.99,0.03,10.61,0.00,0,2,1001.32,40.87,108.95,1001.32,40.32,108.78,0.62,1000.66,37.88,113.94,1.03,1.35,86.40,308.32,7902,0.55,1.15,9.54,1.00,0.07,-0.03,0.01,3.41,-7.97,0.64,6,6,37,0,35.2901783,136.2529167,82.60, 0.34
2978197,0.10,-0.80,9.50,1.00,-0.04,-0.00,0.00,-0.47,4.99,0.03,10.61,0.00,0,2,1001.32,40.88,108.96,1001.32,40.32,108.77,0.62,1000.66,37.88,113.95,0.48,0.92,86.31,308.32,7902,0.56,1.42,9.59,1.00,0.07,-0.03,0.01,3.41,-7.97,0.64,6,6,37,0,35.2901783,136.2529167,82.60, 0.34
2978254,0.05,-0.80,9.50,1.00,-0.04,-0.00,0.00,-0.47,4.99,0.03,10.61,0.00,0,2,1001.32,40.88,108.99,1001.32,40.32,108.79,0.62,1000.66,37.89,113.91,0.50,0.94,86.31,308.32,7902,0.57,1.41,9.57,1.00,0.07,-0.03,0.01,3.41,-7.97,0.64,6,6,37,0,35.2901783,136.2529167,82.60, 0.34
2978306,0.09,-0.84,9.50,1.00,-0.04,-0.00,0.00,-0.47,4.99,0.03,10.61,0.00,0,2,1001.32,40.87,108.98,1001.32,40.32,108.77,0.62,1000.66,37.89,113.96,0.60,1.03,86.31,308.32,7902,0.50,1.34,9.58,1.00,0.07,-0.03,0.01,3.41,-7.97,0.64,6,6,37,0,35.2901783,136.2529167,82.60, 0.34
2978363,0.06,-0.82,9.52,1.00,-0.04,-0.00,0.00,-0.47,4.99,0.03,10.62,0.00,0,2,1001.32,40.89,108.99,1001.32,40.32,108.75,0.62,1000.66,37.88,113.94,2.27,2.00,86.31,308.32,7903,0.58,1.31,9.56,1.00,0.07,-0.03,0.01,3.41,-7.97,0.64,6,6,37,0,35.2901783,136.2529167,82.60, 0.34
2978415,0.11,-0.88,9.52,1.00,-0.04,-0.00,0.00,-0.47,4.99,0.03,10.62,0.00,0,2,1001.32,40.89,109.01,1001.33,40.32,108.74,0.62,1000.66,37.88,113.93,3.07,2.33,86.31,308.32,7903,0.58,1.37,9.55,1.00,0.07,-0.03,0.01,3.41,-7.97,0.64,6,6,37,0,35.2901783,136.2529167,82.60, 0.34
2978473,0.10,-0.85,9.54,1.00,-0.04,-0.00,0.00,-0.47,4.99,0.03,10.63,0.00,0,2,1001.32,40.88,108.99,1001.32,40.32,108.76,0.62,1000.65,37.89,114.01,1.70,1.73,86.31,308.32,7903,0.47,1.23,9.54,1.00,0.07,-0.03,0.01,3.41,-7.97,0.64,6,6,37,0,35.2901783,136.2529167,82.60, 0.34
2978525,0.11,-0.79,9.53,1.00,-0.04,-0.00,0.00,-0.47,4.99,0.03,10.61,0.00,0,2,1001.32,40.88,108.94,1001.32,40.32,108.78,0.62,1000.65,37.87,114.01,1.70,1.73,86.40,308.32,7902,0.55,1.29,9.62,1.00,0.07,-0.03,0.01,3.41,-7.97,0.64,6,6,37,0,35.2901783,136.2529167,82.60, 0.34
2978576,0.06,-0.81,9.53,1.00,-0.04,-0.00,0.00,-0.47,4.99,0.03,10.60,0.00,0,2,1001.32,40.89,108.94,1001.33,40.33,108.72,0.62,1000.66,37.88,113.91,1.67,1.71,86.57,308.32,7903,0.67,1.32,9.53,1.00,0.07,-0.03,0.01,3.41,-7.97,0.64,6,6,37,0,35.2901783,136.2529167,82.60, 0.34
2978633,0.01,-0.86,9.52,1.00,-0.04,-0.00,0.00,-0.47,4.99,0.03,10.60,0.00,0,2,1001.32,40.90,108.95,1001.32,40.33,108.79,0.62,1000.66,37.88,113.90,1.03,1.35,87.63,308.32,7903,0.62,1.41,9.55,1.00,0.07,-0.03,0.01,3.41,-7.97,0.64,6,6,37,0,35.2901783,136.2529167,82.60, 0.34
2978691,0.04,-0.89,9.52,1.00,-0.04,-0.00,0.00,-0.47,4.99,0.03,10.59,0.00,0,2,1001.32,40.88,108.94,1001.32,40.34,108.74,0.62,1000.65,37.89,113.99,0.57,1.00,87.71,308.32,7903,0.59,1.46,9.61,1.00,0.07,-0.03,0.01,3.41,-7.97,0.64,6,6,37,0,35.2901783,136.2529167,82.60, 0.34
2978745,0.14,-0.80,9.47,1.00,-0.04,-0.00,0.00,-0.47,4.99,0.03,10.60,0.00,0,2,1001.32,40.89,108.99,1001.32,40.33,108.74,0.62,1000.65,37.87,114.01,0.85,1.22,87.54,308.32,7902,0.51,1.35,9.60,1.00,0.07,-0.03,0.01,3.41,-7.97,0.64,6,6,38,0,35.2901783,136.2529200,82.60, 0.22
2978800,0.13,-0.81,9.53,1.00,-0.04,-0.00,0.00,-0.47,4.99,0.03,10.61,0.00,0,2,1001.32,40.88,108.99,1001.32,40.33,108.74,0.62,1000.66,37.89,113.97,0.48,0.92,86.04,308.32,7902,0.47,1.26,9.58,1.00,0.07,-0.03,0.01,3.41,-7.97,0.64,6,6,38,0,35.2901783,136.2529200,82.60, 0.22
2978853,0.08,-0.79,9.50,1.00,-0.04,-0.00,0.00,-0.47,4.99,0.03,10.62,0.00,0,2,1001.32,40.89,108.97,1001.32,40.34,108.75,0.62,1000.66,37.88,113.98,0.33,0.77,85.25,308.32,7902,0.56,1.24,9.57,1.00,0.07,-0.03,0.01,3.41,-7.97,0.64,6,6,39,0,35.2901783,136.2529200,82.50, 0.22
2978911,0.05,-0.78,9.51,1.00,-0.04,-0.00,0.00,-0.47,4.99,0.03,10.62,0.00,0,2,1001.32,40.88,108.99,1001.32,40.35,108.75,0.62,1000.66,37.88,113.95,0.42,0.86,85.34,308.32,7902,0.64,1.25,9.55,1.00,0.07,-0.03,0.01,3.41,-7.97,0.64,6,6,39,0,35.2901783,136.2529200,82.50, 0.22
2978964,0.08,-0.82,9.50,1.00,-0.04,-0.00,0.00,-0.47,4.99,0.03,10.61,0.00,0,2,1001.32,40.89,108.97,1001.32,40.33,108.72,0.62,1000.66,37.88,113.93,0.88,1.25,85.43,308.32,7903,0.59,1.34,9.56,1.00,0.07,-0.03,0.01,3.41,-7.97,0.64,6,6,39,0,35.2901783,136.2529200,82.50, 0.22
2979015,0.08,-0.81,9.53,1.00,-0.04,-0.00,0.00,-0.47,4.99,0.03,10.59,0.00,0,2,1001.32,40.89,108.96,1001.32,40.34,108.74,0.62,1000.67,37.88,113.88,-0.15,0.51,85.43,308.32,7902,0.63,1.36,9.56,1.00,0.07,-0.03,0.01,3.41,-7.97,0.64,6,6,39,0,35.2901783,136.2529200,82.50, 0.22
2979071,0.11,-0.85,9.53,1.00,-0.04,-0.00,0.00,-0.47,4.99,0.03,10.58,0.00,0,2,1001.32,40.88,108.97,1001.32,40.33,108.74,0.62,1000.67,37.89,113.86,0.67,1.08,85.43,308.32,7902,0.54,1.39,9.58,1.00,0.07,-0.03,0.01,3.41,-7.97,0.64,6,6,39,0,35.2901783,136.2529200,82.50, 0.22
2979129,0.13,-0.80,9.52,1.00,-0.04,-0.00,0.00,-0.47,4.99,0.03,10.58,0.00,0,2,1001.32,40.88,108.96,1001.32,40.36,108.74,0.62,1000.67,37.88,113.88,0.23,0.64,85.43,308.32,7903,0.60,1.50,9.58,1.00,0.07,-0.03,0.01,3.41,-7.97,0.64,6,6,39,0,35.2901783,136.2529200,82.50, 0.22
2979182,0.12,-0.79,9.48,1.00,-0.04,-0.00,0.00,-0.47,4.99,0.03,10.58,0.00,0,2,1001.33,40.88,108.91,1001.32,40.33,108.78,0.62,1000.67,37.87,113.88,-0.02,0.17,85.34,308.32,7903,0.50,1.35,9.57,1.00,0.07,-0.03,0.01,3.41,-7.97,0.64,6,6,39,0,35.2901783,136.2529200,82.50, 0.22
2979235,0.06,-0.83,9.53,1.00,-0.04,-0.00,0.00,-0.47,4.99,0.03,10.58,0.00,0,2,1001.32,40.88,108.96,1001.32,40.33,108.78,0.62,1000.67,37.87,113.86,0.55,0.99,85.34,308.32,7903,0.61,1.45,9.59,1.00,0.07,-0.03,0.01,3.41,-7.97,0.64,6,6,39,0,35.2901783,136.2529200,82.50, 0.22
2979291,0.10,-0.78,9.50,1.00,-0.04,-0.00,0.00,-0.47,4.99,0.03,10.58,0.00,0,2,1001.32,40.89,108.97,1001.32,40.34,108.74,0.62,1000.67,37.89,113.82,0.38,0.82,85.43,308.32,7902,0.65,1.36,9.58,1.00,0.07,-0.03,0.01,3.41,-7.97,0.64,6,6,39,0,35.2901783,136.2529200,82.50, 0.22
2979350,0.10,-0.79,9.50,1.00,-0.04,-0.00,0.00,-0.47,4.99,0.03,10.60,0.00,0,2,1001.32,40.89,108.96,1001.32,40.34,108.77,0.62,1000.67,37.88,113.86,1.07,1.37,85.34,308.32,7902,0.58,1.29,9.53,1.00,0.07,-0.03,0.01,3.41,-7.97,0.64,6,6,39,0,35.2901783,136.2529200,82.50, 0.22
2979402,0.09,-0.83,9.49,1.00,-0.04,-0.00,0.00,-0.47,4.99,0.03,10.60,0.00,0,2,1001.32,40.89,108.99,1001.33,40.35,108.77,0.62,1000.66,37.88,113.90,0.88,1.25,85.43,308.32,7903,0.56,1.43,9.58,1.00,0.07,-0.03,0.01,3.41,-7.97,0.64,6,6,39,0,35.2901783,136.2529200,82.50, 0.22
2979458,0.09,-0.84,9.51,1.00,-0.04,-0.00,0.00,-0.47,4.99,0.03,10.59,0.00,0,2,1001.32,40.89,108.94,1001.33,40.35,108.74,0.62,1000.66,37.89,113.93,0.82,1.20,85.34,308.32,7902,0.58,1.45,9.56,1.00,0.07,-0.03,0.01,3.41,-7.97,0.64,6,6,39,0,35.2901783,136.2529200,82.50, 0.22
2979511,0.04,-0.87,9.54,1.00,-0.04,-0.00,0.00,-0.47,4.99,0.03,10.58,0.00,0,2,1001.33,40.89,108.90,1001.33,40.34,108.72,0.62,1000.67,37.89,113.89,0.57,1.00,85.25,308.32,7903,0.60,1.28,9.51,1.00,0.07,-0.03,0.01,3.41,-7.97,0.64,6,6,39,0,35.2901783,136.2529200,82.50, 0.22
2979564,0.10,-0.79,9.51,1.00,-0.04,-0.00,0.00,-0.47,4.99,0.03,10.58,0.00,0,2,1001.32,40.88,108.98,1001.33,40.34,108.72,0.62,1000.67,37.89,113.89,0.55,0.99,84.99,308.32,7902,0.53,1.27,9.56,1.00,0.07,-0.03,0.01,3.41,-7.97,0.64,6,6,39,0,35.2901783,136.2529200,82.50, 0.22
2979620,0.11,-0.80,9.55,1.00,-0.04,-0.00,0.00,-0.47,4.99,0.03,10.58,0.00,0,2,1001.32,40.89,108.97,1001.32,40.34,108.74,0.62,1000.66,37.88,113.90,0.00,0.00,84.90,308.32,7902,0.60,1.34,9.57,1.00,0.07,-0.03,0.01,3.41,-7.97,0.64,6,6,39,0,35.2901783,136.2529200,82.50, 0.22
2979677,0.09,-0.85,9.54,1.00,-0.04,-0.00,0.00,-0.47,4.99,0.03,10.58,0.00,0,2,1001.32,40.89,108.97,1001.33,40.33,108.74,0.62,1000.66,37.88,113.91,0.70,1.11,84.81,308.32,7902,0.55,1.46,9.56,1.00,0.07,-0.03,0.01,3.41,-7.97,0.64,6,6,39,0,35.2901783,136.2529200,82.50, 0.22
2979730,0.06,-0.84,9.50,1.00,-0.04,-0.00,0.00,-0.47,4.99,0.03,10.59,0.00,0,2,1001.32,40.89,108.96,1001.32,40.33,108.76,0.62,1000.66,37.89,113.91,2.73,2.20,84.81,308.32,7902,0.59,1.35,9.55,1.00,0.07,-0.03,0.01,3.41,-7.97,0.64,6,6,39,0,35.2901783,136.2529200,82.50, 0.10
2979788,0.08,-0.83,9.55,1.00,-0.04,-0.00,0.00,-0.47,4.99,0.03,10.60,0.00,0,2,1001.32,40.90,108.94,1001.32,40.33,108.78,0.62,1000.66,37.88,113.90,2.52,2.11,84.81,308.32,7902,0.56,1.40,9.59,1.00,0.07,-0.03,0.01,3.41,-7.97,0.64,6,6,39,0,35.2901783,136.2529200,82.50, 0.10
2979840,0.09,-0.79,9.49,1.00,-0.04,-0.00,0.00,-0.47,4.99,0.03,10.59,0.00,0,2,1001.33,40.91,108.91,1001.32,40.34,108.77,0.62,1000.67,37.88,113.90,2.75,2.20,84.90,308.32,7902,0.61,1.24,9.54,1.00,0.07,-0.03,0.01,3.41,-7.97,0.64,6,6,40,0,35.2901800,136.2529200,82.50, 0.10
2979898,0.10,-0.81,9.52,1.00,-0.04,-0.00,0.00,-0.47,4.99,0.03,10.57,0.00,0,2,1001.33,40.90,108.93,1001.32,40.34,108.73,0.62,1000.67,37.88,113.84,2.23,1.98,85.17,308.32,7902,0.61,1.25,9.51,1.00,0.07,-0.03,0.01,3.41,-7.97,0.64,6,6,40,0,35.2901800,136.2529200,82.50, 0.10
2979949,0.11,-0.83,9.50,1.00,-0.04,-0.00,0.00,-0.47,4.99,0.03,10.57,0.00,0,2,1001.32,40.90,108.94,1001.32,40.34,108.77,0.62,1000.67,37.89,113.84,1.02,1.34,84.99,308.32,7903,0.58,1.40,9.61,1.00,0.07,-0.03,0.01,3.41,-7.97,0.64,6,6,40,0,35.2901800,136.2529200,82.50, 0.10
2980007,0.08,-0.81,9.50,1.00,-0.04,-0.00,0.00,-0.47,4.99,0.03,10.58,0.00,0,2,1001.32,40.90,108.96,1001.32,40.34,108.73,0.62,1000.67,37.88,113.86,1.95,1.85,85.43,308.32,7902,0.56,1.42,9.58,1.00,0.07,-0.03,0.01,3.41,-7.97,0.64,6,6,40,0,35.2901800,136.2529200,82.50, 0.10
2980058,0.12,-0.82,9.51,1.00,-0.04,-0.00,0.00,-0.47,4.99,0.03,10.59,0.00,0,2,1001.32,40.90,108.95,1001.32,40.35,108.75,0.62,1000.66,37.88,113.94,3.18,2.37,85.52,308.32,7903,0.53,1.36,9.60,1.00,0.07,-0.03,0.01,3.41,-7.97,0.64,6,6,40,0,35.2901800,136.2529200,82.50, 0.10
2980113,0.09,-0.84,9.51,1.00,-0.04,-0.00,0.00,-0.47,4.99,0.03,10.60,0.00,0,2,1001.32,40.90,108.95,1001.33,40.35,108.78,0.62,1000.66,37.89,113.96,2.43,2.07,85.96,308.32,7902,0.63,1.33,9.54,1.00,0.07,-0.03,0.01,3.41,-7.97,0.64,6,6,40,0,35.2901800,136.2529200,82.50, 0.10
2980169,0.06,-0.83,9.51,1.00,-0.04,-0.00,0.00,-0.47,4.99,0.03,10.60,0.00,0,2,1001.32,40.90,108.98,1001.32,40.33,108.76,0.62,1000.66,37.89,113.91,1.45,1.60,88.33,308.32,7902,0.65,1.34,9.53,1.00,0.07,-0.03,0.01,3.41,-7.97,0.64,6,6,40,0,35.2901800,136.2529200,82.50, 0.10
2980226,0.05,-0.80,9.52,1.00,-0.04,-0.00,0.00,-0.47,4.99,0.03,10.61,0.00,0,2,1001.32,40.91,108.99,1001.32,40.34,108.75,0.62,1000.66,37.88,113.97,2.22,1.98,91.85,308.32,7902,0.69,1.33,9.56,1.00,0.07,-0.03,0.01,3.41,-7.97,0.64,6,6,40,0,35.2901800,136.2529200,82.50, 0.10
2980278,0.08,-0.82,9.53,1.00,-0.04,-0.00,0.00,-0.47,4.99,0.03,10.61,0.00,0,2,1001.33,40.91,108.92,1001.32,40.33,108.74,0.62,1000.67,37.89,113.89,2.97,2.29,93.25,308.32,7903,0.54,1.35,9.58,1.00,0.07,-0.03,0.01,3.41,-7.97,0.64,6,6,40,0,35.2901800,136.2529200,82.50, 0.10
2980330,0.13,-0.83,9.50,1.00,-0.04,-0.00,0.00,-0.47,4.99,0.03,10.61,0.00,0,2,1001.32,40.90,108.97,1001.32,40.34,108.75,0.62,1000.66,37.87,113.92,2.37,2.04,93.69,308.32,7902,0.54,1.37,9.58,1.00,0.07,-0.03,0.01,3.41,-7.97,0.64,6,6,40,0,35.2901800,136.2529200,82.50, 0.10
2980388,0.14,-0.82,9.50,1.00,-0.04,-0.00,0.00,-0.47,4.99,0.03,10.60,0.00,0,2,1001.32,40.91,108.96,1001.32,40.33,108.76,0.62,1000.66,37.88,113.93,2.45,2.08,93.16,308.32,7902,0.54,1.41,9.55,1.00,0.07,-0.03,0.01,3.41,-7.97,0.64,6,6,40,0,35.2901800,136.2529200,82.50, 0.10
2980445,0.10,-0.83,9.50,1.00,-0.04,-0.00,0.00,-0.47,4.99,0.03,10.62,0.00,0,2,1001.32,40.90,109.01,1001.32,40.33,108.75,0.62,1000.66,37.88,113.91,2.38,2.05,90.70,308.32,7903,0.58,1.38,9.55,1.00,0.07,-0.03,0.01,3.41,-7.97,0.64,6,6,40,0,35.2901800,136.2529200,82.50, 0.10
2980498,0.05,-0.83,9.51,1.00,-0.04,-0.00,0.00,-0.47,4.99,0.03,10.62,0.00,0,2,1001.32,40.91,108.97,1001.32,40.33,108.79,0.62,1000.66,37.90,113.95,2.82,2.23,88.15,308.32,7903,0.61,1.34,9.56,1.00,0.07,-0.03,0.01,3.41,-7.97,0.64,6,6,40,0,35.2901800,136.2529200,82.50, 0.10
2980555,0.06,-0.82,9.52,1.00,-0.04,-0.00,0.00,-0.47,4.99,0.03,10.62,0.00,0,2,1001.32,40.90,108.94,1001.32,40.34,108.74,0.62,1000.66,37.89,113.98,3.52,2.49,88.59,308.32,7902,0.62,1.38,9.55,1.00,0.07,-0.03,0.01,3.41,-7.97,0.64,6,6,40,0,35.2901800,136.2529200,82.50, 0.10
2980607,0.10,-0.79,9.53,1.00,-0.04,-0.00,0.00,-0.47,4.99,0.03,10.61,0.00,0,2,1001.32,40.91,108.95,1001.32,40.33,108.76,0.62,1000.66,37.90,113.97,3.35,2.43,89.21,308.32,7902,0.59,1.35,9.57,1.00,0.07,-0.03,0.01,3.41,-7.97,0.64,6,6,40,0,35.2901800,136.2529200,82.50, 0.10
2980660,0.10,-0.79,9.52,1.00,-0.04,-0.00,0.00,-0.47,4.99,0.03,10.60,0.00,0,2,1001.33,40.90,108.93,1001.32,40.34,108.79,0.62,1000.66,37.89,113.92,2.78,2.22,89.82,308.32,7902,0.57,1.29,9.56,1.00,0.07,-0.03,0.01,3.41,-7.97,0.64,6,6,40,0,35.2901800,136.2529200,82.50, 0.12
2980717,0.10,-0.80,9.55,1.00,-0.04,-0.00,0.00,-0.47,4.99,0.03,10.61,0.00,0,2,1001.32,40.90,108.97,1001.32,40.33,108.72,0.62,1000.67,37.89,113.89,2.67,2.17,91.23,308.32,7902,0.55,1.33,9.56,1.00,0.07,-0.03,0.01,3.41,-7.97,0.64,6,6,40,0,35.2901800,136.2529200,82.50, 0.12
2980774,0.08,-0.85,9.50,1.00,-0.04,-0.00,0.00,-0.47,4.99,0.03,10.60,0.00,0,2,1001.32,40.90,108.98,1001.32,40.34,108.74,0.62,1000.67,37.88,113.90,2.38,2.05,91.58,308.32,7902,0.58,1.42,9.59,1.00,0.07,-0.03,0.01,3.41,-7.97,0.64,6,6,40,0,35.2901800,136.2529200,82.50, 0.12
2980827,0.07,-0.83,9.52,1.00,-0.04,-0.00,0.00,-0.47,4.99,0.03,10.60,0.00,0,2,1001.32,40.89,108.99,1001.32,40.34,108.78,0.62,1000.67,37.89,113.89,2.43,2.07,90.79,308.32,7902,0.58,1.33,9.55,1.00,0.07,-0.03,0.01,3.41,-7.97,0.64,6,6,41,0,35.2901783,136.2529217,82.50, 0.12
2980879,0.07,-0.80,9.55,1.00,-0.04,-0.00,0.00,-0.47,4.99,0.03,10.60,0.00,0,2,1001.32,40.91,108.97,1001.33,40.34,108.79,0.62,1000.66,37.89,113.92,2.75,2.20,88.86,308.32,7902,0.55,1.37,9.59,1.00,0.07,-0.03,0.01,3.41,-7.97,0.64,6,6,41,0,35.2901783,136.2529217,82.50, 0.12
2980936,0.11,-0.79,9.54,1.00,-0.04,-0.00,0.00,-0.47,4.99,0.03,10.61,0.00,0,2,1001.32,40.91,108.97,1001.32,40.33,108.79,0.62,1000.65,37.88,114.00,3.22,2.38,87.10,308.32,7902,0.58,1.26,9.55,1.00,0.07,-0.03,0.01,3.41,-7.97,0.64,6,6,41,0,35.2901783,136.2529217,82.50, 0.12
2980994,0.10,-0.82,9.52,1.00,-0.04,-0.00,0.00,-0.47,4.99,0.03,10.62,0.00,0,2,1001.32,40.91,108.96,1001.32,40.33,108.72,0.62,1000.66,37.88,113.95,3.00,2.30,87.80,308.32,7903,0.56,1.28,9.52,1.00,0.07,-0.03,0.01,3.41,-7.97,0.64,6,6,41,0,35.2901783,136.2529217,82.50, 0.12
2981047,0.11,-0.82,9.52,1.00,-0.04,-0.00,0.00,-0.47,4.99,0.03,10.61,0.00,0,2,1001.32,40.91,108.97,1001.32,40.34,108.77,0.62,1000.66,37.88,113.93,2.63,2.16,88.86,308.32,7903,0.55,1.29,9.57,1.00,0.07,-0.03,0.01,3.41,-7.97,0.64,6,6,41,0,35.2901783,136.2529217,82.50, 0.12
2981104,0.09,-0.81,9.52,1.00,-0.04,-0.00,0.00,-0.47,4.99,0.03,10.61,0.00,0,2,1001.32,40.91,108.95,1001.32,40.35,108.75,0.62,1000.66,37.89,113.93,2.27,2.00,88.51,308.32,7903,0.59,1.38,9.54,1.00,0.07,-0.03,0.01,3.41,-7.97,0.64,6,6,41,0,35.2901783,136.2529217,82.50, 0.12
2981156,0.10,-0.77,9.52,1.00,-0.04,-0.00,0.00,-0.47,4.99,0.03,10.62,0.00,0,2,1001.32,40.90,109.00,1001.32,40.34,108.77,0.62,1000.66,37.89,113.98,2.32,2.02,87.45,308.32,7902,0.51,1.19,9.53,1.00,0.07,-0.03,0.01,3.41,-7.97,0.64,6,6,41,0,35.2901783,136.2529217,82.50, 0.12
2981214,0.06,-0.81,9.54,1.00,-0.04,-0.00,0.00,-0.47,4.99,0.03,10.61,0.00,0,2,1001.32,40.91,108.97,1001.32,40.33,108.77,0.62,1000.65,37.88,114.00,2.58,2.13,87.45,308.32,7902,0.59,1.46,9.58,1.00,0.07,-0.03,0.01,3.41,-7.97,0.64,6,6,41,0,35.2901783,136.2529217,82.50, 0.12
2981268,0.07,-0.85,9.49,1.00,-0.04,-0.00,0.00,-0.47,4.99,0.03,10.62,0.00,0,2,1001.32,40.91,108.99,1001.32,40.35,108.76,0.62,1000.65,37.88,114.00,2.27,2.00,87.36,308.32,7903,0.61,1.50,9.58,1.00,0.07,-0.03,0.01,3.41,-7.97,0.64,6,6,41,0,35.2901783,136.2529217,82.50, 0.12
2981323,0.07,-0.86,9.51,1.00,-0.04,-0.00,0.00,-0.47,4.99,0.03,10.62,0.00,0,2,1001.32,40.91,108.97,1001.32,40.33,108.80,0.62,1000.66,37.88,113.96,2.17,1.96,87.71,308.32,7902,0.57,1.36,9.52,1.00,0.07,-0.03,0.01,3.41,-7.97,0.64,6,6,41,0,35.2901783,136.2529217,82.50, 0.12
2981376,0.11,-0.82,9.56,1.00,-0.04,-0.00,0.00,-0.47,4.99,0.03,10.62,0.00,0,2,1001.32,40.91,109.01,1001.33,40.34,108.73,0.62,1000.66,37.89,113.93,2.33,2.03,87.71,308.32,7903,0.56,1.33,9.59,1.00,0.07,-0.03,0.01,3.41,-7.97,0.64,6,6,41,0,35.2901783,136.2529217,82.50, 0.12
2981433,0.11,-0.78,9.52,1.00,-0.04,-0.00,0.00,-0.47,4.99,0.03,10.61,0.00,0,2,1001.32,40.90,108.98,1001.32,40.34,108.78,0.62,1000.66,37.90,113.92,2.83,2.24,87.28,308.32,7902,0.51,1.27,9.55,1.00,0.07,-0.03,0.01,3.41,-7.97,0.64,6,6,41,0,35.2901783,136.2529217,82.50, 0.12
2981492,0.07,-0.77,9.51,1.00,-0.04,-0.00,0.00,-0.47,4.99,0.03,10.60,0.00,0,2,1001.32,40.92,109.00,1001.32,40.34,108.76,0.61,1000.66,37.90,113.97,2.82,2.23,87.63,308.32,7903,0.56,1.18,9.52,1.00,0.07,-0.03,0.01,3.41,-7.97,0.64,6,6,41,0,35.2901783,136.2529217,82.50, 0.12
2981545,0.04,-0.83,9.54,1.00,-0.04,-0.00,0.00,-0.47,4.99,0.03,10.61,0.00,0,2,1001.32,40.91,108.97,1001.32,40.35,108.78,0.62,1000.66,37.89,113.96,2.53,2.11,87.63,308.32,7902,0.66,1.31,9.53,1.00,0.07,-0.03,0.01,3.41,-7.97,0.64,6,6,41,0,35.2901783,136.2529217,82.50, 0.12
2981596,0.08,-0.81,9.49,1.00,-0.04,-0.00,0.00,-0.47,4.99,0.03,10.61,0.00,0,2,1001.32,40.90,108.98,1001.32,40.35,108.76,0.62,1000.66,37.90,113.95,2.45,2.08,87.28,308.32,7903,0.54,1.38,9.57,1.00,0.07,-0.03,0.01,3.41,-7.97,0.64,6,6,41,0,35.2901783,136.2529217,82.50, 0.12
2981653,0.11,-0.79,9.54,1.00,-0.04,-0.00,0.00,-0.47,4.99,0.03,10.61,0.00,0,2,1001.32,40.92,108.98,1001.32,40.35,108.75,0.62,1000.66,37.89,113.92,2.58,2.13,87.28,308.32,7902,0.53,1.29,9.57,1.00,0.07,-0.03,0.01,3.41,-7.97,0.64,6,6,41,0,35.2901783,136.2529217,82.50, 0.12
2981706,0.11,-0.82,9.56,1.00,-0.04,-0.00,0.00,-0.47,4.99,0.03,10.60,0.00,0,2,1001.32,40.91,108.98,1001.32,40.36,108.81,0.62,1000.66,37.88,113.93,2.45,2.08,87.19,308.32,7903,0.57,1.34,9.57,1.00,0.07,-0.03,0.01,3.41,-7.97,0.64,6,6,41,0,35.2901783,136.2529217,82.50, 0.12
2981763,0.12,-0.85,9.52,1.00,-0.04,-0.00,0.00,-0.47,4.99,0.03,10.60,0.00,0,2,1001.32,40.90,109.00,1001.32,40.36,108.78,0.62,1000.66,37.89,113.94,2.80,2.22,87.89,308.32,7902,0.61,1.36,9.55,1.00,0.07,-0.03,0.01,3.41,-7.97,0.64,6,6,41,0,35.2901783,136.2529217,82.50, 0.12
2981814,0.06,-0.79,9.50,1.00,-0.04,-0.00,0.00,-0.47,4.99,0.03,10.61,0.00,0,2,1001.32,40.90,108.96,1001.32,40.33,108.79,0.62,1000.67,37.89,113.89,0.87,1.24,87.63,308.32,7901,0.59,1.38,9.58,1.00,0.07,-0.03,0.01,3.41,-7.97,0.64,6,6,41,0,35.2901783,136.2529217,82.50, 0.12
2981871,0.04,-0.83,9.56,1.00,-0.04,-0.00,0.00,-0.47,4.99,0.03,10.61,0.00,0,2,1001.32,40.92,108.97,1001.32,40.35,108.75,0.62,1000.66,37.89,113.91,2.83,2.24,87.36,308.32,7903,0.60,1.27,9.52,1.00,0.07,-0.03,0.01,3.41,-7.97,0.64,6,6,42,0,35.2901800,136.2529217,82.50, 0.12
2981923,0.06,-0.83,9.53,1.00,-0.04,-0.00,0.00,-0.47,4.99,0.03,10.60,0.00,0,2,1001.32,40.92,109.01,1001.32,40.34,108.76,0.62,1000.67,37.88,113.89,2.75,2.20,87.45,308.32,7903,0.61,1.39,9.55,1.00,0.07,-0.03,0.01,3.41,-7.97,0.64,6,6,42,0,35.2901800,136.2529217,82.50, 0.12
2981980,0.08,-0.80,9.48,1.00,-0.04,-0.00,0.00,-0.47,4.99,0.03,10.60,0.00,0,2,1001.32,40.92,108.98,1001.32,40.36,108.76,0.62,1000.66,37.89,113.96,2.55,2.12,87.80,308.32,7902,0.53,1.32,9.54,1.00,0.07,-0.03,0.01,3.41,-7.97,0.64,6,6,42,0,35.2901800,136.2529217,82.50, 0.12
2982032,0.10,-0.83,9.55,1.00,-0.04,-0.00,0.00,-0.47,4.99,0.03,10.59,0.00,0,2,1001.32,40.91,108.97,1001.32,40.35,108.79,0.62,1000.66,37.89,113.91,1.60,1.68,87.63,308.32,7902,0.56,1.40,9.55,1.00,0.07,-0.03,0.01,3.41,-7.97,0.64,6,6,42,0,35.2901800,136.2529217,82.50, 0.12
2982090,0.11,-0.80,9.51,1.00,-0.04,-0.00,0.00,-0.47,4.99,0.03,10.59,0.00,0,2,1001.32,40.92,108.97,1001.32,40.33,108.78,0.62,1000.67,37.89,113.84,0.25,0.66,87.63,308.32,7902,0.56,1.33,9.58,1.00,0.07,-0.03,0.01,3.41,-7.97,0.64,6,6,42,0,35.2901800,136.2529217,82.50, 0.12
2982142,0.10,-0.83,9.49,1.00,-0.04,-0.00,0.00,-0.47,4.99,0.03,10.60,0.00,0,2,1001.32,40.91,108.99,1001.32,40.34,108.78,0.62,1000.67,37.89,113.88,1.15,1.42,87.71,308.32,7902,0.56,1.32,9.54,1.00,0.07,-0.03,0.01,3.41,-7.97,0.64,6,6,42,0,35.2901800,136.2529217,82.50, 0.12
2982195,0.11,-0.85,9.54,1.00,-0.04,-0.00,0.00,-0.47,4.99,0.03,10.59,0.00,0,2,1001.32,40.91,108.96,1001.32,40.34,108.76,0.62,1000.67,37.89,113.85,2.10,1.92,87.80,308.32,7903,0.57,1.42,9.62,1.00,0.07,-0.03,0.01,3.41,-7.97,0.64,6,6,42,0,35.2901800,136.2529217,82.50, 0.12
2982251,0.11,-0.84,9.52,1.00,-0.04,-0.00,0.00,-0.47,4.99,0.03,10.60,0.00,0,2,1001.32,40.92,108.98,1001.32,40.34,108.81,0.62,1000.67,37.89,113.89,2.68,2.18,87.19,308.32,7902,0.50,1.32,9.55,1.00,0.07,-0.03,0.01,3.41,-7.97,0.64,6,6,42,0,35.2901800,136.2529217,82.50, 0.12
2982305,0.08,-0.79,9.50,1.00,-0.04,-0.00,0.00,-0.47,4.99,0.03,10.59,0.00,0,2,1001.32,40.93,108.96,1001.32,40.34,108.75,0.62,1000.67,37.87,113.87,2.43,2.07,87.01,308.32,7902,0.58,1.27,9.60,1.00,0.07,-0.03,0.01,3.41,-7.97,0.64,6,6,42,0,35.2901800,136.2529217,82.50, 0.12
2982362,0.07,-0.77,9.52,1.00,-0.04,-0.00,0.00,-0.47,4.99,0.03,10.59,0.00,0,2,1001.32,40.92,108.96,1001.32,40.35,108.75,0.62,1000.67,37.89,113.87,1.78,1.77,87.36,308.32,7902,0.60,1.21,9.56,1.00,0.07,-0.03,0.01,3.41,-7.97,0.64,6,6,42,0,35.2901800,136.2529217,82.50, 0.12
2982415,0.03,-0.79,9.46,1.00,-0.04,-0.00,0.00,-0.47,4.99,0.03,10.59,0.00,0,2,1001.32,40.93,108.98,1001.32,40.35,108.78,0.62,1000.67,37.89,113.89,2.32,2.02,87.63,308.32,7902,0.61,1.39,9.56,1.00,0.07,-0.03,0.01,3.41,-7.97,0.64,6,6,42,0,35.2901800,136.2529217,82.50, 0.12
2982472,0.03,-0.88,9.50,1.00,-0.04,-0.00,0.00,-0.47,4.99,0.03,10.60,0.00,0,2,1001.32,40.93,108.95,1001.32,40.34,108.78,0.62,1000.67,37.89,113.87,2.17,1.96,87.80,308.32,7901,0.78,1.56,9.57,1.00,0.07,-0.03,0.01,3.41,-7.97,0.64,6,6,42,0,35.2901800,136.2529217,82.50, 0.12
2982530,0.02,-0.86,9.50,1.00,-0.04,-0.00,0.00,-0.47,4.99,0.03,10.59,0.00,0,2,1001.32,40.92,108.97,1001.32,40.33,108.79,0.62,1000.67,37.89,113.85,1.93,1.85,87.71,308.32,7902,0.67,1.40,9.55,1.00,0.07,-0.03,0.01,3.41,-7.97,0.65,6,6,42,0,35.2901800,136.2529217,82.50, 0.12
2982582,0.09,-0.79,9.52,1.00,-0.04,-0.00,0.00,-0.47,4.99,0.03,10.58,0.00,0,2,1001.32,40.92,108.96,1001.32,40.35,108.76,0.62,1000.67,37.89,113.87,1.97,1.86,87.63,308.32,7902,0.44,1.27,9.56,1.00,0.07,-0.03,0.01,3.41,-7.97,0.65,6,6,42,0,35.2901800,136.2529217,82.50, 0.12
2982635,0.10,-0.76,9.52,1.00,-0.04,-0.00,0.00,-0.47,4.99,0.03,10.58,0.00,0,2,1001.32,40.94,108.95,1001.32,40.36,108.76,0.62,1000.67,37.89,113.85,1.10,1.39,87.54,308.32,7901,0.37,1.47,9.62,1.00,0.07,-0.03,0.01,3.41,-7.97,0.65,6,6,42,0,35.2901800,136.2529217,82.50, 0.12
2982691,0.12,-0.83,9.55,1.00,-0.04,-0.00,0.00,-0.47,4.99,0.03,10.60,0.00,0,2,1001.32,40.93,108.99,1001.32,40.35,108.74,0.62,1000.67,37.90,113.87,1.72,1.74,87.63,308.32,7901,0.69,1.30,9.54,1.00,0.07,-0.03,0.01,3.41,-7.97,0.65,6,6,42,0,35.2901800,136.2529217,82.50, 0.06
2982748,0.09,-0.81,9.50,1.00,-0.04,-0.00,0.00,-0.47,4.99,0.03,10.60,0.00,0,2,1001.32,40.93,108.99,1001.32,40.35,108.80,0.62,1000.67,37.90,113.86,2.03,1.89,88.15,308.32,7902,0.50,1.23,9.54,1.00,0.07,-0.03,0.01,3.41,-7.97,0.65,6,6,42,0,35.2901800,136.2529217,82.50, 0.06
2982800,0.05,-0.82,9.53,1.00,-0.04,-0.00,0.00,-0.47,4.99,0.03,10.60,0.00,0,2,1001.32,40.93,108.98,1001.32,40.36,108.76,0.62,1000.67,37.90,113.86,1.98,1.87,88.15,308.32,7902,0.49,1.33,9.59,1.00,0.07,-0.03,0.01,3.41,-7.97,0.65,6,6,42,0,35.2901800,136.2529217,82.50, 0.06
2982853,0.04,-0.86,9.56,1.00,-0.04,-0.00,0.00,-0.47,4.99,0.03,10.59,0.00,0,2,1001.32,40.94,108.96,1001.33,40.35,108.73,0.62,1000.67,37.88,113.89,1.65,1.71,87.71,308.32,7902,0.55,1.48,9.60,1.00,0.07,-0.03,0.01,3.41,-7.97,0.65,6,6,42,0,35.2901800,136.2529217,82.50, 0.06
2982909,0.08,-0.83,9.50,1.00,-0.04,-0.00,0.00,-0.47,4.99,0.03,10.59,0.00,0,2,1001.32,40.93,108.99,1001.32,40.35,108.77,0.62,1000.66,37.88,113.90,2.67,2.17,87.54,308.32,7902,0.62,1.28,9.51,1.00,0.07,-0.03,0.01,3.41,-7.97,0.65,6,6,42,0,35.2901800,136.2529217,82.50, 0.06
2982968,0.15,-0.80,9.53,1.00,-0.04,-0.00,0.00,-0.47,4.99,0.03,10.59,0.00,0,2,1001.32,40.93,108.96,1001.32,40.37,108.77,0.62,1000.66,37.89,113.91,2.57,2.13,87.54,308.32,7903,0.53,1.31,9.59,1.00,0.07,-0.03,0.01,3.41,-7.97,0.65,6,6,43,0,35.2901800,136.2529217,82.50, 0.06
2983022,0.11,-0.87,9.48,1.00,-0.04,-0.00,0.00,-0.47,4.99,0.03,10.60,0.00,0,2,1001.32,40.93,109.01,1001.32,40.36,108.76,0.62,1000.67,37.88,113.90,2.00,1.88,87.45,308.32,7902,0.56,1.34,9.56,1.00,0.07,-0.03,0.01,3.41,-7.97,0.65,6,6,43,0,35.2901800,136.2529217,82.50, 0.06
2983075,0.06,-0.84,9.57,1.00,-0.04,-0.00,0.00,-0.47,4.99,0.03,10.61,0.00,0,2,1001.32,40.94,108.96,1001.32,40.36,108.74,0.62,1000.66,37.88,113.94,1.80,1.78,88.86,308.32,7902,0.59,1.43,9.58,1.00,0.07,-0.03,0.01,3.41,-7.97,0.65,6,6,43,0,35.2901800,136.2529217,82.50, 0.06
2983129,0.09,-0.75,9.53,1.00,-0.04,-0.00,0.00,-0.47,4.99,0.03,10.61,0.00,0,2,1001.32,40.93,108.96,1001.32,40.37,108.77,0.62,1000.66,37.87,113.90,2.22,1.98,89.56,308.32,7902,0.60,1.23,9.55,1.00,0.07,-0.03,0.01,3.41,-7.97,0.65,6,6,43,0,35.2901800,136.2529217,82.50, 0.06
2983187,0.12,-0.81,9.51,1.00,-0.04,-0.00,0.00,-0.47,4.99,0.03,10.60,0.00,0,2,1001.32,40.94,108.97,1001.33,40.35,108.76,0.62,1000.67,37.89,113.85,2.28,2.01,88.86,308.32,7903,0.56,1.27,9.54,1.00,0.07,-0.03,0.01,3.41,-7.97,0.65,6,6,43,0,35.2901800,136.2529217,82.50, 0.06
2983240,0.09,-0.83,9.53,1.00,-0.04,-0.00,0.00,-0.47,4.99,0.03,10.60,0.00,0,2,1001.32,40.94,108.97,1001.32,40.36,108.77,0.62,1000.67,37.88,113.90,2.62,2.15,89.03,308.32,7902,0.63,1.32,9.58,1.00,0.07,-0.03,0.01,3.41,-7.97,0.65,6,6,43,0,35.2901800,136.2529217,82.50, 0.06
2983298,0.06,-0.79,9.52,1.00,-0.04,-0.00,0.00,-0.47,4.99,0.03,10.59,0.00,0,2,1001.32,40.95,108.97,1001.33,40.37,108.74,0.62,1000.67,37.88,113.87,0.77,1.16,90.09,308.32,7902,0.59,1.37,9.56,1.00,0.07,-0.03,0.01,3.41,-7.97,0.65,6,6,43,0,35.2901800,136.2529217,82.50, 0.06
2983349,0.07,-0.80,9.54,1.00,-0.04,-0.00,0.00,-0.47,4.99,0.03,10.59,0.00,0,2,1001.32,40.94,108.99,1001.32,40.36,108.76,0.62,1000.67,37.89,113.87,0.50,0.94,92.55,308.32,7902,0.63,1.41,9.59,1.00,0.07,-0.03,0.01,3.41,-7.97,0.65,6,6,43,0,35.2901800,136.2529217,82.50, 0.06
2983407,0.10,-0.84,9.52,1.00,-0.04,-0.00,0.00,-0.47,4.99,0.03,10.59,0.00,0,2,1001.32,40.94,108.98,1001.32,40.35,108.76,0.62,1000.67,37.88,113.87,1.20,1.46,93.78,308.32,7903,0.59,1.33,9.56,1.00,0.07,-0.03,0.01,3.41,-7.97,0.65,6,6,43,0,35.2901800,136.2529217,82.50, 0.06
2983459,0.08,-0.84,9.52,1.00,-0.04,-0.00,0.00,-0.47,4.99,0.03,10.60,0.00,0,2,1001.32,40.96,108.97,1001.32,40.36,108.78,0.61,1000.67,37.88,113.89,1.90,1.83,95.71,308.32,7902,0.67,1.40,9.59,1.00,0.07,-0.03,0.01,3.41,-7.97,0.65,6,6,43,0,35.2901800,136.2529217,82.50, 0.06
2983515,0.05,-0.79,9.52,1.00,-0.04,-0.00,0.00,-0.47,4.99,0.03,10.60,0.00,0,2,1001.32,40.94,109.00,1001.32,40.35,108.76,0.62,1000.66,37.88,113.93,0.98,1.32,95.27,308.32,7901,0.61,1.32,9.55,1.00,0.07,-0.03,0.01,3.41,-7.97,0.65,6,6,43,0,35.2901800,136.2529217,82.50, 0.06
2983567,0.11,-0.80,9.52,1.00,-0.04,-0.00,0.00,-0.47,4.99,0.03,10.62,0.00,0,2,1001.32,40.95,108.99,1001.32,40.36,108.76,0.62,1000.66,37.89,113.94,1.10,1.39,95.10,308.32,7902,0.53,1.21,9.52,1.00,0.07,-0.03,0.01,3.41,-7.97,0.65,6,6,43,0,35.2901800,136.2529217,82.50, 0.06
2983625,0.11,-0.86,9.57,1.00,-0.04,-0.00,0.00,-0.47,4.99,0.03,10.61,0.00,0,2,1001.32,40.96,108.96,1001.33,40.36,108.74,0.62,1000.66,37.90,113.92,2.07,1.91,94.92,308.32,7902,0.60,1.28,9.57,1.00,0.07,-0.03,0.01,3.41,-7.97,0.65,6,6,43,0,35.2901800,136.2529217,82.50, 0.06
2983677,0.13,-0.81,9.50,1.00,-0.04,-0.00,0.00,-0.47,4.99,0.03,10.60,0.00,0,2,1001.32,40.95,108.98,1001.32,40.37,108.76,0.62,1000.66,37.89,113.94,1.20,1.46,94.92,308.32,7902,0.49,1.29,9.57,1.00,0.07,-0.03,0.01,3.41,-7.97,0.65,6,6,43,0,35.2901800,136.2529217,82.50, 0.06
2983736,0.12,-0.88,9.56,1.00,-0.04,-0.00,0.00,-0.47,4.99,0.03,10.59,0.00,0,2,1001.32,40.95,108.96,1001.32,40.35,108.76,0.62,1000.66,37.88,113.91,0.95,1.29,94.75,308.32,7902,0.58,1.44,9.56,1.00,0.07,-0.03,0.01,3.41,-7.97,0.65,6,6,43,0,35.2901800,136.2529217,82.50, 0.06
2983788,0.08,-0.90,9.53,1.00,-0.04,-0.00,0.00,-0.47,4.99,0.03,10.61,0.00,0,2,1001.32,40.94,108.99,1001.33,40.36,108.74,0.62,1000.66,37.88,113.90,1.85,1.81,94.57,308.32,7902,0.57,1.50,9.57,1.00,0.07,-0.03,0.01,3.41,-7.97,0.65,6,6,43,0,35.2901800,136.2529217,82.50, 0.07
2983846,0.07,-0.84,9.51,1.00,-0.04,-0.00,0.00,-0.47,4.99,0.03,10.60,0.00,0,2,1001.32,40.95,109.00,1001.33,40.36,108.70,0.62,1000.67,37.89,113.89,2.20,1.97,94.57,308.32,7903,0.60,1.41,9.62,1.00,0.07,-0.03,0.01,3.41,-7.97,0.65,6,6,43,0,35.2901800,136.2529217,82.50, 0.07
2983898,0.08,-0.78,9.53,1.00,-0.04,-0.00,0.00,-0.47,4.99,0.03,10.59,0.00,0,2,1001.32,40.95,108.98,1001.32,40.37,108.75,0.62,1000.67,37.89,113.89,2.33,2.03,94.13,308.32,7901,0.57,1.25,9.58,1.00,0.07,-0.03,0.01,3.41,-7.97,0.65,6,6,43,0,35.2901800,136.2529217,82.50, 0.07
2983956,0.09,-0.76,9.55,1.00,-0.04,-0.00,0.00,-0.47,4.99,0.03,10.59,0.00,0,2,1001.32,40.95,108.98,1001.33,40.36,108.75,0.62,1000.67,37.88,113.90,2.87,2.25,94.13,308.32,7902,0.54,1.33,9.58,1.00,0.07,-0.03,0.01,3.41,-7.97,0.65,6,6,44,0,35.2901783,136.2529200,82.50, 0.07
2984013,0.08,-0.79,9.53,1.00,-0.04,-0.00,0.00,-0.47,4.99,0.03,10.59,0.00,0,2,1001.32,40.96,108.97,1001.32,40.36,108.76,0.62,1000.67,37.89,113.85,2.18,1.96,94.04,308.32,7901,0.55,1.35,9.56,1.00,0.07,-0.03,0.01,3.41,-7.97,0.65,6,6,44,0,35.2901783,136.2529200,82.50, 0.07
2984067,0.07,-0.79,9.51,1.00,-0.04,-0.00,0.00,-0.47,4.99,0.03,10.59,0.00,0,2,1001.33,40.95,108.95,1001.33,40.36,108.74,0.62,1000.67,37.90,113.89,2.43,2.07,94.13,308.32,7902,0.58,1.36,9.60,1.00,0.07,-0.03,0.01,3.41,-7.97,0.65,6,6,44,0,35.2901783,136.2529200,82.50, 0.07
2984122,0.07,-0.82,9.53,1.00,-0.04,-0.00,0.00,-0.47,4.99,0.03,10.59,0.00,0,2,1001.32,40.96,108.96,1001.33,40.36,108.74,0.62,1000.67,37.87,113.88,2.13,1.94,94.13,308.32,7902,0.58,1.28,9.56,1.00,0.07,-0.03,0.01,3.41,-7.97,0.65,6,6,44,0,35.2901783,136.2529200,82.50, 0.07
2984176,0.06,-0.89,9.52,1.00,-0.04,-0.00,0.00,-0.47,4.99,0.03,10.59,0.00,0,2,1001.32,40.96,109.01,1001.32,40.35,108.75,0.62,1000.67,37.89,113.89,2.77,2.21,93.87,308.32,7902,0.57,1.49,9.59,1.00,0.07,-0.03,0.01,3.41,-7.97,0.65,6,6,44,0,35.2901783,136.2529200,82.50, 0.07
2984234,0.12,-0.83,9.48,1.00,-0.04,-0.00,0.00,-0.47,4.99,0.03,10.60,0.00,0,2,1001.32,40.96,108.97,1001.33,40.36,108.76,0.62,1000.66,37.88,113.91,2.10,1.92,93.08,308.32,7902,0.54,1.37,9.56,1.00,0.07,-0.03,0.01,3.41,-7.97,0.65,6,6,44,0,35.2901783,136.2529200,82.50, 0.07
2984285,0.10,-0.82,9.50,1.00,-0.04,-0.00,0.00,-0.47,4.99,0.03,10.61,0.00,0,2,1001.32,40.96,108.99,1001.32,40.35,108.75,0.62,1000.66,37.88,113.91,1.70,1.73,92.02,308.32,7903,0.58,1.31,9.54,1.00,0.07,-0.03,0.01,3.41,-7.97,0.65,6,6,44,0,35.2901783,136.2529200,82.50, 0.07
2984337,0.10,-0.86,9.55,1.00,-0.04,-0.00,0.00,-0.47,4.99,0.03,10.61,0.00,0,2,1001.33,40.96,108.92,1001.32,40.34,108.76,0.62,1000.66,37.88,113.95,1.87,1.81,89.82,308.32,7903,0.58,1.41,9.59,1.00,0.07,-0.03,0.01,3.41,-7.97,0.65,6,6,44,0,35.2901783,136.2529200,82.50, 0.07
2984394,0.11,-0.88,9.51,1.00,-0.04,-0.00,0.00,-0.47,4.99,0.03,10.61,0.00,0,2,1001.32,40.96,108.98,1001.32,40.35,108.78,0.62,1000.67,37.89,113.88,2.87,2.25,89.82,308.32,7902,0.60,1.36,9.52,1.00,0.07,-0.03,0.01,3.41,-7.97,0.65,6,6,44,0,35.2901783,136.2529200,82.50, 0.07
2984447,0.08,-0.75,9.52,1.00,-0.04,-0.00,0.00,-0.47,4.99,0.03,10.60,0.00,0,2,1001.32,40.96,109.02,1001.32,40.36,108.80,0.62,1000.67,37.88,113.89,2.88,2.26,91.05,308.32,7903,0.64,1.25,9.56,1.00,0.07,-0.03,0.01,3.41,-7.97,0.65,6,6,44,0,35.2901783,136.2529200,82.50, 0.07
2984506,0.11,-0.75,9.53,1.00,-0.04,-0.00,0.00,-0.47,4.99,0.03,10.61,0.00,0,2,1001.32,40.96,109.00,1001.32,40.34,108.78,0.62,1000.66,37.89,113.92,3.90,2.62,91.93,308.32,7902,0.68,1.26,9.55,1.00,0.07,-0.03,0.01,3.41,-7.97,0.65,6,6,44,0,35.2901783,136.2529200,82.50, 0.07
2984559,0.11,-0.79,9.58,1.00,-0.04,-0.00,0.00,-0.47,4.99,0.03,10.62,0.00,0,2,1001.32,40.96,109.01,1001.32,40.35,108.76,0.62,1000.67,37.87,113.85,2.37,2.04,94.66,308.32,7902,0.49,1.21,9.54,1.00,0.07,-0.03,0.01,3.41,-7.97,0.65,6,6,44,0,35.2901783,136.2529200,82.50, 0.07
2984614,0.05,-0.86,9.50,1.00,-0.04,-0.00,0.00,-0.47,4.99,0.03,10.61,0.00,0,2,1001.32,40.97,109.00,1001.32,40.36,108.76,0.62,1000.67,37.88,113.86,2.82,2.23,98.00,308.32,7902,0.58,1.39,9.55,1.00,0.07,-0.03,0.01,3.41,-7.97,0.65,6,6,44,0,35.2901783,136.2529200,82.50, 0.07
2984672,0.06,-0.88,9.53,1.00,-0.04,-0.00,0.00,-0.47,4.99,0.03,10.60,0.00,0,2,1001.32,40.96,109.01,1001.32,40.37,108.77,0.62,1000.66,37.89,113.92,3.03,2.31,100.72,308.32,7902,0.66,1.36,9.56,1.00,0.07,-0.03,0.01,3.41,-7.97,0.65,6,6,44,0,35.2901783,136.2529200,82.50, 0.07
2984724,0.11,-0.89,9.53,1.00,-0.04,-0.00,0.00,-0.47,4.99,0.03,10.60,0.00,0,2,1001.32,40.95,109.03,1001.32,40.36,108.77,0.62,1000.66,37.89,113.96,3.35,2.43,101.34,308.32,7901,0.46,1.38,9.57,1.00,0.07,-0.03,0.01,3.41,-7.97,0.65,6,6,44,0,35.2901783,136.2529200,82.50, 0.07
2984781,0.14,-0.82,9.49,1.00,-0.04,-0.00,0.00,-0.47,4.99,0.03,10.64,0.00,0,2,1001.32,40.96,109.02,1001.32,40.35,108.78,0.62,1000.66,37.88,113.96,3.00,2.30,98.79,308.32,7903,0.60,1.44,9.57,1.00,0.07,-0.03,0.01,3.41,-7.97,0.65,6,6,44,0,35.2901783,136.2529200,82.50, 0.07
2984833,0.12,-0.74,9.51,1.00,-0.04,-0.00,0.00,-0.47,4.99,0.03,10.63,0.00,0,2,1001.32,40.97,109.02,1001.32,40.36,108.77,0.62,1000.65,37.89,114.06,3.03,2.31,95.19,308.32,7902,0.63,1.26,9.56,1.00,0.07,-0.03,0.01,3.41,-7.97,0.65,6,6,44,0,35.2901783,136.2529200,82.50, 0.18
2984886,0.10,-0.74,9.50,1.00,-0.04,-0.00,0.00,-0.47,4.99,0.03,10.64,0.00,0,2,1001.32,40.96,109.04,1001.32,40.37,108.79,0.62,1000.65,37.90,114.01,3.57,2.51,92.20,308.32,7903,0.52,1.38,9.58,1.00,0.07,-0.03,0.01,3.41,-7.97,0.65,6,6,44,0,35.2901783,136.2529200,82.50, 0.18
2984942,0.06,-0.83,9.53,1.00,-0.04,-0.00,0.00,-0.47,4.99,0.03,10.64,0.00,0,2,1001.31,40.97,109.05,1001.32,40.36,108.77,0.62,1000.65,37.89,114.01,3.75,2.57,91.67,308.32,7902,0.56,1.39,9.57,1.00,0.07,-0.03,0.01,3.41,-7.97,0.65,6,6,45,0,35.2901783,136.2529183,82.50, 0.18
2984996,0.03,-0.84,9.50,1.00,-0.04,-0.00,0.00,-0.47,4.99,0.03,10.64,0.00,0,2,1001.32,40.96,109.02,1001.32,40.37,108.76,0.62,1000.65,37.87,114.05,3.60,2.52,91.05,308.32,7902,0.66,1.39,9.58,1.00,0.07,-0.03,0.01,3.41,-7.97,0.65,6,6,45,0,35.2901783,136.2529183,82.50, 0.18
2985053,0.06,-0.83,9.55,1.00,-0.04,-0.00,0.00,-0.47,4.99,0.03,10.63,0.00,0,2,1001.32,40.97,109.00,1001.32,40.36,108.78,0.62,1000.65,37.89,114.05,3.17,2.36,92.46,308.32,7902,0.64,1.46,9.61,1.00,0.07,-0.03,0.01,3.41,-7.97,0.65,6,6,45,0,35.2901783,136.2529183,82.50, 0.18
2985110,0.08,-0.80,9.50,1.00,-0.04,-0.00,0.00,-0.47,4.99,0.03,10.62,0.00,0,2,1001.32,40.97,109.00,1001.32,40.36,108.79,0.62,1000.65,37.89,114.01,2.77,2.21,92.11,308.32,7902,0.60,1.27,9.51,1.00,0.07,-0.03,0.01,3.41,-7.97,0.65,6,6,45,0,35.2901783,136.2529183,82.50, 0.18
2985163,0.12,-0.82,9.54,1.00,-0.04,-0.00,0.00,-0.47,4.99,0.03,10.62,0.00,0,2,1001.32,40.96,109.02,1001.32,40.36,108.76,0.62,1000.66,37.88,113.98,3.47,2.47,92.20,308.32,7902,0.65,1.28,9.59,1.00,0.07,-0.03,0.01,3.41,-7.97,0.65,6,6,45,0,35.2901783,136.2529183,82.50, 0.18
2985218,0.13,-0.79,9.56,1.00,-0.04,-0.00,0.00,-0.47,4.99,0.03,10.63,0.00,0,2,1001.31,40.96,109.04,1001.32,40.35,108.80,0.62,1000.65,37.89,113.99,4.48,2.81,92.64,308.32,7905,0.48,1.27,9.58,1.00,0.07,-0.03,0.01,3.41,-7.97,0.65,6,6,45,0,35.2901783,136.2529183,82.50, 0.18
2985272,0.10,-0.81,9.50,1.00,-0.04,-0.00,0.00,-0.47,4.99,0.03,10.63,0.00,0,2,1001.32,40.98,109.01,1001.32,40.35,108.80,0.62,1000.66,37.88,113.91,4.28,2.75,94.13,308.32,7903,0.55,1.20,9.51,1.00,0.07,-0.03,0.01,3.41,-7.97,0.65,6,6,45,0,35.2901783,136.2529183,82.50, 0.18
2985326,0.02,-0.86,9.59,1.00,-0.04,-0.00,0.00,-0.47,4.99,0.03,10.62,0.00,0,2,1001.32,40.97,108.99,1001.32,40.36,108.78,0.62,1000.66,37.90,113.94,3.93,2.63,94.13,308.32,7904,0.68,1.34,9.55,1.00,0.07,-0.03,0.01,3.41,-7.97,0.65,6,6,45,0,35.2901783,136.2529183,82.50, 0.18
2985381,0.07,-0.85,9.50,1.00,-0.04,-0.00,0.00,-0.47,4.99,0.03,10.62,0.00,0,2,1001.31,40.97,109.06,1001.32,40.36,108.77,0.62,1000.66,37.89,113.91,3.47,2.47,94.22,308.32,7902,0.53,1.38,9.58,1.00,0.07,-0.03,0.01,3.41,-7.97,0.65,6,6,45,0,35.2901783,136.2529183,82.50, 0.18
2985432,0.12,-0.82,9.49,1.00,-0.04,-0.00,0.00,-0.47,4.99,0.03,10.63,0.00,0,2,1001.32,40.97,109.03,1001.32,40.36,108.75,0.62,1000.65,37.89,114.03,3.60,2.52,93.08,308.32,7902,0.52,1.34,9.55,1.00,0.07,-0.03,0.01,3.41,-7.97,0.65,6,6,45,0,35.2901783,136.2529183,82.50, 0.18
2985491,0.13,-0.81,9.54,1.00,-0.04,-0.00,0.00,-0.47,4.99,0.03,10.64,0.00,0,2,1001.31,40.98,109.06,1001.32,40.37,108.78,0.62,1000.65,37.89,114.03,3.60,2.52,90.62,308.32,7902,0.54,1.37,9.58,1.00,0.07,-0.03,0.01,3.41,-7.97,0.65,6,6,45,0,35.2901783,136.2529183,82.50, 0.18
2985544,0.07,-0.76,9.53,1.00,-0.04,-0.00,0.00,-0.47,4.99,0.03,10.62,0.00,0,2,1001.32,40.96,109.02,1001.32,40.36,108.77,0.62,1000.65,37.89,114.03,3.17,2.36,89.65,308.32,7902,0.59,1.29,9.57,1.00,0.07,-0.03,0.01,3.41,-7.97,0.65,6,6,45,0,35.2901783,136.2529183,82.50, 0.18
2985596,0.11,-0.79,9.53,1.00,-0.04,-0.00,0.00,-0.47,4.99,0.03,10.61,0.00,0,2,1001.32,40.97,108.99,1001.32,40.38,108.78,0.62,1000.65,37.89,113.99,3.07,2.33,89.38,308.32,7903,0.54,1.22,9.52,1.00,0.07,-0.03,0.01,3.41,-7.97,0.65,6,6,45,0,35.2901783,136.2529183,82.50, 0.18
2985650,0.16,-0.78,9.55,1.00,-0.04,-0.00,0.00,-0.47,4.99,0.03,10.61,0.00,0,2,1001.32,40.98,109.04,1001.32,40.37,108.77,0.62,1000.66,37.87,113.92,3.62,2.53,89.65,308.32,7903,0.45,1.41,9.62,1.00,0.07,-0.03,0.01,3.41,-7.97,0.65,6,6,45,0,35.2901783,136.2529183,82.50, 0.18
2985709,0.11,-0.79,9.58,1.00,-0.04,-0.00,0.00,-0.47,4.99,0.03,10.60,0.00,0,2,1001.32,40.98,108.99,1001.32,40.36,108.75,0.62,1000.66,37.89,113.91,3.40,2.45,89.30,308.32,7902,0.54,1.35,9.54,1.00,0.07,-0.03,0.01,3.41,-7.97,0.65,6,6,45,0,35.2901783,136.2529183,82.50, 0.18
2985762,0.07,-0.90,9.53,1.00,-0.04,-0.00,0.00,-0.47,4.99,0.03,10.59,0.00,0,2,1001.32,41.00,109.00,1001.32,40.37,108.78,0.62,1000.67,37.89,113.87,3.13,2.35,90.00,308.32,7902,0.72,1.44,9.56,1.00,0.07,-0.03,0.01,3.41,-7.97,0.65,6,6,45,0,35.2901783,136.2529183,82.50, 0.18
2985813,0.08,-0.95,9.50,1.00,-0.04,-0.00,0.00,-0.47,4.99,0.03,10.58,0.00,0,2,1001.32,40.99,108.98,1001.33,40.38,108.72,0.62,1000.67,37.89,113.85,3.82,2.59,90.18,308.32,7902,0.47,1.47,9.58,1.00,0.07,-0.03,0.01,3.41,-7.97,0.65,6,6,45,0,35.2901783,136.2529183,82.50, 0.18
2985870,0.12,-0.81,9.48,1.00,-0.04,-0.00,0.00,-0.47,4.99,0.03,10.58,0.00,0,2,1001.32,40.98,108.99,1001.32,40.36,108.77,0.62,1000.66,37.88,113.91,3.57,2.51,90.09,308.32,7902,0.53,1.24,9.55,1.00,0.07,-0.03,0.01,3.41,-7.97,0.65,6,6,46,0,35.2901783,136.2529167,82.50, 0.18
2985928,0.09,-0.82,9.50,1.00,-0.04,-0.00,0.00,-0.47,4.99,0.03,10.59,0.00,0,2,1001.32,40.99,109.00,1001.32,40.35,108.79,0.62,1000.66,37.86,113.92,3.30,2.41,90.26,308.32,7903,0.62,1.26,9.52,1.00,0.07,-0.03,0.01,3.41,-7.97,0.65,6,6,46,0,35.2901783,136.2529167,82.50, 0.18
2985981,0.09,-0.79,9.54,1.00,-0.04,-0.00,0.00,-0.47,4.99,0.03,10.59,0.00,0,2,1001.32,40.99,109.00,1001.32,40.36,108.81,0.62,1000.66,37.88,113.97,2.83,2.24,90.09,308.32,7903,0.58,1.34,9.57,1.00,0.07,-0.03,0.01,3.41,-7.97,0.65,6,6,46,0,35.2901783,136.2529167,82.50, 0.18
2986039,0.09,-0.75,9.50,1.00,-0.04,-0.00,0.00,-0.47,4.99,0.03,10.59,0.00,0,2,1001.32,40.99,109.02,1001.32,40.35,108.78,0.62,1000.66,37.87,113.95,3.40,2.45,89.56,308.32,7903,0.55,1.26,9.59,1.00,0.07,-0.03,0.01,3.41,-7.97,0.65,6,6,46,0,35.2901783,136.2529167,82.50, 0.18
2986090,0.11,-0.78,9.51,1.00,-0.04,-0.00,0.00,-0.47,4.99,0.03,10.60,0.00,0,2,1001.32,41.00,108.97,1001.32,40.36,108.80,0.62,1000.66,37.89,113.98,2.18,1.96,88.86,308.32,7902,0.54,1.27,9.54,1.00,0.07,-0.03,0.01,3.41,-7.97,0.65,6,6,46,0,35.2901783,136.2529167,82.50, 0.18
2986144,0.11,-0.80,9.51,1.00,-0.04,-0.00,0.00,-0.47,4.99,0.03,10.60,0.00,0,2,1001.32,40.99,109.02,1001.32,40.37,108.75,0.62,1000.66,37.87,113.97,2.37,2.04,89.47,308.32,8063,0.60,1.32,9.53,1.00,0.07,-0.03,0.01,3.41,-7.97,0.65,6,6,46,0,35.2901783,136.2529167,82.50, 0.18
2986200,0.07,-0.87,9.55,1.00,-0.04,-0.00,0.00,-0.47,4.99,0.03,10.59,0.00,0,2,1001.32,40.99,109.02,1001.32,40.37,108.78,0.62,1000.66,37.88,113.94,2.73,2.20,89.74,308.32,7902,0.59,1.39,9.55,1.00,0.07,-0.03,0.01,3.41,-7.97,0.65,6,6,46,0,35.2901783,136.2529167,82.50, 0.18
2986257,0.08,-0.84,9.55,1.00,-0.04,-0.00,0.00,-0.47,4.99,0.03,10.60,0.00,0,2,1001.32,40.98,109.04,1001.32,40.37,108.80,0.62,1000.66,37.88,113.95,2.62,2.15,89.56,308.32,32895,0.59,1.45,9.56,1.00,0.07,-0.03,0.01,3.41,-7.97,0.65,6,6,46,0,35.2901783,136.2529167,82.50, 0.18
2986308,0.09,-0.79,9.51,1.00,-0.04,-0.00,0.00,-0.47,4.99,0.03,10.59,0.00,0,2,1001.32,41.00,109.04,1001.32,40.38,108.77,0.62,1000.66,37.89,113.91,2.67,2.17,90.44,308.32,7903,0.63,1.37,9.57,1.00,0.07,-0.03,0.01,3.41,-7.97,0.65,6,6,46,0,35.2901783,136.2529167,82.50, 0.18
2986367,0.09,-0.89,9.53,1.00,-0.04,-0.00,0.00,-0.47,4.99,0.03,10.60,0.00,0,2,1001.32,40.99,109.02,1001.32,40.36,108.77,0.62,1000.67,37.88,113.86,3.55,2.50,92.29,308.32,7902,0.61,1.48,9.59,1.00,0.07,-0.03,0.01,3.41,-7.97,0.65,6,6,46,0,35.2901783,136.2529167,82.50, 0.18
2986419,0.10,-0.84,9.51,1.00,-0.04,-0.00,0.00,-0.47,4.99,0.03,10.60,0.00,0,2,1001.32,40.99,109.02,1001.32,40.36,108.82,0.62,1000.66,37.89,113.91,3.02,2.31,93.25,308.32,7902,0.54,1.35,9.53,1.00,0.07,-0.03,0.01,3.41,-7.97,0.65,6,6,46,0,35.2901783,136.2529167,82.50, 0.18
2986476,0.14,-0.80,9.53,1.00,-0.04,-0.00,0.00,-0.47,4.99,0.03,10.61,0.00,0,2,1001.31,40.99,109.07,1001.32,40.36,108.78,0.62,1000.66,37.87,113.90,1.17,1.43,95.27,308.32,7901,0.52,1.26,9.56,1.00,0.07,-0.03,0.01,3.41,-7.97,0.65,6,6,46,0,35.2901783,136.2529167,82.50, 0.18
2986527,0.11,-0.81,9.57,1.00,-0.04,-0.00,0.00,-0.47,4.99,0.03,10.62,0.00,0,2,1001.32,40.98,109.01,1001.32,40.36,108.77,0.62,1000.66,37.89,113.95,1.87,1.81,95.62,308.32,7902,0.63,1.27,9.52,1.00,0.07,-0.03,0.01,3.41,-7.97,0.65,6,6,46,0,35.2901783,136.2529167,82.50, 0.18
2986585,0.07,-0.86,9.51,1.00,-0.04,-0.00,0.00,-0.47,4.99,0.03,10.61,0.00,0,2,1001.32,40.98,109.04,1001.32,40.37,108.77,0.62,1000.66,37.88,113.98,2.32,2.02,94.48,308.32,7902,0.66,1.43,9.58,1.00,0.07,-0.03,0.01,3.41,-7.97,0.65,6,6,46,0,35.2901783,136.2529167,82.50, 0.18
2986637,0.03,-0.80,9.52,1.00,-0.04,-0.00,0.00,-0.47,4.99,0.03,10.61,0.00,0,2,1001.32,40.98,109.04,1001.32,40.38,108.78,0.62,1000.65,37.88,114.07,3.17,2.36,90.26,308.32,7903,0.69,1.34,9.52,1.00,0.07,-0.03,0.01,3.41,-7.97,0.65,6,6,46,0,35.2901783,136.2529167,82.50, 0.18
2986692,0.06,-0.83,9.56,1.00,-0.04,-0.00,0.00,-0.47,4.99,0.03,10.61,0.00,0,2,1001.32,40.99,108.99,1001.32,40.37,108.81,0.62,1000.65,37.88,114.06,3.27,2.40,87.71,308.32,7902,0.71,1.37,9.56,1.00,0.07,-0.03,0.01,3.41,-7.97,0.65,6,6,46,0,35.2901783,136.2529167,82.50, 0.18
2986748,0.11,-0.85,9.54,1.00,-0.04,-0.00,0.00,-0.47,4.99,0.03,10.61,0.00,0,2,1001.32,40.99,109.02,1001.32,40.36,108.81,0.62,1000.65,37.88,114.07,3.63,2.53,89.56,308.32,7902,0.59,1.41,9.54,1.00,0.07,-0.03,0.01,3.41,-7.97,0.65,6,6,46,0,35.2901783,136.2529167,82.50, 0.18
2986805,0.10,-0.83,9.53,1.00,-0.04,-0.00,0.00,-0.47,4.99,0.03,10.63,0.00,0,2,1001.32,41.01,109.02,1001.32,40.37,108.82,0.62,1000.66,37.89,113.91,3.68,2.55,93.87,308.32,7903,0.60,1.33,9.59,1.00,0.07,-0.03,0.01,3.41,-7.97,0.65,6,6,46,0,35.2901783,136.2529167,82.50, 0.18
2986857,0.12,-0.79,9.53,1.00,-0.04,-0.00,0.00,-0.47,4.99,0.03,10.62,0.00,0,2,1001.32,41.02,109.05,1001.32,40.37,108.77,0.62,1000.66,37.87,113.94,3.90,2.62,96.24,308.32,7902,0.51,1.31,9.56,1.00,0.07,-0.03,0.01,3.41,-7.97,0.65,6,6,47,0,35.2901783,136.2529183,82.50, 0.18
2986915,0.08,-0.82,9.54,1.00,-0.04,-0.00,0.00,-0.47,4.99,0.03,10.61,0.00,0,2,1001.32,41.01,109.05,1001.32,40.36,108.79,0.62,1000.66,37.88,113.91,2.18,1.96,99.76,308.32,7901,0.56,1.38,9.61,1.00,0.07,-0.03,0.01,3.41,-7.97,0.65,6,6,47,0,35.2901783,136.2529183,82.50, 0.18
2986967,0.04,-0.91,9.48,1.00,-0.04,-0.00,0.00,-0.47,4.99,0.03,10.61,0.00,0,2,1001.32,41.01,109.03,1001.32,40.37,108.78,0.62,1000.66,37.87,113.97,3.35,2.43,98.17,308.32,7902,0.71,1.51,9.58,1.00,0.07,-0.03,0.01,3.41,-7.97,0.65,6,6,47,0,35.2901783,136.2529183,82.50, 0.18
2987022,0.07,-0.85,9.50,1.00,-0.04,-0.00,0.00,-0.47,4.99,0.03,10.61,0.00,0,2,1001.31,40.99,109.08,1001.32,40.36,108.79,0.62,1000.66,37.88,113.97,3.63,2.53,96.59,308.32,7903,0.57,1.45,9.55,1.00,0.07,-0.03,0.01,3.41,-7.97,0.65,6,6,47,0,35.2901783,136.2529183,82.50, 0.18
2987076,0.13,-0.75,9.51,1.00,-0.04,-0.00,0.00,-0.47,4.99,0.03,10.62,0.00,0,2,1001.31,41.01,109.09,1001.32,40.38,108.81,0.62,1000.65,37.88,114.03,3.87,2.61,94.57,308.32,7903,0.57,1.21,9.56,1.00,0.07,-0.03,0.01,3.41,-7.97,0.65,6,6,47,0,35.2901783,136.2529183,82.50, 0.18
2987128,0.06,-0.75,9.52,1.00,-0.04,-0.00,0.00,-0.47,4.99,0.03,10.66,0.00,0,2,1001.32,41.02,109.05,1001.32,40.37,108.80,0.62,1000.65,37.89,114.03,3.25,2.39,96.86,308.32,7903,0.59,1.20,9.57,1.00,0.07,-0.03,0.01,3.41,-7.97,0.65,6,6,47,0,35.2901783,136.2529183,82.50, 0.18
2987185,0.09,-0.75,9.50,1.00,-0.04,-0.00,0.00,-0.47,4.99,0.03,10.64,0.00,0,2,1001.32,41.01,109.03,1001.32,40.36,108.79,0.62,1000.66,37.88,113.97,3.42,2.46,97.82,308.32,7901,0.56,1.20,9.52,1.00,0.07,-0.03,0.01,3.41,-7.97,0.65,6,6,47,0,35.2901783,136.2529183,82.50, 0.18
2987239,0.08,-0.84,9.53,1.00,-0.04,-0.00,0.00,-0.47,4.99,0.03,10.62,0.00,0,2,1001.32,41.01,109.04,1001.32,40.37,108.81,0.62,1000.66,37.89,113.98,2.98,2.29,95.01,308.32,7902,0.58,1.33,9.56,1.00,0.07,-0.03,0.01,3.41,-7.97,0.65,6,6,47,0,35.2901783,136.2529183,82.50, 0.18
2987296,0.05,-0.91,9.54,1.00,-0.04,-0.00,0.00,-0.47,4.99,0.03,10.61,0.00,0,2,1001.32,41.01,109.01,1001.32,40.38,108.79,0.62,1000.65,37.88,114.02,2.82,2.23,93.25,308.32,7902,0.58,1.51,9.58,1.00,0.07,-0.03,0.01,3.41,-7.97,0.65,6,6,47,0,35.2901783,136.2529183,82.50, 0.18
2987348,0.10,-0.85,9.55,1.00,-0.04,-0.00,0.00,-0.47,4.99,0.03,10.61,0.00,0,2,1001.32,41.00,109.04,1001.32,40.36,108.77,0.62,1000.66,37.88,113.93,3.03,2.31,94.57,308.32,7903,0.55,1.44,9.59,1.00,0.07,-0.03,0.01,3.41,-7.97,0.65,6,6,47,0,35.2901783,136.2529183,82.50, 0.18
2987406,0.16,-0.79,9.51,1.00,-0.04,-0.00,0.00,-0.47,4.99,0.03,10.60,0.00,0,2,1001.32,41.00,109.03,1001.32,40.39,108.78,0.62,1000.66,37.88,113.93,3.23,2.39,95.80,308.32,7902,0.52,1.32,9.58,1.00,0.07,-0.03,0.01,3.41,-7.97,0.65,6,6,47,0,35.2901783,136.2529183,82.50, 0.18
2987463,0.17,-0.70,9.53,1.00,-0.04,-0.00,0.00,-0.47,4.99,0.03,10.60,0.00,0,2,1001.32,41.01,109.02,1001.32,40.38,108.80,0.62,1000.66,37.89,113.96,3.43,2.46,95.27,308.32,7903,0.51,1.31,9.61,1.00,0.07,-0.03,0.01,3.41,-7.97,0.65,6,6,47,0,35.2901783,136.2529183,82.50, 0.18
2987517,0.06,-0.83,9.55,1.00,-0.04,-0.00,0.00,-0.47,4.99,0.03,10.59,0.00,0,2,1001.32,41.01,108.99,1001.32,40.37,108.78,0.62,1000.65,37.86,114.01,3.35,2.43,94.57,308.32,7902,0.56,1.18,9.54,1.00,0.07,-0.03,0.01,3.41,-7.97,0.65,6,6,47,0,35.2901783,136.2529183,82.50, 0.18
2987574,0.00,-0.88,9.45,1.00,-0.04,-0.00,0.00,-0.47,4.99,0.03,10.60,0.00,0,2,1001.32,41.02,109.03,1001.32,40.38,108.76,0.62,1000.66,37.89,113.96,3.15,2.36,95.19,308.32,7902,0.65,1.23,9.51,1.00,0.07,-0.03,0.01,3.41,-7.97,0.65,6,6,47,0,35.2901783,136.2529183,82.50, 0.18
2987625,0.03,-0.86,9.46,1.00,-0.04,-0.00,0.00,-0.47,4.99,0.03,10.59,0.00,0,2,1001.32,41.02,109.03,1001.32,40.38,108.80,0.62,1000.66,37.88,113.96,3.25,2.39,95.98,308.32,7903,0.63,1.31,9.51,1.00,0.07,-0.03,0.01,3.41,-7.97,0.65,6,6,47,0,35.2901783,136.2529183,82.50, 0.18
2987682,0.14,-0.86,9.56,1.00,-0.04,-0.00,0.00,-0.47,4.99,0.03,10.60,0.00,0,2,1001.32,41.03,109.06,1001.32,40.37,108.80,0.62,1000.66,37.88,113.95,2.90,2.26,95.54,308.32,7903,0.49,1.40,9.58,1.00,0.07,-0.03,0.01,3.41,-7.97,0.65,6,6,47,0,35.2901783,136.2529183,82.50, 0.18
2987735,0.19,-0.86,9.50,1.00,-0.04,-0.00,0.00,-0.47,4.99,0.03,10.60,0.00,0,2,1001.31,41.02,109.07,1001.32,40.37,108.81,0.62,1000.66,37.89,113.91,2.90,2.26,95.71,308.32,7902,0.49,1.49,9.57,1.00,0.07,-0.03,0.01,3.41,-7.97,0.65,6,6,47,0,35.2901783,136.2529183,82.50, 0.17
2987788,0.11,-0.81,9.51,1.00,-0.04,-0.00,0.00,-0.47,4.99,0.03,10.61,0.00,0,2,1001.32,41.01,109.04,1001.32,40.37,108.80,0.62,1000.65,37.88,114.02,3.33,2.43,94.83,308.32,7902,0.49,1.51,9.60,1.00,0.07,-0.03,0.01,3.41,-7.97,0.65,6,6,47,0,35.2901783,136.2529183,82.50, 0.17
2987845,0.07,-0.73,9.51,1.00,-0.04,-0.00,0.00,-0.47,4.99,0.03,10.59,0.00,0,2,1001.32,41.00,109.01,1001.32,40.39,108.79,0.62,1000.65,37.89,114.03,3.87,2.61,94.13,308.32,7903,0.53,1.40,9.60,1.00,0.07,-0.03,0.01,3.41,-7.97,0.65,6,6,47,0,35.2901783,136.2529183,82.50, 0.17
2987898,0.05,-0.72,9.56,1.00,-0.04,-0.00,0.00,-0.47,4.99,0.03,10.60,0.00,0,2,1001.32,41.00,109.04,1001.32,40.38,108.78,0.62,1000.64,37.88,114.09,2.08,1.92,94.22,308.32,7902,0.69,1.12,9.52,1.00,0.07,-0.03,0.01,3.41,-7.97,0.65,6,6,47,0,35.2901783,136.2529183,82.50, 0.17
2987953,0.07,-0.81,9.56,1.00,-0.04,-0.00,0.00,-0.47,4.99,0.03,10.60,0.00,0,2,1001.31,40.99,109.07,1001.32,40.37,108.78,0.62,1000.65,37.87,113.99,-0.07,0.34,97.91,308.32,7902,0.58,1.23,9.54,1.00,0.07,-0.03,0.01,3.41,-7.97,0.65,6,6,48,0,35.2901783,136.2529200,82.50, 0.17
2988005,0.07,-0.85,9.53,1.00,-0.04,-0.00,0.00,-0.47,4.99,0.03,10.63,0.00,0,2,1001.31,41.00,109.08,1001.32,40.38,108.80,0.62,1000.66,37.87,113.98,0.70,1.11,100.81,308.32,7903,0.56,1.33,9.52,1.00,0.07,-0.03,0.01,3.41,-7.97,0.65,6,6,48,0,35.2901783,136.2529200,82.50, 0.17
2988063,0.13,-0.85,9.50,1.00,-0.04,-0.00,0.00,-0.47,4.99,0.03,10.59,0.00,0,2,1001.32,41.00,109.04,1001.32,40.38,108.78,0.62,1000.66,37.88,113.98,1.57,1.66,100.72,308.32,7902,0.58,1.36,9.53,1.00,0.07,-0.03,0.01,3.41,-7.97,0.65,6,6,48,0,35.2901783,136.2529200,82.50, 0.17
2988115,0.12,-0.85,9.50,1.00,-0.04,-0.00,0.00,-0.47,4.99,0.03,10.59,0.00,0,2,1001.32,41.01,109.02,1001.32,40.38,108.78,0.62,1000.66,37.87,113.97,1.25,1.49,97.21,308.32,7902,0.49,1.34,9.53,1.00,0.07,-0.03,0.01,3.41,-7.97,0.65,6,6,48,0,35.2901783,136.2529200,82.50, 0.17
2988172,0.05,-0.81,9.50,1.00,-0.04,-0.00,0.00,-0.47,4.99,0.03,10.58,0.00,0,2,1001.32,41.01,109.04,1001.32,40.39,108.78,0.62,1000.65,37.85,114.00,1.32,1.52,92.55,308.32,7902,0.52,1.33,9.57,1.00,0.07,-0.03,0.01,3.41,-7.97,0.65,6,6,48,0,35.2901783,136.2529200,82.50, 0.17
2988224,0.06,-0.79,9.50,1.00,-0.04,-0.00,0.00,-0.47,4.99,0.03,10.58,0.00,0,2,1001.32,41.01,108.99,1001.32,40.39,108.78,0.62,1000.66,37.87,113.97,1.30,1.51,89.91,308.32,7903,0.67,1.28,9.54,1.00,0.07,-0.03,0.01,3.41,-7.97,0.65,6,6,48,0,35.2901783,136.2529200,82.50, 0.17
2988282,0.08,-0.82,9.54,1.00,-0.04,-0.00,0.00,-0.47,4.99,0.03,10.58,0.00,0,2,1001.32,41.01,109.00,1001.32,40.39,108.76,0.62,1000.66,37.87,113.97,3.50,2.48,85.78,308.32,7903,0.66,1.28,9.55,1.00,0.07,-0.03,0.01,3.41,-7.97,0.65,6,6,48,0,35.2901783,136.2529200,82.50, 0.17
2988332,0.11,-0.83,9.51,1.00,-0.04,-0.00,0.00,-0.47,4.99,0.03,10.58,0.00,0,2,1001.32,41.02,108.98,1001.32,40.39,108.79,0.62,1000.67,37.88,113.89,2.18,1.96,85.96,308.32,7903,0.53,1.40,9.57,1.00,0.07,-0.03,0.01,3.41,-7.97,0.65,6,6,48,0,35.2901783,136.2529200,82.50, 0.17
2988387,0.13,-0.85,9.51,1.00,-0.04,-0.00,0.00,-0.47,4.99,0.03,10.56,0.00,0,2,1001.32,41.01,109.02,1001.32,40.40,108.74,0.62,1000.66,37.86,113.94,2.28,2.01,87.10,308.32,7902,0.44,1.40,9.59,1.00,0.07,-0.03,0.01,3.41,-7.97,0.65,6,6,48,0,35.2901783,136.2529200,82.50, 0.17
2988443,0.09,-0.82,9.52,1.00,-0.04,-0.00,0.00,-0.47,4.99,0.03,10.56,0.00,0,2,1001.32,41.02,109.00,1001.32,40.40,108.79,0.62,1000.66,37.88,113.90,1.70,1.73,87.54,308.32,7902,0.55,1.39,9.58,1.00,0.07,-0.03,0.01,3.41,-7.97,0.65,6,6,48,0,35.2901783,136.2529200,82.50, 0.17
2988500,0.11,-0.79,9.54,1.00,-0.04,-0.00,0.00,-0.47,4.99,0.03,10.58,0.00,0,2,1001.32,40.99,109.02,1001.32,40.38,108.78,0.62,1000.67,37.88,113.89,1.88,1.82,88.24,308.32,7902,0.62,1.39,9.60,1.00,0.07,-0.03,0.01,3.41,-7.97,0.65,6,6,48,0,35.2901783,136.2529200,82.50, 0.17
2988553,0.05,-0.77,9.56,1.00,-0.04,-0.00,0.00,-0.47,4.99,0.03,10.58,0.00,0,2,1001.32,41.01,108.98,1001.32,40.39,108.76,0.62,1000.65,37.88,114.02,1.32,1.52,91.23,308.32,7903,0.64,1.28,9.54,1.00,0.07,-0.03,0.01,3.41,-7.97,0.65,6,6,48,0,35.2901783,136.2529200,82.50, 0.17
2988610,0.07,-0.80,9.50,1.00,-0.04,-0.00,0.00,-0.47,4.99,0.03,10.58,0.00,0,2,1001.32,41.02,109.03,1001.33,40.40,108.72,0.62,1000.66,37.87,113.92,1.82,1.79,95.89,308.32,7902,0.60,1.37,9.56,1.00,0.07,-0.03,0.01,3.41,-7.97,0.65,6,6,48,0,35.2901783,136.2529200,82.50, 0.17
2988663,0.08,-0.88,9.51,1.00,-0.04,-0.00,0.00,-0.47,4.99,0.03,10.58,0.00,0,2,1001.32,41.01,109.03,1001.32,40.39,108.79,0.62,1000.66,37.87,113.97,1.40,1.57,102.04,308.32,7903,0.56,1.45,9.62,1.00,0.07,-0.03,0.01,3.41,-7.97,0.65,6,6,48,0,35.2901783,136.2529200,82.50, 0.17
2988721,0.11,-0.79,9.51,1.00,-0.04,-0.00,0.00,-0.47,4.99,0.03,10.59,0.00,0,2,1001.32,41.00,109.03,1001.32,40.38,108.77,0.62,1000.66,37.88,113.95,0.97,1.31,103.45,308.32,7901,0.53,1.32,9.55,1.00,0.07,-0.03,0.01,3.41,-7.97,0.65,6,6,48,0,35.2901783,136.2529200,82.50, 0.17
2988772,0.10,-0.81,9.51,1.00,-0.04,-0.00,0.00,-0.47,4.99,0.03,10.60,0.00,0,2,1001.32,41.00,109.01,1001.33,40.39,108.74,0.62,1000.65,37.89,114.05,1.47,1.61,103.89,308.41,7903,0.51,1.32,9.57,1.00,0.07,-0.03,0.01,3.41,-7.97,0.65,6,6,48,0,35.2901783,136.2529200,82.50, 0.17
2988829,0.08,-0.81,9.50,1.00,-0.04,-0.00,0.00,-0.47,4.99,0.03,10.60,0.00,0,2,1001.32,41.01,109.02,1001.32,40.38,108.78,0.62,1000.66,37.88,113.98,1.63,1.70,102.83,308.32,7902,0.45,1.30,9.57,1.00,0.07,-0.03,0.01,3.41,-7.97,0.65,6,6,48,0,35.2901783,136.2529200,82.50, 0.17
2988881,0.07,-0.80,9.54,1.00,-0.04,-0.00,0.00,-0.47,4.99,0.03,10.60,0.00,0,2,1001.32,41.01,109.03,1001.33,40.40,108.80,0.62,1000.66,37.88,113.98,0.32,0.75,101.25,308.32,7903,0.49,1.30,9.57,1.00,0.07,-0.03,0.01,3.41,-7.97,0.65,6,6,48,0,35.2901783,136.2529200,82.50, 0.17
2988934,0.12,-0.80,9.52,1.00,-0.04,-0.00,0.00,-0.47,4.99,0.03,10.61,0.00,0,2,1001.32,41.03,109.01,1001.32,40.39,108.77,0.62,1000.65,37.88,114.04,0.68,1.10,98.53,308.32,7902,0.64,1.31,9.53,1.00,0.07,-0.03,0.01,3.41,-7.97,0.65,6,6,48,0,35.2901783,136.2529200,82.50, 0.14
2988990,0.06,-0.85,9.50,1.00,-0.04,-0.00,0.00,-0.47,4.99,0.03,10.60,0.00,0,2,1001.32,41.02,109.01,1001.32,40.39,108.77,0.62,1000.66,37.88,113.99,1.35,1.54,96.06,308.32,7902,0.51,1.33,9.55,1.00,0.07,-0.03,0.01,3.41,-7.97,0.65,6,6,48,0,35.2901783,136.2529200,82.50, 0.14
2989043,0.04,-0.80,9.51,1.00,-0.04,-0.00,0.00,-0.47,4.99,0.03,10.60,0.00,0,2,1001.32,41.02,109.00,1001.32,40.39,108.78,0.62,1000.66,37.88,113.95,1.02,1.34,93.78,308.32,7902,0.50,1.24,9.56,1.00,0.07,-0.03,0.01,3.41,-7.97,0.65,6,6,48,0,35.2901783,136.2529200,82.50, 0.14
2989100,0.11,-0.78,9.53,1.00,-0.04,-0.00,0.00,-0.47,4.99,0.03,10.59,0.00,0,2,1001.32,41.02,109.03,1001.32,40.40,108.77,0.62,1000.66,37.88,113.95,0.87,1.24,93.69,308.32,7902,0.51,1.17,9.54,1.00,0.07,-0.03,0.01,3.41,-7.97,0.65,6,6,48,0,35.2901783,136.2529200,82.50, 0.14
2989155,0.08,-0.83,9.53,1.00,-0.04,-0.00,0.00,-0.47,4.99,0.03,10.58,0.00,0,2,1001.32,41.02,109.00,1001.32,40.39,108.79,0.62,1000.66,37.87,113.93,1.88,1.82,93.60,308.32,7903,0.60,1.43,9.58,1.00,0.07,-0.03,0.01,3.41,-7.97,0.65,6,6,48,0,35.2901783,136.2529200,82.50, 0.14
2989211,0.11,-0.88,9.53,1.00,-0.04,-0.00,0.00,-0.47,4.99,0.03,10.59,0.00,0,2,1001.32,41.02,109.02,1001.32,40.39,108.79,0.62,1000.66,37.88,113.91,2.67,2.17,93.25,308.32,7903,0.62,1.52,9.64,1.00,0.07,-0.03,0.01,3.41,-7.97,0.65,6,6,48,0,35.2901783,136.2529200,82.50, 0.14
2989267,0.10,-0.85,9.50,1.00,-0.04,-0.00,0.00,-0.47,4.99,0.03,10.59,0.00,0,2,1001.32,41.03,108.99,1001.32,40.40,108.80,0.62,1000.66,37.88,113.90,2.12,1.93,93.16,308.32,7902,0.47,1.57,9.62,1.00,0.07,-0.03,0.01,3.41,-7.97,0.65,6,6,48,0,35.2901783,136.2529200,82.50, 0.14
2989320,0.08,-0.85,9.54,1.00,-0.04,-0.00,0.00,-0.47,4.99,0.03,10.57,0.00,0,2,1001.33,41.03,108.96,1001.32,40.40,108.77,0.62,1000.67,37.88,113.89,0.87,1.24,93.25,308.32,7903,0.46,1.46,9.60,1.00,0.07,-0.03,0.01,3.41,-7.97,0.65,6,6,48,0,35.2901783,136.2529200,82.50, 0.14
2989375,0.09,-0.84,9.50,1.00,-0.04,-0.00,0.00,-0.47,4.99,0.03,10.57,0.00,0,2,1001.32,41.02,109.00,1001.32,40.39,108.79,0.62,1000.66,37.88,113.90,1.97,1.86,93.87,308.32,7903,0.63,1.21,9.52,1.00,0.07,-0.03,0.01,3.41,-7.97,0.65,6,6,48,0,35.2901783,136.2529200,82.50, 0.14
2989430,0.09,-0.82,9.50,1.00,-0.04,-0.00,0.00,-0.47,4.99,0.03,10.57,0.00,0,2,1001.32,41.02,109.01,1001.32,40.39,108.77,0.62,1000.66,37.88,113.91,2.47,2.09,95.62,308.32,7903,0.48,1.19,9.51,1.00,0.07,-0.03,0.01,3.41,-7.97,0.65,6,6,48,0,35.2901783,136.2529200,82.50, 0.14
2989485,0.10,-0.82,9.56,1.00,-0.04,-0.00,0.00,-0.47,4.99,0.03,10.59,0.00,0,2,1001.32,41.03,109.02,1001.32,40.39,108.77,0.62,1000.67,37.88,113.90,1.57,1.66,97.82,308.32,7902,0.51,1.25,9.55,1.00,0.07,-0.03,0.01,3.41,-7.97,0.65,6,6,48,0,35.2901783,136.2529200,82.50, 0.14
2989539,0.06,-0.86,9.52,1.00,-0.04,-0.00,0.00,-0.47,4.99,0.03,10.60,0.00,0,2,1001.32,41.02,109.03,1001.33,40.40,108.75,0.62,1000.67,37.90,113.90,0.90,1.26,98.17,308.41,7902,0.55,1.25,9.54,1.00,0.07,-0.03,0.01,3.41,-7.97,0.65,6,6,48,0,35.2901783,136.2529200,82.50, 0.14
2989592,0.06,-0.86,9.56,1.00,-0.04,-0.00,0.00,-0.47,4.99,0.03,10.60,0.00,0,2,1001.32,41.04,109.04,1001.33,40.41,108.75,0.62,1000.65,37.88,114.04,1.10,1.39,98.17,308.41,7903,0.68,1.50,9.58,1.00,0.07,-0.03,0.01,3.41,-7.97,0.65,6,6,48,0,35.2901783,136.2529200,82.50, 0.14
2989649,0.06,-0.82,9.48,1.00,-0.04,-0.00,0.00,-0.47,4.99,0.03,10.62,0.00,0,2,1001.32,41.03,109.02,1001.31,40.38,108.77,0.62,1000.65,37.89,114.06,0.65,1.07,97.65,308.41,7903,0.48,1.44,9.60,1.00,0.07,-0.03,0.01,3.41,-7.97,0.65,6,6,48,0,35.2901783,136.2529200,82.50, 0.14
2989707,0.11,-0.77,9.50,1.00,-0.04,-0.00,0.00,-0.47,4.99,0.03,10.61,0.00,0,2,1001.32,41.03,109.01,1001.32,40.38,108.75,0.62,1000.64,37.88,114.09,1.13,1.41,97.47,308.32,7902,0.46,1.29,9.56,1.00,0.07,-0.03,0.01,3.41,-7.97,0.65,6,6,48,0,35.2901783,136.2529200,82.50, 0.14
2989760,0.09,-0.78,9.52,1.00,-0.04,-0.00,0.00,-0.47,4.99,0.03,10.61,0.00,0,2,1001.32,41.03,109.04,1001.32,40.39,108.79,0.62,1000.65,37.87,114.04,1.68,1.72,97.56,308.41,7902,0.54,1.41,9.63,1.00,0.07,-0.03,0.01,3.41,-7.97,0.65,6,6,49,0,35.2901783,136.2529183,82.50, 0.22
2989817,0.10,-0.85,9.49,1.00,-0.04,-0.00,0.00,-0.47,4.99,0.03,10.61,0.00,0,2,1001.32,41.03,109.01,1001.32,40.40,108.77,0.62,1000.65,37.87,114.04,1.50,1.63,97.47,308.41,7902,0.59,1.34,9.52,1.00,0.07,-0.03,0.01,3.41,-7.97,0.65,6,6,49,0,35.2901783,136.2529183,82.50, 0.22
2989869,0.09,-0.82,9.56,1.00,-0.04,-0.00,0.00,-0.47,4.99,0.03,10.61,0.00,0,2,1001.32,41.02,109.01,1001.33,40.40,108.75,0.62,1000.66,37.89,113.93,2.45,2.08,97.38,308.41,7902,0.53,1.34,9.55,1.00,0.07,-0.03,0.01,3.41,-7.97,0.65,6,6,49,0,35.2901783,136.2529183,82.50, 0.22
2989927,0.13,-0.84,9.50,1.00,-0.04,-0.00,0.00,-0.47,4.99,0.03,10.59,0.00,0,2,1001.32,41.03,109.01,1001.33,40.39,108.77,0.62,1000.66,37.86,113.98,2.00,1.88,98.26,308.41,7903,0.46,1.31,9.58,1.00,0.07,-0.03,0.01,3.41,-7.97,0.65,6,6,49,0,35.2901783,136.2529183,82.50, 0.22
2989980,0.11,-0.85,9.50,1.00,-0.04,-0.00,0.00,-0.47,4.99,0.03,10.60,0.00,0,2,1001.32,41.02,109.01,1001.32,40.40,108.80,0.61,1000.65,37.87,114.00,2.20,1.97,99.23,308.41,7902,0.54,1.30,9.56,1.00,0.07,-0.03,0.01,3.41,-7.97,0.65,6,6,49,0,35.2901783,136.2529183,82.50, 0.22
2990035,0.11,-0.79,9.57,1.00,-0.04,-0.00,0.00,-0.47,4.99,0.03,10.60,0.00,0,2,1001.32,41.03,109.04,1001.33,40.39,108.76,0.62,1000.65,37.87,114.02,2.38,2.05,101.34,308.41,7903,0.56,1.33,9.59,1.00,0.07,-0.03,0.01,3.41,-7.97,0.65,6,6,49,0,35.2901783,136.2529183,82.50, 0.22
2990088,0.10,-0.75,9.54,1.00,-0.04,-0.00,0.00,-0.47,4.99,0.03,10.60,0.00,0,2,1001.32,41.02,109.01,1001.33,40.41,108.76,0.62,1000.65,37.88,114.00,2.10,1.92,98.61,308.32,7902,0.54,1.22,9.58,1.00,0.07,-0.03,0.01,3.41,-7.97,0.65,6,6,49,0,35.2901783,136.2529183,82.50, 0.22
2990145,0.08,-0.76,9.50,1.00,-0.04,-0.00,0.00,-0.47,4.99,0.03,10.61,0.00,0,2,1001.32,41.03,109.02,1001.33,40.42,108.74,0.62,1000.65,37.88,114.05,1.67,1.71,95.54,308.32,7903,0.52,1.28,9.57,1.00,0.07,-0.03,0.01,3.41,-7.97,0.65,6,6,49,0,35.2901783,136.2529183,82.50, 0.22
2990199,0.07,-0.84,9.50,1.00,-0.04,-0.00,0.00,-0.47,4.99,0.03,10.59,0.00,0,2,1001.32,41.03,108.99,1001.32,40.40,108.80,0.63,1000.64,37.88,114.09,1.37,1.55,94.83,308.41,7903,0.55,1.16,9.52,1.00,0.07,-0.03,0.01,3.41,-7.97,0.65,6,6,49,0,35.2901783,136.2529183,82.50, 0.22
2990256,0.08,-0.88,9.55,1.00,-0.04,-0.00,0.00,-0.47,4.99,0.03,10.60,0.00,0,2,1001.32,41.03,109.02,1001.32,40.40,108.76,0.62,1000.65,37.87,114.00,1.87,1.81,96.68,308.41,7902,0.55,1.61,9.64,1.00,0.07,-0.03,0.01,3.41,-7.97,0.65,6,6,50,0,35.2901767,136.2529167,82.50, 0.22
2990307,0.09,-0.78,9.45,1.00,-0.04,-0.00,0.00,-0.47,4.99,0.03,10.61,0.00,0,2,1001.32,41.03,109.01,1001.32,40.39,108.81,0.62,1000.66,37.88,113.98,1.75,1.76,101.43,308.41,7902,0.52,1.21,9.50,1.00,0.07,-0.03,0.01,3.41,-7.97,0.65,6,6,50,0,35.2901767,136.2529167,82.50, 0.22
2990365,0.08,-0.73,9.55,1.00,-0.04,-0.00,0.00,-0.47,4.99,0.03,10.60,0.00,0,2,1001.32,41.03,109.01,1001.32,40.40,108.78,0.62,1000.66,37.87,113.90,2.37,2.04,100.55,308.41,7902,0.53,1.43,9.66,1.00,0.07,-0.03,0.01,3.41,-7.97,0.65,6,6,50,0,35.2901767,136.2529167,82.50, 0.22
2990418,0.12,-0.80,9.54,1.00,-0.04,-0.00,0.00,-0.47,4.99,0.03,10.60,0.00,0,2,1001.32,41.03,109.02,1001.33,40.41,108.79,0.62,1000.65,37.87,114.00,1.68,1.72,99.23,308.41,7902,0.48,1.47,9.60,1.00,0.07,-0.03,0.01,3.41,-7.97,0.65,6,6,50,0,35.2901767,136.2529167,82.50, 0.22
2990476,0.11,-0.87,9.52,1.00,-0.04,-0.00,0.00,-0.47,4.99,0.03,10.60,0.00,0,2,1001.32,41.03,109.04,1001.32,40.40,108.79,0.62,1000.65,37.88,114.06,0.97,1.31,99.14,308.41,7902,0.54,1.34,9.56,1.00,0.07,-0.03,0.01,3.41,-7.97,0.65,6,6,50,0,35.2901767,136.2529167,82.50, 0.22
2990527,0.09,-0.79,9.53,1.00,-0.04,-0.00,0.00,-0.47,4.99,0.03,10.61,0.00,0,2,1001.32,41.04,109.00,1001.32,40.41,108.80,0.62,1000.65,37.86,114.05,1.17,1.43,99.14,308.41,7902,0.56,1.26,9.53,1.00,0.07,-0.03,0.01,3.41,-7.97,0.65,6,6,50,0,35.2901767,136.2529167,82.50, 0.22
2990585,0.03,-0.77,9.55,1.00,-0.04,-0.00,0.00,-0.47,4.99,0.03,10.61,0.00,0,2,1001.32,41.05,109.01,1001.32,40.39,108.77,0.63,1000.65,37.88,114.07,1.63,1.70,99.40,308.41,7901,0.59,1.22,9.52,1.00,0.07,-0.03,0.01,3.41,-7.97,0.65,6,6,50,0,35.2901767,136.2529167,82.50, 0.22
2990638,0.09,-0.80,9.56,1.00,-0.04,-0.00,0.00,-0.47,4.99,0.03,10.61,0.00,0,2,1001.32,41.05,109.01,1001.32,40.41,108.78,0.62,1000.65,37.88,114.02,1.15,1.42,98.88,308.41,7902,0.50,1.52,9.66,1.00,0.07,-0.03,0.01,3.41,-7.97,0.65,6,6,50,0,35.2901767,136.2529167,82.50, 0.22
2990695,0.07,-0.85,9.49,1.00,-0.04,-0.00,0.00,-0.47,4.99,0.03,10.60,0.00,0,2,1001.32,41.04,109.04,1001.32,40.40,108.77,0.62,1000.66,37.88,113.96,0.47,0.91,97.91,308.41,7902,0.58,1.36,9.55,1.00,0.07,-0.03,0.01,3.41,-7.97,0.65,6,6,50,0,35.2901767,136.2529167,82.50, 0.22
2990749,0.12,-0.81,9.56,1.00,-0.04,-0.00,0.00,-0.47,4.99,0.03,10.61,0.00,0,2,1001.32,41.03,108.99,1001.32,40.40,108.76,0.62,1000.66,37.87,113.97,0.72,1.12,97.47,308.41,7902,0.49,1.54,9.65,1.00,0.07,-0.03,0.01,3.41,-7.97,0.65,6,6,50,0,35.2901767,136.2529167,82.50, 0.22
2990804,0.15,-0.84,9.53,1.00,-0.04,-0.00,0.00,-0.47,4.99,0.03,10.60,0.00,0,2,1001.32,41.05,109.03,1001.32,40.41,108.78,0.62,1000.66,37.88,113.95,0.68,1.10,97.38,308.41,7902,0.49,1.55,9.62,1.00,0.07,-0.03,0.01,3.41,-7.97,0.65,6,6,50,0,35.2901767,136.2529167,82.50, 0.23
2990858,0.13,-0.87,9.51,1.00,-0.04,-0.00,0.00,-0.47,4.99,0.03,10.60,0.00,0,2,1001.32,41.04,109.00,1001.32,40.41,108.78,0.62,1000.66,37.88,113.99,2.27,2.00,97.12,308.41,7902,0.46,1.44,9.58,1.00,0.07,-0.03,0.01,3.41,-7.97,0.65,6,6,50,0,35.2901767,136.2529167,82.50, 0.23
2990914,0.08,-0.80,9.53,1.00,-0.04,-0.00,0.00,-0.47,4.99,0.03,10.60,0.00,0,2,1001.32,41.03,109.02,1001.32,40.40,108.77,0.63,1000.66,37.87,113.97,2.15,1.95,96.68,308.41,7902,0.60,1.29,9.56,1.00,0.07,-0.03,0.01,3.41,-7.97,0.65,6,6,51,0,35.2901767,136.2529167,82.50, 0.23
2990966,0.03,-0.78,9.56,1.00,-0.04,-0.00,0.00,-0.47,4.99,0.03,10.59,0.00,0,2,1001.32,41.04,109.00,1001.33,40.41,108.78,0.63,1000.66,37.88,113.97,1.27,1.49,96.15,308.41,7903,0.54,1.13,9.51,1.00,0.07,-0.03,0.01,3.41,-7.97,0.65,6,6,51,0,35.2901767,136.2529167,82.50, 0.23
2991024,0.07,-0.77,9.50,1.00,-0.04,-0.00,0.00,-0.47,4.99,0.03,10.59,0.00,0,2,1001.32,41.05,109.01,1001.32,40.41,108.79,0.63,1000.65,37.86,114.00,0.92,1.27,95.89,308.41,7902,0.52,1.47,9.62,1.00,0.07,-0.03,0.01,3.41,-7.97,0.65,6,6,51,0,35.2901767,136.2529167,82.50, 0.23
2991076,0.01,-0.80,9.50,1.00,-0.04,-0.00,0.00,-0.47,4.99,0.03,10.59,0.00,0,2,1001.32,41.05,108.99,1001.32,40.41,108.80,0.62,1000.65,37.86,114.00,0.95,1.29,95.80,308.41,7903,0.54,1.44,9.58,1.00,0.07,-0.03,0.01,3.41,-7.97,0.65,6,6,51,0,35.2901767,136.2529167,82.50, 0.23
2991130,0.07,-0.77,9.50,1.00,-0.04,-0.00,0.00,-0.47,4.99,0.03,10.59,0.00,0,2,1001.32,41.05,109.03,1001.32,40.41,108.78,0.63,1000.66,37.87,113.97,2.62,2.15,95.89,308.41,7903,0.54,1.25,9.56,1.00,0.07,-0.03,0.01,3.41,-7.97,0.65,6,6,51,0,35.2901767,136.2529167,82.50, 0.23
2991184,0.12,-0.87,9.46,1.00,-0.04,-0.00,0.00,-0.47,4.99,0.03,10.59,0.00,0,2,1001.32,41.05,108.99,1001.32,40.41,108.79,0.63,1000.66,37.86,113.95,1.48,1.62,96.42,308.41,7903,0.47,1.31,9.53,1.00,0.07,-0.03,0.01,3.41,-7.97,0.65,6,6,51,0,35.2901767,136.2529167,82.50, 0.23
2991242,0.11,-0.90,9.52,1.00,-0.04,-0.00,0.00,-0.47,4.99,0.03,10.60,0.00,0,2,1001.32,41.04,109.05,1001.32,40.39,108.76,0.63,1000.66,37.88,113.93,2.67,2.17,97.82,308.41,7903,0.42,1.53,9.61,1.00,0.07,-0.03,0.01,3.40,-7.99,0.64,6,6,51,0,35.2901767,136.2529167,82.50, 0.23
2991294,0.10,-0.81,9.50,1.00,-0.04,-0.00,0.00,-0.47,4.99,0.03,10.60,0.00,0,2,1001.32,41.05,109.04,1001.33,40.42,108.76,0.63,1000.66,37.88,113.95,1.92,1.84,101.16,308.41,7901,0.48,1.38,9.56,1.00,0.07,-0.03,0.01,3.40,-7.99,0.64,6,6,51,0,35.2901767,136.2529167,82.50, 0.23
2991348,0.10,-0.81,9.52,1.00,-0.04,-0.00,0.00,-0.47,4.99,0.03,10.60,0.00,0,2,1001.32,41.05,109.03,1001.33,40.41,108.75,0.63,1000.66,37.88,113.91,2.43,2.07,102.39,308.41,7902,0.53,1.34,9.57,1.00,0.07,-0.03,0.01,3.40,-7.99,0.64,6,6,51,0,35.2901767,136.2529167,82.50, 0.23
2991403,0.00,-0.85,9.38,1.00,-0.04,-0.00,0.00,-0.47,4.99,0.03,10.59,0.00,0,2,1001.32,41.05,109.06,1001.33,40.41,108.79,0.63,1000.65,37.88,114.00,2.52,2.11,102.04,308.41,7902,0.57,1.24,9.53,1.00,0.07,-0.03,0.01,3.40,-7.99,0.64,6,6,51,0,35.2901767,136.2529167,82.50, 0.23
2991462,0.07,-0.75,9.66,1.00,-0.04,-0.00,0.00,-0.47,4.99,0.03,10.59,0.00,0,2,1001.32,41.05,109.03,1001.33,40.41,108.76,0.63,1000.66,37.88,113.97,2.92,2.27,100.46,308.41,7902,0.61,1.19,9.52,1.00,0.07,-0.03,0.01,3.41,-7.99,0.64,6,6,51,0,35.2901767,136.2529167,82.50, 0.23
2991513,0.12,-0.77,9.56,1.00,-0.04,-0.00,0.00,-0.47,4.99,0.03,10.62,0.00,0,2,1001.32,41.07,109.03,1001.33,40.42,108.76,0.63,1000.64,37.87,114.08,2.52,2.11,97.03,308.41,7902,0.56,1.35,9.59,1.00,0.07,-0.03,0.01,3.41,-7.99,0.64,6,6,51,0,35.2901767,136.2529167,82.50, 0.23
2991568,0.15,-0.77,9.50,1.00,-0.04,-0.00,0.00,-0.47,4.99,0.03,10.63,0.00,0,2,1001.32,41.06,109.06,1001.32,40.42,108.81,0.63,1000.65,37.88,114.02,3.03,2.31,95.62,308.41,7902,0.51,1.30,9.55,1.00,0.07,-0.03,0.01,3.40,-7.98,0.64,6,6,51,0,35.2901767,136.2529167,82.50, 0.23
2991622,0.08,-0.86,9.53,1.00,-0.04,-0.00,0.00,-0.47,4.99,0.03,10.63,0.00,0,2,1001.32,41.06,109.05,1001.32,40.42,108.79,0.62,1000.65,37.88,114.00,1.10,1.39,96.06,308.41,7902,0.58,1.30,9.55,1.00,0.07,-0.03,0.01,3.40,-7.98,0.64,6,6,51,0,35.2901767,136.2529167,82.50, 0.23
2991676,0.02,-0.87,9.48,1.00,-0.04,-0.00,0.00,-0.47,4.99,0.03,10.63,0.00,0,2,1001.32,41.07,109.06,1001.32,40.40,108.76,0.63,1000.65,37.87,113.99,1.28,1.50,97.56,308.41,7902,0.65,1.31,9.56,1.00,0.07,-0.03,0.01,3.40,-7.99,0.64,6,6,51,0,35.2901767,136.2529167,82.50, 0.23
2991734,0.04,-0.79,9.56,1.00,-0.04,-0.00,0.00,-0.47,4.99,0.03,10.61,0.00,0,2,1001.32,41.06,109.05,1001.32,40.41,108.76,0.63,1000.65,37.86,114.01,1.13,1.41,99.93,308.41,7903,0.59,1.35,9.56,1.00,0.07,-0.03,0.01,3.41,-7.99,0.64,6,6,51,0,35.2901767,136.2529167,82.50, 0.13
2991789,0.09,-0.84,9.50,1.00,-0.04,-0.00,0.00,-0.47,4.99,0.03,10.61,0.00,0,2,1001.32,41.05,109.06,1001.32,40.41,108.81,0.63,1000.66,37.87,113.97,1.18,1.44,99.58,308.41,7902,0.47,1.33,9.58,1.00,0.07,-0.03,0.01,3.41,-7.99,0.64,6,6,51,0,35.2901767,136.2529167,82.50, 0.13
2991843,0.13,-0.85,9.56,1.00,-0.04,-0.00,0.00,-0.47,4.99,0.03,10.62,0.00,0,2,1001.32,41.07,109.04,1001.32,40.43,108.80,0.63,1000.65,37.88,114.04,1.00,1.33,97.21,308.41,7903,0.55,1.53,9.61,1.00,0.07,-0.03,0.01,3.40,-7.99,0.64,6,6,51,0,35.2901767,136.2529167,82.50, 0.13
2991900,0.14,-0.84,9.48,1.00,-0.04,-0.00,0.00,-0.47,4.99,0.03,10.62,0.00,0,2,1001.32,41.06,109.03,1001.32,40.41,108.76,0.63,1000.65,37.88,114.04,1.17,1.43,96.59,308.41,7902,0.56,1.43,9.60,1.00,0.07,-0.03,0.01,3.40,-7.99,0.64,6,6,51,0,35.2901767,136.2529167,82.50, 0.13
2991953,0.11,-0.88,9.49,1.00,-0.04,-0.00,0.00,-0.47,4.99,0.03,10.61,0.00,0,2,1001.32,41.07,109.01,1001.32,40.41,108.77,0.63,1000.66,37.87,113.97,1.55,1.65,95.89,308.41,7902,0.49,1.38,9.61,1.00,0.07,-0.03,0.01,3.40,-8.00,0.64,6,6,52,0,35.2901783,136.2529150,82.50, 0.13
2992010,0.00,-0.81,9.47,1.00,-0.04,-0.00,0.00,-0.47,4.99,0.03,10.61,0.00,0,2,1001.32,41.07,109.05,1001.32,40.42,108.80,0.63,1000.66,37.88,113.96,1.82,1.79,95.62,308.41,7902,0.57,1.04,9.52,1.00,0.07,-0.03,0.01,3.40,-8.01,0.64,6,6,52,0,35.2901783,136.2529150,82.50, 0.13
2992062,0.06,-0.77,9.51,1.00,-0.04,-0.00,0.00,-0.47,4.99,0.03,10.60,0.00,0,2,1001.32,41.06,109.02,1001.32,40.41,108.78,0.63,1000.66,37.87,113.97,1.05,1.36,95.62,308.41,7902,0.59,1.21,9.56,1.00,0.07,-0.03,0.01,3.40,-8.01,0.64,6,6,52,0,35.2901783,136.2529150,82.50, 0.13
2992120,0.11,-0.78,9.51,1.00,-0.04,-0.00,0.00,-0.47,4.99,0.03,10.60,0.00,0,2,1001.32,41.07,109.00,1001.32,40.42,108.77,0.63,1000.66,37.88,113.93,0.67,1.08,95.71,308.41,7902,0.61,1.30,9.53,1.00,0.07,-0.03,0.01,3.40,-8.01,0.64,6,6,52,0,35.2901783,136.2529150,82.50, 0.13
2992172,0.15,-0.83,9.54,1.00,-0.04,-0.00,0.00,-0.47,4.99,0.03,10.59,0.00,0,2,1001.32,41.07,109.01,1001.32,40.41,108.78,0.63,1000.66,37.88,113.96,1.13,1.41,95.62,308.41,7902,0.52,1.39,9.58,1.00,0.07,-0.03,0.01,3.40,-8.01,0.64,6,6,52,0,35.2901783,136.2529150,82.50, 0.13
2992226,0.13,-0.93,9.52,1.00,-0.04,-0.00,0.00,-0.47,4.99,0.03,10.59,0.00,0,2,1001.32,41.08,109.03,1001.32,40.42,108.78,0.63,1000.66,37.87,113.97,0.10,0.42,96.15,308.41,7902,0.43,1.37,9.55,1.00,0.07,-0.03,0.01,3.40,-8.01,0.64,6,6,52,0,35.2901783,136.2529150,82.50, 0.13
2992281,0.08,-0.80,9.50,1.00,-0.04,-0.00,0.00,-0.47,4.99,0.03,10.60,0.00,0,2,1001.32,41.07,109.04,1001.32,40.43,108.77,0.63,1000.66,37.87,113.93,0.97,1.31,96.33,308.41,7902,0.61,1.25,9.53,1.00,0.07,-0.03,0.01,3.40,-8.02,0.64,6,6,52,0,35.2901783,136.2529150,82.50, 0.13
2992333,0.10,-0.77,9.54,1.00,-0.04,-0.00,0.00,-0.47,4.99,0.03,10.60,0.00,0,2,1001.32,41.08,109.02,1001.32,40.42,108.77,0.62,1000.66,37.87,113.92,0.67,1.08,96.24,308.41,7902,0.54,1.17,9.53,1.00,0.07,-0.03,0.01,3.40,-8.01,0.64,6,6,52,0,35.2901783,136.2529150,82.50, 0.13
2992390,0.09,-0.86,9.53,1.00,-0.04,-0.00,0.00,-0.47,4.99,0.03,10.59,0.00,0,2,1001.32,41.07,109.03,1001.33,40.42,108.78,0.62,1000.66,37.86,113.96,1.47,1.61,96.24,308.41,7902,0.56,1.36,9.57,1.00,0.07,-0.03,0.01,3.40,-8.01,0.64,6,6,52,0,35.2901783,136.2529150,82.50, 0.13
2992448,0.09,-0.85,9.52,1.00,-0.04,-0.00,0.00,-0.47,4.99,0.03,10.60,0.00,0,2,1001.32,41.08,109.04,1001.32,40.42,108.78,0.62,1000.66,37.87,113.92,2.38,2.05,96.06,308.41,7902,0.51,1.46,9.56,1.00,0.07,-0.03,0.01,3.40,-8.02,0.64,6,6,52,0,35.2901783,136.2529150,82.50, 0.13
2992502,0.09,-0.94,9.54,1.00,-0.04,-0.00,0.00,-0.47,4.99,0.03,10.59,0.00,0,2,1001.32,41.08,109.01,1001.33,40.43,108.75,0.62,1000.66,37.88,113.95,1.17,1.43,96.24,308.41,7902,0.68,1.46,9.55,1.00,0.07,-0.03,0.01,3.39,-8.03,0.64,6,6,52,0,35.2901783,136.2529150,82.50, 0.13
2992557,0.01,-0.79,9.50,1.00,-0.04,-0.00,0.00,-0.47,4.99,0.03,10.59,0.00,0,2,1001.32,41.09,109.02,1001.32,40.42,108.78,0.62,1000.66,37.87,113.94,0.73,1.14,95.71,308.41,7902,0.74,1.26,9.54,1.00,0.07,-0.03,0.01,3.40,-8.03,0.63,6,6,52,0,35.2901783,136.2529150,82.50, 0.13
2992610,0.10,-0.66,9.53,1.00,-0.04,-0.00,0.00,-0.47,4.99,0.03,10.59,0.00,0,2,1001.32,41.07,109.04,1001.33,40.42,108.75,0.62,1000.65,37.88,114.00,1.32,1.52,94.13,308.41,7902,0.31,1.18,9.56,1.00,0.07,-0.03,0.01,3.39,-8.02,0.63,6,6,52,0,35.2901783,136.2529150,82.50, 0.13
2992668,0.13,-0.71,9.54,1.00,-0.04,-0.00,0.00,-0.47,4.99,0.03,10.59,0.00,0,2,1001.32,41.09,109.00,1001.33,40.42,108.78,0.62,1000.66,37.86,113.98,2.37,2.04,90.88,308.41,7903,0.51,1.27,9.60,1.00,0.07,-0.03,0.01,3.40,-7.99,0.63,6,6,52,0,35.2901783,136.2529150,82.50, 0.13
2992720,0.08,-0.88,9.49,1.00,-0.04,-0.00,0.00,-0.47,4.99,0.03,10.60,0.00,0,2,1001.32,41.08,109.04,1001.33,40.42,108.76,0.62,1000.65,37.88,114.00,1.15,1.42,88.86,308.41,7902,0.72,1.47,9.55,1.00,0.07,-0.03,0.01,3.39,-7.99,0.63,6,6,52,0,35.2901783,136.2529150,82.50, 0.13
2992773,0.07,-0.90,9.53,1.00,-0.04,-0.00,0.00,-0.47,4.99,0.03,10.60,0.00,0,2,1001.32,41.09,109.05,1001.33,40.42,108.76,0.62,1000.66,37.88,113.95,1.47,1.61,86.22,308.41,7902,0.68,1.43,9.57,1.00,0.07,-0.03,0.01,3.40,-8.00,0.63,6,6,52,0,35.2901783,136.2529150,82.50, 0.13
2992828,0.07,-0.79,9.55,1.00,-0.04,-0.00,0.00,-0.47,4.99,0.03,10.60,0.00,0,2,1001.32,41.08,109.05,1001.32,40.42,108.78,0.62,1000.66,37.86,113.94,2.68,2.18,86.22,308.41,7903,0.71,1.29,9.54,1.00,0.07,-0.03,0.01,3.40,-8.01,0.63,6,6,52,0,35.2901783,136.2529150,82.50, 0.10
2992882,0.06,-0.73,9.51,1.00,-0.04,-0.00,0.00,-0.47,4.99,0.03,10.59,0.00,0,2,1001.32,41.09,109.05,1001.32,40.43,108.79,0.62,1000.66,37.88,113.93,1.87,1.81,85.96,308.41,7902,0.72,1.27,9.59,1.00,0.07,-0.03,0.01,3.40,-7.99,0.63,6,6,52,0,35.2901783,136.2529150,82.50, 0.10
2992939,0.11,-0.81,9.54,1.00,-0.04,-0.00,0.00,-0.47,4.99,0.03,10.61,0.00,0,2,1001.32,41.08,109.06,1001.32,40.42,108.79,0.62,1000.66,37.88,113.94,2.48,2.09,86.22,308.41,7903,0.45,1.22,9.56,1.00,0.07,-0.03,0.01,3.40,-7.99,0.63,6,6,53,0,35.2901783,136.2529133,82.50, 0.10
2992991,0.07,-0.77,9.52,1.00,-0.04,-0.00,0.00,-0.47,4.99,0.03,10.61,0.00,0,2,1001.32,41.08,109.04,1001.32,40.43,108.80,0.62,1000.66,37.87,113.97,2.75,2.20,86.40,308.41,7902,0.47,1.28,9.61,1.00,0.07,-0.03,0.01,3.39,-7.99,0.63,6,6,53,0,35.2901783,136.2529133,82.50, 0.10
2993048,0.04,-0.86,9.53,1.00,-0.04,-0.00,0.00,-0.47,4.99,0.03,10.61,0.00,0,2,1001.32,41.09,109.05,1001.32,40.42,108.78,0.62,1000.67,37.88,113.88,2.42,2.06,85.96,308.41,7902,0.84,1.41,9.56,1.00,0.07,-0.03,0.01,3.39,-7.99,0.63,6,6,53,0,35.2901783,136.2529133,82.50, 0.10
2993100,0.03,-0.85,9.50,1.00,-0.04,-0.00,0.00,-0.47,4.99,0.03,10.61,0.00,0,2,1001.32,41.10,109.06,1001.32,40.43,108.78,0.62,1000.66,37.87,113.95,2.67,2.17,86.04,308.41,7903,0.52,1.46,9.64,1.00,0.07,-0.03,0.01,3.41,-7.99,0.63,6,6,53,0,35.2901783,136.2529133,82.50, 0.10
2993157,0.12,-0.82,9.49,1.00,-0.04,-0.00,0.00,-0.47,4.99,0.03,10.61,0.00,0,2,1001.32,41.10,109.05,1001.32,40.42,108.79,0.62,1000.66,37.87,113.92,2.82,2.23,86.48,308.41,7902,0.44,1.35,9.61,1.00,0.07,-0.03,0.01,3.41,-7.99,0.65,6,6,53,0,35.2901783,136.2529133,82.50, 0.10
2993209,0.22,-0.78,9.60,1.00,-0.04,-0.00,0.00,-0.47,4.99,0.03,10.61,0.00,0,2,1001.32,41.10,109.03,1001.32,40.43,108.78,0.62,1000.66,37.87,113.97,3.28,2.41,86.66,308.41,7902,0.72,1.25,9.55,1.00,0.07,-0.03,0.01,3.40,-7.99,0.64,6,6,53,0,35.2901783,136.2529133,82.50, 0.10
2993266,0.13,-0.83,9.53,1.00,-0.04,-0.00,0.00,-0.47,4.99,0.03,10.60,0.00,0,2,1001.32,41.11,109.02,1001.32,40.43,108.77,0.62,1000.66,37.87,113.97,3.27,2.40,87.28,308.41,7902,0.52,1.25,9.52,1.00,0.07,-0.03,0.01,3.40,-7.99,0.64,6,6,53,0,35.2901783,136.2529133,82.50, 0.10
2993318,0.06,-0.86,9.47,1.00,-0.04,-0.00,0.00,-0.47,4.99,0.03,10.60,0.00,0,2,1001.33,41.09,108.99,1001.32,40.41,108.81,0.62,1000.66,37.87,113.97,3.12,2.34,87.98,308.41,7902,0.47,1.22,9.55,1.00,0.07,-0.03,0.01,3.40,-7.99,0.65,6,6,53,0,35.2901783,136.2529133,82.50, 0.10
2993372,0.02,-0.82,9.57,1.00,-0.04,-0.00,0.00,-0.47,4.99,0.03,10.60,0.00,0,2,1001.32,41.09,109.05,1001.33,40.42,108.77,0.62,1000.66,37.88,113.95,3.47,2.47,90.00,308.41,7902,0.50,1.30,9.54,1.00,0.07,-0.03,0.01,3.40,-7.99,0.65,6,6,53,0,35.2901783,136.2529133,82.50, 0.10
2993428,0.06,-0.80,9.50,1.00,-0.04,-0.00,0.00,-0.47,4.99,0.03,10.60,0.00,0,2,1001.32,41.11,109.00,1001.33,40.43,108.74,0.62,1000.65,37.88,114.02,2.95,2.28,91.85,308.41,7902,0.50,1.40,9.54,1.00,0.07,-0.03,0.01,3.40,-7.99,0.65,6,6,53,0,35.2901783,136.2529133,82.50, 0.10
2993483,0.13,-0.81,9.51,1.00,-0.04,-0.00,0.00,-0.47,4.99,0.03,10.62,0.00,0,2,1001.31,41.08,109.09,1001.33,40.42,108.76,0.62,1000.66,37.88,113.95,3.05,2.32,93.60,308.41,7902,0.40,1.27,9.54,1.00,0.07,-0.03,0.01,3.40,-7.99,0.65,6,6,53,0,35.2901783,136.2529133,82.50, 0.10
2993538,0.11,-0.74,9.52,1.00,-0.04,-0.00,0.00,-0.47,4.99,0.03,10.62,0.00,0,2,1001.32,41.11,109.06,1001.32,40.43,108.79,0.62,1000.66,37.86,113.98,2.57,2.13,94.83,308.41,7902,0.77,1.34,9.57,1.00,0.07,-0.03,0.01,3.40,-7.99,0.65,6,6,53,0,35.2901783,136.2529133,82.50, 0.10
2993589,0.09,-0.77,9.58,1.00,-0.04,-0.00,0.00,-0.47,4.99,0.03,10.62,0.00,0,2,1001.32,41.10,109.05,1001.32,40.43,108.78,0.62,1000.66,37.87,113.97,1.05,1.36,94.92,308.41,7902,0.79,1.35,9.46,1.00,0.07,-0.03,0.01,3.40,-7.99,0.65,6,6,53,0,35.2901783,136.2529133,82.50, 0.10
2993648,0.07,-0.87,9.53,1.00,-0.04,-0.00,0.00,-0.47,4.99,0.03,10.63,0.00,0,2,1001.32,41.10,109.06,1001.32,40.42,108.79,0.62,1000.65,37.87,114.02,1.73,1.75,93.25,308.41,7902,0.69,1.42,9.51,1.00,0.07,-0.03,0.01,3.40,-7.99,0.67,6,6,53,0,35.2901783,136.2529133,82.50, 0.10
2993705,0.13,-0.86,9.49,1.00,-0.04,-0.00,0.00,-0.47,4.99,0.03,10.62,0.00,0,2,1001.32,41.11,109.05,1001.32,40.42,108.78,0.62,1000.65,37.87,114.03,1.03,1.35,92.37,308.41,7903,0.55,1.45,9.54,1.00,0.07,-0.03,0.01,3.41,-7.99,0.66,6,6,53,0,35.2901783,136.2529133,82.50, 0.10
2993756,0.14,-0.77,9.51,1.00,-0.04,-0.00,0.00,-0.47,4.99,0.03,10.61,0.00,0,2,1001.32,41.11,109.03,1001.32,40.43,108.80,0.62,1000.65,37.87,114.04,1.35,1.54,92.64,308.41,7902,0.69,1.20,9.52,1.00,0.07,-0.03,0.01,3.41,-7.99,0.66,6,6,53,0,35.2901783,136.2529133,82.50, 0.13
2993809,0.11,-0.80,9.53,1.00,-0.04,-0.00,0.00,-0.47,4.99,0.03,10.61,0.00,0,2,1001.32,41.12,109.06,1001.32,40.43,108.80,0.62,1000.66,37.88,113.99,2.10,1.92,93.96,308.41,7903,0.61,1.36,9.60,1.00,0.07,-0.03,0.01,3.41,-7.99,0.66,6,6,53,0,35.2901783,136.2529133,82.50, 0.13
2993866,0.09,-0.79,9.52,1.00,-0.04,-0.00,0.00,-0.47,4.99,0.03,10.61,0.00,0,2,1001.32,41.11,109.07,1001.32,40.43,108.77,0.62,1000.65,37.87,114.05,1.03,1.35,93.96,308.41,7902,0.38,1.35,9.58,1.00,0.07,-0.03,0.01,3.41,-7.99,0.66,6,6,53,0,35.2901783,136.2529133,82.50, 0.13
2993920,0.06,-0.83,9.50,1.00,-0.04,-0.00,0.00,-0.47,4.99,0.03,10.62,0.00,0,2,1001.32,41.11,109.09,1001.32,40.44,108.76,0.62,1000.64,37.87,114.09,1.38,1.56,93.78,308.41,7902,0.53,1.38,9.58,1.00,0.07,-0.03,0.01,3.40,-7.98,0.66,6,6,53,0,35.2901783,136.2529133,82.50, 0.13
2993976,0.06,-0.81,9.52,1.00,-0.04,-0.00,0.00,-0.47,4.99,0.03,10.63,0.00,0,2,1001.32,41.11,109.07,1001.32,40.43,108.78,0.62,1000.65,37.88,114.07,1.48,1.62,93.43,308.41,7903,0.70,1.49,9.57,1.00,0.07,-0.03,0.01,3.40,-7.98,0.66,6,6,54,0,35.2901767,136.2529117,82.50, 0.13
2994028,0.06,-0.86,9.53,1.00,-0.04,-0.00,0.00,-0.47,4.99,0.03,10.63,0.00,0,2,1001.32,41.12,109.08,1001.32,40.42,108.77,0.62,1000.66,37.87,113.97,1.42,1.58,93.16,308.41,7902,0.67,1.40,9.54,1.00,0.07,-0.03,0.01,3.41,-7.99,0.66,6,6,54,0,35.2901767,136.2529117,82.50, 0.13
2994085,0.10,-0.85,9.54,1.00,-0.04,-0.00,0.00,-0.47,4.99,0.03,10.62,0.00,0,2,1001.32,41.12,109.06,1001.32,40.43,108.81,0.62,1000.66,37.88,113.93,0.05,0.30,93.16,308.41,7902,0.46,1.32,9.58,1.00,0.07,-0.03,0.01,3.41,-7.99,0.66,6,6,54,0,35.2901767,136.2529117,82.50, 0.13
2994143,0.13,-0.84,9.53,1.00,-0.04,-0.00,0.00,-0.47,4.99,0.03,10.61,0.00,0,2,1001.32,41.12,109.05,1001.32,40.44,108.82,0.62,1000.66,37.87,113.94,1.60,1.68,93.25,308.41,7902,0.60,1.46,9.60,1.00,0.07,-0.03,0.01,3.41,-7.99,0.66,6,6,54,0,35.2901767,136.2529117,82.50, 0.13
2994198,0.09,-0.85,9.49,1.00,-0.04,-0.00,0.00,-0.47,4.99,0.03,10.60,0.00,0,2,1001.32,41.12,109.06,1001.32,40.43,108.80,0.62,1000.65,37.86,114.00,1.07,1.37,93.25,308.41,7902,0.65,1.36,9.52,1.00,0.07,-0.03,0.01,3.41,-7.99,0.66,6,6,54,0,35.2901767,136.2529117,82.50, 0.13
2994252,0.05,-0.84,9.48,1.00,-0.04,-0.00,0.00,-0.47,4.99,0.03,10.60,0.00,0,2,1001.32,41.13,109.09,1001.32,40.43,108.78,0.62,1000.66,37.87,113.93,0.13,0.49,93.16,308.41,7903,0.72,1.32,9.55,1.00,0.07,-0.03,0.01,3.41,-7.99,0.66,6,6,54,0,35.2901767,136.2529117,82.50, 0.13
2994305,0.11,-0.80,9.53,1.00,-0.04,-0.00,0.00,-0.47,4.99,0.03,10.60,0.00,0,2,1001.32,41.14,109.05,1001.33,40.44,108.76,0.62,1000.66,37.88,113.93,0.57,1.00,93.78,308.41,7902,0.55,1.40,9.60,1.00,0.07,-0.03,0.01,3.41,-7.98,0.67,6,6,54,0,35.2901767,136.2529117,82.50, 0.13
2994363,0.12,-0.75,9.50,1.00,-0.04,-0.00,0.00,-0.47,4.99,0.03,10.60,0.00,0,2,1001.31,41.13,109.11,1001.33,40.44,108.77,0.62,1000.66,37.86,113.96,0.43,0.87,93.69,308.41,7902,0.71,1.28,9.53,1.00,0.07,-0.03,0.01,3.40,-7.98,0.66,6,6,54,0,35.2901767,136.2529117,82.50, 0.13
2994416,0.09,-0.82,9.54,1.00,-0.04,-0.00,0.00,-0.47,4.99,0.03,10.59,0.00,0,2,1001.32,41.13,109.06,1001.33,40.43,108.77,0.62,1000.65,37.87,113.99,0.63,1.06,93.69,308.41,7902,0.67,1.26,9.54,1.00,0.07,-0.03,0.01,3.40,-7.98,0.65,6,6,54,0,35.2901767,136.2529117,82.50, 0.13
2994468,0.07,-0.79,9.52,1.00,-0.04,-0.00,0.00,-0.47,4.99,0.03,10.59,0.00,0,2,1001.32,41.13,109.04,1001.32,40.44,108.78,0.62,1000.65,37.87,113.99,1.00,1.33,93.69,308.41,7902,0.75,1.36,9.59,1.00,0.07,-0.03,0.01,3.40,-7.98,0.65,6,6,54,0,35.2901767,136.2529117,82.50, 0.13
2994524,0.05,-0.85,9.53,1.00,-0.04,-0.00,0.00,-0.47,4.99,0.03,10.59,0.00,0,2,1001.32,41.14,109.05,1001.32,40.43,108.80,0.62,1000.65,37.87,114.02,1.02,1.34,93.60,308.41,7902,0.73,1.44,9.58,1.00,0.07,-0.03,0.01,3.41,-7.98,0.65,6,6,54,0,35.2901767,136.2529117,82.50, 0.13
2994581,0.08,-0.84,9.54,1.00,-0.04,-0.00,0.00,-0.47,4.99,0.03,10.60,0.00,0,2,1001.32,41.13,109.05,1001.33,40.44,108.74,0.62,1000.65,37.87,114.01,0.67,1.08,93.60,308.41,7902,0.68,1.36,9.55,1.00,0.07,-0.03,0.01,3.41,-7.98,0.65,6,6,54,0,35.2901767,136.2529117,82.50, 0.13
2994636,0.10,-0.85,9.53,1.00,-0.04,-0.00,0.00,-0.47,4.99,0.03,10.60,0.00,0,2,1001.33,41.15,109.01,1001.33,40.45,108.75,0.62,1000.66,37.88,113.98,1.20,1.46,93.60,308.41,7903,0.54,1.36,9.61,1.00,0.07,-0.03,0.01,3.41,-7.98,0.65,6,6,54,0,35.2901767,136.2529117,82.50, 0.13
2994693,0.10,-0.79,9.50,1.00,-0.04,-0.00,0.00,-0.47,4.99,0.03,10.59,0.00,0,2,1001.32,41.14,109.05,1001.33,40.43,108.79,0.62,1000.65,37.87,114.01,1.00,1.33,93.78,308.41,7902,0.74,1.33,9.54,1.00,0.07,-0.03,0.01,3.41,-7.98,0.65,6,6,54,0,35.2901767,136.2529117,82.50, 0.13
2994745,0.10,-0.81,9.56,1.00,-0.04,-0.00,0.00,-0.47,4.99,0.03,10.59,0.00,0,2,1001.32,41.15,109.06,1001.32,40.45,108.77,0.62,1000.66,37.86,113.98,2.00,1.88,93.25,308.41,7903,0.87,1.49,9.60,1.00,0.07,-0.03,0.01,3.41,-7.98,0.64,6,6,54,0,35.2901767,136.2529117,82.50, 0.13
2994802,0.10,-0.80,9.47,1.00,-0.04,-0.00,0.00,-0.47,4.99,0.03,10.60,0.00,0,2,1001.32,41.15,109.06,1001.32,40.43,108.80,0.62,1000.66,37.88,113.99,1.65,1.71,93.34,308.41,7902,0.84,1.31,9.52,1.00,0.07,-0.03,0.01,3.41,-7.98,0.64,6,6,54,0,35.2901767,136.2529117,82.50, 0.28
2994853,0.06,-0.84,9.49,1.00,-0.04,-0.00,0.00,-0.47,4.99,0.03,10.60,0.00,0,2,1001.32,41.14,109.05,1001.32,40.43,108.80,0.63,1000.66,37.89,113.94,1.20,1.46,93.96,308.41,7903,0.45,1.36,9.60,1.00,0.07,-0.03,0.01,3.41,-7.98,0.65,6,6,54,0,35.2901767,136.2529117,82.50, 0.28
2994909,0.06,-0.85,9.52,1.00,-0.04,-0.00,0.00,-0.47,4.99,0.03,10.60,0.00,0,2,1001.32,41.15,109.04,1001.32,40.43,108.81,0.62,1000.66,37.88,113.97,1.28,1.50,93.34,308.41,7901,0.84,1.36,9.55,1.00,0.07,-0.03,0.01,3.41,-7.98,0.63,6,6,54,0,35.2901767,136.2529117,82.50, 0.28
2994962,0.09,-0.86,9.53,1.00,-0.04,-0.00,0.00,-0.47,4.99,0.03,10.59,0.00,0,2,1001.32,41.15,109.04,1001.32,40.42,108.80,0.62,1000.66,37.88,113.95,1.47,1.61,93.16,308.41,7901,0.79,1.38,9.55,1.00,0.07,-0.03,0.01,3.41,-7.98,0.62,6,6,55,0,35.2901750,136.2529100,82.50, 0.28
2995017,0.10,-0.78,9.57,1.00,-0.04,-0.00,0.00,-0.47,4.99,0.03,10.59,0.00,0,2,1001.32,41.15,109.04,1001.33,40.44,108.76,0.62,1000.65,37.88,114.02,1.75,1.76,93.52,308.41,7903,0.69,1.38,9.56,1.00,0.07,-0.03,0.01,3.41,-7.98,0.62,6,6,55,0,35.2901750,136.2529100,82.50, 0.28
2995073,0.08,-0.78,9.52,1.00,-0.04,-0.00,0.00,-0.47,4.99,0.03,10.60,0.00,0,2,1001.32,41.15,109.06,1001.33,40.45,108.77,0.62,1000.65,37.87,114.00,1.98,1.87,93.96,308.41,7902,0.58,1.30,9.57,1.00,0.07,-0.03,0.01,3.41,-7.98,0.62,6,6,55,0,35.2901750,136.2529100,82.50, 0.28
2995130,0.12,-0.82,9.54,1.00,-0.04,-0.00,0.00,-0.47,4.99,0.03,10.59,0.00,0,2,1001.32,41.16,109.05,1001.33,40.44,108.77,0.61,1000.65,37.87,114.00,1.82,1.79,94.39,308.41,7902,0.53,1.41,9.61,1.00,0.07,-0.03,0.01,3.41,-7.98,0.62,6,6,55,0,35.2901750,136.2529100,82.50, 0.28
2995182,0.10,-0.79,9.50,1.00,-0.04,-0.00,0.00,-0.47,4.99,0.03,10.60,0.00,0,2,1001.32,41.15,109.05,1001.32,40.43,108.78,0.62,1000.66,37.88,113.97,-0.42,0.86,94.39,308.41,7902,0.60,1.25,9.55,1.00,0.07,-0.03,0.01,3.41,-7.98,0.62,6,6,55,0,35.2901750,136.2529100,82.50, 0.28
2995237,0.09,-0.82,9.58,1.00,-0.04,-0.00,0.00,-0.47,4.99,0.03,10.59,0.00,0,2,1001.32,41.17,109.05,1001.33,40.43,108.76,0.61,1000.66,37.86,113.96,0.07,0.34,94.31,308.41,7902,0.66,1.35,9.56,1.00,0.07,-0.03,0.01,3.41,-7.98,0.62,6,6,55,0,35.2901750,136.2529100,82.50, 0.28
2995292,0.12,-0.87,9.51,1.00,-0.04,-0.00,0.00,-0.47,4.99,0.03,10.59,0.00,0,2,1001.32,41.16,109.07,1001.33,40.43,108.77,0.61,1000.66,37.86,113.96,0.75,1.15,94.57,308.41,7902,0.49,1.26,9.53,1.00,0.07,-0.03,0.01,3.41,-7.98,0.62,6,6,55,0,35.2901750,136.2529100,82.50, 0.28
2995344,0.04,-0.89,9.48,1.00,-0.04,-0.00,0.00,-0.47,4.99,0.03,10.59,0.00,0,2,1001.32,41.15,109.08,1001.33,40.44,108.78,0.62,1000.66,37.88,113.99,0.22,0.62,94.92,308.41,7902,0.64,1.32,9.54,1.00,0.07,-0.03,0.01,3.41,-7.98,0.62,6,6,55,0,35.2901750,136.2529100,82.50, 0.28
2995401,0.07,-0.83,9.50,1.00,-0.04,-0.00,0.00,-0.47,4.99,0.03,10.60,0.00,0,2,1001.32,41.15,109.05,1001.32,40.43,108.76,0.62,1000.65,37.89,114.01,0.22,0.62,92.55,308.41,7902,0.63,1.26,9.52,1.00,0.07,-0.03,0.01,3.41,-7.98,0.62,6,6,55,0,35.2901750,136.2529100,82.50, 0.28
2995454,0.10,-0.82,9.56,1.00,-0.04,-0.00,0.00,-0.47,4.99,0.03,10.62,0.00,0,2,1001.32,41.16,109.09,1001.33,40.44,108.76,0.62,1000.65,37.86,114.05,0.57,1.00,90.18,308.41,7903,0.57,1.33,9.58,1.00,0.07,-0.03,0.01,3.41,-7.98,0.62,6,6,55,0,35.2901750,136.2529100,82.50, 0.28
2995510,0.11,-0.79,9.48,1.00,-0.04,-0.00,0.00,-0.47,4.99,0.03,10.62,0.00,0,2,1001.32,41.16,109.05,1001.33,40.44,108.76,0.62,1000.65,37.87,114.05,0.47,0.91,84.55,308.41,7902,0.58,1.27,9.56,1.00,0.07,-0.03,0.01,3.41,-7.98,0.62,6,6,55,0,35.2901750,136.2529100,82.50, 0.28
2995562,0.06,-0.82,9.52,1.00,-0.04,-0.00,0.00,-0.47,4.99,0.03,10.62,0.00,0,2,1001.32,41.15,109.07,1001.32,40.43,108.78,0.62,1000.65,37.87,114.06,2.70,2.18,81.04,308.41,7902,0.69,1.45,9.60,1.00,0.07,-0.03,0.01,3.41,-7.98,0.62,6,6,55,0,35.2901750,136.2529100,82.50, 0.28
2995616,0.07,-0.78,9.53,1.00,-0.04,-0.00,0.00,-0.47,4.99,0.03,10.62,0.00,0,2,1001.32,41.15,109.09,1001.32,40.44,108.78,0.62,1000.65,37.88,114.06,2.05,1.90,80.60,308.41,7903,0.60,1.27,9.52,1.00,0.07,-0.03,0.01,3.41,-7.98,0.62,6,6,55,0,35.2901750,136.2529100,82.50, 0.28
2995670,0.11,-0.82,9.50,1.00,-0.04,-0.00,0.00,-0.47,4.99,0.03,10.62,0.00,0,2,1001.32,41.16,109.09,1001.33,40.44,108.76,0.62,1000.65,37.88,114.02,1.43,1.59,81.12,308.41,7902,0.58,1.20,9.51,1.00,0.07,-0.03,0.01,3.41,-7.98,0.62,6,6,55,0,35.2901750,136.2529100,82.50, 0.28
2995723,0.09,-0.86,9.50,1.00,-0.04,-0.00,0.00,-0.47,4.99,0.03,10.62,0.00,0,2,1001.32,41.15,109.05,1001.32,40.43,108.80,0.62,1000.66,37.87,113.97,1.37,1.55,81.04,308.41,7903,0.59,1.46,9.59,1.00,0.07,-0.03,0.01,3.41,-7.98,0.62,6,6,55,0,35.2901750,136.2529100,82.50, 0.28
2995780,0.06,-0.81,9.55,1.00,-0.04,-0.00,0.00,-0.47,4.99,0.03,10.61,0.00,0,2,1001.32,41.16,109.05,1001.32,40.43,108.78,0.62,1000.66,37.87,113.94,1.72,1.74,81.21,308.41,7903,0.62,1.41,9.56,1.00,0.07,-0.03,0.01,3.41,-7.98,0.62,6,6,55,0,35.2901750,136.2529100,82.50, 0.27
2995838,0.07,-0.77,9.50,1.00,-0.04,-0.00,0.00,-0.47,4.99,0.03,10.60,0.00,0,2,1001.32,41.16,109.04,1001.32,40.43,108.84,0.62,1000.66,37.87,113.96,1.92,1.84,81.47,308.41,7904,0.57,1.30,9.55,1.00,0.07,-0.03,0.01,3.41,-7.98,0.62,6,6,55,0,35.2901750,136.2529100,82.50, 0.27
2995892,0.11,-0.79,9.50,1.00,-0.04,-0.00,0.00,-0.47,4.99,0.03,10.59,0.00,0,2,1001.32,41.16,109.05,1001.32,40.44,108.77,0.62,1000.66,37.87,113.90,1.15,1.42,82.00,308.41,7903,0.58,1.28,9.52,1.00,0.07,-0.03,0.01,3.41,-7.98,0.62,6,6,55,0,35.2901750,136.2529100,82.50, 0.27
2995949,0.09,-0.83,9.50,1.00,-0.04,-0.00,0.00,-0.47,4.99,0.03,10.59,0.00,0,2,1001.32,41.16,109.08,1001.32,40.45,108.79,0.62,1000.66,37.87,113.90,1.20,1.45,82.62,308.41,7903,0.60,1.46,9.57,1.00,0.07,-0.03,0.01,3.41,-7.98,0.62,6,6,56,0,35.2901750,136.2529100,82.50, 0.27
2996000,0.08,-0.82,9.53,1.00,-0.04,-0.00,0.00,-0.47,4.99,0.03,10.59,0.00,0,2,1001.32,41.17,109.06,1001.32,40.43,108.82,0.61,1000.66,37.88,113.91,1.13,1.41,84.11,308.41,7902,0.60,1.35,9.53,1.00,0.07,-0.03,0.01,3.41,-7.98,0.62,6,6,56,0,35.2901750,136.2529100,82.50, 0.27
2996058,0.08,-0.80,9.51,1.00,-0.04,-0.00,0.00,-0.47,4.99,0.03,10.60,0.00,0,2,1001.32,41.15,109.08,1001.32,40.43,108.80,0.62,1000.66,37.88,113.98,1.32,1.52,85.87,308.41,7902,0.63,1.33,9.54,1.00,0.07,-0.03,0.01,3.41,-7.98,0.62,6,6,56,0,35.2901750,136.2529100,82.50, 0.27
2996110,0.11,-0.83,9.54,1.00,-0.04,-0.00,0.00,-0.47,4.99,0.03,10.61,0.00,0,2,1001.32,41.16,109.10,1001.32,40.42,108.80,0.62,1000.65,37.88,114.00,0.20,0.59,88.86,308.41,7903,0.56,1.36,9.57,1.00,0.07,-0.03,0.01,3.41,-7.98,0.62,6,6,56,0,35.2901750,136.2529100,82.50, 0.27
2996163,0.12,-0.79,9.52,1.00,-0.04,-0.00,0.00,-0.47,4.99,0.03,10.62,0.00,0,2,1001.32,41.17,109.08,1001.32,40.45,108.82,0.62,1000.65,37.87,114.06,0.97,1.31,90.00,308.41,7902,0.56,1.20,9.52,1.00,0.07,-0.03,0.01,3.41,-7.98,0.62,6,6,56,0,35.2901750,136.2529100,82.50, 0.27
2996218,0.08,-0.86,9.55,1.00,-0.04,-0.00,0.00,-0.47,4.99,0.03,10.63,0.00,0,2,1001.32,41.17,109.08,1001.32,40.45,108.82,0.63,1000.65,37.87,114.06,0.32,0.75,89.74,308.41,7902,0.65,1.24,9.51,1.00,0.07,-0.03,0.01,3.41,-7.98,0.62,6,6,56,0,35.2901750,136.2529100,82.50, 0.27
2996276,0.05,-0.87,9.53,1.00,-0.04,-0.00,0.00,-0.47,4.99,0.03,10.63,0.00,0,2,1001.31,41.16,109.12,1001.32,40.45,108.81,0.62,1000.65,37.88,114.02,0.47,0.91,89.65,308.41,7903,0.55,1.32,9.55,1.00,0.07,-0.03,0.01,3.41,-7.98,0.62,6,6,56,0,35.2901750,136.2529100,82.50, 0.27
2996328,0.09,-0.82,9.52,1.00,-0.04,-0.00,0.00,-0.47,4.99,0.03,10.64,0.00,0,2,1001.31,41.16,109.12,1001.32,40.44,108.82,0.62,1000.65,37.87,114.03,-0.12,0.45,89.12,308.41,7903,0.65,1.39,9.57,1.00,0.07,-0.03,0.01,3.41,-7.98,0.62,6,6,56,0,35.2901750,136.2529100,82.50, 0.27
2996386,0.12,-0.80,9.50,1.00,-0.04,-0.00,0.00,-0.47,4.99,0.03,10.63,0.00,0,2,1001.32,41.17,109.09,1001.32,40.45,108.76,0.62,1000.65,37.88,114.02,-0.05,0.30,89.12,308.41,7903,0.60,1.33,9.56,1.00,0.07,-0.03,0.01,3.41,-7.98,0.62,6,6,56,0,35.2901750,136.2529100,82.50, 0.27
2996438,0.11,-0.84,9.50,1.00,-0.04,-0.00,0.00,-0.47,4.99,0.03,10.62,0.00,0,2,1001.32,41.17,109.07,1001.32,40.45,108.81,0.62,1000.66,37.88,113.97,0.22,0.62,89.21,308.41,7903,0.55,1.36,9.57,1.00,0.07,-0.03,0.01,3.41,-7.98,0.62,6,6,56,0,35.2901750,136.2529100,82.50, 0.27
2996497,0.05,-0.83,9.50,1.00,-0.04,-0.00,0.00,-0.47,4.99,0.03,10.61,0.00,0,2,1001.32,41.17,109.11,1001.32,40.44,108.81,0.62,1000.66,37.88,113.96,0.55,0.99,89.03,308.41,7902,0.53,1.17,9.53,1.00,0.07,-0.03,0.01,3.41,-7.98,0.62,6,6,56,0,35.2901750,136.2529100,82.50, 0.27
2996548,0.09,-0.84,9.49,1.00,-0.04,-0.00,0.00,-0.47,4.99,0.03,10.61,0.00,0,2,1001.32,41.17,109.09,1001.32,40.44,108.79,0.62,1000.66,37.87,113.97,0.73,1.14,89.30,308.41,7902,0.59,1.29,9.52,1.00,0.07,-0.03,0.01,3.41,-7.98,0.62,6,6,56,0,35.2901750,136.2529100,82.50, 0.27
2996605,0.11,-0.76,9.51,1.00,-0.04,-0.00,0.00,-0.47,4.99,0.03,10.60,0.00,0,2,1001.32,41.17,109.08,1001.32,40.44,108.83,0.62,1000.66,37.88,113.95,0.72,1.12,90.26,308.41,7902,0.55,1.29,9.59,1.00,0.07,-0.03,0.01,3.41,-7.98,0.62,6,6,56,0,35.2901750,136.2529100,82.50, 0.27
2996659,0.10,-0.81,9.54,1.00,-0.04,-0.00,0.00,-0.47,4.99,0.03,10.60,0.00,0,2,1001.32,41.18,109.10,1001.32,40.43,108.80,0.62,1000.66,37.87,113.96,1.52,1.64,90.00,308.41,7902,0.58,1.11,9.47,1.00,0.07,-0.03,0.01,3.41,-7.98,0.62,6,6,56,0,35.2901750,136.2529100,82.50, 0.27
2996712,0.11,-0.85,9.52,1.00,-0.04,-0.00,0.00,-0.47,4.99,0.03,10.61,0.00,0,2,1001.32,41.17,109.11,1001.32,40.45,108.79,0.62,1000.66,37.86,113.94,2.58,2.13,89.47,308.41,7903,0.59,1.22,9.52,1.00,0.07,-0.03,0.01,3.41,-7.98,0.62,6,6,56,0,35.2901750,136.2529100,82.50, 0.27
2996766,0.11,-0.86,9.57,1.00,-0.04,-0.00,0.00,-0.47,4.99,0.03,10.60,0.00,0,2,1001.31,41.16,109.11,1001.32,40.43,108.79,0.62,1000.66,37.88,113.93,2.68,2.18,89.21,308.41,7903,0.55,1.53,9.61,1.00,0.07,-0.03,0.01,3.41,-7.98,0.62,6,6,56,0,35.2901750,136.2529100,82.50, 0.27
2996820,0.11,-0.83,9.50,1.00,-0.04,-0.00,0.00,-0.47,4.99,0.03,10.60,0.00,0,2,1001.32,41.17,109.11,1001.32,40.43,108.78,0.62,1000.66,37.87,113.95,3.30,2.41,89.30,308.41,7901,0.53,1.39,9.57,1.00,0.07,-0.03,0.01,3.41,-7.98,0.62,6,6,56,0,35.2901750,136.2529100,82.50, 0.27
2996877,0.11,-0.79,9.54,1.00,-0.04,-0.00,0.00,-0.47,4.99,0.03,10.60,0.00,0,2,1001.32,41.18,109.05,1001.32,40.45,108.80,0.62,1000.66,37.88,113.97,3.60,2.52,89.74,308.41,7902,0.55,1.22,9.52,1.00,0.07,-0.03,0.01,3.41,-7.98,0.62,6,6,56,0,35.2901750,136.2529100,82.50, 0.27
2996929,0.10,-0.75,9.53,1.00,-0.04,-0.00,0.00,-0.47,4.99,0.03,10.59,0.00,0,2,1001.32,41.19,109.08,1001.32,40.45,108.80,0.62,1000.66,37.88,113.93,2.05,1.90,91.67,308.41,7902,0.64,1.24,9.54,1.00,0.07,-0.03,0.01,3.41,-7.98,0.62,6,6,56,0,35.2901750,136.2529100,82.50, 0.27
2996985,0.05,-0.78,9.52,1.00,-0.04,-0.00,0.00,-0.47,4.99,0.03,10.58,0.00,0,2,1001.32,41.19,109.06,1001.32,40.43,108.80,0.62,1000.66,37.89,113.91,3.55,2.50,91.41,308.41,7903,0.59,1.31,9.55,1.00,0.07,-0.03,0.01,3.41,-7.98,0.62,6,6,56,0,35.2901750,136.2529100,82.50, 0.27
2997038,0.07,-0.86,9.53,1.00,-0.04,-0.00,0.00,-0.47,4.99,0.03,10.59,0.00,0,2,1001.32,41.18,109.07,1001.32,40.44,108.81,0.62,1000.66,37.89,113.93,2.52,2.11,91.14,308.41,7903,0.56,1.37,9.57,1.00,0.07,-0.03,0.01,3.41,-7.98,0.62,6,6,56,0,35.2901750,136.2529100,82.50, 0.27
2997095,0.12,-0.84,9.52,1.00,-0.04,-0.00,0.00,-0.47,4.99,0.03,10.59,0.00,0,2,1001.32,41.19,109.06,1001.32,40.45,108.79,0.62,1000.66,37.88,113.91,1.97,1.86,91.85,308.41,7902,0.51,1.35,9.52,1.00,0.07,-0.03,0.01,3.41,-7.98,0.62,6,6,56,0,35.2901750,136.2529100,82.50, 0.27
2997148,0.14,-0.81,9.51,1.00,-0.04,-0.00,0.00,-0.47,4.99,0.03,10.57,0.00,0,2,1001.32,41.18,109.03,1001.32,40.44,108.81,0.62,1000.66,37.88,113.90,1.60,1.68,93.78,308.41,7902,0.50,1.42,9.61,1.00,0.07,-0.03,0.01,3.41,-7.98,0.62,6,6,56,0,35.2901750,136.2529100,82.50, 0.27
2997204,0.11,-0.81,9.52,1.00,-0.04,-0.00,0.00,-0.47,4.99,0.03,10.56,0.00,0,2,1001.32,41.19,109.03,1001.32,40.44,108.77,0.62,1000.66,37.86,113.95,2.70,2.18,97.12,308.41,7903,0.53,1.38,9.56,1.00,0.07,-0.03,0.01,3.41,-7.98,0.62,6,6,56,0,35.2901750,136.2529100,82.50, 0.27
2997257,0.09,-0.76,9.52,1.00,-0.04,-0.00,0.00,-0.47,4.99,0.03,10.56,0.00,0,2,1001.32,41.18,109.06,1001.32,40.45,108.79,0.62,1000.66,37.85,113.89,3.70,2.55,97.56,308.41,7903,0.56,1.31,9.59,1.00,0.07,-0.03,0.01,3.41,-7.98,0.62,6,6,56,0,35.2901750,136.2529100,82.50, 0.27
2997314,0.05,-0.78,9.54,1.00,-0.04,-0.00,0.00,-0.47,4.99,0.03,10.57,0.00,0,2,1001.32,41.19,109.06,1001.32,40.44,108.81,0.62,1000.66,37.86,113.94,3.25,2.39,97.91,308.41,7903,0.61,1.32,9.56,1.00,0.07,-0.03,0.01,3.41,-7.98,0.62,6,6,56,0,35.2901750,136.2529100,82.50, 0.27
2997367,0.07,-0.80,9.53,1.00,-0.04,-0.00,0.00,-0.47,4.99,0.03,10.58,0.00,0,2,1001.32,41.17,109.06,1001.32,40.46,108.78,0.62,1000.66,37.87,113.97,3.55,2.50,98.09,308.50,7902,0.61,1.42,9.59,1.00,0.07,-0.03,0.01,3.41,-7.98,0.62,6,6,56,0,35.2901750,136.2529100,82.50, 0.27
2997418,0.12,-0.85,9.53,1.00,-0.04,-0.00,0.00,-0.47,4.99,0.03,10.60,0.00,0,2,1001.32,41.18,109.10,1001.32,40.44,108.80,0.62,1000.66,37.88,113.96,3.48,2.48,100.37,308.41,7902,0.54,1.29,9.53,1.00,0.07,-0.03,0.01,3.41,-7.98,0.62,6,6,56,0,35.2901750,136.2529100,82.50, 0.27
2997475,0.11,-0.89,9.53,1.00,-0.04,-0.00,0.00,-0.47,4.99,0.03,10.60,0.00,0,2,1001.32,41.18,109.05,1001.32,40.43,108.80,0.62,1000.66,37.87,113.92,4.33,2.76,102.74,308.41,7903,0.58,1.38,9.56,1.00,0.07,-0.03,0.01,3.41,-7.98,0.62,6,6,56,0,35.2901750,136.2529100,82.50, 0.27
2997532,0.08,-0.82,9.50,1.00,-0.04,-0.00,0.00,-0.47,4.99,0.03,10.60,0.00,0,2,1001.32,41.18,109.07,1001.33,40.45,108.77,0.62,1000.66,37.88,113.95,2.32,2.02,108.02,308.41,7903,0.57,1.36,9.57,1.00,0.07,-0.03,0.01,3.41,-7.98,0.62,6,6,56,0,35.2901750,136.2529100,82.50, 0.27
2997586,0.08,-0.79,9.52,1.00,-0.04,-0.00,0.00,-0.47,4.99,0.03,10.60,0.00,0,2,1001.32,41.19,109.07,1001.32,40.45,108.79,0.62,1000.65,37.87,114.02,2.27,2.00,114.43,308.41,7903,0.58,1.35,9.56,1.00,0.07,-0.03,0.01,3.41,-7.98,0.62,6,6,56,0,35.2901750,136.2529100,82.50, 0.27
2997643,0.11,-0.80,9.50,1.00,-0.04,-0.00,0.00,-0.47,4.99,0.03,10.59,0.00,0,2,1001.32,41.19,109.08,1001.32,40.45,108.79,0.61,1000.64,37.88,114.09,3.62,2.53,116.02,308.41,7902,0.60,1.36,9.58,1.00,0.07,-0.03,0.01,3.41,-7.98,0.62,6,6,56,0,35.2901750,136.2529100,82.50, 0.27
2997695,0.09,-0.79,9.53,1.00,-0.04,-0.00,0.00,-0.47,4.99,0.03,10.60,0.00,0,2,1001.32,41.20,109.09,1001.32,40.45,108.80,0.62,1000.64,37.86,114.14,1.55,1.65,114.43,308.41,7903,0.56,1.34,9.58,1.00,0.07,-0.03,0.01,3.41,-7.98,0.62,6,6,56,0,35.2901750,136.2529100,82.50, 0.27
2997753,0.11,-0.84,9.52,1.00,-0.04,-0.00,0.00,-0.47,4.99,0.03,10.61,0.00,0,2,1001.32,41.19,109.12,1001.32,40.43,108.83,0.62,1000.64,37.88,114.14,1.13,1.41,107.93,308.41,7903,0.59,1.48,9.57,1.00,0.07,-0.03,0.01,3.41,-7.98,0.62,6,6,57,0,35.2901750,136.2529117,82.50, 0.15
2997805,0.05,-0.85,9.54,1.00,-0.04,-0.00,0.00,-0.47,4.99,0.03,10.62,0.00,0,2,1001.31,41.19,109.13,1001.32,40.45,108.79,0.62,1000.63,37.87,114.17,0.10,0.42,98.35,308.50,7902,0.60,1.24,9.53,1.00,0.07,-0.03,0.01,3.41,-7.98,0.62,6,6,57,0,35.2901750,136.2529117,82.50, 0.15
2997860,0.10,-0.83,9.54,1.00,-0.04,-0.00,0.00,-0.47,4.99,0.03,10.63,0.00,0,2,1001.32,41.20,109.11,1001.32,40.45,108.84,0.62,1000.63,37.87,114.22,0.42,0.86,88.24,308.76,7903,0.50,1.19,9.50,1.00,0.07,-0.03,0.01,3.41,-7.98,0.62,6,6,58,0,35.2901750,136.2529117,82.50, 0.15
2997913,0.10,-0.79,9.54,1.00,-0.04,-0.00,0.00,-0.47,4.99,0.03,10.63,0.00,0,2,1001.32,41.19,109.09,1001.32,40.46,108.82,0.62,1000.63,37.85,114.17,1.23,1.48,83.85,308.76,7904,0.61,1.30,9.55,1.00,0.07,-0.03,0.01,3.41,-7.98,0.62,6,6,58,0,35.2901750,136.2529117,82.50, 0.15
2997970,0.08,-0.78,9.52,1.00,-0.04,-0.00,0.00,-0.47,4.99,0.03,10.62,0.00,0,2,1001.32,41.20,109.09,1001.32,40.45,108.82,0.62,1000.64,37.87,114.13,1.10,1.39,80.24,308.76,7902,0.57,1.23,9.55,1.00,0.07,-0.03,0.01,3.41,-7.98,0.62,6,6,58,0,35.2901750,136.2529117,82.50, 0.15
2998022,0.12,-0.70,9.48,1.00,-0.04,-0.00,0.00,-0.47,4.99,0.03,10.62,0.00,0,2,1001.32,41.19,109.10,1001.32,40.44,108.78,0.62,1000.65,37.88,114.07,2.05,1.90,82.18,308.76,7903,0.46,1.21,9.55,1.00,0.07,-0.03,0.01,3.41,-7.98,0.62,6,6,58,0,35.2901750,136.2529117,82.50, 0.15
2998077,0.08,-0.90,9.56,1.00,-0.04,-0.00,0.00,-0.47,4.99,0.03,10.60,0.00,0,2,1001.32,41.20,109.08,1001.32,40.45,108.79,0.62,1000.65,37.87,114.01,2.28,2.01,86.48,308.76,7903,0.52,1.38,9.52,1.00,0.07,-0.03,0.01,3.41,-7.98,0.62,6,6,58,0,35.2901750,136.2529117,82.50, 0.15
2998133,0.10,-0.81,9.54,1.00,-0.04,-0.00,0.00,-0.47,4.99,0.03,10.59,0.00,0,2,1001.32,41.20,109.05,1001.32,40.45,108.78,0.62,1000.66,37.87,113.97,1.08,1.38,90.70,308.76,7902,0.51,1.55,9.63,1.00,0.07,-0.03,0.01,3.41,-7.98,0.62,6,6,58,0,35.2901750,136.2529117,82.50, 0.15
2998190,0.10,-0.84,9.53,1.00,-0.04,-0.00,0.00,-0.47,4.99,0.03,10.60,0.00,0,2,1001.32,41.20,109.04,1001.32,40.46,108.80,0.62,1000.65,37.87,114.04,0.97,1.31,93.52,308.76,7903,0.48,1.53,9.59,1.00,0.07,-0.03,0.01,3.41,-7.98,0.62,6,6,58,0,35.2901750,136.2529117,82.50, 0.15
2998243,0.08,-0.78,9.54,1.00,-0.04,-0.00,0.00,-0.47,4.99,0.03,10.60,0.00,0,2,1001.32,41.20,109.06,1001.32,40.45,108.82,0.62,1000.65,37.87,113.99,1.27,1.49,100.28,308.76,7903,0.60,1.13,9.51,1.00,0.07,-0.03,0.01,3.41,-7.99,0.62,6,6,58,0,35.2901750,136.2529117,82.50, 0.15
2998301,0.10,-0.84,9.52,1.00,-0.04,-0.00,0.00,-0.47,4.99,0.03,10.60,0.00,0,2,1001.32,41.20,109.08,1001.32,40.44,108.84,0.62,1000.65,37.85,114.07,0.85,1.22,105.73,308.76,7903,0.44,1.22,9.53,1.00,0.07,-0.03,0.01,3.41,-7.99,0.62,6,6,58,0,35.2901750,136.2529117,82.50, 0.15
2998354,0.10,-0.85,9.54,1.00,-0.04,-0.00,0.00,-0.47,4.99,0.03,10.62,0.00,0,2,1001.32,41.20,109.09,1001.32,40.46,108.82,0.62,1000.64,37.87,114.09,0.77,1.16,105.38,308.76,32895,0.54,1.28,9.55,1.00,0.07,-0.03,0.01,3.41,-7.99,0.62,6,6,58,0,35.2901750,136.2529117,82.50, 0.15
2998411,0.10,-0.82,9.52,1.00,-0.04,-0.00,0.00,-0.47,4.99,0.03,10.62,0.00,0,2,1001.32,41.20,109.11,1001.32,40.46,108.84,0.62,1000.65,37.88,114.04,1.13,1.41,103.97,308.76,7903,0.47,1.42,9.55,1.00,0.07,-0.03,0.01,3.41,-7.99,0.62,6,6,58,0,35.2901750,136.2529117,82.50, 0.15
2998463,0.06,-0.81,9.54,1.00,-0.04,-0.00,0.00,-0.47,4.99,0.03,10.62,0.00,0,2,1001.32,41.20,109.07,1001.32,40.44,108.81,0.62,1000.65,37.87,114.02,1.10,1.39,99.84,308.76,7903,0.59,1.20,9.55,1.00,0.07,-0.03,0.01,3.41,-7.99,0.62,6,6,58,0,35.2901750,136.2529117,82.50, 0.15
2998520,0.04,-0.81,9.55,1.00,-0.04,-0.00,0.00,-0.47,4.99,0.03,10.61,0.00,0,2,1001.32,41.20,109.05,1001.32,40.45,108.81,0.62,1000.65,37.87,114.01,0.37,0.80,92.64,308.76,7902,0.56,1.35,9.53,1.00,0.07,-0.03,0.01,3.41,-7.99,0.62,6,6,58,0,35.2901750,136.2529117,82.50, 0.15
2998574,0.08,-0.79,9.52,1.00,-0.04,-0.00,0.00,-0.47,4.99,0.03,10.60,0.00,0,2,1001.32,41.19,109.10,1001.32,40.46,108.84,0.62,1000.65,37.87,114.02,1.90,1.83,89.21,308.76,7903,0.65,1.25,9.54,1.00,0.07,-0.03,0.01,3.41,-7.99,0.62,6,6,58,0,35.2901750,136.2529117,82.50, 0.15
2998630,0.11,-0.78,9.51,1.00,-0.04,-0.00,0.00,-0.47,4.99,0.03,10.61,0.00,0,2,1001.32,41.20,109.09,1001.32,40.45,108.81,0.62,1000.65,37.88,114.04,1.70,1.73,83.76,308.76,7903,0.45,1.41,9.62,1.00,0.07,-0.03,0.01,3.41,-7.99,0.62,6,6,58,0,35.2901750,136.2529117,82.50, 0.15
2998682,0.09,-0.83,9.50,1.00,-0.04,-0.00,0.00,-0.47,4.99,0.03,10.60,0.00,0,2,1001.32,41.20,109.08,1001.33,40.46,108.77,0.62,1000.66,37.88,113.98,1.63,1.70,83.67,308.76,7902,0.49,1.38,9.59,1.00,0.07,-0.03,0.01,3.41,-7.99,0.62,6,6,58,0,35.2901750,136.2529117,82.50, 0.15
2998739,0.07,-0.81,9.52,1.00,-0.04,-0.00,0.00,-0.47,4.99,0.03,10.59,0.00,0,2,1001.32,41.19,109.07,1001.32,40.44,108.84,0.62,1000.65,37.86,114.00,1.95,1.85,86.13,308.76,7903,0.51,1.31,9.53,1.00,0.07,-0.03,0.01,3.41,-7.99,0.62,6,6,58,0,35.2901750,136.2529117,82.50, 0.15
2998792,0.13,-0.83,9.54,1.00,-0.04,-0.00,0.00,-0.47,4.99,0.03,10.60,0.00,0,2,1001.32,41.20,109.11,1001.32,40.46,108.78,0.62,1000.65,37.86,114.01,1.25,1.48,88.33,308.76,7902,0.63,1.47,9.61,1.00,0.07,-0.03,0.01,3.41,-7.99,0.62,6,6,58,0,35.2901750,136.2529117,82.50, 0.15
2998848,0.10,-0.83,9.54,1.00,-0.04,-0.00,0.00,-0.47,4.99,0.03,10.60,0.00,0,2,1001.32,41.20,109.09,1001.32,40.45,108.82,0.62,1000.65,37.86,114.03,1.22,1.47,93.08,308.76,7903,0.59,1.48,9.57,1.00,0.07,-0.03,0.01,3.41,-7.99,0.62,6,6,59,0,35.2901800,136.2529133,82.50, 0.15
2998900,0.07,-0.79,9.54,1.00,-0.04,-0.00,0.00,-0.47,4.99,0.03,10.60,0.00,0,2,1001.32,41.19,109.11,1001.32,40.44,108.81,0.62,1000.65,37.87,114.00,0.65,1.07,95.01,308.76,7903,0.50,1.32,9.59,1.00,0.07,-0.03,0.01,3.41,-7.99,0.62,6,6,59,0,35.2901800,136.2529133,82.50, 0.15
2998954,0.06,-0.81,9.50,1.00,-0.04,-0.00,0.00,-0.47,4.99,0.03,10.61,0.00,0,2,1001.32,41.20,109.10,1001.32,40.45,108.86,0.62,1000.64,37.87,114.09,1.27,1.49,93.87,308.76,7901,0.52,1.34,9.60,1.00,0.07,-0.03,0.01,3.41,-7.99,0.62,6,6,59,0,35.2901800,136.2529133,82.50, 0.15
2999010,0.11,-0.79,9.48,1.00,-0.04,-0.00,0.00,-0.47,4.99,0.03,10.61,0.00,0,2,1001.32,41.20,109.11,1001.32,40.46,108.80,0.63,1000.64,37.87,114.08,1.20,1.46,92.81,308.76,7902,0.53,1.42,9.63,1.00,0.07,-0.03,0.01,3.41,-7.99,0.62,6,6,59,0,35.2901800,136.2529133,82.50, 0.15
2999067,0.06,-0.80,9.55,1.00,-0.04,-0.00,0.00,-0.47,4.99,0.03,10.61,0.00,0,2,1001.32,41.20,109.09,1001.32,40.45,108.83,0.63,1000.64,37.87,114.08,1.20,1.46,91.93,308.76,7902,0.52,1.24,9.54,1.00,0.07,-0.03,0.01,3.41,-7.99,0.62,6,6,59,0,35.2901800,136.2529133,82.50, 0.15
2999120,0.07,-0.84,9.54,1.00,-0.04,-0.00,0.00,-0.47,4.99,0.03,10.61,0.00,0,2,1001.32,41.19,109.10,1001.32,40.45,108.82,0.63,1000.65,37.89,114.03,1.25,1.49,91.67,308.76,7902,0.60,1.34,9.54,1.00,0.07,-0.03,0.01,3.41,-7.99,0.62,6,6,59,0,35.2901800,136.2529133,82.50, 0.15
2999177,0.06,-0.89,9.51,1.00,-0.04,-0.00,0.00,-0.47,4.99,0.03,10.59,0.00,0,2,1001.32,41.19,109.08,1001.32,40.47,108.79,0.62,1000.65,37.87,114.02,0.67,1.08,91.76,308.76,7903,0.62,1.31,9.58,1.00,0.07,-0.03,0.01,3.41,-7.99,0.62,6,6,59,0,35.2901800,136.2529133,82.50, 0.15
2999229,0.09,-0.85,9.47,1.00,-0.04,-0.00,0.00,-0.47,4.99,0.03,10.60,0.00,0,2,1001.32,41.19,109.10,1001.32,40.45,108.83,0.62,1000.65,37.87,114.03,2.02,1.89,91.76,308.76,7903,0.61,1.24,9.49,1.00,0.07,-0.03,0.01,3.41,-7.99,0.62,6,6,59,0,35.2901800,136.2529133,82.50, 0.15
2999286,0.11,-0.83,9.55,1.00,-0.04,-0.00,0.00,-0.47,4.99,0.03,10.60,0.00,0,2,1001.31,41.18,109.13,1001.32,40.45,108.84,0.62,1000.65,37.88,114.00,1.40,1.57,91.58,308.76,7902,0.57,1.45,9.62,1.00,0.07,-0.03,0.01,3.41,-7.99,0.62,6,6,59,0,35.2901800,136.2529133,82.50, 0.15
2999339,0.11,-0.77,9.48,1.00,-0.04,-0.00,0.00,-0.47,4.99,0.03,10.61,0.00,0,2,1001.32,41.20,109.11,1001.32,40.46,108.84,0.62,1000.65,37.89,114.03,1.48,1.62,91.58,308.76,7901,0.56,1.28,9.55,1.00,0.07,-0.03,0.01,3.41,-7.99,0.62,6,6,59,0,35.2901800,136.2529133,82.50, 0.15
2999396,0.09,-0.79,9.56,1.00,-0.04,-0.00,0.00,-0.47,4.99,0.03,10.61,0.00,0,2,1001.32,41.19,109.08,1001.32,40.45,108.84,0.62,1000.65,37.87,114.04,1.32,1.52,91.58,308.76,7902,0.64,1.48,9.61,1.00,0.07,-0.03,0.01,3.41,-7.99,0.62,6,6,59,0,35.2901800,136.2529133,82.50, 0.15
2999448,0.08,-0.80,9.53,1.00,-0.04,-0.00,0.00,-0.47,4.99,0.03,10.62,0.00,0,2,1001.32,41.19,109.10,1001.32,40.45,108.82,0.62,1000.65,37.88,114.00,0.97,1.31,91.23,308.76,7903,0.60,1.34,9.57,1.00,0.07,-0.03,0.01,3.41,-7.99,0.62,6,6,59,0,35.2901800,136.2529133,82.50, 0.15
2999501,0.08,-0.82,9.52,1.00,-0.04,-0.00,0.00,-0.47,4.99,0.03,10.61,0.00,0,2,1001.32,41.20,109.07,1001.32,40.45,108.84,0.62,1000.65,37.86,113.99,-0.20,0.59,90.88,308.76,7902,0.58,1.41,9.55,1.00,0.07,-0.03,0.01,3.41,-7.99,0.62,6,6,59,0,35.2901800,136.2529133,82.50, 0.15
2999559,0.07,-0.85,9.52,1.00,-0.04,-0.00,0.00,-0.47,4.99,0.03,10.60,0.00,0,2,1001.32,41.19,109.05,1001.32,40.46,108.81,0.62,1000.66,37.86,113.98,1.98,1.87,91.05,308.76,7903,0.68,1.32,9.53,1.00,0.07,-0.03,0.01,3.41,-7.99,0.62,6,6,59,0,35.2901800,136.2529133,82.50, 0.15
2999617,0.15,-0.81,9.52,1.00,-0.04,-0.00,0.00,-0.47,4.99,0.03,10.57,0.00,0,2,1001.32,41.19,109.07,1001.32,40.46,108.81,0.62,1000.66,37.88,113.96,2.03,1.89,90.70,308.76,7902,0.45,1.29,9.58,1.00,0.07,-0.03,0.01,3.41,-7.99,0.62,6,6,59,0,35.2901800,136.2529133,82.50, 0.15
2999669,0.13,-0.82,9.51,1.00,-0.04,-0.00,0.00,-0.47,4.99,0.03,10.57,0.00,0,2,1001.32,41.20,109.06,1001.32,40.46,108.81,0.62,1000.66,37.87,113.94,0.18,0.57,91.14,308.76,7903,0.50,1.23,9.53,1.00,0.07,-0.03,0.01,3.41,-7.99,0.62,6,6,59,0,35.2901800,136.2529133,82.50, 0.15
2999726,0.08,-0.81,9.54,1.00,-0.04,-0.00,0.00,-0.47,4.99,0.03,10.58,0.00,0,2,1001.32,41.18,109.10,1001.32,40.46,108.81,0.63,1000.66,37.88,113.93,2.20,1.97,90.70,308.76,7903,0.62,1.36,9.60,1.00,0.07,-0.03,0.01,3.41,-7.99,0.62,6,6,59,0,35.2901800,136.2529133,82.50, 0.19
2999778,0.06,-0.79,9.50,1.00,-0.04,-0.00,0.00,-0.47,4.99,0.03,10.58,0.00,0,2,1001.32,41.19,109.06,1001.32,40.45,108.84,0.62,1000.66,37.86,113.96,0.97,1.31,90.44,308.76,7902,0.61,1.26,9.56,1.00,0.07,-0.03,0.01,3.41,-7.99,0.62,6,6,59,0,35.2901800,136.2529133,82.50, 0.19
2999836,0.05,-0.76,9.54,1.00,-0.04,-0.00,0.00,-0.47,4.99,0.03,10.59,0.00,0,2,1001.32,41.20,109.09,1001.32,40.46,108.84,0.62,1000.65,37.87,113.99,1.97,1.86,90.53,308.76,7902,0.59,1.26,9.56,1.00,0.07,-0.03,0.01,3.41,-7.99,0.62,6,6,59,0,35.2901800,136.2529133,82.50, 0.19
2999888,0.09,-0.79,9.51,1.00,-0.04,-0.00,0.00,-0.47,4.99,0.03,10.60,0.00,0,2,1001.32,41.20,109.11,1001.32,40.46,108.84,0.62,1000.65,37.88,114.05,1.80,1.78,90.26,308.76,7902,0.59,1.34,9.59,1.00,0.07,-0.03,0.01,3.41,-7.99,0.62,6,6,59,0,35.2901800,136.2529133,82.50, 0.19
2999944,0.15,-0.88,9.53,1.00,-0.04,-0.00,0.00,-0.47,4.99,0.03,10.62,0.00,0,2,1001.32,41.20,109.11,1001.32,40.45,108.81,0.62,1000.64,37.87,114.13,3.38,2.44,89.82,308.76,7903,0.51,1.45,9.58,1.00,0.07,-0.03,0.01,3.41,-7.99,0.62,6,7,0,0,35.2901800,136.2529100,82.50, 0.19
2999996,0.13,-0.90,9.55,1.00,-0.04,-0.00,0.00,-0.47,4.99,0.03,10.62,0.00,0,2,1001.32,41.19,109.08,1001.32,40.46,108.81,0.62,1000.65,37.87,114.06,3.52,2.49,89.56,308.76,7903,0.54,1.56,9.62,1.00,0.07,-0.03,0.01,3.41,-7.99,0.62,6,7,0,0,35.2901800,136.2529100,82.50, 0.19
3000052,0.06,-0.83,9.49,1.00,-0.04,-0.00,0.00,-0.47,4.99,0.03,10.60,0.00,0,2,1001.32,41.20,109.04,1001.32,40.45,108.84,0.62,1000.65,37.86,114.01,4.07,2.68,90.26,308.76,7903,0.58,1.36,9.58,1.00,0.07,-0.03,0.01,3.41,-7.99,0.62,6,7,0,0,35.2901800,136.2529100,82.50, 0.19
3000108,0.04,-0.77,9.57,1.00,-0.04,-0.00,0.00,-0.47,4.99,0.03,10.61,0.00,0,2,1001.32,41.20,109.05,1001.32,40.45,108.81,0.62,1000.65,37.87,113.99,3.02,2.31,91.32,308.76,7901,0.62,1.34,9.56,1.00,0.07,-0.03,0.01,3.41,-7.99,0.62,6,7,0,0,35.2901800,136.2529100,82.50, 0.19
3000161,0.09,-0.78,9.53,1.00,-0.04,-0.00,0.00,-0.47,4.99,0.03,10.56,0.00,0,2,1001.32,41.20,109.09,1001.32,40.45,108.80,0.62,1000.66,37.86,113.91,2.33,2.03,94.75,308.76,7902,0.56,1.26,9.56,1.00,0.07,-0.03,0.01,3.41,-7.99,0.62,6,7,0,0,35.2901800,136.2529100,82.50, 0.19
3000216,0.08,-0.77,9.56,1.00,-0.04,-0.00,0.00,-0.47,4.99,0.03,10.59,0.00,0,2,1001.32,41.20,109.09,1001.32,40.45,108.82,0.61,1000.66,37.87,113.92,0.32,0.75,99.93,308.67,7903,0.56,1.35,9.58,1.00,0.07,-0.03,0.01,3.41,-7.99,0.62,6,7,0,0,35.2901800,136.2529100,82.50, 0.19
3000273,0.07,-0.80,9.54,1.00,-0.04,-0.00,0.00,-0.47,4.99,0.03,10.59,0.00,0,2,1001.32,41.19,109.11,1001.32,40.46,108.81,0.62,1000.66,37.87,113.94,1.13,1.41,102.22,308.67,7902,0.59,1.34,9.57,1.00,0.07,-0.03,0.01,3.41,-7.99,0.62,6,7,0,0,35.2901800,136.2529100,82.50, 0.19
3000326,0.09,-0.85,9.52,1.00,-0.04,-0.00,0.00,-0.47,4.99,0.03,10.59,0.00,0,2,1001.32,41.20,109.11,1001.32,40.45,108.83,0.62,1000.64,37.87,114.08,0.65,1.07,101.87,308.67,7903,0.53,1.32,9.55,1.00,0.07,-0.03,0.01,3.41,-7.99,0.62,6,7,0,0,35.2901800,136.2529100,82.50, 0.19
3000383,0.10,-0.84,9.53,1.00,-0.04,-0.00,0.00,-0.47,4.99,0.03,10.63,0.00,0,2,1001.31,41.20,109.16,1001.32,40.45,108.82,0.62,1000.64,37.88,114.11,0.20,0.59,99.40,308.76,7901,0.57,1.37,9.55,1.00,0.07,-0.03,0.01,3.41,-7.99,0.62,6,7,0,0,35.2901800,136.2529100,82.50, 0.19
3000435,0.11,-0.86,9.52,1.00,-0.04,-0.00,0.00,-0.47,4.99,0.03,10.63,0.00,0,2,1001.32,41.20,109.11,1001.32,40.44,108.84,0.62,1000.63,37.87,114.18,0.42,0.86,96.68,308.67,7902,0.57,1.28,9.57,1.00,0.07,-0.03,0.01,3.41,-7.99,0.62,6,7,0,0,35.2901800,136.2529100,82.50, 0.19
3000492,0.04,-0.80,9.52,1.00,-0.04,-0.00,0.00,-0.47,4.99,0.03,10.63,0.00,0,2,1001.32,41.20,109.09,1001.32,40.44,108.84,0.62,1000.64,37.88,114.16,0.45,0.89,96.50,308.67,7903,0.65,1.34,9.54,1.00,0.07,-0.03,0.01,3.41,-7.99,0.62,6,7,0,0,35.2901800,136.2529100,82.50, 0.19
3000545,0.07,-0.81,9.54,1.00,-0.04,-0.00,0.00,-0.47,4.99,0.03,10.62,0.00,0,2,1001.32,41.20,109.12,1001.32,40.44,108.83,0.62,1000.65,37.88,114.06,0.48,0.92,96.33,308.76,7903,0.67,1.31,9.55,1.00,0.07,-0.03,0.01,3.41,-7.99,0.62,6,7,0,0,35.2901800,136.2529100,82.50, 0.19
3000600,0.07,-0.83,9.54,1.00,-0.04,-0.00,0.00,-0.47,4.99,0.03,10.62,0.00,0,2,1001.32,41.20,109.07,1001.32,40.45,108.82,0.62,1000.65,37.89,114.05,1.28,1.50,95.54,308.67,7903,0.68,1.41,9.58,1.00,0.07,-0.03,0.01,3.41,-7.99,0.62,6,7,0,0,35.2901800,136.2529100,82.50, 0.19
3000654,0.10,-0.81,9.51,1.00,-0.04,-0.00,0.00,-0.47,4.99,0.03,10.62,0.00,0,2,1001.32,41.21,109.08,1001.32,40.45,108.84,0.62,1000.65,37.88,114.00,1.13,1.41,94.75,308.67,7902,0.58,1.36,9.56,1.00,0.07,-0.03,0.01,3.41,-7.99,0.62,6,7,0,0,35.2901800,136.2529100,82.50, 0.19
3000712,0.09,-0.81,9.53,1.00,-0.04,-0.00,0.00,-0.47,4.99,0.03,10.61,0.00,0,2,1001.32,41.20,109.08,1001.32,40.45,108.84,0.62,1000.65,37.87,114.00,1.98,1.87,94.39,308.67,7903,0.55,1.27,9.57,1.00,0.07,-0.03,0.01,3.41,-7.99,0.62,6,7,0,0,35.2901800,136.2529100,82.50, 0.19
3000765,0.12,-0.86,9.51,1.00,-0.04,-0.00,0.00,-0.47,4.99,0.03,10.60,0.00,0,2,1001.32,41.21,109.06,1001.32,40.46,108.82,0.62,1000.66,37.88,113.94,1.50,1.63,94.39,308.67,7902,0.56,1.41,9.57,1.00,0.07,-0.03,0.01,3.41,-7.99,0.62,6,7,0,0,35.2901800,136.2529100,82.50, 0.08
3000821,0.12,-0.81,9.53,1.00,-0.04,-0.00,0.00,-0.47,4.99,0.03,10.61,0.00,0,2,1001.32,41.20,109.12,1001.32,40.45,108.87,0.63,1000.65,37.87,113.99,0.65,1.07,94.57,308.67,7903,0.58,1.36,9.57,1.00,0.07,-0.03,0.01,3.41,-7.99,0.62,6,7,0,0,35.2901800,136.2529100,82.50, 0.08
3000875,0.08,-0.76,9.50,1.00,-0.04,-0.00,0.00,-0.47,4.99,0.03,10.61,0.00,0,2,1001.32,41.20,109.11,1001.32,40.46,108.87,0.62,1000.65,37.89,114.00,0.65,1.07,95.45,308.67,7903,0.55,1.17,9.52,1.00,0.07,-0.03,0.01,3.41,-7.99,0.62,6,7,0,0,35.2901800,136.2529100,82.50, 0.08
3000932,0.07,-0.84,9.56,1.00,-0.04,-0.00,0.00,-0.47,4.99,0.03,10.62,0.00,0,2,1001.31,41.20,109.14,1001.32,40.45,108.82,0.63,1000.65,37.88,114.01,0.37,0.80,95.54,308.67,7902,0.63,1.31,9.55,1.00,0.07,-0.03,0.01,3.41,-7.99,0.62,6,7,1,0,35.2901817,136.2529117,82.50, 0.08
3000985,0.11,-0.84,9.54,1.00,-0.04,-0.00,0.00,-0.47,4.99,0.03,10.62,0.00,0,2,1001.31,41.20,109.14,1001.32,40.46,108.80,0.62,1000.65,37.88,114.00,0.18,0.57,95.19,308.76,7903,0.51,1.29,9.54,1.00,0.07,-0.03,0.01,3.41,-7.99,0.62,6,7,1,0,35.2901817,136.2529117,82.50, 0.08
3001042,0.11,-0.84,9.49,1.00,-0.04,-0.00,0.00,-0.47,4.99,0.03,10.62,0.00,0,2,1001.32,41.20,109.13,1001.32,40.46,108.85,0.62,1000.65,37.89,114.05,0.17,0.54,94.57,308.76,7902,0.62,1.41,9.60,1.00,0.07,-0.03,0.01,3.41,-7.99,0.62,6,7,1,0,35.2901817,136.2529117,82.50, 0.08
3001094,0.07,-0.81,9.51,1.00,-0.04,-0.00,0.00,-0.47,4.99,0.03,10.62,0.00,0,2,1001.32,41.21,109.10,1001.32,40.46,108.80,0.62,1000.65,37.88,114.06,0.30,0.73,94.39,308.67,7903,0.58,1.36,9.57,1.00,0.07,-0.03,0.01,3.41,-7.99,0.62,6,7,1,0,35.2901817,136.2529117,82.50, 0.08
3001147,0.05,-0.78,9.56,1.00,-0.04,-0.00,0.00,-0.47,4.99,0.03,10.62,0.00,0,2,1001.32,41.20,109.11,1001.32,40.46,108.83,0.62,1000.65,37.89,114.01,0.58,1.01,94.39,308.67,7902,0.57,1.37,9.62,1.00,0.07,-0.03,0.01,3.41,-7.99,0.62,6,7,1,0,35.2901817,136.2529117,82.50, 0.08
3001203,0.07,-0.80,9.50,1.00,-0.04,-0.00,0.00,-0.47,4.99,0.03,10.60,0.00,0,2,1001.32,41.20,109.08,1001.32,40.46,108.84,0.62,1000.65,37.87,113.99,0.32,0.75,94.83,308.67,7903,0.63,1.28,9.57,1.00,0.07,-0.03,0.01,3.41,-7.99,0.62,6,7,1,0,35.2901817,136.2529117,82.50, 0.08
3001260,0.06,-0.82,9.54,1.00,-0.04,-0.00,0.00,-0.47,4.99,0.03,10.60,0.00,0,2,1001.32,41.20,109.09,1001.32,40.47,108.83,0.62,1000.66,37.88,113.96,0.23,0.64,94.66,308.67,7902,0.54,1.28,9.56,1.00,0.07,-0.03,0.01,3.41,-7.99,0.62,6,7,1,0,35.2901817,136.2529117,82.50, 0.08
3001313,0.11,-0.80,9.52,1.00,-0.04,-0.00,0.00,-0.47,4.99,0.03,10.59,0.00,0,2,1001.32,41.20,109.11,1001.32,40.46,108.83,0.62,1000.66,37.88,113.96,0.40,0.84,94.57,308.67,7904,0.51,1.25,9.55,1.00,0.07,-0.03,0.01,3.41,-7.99,0.62,6,7,1,0,35.2901817,136.2529117,82.50, 0.08
3001365,0.14,-0.84,9.50,1.00,-0.04,-0.00,0.00,-0.47,4.99,0.03,10.59,0.00,0,2,1001.32,41.20,109.11,1001.32,40.47,108.83,0.62,1000.65,37.88,114.00,0.32,0.75,94.57,308.67,7902,0.52,1.37,9.59,1.00,0.07,-0.03,0.01,3.41,-7.99,0.62,6,7,1,0,35.2901817,136.2529117,82.50, 0.08
3001421,0.11,-0.84,9.50,1.00,-0.04,-0.00,0.00,-0.47,4.99,0.03,10.60,0.00,0,2,1001.32,41.20,109.11,1001.31,40.45,108.87,0.62,1000.66,37.89,113.97,-0.03,0.24,94.48,308.67,7902,0.57,1.34,9.55,1.00,0.07,-0.03,0.01,3.41,-7.99,0.62,6,7,1,0,35.2901817,136.2529117,82.50, 0.08
3001473,0.06,-0.77,9.50,1.00,-0.04,-0.00,0.00,-0.47,4.99,0.03,10.59,0.00,0,2,1001.32,41.21,109.08,1001.32,40.46,108.81,0.62,1000.66,37.89,113.96,0.07,0.34,94.48,308.67,7903,0.62,1.28,9.52,1.00,0.07,-0.03,0.01,3.41,-7.99,0.62,6,7,1,0,35.2901817,136.2529117,82.50, 0.08
3001531,0.03,-0.78,9.52,1.00,-0.04,-0.00,0.00,-0.47,4.99,0.03,10.59,0.00,0,2,1001.32,41.20,109.09,1001.32,40.45,108.82,0.62,1000.65,37.88,114.00,0.17,0.54,95.19,308.67,7902,0.61,1.44,9.62,1.00,0.07,-0.03,0.01,3.41,-7.99,0.62,6,7,1,0,35.2901817,136.2529117,82.50, 0.08
3001583,0.04,-0.82,9.50,1.00,-0.04,-0.00,0.00,-0.47,4.99,0.03,10.58,0.00,0,2,1001.32,41.20,109.08,1001.32,40.46,108.82,0.62,1000.65,37.89,114.01,1.10,1.39,95.98,308.67,7902,0.66,1.23,9.51,1.00,0.07,-0.03,0.01,3.41,-7.99,0.62,6,7,1,0,35.2901817,136.2529117,82.50, 0.08
3001639,0.10,-0.82,9.55,1.00,-0.04,-0.00,0.00,-0.47,4.99,0.03,10.59,0.00,0,2,1001.32,41.21,109.08,1001.32,40.47,108.86,0.62,1000.66,37.88,113.99,0.25,0.66,95.54,308.76,7903,0.58,1.37,9.54,1.00,0.07,-0.03,0.01,3.41,-7.99,0.62,6,7,1,0,35.2901817,136.2529117,82.50, 0.08
3001691,0.11,-0.83,9.53,1.00,-0.04,-0.00,0.00,-0.47,4.99,0.03,10.59,0.00,0,2,1001.32,41.20,109.07,1001.32,40.46,108.87,0.62,1000.65,37.88,114.04,1.50,1.63,95.62,308.67,7902,0.55,1.36,9.57,1.00,0.07,-0.03,0.01,3.41,-7.99,0.62,6,7,1,0,35.2901817,136.2529117,82.50, 0.08
3001746,0.13,-0.84,9.51,1.00,-0.04,-0.00,0.00,-0.47,4.99,0.03,10.60,0.00,0,2,1001.32,41.21,109.08,1001.32,40.46,108.86,0.62,1000.65,37.88,114.05,2.60,2.14,95.62,308.67,7902,0.53,1.24,9.51,1.00,0.07,-0.03,0.01,3.41,-7.99,0.62,6,7,1,0,35.2901817,136.2529117,82.50, 0.09
3001802,0.11,-0.80,9.53,1.00,-0.04,-0.00,0.00,-0.47,4.99,0.03,10.61,0.00,0,2,1001.32,41.20,109.11,1001.31,40.45,108.85,0.62,1000.65,37.86,114.03,3.15,2.36,95.36,308.67,7903,0.54,1.42,9.59,1.00,0.07,-0.03,0.01,3.41,-7.99,0.62,6,7,1,0,35.2901817,136.2529117,82.50, 0.09
3001858,0.07,-0.83,9.51,1.00,-0.04,-0.00,0.00,-0.47,4.99,0.03,10.61,0.00,0,2,1001.32,41.22,109.08,1001.32,40.46,108.85,0.62,1000.66,37.87,113.97,1.72,1.74,95.10,308.67,7902,0.58,1.38,9.56,1.00,0.07,-0.03,0.01,3.41,-7.99,0.62,6,7,1,0,35.2901817,136.2529117,82.50, 0.09
3001910,0.09,-0.81,9.51,1.00,-0.04,-0.00,0.00,-0.47,4.99,0.03,10.59,0.00,0,2,1001.32,41.20,109.09,1001.32,40.47,108.85,0.62,1000.65,37.87,114.02,2.43,2.07,95.19,308.67,7902,0.56,1.35,9.55,1.00,0.07,-0.03,0.01,3.41,-7.99,0.62,6,7,2,0,35.2901800,136.2529100,82.50, 0.09
3001968,0.07,-0.84,9.51,1.00,-0.04,-0.00,0.00,-0.47,4.99,0.03,10.59,0.00,0,2,1001.32,41.21,109.10,1001.32,40.47,108.83,0.62,1000.65,37.87,114.01,1.98,1.87,95.54,308.67,7903,0.56,1.33,9.58,1.00,0.07,-0.03,0.01,3.41,-7.99,0.62,6,7,2,0,35.2901800,136.2529100,82.50, 0.09
3002021,0.10,-0.83,9.52,1.00,-0.04,-0.00,0.00,-0.47,4.99,0.03,10.60,0.00,0,2,1001.32,41.20,109.09,1001.32,40.46,108.84,0.62,1000.65,37.87,114.02,2.60,2.14,96.15,308.67,7903,0.59,1.39,9.56,1.00,0.07,-0.03,0.01,3.41,-7.99,0.62,6,7,2,0,35.2901800,136.2529100,82.50, 0.09
3002078,0.08,-0.83,9.51,1.00,-0.04,-0.00,0.00,-0.47,4.99,0.03,10.60,0.00,0,2,1001.32,41.20,109.11,1001.32,40.45,108.83,0.62,1000.65,37.88,114.00,1.77,1.77,95.98,308.67,7903,0.58,1.35,9.52,1.00,0.07,-0.03,0.01,3.41,-7.99,0.62,6,7,2,0,35.2901800,136.2529100,82.50, 0.09
3002130,0.10,-0.84,9.54,1.00,-0.04,-0.00,0.00,-0.47,4.99,0.03,10.60,0.00,0,2,1001.32,41.21,109.06,1001.32,40.46,108.84,0.62,1000.66,37.87,113.97,1.43,1.59,95.62,308.67,7903,0.64,1.43,9.61,1.00,0.07,-0.03,0.01,3.41,-7.99,0.62,6,7,2,0,35.2901800,136.2529100,82.50, 0.09
3002187,0.06,-0.79,9.50,1.00,-0.04,-0.00,0.00,-0.47,4.99,0.03,10.60,0.00,0,2,1001.32,41.21,109.09,1001.32,40.45,108.82,0.62,1000.65,37.88,114.02,1.93,1.85,95.62,308.67,7902,0.59,1.26,9.58,1.00,0.07,-0.03,0.01,3.41,-7.99,0.62,6,7,2,0,35.2901800,136.2529100,82.50, 0.09
3002240,0.08,-0.79,9.54,1.00,-0.04,-0.00,0.00,-0.47,4.99,0.03,10.58,0.00,0,2,1001.32,41.19,109.09,1001.32,40.47,108.81,0.62,1000.66,37.88,113.95,2.33,2.03,95.45,308.67,7902,0.58,1.29,9.57,1.00,0.07,-0.03,0.01,3.41,-7.99,0.62,6,7,2,0,35.2901800,136.2529100,82.50, 0.09
3002294,0.09,-0.76,9.50,1.00,-0.04,-0.00,0.00,-0.47,4.99,0.03,10.59,0.00,0,2,1001.32,41.20,109.09,1001.32,40.48,108.87,0.62,1000.66,37.88,113.96,3.17,2.36,95.10,308.67,7903,0.60,1.21,9.54,1.00,0.07,-0.03,0.01,3.41,-7.99,0.62,6,7,2,0,35.2901800,136.2529100,82.50, 0.09
3002350,0.12,-0.80,9.52,1.00,-0.04,-0.00,0.00,-0.47,4.99,0.03,10.59,0.00,0,2,1001.32,41.20,109.08,1001.31,40.46,108.88,0.62,1000.66,37.87,113.99,0.43,0.87,95.10,308.67,7902,0.59,1.34,9.52,1.00,0.07,-0.03,0.01,3.41,-7.99,0.62,6,7,2,0,35.2901800,136.2529100,82.50, 0.09
3002407,0.13,-0.91,9.51,1.00,-0.04,-0.00,0.00,-0.47,4.99,0.03,10.59,0.00,0,2,1001.32,41.20,109.09,1001.32,40.46,108.85,0.62,1000.66,37.87,113.97,1.87,1.81,95.10,308.67,7902,0.58,1.48,9.56,1.00,0.07,-0.03,0.01,3.41,-7.99,0.62,6,7,2,0,35.2901800,136.2529100,82.50, 0.09
3002459,0.09,-0.92,9.53,1.00,-0.04,-0.00,0.00,-0.47,4.99,0.03,10.59,0.00,0,2,1001.32,41.21,109.11,1001.32,40.46,108.87,0.62,1000.66,37.88,113.98,1.47,1.61,95.01,308.67,7903,0.62,1.50,9.58,1.00,0.07,-0.03,0.01,3.41,-7.99,0.62,6,7,2,0,35.2901800,136.2529100,82.50, 0.09
3002517,0.02,-0.80,9.54,1.00,-0.04,-0.00,0.00,-0.47,4.99,0.03,10.60,0.00,0,2,1001.32,41.22,109.08,1001.32,40.46,108.87,0.62,1000.66,37.87,113.99,2.15,1.95,95.01,308.67,7903,0.59,1.47,9.60,1.00,0.07,-0.03,0.01,3.41,-7.99,0.62,6,7,2,0,35.2901800,136.2529100,82.50, 0.09
3002571,0.04,-0.69,9.48,1.00,-0.04,-0.00,0.00,-0.47,4.99,0.03,10.59,0.00,0,2,1001.32,41.21,109.05,1001.32,40.48,108.87,0.62,1000.66,37.87,113.95,2.23,1.98,95.01,308.67,7902,0.48,1.24,9.61,1.00,0.07,-0.03,0.01,3.41,-7.99,0.62,6,7,2,0,35.2901800,136.2529100,82.50, 0.09
3002627,0.10,-0.77,9.53,1.00,-0.04,-0.00,0.00,-0.47,4.99,0.03,10.58,0.00,0,2,1001.32,41.21,109.06,1001.32,40.47,108.83,0.62,1000.66,37.88,113.95,1.38,1.56,95.01,308.67,7903,0.49,1.34,9.55,1.00,0.07,-0.03,0.01,3.41,-7.99,0.62,6,7,2,0,35.2901800,136.2529100,82.50, 0.09
3002680,0.13,-0.85,9.60,1.00,-0.04,-0.00,0.00,-0.47,4.99,0.03,10.57,0.00,0,2,1001.32,41.20,109.04,1001.32,40.46,108.85,0.62,1000.66,37.86,113.94,3.02,2.31,95.10,308.67,7902,0.55,1.41,9.55,1.00,0.07,-0.03,0.01,3.41,-7.99,0.62,6,7,2,0,35.2901800,136.2529100,82.50, 0.09
3002737,0.11,-0.87,9.45,1.00,-0.04,-0.00,0.00,-0.47,4.99,0.03,10.58,0.00,0,2,1001.32,41.21,109.05,1001.32,40.47,108.85,0.62,1000.66,37.88,113.90,1.40,1.57,95.62,308.67,7903,0.40,1.34,9.57,1.00,0.07,-0.03,0.01,3.41,-7.99,0.62,6,7,2,0,35.2901800,136.2529100,82.50, 0.06
3002791,0.11,-0.87,9.52,1.00,-0.04,-0.00,0.00,-0.47,4.99,0.03,10.56,0.00,0,2,1001.32,41.20,109.07,1001.32,40.46,108.83,0.62,1000.67,37.87,113.89,1.53,1.64,96.42,308.67,7902,0.88,1.30,9.51,1.00,0.07,-0.03,0.01,3.41,-7.99,0.62,6,7,2,0,35.2901800,136.2529100,82.50, 0.06
3002848,0.09,-0.89,9.58,1.00,-0.04,-0.00,0.00,-0.47,4.99,0.03,10.56,0.00,0,2,1001.33,41.21,109.03,1001.32,40.46,108.87,0.62,1000.66,37.88,113.91,1.48,1.62,98.09,308.67,7903,0.77,1.35,9.54,1.00,0.07,-0.03,0.01,3.41,-7.99,0.63,6,7,3,0,35.2901817,136.2529117,82.50, 0.06
3002902,0.09,-0.85,9.52,1.00,-0.04,-0.00,0.00,-0.47,4.99,0.03,10.59,0.00,0,2,1001.32,41.21,109.08,1001.32,40.47,108.83,0.62,1000.66,37.87,113.90,2.38,2.05,99.14,308.67,7902,0.60,1.41,9.60,1.00,0.07,-0.03,0.01,3.41,-7.99,0.63,6,7,3,0,35.2901817,136.2529117,82.50, 0.06
3002957,0.10,-0.68,9.50,1.00,-0.04,-0.00,0.00,-0.47,4.99,0.03,10.59,0.00,0,2,1001.32,41.21,109.07,1001.32,40.47,108.86,0.62,1000.66,37.87,113.97,1.78,1.77,97.47,308.67,7902,0.58,1.11,9.54,1.00,0.07,-0.03,0.01,3.41,-7.99,0.64,6,7,3,0,35.2901817,136.2529117,82.50, 0.06
3003015,0.12,-0.79,9.54,1.00,-0.04,-0.00,0.00,-0.47,4.99,0.03,10.60,0.00,0,2,1001.32,41.20,109.12,1001.32,40.47,108.83,0.62,1000.66,37.88,113.93,1.58,1.67,96.59,308.67,7902,0.65,1.34,9.61,1.00,0.07,-0.03,0.01,3.41,-7.99,0.64,6,7,3,0,35.2901817,136.2529117,82.50, 0.06
3003068,0.08,-0.81,9.50,1.00,-0.04,-0.00,0.00,-0.47,4.99,0.03,10.60,0.00,0,2,1001.32,41.21,109.11,1001.32,40.47,108.82,0.62,1000.65,37.87,114.03,1.70,1.73,95.71,308.67,7903,0.60,1.23,9.53,1.00,0.07,-0.03,0.01,3.41,-7.99,0.64,6,7,3,0,35.2901817,136.2529117,82.50, 0.06
3003125,0.04,-0.94,9.53,1.00,-0.04,-0.00,0.00,-0.47,4.99,0.03,10.62,0.00,0,2,1001.32,41.20,109.08,1001.32,40.48,108.84,0.63,1000.65,37.89,114.01,1.18,1.44,95.80,308.76,7902,0.63,1.62,9.59,1.00,0.07,-0.03,0.01,3.41,-7.99,0.64,6,7,3,0,35.2901817,136.2529117,82.50, 0.06
3003176,0.06,-0.88,9.54,1.00,-0.04,-0.00,0.00,-0.47,4.99,0.03,10.61,0.00,0,2,1001.32,41.21,109.08,1001.32,40.47,108.86,0.62,1000.64,37.88,114.09,1.43,1.59,97.38,308.67,7902,0.60,1.55,9.61,1.00,0.07,-0.03,0.01,3.41,-7.99,0.64,6,7,3,0,35.2901817,136.2529117,82.50, 0.06
3003234,0.08,-0.81,9.50,1.00,-0.04,-0.00,0.00,-0.47,4.99,0.03,10.61,0.00,0,2,1001.32,41.20,109.10,1001.32,40.48,108.82,0.62,1000.65,37.88,114.01,1.45,1.60,97.29,308.67,7902,0.55,1.34,9.58,1.00,0.07,-0.03,0.01,3.41,-7.99,0.64,6,7,3,0,35.2901817,136.2529117,82.50, 0.06
3003287,0.13,-0.78,9.51,1.00,-0.04,-0.00,0.00,-0.47,4.99,0.03,10.61,0.00,0,2,1001.32,41.21,109.09,1001.33,40.49,108.78,0.62,1000.66,37.88,113.95,1.55,1.65,97.29,308.76,7902,0.50,1.25,9.54,1.00,0.07,-0.03,0.01,3.41,-7.99,0.64,6,7,3,0,35.2901817,136.2529117,82.50, 0.06
3003341,0.17,-0.77,9.54,1.00,-0.04,-0.00,0.00,-0.47,4.99,0.03,10.60,0.00,0,2,1001.32,41.21,109.08,1001.32,40.48,108.90,0.62,1000.66,37.88,113.95,1.60,1.68,96.68,308.67,7903,0.52,1.28,9.58,1.00,0.07,-0.03,0.01,3.41,-7.99,0.64,6,7,3,0,35.2901817,136.2529117,82.50, 0.06
3003395,0.08,-0.79,9.52,1.00,-0.04,-0.00,0.00,-0.47,4.99,0.03,10.60,0.00,0,2,1001.32,41.21,109.10,1001.32,40.48,108.86,0.62,1000.65,37.89,114.03,2.00,1.88,96.77,308.67,7902,0.57,1.29,9.54,1.00,0.07,-0.03,0.01,3.41,-7.99,0.64,6,7,3,0,35.2901817,136.2529117,82.50, 0.06
3003453,0.03,-0.83,9.54,1.00,-0.04,-0.00,0.00,-0.47,4.99,0.03,10.61,0.00,0,2,1001.32,41.20,109.09,1001.32,40.48,108.87,0.62,1000.65,37.88,114.00,1.35,1.54,96.33,308.67,7902,0.60,1.38,9.55,1.00,0.07,-0.03,0.01,3.41,-7.99,0.64,6,7,3,0,35.2901817,136.2529117,82.50, 0.06
3003507,0.04,-0.85,9.52,1.00,-0.04,-0.00,0.00,-0.47,4.99,0.03,10.62,0.00,0,2,1001.32,41.21,109.10,1001.31,40.47,108.88,0.62,1000.65,37.90,114.01,1.40,1.57,96.24,308.76,7902,0.56,1.40,9.56,1.00,0.07,-0.03,0.01,3.41,-7.99,0.64,6,7,3,0,35.2901817,136.2529117,82.50, 0.06
3003562,0.09,-0.85,9.56,1.00,-0.04,-0.00,0.00,-0.47,4.99,0.03,10.62,0.00,0,2,1001.32,41.21,109.08,1001.32,40.47,108.88,0.62,1000.65,37.88,114.02,0.57,1.00,96.33,308.67,7903,0.56,1.36,9.52,1.00,0.07,-0.03,0.01,3.41,-7.99,0.64,6,7,3,0,35.2901817,136.2529117,82.50, 0.06
3003616,0.11,-0.83,9.50,1.00,-0.04,-0.00,0.00,-0.47,4.99,0.03,10.62,0.00,0,2,1001.32,41.22,109.09,1001.31,40.47,108.85,0.62,1000.65,37.89,114.01,0.58,1.01,94.39,308.67,7903,0.51,1.39,9.56,1.00,0.07,-0.03,0.01,3.41,-7.99,0.64,6,7,3,0,35.2901817,136.2529117,82.50, 0.06
3003673,0.09,-0.84,9.51,1.00,-0.04,-0.00,0.00,-0.47,4.99,0.03,10.62,0.00,0,2,1001.32,41.21,109.11,1001.31,40.46,108.87,0.62,1000.65,37.88,114.00,1.32,1.52,92.90,308.67,7902,0.59,1.34,9.57,1.00,0.07,-0.03,0.01,3.41,-7.99,0.64,6,7,3,0,35.2901817,136.2529117,82.50, 0.06
3003726,0.05,-0.81,9.58,1.00,-0.04,-0.00,0.00,-0.47,4.99,0.03,10.62,0.00,0,2,1001.32,41.21,109.10,1001.32,40.47,108.86,0.62,1000.65,37.88,114.02,0.37,0.80,90.44,308.67,7903,0.64,1.32,9.57,1.00,0.07,-0.03,0.01,3.41,-7.99,0.64,6,7,3,0,35.2901817,136.2529117,82.50, 0.06
3003783,0.06,-0.81,9.50,1.00,-0.04,-0.00,0.00,-0.47,4.99,0.03,10.62,0.00,0,2,1001.32,41.22,109.08,1001.31,40.47,108.88,0.62,1000.65,37.86,114.01,0.60,1.03,89.65,308.67,7902,0.56,1.29,9.53,1.00,0.07,-0.03,0.01,3.41,-7.99,0.64,6,7,3,0,35.2901817,136.2529117,82.50, 0.06
3003835,0.08,-0.84,9.55,1.00,-0.04,-0.00,0.00,-0.47,4.99,0.03,10.61,0.00,0,2,1001.32,41.20,109.11,1001.32,40.47,108.88,0.62,1000.65,37.87,114.00,1.05,1.36,90.70,308.67,7903,0.58,1.34,9.54,1.00,0.07,-0.03,0.01,3.41,-7.99,0.64,6,7,3,0,35.2901817,136.2529117,82.50, 0.06
3003888,0.12,-0.81,9.55,1.00,-0.04,-0.00,0.00,-0.47,4.99,0.03,10.62,0.00,0,2,1001.32,41.20,109.08,1001.32,40.46,108.87,0.62,1000.65,37.89,114.01,1.73,1.75,91.41,308.76,7902,0.55,1.41,9.62,1.00,0.07,-0.03,0.01,3.41,-7.99,0.64,6,7,3,0,35.2901817,136.2529117,82.50, 0.06
3003944,0.13,-0.81,9.50,1.00,-0.04,-0.00,0.00,-0.47,4.99,0.03,10.61,0.00,0,2,1001.32,41.20,109.08,1001.32,40.48,108.86,0.62,1000.66,37.88,113.96,0.87,1.24,91.23,308.67,7902,0.51,1.25,9.59,1.00,0.07,-0.03,0.01,3.41,-7.99,0.64,6,7,4,0,35.2901817,136.2529133,82.50, 0.06
3003996,0.10,-0.84,9.52,1.00,-0.04,-0.00,0.00,-0.47,4.99,0.03,10.60,0.00,0,2,1001.32,41.20,109.08,1001.32,40.47,108.85,0.62,1000.66,37.87,113.94,1.78,1.77,91.32,308.67,7903,0.55,1.43,9.56,1.00,0.07,-0.03,0.01,3.41,-7.99,0.64,6,7,4,0,35.2901817,136.2529133,82.50, 0.06
3004053,0.09,-0.83,9.54,1.00,-0.04,-0.00,0.00,-0.47,4.99,0.03,10.60,0.00,0,2,1001.32,41.21,109.10,1001.31,40.46,108.87,0.62,1000.66,37.88,113.97,1.77,1.77,91.05,308.67,7902,0.59,1.47,9.61,1.00,0.07,-0.03,0.01,3.41,-7.99,0.64,6,7,4,0,35.2901817,136.2529133,82.50, 0.06
3004106,0.06,-0.84,9.51,1.00,-0.04,-0.00,0.00,-0.47,4.99,0.03,10.61,0.00,0,2,1001.32,41.20,109.11,1001.32,40.45,108.86,0.62,1000.66,37.88,113.95,1.58,1.67,91.14,308.67,7902,0.64,1.44,9.58,1.00,0.07,-0.03,0.01,3.41,-7.99,0.64,6,7,4,0,35.2901817,136.2529133,82.50, 0.06
3004161,0.07,-0.82,9.51,1.00,-0.04,-0.00,0.00,-0.47,4.99,0.03,10.61,0.00,0,2,1001.32,41.21,109.08,1001.31,40.47,108.90,0.62,1000.66,37.88,113.95,1.00,1.33,90.53,308.67,7903,0.57,1.35,9.56,1.00,0.07,-0.03,0.01,3.41,-7.99,0.64,6,7,4,0,35.2901817,136.2529133,82.50, 0.06
3004214,0.08,-0.82,9.53,1.00,-0.04,-0.00,0.00,-0.47,4.99,0.03,10.61,0.00,0,2,1001.32,41.21,109.08,1001.32,40.46,108.83,0.62,1000.66,37.87,113.97,1.20,1.46,90.44,308.67,7903,0.57,1.32,9.55,1.00,0.07,-0.03,0.01,3.41,-7.99,0.64,6,7,4,0,35.2901817,136.2529133,82.50, 0.06
3004272,0.08,-0.82,9.48,1.00,-0.04,-0.00,0.00,-0.47,4.99,0.03,10.61,0.00,0,2,1001.32,41.21,109.11,1001.31,40.46,108.89,0.62,1000.66,37.87,113.97,0.98,1.32,91.05,308.67,7902,0.60,1.41,9.58,1.00,0.07,-0.03,0.01,3.41,-7.99,0.64,6,7,4,0,35.2901817,136.2529133,82.50, 0.06
3004324,0.14,-0.81,9.50,1.00,-0.04,-0.00,0.00,-0.47,4.99,0.03,10.60,0.00,0,2,1001.32,41.20,109.09,1001.32,40.48,108.88,0.63,1000.66,37.89,113.93,1.42,1.58,91.23,308.67,7903,0.57,1.34,9.54,1.00,0.07,-0.03,0.01,3.41,-7.99,0.64,6,7,4,0,35.2901817,136.2529133,82.50, 0.06
3004378,0.09,-0.81,9.52,1.00,-0.04,-0.00,0.00,-0.47,4.99,0.03,10.61,0.00,0,2,1001.32,41.20,109.10,1001.32,40.48,108.84,0.62,1000.66,37.88,113.94,1.02,1.34,91.05,308.67,7902,0.55,1.29,9.55,1.00,0.07,-0.03,0.01,3.41,-7.99,0.64,6,7,4,0,35.2901817,136.2529133,82.50, 0.06
3004433,0.09,-0.82,9.51,1.00,-0.04,-0.00,0.00,-0.47,4.99,0.03,10.60,0.00,0,2,1001.32,41.20,109.09,1001.32,40.47,108.86,0.62,1000.66,37.87,113.97,1.40,1.57,91.14,308.67,7902,0.56,1.29,9.51,1.00,0.07,-0.03,0.01,3.41,-7.99,0.64,6,7,4,0,35.2901817,136.2529133,82.50, 0.06
3004487,0.09,-0.84,9.53,1.00,-0.04,-0.00,0.00,-0.47,4.99,0.03,10.60,0.00,0,2,1001.32,41.20,109.11,1001.32,40.47,108.86,0.62,1000.66,37.87,113.93,1.92,1.84,91.05,308.67,7901,0.61,1.36,9.57,1.00,0.07,-0.03,0.01,3.41,-7.99,0.64,6,7,4,0,35.2901817,136.2529133,82.50, 0.06
3004543,0.08,-0.80,9.54,1.00,-0.04,-0.00,0.00,-0.47,4.99,0.03,10.60,0.00,0,2,1001.32,41.19,109.10,1001.32,40.47,108.88,0.62,1000.65,37.87,114.01,1.38,1.56,91.05,308.67,7903,0.58,1.37,9.57,1.00,0.07,-0.03,0.01,3.41,-7.99,0.64,6,7,4,0,35.2901817,136.2529133,82.50, 0.06
3004599,0.11,-0.80,9.53,1.00,-0.04,-0.00,0.00,-0.47,4.99,0.03,10.60,0.00,0,2,1001.32,41.20,109.11,1001.32,40.48,108.87,0.63,1000.65,37.88,114.00,2.35,2.04,91.23,308.67,7902,0.59,1.35,9.62,1.00,0.07,-0.03,0.01,3.41,-7.99,0.64,6,7,4,0,35.2901817,136.2529133,82.50, 0.06
3004652,0.11,-0.80,9.55,1.00,-0.04,-0.00,0.00,-0.47,4.99,0.03,10.62,0.00,0,2,1001.31,41.20,109.14,1001.32,40.47,108.86,0.63,1000.65,37.86,114.01,1.90,1.83,90.70,308.67,7902,0.58,1.30,9.54,1.00,0.07,-0.03,0.01,3.41,-7.99,0.64,6,7,4,0,35.2901817,136.2529133,82.50, 0.06
3004710,0.09,-0.86,9.51,1.00,-0.04,-0.00,0.00,-0.47,4.99,0.03,10.62,0.00,0,2,1001.32,41.20,109.12,1001.31,40.48,108.92,0.63,1000.65,37.86,114.03,2.67,2.17,90.88,308.67,7902,0.59,1.40,9.54,1.00,0.07,-0.03,0.01,3.41,-7.99,0.64,6,7,4,0,35.2901817,136.2529133,82.50, 0.06
3004763,0.09,-0.85,9.50,1.00,-0.04,-0.00,0.00,-0.47,4.99,0.03,10.62,0.00,0,2,1001.32,41.20,109.11,1001.32,40.47,108.86,0.63,1000.66,37.88,113.97,2.35,2.04,91.14,308.67,7902,0.54,1.42,9.58,1.00,0.07,-0.03,0.01,3.41,-7.99,0.64,6,7,4,0,35.2901817,136.2529133,82.50, 0.06
3004821,0.08,-0.82,9.50,1.00,-0.04,-0.00,0.00,-0.47,4.99,0.03,10.62,0.00,0,2,1001.32,41.20,109.12,1001.31,40.47,108.90,0.63,1000.65,37.87,114.04,2.35,2.04,90.88,308.76,7903,0.62,1.28,9.55,1.00,0.07,-0.03,0.01,3.41,-7.99,0.64,6,7,4,0,35.2901817,136.2529133,82.50, 0.06
3004872,0.11,-0.79,9.50,1.00,-0.04,-0.00,0.00,-0.47,4.99,0.03,10.61,0.00,0,2,1001.31,41.20,109.14,1001.31,40.47,108.89,0.62,1000.65,37.88,114.00,2.97,2.29,89.56,308.67,7902,0.52,1.24,9.53,1.00,0.07,-0.03,0.01,3.41,-7.99,0.64,6,7,4,0,35.2901817,136.2529133,82.50, 0.06
3004931,0.08,-0.80,9.55,1.00,-0.04,-0.00,0.00,-0.47,4.99,0.03,10.62,0.00,0,2,1001.32,41.21,109.12,1001.31,40.47,108.88,0.62,1000.66,37.88,113.97,1.75,1.76,88.95,308.67,7902,0.56,1.36,9.56,1.00,0.07,-0.03,0.01,3.41,-7.99,0.64,6,7,5,0,35.2901800,136.2529133,82.50, 0.06
3004983,0.08,-0.83,9.53,1.00,-0.04,-0.00,0.00,-0.47,4.99,0.03,10.61,0.00,0,2,1001.31,41.21,109.13,1001.31,40.47,108.88,0.63,1000.65,37.87,114.06,2.05,1.90,88.24,308.67,7902,0.54,1.42,9.58,1.00,0.07,-0.03,0.01,3.41,-7.99,0.64,6,7,5,0,35.2901800,136.2529133,82.50, 0.06
3005041,0.09,-0.79,9.54,1.00,-0.04,-0.00,0.00,-0.47,4.99,0.03,10.62,0.00,0,2,1001.32,41.20,109.11,1001.32,40.48,108.87,0.63,1000.65,37.87,114.04,2.40,2.06,88.15,308.67,7902,0.63,1.27,9.54,1.00,0.07,-0.03,0.01,3.41,-7.99,0.64,6,7,5,0,35.2901800,136.2529133,82.50, 0.06
3005095,0.09,-0.81,9.53,1.00,-0.04,-0.00,0.00,-0.47,4.99,0.03,10.62,0.00,0,2,1001.32,41.21,109.10,1001.32,40.47,108.88,0.63,1000.65,37.89,114.00,3.28,2.41,88.24,308.67,7902,0.60,1.34,9.58,1.00,0.07,-0.03,0.01,3.41,-7.99,0.64,6,7,5,0,35.2901800,136.2529133,82.50, 0.06
3005150,0.09,-0.83,9.52,1.00,-0.04,-0.00,0.00,-0.47,4.99,0.03,10.60,0.00,0,2,1001.32,41.20,109.07,1001.31,40.47,108.88,0.63,1000.66,37.88,113.97,2.48,2.09,88.77,308.67,7903,0.51,1.32,9.57,1.00,0.07,-0.03,0.01,3.41,-7.99,0.64,6,7,5,0,35.2901800,136.2529133,82.50, 0.06
3005208,0.08,-0.82,9.56,1.00,-0.04,-0.00,0.00,-0.47,4.99,0.03,10.59,0.00,0,2,1001.32,41.22,109.11,1001.32,40.48,108.85,0.62,1000.66,37.89,113.92,2.32,2.02,91.49,308.67,7903,0.52,1.26,9.57,1.00,0.07,-0.03,0.01,3.41,-7.99,0.64,6,7,5,0,35.2901800,136.2529133,82.50, 0.06
3005261,0.07,-0.80,9.57,1.00,-0.04,-0.00,0.00,-0.47,4.99,0.03,10.59,0.00,0,2,1001.32,41.20,109.09,1001.32,40.47,108.86,0.62,1000.66,37.88,113.93,2.20,1.97,91.67,308.67,7902,0.64,1.25,9.56,1.00,0.07,-0.03,0.01,3.41,-7.99,0.64,6,7,5,0,35.2901800,136.2529133,82.50, 0.06
3005318,0.10,-0.82,9.50,1.00,-0.04,-0.00,0.00,-0.47,4.99,0.03,10.59,0.00,0,2,1001.32,41.22,109.09,1001.32,40.47,108.84,0.62,1000.66,37.87,113.97,0.82,1.20,91.58,308.67,7902,0.55,1.28,9.54,1.00,0.07,-0.03,0.01,3.41,-7.99,0.64,6,7,5,0,35.2901800,136.2529133,82.50, 0.06
3005371,0.13,-0.80,9.56,1.00,-0.04,-0.00,0.00,-0.47,4.99,0.03,10.59,0.00,0,2,1001.31,41.21,109.16,1001.31,40.47,108.88,0.63,1000.66,37.87,113.94,1.03,1.35,91.41,308.67,7903,0.48,1.34,9.61,1.00,0.07,-0.03,0.01,3.41,-7.99,0.64,6,7,5,0,35.2901800,136.2529133,82.50, 0.06
3005427,0.09,-0.82,9.55,1.00,-0.04,-0.00,0.00,-0.47,4.99,0.03,10.60,0.00,0,2,1001.32,41.23,109.11,1001.32,40.47,108.85,0.63,1000.66,37.89,113.96,1.80,1.78,90.79,308.67,7902,0.54,1.29,9.53,1.00,0.07,-0.03,0.01,3.41,-7.99,0.64,6,7,5,0,35.2901800,136.2529133,82.50, 0.06
3005480,0.07,-0.85,9.53,1.00,-0.04,-0.00,0.00,-0.47,4.99,0.03,10.60,0.00,0,2,1001.31,41.20,109.14,1001.31,40.47,108.88,0.62,1000.66,37.89,113.96,0.65,1.07,90.35,308.67,7903,0.62,1.39,9.54,1.00,0.07,-0.03,0.01,3.41,-7.99,0.64,6,7,5,0,35.2901800,136.2529133,82.50, 0.06
3005535,0.03,-0.85,9.53,1.00,-0.04,-0.00,0.00,-0.47,4.99,0.03,10.59,0.00,0,2,1001.31,41.21,109.13,1001.32,40.47,108.84,0.62,1000.65,37.88,114.00,1.17,1.43,89.74,308.67,7903,0.61,1.35,9.57,1.00,0.07,-0.03,0.01,3.41,-7.99,0.64,6,7,5,0,35.2901800,136.2529133,82.50, 0.06
3005591,0.11,-0.78,9.53,1.00,-0.04,-0.00,0.00,-0.47,4.99,0.03,10.61,0.00,0,2,1001.32,41.22,109.08,1001.31,40.47,108.88,0.62,1000.65,37.88,114.02,0.85,1.22,89.74,308.67,7902,0.50,1.32,9.61,1.00,0.07,-0.03,0.01,3.41,-7.99,0.64,6,7,5,0,35.2901800,136.2529133,82.50, 0.06
3005646,0.11,-0.78,9.56,1.00,-0.04,-0.00,0.00,-0.47,4.99,0.03,10.59,0.00,0,2,1001.33,41.23,109.04,1001.32,40.47,108.86,0.63,1000.66,37.88,113.99,0.43,0.87,90.26,308.67,7902,0.60,1.28,9.57,1.00,0.07,-0.03,0.01,3.41,-7.99,0.64,6,7,5,0,35.2901800,136.2529133,82.50, 0.06
3005699,0.12,-0.83,9.50,1.00,-0.04,-0.00,0.00,-0.47,4.99,0.03,10.60,0.00,0,2,1001.32,41.22,109.06,1001.31,40.46,108.88,0.62,1000.66,37.88,113.94,0.93,1.28,90.70,308.67,7902,0.54,1.34,9.56,1.00,0.07,-0.03,0.01,3.41,-7.99,0.64,6,7,5,0,35.2901800,136.2529133,82.50, 0.06
3005752,0.09,-0.86,9.52,1.00,-0.04,-0.00,0.00,-0.47,4.99,0.03,10.58,0.00,0,2,1001.32,41.21,109.08,1001.31,40.46,108.87,0.63,1000.66,37.87,113.97,0.77,1.16,90.70,308.67,7902,0.55,1.28,9.55,1.00,0.07,-0.03,0.01,3.41,-7.99,0.64,6,7,5,0,35.2901800,136.2529133,82.50, 0.10
3005809,0.08,-0.83,9.52,1.00,-0.04,-0.00,0.00,-0.47,4.99,0.03,10.57,0.00,0,2,1001.32,41.22,109.07,1001.32,40.46,108.86,0.62,1000.66,37.89,113.96,0.77,1.16,90.62,308.67,7902,0.56,1.29,9.57,1.00,0.07,-0.03,0.01,3.41,-7.99,0.64,6,7,5,0,35.2901800,136.2529133,82.50, 0.10
3005861,0.05,-0.80,9.49,1.00,-0.04,-0.00,0.00,-0.47,4.99,0.03,10.58,0.00,0,2,1001.32,41.22,109.11,1001.32,40.47,108.85,0.62,1000.66,37.89,113.92,0.20,0.59,90.70,308.67,7903,0.56,1.33,9.56,1.00,0.07,-0.03,0.01,3.41,-7.99,0.64,6,7,5,0,35.2901800,136.2529133,82.50, 0.10
3005918,0.10,-0.84,9.53,1.00,-0.04,-0.00,0.00,-0.47,4.99,0.03,10.58,0.00,0,2,1001.32,41.21,109.10,1001.32,40.48,108.87,0.63,1000.66,37.88,113.99,1.03,1.35,90.18,308.76,7902,0.56,1.30,9.52,1.00,0.07,-0.03,0.01,3.41,-7.99,0.64,6,7,6,0,35.2901800,136.2529133,82.50, 0.10
3005970,0.07,-0.79,9.53,1.00,-0.04,-0.00,0.00,-0.47,4.99,0.03,10.59,0.00,0,2,1001.32,41.20,109.12,1001.31,40.47,108.88,0.62,1000.65,37.89,114.03,0.52,0.95,90.00,308.67,7902,0.59,1.43,9.59,1.00,0.07,-0.03,0.01,3.41,-7.99,0.64,6,7,6,0,35.2901800,136.2529133,82.50, 0.10
3006028,0.05,-0.81,9.49,1.00,-0.04,-0.00,0.00,-0.47,4.99,0.03,10.62,0.00,0,2,1001.31,41.22,109.15,1001.31,40.47,108.89,0.62,1000.65,37.88,114.04,0.42,0.86,89.91,308.67,7903,0.58,1.38,9.55,1.00,0.07,-0.03,0.01,3.41,-7.99,0.64,6,7,6,0,35.2901800,136.2529133,82.50, 0.10
3006081,0.11,-0.86,9.53,1.00,-0.04,-0.00,0.00,-0.47,4.99,0.03,10.62,0.00,0,2,1001.32,41.22,109.13,1001.31,40.46,108.88,0.62,1000.66,37.88,113.95,0.27,0.69,89.91,308.67,7902,0.60,1.37,9.56,1.00,0.07,-0.03,0.01,3.41,-7.99,0.64,6,7,6,0,35.2901800,136.2529133,82.50, 0.10
3006137,0.10,-0.83,9.53,1.00,-0.04,-0.00,0.00,-0.47,4.99,0.03,10.61,0.00,0,2,1001.31,41.20,109.14,1001.31,40.45,108.87,0.62,1000.66,37.88,113.96,1.08,1.38,89.91,308.67,7903,0.55,1.36,9.59,1.00,0.07,-0.03,0.01,3.41,-7.99,0.64,6,7,6,0,35.2901800,136.2529133,82.50, 0.10
3006195,0.09,-0.79,9.54,1.00,-0.04,-0.00,0.00,-0.47,4.99,0.03,10.60,0.00,0,2,1001.31,41.21,109.16,1001.32,40.47,108.86,0.63,1000.66,37.88,113.96,0.95,1.29,89.91,308.76,7902,0.55,1.29,9.59,1.00,0.07,-0.03,0.01,3.41,-7.99,0.64,6,7,6,0,35.2901800,136.2529133,82.50, 0.10
3006249,0.08,-0.81,9.53,1.00,-0.04,-0.00,0.00,-0.47,4.99,0.03,10.59,0.00,0,2,1001.32,41.21,109.10,1001.32,40.47,108.85,0.62,1000.66,37.88,113.98,0.97,1.31,89.91,308.67,7902,0.59,1.29,9.56,1.00,0.07,-0.03,0.01,3.41,-7.99,0.64,6,7,6,0,35.2901800,136.2529133,82.50, 0.10
3006305,0.10,-0.80,9.54,1.00,-0.04,-0.00,0.00,-0.47,4.99,0.03,10.60,0.00,0,2,1001.32,41.22,109.13,1001.32,40.46,108.86,0.62,1000.66,37.89,113.98,0.98,1.32,89.91,308.67,7903,0.59,1.23,9.56,1.00,0.07,-0.03,0.01,3.41,-7.99,0.64,6,7,6,0,35.2901800,136.2529133,82.50, 0.10
3006357,0.10,-0.85,9.50,1.00,-0.04,-0.00,0.00,-0.47,4.99,0.03,10.60,0.00,0,2,1001.32,41.23,109.11,1001.32,40.46,108.88,0.62,1000.65,37.89,114.01,1.63,1.70,90.09,308.76,7903,0.56,1.31,9.57,1.00,0.07,-0.03,0.01,3.41,-7.99,0.64,6,7,6,0,35.2901800,136.2529133,82.50, 0.10
3006410,0.10,-0.83,9.52,1.00,-0.04,-0.00,0.00,-0.47,4.99,0.03,10.61,0.00,0,2,1001.32,41.21,109.10,1001.31,40.47,108.88,0.62,1000.66,37.88,113.97,0.80,1.19,90.26,308.67,7902,0.49,1.30,9.57,1.00,0.07,-0.03,0.01,3.41,-7.99,0.64,6,7,6,0,35.2901800,136.2529133,82.50, 0.10
3006466,0.10,-0.84,9.50,1.00,-0.04,-0.00,0.00,-0.47,4.99,0.03,10.60,0.00,0,2,1001.32,41.22,109.06,1001.32,40.47,108.84,0.63,1000.65,37.88,114.00,1.57,1.66,90.62,308.67,7902,0.60,1.37,9.56,1.00,0.07,-0.03,0.01,3.41,-7.99,0.64,6,7,6,0,35.2901800,136.2529133,82.50, 0.10
3006517,0.05,-0.80,9.47,1.00,-0.04,-0.00,0.00,-0.47,4.99,0.03,10.59,0.00,0,2,1001.32,41.22,109.11,1001.31,40.48,108.88,0.62,1000.66,37.88,113.91,0.65,1.07,90.79,308.67,7903,0.62,1.41,9.59,1.00,0.07,-0.03,0.01,3.41,-7.99,0.64,6,7,6,0,35.2901800,136.2529133,82.50, 0.10
3006568,0.08,-0.79,9.49,1.00,-0.04,-0.00,0.00,-0.47,4.99,0.03,10.59,0.00,0,2,1001.32,41.22,109.11,1001.32,40.47,108.87,0.62,1000.66,37.87,113.97,0.77,1.16,90.70,308.67,7902,0.54,1.41,9.60,1.00,0.07,-0.03,0.01,3.41,-7.99,0.64,6,7,6,0,35.2901800,136.2529133,82.50, 0.10
3006626,0.10,-0.76,9.52,1.00,-0.04,-0.00,0.00,-0.47,4.99,0.03,10.58,0.00,0,2,1001.32,41.23,109.07,1001.32,40.47,108.84,0.62,1000.66,37.89,113.96,1.30,1.51,90.70,308.67,7902,0.50,1.24,9.56,1.00,0.07,-0.03,0.01,3.41,-7.99,0.64,6,7,6,0,35.2901800,136.2529133,82.50, 0.10
3006679,0.12,-0.85,9.51,1.00,-0.04,-0.00,0.00,-0.47,4.99,0.03,10.60,0.00,0,2,1001.32,41.21,109.10,1001.32,40.47,108.86,0.62,1000.66,37.88,113.99,1.17,1.43,90.70,308.67,7902,0.64,1.44,9.55,1.00,0.07,-0.03,0.01,3.41,-7.99,0.64,6,7,6,0,35.2901800,136.2529133,82.50, 0.10
3006736,0.09,-0.86,9.51,1.00,-0.04,-0.00,0.00,-0.47,4.99,0.03,10.59,0.00,0,2,1001.32,41.21,109.11,1001.32,40.47,108.82,0.62,1000.66,37.88,113.98,0.60,1.03,90.70,308.67,7903,0.56,1.31,9.55,1.00,0.07,-0.03,0.01,3.41,-7.99,0.64,6,7,6,0,35.2901800,136.2529133,82.50, 0.09
3006795,0.11,-0.87,9.56,1.00,-0.04,-0.00,0.00,-0.47,4.99,0.03,10.59,0.00,0,2,1001.32,41.23,109.10,1001.32,40.47,108.84,0.62,1000.66,37.88,113.96,0.17,0.54,91.05,308.67,7903,0.59,1.44,9.58,1.00,0.07,-0.03,0.01,3.41,-7.99,0.64,6,7,6,0,35.2901800,136.2529133,82.50, 0.09
3006848,0.09,-0.80,9.55,1.00,-0.04,-0.00,0.00,-0.47,4.99,0.03,10.60,0.00,0,2,1001.32,41.21,109.10,1001.32,40.47,108.86,0.62,1000.66,37.87,113.95,0.77,1.16,91.23,308.67,7901,0.49,1.30,9.57,1.00,0.07,-0.03,0.01,3.41,-7.99,0.64,6,7,6,0,35.2901800,136.2529133,82.50, 0.09
3006903,0.08,-0.77,9.51,1.00,-0.04,-0.00,0.00,-0.47,4.99,0.03,10.60,0.00,0,2,1001.32,41.22,109.09,1001.31,40.46,108.88,0.63,1000.66,37.87,113.97,1.87,1.81,90.88,308.67,7902,0.59,1.26,9.52,1.00,0.07,-0.03,0.01,3.41,-7.99,0.64,6,7,6,0,35.2901800,136.2529133,82.50, 0.09
3006955,0.05,-0.82,9.49,1.00,-0.04,-0.00,0.00,-0.47,4.99,0.03,10.60,0.00,0,2,1001.32,41.22,109.11,1001.32,40.47,108.86,0.63,1000.65,37.88,114.04,2.08,1.92,90.70,308.76,7903,0.54,1.36,9.55,1.00,0.07,-0.03,0.01,3.41,-7.99,0.64,6,7,6,0,35.2901800,136.2529133,82.50, 0.09
3007013,0.07,-0.81,9.52,1.00,-0.04,-0.00,0.00,-0.47,4.99,0.03,10.60,0.00,0,2,1001.32,41.23,109.12,1001.32,40.48,108.85,0.62,1000.65,37.89,114.03,1.83,1.80,90.97,308.67,7902,0.55,1.35,9.60,1.00,0.07,-0.03,0.01,3.41,-7.99,0.64,6,7,6,0,35.2901800,136.2529133,82.50, 0.09
3007067,0.11,-0.82,9.53,1.00,-0.04,-0.00,0.00,-0.47,4.99,0.03,10.60,0.00,0,2,1001.32,41.21,109.10,1001.32,40.47,108.85,0.62,1000.65,37.86,114.03,1.23,1.48,90.62,308.67,7902,0.59,1.37,9.58,1.00,0.07,-0.03,0.01,3.41,-7.99,0.64,6,7,6,0,35.2901800,136.2529133,82.50, 0.09
3007122,0.11,-0.85,9.52,1.00,-0.04,-0.00,0.00,-0.47,4.99,0.03,10.60,0.00,0,2,1001.32,41.20,109.11,1001.31,40.47,108.89,0.63,1000.66,37.87,113.96,0.58,1.01,90.44,308.67,7903,0.58,1.40,9.56,1.00,0.07,-0.03,0.01,3.41,-7.99,0.64,6,7,6,0,35.2901800,136.2529133,82.50, 0.09
3007175,0.11,-0.83,9.52,1.00,-0.04,-0.00,0.00,-0.47,4.99,0.03,10.61,0.00,0,2,1001.32,41.23,109.13,1001.32,40.46,108.87,0.63,1000.66,37.87,113.92,1.25,1.49,90.44,308.67,7902,0.60,1.39,9.56,1.00,0.07,-0.03,0.01,3.41,-7.99,0.64,6,7,6,0,35.2901800,136.2529133,82.50, 0.09
3007228,0.10,-0.83,9.52,1.00,-0.04,-0.00,0.00,-0.47,4.99,0.03,10.60,0.00,0,2,1001.32,41.22,109.07,1001.31,40.48,108.88,0.62,1000.66,37.87,113.94,0.70,1.11,90.44,308.67,7903,0.52,1.34,9.62,1.00,0.07,-0.03,0.01,3.41,-7.99,0.64,6,7,6,0,35.2901800,136.2529133,82.50, 0.09
3007286,0.12,-0.81,9.53,1.00,-0.04,-0.00,0.00,-0.47,4.99,0.03,10.59,0.00,0,2,1001.32,41.23,109.09,1001.32,40.48,108.82,0.63,1000.66,37.88,113.95,0.67,1.08,90.44,308.67,7902,0.53,1.34,9.56,1.00,0.07,-0.03,0.01,3.41,-7.99,0.64,6,7,6,0,35.2901800,136.2529133,82.50, 0.09
3007342,0.08,-0.82,9.55,1.00,-0.04,-0.00,0.00,-0.47,4.99,0.03,10.57,0.00,0,2,1001.32,41.23,109.06,1001.32,40.49,108.85,0.62,1000.66,37.87,113.93,1.62,1.69,90.79,308.67,7903,0.55,1.28,9.53,1.00,0.07,-0.03,0.01,3.41,-7.99,0.64,6,7,6,0,35.2901800,136.2529133,82.50, 0.09
3007394,0.08,-0.81,9.53,1.00,-0.04,-0.00,0.00,-0.47,4.99,0.03,10.57,0.00,0,2,1001.33,41.22,109.03,1001.32,40.47,108.84,0.62,1000.66,37.87,113.92,1.07,1.37,91.76,308.67,7901,0.55,1.29,9.54,1.00,0.07,-0.03,0.01,3.41,-7.99,0.64,6,7,6,0,35.2901800,136.2529133,82.50, 0.09
3007447,0.08,-0.86,9.50,1.00,-0.04,-0.00,0.00,-0.47,4.99,0.03,10.56,0.00,0,2,1001.33,41.23,109.03,1001.32,40.48,108.86,0.62,1000.66,37.87,113.92,1.07,1.37,92.37,308.67,7903,0.51,1.25,9.53,1.00,0.07,-0.03,0.01,3.41,-7.99,0.64,6,7,6,0,35.2901800,136.2529133,82.50, 0.09
3007505,0.06,-0.81,9.56,1.00,-0.04,-0.00,0.00,-0.47,4.99,0.03,10.57,0.00,0,2,1001.32,41.22,109.11,1001.32,40.49,108.83,0.62,1000.66,37.87,113.93,1.73,1.75,92.46,308.67,7903,0.64,1.30,9.52,1.00,0.07,-0.03,0.01,3.41,-7.99,0.64,6,7,6,0,35.2901800,136.2529133,82.50, 0.09
3007563,0.09,-0.81,9.47,1.00,-0.04,-0.00,0.00,-0.47,4.99,0.03,10.57,0.00,0,2,1001.31,41.22,109.14,1001.32,40.48,108.85,0.63,1000.66,37.87,113.90,1.13,1.41,92.46,308.67,7902,0.54,1.32,9.54,1.00,0.07,-0.03,0.01,3.41,-7.99,0.64,6,7,6,0,35.2901800,136.2529133,82.50, 0.09
3007614,0.09,-0.79,9.51,1.00,-0.04,-0.00,0.00,-0.47,4.99,0.03,10.58,0.00,0,2,1001.32,41.23,109.09,1001.32,40.49,108.85,0.63,1000.66,37.86,113.94,0.98,1.32,92.46,308.67,7903,0.51,1.35,9.56,1.00,0.07,-0.03,0.01,3.41,-7.99,0.64,6,7,6,0,35.2901800,136.2529133,82.50, 0.09
3007673,0.11,-0.82,9.54,1.00,-0.04,-0.00,0.00,-0.47,4.99,0.03,10.59,0.00,0,2,1001.32,41.22,109.06,1001.32,40.49,108.85,0.62,1000.66,37.87,113.97,1.07,1.37,92.37,308.67,7902,0.51,1.37,9.54,1.00,0.07,-0.03,0.01,3.41,-7.99,0.64,6,7,7,0,35.2901783,136.2529117,82.50, 0.07
3007727,0.11,-0.83,9.47,1.00,-0.04,-0.00,0.00,-0.47,4.99,0.03,10.59,0.00,0,2,1001.32,41.22,109.09,1001.32,40.48,108.87,0.63,1000.66,37.88,113.96,1.55,1.65,92.37,308.67,7903,0.61,1.36,9.54,1.00,0.07,-0.03,0.01,3.41,-7.99,0.64,6,7,7,0,35.2901783,136.2529117,82.50, 0.07
3007782,0.07,-0.84,9.50,1.00,-0.04,-0.00,0.00,-0.47,4.99,0.03,10.59,0.00,0,2,1001.32,41.23,109.08,1001.32,40.49,108.83,0.62,1000.66,37.87,113.96,2.10,1.92,92.20,308.67,7902,0.54,1.37,9.59,1.00,0.07,-0.03,0.01,3.41,-7.99,0.64,6,7,7,0,35.2901783,136.2529117,82.50, 0.07
3007836,0.08,-0.87,9.50,1.00,-0.04,-0.00,0.00,-0.47,4.99,0.03,10.61,0.00,0,2,1001.32,41.22,109.13,1001.32,40.48,108.87,0.62,1000.66,37.87,113.95,0.98,1.32,92.99,308.67,7902,0.63,1.36,9.58,1.00,0.07,-0.03,0.01,3.41,-7.99,0.64,6,7,7,0,35.2901783,136.2529117,82.50, 0.07
3007892,0.10,-0.84,9.50,1.00,-0.04,-0.00,0.00,-0.47,4.99,0.03,10.60,0.00,0,2,1001.32,41.23,109.09,1001.32,40.48,108.86,0.62,1000.66,37.88,113.93,0.90,1.26,94.13,308.67,7903,0.52,1.35,9.56,1.00,0.07,-0.03,0.01,3.41,-7.99,0.64,6,7,8,0,35.2901783,136.2529083,82.50, 0.07
3007948,0.11,-0.82,9.53,1.00,-0.04,-0.00,0.00,-0.47,4.99,0.03,10.60,0.00,0,2,1001.32,41.23,109.10,1001.32,40.49,108.83,0.62,1000.66,37.88,113.95,1.33,1.53,96.50,308.76,7902,0.61,1.45,9.63,1.00,0.07,-0.03,0.01,3.41,-7.99,0.64,6,7,8,0,35.2901783,136.2529083,82.50, 0.07
3008003,0.11,-0.74,9.48,1.00,-0.04,-0.00,0.00,-0.47,4.99,0.03,10.60,0.00,0,2,1001.32,41.23,109.12,1001.32,40.47,108.86,0.62,1000.66,37.88,113.96,0.35,0.79,97.73,308.76,7902,0.44,1.13,9.48,1.00,0.07,-0.03,0.01,3.41,-7.99,0.64,6,7,8,0,35.2901783,136.2529083,82.50, 0.07
3008061,0.11,-0.79,9.51,1.00,-0.04,-0.00,0.00,-0.47,4.99,0.03,10.60,0.00,0,2,1001.32,41.23,109.12,1001.32,40.49,108.83,0.63,1000.66,37.87,113.97,1.78,1.77,97.38,308.67,7903,0.47,1.26,9.55,1.00,0.07,-0.03,0.01,3.41,-7.99,0.64,6,7,8,0,35.2901783,136.2529083,82.50, 0.07
3008112,0.05,-0.83,9.53,1.00,-0.04,-0.00,0.00,-0.47,4.99,0.03,10.61,0.00,0,2,1001.32,41.23,109.08,1001.32,40.49,108.82,0.62,1000.66,37.86,113.98,1.30,1.51,97.12,308.67,7902,0.61,1.34,9.57,1.00,0.07,-0.03,0.01,3.41,-7.99,0.64,6,7,8,0,35.2901783,136.2529083,82.50, 0.07
3008167,0.05,-0.87,9.52,1.00,-0.04,-0.00,0.00,-0.47,4.99,0.03,10.61,0.00,0,2,1001.32,41.23,109.13,1001.32,40.50,108.84,0.63,1000.66,37.86,113.96,2.18,1.96,97.12,308.67,7902,0.67,1.31,9.54,1.00,0.07,-0.03,0.01,3.41,-7.99,0.64,6,7,8,0,35.2901783,136.2529083,82.50, 0.07
3008221,0.05,-0.83,9.50,1.00,-0.04,-0.00,0.00,-0.47,4.99,0.03,10.61,0.00,0,2,1001.31,41.21,109.16,1001.32,40.50,108.84,0.62,1000.65,37.86,114.00,1.65,1.71,96.86,308.67,7903,0.54,1.45,9.59,1.00,0.07,-0.03,0.01,3.41,-7.99,0.64,6,7,8,0,35.2901783,136.2529083,82.50, 0.07
3008273,0.10,-0.82,9.52,1.00,-0.04,-0.00,0.00,-0.47,4.99,0.03,10.61,0.00,0,2,1001.31,41.24,109.15,1001.32,40.49,108.87,0.63,1000.66,37.89,113.98,2.13,1.94,96.77,308.67,7902,0.52,1.32,9.55,1.00,0.07,-0.03,0.01,3.41,-7.99,0.64,6,7,8,0,35.2901783,136.2529083,82.50, 0.07
3008331,0.08,-0.79,9.52,1.00,-0.04,-0.00,0.00,-0.47,4.99,0.03,10.62,0.00,0,2,1001.32,41.23,109.12,1001.32,40.49,108.87,0.62,1000.65,37.87,113.99,1.97,1.86,96.33,308.67,7903,0.59,1.26,9.56,1.00,0.07,-0.03,0.01,3.41,-7.99,0.64,6,7,8,0,35.2901783,136.2529083,82.50, 0.07
3008383,0.08,-0.80,9.52,1.00,-0.04,-0.00,0.00,-0.47,4.99,0.03,10.62,0.00,0,2,1001.32,41.24,109.11,1001.32,40.48,108.87,0.62,1000.65,37.88,114.00,2.17,1.96,96.24,308.67,7903,0.60,1.37,9.57,1.00,0.07,-0.03,0.01,3.41,-7.99,0.64,6,7,8,0,35.2901783,136.2529083,82.50, 0.07
3008441,0.08,-0.82,9.52,1.00,-0.04,-0.00,0.00,-0.47,4.99,0.03,10.61,0.00,0,2,1001.32,41.23,109.07,1001.32,40.48,108.85,0.63,1000.65,37.86,113.99,1.63,1.70,96.24,308.67,7902,0.54,1.28,9.54,1.00,0.07,-0.03,0.01,3.41,-7.99,0.64,6,7,8,0,35.2901783,136.2529083,82.50, 0.07
3008495,0.10,-0.87,9.50,1.00,-0.04,-0.00,0.00,-0.47,4.99,0.03,10.61,0.00,0,2,1001.32,41.22,109.11,1001.32,40.49,108.85,0.63,1000.66,37.88,113.99,1.95,1.85,96.33,308.76,7903,0.57,1.36,9.56,1.00,0.07,-0.03,0.01,3.41,-7.99,0.64,6,7,8,0,35.2901783,136.2529083,82.50, 0.07
3008551,0.09,-0.83,9.53,1.00,-0.04,-0.00,0.00,-0.47,4.99,0.03,10.61,0.00,0,2,1001.32,41.23,109.11,1001.31,40.49,108.89,0.62,1000.66,37.88,113.96,2.08,1.92,96.42,308.67,7902,0.56,1.32,9.54,1.00,0.07,-0.03,0.01,3.41,-7.99,0.64,6,7,8,0,35.2901783,136.2529083,82.50, 0.07
3008604,0.11,-0.82,9.51,1.00,-0.04,-0.00,0.00,-0.47,4.99,0.03,10.61,0.00,0,2,1001.32,41.23,109.10,1001.32,40.49,108.86,0.62,1000.66,37.86,113.98,1.65,1.71,96.33,308.67,7902,0.58,1.35,9.56,1.00,0.07,-0.03,0.01,3.41,-7.99,0.64,6,7,8,0,35.2901783,136.2529083,82.50, 0.07
3008660,0.11,-0.79,9.53,1.00,-0.04,-0.00,0.00,-0.47,4.99,0.03,10.60,0.00,0,2,1001.32,41.24,109.10,1001.32,40.49,108.85,0.62,1000.66,37.87,113.95,1.77,1.77,96.50,308.76,7902,0.55,1.32,9.58,1.00,0.07,-0.03,0.01,3.41,-7.99,0.64,6,7,8,0,35.2901783,136.2529083,82.50, 0.07
3008712,0.12,-0.83,9.48,1.00,-0.04,-0.00,0.00,-0.47,4.99,0.03,10.60,0.00,0,2,1001.32,41.24,109.10,1001.31,40.49,108.88,0.62,1000.66,37.87,113.97,1.93,1.85,96.42,308.67,7902,0.55,1.26,9.56,1.00,0.07,-0.03,0.01,3.41,-7.99,0.64,6,7,8,0,35.2901783,136.2529083,82.50, 0.12
3008769,0.05,-0.80,9.55,1.00,-0.04,-0.00,0.00,-0.47,4.99,0.03,10.60,0.00,0,2,1001.32,41.25,109.11,1001.32,40.49,108.86,0.63,1000.66,37.87,113.94,1.87,1.81,96.15,308.67,7902,0.62,1.26,9.52,1.00,0.07,-0.03,0.01,3.41,-7.99,0.64,6,7,8,0,35.2901783,136.2529083,82.50, 0.12
3008822,0.09,-0.86,9.53,1.00,-0.04,-0.00,0.00,-0.47,4.99,0.03,10.61,0.00,0,2,1001.32,41.23,109.13,1001.32,40.50,108.86,0.62,1000.66,37.87,113.94,1.97,1.86,96.50,308.67,7902,0.55,1.34,9.57,1.00,0.07,-0.03,0.01,3.41,-7.99,0.64,6,7,8,0,35.2901783,136.2529083,82.50, 0.12
3008874,0.07,-0.90,9.53,1.00,-0.04,-0.00,0.00,-0.47,4.99,0.03,10.60,0.00,0,2,1001.32,41.24,109.11,1001.32,40.49,108.86,0.62,1000.67,37.86,113.89,2.17,1.96,96.86,308.67,7902,0.56,1.36,9.55,1.00,0.07,-0.03,0.01,3.41,-7.99,0.64,6,7,8,0,35.2901783,136.2529083,82.50, 0.12
3008929,0.12,-0.83,9.52,1.00,-0.04,-0.00,0.00,-0.47,4.99,0.03,10.60,0.00,0,2,1001.32,41.24,109.12,1001.32,40.49,108.86,0.62,1000.66,37.87,113.93,2.08,1.92,96.42,308.67,7903,0.54,1.38,9.56,1.00,0.07,-0.03,0.01,3.41,-7.99,0.64,6,7,9,0,35.2901750,136.2529083,82.50, 0.12
3008987,0.11,-0.79,9.52,1.00,-0.04,-0.00,0.00,-0.47,4.99,0.03,10.60,0.00,0,2,1001.32,41.25,109.12,1001.32,40.50,108.86,0.63,1000.66,37.87,113.93,1.73,1.75,96.33,308.67,7903,0.58,1.25,9.55,1.00,0.07,-0.03,0.01,3.41,-7.99,0.64,6,7,9,0,35.2901750,136.2529083,82.50, 0.12
3009040,0.10,-0.81,9.53,1.00,-0.04,-0.00,0.00,-0.47,4.99,0.03,10.61,0.00,0,2,1001.32,41.24,109.13,1001.31,40.49,108.87,0.62,1000.66,37.87,113.94,1.97,1.86,96.68,308.67,7903,0.54,1.37,9.56,1.00,0.07,-0.03,0.01,3.41,-7.99,0.64,6,7,9,0,35.2901750,136.2529083,82.50, 0.12
3009097,0.08,-0.82,9.54,1.00,-0.04,-0.00,0.00,-0.47,4.99,0.03,10.61,0.00,0,2,1001.32,41.26,109.13,1001.32,40.50,108.85,0.62,1000.66,37.87,113.96,1.62,1.69,98.70,308.67,7902,0.60,1.40,9.59,1.00,0.07,-0.03,0.01,3.41,-7.99,0.64,6,7,9,0,35.2901750,136.2529083,82.50, 0.12
3009148,0.06,-0.80,9.48,1.00,-0.04,-0.00,0.00,-0.47,4.99,0.03,10.60,0.00,0,2,1001.32,41.26,109.11,1001.32,40.48,108.83,0.62,1000.65,37.86,114.00,1.17,1.43,99.05,308.67,7903,0.56,1.32,9.56,1.00,0.07,-0.03,0.01,3.41,-7.99,0.64,6,7,9,0,35.2901750,136.2529083,82.50, 0.12
3009207,0.07,-0.85,9.48,1.00,-0.04,-0.00,0.00,-0.47,4.99,0.03,10.60,0.00,0,2,1001.32,41.26,109.13,1001.31,40.48,108.89,0.62,1000.65,37.87,113.99,1.63,1.70,98.35,308.67,7903,0.58,1.35,9.55,1.00,0.07,-0.03,0.01,3.41,-7.99,0.64,6,7,9,0,35.2901750,136.2529083,82.50, 0.12
3009259,0.08,-0.82,9.50,1.00,-0.04,-0.00,0.00,-0.47,4.99,0.03,10.61,0.00,0,2,1001.32,41.27,109.11,1001.31,40.48,108.90,0.62,1000.66,37.88,113.98,1.48,1.62,96.68,308.67,7902,0.60,1.36,9.59,1.00,0.07,-0.03,0.01,3.41,-7.99,0.64,6,7,9,0,35.2901750,136.2529083,82.50, 0.12
3009314,0.11,-0.79,9.54,1.00,-0.04,-0.00,0.00,-0.47,4.99,0.03,10.62,0.00,0,2,1001.32,41.25,109.11,1001.32,40.48,108.88,0.62,1000.66,37.87,113.94,1.57,1.66,95.71,308.67,7902,0.56,1.30,9.58,1.00,0.07,-0.03,0.01,3.41,-7.99,0.64,6,7,9,0,35.2901750,136.2529083,82.50, 0.12
3009369,0.10,-0.80,9.52,1.00,-0.04,-0.00,0.00,-0.47,4.99,0.03,10.60,0.00,0,2,1001.32,41.26,109.11,1001.32,40.50,108.84,0.62,1000.66,37.86,113.94,1.52,1.64,95.54,308.67,7903,0.54,1.28,9.53,1.00,0.07,-0.03,0.01,3.41,-7.99,0.64,6,7,9,0,35.2901750,136.2529083,82.50, 0.12
3009423,0.08,-0.81,9.56,1.00,-0.04,-0.00,0.00,-0.47,4.99,0.03,10.61,0.00,0,2,1001.32,41.26,109.13,1001.32,40.49,108.86,0.62,1000.66,37.88,113.91,1.72,1.74,95.98,308.67,7903,0.60,1.49,9.61,1.00,0.07,-0.03,0.01,3.41,-7.99,0.64,6,7,9,0,35.2901750,136.2529083,82.50, 0.12
3009478,0.10,-0.85,9.49,1.00,-0.04,-0.00,0.00,-0.47,4.99,0.03,10.60,0.00,0,2,1001.32,41.26,109.12,1001.32,40.49,108.86,0.63,1000.66,37.88,113.93,2.07,1.91,96.06,308.67,7902,0.54,1.36,9.55,1.00,0.07,-0.03,0.01,3.41,-7.99,0.64,6,7,9,0,35.2901750,136.2529083,82.50, 0.12
3009536,0.06,-0.85,9.57,1.00,-0.04,-0.00,0.00,-0.47,4.99,0.03,10.60,0.00,0,2,1001.31,41.26,109.15,1001.32,40.51,108.87,0.62,1000.66,37.87,113.96,1.88,1.82,96.15,308.67,7902,0.53,1.30,9.54,1.00,0.07,-0.03,0.01,3.41,-7.99,0.64,6,7,9,0,35.2901750,136.2529083,82.50, 0.12
3009589,0.09,-0.79,9.54,1.00,-0.04,-0.00,0.00,-0.47,4.99,0.03,10.60,0.00,0,2,1001.32,41.26,109.13,1001.32,40.51,108.86,0.62,1000.66,37.88,113.95,1.78,1.77,96.68,308.67,7902,0.60,1.25,9.53,1.00,0.07,-0.03,0.01,3.41,-7.99,0.64,6,7,9,0,35.2901750,136.2529083,82.50, 0.12
3009646,0.09,-0.83,9.51,1.00,-0.04,-0.00,0.00,-0.47,4.99,0.03,10.61,0.00,0,2,1001.32,41.26,109.14,1001.32,40.50,108.91,0.62,1000.66,37.87,113.97,2.07,1.91,98.26,308.67,7902,0.68,1.36,9.58,1.00,0.07,-0.03,0.01,3.41,-7.99,0.64,6,7,9,0,35.2901750,136.2529083,82.50, 0.12
3009698,0.06,-0.80,9.50,1.00,-0.04,-0.00,0.00,-0.47,4.99,0.03,10.61,0.00,0,2,1001.32,41.26,109.13,1001.31,40.51,108.89,0.63,1000.66,37.88,113.98,2.15,1.95,98.09,308.67,7902,0.53,1.29,9.55,1.00,0.07,-0.03,0.01,3.41,-7.99,0.64,6,7,9,0,35.2901750,136.2529083,82.50, 0.12
3009755,0.07,-0.84,9.55,1.00,-0.04,-0.00,0.00,-0.47,4.99,0.03,10.62,0.00,0,2,1001.32,41.27,109.14,1001.32,40.50,108.88,0.62,1000.65,37.86,114.03,2.05,1.90,97.12,308.67,7903,0.55,1.48,9.61,1.00,0.07,-0.03,0.01,3.41,-7.99,0.64,6,7,9,0,35.2901750,136.2529083,82.50, 0.12
3009808,0.10,-0.82,9.53,1.00,-0.04,-0.00,0.00,-0.47,4.99,0.03,10.62,0.00,0,2,1001.32,41.25,109.10,1001.32,40.50,108.88,0.62,1000.65,37.87,114.01,2.45,2.08,97.29,308.67,7902,0.55,1.42,9.58,1.00,0.07,-0.03,0.01,3.41,-7.99,0.64,6,7,9,0,35.2901750,136.2529083,82.50, 0.16
3009865,0.12,-0.79,9.53,1.00,-0.04,-0.00,0.00,-0.47,4.99,0.03,10.61,0.00,0,2,1001.32,41.27,109.11,1001.31,40.50,108.86,0.62,1000.66,37.87,113.97,2.27,2.00,97.21,308.67,7903,0.56,1.31,9.53,1.00,0.07,-0.03,0.01,3.41,-7.99,0.64,6,7,9,0,35.2901750,136.2529083,82.50, 0.16
3009917,0.09,-0.81,9.52,1.00,-0.04,-0.00,0.00,-0.47,4.99,0.03,10.61,0.00,0,2,1001.32,41.27,109.13,1001.31,40.50,108.90,0.62,1000.65,37.88,114.02,2.57,2.13,98.61,308.58,7902,0.56,1.25,9.56,1.00,0.07,-0.03,0.01,3.41,-7.99,0.64,6,7,10,0,35.2901733,136.2529083,82.50, 0.16
3009971,0.05,-0.82,9.56,1.00,-0.04,-0.00,0.00,-0.47,4.99,0.03,10.62,0.00,0,2,1001.32,41.26,109.13,1001.31,40.51,108.89,0.62,1000.65,37.85,114.00,2.63,2.16,100.46,308.58,7903,0.59,1.32,9.54,1.00,0.07,-0.03,0.01,3.41,-7.99,0.64,6,7,10,0,35.2901733,136.2529083,82.50, 0.16
3010028,0.06,-0.84,9.56,1.00,-0.04,-0.00,0.00,-0.47,4.99,0.03,10.61,0.00,0,2,1001.32,41.28,109.14,1001.32,40.51,108.86,0.62,1000.66,37.87,113.97,2.17,1.96,101.34,308.58,7903,0.54,1.40,9.56,1.00,0.07,-0.03,0.01,3.41,-7.99,0.64,6,7,10,0,35.2901733,136.2529083,82.50, 0.16
3010086,0.12,-0.85,9.56,1.00,-0.04,-0.00,0.00,-0.47,4.99,0.03,10.62,0.00,0,2,1001.31,41.27,109.17,1001.32,40.51,108.88,0.62,1000.65,37.87,113.99,2.37,2.04,102.57,308.58,7902,0.51,1.34,9.58,1.00,0.07,-0.03,0.01,3.41,-7.99,0.64,6,7,10,0,35.2901733,136.2529083,82.50, 0.16
3010137,0.10,-0.81,9.51,1.00,-0.04,-0.00,0.00,-0.47,4.99,0.03,10.63,0.00,0,2,1001.31,41.27,109.17,1001.32,40.51,108.87,0.61,1000.65,37.87,114.01,1.88,1.82,101.25,308.58,7903,0.57,1.33,9.56,1.00,0.07,-0.03,0.01,3.41,-7.99,0.64,6,7,10,0,35.2901733,136.2529083,82.50, 0.16
3010194,0.15,-0.82,9.54,1.00,-0.04,-0.00,0.00,-0.47,4.99,0.03,10.62,0.00,0,2,1001.32,41.28,109.12,1001.32,40.51,108.87,0.62,1000.65,37.87,114.00,1.32,1.52,99.67,308.58,7902,0.58,1.36,9.55,1.00,0.07,-0.03,0.01,3.41,-7.99,0.64,6,7,10,0,35.2901733,136.2529083,82.50, 0.16
3010246,0.10,-0.80,9.53,1.00,-0.04,-0.00,0.00,-0.47,4.99,0.03,10.62,0.00,0,2,1001.32,41.27,109.12,1001.32,40.51,108.84,0.62,1000.65,37.87,114.02,1.62,1.69,99.76,308.58,7902,0.59,1.30,9.57,1.00,0.07,-0.03,0.01,3.41,-7.99,0.64,6,7,10,0,35.2901733,136.2529083,82.50, 0.16
3010299,0.06,-0.78,9.52,1.00,-0.04,-0.00,0.00,-0.47,4.99,0.03,10.60,0.00,0,2,1001.32,41.27,109.12,1001.31,40.50,108.87,0.63,1000.65,37.87,114.02,2.45,2.08,99.23,308.58,7903,0.63,1.24,9.54,1.00,0.07,-0.03,0.01,3.41,-7.99,0.64,6,7,10,0,35.2901733,136.2529083,82.50, 0.16
3010354,0.05,-0.87,9.51,1.00,-0.04,-0.00,0.00,-0.47,4.99,0.03,10.60,0.00,0,2,1001.31,41.27,109.15,1001.31,40.51,108.86,0.62,1000.65,37.87,114.00,2.62,2.15,97.65,308.58,7902,0.60,1.34,9.54,1.00,0.07,-0.03,0.01,3.41,-7.99,0.64,6,7,10,0,35.2901733,136.2529083,82.50, 0.16
3010407,0.06,-0.88,9.54,1.00,-0.04,-0.00,0.00,-0.47,4.99,0.03,10.61,0.00,0,2,1001.32,41.28,109.10,1001.32,40.50,108.86,0.63,1000.66,37.89,113.96,3.03,2.31,95.54,308.58,7902,0.59,1.38,9.58,1.00,0.07,-0.03,0.01,3.41,-7.99,0.64,6,7,10,0,35.2901733,136.2529083,82.50, 0.16
3010465,0.11,-0.82,9.52,1.00,-0.04,-0.00,0.00,-0.47,4.99,0.03,10.61,0.00,0,2,1001.32,41.28,109.10,1001.31,40.50,108.90,0.62,1000.66,37.88,113.96,2.22,1.98,94.13,308.58,7903,0.54,1.38,9.58,1.00,0.07,-0.03,0.01,3.41,-7.99,0.64,6,7,10,0,35.2901733,136.2529083,82.50, 0.16
3010518,0.15,-0.78,9.53,1.00,-0.04,-0.00,0.00,-0.47,4.99,0.03,10.60,0.00,0,2,1001.32,41.28,109.10,1001.32,40.51,108.88,0.62,1000.66,37.90,113.96,1.47,1.61,92.90,308.58,7902,0.55,1.30,9.55,1.00,0.07,-0.03,0.01,3.41,-7.99,0.64,6,7,10,0,35.2901733,136.2529083,82.50, 0.16
3010575,0.12,-0.82,9.55,1.00,-0.04,-0.00,0.00,-0.47,4.99,0.03,10.58,0.00,0,2,1001.32,41.29,109.11,1001.32,40.50,108.87,0.62,1000.65,37.89,113.99,0.37,0.80,92.99,308.58,7903,0.56,1.36,9.54,1.00,0.07,-0.03,0.01,3.41,-7.99,0.64,6,7,10,0,35.2901733,136.2529083,82.50, 0.16
3010626,0.07,-0.80,9.53,1.00,-0.04,-0.00,0.00,-0.47,4.99,0.03,10.59,0.00,0,2,1001.32,41.28,109.08,1001.32,40.50,108.86,0.62,1000.65,37.87,114.00,2.02,1.89,92.81,308.58,7902,0.63,1.34,9.54,1.00,0.07,-0.03,0.01,3.41,-7.99,0.64,6,7,10,0,35.2901733,136.2529083,82.50, 0.16
3010684,0.04,-0.86,9.54,1.00,-0.04,-0.00,0.00,-0.47,4.99,0.03,10.60,0.00,0,2,1001.32,41.29,109.13,1001.32,40.51,108.87,0.62,1000.65,37.87,114.01,1.27,1.49,92.90,308.58,7903,0.62,1.36,9.53,1.00,0.07,-0.03,0.01,3.41,-7.99,0.64,6,7,10,0,35.2901733,136.2529083,82.50, 0.16
3010737,0.06,-0.80,9.52,1.00,-0.04,-0.00,0.00,-0.47,4.99,0.03,10.60,0.00,0,2,1001.32,41.29,109.09,1001.32,40.52,108.85,0.61,1000.66,37.87,113.99,2.07,1.91,93.08,308.58,7902,0.68,1.39,9.60,1.00,0.07,-0.03,0.01,3.41,-7.99,0.64,6,7,10,0,35.2901733,136.2529083,82.50, 0.14
3010794,0.11,-0.82,9.48,1.00,-0.04,-0.00,0.00,-0.47,4.99,0.03,10.59,0.00,0,2,1001.32,41.28,109.13,1001.32,40.50,108.84,0.62,1000.66,37.88,113.94,2.20,1.97,92.90,308.58,7903,0.55,1.27,9.52,1.00,0.07,-0.03,0.01,3.41,-7.99,0.64,6,7,10,0,35.2901733,136.2529083,82.50, 0.14
3010847,0.14,-0.82,9.58,1.00,-0.04,-0.00,0.00,-0.47,4.99,0.03,10.59,0.00,0,2,1001.32,41.29,109.08,1001.32,40.51,108.88,0.62,1000.66,37.89,113.95,2.10,1.92,92.81,308.58,7902,0.50,1.31,9.62,1.00,0.07,-0.03,0.01,3.41,-7.99,0.64,6,7,10,0,35.2901733,136.2529083,82.50, 0.14
3010903,0.15,-0.81,9.49,1.00,-0.04,-0.00,0.00,-0.47,4.99,0.03,10.59,0.00,0,2,1001.32,41.29,109.11,1001.32,40.50,108.88,0.62,1000.66,37.89,113.91,1.97,1.86,92.64,308.58,7903,0.52,1.28,9.55,1.00,0.07,-0.03,0.01,3.41,-7.99,0.64,6,7,11,0,35.2901733,136.2529083,82.50, 0.14
3010955,0.11,-0.82,9.51,1.00,-0.04,-0.00,0.00,-0.47,4.99,0.03,10.58,0.00,0,2,1001.32,41.29,109.11,1001.32,40.52,108.86,0.62,1000.66,37.88,113.91,2.38,2.05,92.55,308.58,7902,0.60,1.39,9.57,1.00,0.07,-0.03,0.01,3.41,-7.99,0.64,6,7,11,0,35.2901733,136.2529083,82.50, 0.14
3011013,0.06,-0.85,9.53,1.00,-0.04,-0.00,0.00,-0.47,4.99,0.03,10.59,0.00,0,2,1001.32,41.30,109.15,1001.31,40.51,108.89,0.62,1000.67,37.88,113.90,2.60,2.14,92.37,308.58,7902,0.66,1.31,9.57,1.00,0.07,-0.03,0.01,3.41,-7.99,0.64,6,7,11,0,35.2901733,136.2529083,82.50, 0.14
3011067,0.05,-0.78,9.52,1.00,-0.04,-0.00,0.00,-0.47,4.99,0.03,10.60,0.00,0,2,1001.32,41.29,109.13,1001.32,40.51,108.87,0.62,1000.66,37.88,113.95,2.18,1.96,92.55,308.58,7903,0.63,1.30,9.58,1.00,0.07,-0.03,0.01,3.41,-7.99,0.64,6,7,11,0,35.2901733,136.2529083,82.50, 0.14
3011122,0.09,-0.81,9.50,1.00,-0.04,-0.00,0.00,-0.47,4.99,0.03,10.59,0.00,0,2,1001.32,41.28,109.12,1001.32,40.51,108.85,0.62,1000.66,37.88,113.97,2.97,2.29,92.81,308.58,7902,0.56,1.36,9.54,1.00,0.07,-0.03,0.01,3.41,-7.99,0.64,6,7,11,0,35.2901733,136.2529083,82.50, 0.14
3011176,0.12,-0.86,9.53,1.00,-0.04,-0.00,0.00,-0.47,4.99,0.03,10.59,0.00,0,2,1001.32,41.30,109.11,1001.32,40.50,108.87,0.62,1000.66,37.87,113.94,2.95,2.28,92.72,308.58,7903,0.54,1.44,9.58,1.00,0.07,-0.03,0.01,3.41,-7.99,0.64,6,7,11,0,35.2901733,136.2529083,82.50, 0.14
3011232,0.13,-0.82,9.54,1.00,-0.04,-0.00,0.00,-0.47,4.99,0.03,10.59,0.00,0,2,1001.32,41.30,109.11,1001.32,40.49,108.86,0.62,1000.66,37.88,113.93,3.92,2.63,94.04,308.58,7902,0.55,1.38,9.59,1.00,0.07,-0.03,0.01,3.41,-7.99,0.64,6,7,11,0,35.2901733,136.2529083,82.50, 0.14
3011290,0.11,-0.80,9.52,1.00,-0.04,-0.00,0.00,-0.47,4.99,0.03,10.59,0.00,0,2,1001.32,41.31,109.13,1001.32,40.50,108.86,0.62,1000.66,37.88,113.94,3.38,2.44,94.31,308.58,7903,0.54,1.23,9.56,1.00,0.07,-0.03,0.01,3.41,-7.99,0.64,6,7,11,0,35.2901733,136.2529083,82.50, 0.14
3011344,0.04,-0.79,9.55,1.00,-0.04,-0.00,0.00,-0.47,4.99,0.03,10.59,0.00,0,2,1001.32,41.30,109.14,1001.32,40.50,108.85,0.62,1000.66,37.88,113.93,3.08,2.33,94.83,308.58,7902,0.57,1.30,9.61,1.00,0.07,-0.03,0.01,3.41,-7.99,0.64,6,7,11,0,35.2901733,136.2529083,82.50, 0.14
3011400,0.07,-0.80,9.51,1.00,-0.04,-0.00,0.00,-0.47,4.99,0.03,10.59,0.00,0,2,1001.31,41.29,109.18,1001.32,40.51,108.89,0.62,1000.65,37.87,114.03,4.23,2.73,96.24,308.58,7902,0.59,1.29,9.56,1.00,0.07,-0.03,0.01,3.41,-7.99,0.64,6,7,11,0,35.2901733,136.2529083,82.50, 0.14
3011452,0.11,-0.87,9.53,1.00,-0.04,-0.00,0.00,-0.47,4.99,0.03,10.60,0.00,0,2,1001.31,41.30,109.17,1001.32,40.51,108.87,0.62,1000.65,37.87,114.02,2.68,2.18,96.15,308.58,7903,0.58,1.40,9.58,1.00,0.07,-0.03,0.01,3.41,-7.99,0.64,6,7,11,0,35.2901733,136.2529083,82.50, 0.14
3011509,0.10,-0.79,9.54,1.00,-0.04,-0.00,0.00,-0.47,4.99,0.03,10.65,0.00,0,2,1001.31,41.29,109.17,1001.31,40.52,108.89,0.62,1000.64,37.88,114.12,2.55,2.12,98.00,308.58,7902,0.53,1.33,9.56,1.00,0.07,-0.03,0.01,3.41,-7.99,0.64,6,7,11,0,35.2901733,136.2529083,82.50, 0.14
3011563,0.10,-0.78,9.51,1.00,-0.04,-0.00,0.00,-0.47,4.99,0.03,10.65,0.00,0,2,1001.31,41.29,109.18,1001.32,40.51,108.90,0.62,1000.65,37.87,114.04,2.42,2.06,101.95,308.58,7902,0.45,1.21,9.52,1.00,0.07,-0.03,0.01,3.41,-7.99,0.64,6,7,11,0,35.2901733,136.2529083,82.50, 0.14
3011621,0.10,-0.87,9.54,1.00,-0.04,-0.00,0.00,-0.47,4.99,0.03,10.65,0.00,0,2,1001.31,41.30,109.19,1001.32,40.53,108.91,0.62,1000.65,37.88,114.07,2.77,2.21,99.93,308.58,7903,0.66,1.51,9.59,1.00,0.07,-0.03,0.01,3.41,-7.99,0.64,6,7,11,0,35.2901733,136.2529083,82.50, 0.14
3011672,0.12,-0.84,9.53,1.00,-0.04,-0.00,0.00,-0.47,4.99,0.03,10.64,0.00,0,2,1001.32,41.31,109.14,1001.32,40.51,108.87,0.62,1000.64,37.88,114.16,0.80,1.19,96.50,308.58,7902,0.67,1.36,9.55,1.00,0.07,-0.03,0.01,3.41,-7.99,0.64,6,7,11,0,35.2901733,136.2529083,82.50, 0.14
3011730,0.07,-0.83,9.51,1.00,-0.04,-0.00,0.00,-0.47,4.99,0.03,10.64,0.00,0,2,1001.32,41.30,109.14,1001.32,40.52,108.88,0.62,1000.63,37.87,114.20,2.40,2.06,97.47,308.58,7902,0.66,1.34,9.55,1.00,0.07,-0.03,0.01,3.41,-7.99,0.64,6,7,11,0,35.2901733,136.2529083,82.50, 0.13
3011782,0.07,-0.79,9.51,1.00,-0.04,-0.00,0.00,-0.47,4.99,0.03,10.63,0.00,0,2,1001.31,41.30,109.17,1001.31,40.51,108.92,0.62,1000.64,37.87,114.13,2.58,2.13,97.91,308.58,7902,0.67,1.27,9.55,1.00,0.07,-0.03,0.01,3.41,-7.99,0.64,6,7,11,0,35.2901733,136.2529083,82.50, 0.13
3011839,0.06,-0.79,9.55,1.00,-0.04,-0.00,0.00,-0.47,4.99,0.03,10.64,0.00,0,2,1001.31,41.31,109.20,1001.31,40.52,108.91,0.62,1000.65,37.88,114.07,3.32,2.42,95.45,308.58,7902,0.67,1.29,9.55,1.00,0.07,-0.03,0.01,3.41,-7.99,0.64,6,7,12,0,35.2901733,136.2529033,82.50, 0.13
3011891,0.07,-0.84,9.46,1.00,-0.04,-0.00,0.00,-0.47,4.99,0.03,10.64,0.00,0,2,1001.32,41.30,109.15,1001.31,40.50,108.90,0.62,1000.64,37.87,114.10,3.07,2.33,92.46,308.58,7903,0.66,1.25,9.50,1.00,0.07,-0.03,0.01,3.41,-7.99,0.64,6,7,12,0,35.2901733,136.2529033,82.50, 0.13
3011949,0.09,-0.82,9.54,1.00,-0.04,-0.00,0.00,-0.47,4.99,0.03,10.63,0.00,0,2,1001.32,41.31,109.16,1001.31,40.49,108.91,0.62,1000.64,37.87,114.08,1.82,1.79,91.41,308.58,7903,0.61,1.34,9.60,1.00,0.07,-0.03,0.01,3.41,-7.99,0.64,6,7,12,0,35.2901733,136.2529033,82.50, 0.13
3012002,0.12,-0.85,9.50,1.00,-0.04,-0.00,0.00,-0.47,4.99,0.03,10.62,0.00,0,2,1001.31,41.30,109.19,1001.31,40.51,108.89,0.62,1000.65,37.87,114.04,2.63,2.16,90.09,308.58,7903,0.57,1.31,9.57,1.00,0.07,-0.03,0.01,3.41,-7.99,0.64,6,7,12,0,35.2901733,136.2529033,82.50, 0.13
3012059,0.12,-0.86,9.58,1.00,-0.04,-0.00,0.00,-0.47,4.99,0.03,10.63,0.00,0,2,1001.32,41.30,109.16,1001.31,40.51,108.90,0.62,1000.65,37.87,114.00,3.27,2.40,91.05,308.58,7902,0.54,1.44,9.62,1.00,0.07,-0.03,0.01,3.41,-7.99,0.64,6,7,12,0,35.2901733,136.2529033,82.50, 0.13
3012111,0.11,-0.81,9.48,1.00,-0.04,-0.00,0.00,-0.47,4.99,0.03,10.62,0.00,0,2,1001.31,41.29,109.19,1001.32,40.51,108.88,0.62,1000.65,37.87,114.01,2.67,2.17,91.32,308.58,7904,0.53,1.23,9.51,1.00,0.07,-0.03,0.01,3.41,-7.99,0.64,6,7,12,0,35.2901733,136.2529033,82.50, 0.13
3012164,0.05,-0.79,9.56,1.00,-0.04,-0.00,0.00,-0.47,4.99,0.03,10.61,0.00,0,2,1001.31,41.31,109.18,1001.32,40.51,108.87,0.62,1000.65,37.88,114.02,3.68,2.55,91.23,308.58,7902,0.63,1.27,9.56,1.00,0.07,-0.03,0.01,3.41,-7.99,0.64,6,7,12,0,35.2901733,136.2529033,82.50, 0.13
3012219,0.07,-0.82,9.51,1.00,-0.04,-0.00,0.00,-0.47,4.99,0.03,10.61,0.00,0,2,1001.31,41.31,109.23,1001.31,40.51,108.90,0.62,1000.65,37.87,114.02,2.40,2.06,91.23,308.58,7902,0.58,1.35,9.57,1.00,0.07,-0.03,0.01,3.41,-7.99,0.64,6,7,12,0,35.2901733,136.2529033,82.50, 0.13
3012272,0.07,-0.83,9.52,1.00,-0.04,-0.00,0.00,-0.47,4.99,0.03,10.61,0.00,0,2,1001.32,41.32,109.16,1001.32,40.51,108.87,0.62,1000.65,37.89,114.00,2.77,2.21,92.29,308.58,7902,0.55,1.26,9.55,1.00,0.07,-0.03,0.01,3.41,-7.99,0.64,6,7,12,0,35.2901733,136.2529033,82.50, 0.13
3012329,0.11,-0.85,9.52,1.00,-0.04,-0.00,0.00,-0.47,4.99,0.03,10.61,0.00,0,2,1001.32,41.32,109.15,1001.32,40.52,108.88,0.62,1000.65,37.87,114.00,2.72,2.19,92.64,308.58,7903,0.55,1.46,9.59,1.00,0.07,-0.03,0.01,3.41,-7.99,0.64,6,7,12,0,35.2901733,136.2529033,82.50, 0.13
3012381,0.12,-0.78,9.50,1.00,-0.04,-0.00,0.00,-0.47,4.99,0.03,10.60,0.00,0,2,1001.32,41.34,109.15,1001.31,40.51,108.89,0.62,1000.65,37.86,114.01,2.62,2.15,92.72,308.58,7903,0.56,1.31,9.56,1.00,0.07,-0.03,0.01,3.41,-7.99,0.64,6,7,12,0,35.2901733,136.2529033,82.50, 0.13
3012438,0.12,-0.79,9.57,1.00,-0.04,-0.00,0.00,-0.47,4.99,0.03,10.61,0.00,0,2,1001.31,41.32,109.18,1001.31,40.51,108.92,0.62,1000.65,37.87,114.04,1.42,1.58,93.69,308.58,7903,0.56,1.30,9.57,1.00,0.07,-0.03,0.01,3.41,-7.99,0.64,6,7,12,0,35.2901733,136.2529033,82.50, 0.13
3012489,0.07,-0.79,9.50,1.00,-0.04,-0.00,0.00,-0.47,4.99,0.03,10.60,0.00,0,2,1001.32,41.32,109.16,1001.31,40.52,108.90,0.62,1000.66,37.88,113.99,1.48,1.62,95.01,308.58,7902,0.63,1.32,9.55,1.00,0.07,-0.03,0.01,3.41,-7.99,0.64,6,7,12,0,35.2901733,136.2529033,82.50, 0.13
3012546,0.05,-0.80,9.52,1.00,-0.04,-0.00,0.00,-0.47,4.99,0.03,10.62,0.00,0,2,1001.31,41.32,109.19,1001.31,40.52,108.86,0.62,1000.65,37.89,114.05,1.13,1.41,95.89,308.58,7903,0.56,1.31,9.56,1.00,0.07,-0.03,0.01,3.41,-7.99,0.64,6,7,12,0,35.2901733,136.2529033,82.50, 0.13
3012598,0.11,-0.88,9.53,1.00,-0.04,-0.00,0.00,-0.47,4.99,0.03,10.60,0.00,0,2,1001.31,41.32,109.17,1001.32,40.52,108.87,0.62,1000.65,37.87,114.05,0.42,0.86,96.86,308.58,7902,0.53,1.48,9.59,1.00,0.07,-0.03,0.01,3.41,-7.99,0.64,6,7,12,0,35.2901733,136.2529033,82.50, 0.13
3012654,0.11,-0.84,9.51,1.00,-0.04,-0.00,0.00,-0.47,4.99,0.03,10.62,0.00,0,2,1001.31,41.32,109.21,1001.31,40.51,108.91,0.62,1000.64,37.88,114.13,0.52,0.95,96.59,308.58,7902,0.59,1.47,9.59,1.00,0.07,-0.03,0.01,3.41,-7.99,0.64,6,7,12,0,35.2901733,136.2529033,82.50, 0.16
3012708,0.11,-0.80,9.51,1.00,-0.04,-0.00,0.00,-0.47,4.99,0.03,10.61,0.00,0,2,1001.32,41.33,109.17,1001.31,40.51,108.91,0.62,1000.65,37.88,114.06,0.02,0.17,95.80,308.58,7902,0.65,1.31,9.55,1.00,0.07,-0.03,0.01,3.41,-7.99,0.64,6,7,12,0,35.2901733,136.2529033,82.50, 0.16
3012762,0.08,-0.85,9.54,1.00,-0.04,-0.00,0.00,-0.47,4.99,0.03,10.62,0.00,0,2,1001.32,41.34,109.14,1001.31,40.50,108.87,0.62,1000.65,37.87,114.02,-0.22,0.62,95.27,308.58,7903,0.57,1.43,9.55,1.00,0.07,-0.03,0.01,3.41,-7.99,0.64,6,7,12,0,35.2901733,136.2529033,82.50, 0.16
3012817,0.08,-0.82,9.54,1.00,-0.04,-0.00,0.00,-0.47,4.99,0.03,10.60,0.00,0,2,1001.32,41.32,109.14,1001.31,40.51,108.90,0.63,1000.65,37.88,114.06,0.37,0.80,94.83,308.58,7902,0.61,1.29,9.52,1.00,0.07,-0.03,0.01,3.41,-7.99,0.64,6,7,12,0,35.2901733,136.2529033,82.50, 0.16
3012874,0.12,-0.83,9.54,1.00,-0.04,-0.00,0.00,-0.47,4.99,0.03,10.60,0.00,0,2,1001.32,41.33,109.15,1001.31,40.52,108.91,0.63,1000.65,37.85,114.04,0.22,0.62,94.83,308.58,7902,0.60,1.26,9.55,1.00,0.07,-0.03,0.01,3.41,-7.99,0.64,6,7,12,0,35.2901733,136.2529033,82.50, 0.16
3012927,0.09,-0.81,9.52,1.00,-0.04,-0.00,0.00,-0.47,4.99,0.03,10.60,0.00,0,2,1001.32,41.32,109.14,1001.32,40.52,108.89,0.63,1000.65,37.88,114.06,1.43,1.59,94.83,308.58,7903,0.62,1.29,9.52,1.00,0.07,-0.03,0.01,3.41,-7.99,0.64,6,7,13,0,35.2901750,136.2529033,82.50, 0.16
3012985,0.11,-0.81,9.54,1.00,-0.04,-0.00,0.00,-0.47,4.99,0.03,10.60,0.00,0,2,1001.32,41.33,109.15,1001.31,40.52,108.90,0.63,1000.65,37.86,114.04,2.28,2.01,94.83,308.58,7903,0.58,1.41,9.58,1.00,0.07,-0.03,0.01,3.41,-7.99,0.64,6,7,13,0,35.2901750,136.2529033,82.50, 0.16
3013038,0.10,-0.83,9.50,1.00,-0.04,-0.00,0.00,-0.47,4.99,0.03,10.59,0.00,0,2,1001.32,41.34,109.15,1001.32,40.52,108.90,0.63,1000.65,37.87,114.03,-0.18,0.57,94.83,308.58,7903,0.59,1.32,9.53,1.00,0.07,-0.03,0.01,3.41,-7.99,0.64,6,7,13,0,35.2901750,136.2529033,82.50, 0.16
3013095,0.07,-0.83,9.50,1.00,-0.04,-0.00,0.00,-0.47,4.99,0.03,10.58,0.00,0,2,1001.32,41.32,109.16,1001.32,40.52,108.88,0.63,1000.66,37.86,113.98,0.52,0.95,94.83,308.58,7903,0.67,1.45,9.59,1.00,0.07,-0.03,0.01,3.41,-7.99,0.64,6,7,13,0,35.2901750,136.2529033,82.50, 0.16
3013147,0.08,-0.80,9.56,1.00,-0.04,-0.00,0.00,-0.47,4.99,0.03,10.59,0.00,0,2,1001.31,41.32,109.17,1001.31,40.52,108.93,0.63,1000.66,37.87,113.97,1.55,1.65,94.83,308.58,7903,0.56,1.41,9.61,1.00,0.07,-0.03,0.01,3.41,-7.99,0.64,6,7,13,0,35.2901750,136.2529033,82.50, 0.16
3013205,0.11,-0.80,9.53,1.00,-0.04,-0.00,0.00,-0.47,4.99,0.03,10.59,0.00,0,2,1001.32,41.33,109.17,1001.32,40.52,108.88,0.63,1000.66,37.87,113.97,2.18,1.96,95.10,308.58,7903,0.38,1.29,9.57,1.00,0.07,-0.03,0.01,3.41,-7.99,0.64,6,7,13,0,35.2901750,136.2529033,82.50, 0.16
3013257,0.11,-0.82,9.50,1.00,-0.04,-0.00,0.00,-0.47,4.99,0.03,10.60,0.00,0,2,1001.31,41.32,109.19,1001.31,40.52,108.91,0.63,1000.66,37.88,113.97,2.30,2.01,94.92,308.58,7902,0.58,1.35,9.56,1.00,0.07,-0.03,0.01,3.41,-7.99,0.64,6,7,13,0,35.2901750,136.2529033,82.50, 0.16
3013310,0.29,-0.83,9.39,1.00,-0.04,-0.00,0.00,-0.47,4.99,0.03,10.61,0.00,0,2,1001.31,41.33,109.20,1001.31,40.52,108.89,0.63,1000.65,37.88,114.02,1.60,1.68,93.96,308.58,7902,0.59,1.46,9.56,1.00,0.07,-0.03,0.01,3.41,-7.99,0.63,6,7,13,0,35.2901750,136.2529033,82.50, 0.16
3013365,0.16,-0.82,9.47,1.00,-0.04,-0.00,0.00,-0.47,4.99,0.03,10.61,0.00,0,2,1001.32,41.33,109.15,1001.31,40.53,108.91,0.63,1000.65,37.87,114.02,2.35,2.04,93.43,308.58,7902,0.54,1.40,9.42,1.00,0.07,-0.03,0.01,3.41,-7.99,0.63,6,7,13,0,35.2901750,136.2529033,82.50, 0.16
3013418,0.15,-0.83,9.61,1.00,-0.04,-0.00,0.00,-0.47,4.99,0.03,10.60,0.00,0,2,1001.32,41.34,109.16,1001.32,40.51,108.87,0.63,1000.66,37.88,113.98,3.28,2.41,92.37,308.58,7902,0.58,1.23,9.60,1.00,0.07,-0.03,0.01,3.41,-7.99,0.63,6,7,13,0,35.2901750,136.2529033,82.50, 0.16
3013475,0.05,-0.87,9.54,1.00,-0.04,-0.00,0.00,-0.47,4.99,0.03,10.59,0.00,0,2,1001.32,41.34,109.16,1001.32,40.53,108.87,0.63,1000.66,37.89,113.98,1.57,1.66,91.67,308.58,7903,0.45,1.36,9.58,1.00,0.07,-0.03,0.01,3.41,-7.99,0.63,6,7,13,0,35.2901750,136.2529033,82.50, 0.16
3013526,0.11,-0.82,9.50,1.00,-0.04,-0.00,0.00,-0.47,4.99,0.03,10.59,0.00,0,2,1001.32,41.33,109.15,1001.31,40.53,108.90,0.63,1000.64,37.86,114.08,1.87,1.81,92.20,308.58,7903,0.46,1.37,9.59,1.00,0.07,-0.03,0.01,3.41,-7.99,0.63,6,7,13,0,35.2901750,136.2529033,82.50, 0.16
3013584,0.10,-0.79,9.51,1.00,-0.04,-0.00,0.00,-0.47,4.99,0.03,10.60,0.00,0,2,1001.32,41.34,109.13,1001.31,40.52,108.90,0.63,1000.65,37.87,114.06,1.27,1.49,92.72,308.58,7902,0.58,1.34,9.58,1.00,0.07,-0.03,0.01,3.41,-7.99,0.63,6,7,13,0,35.2901750,136.2529033,82.50, 0.16
3013637,0.07,-0.81,9.51,1.00,-0.04,-0.00,0.00,-0.47,4.99,0.03,10.60,0.00,0,2,1001.32,41.35,109.16,1001.31,40.52,108.90,0.63,1000.65,37.88,114.00,2.23,1.98,93.08,308.58,7902,0.61,1.29,9.55,1.00,0.07,-0.03,0.01,3.41,-7.99,0.63,6,7,13,0,35.2901750,136.2529033,82.50, 0.16
3013693,0.07,-0.82,9.52,1.00,-0.04,-0.00,0.00,-0.47,4.99,0.03,10.59,0.00,0,2,1001.31,41.34,109.18,1001.31,40.52,108.90,0.63,1000.66,37.88,113.96,1.90,1.83,92.64,308.58,7903,0.62,1.39,9.57,1.00,0.07,-0.03,0.01,3.41,-7.99,0.63,6,7,13,0,35.2901750,136.2529033,82.50, 0.16
3013746,0.09,-0.82,9.49,1.00,-0.04,-0.00,0.00,-0.47,4.99,0.03,10.61,0.00,0,2,1001.31,41.33,109.19,1001.31,40.51,108.89,0.61,1000.65,37.87,114.06,2.78,2.22,92.02,308.58,7902,0.57,1.36,9.56,1.00,0.07,-0.03,0.01,3.41,-7.99,0.63,6,7,13,0,35.2901750,136.2529033,82.50, 0.12
3013802,0.11,-0.80,9.54,1.00,-0.04,-0.00,0.00,-0.47,4.99,0.03,10.60,0.00,0,2,1001.32,41.34,109.13,1001.32,40.52,108.88,0.63,1000.64,37.88,114.09,2.63,2.16,92.29,308.58,7903,0.56,1.38,9.55,1.00,0.07,-0.03,0.01,3.41,-7.99,0.63,6,7,13,0,35.2901750,136.2529033,82.50, 0.12
3013854,0.11,-0.82,9.54,1.00,-0.04,-0.00,0.00,-0.47,4.99,0.03,10.61,0.00,0,2,1001.32,41.34,109.13,1001.32,40.52,108.89,0.63,1000.65,37.88,114.02,2.63,2.16,92.02,308.58,7903,0.52,1.25,9.55,1.00,0.07,-0.03,0.01,3.41,-7.99,0.63,6,7,14,0,35.2901767,136.2529033,82.50, 0.12
3013907,0.11,-0.85,9.52,1.00,-0.04,-0.00,0.00,-0.47,4.99,0.03,10.59,0.00,0,2,1001.32,41.33,109.14,1001.32,40.52,108.88,0.63,1000.65,37.88,114.02,3.43,2.46,91.85,308.58,7903,0.51,1.33,9.56,1.00,0.07,-0.03,0.01,3.41,-7.99,0.63,6,7,14,0,35.2901767,136.2529033,82.50, 0.12
3013964,0.11,-0.82,9.55,1.00,-0.04,-0.00,0.00,-0.47,4.99,0.03,10.59,0.00,0,2,1001.32,41.33,109.13,1001.32,40.51,108.90,0.63,1000.65,37.88,114.06,3.33,2.43,91.49,308.58,7903,0.53,1.38,9.61,1.00,0.07,-0.03,0.01,3.41,-7.99,0.63,6,7,14,0,35.2901767,136.2529033,82.50, 0.12
3014021,0.09,-0.83,9.54,1.00,-0.04,-0.00,0.00,-0.47,4.99,0.03,10.60,0.00,0,2,1001.32,41.35,109.10,1001.31,40.52,108.90,0.63,1000.65,37.88,114.02,2.57,2.13,91.49,308.58,7902,0.59,1.36,9.61,1.00,0.07,-0.03,0.01,3.41,-7.99,0.63,6,7,14,0,35.2901767,136.2529033,82.50, 0.12
3014074,0.07,-0.82,9.50,1.00,-0.04,-0.00,0.00,-0.47,4.99,0.03,10.60,0.00,0,2,1001.32,41.35,109.15,1001.31,40.53,108.91,0.62,1000.66,37.88,113.99,4.27,2.74,92.99,308.58,7903,0.57,1.28,9.55,1.00,0.07,-0.03,0.01,3.41,-7.99,0.63,6,7,14,0,35.2901767,136.2529033,82.50, 0.12
3014126,0.08,-0.80,9.52,1.00,-0.04,-0.00,0.00,-0.47,4.99,0.03,10.58,0.00,0,2,1001.32,41.35,109.12,1001.31,40.53,108.89,0.63,1000.66,37.88,113.97,3.33,2.43,93.78,308.58,7903,0.60,1.30,9.55,1.00,0.07,-0.03,0.01,3.41,-7.99,0.63,6,7,14,0,35.2901767,136.2529033,82.50, 0.12
3014183,0.11,-0.83,9.51,1.00,-0.04,-0.00,0.00,-0.47,4.99,0.03,10.58,0.00,0,2,1001.32,41.34,109.14,1001.31,40.53,108.89,0.63,1000.66,37.88,113.99,3.53,2.50,94.04,308.58,7902,0.61,1.25,9.49,1.00,0.07,-0.03,0.01,3.41,-7.99,0.63,6,7,14,0,35.2901767,136.2529033,82.50, 0.12
3014242,0.05,-0.84,9.44,1.00,-0.04,-0.00,0.00,-0.47,4.99,0.03,10.57,0.00,0,2,1001.32,41.34,109.13,1001.32,40.53,108.91,0.63,1000.66,37.87,113.97,3.63,2.53,94.13,308.58,7901,0.58,1.32,9.62,1.00,0.07,-0.03,0.01,3.41,-7.99,0.63,6,7,14,0,35.2901767,136.2529033,82.50, 0.12
3014293,0.08,-0.82,9.55,1.00,-0.04,-0.00,0.00,-0.47,4.99,0.03,10.60,0.00,0,2,1001.31,41.35,109.19,1001.32,40.52,108.90,0.63,1000.66,37.89,113.96,2.68,2.18,93.60,308.58,7902,0.42,1.25,9.55,1.00,0.07,-0.03,0.01,3.40,-7.98,0.63,6,7,14,0,35.2901767,136.2529033,82.50, 0.12
3014351,0.09,-0.82,9.48,1.00,-0.04,-0.00,0.00,-0.47,4.99,0.03,10.60,0.00,0,2,1001.32,41.35,109.15,1001.31,40.52,108.90,0.63,1000.66,37.90,113.95,3.48,2.48,93.08,308.58,7903,0.74,1.26,9.49,1.00,0.07,-0.03,0.01,3.40,-7.98,0.61,6,7,14,0,35.2901767,136.2529033,82.50, 0.12
3014403,0.10,-0.84,9.50,1.00,-0.04,-0.00,0.00,-0.47,4.99,0.03,10.60,0.00,0,2,1001.31,41.34,109.18,1001.32,40.53,108.89,0.63,1000.64,37.88,114.09,2.53,2.11,92.90,308.58,7902,0.64,1.26,9.52,1.00,0.07,-0.03,0.01,3.40,-7.98,0.61,6,7,14,0,35.2901767,136.2529033,82.50, 0.12
3014457,0.11,-0.81,9.53,1.00,-0.04,-0.00,0.00,-0.47,4.99,0.03,10.61,0.00,0,2,1001.32,41.34,109.16,1001.31,40.52,108.90,0.63,1000.65,37.89,114.06,3.48,2.48,92.55,308.58,7901,0.59,1.31,9.55,1.00,0.07,-0.03,0.01,3.39,-7.98,0.61,6,7,14,0,35.2901767,136.2529033,82.50, 0.12
3014513,0.11,-0.77,9.50,1.00,-0.04,-0.00,0.00,-0.47,4.99,0.03,10.62,0.00,0,2,1001.31,41.34,109.19,1001.31,40.52,108.94,0.63,1000.65,37.88,114.02,2.57,2.13,92.99,308.58,7902,0.57,1.35,9.57,1.00,0.07,-0.03,0.01,3.39,-7.98,0.61,6,7,14,0,35.2901767,136.2529033,82.50, 0.12
3014567,0.09,-0.80,9.55,1.00,-0.04,-0.00,0.00,-0.47,4.99,0.03,10.63,0.00,0,2,1001.31,41.33,109.18,1001.31,40.53,108.93,0.63,1000.65,37.89,114.08,3.57,2.51,91.67,308.58,7903,0.58,1.39,9.59,1.00,0.07,-0.03,0.01,3.40,-7.98,0.61,6,7,14,0,35.2901767,136.2529033,82.50, 0.12
3014621,0.10,-0.81,9.55,1.00,-0.04,-0.00,0.00,-0.47,4.99,0.03,10.63,0.00,0,2,1001.32,41.33,109.15,1001.31,40.52,108.91,0.63,1000.64,37.89,114.10,2.70,2.18,90.97,308.58,7902,0.58,1.33,9.56,1.00,0.07,-0.03,0.01,3.40,-7.98,0.61,6,7,14,0,35.2901767,136.2529033,82.50, 0.12
3014679,0.11,-0.82,9.54,1.00,-0.04,-0.00,0.00,-0.47,4.99,0.03,10.62,0.00,0,2,1001.32,41.34,109.15,1001.32,40.53,108.89,0.63,1000.65,37.87,114.02,2.80,2.22,89.91,308.58,7903,0.55,1.31,9.55,1.00,0.07,-0.03,0.01,3.40,-7.98,0.61,6,7,14,0,35.2901767,136.2529033,82.50, 0.12
3014732,0.10,-0.83,9.51,1.00,-0.04,-0.00,0.00,-0.47,4.99,0.03,10.61,0.00,0,2,1001.32,41.32,109.12,1001.31,40.53,108.91,0.63,1000.65,37.89,114.00,2.98,2.29,90.35,308.58,7902,0.52,1.35,9.59,1.00,0.07,-0.03,0.01,3.40,-7.98,0.61,6,7,14,0,35.2901767,136.2529033,82.50, 0.12
3014788,0.08,-0.84,9.50,1.00,-0.04,-0.00,0.00,-0.47,4.99,0.03,10.60,0.00,0,2,1001.32,41.33,109.17,1001.32,40.54,108.89,0.63,1000.66,37.89,113.97,2.83,2.24,90.62,308.58,7902,0.59,1.36,9.57,1.00,0.07,-0.03,0.01,3.39,-7.98,0.61,6,7,14,0,35.2901767,136.2529033,82.50, 0.12
3014842,0.07,-0.80,9.54,1.00,-0.04,-0.00,0.00,-0.47,4.99,0.03,10.59,0.00,0,2,1001.32,41.33,109.13,1001.31,40.52,108.90,0.63,1000.66,37.88,113.94,2.90,2.26,91.49,308.58,7903,0.57,1.34,9.59,1.00,0.07,-0.03,0.01,3.40,-7.99,0.61,6,7,15,0,35.2901767,136.2529033,82.50, 0.12
3014898,0.10,-0.80,9.50,1.00,-0.04,-0.00,0.00,-0.47,4.99,0.03,10.59,0.00,0,2,1001.31,41.33,109.18,1001.31,40.54,108.90,0.62,1000.65,37.87,114.02,3.37,2.44,94.57,308.58,7902,0.60,1.32,9.60,1.00,0.07,-0.03,0.01,3.40,-7.98,0.61,6,7,15,0,35.2901767,136.2529033,82.50, 0.12
3014952,0.10,-0.83,9.53,1.00,-0.04,-0.00,0.00,-0.47,4.99,0.03,10.60,0.00,0,2,1001.32,41.33,109.17,1001.32,40.53,108.89,0.63,1000.65,37.89,114.00,2.77,2.21,95.36,308.67,7903,0.45,1.37,9.54,1.00,0.07,-0.03,0.01,3.39,-7.98,0.61,6,7,15,0,35.2901767,136.2529033,82.50, 0.12
3015005,0.09,-0.81,9.53,1.00,-0.04,-0.00,0.00,-0.47,4.99,0.03,10.60,0.00,0,2,1001.32,41.34,109.15,1001.31,40.52,108.87,0.62,1000.65,37.88,114.02,0.92,1.27,97.29,308.67,7903,0.56,1.36,9.56,1.00,0.07,-0.03,0.01,3.39,-7.98,0.61,6,7,15,0,35.2901767,136.2529033,82.50, 0.12
3015060,0.09,-0.80,9.52,1.00,-0.04,-0.00,0.00,-0.47,4.99,0.03,10.60,0.00,0,2,1001.32,41.34,109.16,1001.32,40.53,108.90,0.63,1000.65,37.88,114.06,0.88,1.25,98.88,308.67,7901,0.62,1.29,9.53,1.00,0.07,-0.03,0.01,3.40,-7.98,0.61,6,7,15,0,35.2901767,136.2529033,82.50, 0.12
3015113,0.10,-0.84,9.52,1.00,-0.04,-0.00,0.00,-0.47,4.99,0.03,10.60,0.00,0,2,1001.31,41.32,109.19,1001.32,40.53,108.87,0.63,1000.66,37.87,113.99,1.03,1.35,101.07,308.67,7903,0.58,1.37,9.57,1.00,0.07,-0.03,0.01,3.40,-7.98,0.61,6,7,15,0,35.2901767,136.2529033,82.50, 0.12
3015170,0.13,-0.83,9.50,1.00,-0.04,-0.00,0.00,-0.47,4.99,0.03,10.60,0.00,0,2,1001.32,41.33,109.17,1001.31,40.52,108.92,0.63,1000.65,37.89,114.01,2.23,1.99,100.99,308.67,7903,0.48,1.38,9.54,1.00,0.07,-0.03,0.01,3.39,-7.98,0.61,6,7,15,0,35.2901767,136.2529033,82.50, 0.12
3015228,0.12,-0.82,9.54,1.00,-0.04,-0.00,0.00,-0.47,4.99,0.03,10.60,0.00,0,2,1001.31,41.34,109.18,1001.31,40.53,108.89,0.63,1000.64,37.88,114.09,0.38,0.82,100.99,308.67,7903,0.52,1.33,9.57,1.00,0.07,-0.03,0.01,3.39,-7.98,0.61,6,7,15,0,35.2901767,136.2529033,82.50, 0.12
3015282,0.11,-0.90,9.51,1.00,-0.04,-0.00,0.00,-0.47,4.99,0.03,10.62,0.00,0,2,1001.31,41.33,109.18,1001.31,40.52,108.89,0.63,1000.65,37.88,114.05,1.88,1.82,100.63,308.67,7902,0.62,1.43,9.54,1.00,0.07,-0.03,0.01,3.39,-7.99,0.61,6,7,15,0,35.2901767,136.2529033,82.50, 0.12
3015338,0.08,-0.82,9.48,1.00,-0.04,-0.00,0.00,-0.47,4.99,0.03,10.63,0.00,0,2,1001.31,41.33,109.22,1001.31,40.52,108.93,0.63,1000.65,37.89,114.07,1.67,1.71,98.53,308.67,7902,0.55,1.28,9.52,1.00,0.07,-0.03,0.01,3.39,-7.99,0.61,6,7,15,0,35.2901767,136.2529033,82.50, 0.12
3015390,0.09,-0.79,9.50,1.00,-0.04,-0.00,0.00,-0.47,4.99,0.03,10.62,0.00,0,2,1001.32,41.34,109.14,1001.31,40.54,108.90,0.63,1000.64,37.88,114.11,2.17,1.96,94.66,308.67,7903,0.56,1.18,9.54,1.00,0.07,-0.03,0.01,3.39,-7.99,0.61,6,7,15,0,35.2901767,136.2529033,82.50, 0.12
3015448,0.10,-0.78,9.56,1.00,-0.04,-0.00,0.00,-0.47,4.99,0.03,10.62,0.00,0,2,1001.32,41.32,109.14,1001.32,40.54,108.88,0.63,1000.64,37.88,114.09,2.78,2.22,93.87,308.67,7902,0.53,1.34,9.62,1.00,0.07,-0.03,0.01,3.39,-7.99,0.61,6,7,15,0,35.2901767,136.2529033,82.50, 0.12
3015501,0.15,-0.79,9.51,1.00,-0.04,-0.00,0.00,-0.47,4.99,0.03,10.60,0.00,0,2,1001.32,41.32,109.14,1001.32,40.54,108.89,0.63,1000.65,37.87,114.08,3.68,2.55,94.48,308.67,7903,0.57,1.36,9.53,1.00,0.07,-0.03,0.01,3.39,-7.99,0.61,6,7,15,0,35.2901767,136.2529033,82.50, 0.12
3015552,0.05,-0.83,9.57,1.00,-0.04,-0.00,0.00,-0.47,4.99,0.03,10.59,0.00,0,2,1001.32,41.33,109.15,1001.32,40.53,108.92,0.63,1000.65,37.87,114.04,2.47,2.09,95.10,308.67,7903,0.62,1.41,9.58,1.00,0.07,-0.03,0.01,3.39,-7.99,0.61,6,7,15,0,35.2901767,136.2529033,82.50, 0.12
3015609,0.06,-0.86,9.54,1.00,-0.04,-0.00,0.00,-0.47,4.99,0.03,10.59,0.00,0,2,1001.32,41.33,109.15,1001.31,40.53,108.91,0.63,1000.65,37.89,114.03,3.13,2.35,96.24,308.67,7902,0.58,1.40,9.58,1.00,0.07,-0.03,0.01,3.39,-7.99,0.61,6,7,15,0,35.2901767,136.2529033,82.50, 0.12
3015667,0.11,-0.82,9.50,1.00,-0.04,-0.00,0.00,-0.47,4.99,0.03,10.60,0.00,0,2,1001.32,41.32,109.15,1001.31,40.52,108.89,0.63,1000.65,37.87,114.05,2.42,2.06,96.15,308.67,7903,0.50,1.26,9.51,1.00,0.07,-0.03,0.01,3.39,-7.99,0.61,6,7,15,0,35.2901767,136.2529033,82.50, 0.10
3015720,0.12,-0.81,9.54,1.00,-0.04,-0.00,0.00,-0.47,4.99,0.03,10.60,0.00,0,2,1001.32,41.32,109.16,1001.31,40.53,108.92,0.63,1000.66,37.88,113.99,2.62,2.15,96.33,308.67,7903,0.53,1.31,9.59,1.00,0.07,-0.03,0.01,3.39,-7.99,0.61,6,7,15,0,35.2901767,136.2529033,82.50, 0.10
3015773,0.09,-0.83,9.54,1.00,-0.04,-0.00,0.00,-0.47,4.99,0.03,10.60,0.00,0,2,1001.32,41.33,109.15,1001.32,40.54,108.90,0.63,1000.65,37.87,114.05,1.08,1.38,97.47,308.67,7902,0.56,1.33,9.55,1.00,0.07,-0.03,0.01,3.39,-7.99,0.61,6,7,15,0,35.2901767,136.2529033,82.50, 0.10
3015827,0.07,-0.80,9.55,1.00,-0.04,-0.00,0.00,-0.47,4.99,0.03,10.60,0.00,0,2,1001.32,41.33,109.15,1001.31,40.54,108.94,0.63,1000.64,37.86,114.10,0.72,1.12,101.07,308.67,7901,0.55,1.30,9.56,1.00,0.07,-0.03,0.01,3.39,-7.99,0.61,6,7,15,0,35.2901767,136.2529033,82.50, 0.10
3015885,0.08,-0.79,9.49,1.00,-0.04,-0.00,0.00,-0.47,4.99,0.03,10.61,0.00,0,2,1001.31,41.34,109.18,1001.31,40.53,108.91,0.63,1000.65,37.88,114.03,0.87,1.24,102.22,308.67,7902,0.56,1.30,9.55,1.00,0.07,-0.03,0.01,3.39,-7.99,0.61,6,7,15,0,35.2901767,136.2529033,82.50, 0.10
3015939,0.08,-0.84,9.53,1.00,-0.04,-0.00,0.00,-0.47,4.99,0.03,10.62,0.00,0,2,1001.31,41.33,109.18,1001.31,40.52,108.92,0.63,1000.65,37.88,114.02,1.10,1.39,102.13,308.67,7903,0.57,1.39,9.55,1.00,0.07,-0.03,0.01,3.39,-7.99,0.61,6,7,16,0,35.2901783,136.2529033,82.50, 0.10
3015997,0.12,-0.83,9.52,1.00,-0.04,-0.00,0.00,-0.47,4.99,0.03,10.62,0.00,0,2,1001.31,41.34,109.18,1001.32,40.54,108.87,0.63,1000.65,37.88,114.07,1.40,1.57,100.99,308.67,7902,0.53,1.32,9.54,1.00,0.07,-0.03,0.01,3.39,-7.99,0.61,6,7,16,0,35.2901783,136.2529033,82.50, 0.10
3016048,0.12,-0.88,9.51,1.00,-0.04,-0.00,0.00,-0.47,4.99,0.03,10.62,0.00,0,2,1001.31,41.32,109.19,1001.31,40.54,108.93,0.63,1000.64,37.89,114.10,1.33,1.53,99.40,308.67,7902,0.53,1.41,9.53,1.00,0.07,-0.03,0.01,3.39,-7.99,0.61,6,7,16,0,35.2901783,136.2529033,82.50, 0.10
3016102,0.11,-0.82,9.50,1.00,-0.04,-0.00,0.00,-0.47,4.99,0.03,10.62,0.00,0,2,1001.32,41.34,109.16,1001.31,40.52,108.89,0.63,1000.65,37.89,114.08,1.30,1.51,98.09,308.67,7902,0.57,1.34,9.58,1.00,0.07,-0.03,0.01,3.39,-7.99,0.61,6,7,16,0,35.2901783,136.2529033,82.50, 0.10
3016157,0.11,-0.80,9.53,1.00,-0.04,-0.00,0.00,-0.47,4.99,0.03,10.62,0.00,0,2,1001.31,41.33,109.18,1001.31,40.53,108.91,0.63,1000.65,37.88,114.07,1.38,1.56,95.45,308.67,7902,0.58,1.30,9.57,1.00,0.07,-0.03,0.01,3.39,-7.99,0.61,6,7,16,0,35.2901783,136.2529033,82.50, 0.10
3016214,0.10,-0.80,9.52,1.00,-0.04,-0.00,0.00,-0.47,4.99,0.03,10.61,0.00,0,2,1001.31,41.32,109.19,1001.31,40.52,108.91,0.63,1000.65,37.89,114.04,1.40,1.57,94.04,308.67,7902,0.56,1.41,9.57,1.00,0.07,-0.03,0.01,3.39,-7.99,0.61,6,7,16,0,35.2901783,136.2529033,82.50, 0.10
3016267,0.10,-0.81,9.51,1.00,-0.04,-0.00,0.00,-0.47,4.99,0.03,10.61,0.00,0,2,1001.32,41.33,109.13,1001.31,40.53,108.91,0.63,1000.65,37.90,114.05,2.10,1.92,93.43,308.67,7903,0.56,1.38,9.56,1.00,0.07,-0.03,0.01,3.39,-7.99,0.61,6,7,16,0,35.2901783,136.2529033,82.50, 0.10
3016322,0.09,-0.82,9.53,1.00,-0.04,-0.00,0.00,-0.47,4.99,0.03,10.61,0.00,0,2,1001.32,41.34,109.16,1001.31,40.53,108.91,0.63,1000.65,37.88,114.03,1.55,1.65,93.43,308.67,7902,0.60,1.37,9.57,1.00,0.07,-0.03,0.01,3.39,-7.99,0.61,6,7,16,0,35.2901783,136.2529033,82.50, 0.10
3016377,0.10,-0.85,9.54,1.00,-0.04,-0.00,0.00,-0.47,4.99,0.03,10.60,0.00,0,2,1001.32,41.32,109.16,1001.31,40.54,108.93,0.63,1000.65,37.87,114.02,1.78,1.77,94.13,308.67,7903,0.58,1.34,9.54,1.00,0.07,-0.03,0.01,3.39,-7.99,0.61,6,7,16,0,35.2901783,136.2529033,82.50, 0.10
3016435,0.08,-0.79,9.50,1.00,-0.04,-0.00,0.00,-0.47,4.99,0.03,10.60,0.00,0,2,1001.31,41.32,109.19,1001.31,40.53,108.93,0.63,1000.65,37.88,114.02,1.72,1.74,94.48,308.67,7902,0.58,1.27,9.56,1.00,0.07,-0.03,0.01,3.39,-7.99,0.61,6,7,16,0,35.2901783,136.2529033,82.50, 0.10
3016488,0.09,-0.78,9.53,1.00,-0.04,-0.00,0.00,-0.47,4.99,0.03,10.60,0.00,0,2,1001.31,41.32,109.18,1001.31,40.53,108.89,0.63,1000.66,37.89,113.98,2.15,1.95,94.39,308.67,7903,0.57,1.35,9.61,1.00,0.07,-0.03,0.01,3.39,-7.99,0.61,6,7,16,0,35.2901783,136.2529033,82.50, 0.10
3016545,0.09,-0.79,9.49,1.00,-0.04,-0.00,0.00,-0.47,4.99,0.03,10.60,0.00,0,2,1001.32,41.33,109.17,1001.31,40.54,108.90,0.63,1000.66,37.88,113.99,1.27,1.49,94.31,308.67,7902,0.59,1.26,9.53,1.00,0.07,-0.03,0.01,3.39,-7.99,0.61,6,7,16,0,35.2901783,136.2529033,82.50, 0.10
3016598,0.11,-0.82,9.54,1.00,-0.04,-0.00,0.00,-0.47,4.99,0.03,10.60,0.00,0,2,1001.32,41.33,109.17,1001.31,40.53,108.93,0.63,1000.64,37.87,114.08,1.13,1.41,94.31,308.67,7902,0.55,1.46,9.60,1.00,0.07,-0.03,0.01,3.39,-7.99,0.61,6,7,16,0,35.2901783,136.2529033,82.50, 0.10
3016654,0.11,-0.87,9.57,1.00,-0.04,-0.00,0.00,-0.47,4.99,0.03,10.61,0.00,0,2,1001.31,41.33,109.21,1001.31,40.52,108.96,0.63,1000.65,37.88,114.02,0.82,1.20,94.31,308.67,7902,0.58,1.42,9.60,1.00,0.07,-0.03,0.01,3.39,-7.99,0.61,6,7,16,0,35.2901783,136.2529033,82.50, 0.10
3016705,0.06,-0.82,9.53,1.00,-0.04,-0.00,0.00,-0.47,4.99,0.03,10.61,0.00,0,2,1001.31,41.33,109.20,1001.31,40.54,108.90,0.63,1000.64,37.88,114.12,2.35,2.04,93.69,308.67,7903,0.62,1.41,9.57,1.00,0.07,-0.03,0.01,3.39,-7.99,0.61,6,7,16,0,35.2901783,136.2529033,82.50, 0.10
3016761,0.07,-0.84,9.48,1.00,-0.04,-0.00,0.00,-0.47,4.99,0.03,10.62,0.00,0,2,1001.31,41.32,109.17,1001.31,40.53,108.91,0.63,1000.64,37.88,114.09,2.98,2.29,93.60,308.67,7902,0.66,1.25,9.50,1.00,0.07,-0.03,0.01,3.39,-7.99,0.61,6,7,16,0,35.2901783,136.2529033,82.50, 0.10
3016815,0.15,-0.82,9.60,1.00,-0.04,-0.00,0.00,-0.47,4.99,0.03,10.61,0.00,0,2,1001.31,41.33,109.18,1001.31,40.54,108.92,0.63,1000.65,37.87,114.04,2.85,2.24,93.52,308.67,7902,0.51,1.38,9.63,1.00,0.07,-0.03,0.01,3.39,-7.99,0.61,6,7,16,0,35.2901783,136.2529033,82.50, 0.10
3016868,0.07,-0.77,9.51,1.00,-0.04,-0.00,0.00,-0.47,4.99,0.03,10.61,0.00,0,2,1001.31,41.32,109.17,1001.31,40.53,108.93,0.63,1000.65,37.88,114.04,2.52,2.11,93.25,308.67,7903,0.70,1.15,9.48,1.00,0.07,-0.03,0.01,3.39,-7.99,0.61,6,7,16,0,35.2901783,136.2529033,82.50, 0.10
3016924,0.06,-0.80,9.53,1.00,-0.04,-0.00,0.00,-0.47,4.99,0.03,10.61,0.00,0,2,1001.32,41.34,109.16,1001.31,40.54,108.93,0.63,1000.65,37.87,114.04,1.37,1.55,94.22,308.67,7902,0.66,1.43,9.59,1.00,0.07,-0.03,0.01,3.39,-7.99,0.61,6,7,16,0,35.2901783,136.2529033,82.50, 0.10
3016982,0.09,-0.85,9.50,1.00,-0.04,-0.00,0.00,-0.47,4.99,0.03,10.59,0.00,0,2,1001.32,41.33,109.16,1001.31,40.52,108.92,0.63,1000.66,37.88,113.98,1.22,1.47,97.12,308.67,7902,0.59,1.43,9.56,1.00,0.07,-0.03,0.01,3.39,-7.99,0.61,6,7,16,0,35.2901783,136.2529033,82.50, 0.10
3017035,0.10,-0.79,9.50,1.00,-0.04,-0.00,0.00,-0.47,4.99,0.03,10.59,0.00,0,2,1001.31,41.34,109.19,1001.31,40.54,108.90,0.63,1000.65,37.87,114.00,0.47,0.91,99.49,308.67,7902,0.54,1.31,9.55,1.00,0.07,-0.03,0.01,3.39,-7.99,0.61,6,7,16,0,35.2901783,136.2529033,82.50, 0.10
3017092,0.12,-0.82,9.50,1.00,-0.04,-0.00,0.00,-0.47,4.99,0.03,10.60,0.00,0,2,1001.31,41.33,109.22,1001.31,40.53,108.95,0.63,1000.66,37.88,113.98,1.08,1.38,104.68,308.67,7903,0.59,1.28,9.52,1.00,0.07,-0.03,0.01,3.39,-7.99,0.61,6,7,16,0,35.2901783,136.2529033,82.50, 0.08
3017144,0.15,-0.85,9.54,1.00,-0.04,-0.00,0.00,-0.47,4.99,0.03,10.60,0.00,0,2,1001.31,41.34,109.18,1001.31,40.54,108.90,0.63,1000.65,37.88,114.07,0.50,0.94,107.05,308.67,7903,0.64,1.44,9.60,1.00,0.07,-0.03,0.01,3.39,-7.99,0.61,6,7,16,0,35.2901783,136.2529033,82.50, 0.08
3017199,0.09,-0.79,9.52,1.00,-0.04,-0.00,0.00,-0.47,4.99,0.03,10.60,0.00,0,2,1001.31,41.34,109.25,1001.31,40.54,108.90,0.63,1000.64,37.89,114.08,0.13,0.49,105.56,308.67,7902,0.58,1.24,9.53,1.00,0.07,-0.03,0.01,3.39,-7.99,0.61,6,7,16,0,35.2901783,136.2529033,82.50, 0.08
3017255,0.05,-0.82,9.54,1.00,-0.04,-0.00,0.00,-0.47,4.99,0.03,10.64,0.00,0,2,1001.31,41.33,109.20,1001.31,40.54,108.90,0.63,1000.64,37.88,114.10,0.92,1.27,100.28,308.67,7903,0.57,1.33,9.59,1.00,0.07,-0.03,0.01,3.39,-7.99,0.61,6,7,16,0,35.2901783,136.2529033,82.50, 0.08
3017312,0.05,-0.79,9.48,1.00,-0.04,-0.00,0.00,-0.47,4.99,0.03,10.64,0.00,0,2,1001.31,41.34,109.19,1001.31,40.55,108.92,0.63,1000.64,37.88,114.09,2.50,2.10,95.10,308.67,7902,0.62,1.27,9.50,1.00,0.07,-0.03,0.01,3.39,-7.99,0.61,6,7,16,0,35.2901783,136.2529033,82.50, 0.08
3017364,0.08,-0.86,9.56,1.00,-0.04,-0.00,0.00,-0.47,4.99,0.03,10.62,0.00,0,2,1001.31,41.33,109.21,1001.31,40.54,108.93,0.63,1000.64,37.88,114.09,3.32,2.42,92.11,308.67,7903,0.56,1.52,9.67,1.00,0.07,-0.03,0.01,3.39,-7.99,0.61,6,7,16,0,35.2901783,136.2529033,82.50, 0.08
3017421,0.12,-0.79,9.47,1.00,-0.04,-0.00,0.00,-0.47,4.99,0.03,10.63,0.00,0,2,1001.31,41.34,109.22,1001.31,40.54,108.92,0.63,1000.65,37.88,114.07,2.02,1.89,86.40,308.67,7903,0.51,1.13,9.52,1.00,0.07,-0.03,0.01,3.39,-7.99,0.61,6,7,16,0,35.2901783,136.2529033,82.50, 0.08
3017474,0.11,-0.83,9.60,1.00,-0.04,-0.00,0.00,-0.47,4.99,0.03,10.61,0.00,0,2,1001.32,41.34,109.16,1001.32,40.53,108.92,0.63,1000.64,37.87,114.10,2.28,2.01,81.39,308.67,7902,0.55,1.36,9.59,1.00,0.07,-0.03,0.01,3.39,-7.99,0.61,6,7,16,0,35.2901783,136.2529033,82.50, 0.08
3017532,0.08,-0.89,9.46,1.00,-0.04,-0.00,0.00,-0.47,4.99,0.03,10.60,0.00,0,2,1001.31,41.34,109.23,1001.31,40.54,108.92,0.63,1000.65,37.86,114.06,1.15,1.42,79.89,308.67,7903,0.55,1.33,9.52,1.00,0.07,-0.03,0.01,3.39,-7.99,0.61,6,7,16,0,35.2901783,136.2529033,82.50, 0.08
3017583,0.08,-0.86,9.53,1.00,-0.04,-0.00,0.00,-0.47,4.99,0.03,10.60,0.00,0,2,1001.32,41.34,109.18,1001.31,40.54,108.92,0.63,1000.65,37.88,114.05,1.58,1.67,81.91,308.67,7902,0.56,1.52,9.64,1.00,0.07,-0.03,0.01,3.39,-7.99,0.61,6,7,16,0,35.2901783,136.2529033,82.50, 0.08
3017641,0.03,-0.81,9.51,1.00,-0.04,-0.00,0.00,-0.47,4.99,0.03,10.60,0.00,0,2,1001.31,41.33,109.18,1001.31,40.54,108.94,0.63,1000.65,37.89,114.01,2.32,2.02,82.97,308.67,7902,0.55,1.39,9.56,1.00,0.07,-0.03,0.01,3.39,-7.99,0.61,6,7,16,0,35.2901783,136.2529033,82.50, 0.08
3017693,0.13,-0.82,9.58,1.00,-0.04,-0.00,0.00,-0.47,4.99,0.03,10.60,0.00,0,2,1001.31,41.34,109.18,1001.31,40.54,108.92,0.63,1000.65,37.88,114.06,2.30,2.01,84.46,308.67,7902,0.55,1.36,9.61,1.00,0.07,-0.03,0.01,3.39,-7.99,0.61,6,7,16,0,35.2901783,136.2529033,82.50, 0.08
3017747,0.16,-0.80,9.52,1.00,-0.04,-0.00,0.00,-0.47,4.99,0.03,10.60,0.00,0,2,1001.31,41.34,109.18,1001.31,40.54,108.92,0.63,1000.65,37.88,114.02,2.47,2.09,89.12,308.67,7903,0.43,1.19,9.51,1.00,0.07,-0.03,0.01,3.39,-7.99,0.61,6,7,17,0,35.2901783,136.2529050,82.50, 0.08
3017802,0.11,-0.85,9.56,1.00,-0.04,-0.00,0.00,-0.47,4.99,0.03,10.60,0.00,0,2,1001.32,41.34,109.18,1001.31,40.54,108.92,0.63,1000.65,37.88,114.00,1.47,1.61,93.08,308.67,7903,0.51,1.41,9.62,1.00,0.07,-0.03,0.01,3.39,-7.99,0.61,6,7,17,0,35.2901783,136.2529050,82.50, 0.08
3017858,0.04,-0.85,9.49,1.00,-0.04,-0.00,0.00,-0.47,4.99,0.03,10.60,0.00,0,2,1001.31,41.34,109.23,1001.32,40.54,108.88,0.63,1000.65,37.88,114.00,2.52,2.11,94.57,308.67,7902,0.56,1.50,9.66,1.00,0.07,-0.03,0.01,3.39,-7.99,0.61,6,7,17,0,35.2901783,136.2529050,82.50, 0.08
3017911,0.03,-0.82,9.52,1.00,-0.04,-0.00,0.00,-0.47,4.99,0.03,10.60,0.00,0,2,1001.31,41.33,109.24,1001.31,40.53,108.94,0.63,1000.65,37.88,114.04,2.48,2.09,98.00,308.67,7903,0.64,1.49,9.61,1.00,0.07,-0.03,0.01,3.39,-7.99,0.61,6,7,17,0,35.2901783,136.2529050,82.50, 0.08
3017969,0.05,-0.81,9.51,1.00,-0.04,-0.00,0.00,-0.47,4.99,0.03,10.59,0.00,0,2,1001.31,41.33,109.20,1001.32,40.55,108.90,0.63,1000.65,37.88,114.02,2.15,1.95,101.78,308.67,7902,0.58,1.27,9.53,1.00,0.07,-0.03,0.01,3.39,-7.99,0.61,6,7,18,0,35.2901800,136.2529050,82.50, 0.08
3018023,0.10,-0.79,9.54,1.00,-0.04,-0.00,0.00,-0.47,4.99,0.03,10.60,0.00,0,2,1001.31,41.35,109.18,1001.31,40.54,108.92,0.63,1000.65,37.89,114.01,1.85,1.81,103.27,308.67,7903,0.51,1.19,9.53,1.00,0.07,-0.03,0.01,3.39,-7.99,0.61,6,7,18,0,35.2901800,136.2529050,82.50, 0.08
3018080,0.11,-0.80,9.46,1.00,-0.04,-0.00,0.00,-0.47,4.99,0.03,10.60,0.00,0,2,1001.31,41.36,109.20,1001.31,40.54,108.92,0.63,1000.65,37.89,114.03,2.57,2.13,104.94,308.67,7903,0.57,1.42,9.64,1.00,0.07,-0.03,0.01,3.39,-7.99,0.61,6,7,18,0,35.2901800,136.2529050,82.50, 0.08
3018131,0.12,-0.78,9.56,1.00,-0.04,-0.00,0.00,-0.47,4.99,0.03,10.60,0.00,0,2,1001.31,41.36,109.20,1001.31,40.55,108.93,0.63,1000.65,37.88,114.02,2.43,2.07,104.94,308.67,7902,0.49,1.38,9.60,1.00,0.07,-0.03,0.01,3.39,-7.99,0.61,6,7,18,0,35.2901800,136.2529050,82.50, 0.08
3018189,0.13,-0.85,9.53,1.00,-0.04,-0.00,0.00,-0.47,4.99,0.03,10.60,0.00,0,2,1001.31,41.35,109.22,1001.32,40.56,108.89,0.63,1000.65,37.88,114.04,2.22,1.98,103.71,308.67,7903,0.50,1.48,9.61,1.00,0.07,-0.03,0.01,3.39,-7.99,0.61,6,7,18,0,35.2901800,136.2529050,82.50, 0.08
3018243,0.10,-0.83,9.52,1.00,-0.04,-0.00,0.00,-0.47,4.99,0.03,10.60,0.00,0,2,1001.31,41.35,109.19,1001.31,40.56,108.95,0.63,1000.65,37.89,114.04,2.12,1.93,102.74,308.67,7903,0.63,1.48,9.57,1.00,0.07,-0.03,0.01,3.39,-7.99,0.61,6,7,18,0,35.2901800,136.2529050,82.50, 0.08
3018300,0.05,-0.84,9.55,1.00,-0.04,-0.00,0.00,-0.47,4.99,0.03,10.61,0.00,0,2,1001.31,41.34,109.22,1001.31,40.55,108.91,0.63,1000.65,37.88,114.03,2.03,1.89,100.46,308.67,7902,0.65,1.48,9.59,1.00,0.07,-0.03,0.01,3.39,-7.99,0.61,6,7,18,0,35.2901800,136.2529050,82.50, 0.08
3018351,0.11,-0.83,9.51,1.00,-0.04,-0.00,0.00,-0.47,4.99,0.03,10.60,0.00,0,2,1001.32,41.36,109.16,1001.31,40.54,108.92,0.63,1000.65,37.89,114.07,1.65,1.71,98.88,308.85,7902,0.57,1.12,9.48,1.00,0.07,-0.03,0.01,3.39,-7.99,0.61,6,7,18,0,35.2901800,136.2529050,82.50, 0.08
3018408,0.10,-0.81,9.58,1.00,-0.04,-0.00,0.00,-0.47,4.99,0.03,10.60,0.00,0,2,1001.32,41.36,109.18,1001.31,40.54,108.93,0.63,1000.64,37.88,114.10,1.53,1.64,99.14,308.85,7902,0.55,1.33,9.58,1.00,0.07,-0.03,0.01,3.39,-7.99,0.61,6,7,18,0,35.2901800,136.2529050,82.50, 0.08
3018461,0.14,-0.83,9.52,1.00,-0.04,-0.00,0.00,-0.47,4.99,0.03,10.60,0.00,0,2,1001.31,41.35,109.19,1001.31,40.55,108.91,0.63,1000.65,37.90,114.04,1.60,1.68,99.67,308.85,7902,0.52,1.33,9.58,1.00,0.07,-0.03,0.01,3.39,-7.99,0.61,6,7,18,0,35.2901800,136.2529050,82.50, 0.08
3018513,0.11,-0.79,9.53,1.00,-0.04,-0.00,0.00,-0.47,4.99,0.03,10.59,0.00,0,2,1001.32,41.35,109.16,1001.31,40.54,108.92,0.63,1000.66,37.88,113.98,2.20,1.97,101.34,308.85,7902,0.56,1.34,9.52,1.00,0.07,-0.03,0.01,3.39,-7.99,0.61,6,7,18,0,35.2901800,136.2529050,82.50, 0.08
3018569,0.10,-0.81,9.50,1.00,-0.04,-0.00,0.00,-0.47,4.99,0.03,10.59,0.00,0,2,1001.32,41.36,109.17,1001.31,40.54,108.92,0.63,1000.66,37.88,113.97,1.55,1.65,103.71,308.85,7902,0.55,1.35,9.53,1.00,0.07,-0.03,0.01,3.39,-7.99,0.61,6,7,18,0,35.2901800,136.2529050,82.50, 0.08
3018626,0.09,-0.81,9.52,1.00,-0.04,-0.00,0.00,-0.47,4.99,0.03,10.58,0.00,0,2,1001.32,41.36,109.18,1001.31,40.54,108.94,0.63,1000.66,37.89,113.96,1.82,1.79,104.50,308.76,7902,0.59,1.32,9.54,1.00,0.07,-0.03,0.01,3.39,-7.99,0.61,6,7,18,0,35.2901800,136.2529050,82.50, 0.08
3018679,0.07,-0.83,9.55,1.00,-0.04,-0.00,0.00,-0.47,4.99,0.03,10.58,0.00,0,2,1001.32,41.36,109.16,1001.31,40.55,108.94,0.63,1000.66,37.88,113.96,2.27,2.00,104.50,308.76,7903,0.61,1.48,9.63,1.00,0.07,-0.03,0.01,3.39,-7.99,0.61,6,7,18,0,35.2901800,136.2529050,82.50, 0.08
3018736,0.07,-0.81,9.51,1.00,-0.04,-0.00,0.00,-0.47,4.99,0.03,10.57,0.00,0,2,1001.32,41.37,109.16,1001.31,40.54,108.91,0.63,1000.66,37.88,113.96,2.80,2.22,104.33,308.76,7903,0.61,1.29,9.52,1.00,0.07,-0.03,0.01,3.39,-7.99,0.61,6,7,18,0,35.2901800,136.2529050,82.50, 0.08
3018788,0.05,-0.84,9.55,1.00,-0.04,-0.00,0.00,-0.47,4.99,0.03,10.58,0.00,0,2,1001.31,41.37,109.19,1001.31,40.54,108.91,0.63,1000.65,37.88,114.00,2.30,2.01,103.18,308.76,7902,0.64,1.34,9.60,1.00,0.07,-0.03,0.01,3.39,-7.99,0.61,6,7,18,0,35.2901800,136.2529050,82.50, 0.10
3018843,0.04,-0.79,9.53,1.00,-0.04,-0.00,0.00,-0.47,4.99,0.03,10.60,0.00,0,2,1001.32,41.36,109.17,1001.31,40.54,108.96,0.63,1000.64,37.88,114.09,2.35,2.04,102.13,308.76,7901,0.55,1.28,9.53,1.00,0.07,-0.03,0.01,3.39,-7.99,0.61,6,7,18,0,35.2901800,136.2529050,82.50, 0.10
3018899,0.13,-0.79,9.54,1.00,-0.04,-0.00,0.00,-0.47,4.99,0.03,10.61,0.00,0,2,1001.31,41.36,109.21,1001.31,40.55,108.92,0.63,1000.65,37.88,114.07,2.70,2.18,101.51,308.76,7903,0.54,1.48,9.57,1.00,0.07,-0.03,0.01,3.39,-7.99,0.61,6,7,19,0,35.2901817,136.2529017,82.50, 0.10
3018951,0.17,-0.82,9.56,1.00,-0.04,-0.00,0.00,-0.47,4.99,0.03,10.61,0.00,0,2,1001.31,41.36,109.18,1001.31,40.54,108.89,0.63,1000.64,37.89,114.12,2.75,2.20,100.20,308.76,7903,0.54,1.52,9.59,1.00,0.07,-0.03,0.01,3.39,-7.99,0.61,6,7,19,0,35.2901817,136.2529017,82.50, 0.10
3019009,0.10,-0.79,9.50,1.00,-0.04,-0.00,0.00,-0.47,4.99,0.03,10.61,0.00,0,2,1001.31,41.36,109.21,1001.31,40.54,108.88,0.63,1000.65,37.89,114.08,2.55,2.12,99.84,308.76,7902,0.54,1.13,9.52,1.00,0.07,-0.03,0.01,3.39,-7.99,0.61,6,7,19,0,35.2901817,136.2529017,82.50, 0.10
3019066,0.08,-0.81,9.53,1.00,-0.04,-0.00,0.00,-0.47,4.99,0.03,10.60,0.00,0,2,1001.31,41.35,109.20,1001.31,40.54,108.92,0.63,1000.65,37.88,114.07,2.72,2.19,100.55,308.76,7902,0.57,1.14,9.49,1.00,0.07,-0.03,0.01,3.39,-7.98,0.61,6,7,19,0,35.2901817,136.2529017,82.50, 0.10
3019118,0.02,-0.89,9.53,1.00,-0.04,-0.00,0.00,-0.47,4.99,0.03,10.60,0.00,0,2,1001.31,41.36,109.18,1001.31,40.55,108.95,0.63,1000.65,37.89,114.05,3.30,2.41,100.90,308.76,7902,0.66,1.42,9.62,1.00,0.07,-0.03,0.01,3.39,-7.98,0.61,6,7,19,0,35.2901817,136.2529017,82.50, 0.10
3019175,0.08,-0.86,9.46,1.00,-0.04,-0.00,0.00,-0.47,4.99,0.03,10.60,0.00,0,2,1001.31,41.35,109.20,1001.31,40.55,108.91,0.63,1000.66,37.88,113.98,2.15,1.95,100.99,308.76,7902,0.62,1.13,9.48,1.00,0.07,-0.03,0.01,3.39,-7.98,0.61,6,7,19,0,35.2901817,136.2529017,82.50, 0.10
3019228,0.11,-0.81,9.57,1.00,-0.04,-0.00,0.00,-0.47,4.99,0.03,10.60,0.00,0,2,1001.32,41.35,109.17,1001.31,40.55,108.91,0.63,1000.65,37.88,114.02,2.03,1.89,100.55,308.76,7903,0.56,1.55,9.71,1.00,0.07,-0.03,0.01,3.39,-7.98,0.61,6,7,19,0,35.2901817,136.2529017,82.50, 0.10
3019286,0.15,-0.78,9.52,1.00,-0.04,-0.00,0.00,-0.47,4.99,0.03,10.59,0.00,0,2,1001.31,41.36,109.20,1001.32,40.55,108.92,0.63,1000.65,37.87,114.00,2.33,2.03,99.14,308.76,7902,0.49,1.24,9.50,1.00,0.07,-0.03,0.01,3.39,-7.98,0.61,6,7,19,0,35.2901817,136.2529017,82.50, 0.10
3019338,0.15,-0.85,9.57,1.00,-0.04,-0.00,0.00,-0.47,4.99,0.03,10.60,0.00,0,2,1001.31,41.35,109.19,1001.31,40.54,108.94,0.63,1000.65,37.88,114.00,2.20,1.97,97.82,308.76,7902,0.61,1.59,9.65,1.00,0.07,-0.03,0.01,3.39,-7.98,0.61,6,7,19,0,35.2901817,136.2529017,82.50, 0.10
3019392,0.08,-0.78,9.50,1.00,-0.04,-0.00,0.00,-0.47,4.99,0.03,10.60,0.00,0,2,1001.31,41.35,109.22,1001.31,40.54,108.94,0.63,1000.65,37.88,114.00,1.68,1.72,95.27,308.76,7902,0.51,1.13,9.52,1.00,0.07,-0.03,0.01,3.39,-7.98,0.61,6,7,19,0,35.2901817,136.2529017,82.50, 0.10
3019447,0.08,-0.79,9.55,1.00,-0.04,-0.00,0.00,-0.47,4.99,0.03,10.59,0.00,0,2,1001.32,41.36,109.17,1001.32,40.54,108.88,0.63,1000.65,37.88,114.03,2.48,2.09,93.78,308.76,7903,0.55,1.26,9.56,1.00,0.07,-0.03,0.01,3.39,-7.98,0.61,6,7,19,0,35.2901817,136.2529017,82.50, 0.10
3019505,0.06,-0.83,9.55,1.00,-0.04,-0.00,0.00,-0.47,4.99,0.03,10.59,0.00,0,2,1001.31,41.34,109.24,1001.32,40.55,108.92,0.63,1000.66,37.88,113.98,2.18,1.96,93.87,308.76,7902,0.61,1.28,9.53,1.00,0.07,-0.03,0.01,3.39,-7.98,0.61,6,7,19,0,35.2901817,136.2529017,82.50, 0.10
3019557,0.08,-0.80,9.55,1.00,-0.04,-0.00,0.00,-0.47,4.99,0.03,10.58,0.00,0,2,1001.32,41.35,109.17,1001.31,40.55,108.93,0.63,1000.65,37.89,113.99,1.92,1.84,94.31,308.76,7903,0.57,1.25,9.53,1.00,0.07,-0.03,0.01,3.39,-7.98,0.61,6,7,19,0,35.2901817,136.2529017,82.50, 0.10
3019614,0.09,-0.79,9.54,1.00,-0.04,-0.00,0.00,-0.47,4.99,0.03,10.60,0.00,0,2,1001.31,41.35,109.20,1001.31,40.55,108.91,0.63,1000.65,37.89,114.06,1.70,1.73,93.69,308.76,7903,0.51,1.27,9.53,1.00,0.07,-0.03,0.01,3.39,-7.98,0.61,6,7,19,0,35.2901817,136.2529017,82.50, 0.10
3019666,0.11,-0.81,9.53,1.00,-0.04,-0.00,0.00,-0.47,4.99,0.03,10.60,0.00,0,2,1001.31,41.36,109.20,1001.31,40.55,108.91,0.63,1000.65,37.88,114.02,2.30,2.01,94.75,308.76,7902,0.63,1.35,9.54,1.00,0.07,-0.03,0.01,3.39,-7.98,0.61,6,7,19,0,35.2901817,136.2529017,82.50, 0.10
3019724,0.06,-0.84,9.52,1.00,-0.04,-0.00,0.00,-0.47,4.99,0.03,10.60,0.00,0,2,1001.32,41.35,109.17,1001.31,40.54,108.92,0.63,1000.65,37.89,114.03,2.18,1.96,94.83,308.76,7902,0.64,1.46,9.62,1.00,0.07,-0.03,0.01,3.39,-7.98,0.61,6,7,19,0,35.2901817,136.2529017,82.50, 0.10
3019777,0.10,-0.83,9.51,1.00,-0.04,-0.00,0.00,-0.47,4.99,0.03,10.60,0.00,0,2,1001.31,41.35,109.19,1001.31,40.54,108.92,0.62,1000.65,37.88,114.03,1.17,1.43,95.62,308.76,7902,0.54,1.30,9.54,1.00,0.07,-0.03,0.01,3.39,-7.98,0.61,6,7,19,0,35.2901817,136.2529017,82.50, 0.10
3019828,0.13,-0.83,9.53,1.00,-0.04,-0.00,0.00,-0.47,4.99,0.03,10.60,0.00,0,2,1001.31,41.35,109.19,1001.31,40.52,108.96,0.62,1000.65,37.88,114.04,1.30,1.51,97.12,308.76,7902,0.56,1.45,9.59,1.00,0.07,-0.03,0.01,3.39,-7.98,0.61,6,7,20,0,35.2901817,136.2529000,82.50, 0.10
3019885,0.11,-0.82,9.56,1.00,-0.04,-0.00,0.00,-0.47,4.99,0.03,10.60,0.00,0,2,1001.31,41.34,109.19,1001.32,40.55,108.90,0.63,1000.65,37.88,114.02,0.92,1.27,99.14,308.76,7902,0.58,1.41,9.64,1.00,0.07,-0.03,0.01,3.39,-7.98,0.61,6,7,20,0,35.2901817,136.2529000,82.50, 0.10
3019939,0.12,-0.81,9.52,1.00,-0.04,-0.00,0.00,-0.47,4.99,0.03,10.61,0.00,0,2,1001.31,41.35,109.20,1001.31,40.55,108.91,0.63,1000.65,37.88,114.02,1.47,1.61,100.02,308.76,7903,0.52,1.36,9.59,1.00,0.07,-0.03,0.01,3.39,-7.98,0.61,6,7,20,0,35.2901817,136.2529000,82.50, 0.10
3019996,0.09,-0.79,9.56,1.00,-0.04,-0.00,0.00,-0.47,4.99,0.03,10.61,0.00,0,2,1001.31,41.34,109.23,1001.32,40.55,108.91,0.62,1000.64,37.88,114.09,2.77,2.21,99.49,308.76,7902,0.56,1.47,9.61,1.00,0.07,-0.03,0.01,3.39,-7.98,0.61,6,7,20,0,35.2901817,136.2529000,82.50, 0.10
3020054,0.11,-0.80,9.51,1.00,-0.04,-0.00,0.00,-0.47,4.99,0.03,10.63,0.00,0,2,1001.31,41.34,109.23,1001.31,40.56,108.89,0.62,1000.64,37.89,114.09,1.68,1.72,98.53,308.76,7903,0.56,1.21,9.54,1.00,0.07,-0.03,0.01,3.39,-7.98,0.61,6,7,20,0,35.2901817,136.2529000,82.50, 0.10
3020105,0.08,-0.79,9.56,1.00,-0.04,-0.00,0.00,-0.47,4.99,0.03,10.62,0.00,0,2,1001.31,41.35,109.19,1001.32,40.56,108.88,0.63,1000.64,37.88,114.09,2.22,1.98,97.47,308.76,7902,0.59,1.35,9.63,1.00,0.07,-0.03,0.01,3.39,-7.98,0.61,6,7,20,0,35.2901817,136.2529000,82.50, 0.10
3020163,0.04,-0.76,9.53,1.00,-0.04,-0.00,0.00,-0.47,4.99,0.03,10.61,0.00,0,2,1001.31,41.34,109.18,1001.32,40.55,108.90,0.62,1000.64,37.88,114.09,2.22,1.98,96.94,308.76,7902,0.62,1.18,9.51,1.00,0.07,-0.03,0.01,3.39,-7.98,0.61,6,7,20,0,35.2901817,136.2529000,82.50, 0.10
3020216,0.12,-0.84,9.54,1.00,-0.04,-0.00,0.00,-0.47,4.99,0.03,10.60,0.00,0,2,1001.31,41.34,109.23,1001.31,40.55,108.93,0.63,1000.64,37.87,114.08,2.48,2.09,96.15,308.76,7902,0.54,1.36,9.59,1.00,0.07,-0.03,0.01,3.39,-7.98,0.61,6,7,20,0,35.2901817,136.2529000,82.50, 0.10
3020273,0.11,-0.79,9.48,1.00,-0.04,-0.00,0.00,-0.47,4.99,0.03,10.60,0.00,0,2,1001.31,41.35,109.20,1001.32,40.56,108.93,0.62,1000.65,37.88,114.07,2.37,2.04,95.89,308.76,7903,0.56,1.31,9.53,1.00,0.07,-0.03,0.01,3.39,-7.98,0.61,6,7,20,0,35.2901817,136.2529000,82.50, 0.10
3020324,0.13,-0.83,9.57,1.00,-0.04,-0.00,0.00,-0.47,4.99,0.03,10.61,0.00,0,2,1001.31,41.35,109.19,1001.31,40.56,108.91,0.62,1000.65,37.88,114.05,2.60,2.14,96.24,308.76,7903,0.55,1.42,9.63,1.00,0.07,-0.03,0.01,3.39,-7.98,0.61,6,7,20,0,35.2901817,136.2529000,82.50, 0.10
3020382,0.11,-0.83,9.50,1.00,-0.04,-0.00,0.00,-0.47,4.99,0.03,10.60,0.00,0,2,1001.31,41.35,109.18,1001.31,40.55,108.92,0.62,1000.65,37.88,114.04,2.73,2.20,96.24,308.76,7902,0.53,1.27,9.54,1.00,0.07,-0.03,0.01,3.39,-7.98,0.61,6,7,20,0,35.2901817,136.2529000,82.50, 0.10
3020434,0.09,-0.84,9.52,1.00,-0.04,-0.00,0.00,-0.47,4.99,0.03,10.60,0.00,0,2,1001.31,41.35,109.19,1001.31,40.55,108.93,0.62,1000.65,37.89,114.00,2.07,1.91,97.21,308.76,7903,0.58,1.39,9.58,1.00,0.07,-0.03,0.01,3.39,-7.98,0.61,6,7,20,0,35.2901817,136.2529000,82.50, 0.10
3020488,0.08,-0.85,9.54,1.00,-0.04,-0.00,0.00,-0.47,4.99,0.03,10.60,0.00,0,2,1001.31,41.35,109.22,1001.31,40.55,108.90,0.62,1000.65,37.88,114.02,2.43,2.07,98.17,308.76,7903,0.60,1.35,9.52,1.00,0.07,-0.03,0.01,3.39,-7.98,0.61,6,7,20,0,35.2901817,136.2529000,82.50, 0.10
3020542,0.07,-0.87,9.53,1.00,-0.04,-0.00,0.00,-0.47,4.99,0.03,10.60,0.00,0,2,1001.32,41.36,109.17,1001.31,40.57,108.92,0.62,1000.65,37.88,114.05,2.75,2.20,98.26,308.76,7902,0.55,1.44,9.60,1.00,0.07,-0.03,0.01,3.39,-7.98,0.61,6,7,20,0,35.2901817,136.2529000,82.50, 0.10
3020601,0.08,-0.87,9.52,1.00,-0.04,-0.00,0.00,-0.47,4.99,0.03,10.61,0.00,0,2,1001.32,41.37,109.17,1001.31,40.56,108.91,0.62,1000.64,37.88,114.10,2.40,2.06,98.53,308.76,7903,0.57,1.34,9.53,1.00,0.07,-0.03,0.01,3.39,-7.98,0.61,6,7,20,0,35.2901817,136.2529000,82.50, 0.10
3020653,0.13,-0.86,9.56,1.00,-0.04,-0.00,0.00,-0.47,4.99,0.03,10.61,0.00,0,2,1001.32,41.36,109.16,1001.31,40.56,108.93,0.62,1000.65,37.88,114.03,2.43,2.07,99.58,308.76,7902,0.55,1.50,9.62,1.00,0.07,-0.03,0.01,3.39,-7.98,0.61,6,7,20,0,35.2901817,136.2529000,82.50, 0.10
3020708,0.14,-0.82,9.48,1.00,-0.04,-0.00,0.00,-0.47,4.99,0.03,10.61,0.00,0,2,1001.32,41.36,109.16,1001.31,40.57,108.92,0.63,1000.65,37.88,114.04,2.23,1.99,100.02,308.76,7903,0.49,1.16,9.52,1.00,0.07,-0.03,0.01,3.39,-7.98,0.61,6,7,20,0,35.2901817,136.2529000,82.50, 0.09
3020764,0.17,-0.81,9.55,1.00,-0.04,-0.00,0.00,-0.47,4.99,0.03,10.60,0.00,0,2,1001.31,41.37,109.21,1001.31,40.55,108.93,0.62,1000.65,37.89,114.05,2.38,2.05,99.84,308.76,7903,0.53,1.23,9.53,1.00,0.07,-0.03,0.01,3.39,-7.98,0.61,6,7,20,0,35.2901817,136.2529000,82.50, 0.09
3020821,0.02,-0.81,9.44,1.00,-0.04,-0.00,0.00,-0.47,4.99,0.03,10.62,0.00,0,2,1001.31,41.36,109.21,1001.31,40.55,108.91,0.62,1000.65,37.89,114.08,2.35,2.04,99.76,308.76,7903,0.61,1.30,9.61,1.00,0.07,-0.03,0.01,3.39,-7.98,0.61,6,7,20,0,35.2901817,136.2529000,82.50, 0.09
3020872,0.02,-0.87,9.57,1.00,-0.04,-0.00,0.00,-0.47,4.99,0.03,10.61,0.00,0,2,1001.31,41.38,109.22,1001.31,40.56,108.91,0.63,1000.65,37.88,114.04,2.30,2.01,101.78,308.76,7902,0.58,1.25,9.54,1.00,0.07,-0.03,0.01,3.39,-7.98,0.61,6,7,21,0,35.2901817,136.2529000,82.50, 0.09
3020931,0.05,-0.83,9.52,1.00,-0.04,-0.00,0.00,-0.47,4.99,0.03,10.60,0.00,0,2,1001.31,41.37,109.19,1001.31,40.54,108.92,0.62,1000.66,37.89,113.97,2.07,1.91,102.30,308.76,7902,0.56,1.36,9.54,1.00,0.07,-0.03,0.01,3.39,-7.98,0.61,6,7,21,0,35.2901817,136.2529000,82.50, 0.09
3020983,0.10,-0.88,9.56,1.00,-0.04,-0.00,0.00,-0.47,4.99,0.03,10.60,0.00,0,2,1001.31,41.38,109.20,1001.31,40.55,108.94,0.63,1000.65,37.89,114.03,2.07,1.91,102.30,308.76,7903,0.53,1.40,9.59,1.00,0.07,-0.03,0.01,3.39,-7.98,0.61,6,7,21,0,35.2901817,136.2529000,82.50, 0.09
3021036,0.10,-0.86,9.51,1.00,-0.04,-0.00,0.00,-0.47,4.99,0.03,10.60,0.00,0,2,1001.31,41.37,109.19,1001.31,40.55,108.91,0.63,1000.64,37.88,114.15,2.20,1.97,101.78,308.76,7902,0.54,1.45,9.58,1.00,0.07,-0.03,0.01,3.39,-7.98,0.61,6,7,21,0,35.2901817,136.2529000,82.50, 0.09
3021092,0.09,-0.78,9.57,1.00,-0.04,-0.00,0.00,-0.47,4.99,0.03,10.61,0.00,0,2,1001.31,41.37,109.20,1001.31,40.55,108.91,0.63,1000.65,37.89,114.08,2.13,1.94,101.78,308.76,7902,0.55,1.28,9.56,1.00,0.07,-0.03,0.01,3.39,-7.98,0.61,6,7,21,0,35.2901817,136.2529000,82.50, 0.09
3021148,0.11,-0.79,9.56,1.00,-0.04,-0.00,0.00,-0.47,4.99,0.03,10.61,0.00,0,2,1001.31,41.37,109.19,1001.31,40.55,108.91,0.63,1000.64,37.89,114.10,2.60,2.14,101.95,308.76,7901,0.50,1.38,9.59,1.00,0.07,-0.03,0.01,3.39,-7.98,0.61,6,7,21,0,35.2901817,136.2529000,82.50, 0.09
3021202,0.08,-0.80,9.53,1.00,-0.04,-0.00,0.00,-0.47,4.99,0.03,10.61,0.00,0,2,1001.31,41.37,109.21,1001.31,40.55,108.95,0.63,1000.64,37.88,114.14,2.75,2.20,101.95,308.76,7903,0.53,1.24,9.55,1.00,0.07,-0.03,0.01,3.39,-7.98,0.61,6,7,21,0,35.2901817,136.2529000,82.50, 0.09
3021260,0.13,-0.81,9.60,1.00,-0.04,-0.00,0.00,-0.47,4.99,0.03,10.61,0.00,0,2,1001.31,41.38,109.20,1001.31,40.57,108.92,0.63,1000.64,37.88,114.09,2.52,2.11,102.13,308.76,7903,0.56,1.40,9.56,1.00,0.07,-0.03,0.01,3.39,-7.98,0.61,6,7,21,0,35.2901817,136.2529000,82.50, 0.09
3021311,0.12,-0.87,9.51,1.00,-0.04,-0.00,0.00,-0.47,4.99,0.03,10.61,0.00,0,2,1001.31,41.37,109.19,1001.31,40.55,108.93,0.63,1000.64,37.87,114.11,2.43,2.07,102.48,308.76,7903,0.60,1.31,9.56,1.00,0.07,-0.03,0.01,3.39,-7.98,0.61,6,7,21,0,35.2901817,136.2529000,82.50, 0.09
3021369,0.07,-0.91,9.53,1.00,-0.04,-0.00,0.00,-0.47,4.99,0.03,10.62,0.00,0,2,1001.31,41.37,109.21,1001.31,40.56,108.94,0.63,1000.64,37.87,114.15,2.30,2.01,101.60,308.76,7902,0.50,1.47,9.58,1.00,0.07,-0.03,0.01,3.39,-7.98,0.61,6,7,21,0,35.2901817,136.2529000,82.50, 0.09
3021421,0.11,-0.87,9.50,1.00,-0.04,-0.00,0.00,-0.47,4.99,0.03,10.61,0.00,0,2,1001.31,41.37,109.19,1001.31,40.56,108.91,0.63,1000.64,37.88,114.11,2.90,2.26,101.69,308.76,7903,0.50,1.39,9.55,1.00,0.07,-0.03,0.01,3.39,-7.98,0.61,6,7,21,0,35.2901817,136.2529000,82.50, 0.09
3021478,0.10,-0.87,9.54,1.00,-0.04,-0.00,0.00,-0.47,4.99,0.03,10.60,0.00,0,2,1001.31,41.37,109.20,1001.31,40.57,108.94,0.63,1000.65,37.87,114.08,2.07,1.91,101.43,308.76,7902,0.47,1.40,9.59,1.00,0.07,-0.03,0.01,3.39,-7.98,0.61,6,7,21,0,35.2901817,136.2529000,82.50, 0.09
3021530,0.07,-0.85,9.50,1.00,-0.04,-0.00,0.00,-0.47,4.99,0.03,10.60,0.00,0,2,1001.31,41.37,109.21,1001.31,40.56,108.89,0.63,1000.64,37.88,114.09,1.88,1.82,99.93,308.76,7902,0.62,1.32,9.53,1.00,0.07,-0.03,0.01,3.39,-7.98,0.61,6,7,21,0,35.2901817,136.2529000,82.50, 0.09
3021583,0.07,-0.81,9.52,1.00,-0.04,-0.00,0.00,-0.47,4.99,0.03,10.60,0.00,0,2,1001.31,41.38,109.20,1001.31,40.54,108.95,0.63,1000.65,37.87,114.04,2.02,1.89,98.44,308.76,7902,0.59,1.31,9.55,1.00,0.07,-0.03,0.01,3.39,-7.98,0.61,6,7,21,0,35.2901817,136.2529000,82.50, 0.09
3021640,0.11,-0.83,9.54,1.00,-0.04,-0.00,0.00,-0.47,4.99,0.03,10.60,0.00,0,2,1001.31,41.38,109.20,1001.31,40.55,108.91,0.63,1000.65,37.89,114.05,2.22,1.98,97.91,308.76,7903,0.57,1.28,9.54,1.00,0.07,-0.03,0.01,3.39,-7.98,0.61,6,7,21,0,35.2901817,136.2529000,82.50, 0.09
3021697,0.11,-0.87,9.53,1.00,-0.04,-0.00,0.00,-0.47,4.99,0.03,10.59,0.00,0,2,1001.31,41.37,109.21,1001.31,40.56,108.91,0.63,1000.65,37.88,114.06,2.22,1.98,97.47,308.76,7902,0.56,1.52,9.63,1.00,0.07,-0.03,0.01,3.39,-7.98,0.61,6,7,21,0,35.2901817,136.2529000,82.50, 0.09
3021750,0.11,-0.90,9.53,1.00,-0.04,-0.00,0.00,-0.47,4.99,0.03,10.59,0.00,0,2,1001.31,41.36,109.19,1001.31,40.56,108.97,0.63,1000.66,37.87,113.97,2.35,2.04,97.91,308.76,7902,0.57,1.44,9.56,1.00,0.07,-0.03,0.01,3.39,-7.98,0.61,6,7,21,0,35.2901817,136.2529000,82.50, 0.06
3021806,0.13,-0.87,9.55,1.00,-0.04,-0.00,0.00,-0.47,4.99,0.03,10.60,0.00,0,2,1001.31,41.36,109.18,1001.31,40.55,108.93,0.63,1000.66,37.87,113.96,2.62,2.15,98.09,308.76,7901,0.55,1.48,9.61,1.00,0.07,-0.03,0.01,3.39,-7.98,0.61,6,7,21,0,35.2901817,136.2529000,82.50, 0.06
3021859,0.09,-0.86,9.46,1.00,-0.04,-0.00,0.00,-0.47,4.99,0.03,10.60,0.00,0,2,1001.32,41.37,109.18,1001.31,40.55,108.91,0.62,1000.66,37.87,113.97,2.20,1.97,98.09,308.76,7902,0.58,1.51,9.57,1.00,0.07,-0.03,0.01,3.39,-7.98,0.61,6,7,21,0,35.2901817,136.2529000,82.50, 0.06
3021916,0.11,-0.83,9.59,1.00,-0.04,-0.00,0.00,-0.47,4.99,0.03,10.60,0.00,0,2,1001.31,41.36,109.21,1001.31,40.55,108.93,0.63,1000.65,37.87,114.01,2.57,2.13,98.44,308.58,7901,0.56,1.38,9.53,1.00,0.07,-0.03,0.01,3.39,-7.98,0.61,6,7,22,0,35.2901833,136.2529017,82.50, 0.06
3021969,0.07,-0.79,9.53,1.00,-0.04,-0.00,0.00,-0.47,4.99,0.03,10.60,0.00,0,2,1001.31,41.38,109.24,1001.31,40.56,108.91,0.62,1000.66,37.88,113.96,2.60,2.14,98.61,308.58,7902,0.63,1.17,9.52,1.00,0.07,-0.03,0.01,3.39,-7.98,0.61,6,7,22,0,35.2901833,136.2529017,82.50, 0.06
3022027,0.07,-0.79,9.50,1.00,-0.04,-0.00,0.00,-0.47,4.99,0.03,10.60,0.00,0,2,1001.31,41.38,109.22,1001.31,40.57,108.93,0.62,1000.65,37.87,114.02,3.32,2.42,98.61,308.50,7903,0.56,1.33,9.56,1.00,0.07,-0.03,0.01,3.39,-7.98,0.61,6,7,22,0,35.2901833,136.2529017,82.50, 0.06
3022078,0.05,-0.80,9.49,1.00,-0.04,-0.00,0.00,-0.47,4.99,0.03,10.60,0.00,0,2,1001.31,41.37,109.22,1001.32,40.56,108.91,0.62,1000.64,37.87,114.08,2.33,2.03,99.23,308.50,7902,0.56,1.36,9.56,1.00,0.07,-0.03,0.01,3.39,-7.98,0.61,6,7,22,0,35.2901833,136.2529017,82.50, 0.06
3022134,0.07,-0.88,9.54,1.00,-0.04,-0.00,0.00,-0.47,4.99,0.03,10.60,0.00,0,2,1001.31,41.37,109.21,1001.31,40.55,108.93,0.62,1000.65,37.88,114.04,2.32,2.02,99.93,308.50,7903,0.59,1.48,9.56,1.00,0.07,-0.03,0.01,3.39,-7.98,0.61,6,7,22,0,35.2901833,136.2529017,82.50, 0.06
3022188,0.13,-0.88,9.52,1.00,-0.04,-0.00,0.00,-0.47,4.99,0.03,10.60,0.00,0,2,1001.31,41.38,109.21,1001.32,40.55,108.90,0.62,1000.64,37.87,114.08,1.30,1.51,101.69,308.50,7902,0.51,1.33,9.54,1.00,0.07,-0.03,0.01,3.39,-7.98,0.61,6,7,22,0,35.2901833,136.2529017,82.50, 0.06
3022246,0.12,-0.86,9.54,1.00,-0.04,-0.00,0.00,-0.47,4.99,0.03,10.60,0.00,0,2,1001.31,41.38,109.23,1001.31,40.56,108.92,0.62,1000.65,37.87,114.06,2.60,2.14,101.78,308.67,7902,0.49,1.27,9.57,1.00,0.07,-0.03,0.01,3.39,-7.98,0.61,6,7,22,0,35.2901833,136.2529017,82.50, 0.06
3022298,0.14,-0.87,9.55,1.00,-0.04,-0.00,0.00,-0.47,4.99,0.03,10.60,0.00,0,2,1001.31,41.39,109.22,1001.31,40.55,108.94,0.62,1000.65,37.87,114.05,2.90,2.26,102.30,308.58,7901,0.51,1.40,9.59,1.00,0.07,-0.03,0.01,3.39,-7.98,0.61,6,7,22,0,35.2901833,136.2529017,82.50, 0.06
3022355,0.12,-0.72,9.56,1.00,-0.04,-0.00,0.00,-0.47,4.99,0.03,10.60,0.00,0,2,1001.31,41.37,109.24,1001.31,40.56,108.93,0.62,1000.65,37.89,114.03,2.07,1.91,102.39,308.58,7903,0.50,1.22,9.58,1.00,0.07,-0.03,0.01,3.39,-7.98,0.61,6,7,22,0,35.2901833,136.2529017,82.50, 0.06
3022407,0.11,-0.74,9.50,1.00,-0.04,-0.00,0.00,-0.47,4.99,0.03,10.61,0.00,0,2,1001.31,41.38,109.21,1001.31,40.57,108.92,0.62,1000.64,37.89,114.08,2.33,2.03,102.66,308.58,7902,0.52,1.25,9.58,1.00,0.07,-0.03,0.01,3.39,-7.98,0.61,6,7,22,0,35.2901833,136.2529017,82.50, 0.06
3022465,0.07,-0.79,9.55,1.00,-0.04,-0.00,0.00,-0.47,4.99,0.03,10.61,0.00,0,2,1001.31,41.37,109.24,1001.31,40.56,108.94,0.62,1000.64,37.87,114.09,2.60,2.14,102.04,308.58,7902,0.56,1.32,9.54,1.00,0.07,-0.03,0.01,3.39,-7.98,0.61,6,7,22,0,35.2901833,136.2529017,82.50, 0.06
3022518,0.03,-0.83,9.47,1.00,-0.04,-0.00,0.00,-0.47,4.99,0.03,10.62,0.00,0,2,1001.31,41.36,109.23,1001.31,40.57,108.95,0.62,1000.65,37.89,114.05,2.25,1.99,101.95,308.67,7902,0.59,1.29,9.55,1.00,0.07,-0.03,0.01,3.39,-7.98,0.61,6,7,22,0,35.2901833,136.2529017,82.50, 0.06
3022574,0.06,-0.83,9.57,1.00,-0.04,-0.00,0.00,-0.47,4.99,0.03,10.62,0.00,0,2,1001.31,41.37,109.21,1001.31,40.55,108.93,0.62,1000.65,37.88,114.07,2.17,1.96,101.87,308.67,7903,0.58,1.49,9.61,1.00,0.07,-0.03,0.01,3.39,-7.98,0.61,6,7,22,0,35.2901833,136.2529017,82.50, 0.06
3022627,0.11,-0.81,9.53,1.00,-0.04,-0.00,0.00,-0.47,4.99,0.03,10.61,0.00,0,2,1001.31,41.37,109.19,1001.32,40.56,108.89,0.62,1000.65,37.87,114.05,2.55,2.12,101.78,308.67,7903,0.54,1.32,9.57,1.00,0.07,-0.03,0.01,3.39,-7.98,0.61,6,7,22,0,35.2901833,136.2529017,82.50, 0.06
3022680,0.12,-0.81,9.56,1.00,-0.04,-0.00,0.00,-0.47,4.99,0.03,10.61,0.00,0,2,1001.31,41.38,109.22,1001.31,40.57,108.94,0.62,1000.65,37.87,114.05,0.38,0.82,101.78,308.67,7902,0.53,1.31,9.59,1.00,0.07,-0.03,0.01,3.39,-7.98,0.61,6,7,22,0,35.2901833,136.2529017,82.50, 0.06
3022737,0.11,-0.84,9.53,1.00,-0.04,-0.00,0.00,-0.47,4.99,0.03,10.60,0.00,0,2,1001.31,41.37,109.22,1001.32,40.56,108.92,0.62,1000.65,37.88,114.05,1.17,1.43,101.60,308.67,7903,0.59,1.38,9.58,1.00,0.07,-0.03,0.01,3.39,-7.98,0.61,6,7,22,0,35.2901833,136.2529017,82.50, 0.05
3022794,0.06,-0.87,9.55,1.00,-0.04,-0.00,0.00,-0.47,4.99,0.03,10.60,0.00,0,2,1001.31,41.37,109.23,1001.31,40.57,108.94,0.62,1000.65,37.87,114.02,1.02,1.34,102.39,308.67,7902,0.60,1.44,9.57,1.00,0.07,-0.03,0.01,3.39,-7.98,0.61,6,7,22,0,35.2901833,136.2529017,82.50, 0.05
3022845,0.08,-0.84,9.50,1.00,-0.04,-0.00,0.00,-0.47,4.99,0.03,10.60,0.00,0,2,1001.31,41.38,109.22,1001.31,40.57,108.92,0.62,1000.65,37.89,114.03,0.33,0.77,102.92,308.67,7903,0.59,1.35,9.56,1.00,0.07,-0.03,0.01,3.39,-7.98,0.61,6,7,22,0,35.2901833,136.2529017,82.50, 0.05
3022899,0.11,-0.81,9.52,1.00,-0.04,-0.00,0.00,-0.47,4.99,0.03,10.61,0.00,0,2,1001.31,41.37,109.24,1001.31,40.57,108.96,0.62,1000.65,37.88,114.02,1.00,1.33,101.87,308.67,7903,0.58,1.28,9.53,1.00,0.07,-0.03,0.01,3.39,-7.98,0.61,6,7,23,0,35.2901833,136.2529017,82.50, 0.05
3022957,0.10,-0.81,9.50,1.00,-0.04,-0.00,0.00,-0.47,4.99,0.03,10.60,0.00,0,2,1001.31,41.36,109.24,1001.32,40.55,108.89,0.62,1000.65,37.88,114.04,0.88,1.25,101.51,308.67,7902,0.51,1.34,9.54,1.00,0.07,-0.03,0.01,3.39,-7.98,0.61,6,7,23,0,35.2901833,136.2529017,82.50, 0.05
3023014,0.16,-0.82,9.54,1.00,-0.04,-0.00,0.00,-0.47,4.99,0.03,10.60,0.00,0,2,1001.31,41.38,109.25,1001.31,40.55,108.94,0.62,1000.65,37.88,114.02,0.42,0.86,101.69,308.67,7903,0.45,1.40,9.60,1.00,0.07,-0.03,0.01,3.39,-7.98,0.61,6,7,23,0,35.2901833,136.2529017,82.50, 0.05
3023066,0.14,-0.84,9.52,1.00,-0.04,-0.00,0.00,-0.47,4.99,0.03,10.60,0.00,0,2,1001.31,41.38,109.21,1001.31,40.55,108.92,0.62,1000.65,37.87,114.04,0.90,1.26,99.76,308.67,7902,0.50,1.36,9.61,1.00,0.07,-0.03,0.01,3.39,-7.98,0.61,6,7,23,0,35.2901833,136.2529017,82.50, 0.05
3023124,0.13,-0.79,9.54,1.00,-0.04,-0.00,0.00,-0.47,4.99,0.03,10.61,0.00,0,2,1001.31,41.37,109.20,1001.31,40.55,108.95,0.62,1000.65,37.88,114.05,2.38,2.05,97.21,308.67,7903,0.55,1.41,9.59,1.00,0.07,-0.03,0.01,3.39,-7.98,0.61,6,7,23,0,35.2901833,136.2529017,82.50, 0.05
3023177,0.07,-0.78,9.52,1.00,-0.04,-0.00,0.00,-0.47,4.99,0.03,10.61,0.00,0,2,1001.31,41.38,109.23,1001.31,40.56,108.94,0.62,1000.65,37.89,114.07,1.97,1.86,96.33,308.67,7902,0.63,1.44,9.61,1.00,0.07,-0.03,0.01,3.39,-7.98,0.61,6,7,23,0,35.2901833,136.2529017,82.50, 0.05
3023231,0.08,-0.82,9.55,1.00,-0.04,-0.00,0.00,-0.47,4.99,0.03,10.60,0.00,0,2,1001.31,41.39,109.24,1001.31,40.57,108.92,0.62,1000.65,37.88,114.06,1.72,1.74,96.77,308.67,7903,0.59,1.33,9.50,1.00,0.07,-0.03,0.01,3.39,-7.98,0.61,6,7,23,0,35.2901833,136.2529017,82.50, 0.05
3023285,0.09,-0.84,9.55,1.00,-0.04,-0.00,0.00,-0.47,4.99,0.03,10.61,0.00,0,2,1001.32,41.39,109.19,1001.31,40.57,108.96,0.62,1000.65,37.88,114.04,2.22,1.98,98.17,308.67,7903,0.61,1.26,9.52,1.00,0.07,-0.03,0.01,3.39,-7.98,0.61,6,7,23,0,35.2901833,136.2529017,82.50, 0.05
3023343,0.10,-0.81,9.53,1.00,-0.04,-0.00,0.00,-0.47,4.99,0.03,10.61,0.00,0,2,1001.31,41.38,109.20,1001.31,40.57,108.92,0.62,1000.65,37.88,114.01,2.52,2.11,97.56,308.67,7903,0.59,1.29,9.53,1.00,0.07,-0.03,0.01,3.39,-7.98,0.61,6,7,23,0,35.2901833,136.2529017,82.50, 0.05
3023395,0.07,-0.82,9.50,1.00,-0.04,-0.00,0.00,-0.47,4.99,0.03,10.59,0.00,0,2,1001.31,41.40,109.20,1001.32,40.57,108.89,0.62,1000.66,37.89,113.99,2.05,1.90,97.12,308.67,7902,0.53,1.25,9.55,1.00,0.07,-0.03,0.01,3.39,-7.98,0.61,6,7,23,0,35.2901833,136.2529017,82.50, 0.05
3023453,0.12,-0.76,9.54,1.00,-0.04,-0.00,0.00,-0.47,4.99,0.03,10.59,0.00,0,2,1001.31,41.39,109.24,1001.31,40.57,108.94,0.62,1000.65,37.88,114.05,2.42,2.06,97.65,308.58,7902,0.54,1.28,9.59,1.00,0.07,-0.03,0.01,3.39,-7.98,0.61,6,7,23,0,35.2901833,136.2529017,82.50, 0.05
3023505,0.10,-0.77,9.41,1.00,-0.04,-0.00,0.00,-0.47,4.99,0.03,10.60,0.00,0,2,1001.31,41.40,109.23,1001.31,40.56,108.91,0.62,1000.65,37.89,114.05,2.10,1.92,96.94,308.67,7903,0.54,1.30,9.50,1.00,0.07,-0.03,0.01,3.39,-7.98,0.61,6,7,23,0,35.2901833,136.2529017,82.50, 0.05
3023563,0.07,-0.85,9.56,1.00,-0.04,-0.00,0.00,-0.47,4.99,0.03,10.61,0.00,0,2,1001.31,41.41,109.21,1001.31,40.57,108.92,0.62,1000.65,37.88,114.06,2.55,2.12,97.47,308.58,7902,0.55,1.38,9.55,1.00,0.07,-0.03,0.01,3.39,-7.98,0.61,6,7,23,0,35.2901833,136.2529017,82.50, 0.05
3023614,0.09,-0.87,9.50,1.00,-0.04,-0.00,0.00,-0.47,4.99,0.03,10.61,0.00,0,2,1001.31,41.39,109.22,1001.31,40.57,108.92,0.62,1000.65,37.89,114.06,1.75,1.76,98.70,308.67,7902,0.58,1.48,9.63,1.00,0.07,-0.03,0.01,3.39,-7.98,0.61,6,7,23,0,35.2901833,136.2529017,82.50, 0.05
3023672,0.07,-0.87,9.55,1.00,-0.04,-0.00,0.00,-0.47,4.99,0.03,10.61,0.00,0,2,1001.31,41.39,109.24,1001.31,40.57,108.96,0.62,1000.65,37.89,114.08,3.13,2.35,98.70,308.58,7903,0.54,1.41,9.56,1.00,0.07,-0.03,0.01,3.39,-7.98,0.61,6,7,23,0,35.2901833,136.2529017,82.50, 0.05
3023724,0.10,-0.84,9.54,1.00,-0.04,-0.00,0.00,-0.47,4.99,0.03,10.61,0.00,0,2,1001.31,41.39,109.26,1001.31,40.56,108.96,0.62,1000.65,37.89,114.05,2.58,2.13,98.70,308.67,7903,0.53,1.36,9.60,1.00,0.07,-0.03,0.01,3.39,-7.98,0.61,6,7,23,0,35.2901833,136.2529017,82.50, 0.05
3023777,0.10,-0.85,9.53,1.00,-0.04,-0.00,0.00,-0.47,4.99,0.03,10.62,0.00,0,2,1001.31,41.39,109.26,1001.31,40.56,108.92,0.62,1000.65,37.89,114.05,3.03,2.31,98.88,308.67,7902,0.50,1.20,9.53,1.00,0.07,-0.03,0.01,3.39,-7.98,0.61,6,7,23,0,35.2901833,136.2529017,82.50, 0.05
3023833,0.08,-0.85,9.54,1.00,-0.04,-0.00,0.00,-0.47,4.99,0.03,10.61,0.00,0,2,1001.31,41.41,109.24,1001.32,40.57,108.90,0.62,1000.65,37.89,114.03,2.52,2.11,98.00,308.67,7902,0.54,1.28,9.53,1.00,0.07,-0.03,0.01,3.39,-7.98,0.61,6,7,23,0,35.2901833,136.2529017,82.50, 0.05
3023889,0.07,-0.87,9.50,1.00,-0.04,-0.00,0.00,-0.47,4.99,0.03,10.61,0.00,0,2,1001.31,41.40,109.24,1001.31,40.57,108.93,0.62,1000.65,37.89,114.05,2.53,2.11,97.29,308.67,7903,0.54,1.47,9.55,1.00,0.07,-0.03,0.01,3.39,-7.98,0.61,6,7,23,0,35.2901833,136.2529017,82.50, 0.05
3023942,0.07,-0.78,9.52,1.00,-0.04,-0.00,0.00,-0.47,4.99,0.03,10.60,0.00,0,2,1001.31,41.41,109.23,1001.31,40.57,108.92,0.63,1000.65,37.88,114.07,2.90,2.26,98.00,308.67,7903,0.50,1.35,9.63,1.00,0.07,-0.03,0.01,3.39,-7.98,0.61,6,7,24,0,35.2901850,136.2529033,82.50, 0.05
3024000,0.10,-0.79,9.52,1.00,-0.04,-0.00,0.00,-0.47,4.99,0.03,10.61,0.00,0,2,1001.31,41.41,109.25,1001.31,40.58,108.93,0.62,1000.65,37.89,114.07,1.23,1.48,98.61,308.67,7903,0.51,1.37,9.60,1.00,0.07,-0.03,0.01,3.39,-7.98,0.61,6,7,24,0,35.2901850,136.2529033,82.50, 0.05
3024053,0.12,-0.79,9.50,1.00,-0.04,-0.00,0.00,-0.47,4.99,0.03,10.60,0.00,0,2,1001.31,41.41,109.23,1001.31,40.56,108.94,0.62,1000.65,37.89,114.06,2.93,2.27,98.61,308.67,7903,0.55,1.37,9.57,1.00,0.07,-0.03,0.01,3.39,-7.98,0.61,6,7,24,0,35.2901850,136.2529033,82.50, 0.05
3024110,0.07,-0.79,9.56,1.00,-0.04,-0.00,0.00,-0.47,4.99,0.03,10.61,0.00,0,2,1001.31,41.42,109.23,1001.31,40.57,108.94,0.62,1000.65,37.89,114.05,2.60,2.14,98.17,308.67,7903,0.60,1.11,9.52,1.00,0.07,-0.03,0.01,3.39,-7.98,0.61,6,7,24,0,35.2901850,136.2529033,82.50, 0.05
3024162,0.09,-0.80,9.52,1.00,-0.04,-0.00,0.00,-0.47,4.99,0.03,10.61,0.00,0,2,1001.31,41.41,109.24,1001.31,40.56,108.97,0.63,1000.65,37.87,114.08,2.10,1.92,98.09,308.67,7902,0.55,1.19,9.55,1.00,0.07,-0.03,0.01,3.39,-7.98,0.61,6,7,24,0,35.2901850,136.2529033,82.50, 0.05
3024220,0.10,-0.82,9.51,1.00,-0.04,-0.00,0.00,-0.47,4.99,0.03,10.62,0.00,0,2,1001.31,41.42,109.26,1001.31,40.58,108.95,0.62,1000.65,37.89,114.05,2.70,2.18,98.00,308.67,7901,0.49,1.11,9.48,1.00,0.07,-0.03,0.01,3.39,-7.98,0.61,6,7,24,0,35.2901850,136.2529033,82.50, 0.05
3024272,0.12,-0.80,9.52,1.00,-0.04,-0.00,0.00,-0.47,4.99,0.03,10.62,0.00,0,2,1001.31,41.41,109.26,1001.31,40.56,108.97,0.62,1000.65,37.90,114.08,1.85,1.81,100.55,308.67,7902,0.61,1.54,9.63,1.00,0.07,-0.03,0.01,3.39,-7.98,0.61,6,7,24,0,35.2901850,136.2529033,82.50, 0.05
3024326,0.16,-0.81,9.56,1.00,-0.04,-0.00,0.00,-0.47,4.99,0.03,10.62,0.00,0,2,1001.31,41.40,109.25,1001.31,40.58,108.95,0.62,1000.65,37.90,114.08,3.67,2.54,104.06,308.67,7903,0.53,1.58,9.65,1.00,0.07,-0.03,0.01,3.39,-7.98,0.61,6,7,24,0,35.2901850,136.2529033,82.50, 0.05
3024381,0.08,-0.84,9.52,1.00,-0.04,-0.00,0.00,-0.47,4.99,0.03,10.62,0.00,0,2,1001.31,41.40,109.25,1001.31,40.57,108.93,0.62,1000.65,37.88,114.06,3.27,2.40,106.52,308.67,7903,0.55,1.46,9.58,1.00,0.07,-0.03,0.01,3.39,-7.98,0.61,6,7,24,0,35.2901850,136.2529033,82.50, 0.05
3024438,0.08,-0.86,9.54,1.00,-0.04,-0.00,0.00,-0.47,4.99,0.03,10.62,0.00,0,2,1001.31,41.42,109.23,1001.31,40.57,108.97,0.61,1000.65,37.89,114.07,3.38,2.44,107.49,308.67,7903,0.57,1.51,9.61,1.00,0.07,-0.03,0.01,3.39,-7.98,0.61,6,7,24,0,35.2901850,136.2529033,82.50, 0.05
3024491,0.07,-0.83,9.49,1.00,-0.04,-0.00,0.00,-0.47,4.99,0.03,10.61,0.00,0,2,1001.31,41.43,109.24,1001.31,40.57,108.97,0.62,1000.64,37.88,114.11,3.33,2.43,106.00,308.58,7902,0.62,1.25,9.52,1.00,0.07,-0.03,0.01,3.39,-7.98,0.61,6,7,24,0,35.2901850,136.2529033,82.50, 0.05
3024549,0.11,-0.83,9.52,1.00,-0.04,-0.00,0.00,-0.47,4.99,0.03,10.62,0.00,0,2,1001.31,41.44,109.26,1001.31,40.56,108.98,0.62,1000.64,37.89,114.11,2.22,1.98,101.34,308.58,7902,0.58,1.28,9.58,1.00,0.07,-0.03,0.01,3.39,-7.98,0.61,6,7,24,0,35.2901850,136.2529033,82.50, 0.05
3024601,0.12,-0.77,9.49,1.00,-0.04,-0.00,0.00,-0.47,4.99,0.03,10.63,0.00,0,2,1001.30,41.44,109.31,1001.31,40.57,108.97,0.62,1000.64,37.88,114.10,2.20,1.97,101.34,308.58,7902,0.55,1.25,9.56,1.00,0.07,-0.03,0.01,3.39,-7.98,0.61,6,7,24,0,35.2901850,136.2529033,82.50, 0.05
3024658,0.09,-0.77,9.53,1.00,-0.04,-0.00,0.00,-0.47,4.99,0.03,10.64,0.00,0,2,1001.31,41.44,109.29,1001.31,40.58,108.93,0.62,1000.64,37.87,114.15,2.27,2.00,101.34,308.58,7902,0.56,1.24,9.53,1.00,0.07,-0.03,0.01,3.39,-7.98,0.61,6,7,24,0,35.2901850,136.2529033,82.50, 0.05
3024711,0.10,-0.80,9.50,1.00,-0.04,-0.00,0.00,-0.47,4.99,0.03,10.64,0.00,0,2,1001.31,41.42,109.29,1001.31,40.56,108.94,0.62,1000.65,37.88,114.07,1.30,1.51,101.69,308.58,7903,0.56,1.26,9.54,1.00,0.07,-0.03,0.01,3.39,-7.98,0.61,6,7,24,0,35.2901850,136.2529033,82.50, 0.05
3024767,0.10,-0.82,9.56,1.00,-0.04,-0.00,0.00,-0.47,4.99,0.03,10.62,0.00,0,2,1001.31,41.43,109.24,1001.31,40.57,108.97,0.62,1000.64,37.88,114.12,3.37,2.44,100.63,308.58,7902,0.57,1.36,9.59,1.00,0.07,-0.03,0.01,3.39,-7.98,0.61,6,7,24,0,35.2901850,136.2529033,82.50, 0.05
3024821,0.09,-0.82,9.54,1.00,-0.04,-0.00,0.00,-0.47,4.99,0.03,10.62,0.00,0,2,1001.31,41.44,109.23,1001.31,40.57,108.97,0.62,1000.65,37.88,114.07,3.53,2.50,101.51,308.58,7902,0.60,1.40,9.57,1.00,0.07,-0.03,0.01,3.39,-7.98,0.61,6,7,24,0,35.2901850,136.2529033,82.50, 0.05
3024874,0.06,-0.84,9.55,1.00,-0.04,-0.00,0.00,-0.47,4.99,0.03,10.61,0.00,0,2,1001.31,41.45,109.24,1001.31,40.58,108.93,0.62,1000.64,37.88,114.13,1.97,1.86,102.22,308.58,7902,0.57,1.27,9.52,1.00,0.07,-0.03,0.01,3.39,-7.98,0.61,6,7,24,0,35.2901850,136.2529033,82.50, 0.05
3024929,0.11,-0.83,9.57,1.00,-0.04,-0.00,0.00,-0.47,4.99,0.03,10.60,0.00,0,2,1001.31,41.44,109.26,1001.31,40.57,108.94,0.62,1000.64,37.88,114.15,2.65,2.16,100.72,308.58,7902,0.57,1.34,9.55,1.00,0.07,-0.03,0.01,3.39,-7.98,0.61,6,7,24,0,35.2901850,136.2529033,82.50, 0.05
3024985,0.11,-0.83,9.48,1.00,-0.04,-0.00,0.00,-0.47,4.99,0.03,10.59,0.00,0,2,1001.31,41.45,109.24,1001.31,40.57,108.92,0.62,1000.64,37.90,114.11,1.68,1.72,101.60,308.58,7903,0.50,1.20,9.55,1.00,0.07,-0.03,0.01,3.39,-7.98,0.61,6,7,24,0,35.2901850,136.2529033,82.50, 0.09
3025038,0.12,-0.81,9.52,1.00,-0.04,-0.00,0.00,-0.47,4.99,0.03,10.60,0.00,0,2,1001.31,41.43,109.26,1001.31,40.58,108.93,0.62,1000.64,37.89,114.10,0.97,1.31,102.22,308.58,7902,0.49,1.27,9.58,1.00,0.07,-0.03,0.01,3.39,-7.98,0.61,6,7,24,0,35.2901850,136.2529033,82.50, 0.09
3025096,0.10,-0.84,9.53,1.00,-0.04,-0.00,0.00,-0.47,4.99,0.03,10.59,0.00,0,2,1001.31,41.44,109.24,1001.31,40.58,108.95,0.62,1000.65,37.90,114.04,0.73,1.14,101.87,308.58,7902,0.64,1.23,9.53,1.00,0.07,-0.03,0.01,3.39,-7.98,0.61,6,7,24,0,35.2901850,136.2529033,82.50, 0.09
3025148,0.03,-0.81,9.54,1.00,-0.04,-0.00,0.00,-0.47,4.99,0.03,10.60,0.00,0,2,1001.31,41.44,109.26,1001.31,40.57,108.94,0.62,1000.64,37.88,114.09,0.90,1.26,100.11,308.58,7903,0.62,1.41,9.60,1.00,0.07,-0.03,0.01,3.39,-7.98,0.61,6,7,24,0,35.2901850,136.2529033,82.50, 0.09
3025202,0.07,-0.80,9.52,1.00,-0.04,-0.00,0.00,-0.47,4.99,0.03,10.60,0.00,0,2,1001.31,41.44,109.24,1001.31,40.57,108.97,0.63,1000.65,37.89,114.08,1.87,1.81,100.28,308.58,7902,0.56,1.36,9.60,1.00,0.07,-0.03,0.01,3.39,-7.98,0.61,6,7,24,0,35.2901850,136.2529033,82.50, 0.09
3025259,0.10,-0.80,9.50,1.00,-0.04,-0.00,0.00,-0.47,4.99,0.03,10.60,0.00,0,2,1001.31,41.44,109.26,1001.31,40.57,108.94,0.63,1000.65,37.89,114.07,0.67,1.08,100.81,308.58,7903,0.53,1.40,9.58,1.00,0.07,-0.03,0.01,3.39,-7.98,0.61,6,7,24,0,35.2901850,136.2529033,82.50, 0.09
3025316,0.14,-0.81,9.52,1.00,-0.04,-0.00,0.00,-0.47,4.99,0.03,10.60,0.00,0,2,1001.31,41.45,109.24,1001.31,40.58,108.97,0.62,1000.65,37.89,114.08,1.22,1.47,100.99,308.58,7903,0.52,1.23,9.54,1.00,0.07,-0.03,0.01,3.39,-7.98,0.61,6,7,24,0,35.2901850,136.2529033,82.50, 0.09
3025367,0.08,-0.82,9.55,1.00,-0.04,-0.00,0.00,-0.47,4.99,0.03,10.60,0.00,0,2,1001.31,41.44,109.26,1001.31,40.58,108.94,0.62,1000.64,37.88,114.10,0.95,1.29,100.81,308.58,7903,0.55,1.47,9.63,1.00,0.07,-0.03,0.01,3.39,-7.98,0.61,6,7,24,0,35.2901850,136.2529033,82.50, 0.09
3025420,0.11,-0.84,9.49,1.00,-0.04,-0.00,0.00,-0.47,4.99,0.03,10.59,0.00,0,2,1001.31,41.45,109.27,1001.31,40.57,108.97,0.62,1000.64,37.88,114.10,1.25,1.49,100.37,308.58,7903,0.54,1.39,9.58,1.00,0.07,-0.03,0.01,3.39,-7.98,0.61,6,7,24,0,35.2901850,136.2529033,82.50, 0.09
3025478,0.08,-0.83,9.57,1.00,-0.04,-0.00,0.00,-0.47,4.99,0.03,10.60,0.00,0,2,1001.31,41.46,109.23,1001.31,40.58,108.93,0.63,1000.65,37.89,114.06,0.75,1.15,100.55,308.58,7903,0.55,1.41,9.59,1.00,0.07,-0.03,0.01,3.39,-7.98,0.61,6,7,24,0,35.2901850,136.2529033,82.50, 0.09
3025536,0.08,-0.82,9.52,1.00,-0.04,-0.00,0.00,-0.47,4.99,0.03,10.60,0.00,0,2,1001.31,41.45,109.24,1001.31,40.57,108.96,0.63,1000.65,37.89,114.08,2.38,2.05,100.90,308.58,7902,0.58,1.34,9.58,1.00,0.07,-0.03,0.01,3.39,-7.98,0.61,6,7,24,0,35.2901850,136.2529033,82.50, 0.09
3025587,0.09,-0.85,9.55,1.00,-0.04,-0.00,0.00,-0.47,4.99,0.03,10.59,0.00,0,2,1001.31,41.46,109.25,1001.31,40.57,108.92,0.62,1000.65,37.88,114.05,2.03,1.89,100.37,308.58,7902,0.53,1.37,9.60,1.00,0.07,-0.03,0.01,3.39,-7.98,0.61,6,7,24,0,35.2901850,136.2529033,82.50, 0.09
3025645,0.07,-0.85,9.55,1.00,-0.04,-0.00,0.00,-0.47,4.99,0.03,10.58,0.00,0,2,1001.31,41.45,109.22,1001.31,40.57,108.96,0.62,1000.64,37.88,114.09,1.63,1.70,100.02,308.58,7902,0.53,1.31,9.53,1.00,0.07,-0.03,0.01,3.39,-7.98,0.61,6,7,24,0,35.2901850,136.2529033,82.50, 0.09
3025697,0.12,-0.83,9.56,1.00,-0.04,-0.00,0.00,-0.47,4.99,0.03,10.58,0.00,0,2,1001.31,41.44,109.24,1001.31,40.57,108.96,0.62,1000.65,37.89,114.07,2.78,2.22,100.81,308.58,7902,0.56,1.36,9.60,1.00,0.07,-0.03,0.01,3.39,-7.98,0.61,6,7,24,0,35.2901850,136.2529033,82.50, 0.09
3025754,0.11,-0.79,9.48,1.00,-0.04,-0.00,0.00,-0.47,4.99,0.03,10.59,0.00,0,2,1001.31,41.44,109.24,1001.30,40.57,109.01,0.62,1000.65,37.87,114.05,3.47,2.47,102.04,308.58,7903,0.50,1.27,9.56,1.00,0.07,-0.03,0.01,3.39,-7.98,0.61,6,7,25,0,35.2901850,136.2529050,82.50, 0.11
3025805,0.10,-0.82,9.50,1.00,-0.04,-0.00,0.00,-0.47,4.99,0.03,10.60,0.00,0,2,1001.31,41.45,109.23,1001.31,40.56,108.95,0.62,1000.64,37.88,114.09,2.17,1.96,102.48,308.58,7903,0.51,1.34,9.56,1.00,0.07,-0.03,0.01,3.39,-7.98,0.61,6,7,25,0,35.2901850,136.2529050,82.50, 0.11
3025864,0.10,-0.83,9.51,1.00,-0.04,-0.00,0.00,-0.47,4.99,0.03,10.61,0.00,0,2,1001.31,41.44,109.25,1001.31,40.57,108.95,0.62,1000.64,37.87,114.09,4.22,2.73,102.48,308.58,7902,0.56,1.33,9.55,1.00,0.07,-0.03,0.01,3.39,-7.98,0.61,6,7,25,0,35.2901850,136.2529050,82.50, 0.11
3025916,0.11,-0.81,9.52,1.00,-0.04,-0.00,0.00,-0.47,4.99,0.03,10.60,0.00,0,2,1001.31,41.45,109.25,1001.31,40.57,108.97,0.62,1000.65,37.88,114.07,2.92,2.27,101.95,308.58,7902,0.59,1.41,9.62,1.00,0.07,-0.03,0.01,3.39,-7.98,0.61,6,7,25,0,35.2901850,136.2529050,82.50, 0.11
3025970,0.06,-0.80,9.51,1.00,-0.04,-0.00,0.00,-0.47,4.99,0.03,10.61,0.00,0,2,1001.31,41.46,109.28,1001.31,40.58,108.93,0.62,1000.63,37.88,114.21,3.25,2.39,102.22,308.58,7902,0.67,1.36,9.54,1.00,0.07,-0.03,0.01,3.39,-7.98,0.61,6,7,26,0,35.2901850,136.2529050,82.50, 0.11
3026026,0.07,-0.81,9.58,1.00,-0.04,-0.00,0.00,-0.47,4.99,0.03,10.62,0.00,0,2,1001.31,41.45,109.25,1001.31,40.57,108.93,0.62,1000.64,37.88,114.14,2.23,1.98,101.34,308.58,7902,0.62,1.35,9.55,1.00,0.07,-0.03,0.01,3.39,-7.98,0.61,6,7,26,0,35.2901850,136.2529050,82.50, 0.11
3026082,0.08,-0.80,9.53,1.00,-0.04,-0.00,0.00,-0.47,4.99,0.03,10.61,0.00,0,2,1001.31,41.45,109.25,1001.31,40.57,108.95,0.63,1000.63,37.88,114.18,3.62,2.53,101.34,308.58,7903,0.66,1.25,9.49,1.00,0.07,-0.03,0.01,3.39,-7.98,0.61,6,7,26,0,35.2901850,136.2529050,82.50, 0.11
3026135,0.08,-0.88,9.49,1.00,-0.04,-0.00,0.00,-0.47,4.99,0.03,10.61,0.00,0,2,1001.31,41.46,109.26,1001.31,40.58,108.93,0.63,1000.64,37.89,114.13,3.40,2.45,101.34,308.58,7902,0.66,1.24,9.51,1.00,0.07,-0.03,0.01,3.39,-7.98,0.61,6,7,26,0,35.2901850,136.2529050,82.50, 0.11
3026192,0.08,-0.90,9.52,1.00,-0.04,-0.00,0.00,-0.47,4.99,0.03,10.61,0.00,0,2,1001.31,41.44,109.26,1001.31,40.57,108.96,0.63,1000.64,37.89,114.15,3.63,2.53,101.34,308.58,7903,0.46,1.59,9.63,1.00,0.07,-0.03,0.01,3.39,-7.98,0.61,6,7,26,0,35.2901850,136.2529050,82.50, 0.11
3026245,0.09,-0.83,9.52,1.00,-0.04,-0.00,0.00,-0.47,4.99,0.03,10.60,0.00,0,2,1001.31,41.44,109.24,1001.31,40.56,108.92,0.62,1000.64,37.88,114.11,3.45,2.47,101.25,308.58,7902,0.59,1.47,9.59,1.00,0.07,-0.03,0.01,3.39,-7.98,0.61,6,7,26,0,35.2901850,136.2529050,82.50, 0.11
3026297,0.11,-0.80,9.51,1.00,-0.04,-0.00,0.00,-0.47,4.99,0.03,10.60,0.00,0,2,1001.31,41.45,109.25,1001.31,40.55,108.96,0.63,1000.65,37.89,114.03,3.55,2.50,101.34,308.58,7902,0.64,1.51,9.62,1.00,0.07,-0.03,0.01,3.39,-7.98,0.61,6,7,26,0,35.2901850,136.2529050,82.50, 0.11
3026353,0.11,-0.83,9.53,1.00,-0.04,-0.00,0.00,-0.47,4.99,0.03,10.59,0.00,0,2,1001.31,41.46,109.25,1001.31,40.57,108.94,0.62,1000.64,37.87,114.09,1.73,1.75,101.34,308.58,7903,0.47,1.28,9.55,1.00,0.07,-0.03,0.01,3.39,-7.98,0.61,6,7,26,0,35.2901850,136.2529050,82.50, 0.11
3026405,0.10,-0.82,9.51,1.00,-0.04,-0.00,0.00,-0.47,4.99,0.03,10.60,0.00,0,2,1001.31,41.46,109.28,1001.31,40.58,108.94,0.63,1000.65,37.88,114.07,2.08,1.92,101.69,308.58,7903,0.52,1.13,9.50,1.00,0.07,-0.03,0.01,3.39,-7.98,0.61,6,7,26,0,35.2901850,136.2529050,82.50, 0.11
3026463,0.11,-0.82,9.50,1.00,-0.04,-0.00,0.00,-0.47,4.99,0.03,10.60,0.00,0,2,1001.31,41.45,109.28,1001.31,40.57,108.95,0.63,1000.64,37.88,114.14,1.87,1.81,101.25,308.58,7903,0.59,1.16,9.51,1.00,0.07,-0.03,0.01,3.39,-7.98,0.61,6,7,26,0,35.2901850,136.2529050,82.50, 0.11
3026516,0.10,-0.84,9.58,1.00,-0.04,-0.00,0.00,-0.47,4.99,0.03,10.60,0.00,0,2,1001.31,41.46,109.25,1001.31,40.57,108.92,0.63,1000.64,37.88,114.11,1.98,1.87,100.90,308.58,7902,0.61,1.13,9.52,1.00,0.07,-0.03,0.01,3.39,-7.98,0.61,6,7,26,0,35.2901850,136.2529050,82.50, 0.11
3026572,0.11,-0.80,9.51,1.00,-0.04,-0.00,0.00,-0.47,4.99,0.03,10.62,0.00,0,2,1001.31,41.44,109.28,1001.31,40.58,108.93,0.63,1000.64,37.88,114.15,2.03,1.89,101.25,308.58,7902,0.55,1.49,9.63,1.00,0.07,-0.03,0.01,3.39,-7.98,0.61,6,7,26,0,35.2901850,136.2529050,82.50, 0.11
3026623,0.11,-0.82,9.52,1.00,-0.04,-0.00,0.00,-0.47,4.99,0.03,10.61,0.00,0,2,1001.31,41.45,109.25,1001.31,40.58,108.93,0.63,1000.64,37.88,114.11,2.27,2.00,101.07,308.58,7902,0.58,1.64,9.68,1.00,0.07,-0.03,0.01,3.39,-7.98,0.61,6,7,26,0,35.2901850,136.2529050,82.50, 0.11
3026681,0.12,-0.83,9.50,1.00,-0.04,-0.00,0.00,-0.47,4.99,0.03,10.62,0.00,0,2,1001.31,41.44,109.29,1001.31,40.58,108.95,0.63,1000.65,37.88,114.07,1.40,1.57,99.93,308.58,7902,0.51,1.59,9.60,1.00,0.07,-0.03,0.01,3.39,-7.98,0.61,6,7,26,0,35.2901850,136.2529050,82.50, 0.11
3026735,0.11,-0.90,9.53,1.00,-0.04,-0.00,0.00,-0.47,4.99,0.03,10.60,0.00,0,2,1001.31,41.45,109.25,1001.31,40.57,108.96,0.63,1000.64,37.88,114.11,2.85,2.24,100.11,308.58,7902,0.56,1.66,9.66,1.00,0.07,-0.03,0.01,3.39,-7.98,0.61,6,7,26,0,35.2901850,136.2529050,82.50, 0.11
3026790,0.06,-0.89,9.45,1.00,-0.04,-0.00,0.00,-0.47,4.99,0.03,10.60,0.00,0,2,1001.31,41.46,109.28,1001.31,40.58,108.96,0.63,1000.64,37.89,114.08,3.13,2.35,99.67,308.58,7902,0.56,1.63,9.63,1.00,0.07,-0.03,0.01,3.39,-7.98,0.61,6,7,26,0,35.2901850,136.2529050,82.50, 0.09
3026843,0.11,-0.87,9.51,1.00,-0.04,-0.00,0.00,-0.47,4.99,0.03,10.60,0.00,0,2,1001.31,41.47,109.27,1001.31,40.58,108.95,0.63,1000.64,37.88,114.10,2.68,2.18,99.32,308.58,7903,0.48,1.10,9.53,1.00,0.07,-0.03,0.01,3.39,-7.98,0.61,6,7,26,0,35.2901850,136.2529050,82.50, 0.09
3026900,0.10,-0.84,9.48,1.00,-0.04,-0.00,0.00,-0.47,4.99,0.03,10.60,0.00,0,2,1001.31,41.46,109.28,1001.31,40.57,108.95,0.63,1000.64,37.88,114.12,2.92,2.27,99.05,308.58,7902,0.45,1.11,9.53,1.00,0.07,-0.03,0.01,3.39,-7.98,0.61,6,7,26,0,35.2901850,136.2529050,82.50, 0.09
3026954,0.07,-0.85,9.46,1.00,-0.04,-0.00,0.00,-0.47,4.99,0.03,10.60,0.00,0,2,1001.31,41.46,109.23,1001.31,40.56,108.94,0.63,1000.65,37.88,114.06,1.50,1.63,99.23,308.58,7903,0.58,1.24,9.54,1.00,0.07,-0.03,0.01,3.39,-7.98,0.61,6,7,26,0,35.2901850,136.2529050,82.50, 0.09
3027009,0.07,-0.78,9.46,1.00,-0.04,-0.00,0.00,-0.47,4.99,0.03,10.59,0.00,0,2,1001.31,41.46,109.26,1001.31,40.58,108.99,0.63,1000.65,37.88,114.07,1.57,1.66,100.37,308.58,7903,0.49,1.55,9.59,1.00,0.07,-0.03,0.01,3.39,-7.98,0.61,6,7,26,0,35.2901850,136.2529050,82.50, 0.09
3027061,0.12,-0.83,9.63,1.00,-0.04,-0.00,0.00,-0.47,4.99,0.03,10.61,0.00,0,2,1001.31,41.45,109.28,1001.31,40.57,108.97,0.63,1000.65,37.89,114.08,1.77,1.77,100.46,308.58,7903,0.54,1.83,9.79,1.00,0.07,-0.03,0.01,3.39,-7.99,0.61,6,7,27,0,35.2901850,136.2529050,82.50, 0.09
3027115,0.04,-0.82,9.47,1.00,-0.04,-0.00,0.00,-0.47,4.99,0.03,10.61,0.00,0,2,1001.31,41.46,109.25,1001.31,40.59,108.96,0.63,1000.64,37.88,114.09,1.08,1.38,100.11,308.58,7903,0.57,1.58,9.62,1.00,0.07,-0.03,0.01,3.39,-7.97,0.61,6,7,27,0,35.2901850,136.2529050,82.50, 0.09
3027173,0.10,-0.82,9.58,1.00,-0.04,-0.00,0.00,-0.47,4.99,0.03,10.60,0.00,0,2,1001.31,41.46,109.24,1001.31,40.59,108.97,0.63,1000.64,37.88,114.10,2.33,2.03,99.32,308.58,7903,0.61,1.73,9.64,1.00,0.07,-0.03,0.01,3.39,-7.98,0.61,6,7,27,0,35.2901850,136.2529050,82.50, 0.09
3027230,0.11,-0.79,9.55,1.00,-0.04,-0.00,0.00,-0.47,4.99,0.03,10.60,0.00,0,2,1001.31,41.46,109.26,1001.31,40.59,108.98,0.63,1000.65,37.89,114.06,2.13,1.94,99.49,308.58,7902,0.60,1.34,9.62,1.00,0.07,-0.03,0.01,3.39,-7.98,0.61,6,7,27,0,35.2901850,136.2529050,82.50, 0.09
3027282,0.09,-0.82,9.56,1.00,-0.04,-0.00,0.00,-0.47,4.99,0.03,10.62,0.00,0,2,1001.31,41.47,109.30,1001.31,40.58,108.96,0.64,1000.64,37.89,114.12,2.88,2.26,99.23,308.58,7902,0.44,1.40,9.62,1.00,0.07,-0.03,0.01,3.39,-7.98,0.61,6,7,27,0,35.2901850,136.2529050,82.50, 0.09
3027340,0.12,-0.82,9.53,1.00,-0.04,-0.00,0.00,-0.47,4.99,0.03,10.61,0.00,0,2,1001.31,41.46,109.23,1001.31,40.59,108.97,0.63,1000.64,37.88,114.14,2.72,2.19,97.56,308.58,7902,0.63,1.27,9.52,1.00,0.07,-0.03,0.01,3.39,-7.98,0.61,6,7,27,0,35.2901850,136.2529050,82.50, 0.09
3027391,0.05,-0.83,9.50,1.00,-0.04,-0.00,0.00,-0.47,4.99,0.03,10.63,0.00,0,2,1001.31,41.45,109.27,1001.31,40.58,109.00,0.63,1000.64,37.88,114.15,2.72,2.19,97.29,308.58,7903,0.66,1.35,9.55,1.00,0.07,-0.03,0.01,3.39,-7.98,0.61,6,7,27,0,35.2901850,136.2529050,82.50, 0.09
3027448,0.14,-0.81,9.53,1.00,-0.04,-0.00,0.00,-0.47,4.99,0.03,10.61,0.00,0,2,1001.31,41.46,109.25,1001.31,40.59,109.00,0.63,1000.64,37.88,114.10,3.03,2.31,98.96,308.58,7902,0.52,1.37,9.57,1.00,0.07,-0.03,0.01,3.39,-7.98,0.61,6,7,27,0,35.2901850,136.2529050,82.50, 0.09
3027500,0.09,-0.81,9.52,1.00,-0.04,-0.00,0.00,-0.47,4.99,0.03,10.60,0.00,0,2,1001.31,41.45,109.25,1001.31,40.58,108.98,0.63,1000.65,37.88,114.07,3.23,2.39,101.60,308.58,7903,0.56,1.68,9.63,1.00,0.07,-0.03,0.01,3.39,-7.98,0.61,6,7,27,0,35.2901850,136.2529050,82.50, 0.09
3027558,0.09,-0.81,9.53,1.00,-0.04,-0.00,0.00,-0.47,4.99,0.03,10.60,0.00,0,2,1001.31,41.46,109.26,1001.31,40.58,108.96,0.63,1000.65,37.88,114.05,3.05,2.32,102.57,308.58,7903,0.58,1.65,9.63,1.00,0.07,-0.03,0.01,3.39,-7.97,0.61,6,7,27,0,35.2901850,136.2529050,82.50, 0.09
3027610,0.10,-0.85,9.51,1.00,-0.04,-0.00,0.00,-0.47,4.99,0.03,10.60,0.00,0,2,1001.31,41.47,109.29,1001.31,40.58,108.98,0.64,1000.64,37.88,114.09,2.65,2.16,103.71,308.58,7901,0.60,1.56,9.61,1.00,0.07,-0.03,0.01,3.39,-7.97,0.61,6,7,27,0,35.2901850,136.2529050,82.50, 0.09
3027663,0.12,-0.85,9.51,1.00,-0.04,-0.00,0.00,-0.47,4.99,0.03,10.61,0.00,0,2,1001.31,41.46,109.28,1001.31,40.59,108.97,0.63,1000.64,37.88,114.09,2.73,2.20,105.73,308.58,7903,0.55,1.19,9.50,1.00,0.07,-0.03,0.01,3.39,-7.97,0.61,6,7,27,0,35.2901850,136.2529050,82.50, 0.09
3027720,0.14,-0.88,9.54,1.00,-0.04,-0.00,0.00,-0.47,4.99,0.03,10.61,0.00,0,2,1001.31,41.46,109.24,1001.31,40.59,108.94,0.63,1000.64,37.88,114.09,3.18,2.37,107.05,308.58,7902,0.56,1.26,9.53,1.00,0.07,-0.03,0.01,3.39,-7.97,0.61,6,7,27,0,35.2901850,136.2529050,82.50, 0.09
3027776,0.11,-0.85,9.55,1.00,-0.04,-0.00,0.00,-0.47,4.99,0.03,10.60,0.00,0,2,1001.30,41.46,109.32,1001.31,40.58,108.97,0.63,1000.64,37.88,114.16,2.62,2.15,105.91,308.58,7903,0.61,1.49,9.60,1.00,0.07,-0.03,0.01,3.39,-7.97,0.61,6,7,27,0,35.2901850,136.2529050,82.50, 0.09
3027830,0.05,-0.79,9.50,1.00,-0.04,-0.00,0.00,-0.47,4.99,0.03,10.62,0.00,0,2,1001.31,41.46,109.28,1001.31,40.58,108.96,0.64,1000.64,37.88,114.13,2.12,1.93,103.62,308.58,7902,0.61,1.43,9.58,1.00,0.07,-0.03,0.01,3.39,-7.97,0.61,6,7,27,0,35.2901850,136.2529050,82.50, 0.09
3027886,0.08,-0.84,9.55,1.00,-0.04,-0.00,0.00,-0.47,4.99,0.03,10.63,0.00,0,2,1001.31,41.46,109.29,1001.31,40.58,108.98,0.63,1000.64,37.88,114.11,2.92,2.27,97.73,308.58,7902,0.59,1.49,9.63,1.00,0.07,-0.03,0.01,3.39,-7.97,0.61,6,7,27,0,35.2901850,136.2529050,82.50, 0.09
3027939,0.14,-0.79,9.51,1.00,-0.04,-0.00,0.00,-0.47,4.99,0.03,10.61,0.00,0,2,1001.31,41.47,109.27,1001.31,40.59,108.94,0.63,1000.64,37.88,114.11,0.95,1.29,94.13,308.58,7902,0.56,1.18,9.51,1.00,0.07,-0.03,0.01,3.39,-7.97,0.61,6,7,27,0,35.2901850,136.2529050,82.50, 0.09
3027995,0.08,-0.79,9.49,1.00,-0.04,-0.00,0.00,-0.47,4.99,0.03,10.60,0.00,0,2,1001.31,41.46,109.28,1001.31,40.58,108.96,0.63,1000.64,37.88,114.16,-0.03,0.24,93.87,308.67,7902,0.54,1.18,9.52,1.00,0.07,-0.03,0.01,3.39,-7.97,0.61,6,7,28,0,35.2901867,136.2529033,82.50, 0.09
3028050,0.11,-0.82,9.53,1.00,-0.04,-0.00,0.00,-0.47,4.99,0.03,10.60,0.00,0,2,1001.31,41.47,109.29,1001.31,40.59,108.94,0.63,1000.64,37.88,114.12,0.22,0.62,93.78,308.58,7901,0.63,1.39,9.58,1.00,0.07,-0.03,0.01,3.39,-7.97,0.61,6,7,28,0,35.2901867,136.2529033,82.50, 0.09
3028106,0.09,-0.82,9.51,1.00,-0.04,-0.00,0.00,-0.47,4.99,0.03,10.60,0.00,0,2,1001.31,41.47,109.26,1001.31,40.58,108.98,0.63,1000.64,37.89,114.15,1.02,1.34,92.90,308.58,7902,0.57,1.36,9.59,1.00,0.07,-0.03,0.01,3.39,-7.97,0.61,6,7,28,0,35.2901867,136.2529033,82.50, 0.09
3028158,0.09,-0.82,9.51,1.00,-0.04,-0.00,0.00,-0.47,4.99,0.03,10.60,0.00,0,2,1001.31,41.47,109.27,1001.31,40.60,108.95,0.63,1000.64,37.88,114.09,1.75,1.76,93.78,308.58,7903,0.59,1.43,9.58,1.00,0.07,-0.03,0.01,3.39,-7.97,0.61,6,7,28,0,35.2901867,136.2529033,82.50, 0.09
3028213,0.06,-0.79,9.55,1.00,-0.04,-0.00,0.00,-0.47,4.99,0.03,10.59,0.00,0,2,1001.31,41.46,109.26,1001.31,40.58,108.97,0.63,1000.64,37.87,114.11,1.67,1.71,94.66,308.58,7902,0.53,1.34,9.57,1.00,0.07,-0.03,0.01,3.39,-7.97,0.61,6,7,28,0,35.2901867,136.2529033,82.50, 0.09
3028268,0.13,-0.81,9.52,1.00,-0.04,-0.00,0.00,-0.47,4.99,0.03,10.59,0.00,0,2,1001.31,41.47,109.27,1001.31,40.58,108.96,0.63,1000.65,37.88,114.07,1.82,1.79,95.27,308.67,7903,0.56,1.28,9.57,1.00,0.07,-0.03,0.01,3.39,-7.97,0.61,6,7,28,0,35.2901867,136.2529033,82.50, 0.09
3028320,0.13,-0.86,9.51,1.00,-0.04,-0.00,0.00,-0.47,4.99,0.03,10.60,0.00,0,2,1001.31,41.48,109.23,1001.31,40.59,109.00,0.63,1000.65,37.87,114.05,2.50,2.10,95.54,308.58,7902,0.56,1.25,9.51,1.00,0.07,-0.03,0.01,3.39,-7.97,0.61,6,7,28,0,35.2901867,136.2529033,82.50, 0.09
3028378,0.11,-0.90,9.53,1.00,-0.04,-0.00,0.00,-0.47,4.99,0.03,10.59,0.00,0,2,1001.31,41.47,109.25,1001.31,40.58,108.96,0.63,1000.65,37.88,114.04,3.07,2.33,95.27,308.58,7902,0.57,1.30,9.54,1.00,0.07,-0.03,0.01,3.39,-7.97,0.61,6,7,28,0,35.2901867,136.2529033,82.50, 0.09
3028436,0.10,-0.90,9.61,1.00,-0.04,-0.00,0.00,-0.47,4.99,0.03,10.59,0.00,0,2,1001.31,41.48,109.27,1001.31,40.59,109.00,0.63,1000.64,37.88,114.09,3.40,2.45,95.62,308.67,7902,0.56,1.51,9.60,1.00,0.07,-0.03,0.01,3.39,-7.97,0.61,6,7,28,0,35.2901867,136.2529033,82.50, 0.09
3028490,0.05,-0.90,9.51,1.00,-0.04,-0.00,0.00,-0.47,4.99,0.03,10.60,0.00,0,2,1001.31,41.48,109.26,1001.31,40.59,108.96,0.63,1000.64,37.88,114.09,2.82,2.23,95.80,308.58,7903,0.54,1.20,9.50,1.00,0.07,-0.03,0.01,3.39,-7.97,0.61,6,7,28,0,35.2901867,136.2529033,82.50, 0.09
3028546,0.08,-0.82,9.51,1.00,-0.04,-0.00,0.00,-0.47,4.99,0.03,10.60,0.00,0,2,1001.31,41.47,109.29,1001.30,40.59,108.96,0.63,1000.64,37.88,114.09,1.68,1.72,95.36,308.58,7902,0.66,1.17,9.53,1.00,0.07,-0.03,0.01,3.39,-7.97,0.61,6,7,28,0,35.2901867,136.2529033,82.50, 0.09
3028597,0.10,-0.81,9.50,1.00,-0.04,-0.00,0.00,-0.47,4.99,0.03,10.61,0.00,0,2,1001.31,41.48,109.30,1001.31,40.59,108.97,0.63,1000.64,37.87,114.11,2.87,2.25,95.10,308.58,7903,0.64,1.09,9.49,1.00,0.07,-0.03,0.01,3.39,-7.97,0.61,6,7,28,0,35.2901867,136.2529033,82.50, 0.09
3028651,0.11,-0.86,9.56,1.00,-0.04,-0.00,0.00,-0.47,4.99,0.03,10.61,0.00,0,2,1001.31,41.48,109.30,1001.31,40.59,108.96,0.63,1000.65,37.88,114.07,2.50,2.10,95.19,308.67,7903,0.45,1.21,9.51,1.00,0.07,-0.03,0.01,3.39,-7.97,0.61,6,7,28,0,35.2901867,136.2529033,82.50, 0.09
3028706,0.12,-0.81,9.49,1.00,-0.04,-0.00,0.00,-0.47,4.99,0.03,10.61,0.00,0,2,1001.31,41.48,109.28,1001.31,40.59,108.96,0.64,1000.64,37.88,114.13,2.12,1.93,95.19,308.58,7902,0.57,1.45,9.54,1.00,0.07,-0.03,0.01,3.39,-7.97,0.61,6,7,28,0,35.2901867,136.2529033,82.50, 0.09
3028758,0.13,-0.81,9.48,1.00,-0.04,-0.00,0.00,-0.47,4.99,0.03,10.61,0.00,0,2,1001.31,41.48,109.28,1001.31,40.59,108.96,0.63,1000.64,37.88,114.14,0.88,1.25,95.19,308.58,7902,0.47,1.14,9.47,1.00,0.07,-0.03,0.01,3.39,-7.97,0.61,6,7,28,0,35.2901867,136.2529033,82.50, 0.09
3028815,0.12,-0.79,9.54,1.00,-0.04,-0.00,0.00,-0.47,4.99,0.03,10.60,0.00,0,2,1001.31,41.49,109.28,1001.31,40.59,108.96,0.63,1000.64,37.88,114.11,2.32,2.02,95.98,308.58,7903,0.54,1.41,9.61,1.00,0.07,-0.03,0.01,3.39,-7.97,0.61,6,7,28,0,35.2901867,136.2529033,82.50, 0.07
3028867,0.11,-0.83,9.52,1.00,-0.04,-0.00,0.00,-0.47,4.99,0.03,10.61,0.00,0,2,1001.31,41.49,109.31,1001.31,40.59,108.96,0.63,1000.65,37.88,114.07,0.68,1.10,95.54,308.67,7903,0.51,1.20,9.52,1.00,0.07,-0.03,0.01,3.39,-7.97,0.61,6,7,28,0,35.2901867,136.2529033,82.50, 0.07
3028920,0.05,-0.86,9.50,1.00,-0.04,-0.00,0.00,-0.47,4.99,0.03,10.60,0.00,0,2,1001.31,41.50,109.28,1001.31,40.58,108.96,0.63,1000.64,37.88,114.11,1.08,1.38,95.62,308.58,7902,0.58,1.17,9.52,1.00,0.07,-0.03,0.01,3.39,-7.97,0.61,6,7,29,0,35.2901883,136.2529000,82.50, 0.07
3028975,0.07,-0.81,9.52,1.00,-0.04,-0.00,0.00,-0.47,4.99,0.03,10.61,0.00,0,2,1001.31,41.49,109.26,1001.31,40.58,108.96,0.64,1000.63,37.88,114.18,1.43,1.59,94.75,308.67,7902,0.61,1.16,9.52,1.00,0.07,-0.03,0.01,3.39,-7.97,0.61,6,7,29,0,35.2901883,136.2529000,82.50, 0.07
3029033,0.11,-0.87,9.52,1.00,-0.04,-0.00,0.00,-0.47,4.99,0.03,10.61,0.00,0,2,1001.31,41.49,109.31,1001.31,40.59,108.99,0.63,1000.64,37.87,114.16,1.62,1.69,94.57,308.67,7902,0.58,1.23,9.51,1.00,0.07,-0.03,0.01,3.39,-7.97,0.61,6,7,29,0,35.2901883,136.2529000,82.50, 0.07
3029086,0.14,-0.81,9.50,1.00,-0.04,-0.00,0.00,-0.47,4.99,0.03,10.62,0.00,0,2,1001.31,41.48,109.31,1001.31,40.59,108.99,0.63,1000.64,37.89,114.12,1.57,1.66,94.57,308.58,7902,0.51,1.49,9.64,1.00,0.07,-0.03,0.01,3.39,-7.97,0.61,6,7,29,0,35.2901883,136.2529000,82.50, 0.07
3029144,0.08,-0.82,9.48,1.00,-0.04,-0.00,0.00,-0.47,4.99,0.03,10.62,0.00,0,2,1001.31,41.48,109.30,1001.31,40.58,108.97,0.63,1000.64,37.88,114.14,0.92,1.27,94.39,308.58,7903,0.57,1.53,9.62,1.00,0.07,-0.03,0.01,3.39,-7.97,0.61,6,7,29,0,35.2901883,136.2529000,82.50, 0.07
3029195,0.11,-0.81,9.51,1.00,-0.04,-0.00,0.00,-0.47,4.99,0.03,10.62,0.00,0,2,1001.31,41.49,109.28,1001.31,40.60,108.96,0.63,1000.64,37.89,114.12,0.80,1.19,95.10,308.67,7903,0.58,1.41,9.56,1.00,0.07,-0.03,0.01,3.39,-7.97,0.61,6,7,29,0,35.2901883,136.2529000,82.50, 0.07
3029254,0.12,-0.87,9.53,1.00,-0.04,-0.00,0.00,-0.47,4.99,0.03,10.61,0.00,0,2,1001.31,41.50,109.30,1001.31,40.61,108.97,0.63,1000.64,37.89,114.09,0.63,1.06,97.38,308.58,7903,0.56,1.58,9.61,1.00,0.07,-0.03,0.01,3.39,-7.97,0.61,6,7,29,0,35.2901883,136.2529000,82.50, 0.07
3029306,0.07,-0.86,9.50,1.00,-0.04,-0.00,0.00,-0.47,4.99,0.03,10.59,0.00,0,2,1001.31,41.49,109.30,1001.31,40.60,108.95,0.63,1000.64,37.88,114.11,2.17,1.96,97.47,308.58,7902,0.59,1.26,9.51,1.00,0.07,-0.03,0.01,3.39,-7.97,0.61,6,7,29,0,35.2901883,136.2529000,82.50, 0.07
3029359,0.07,-0.87,9.54,1.00,-0.04,-0.00,0.00,-0.47,4.99,0.03,10.59,0.00,0,2,1001.31,41.49,109.31,1001.31,40.60,108.97,0.63,1000.64,37.88,114.14,1.97,1.86,97.38,308.58,7902,0.59,1.31,9.56,1.00,0.07,-0.03,0.01,3.39,-7.97,0.61,6,7,29,0,35.2901883,136.2529000,82.50, 0.07
3029416,0.09,-0.84,9.53,1.00,-0.04,-0.00,0.00,-0.47,4.99,0.03,10.60,0.00,0,2,1001.31,41.49,109.31,1001.31,40.60,108.98,0.62,1000.64,37.89,114.09,2.47,2.09,97.38,308.58,7903,0.56,1.19,9.54,1.00,0.07,-0.03,0.01,3.39,-7.97,0.61,6,7,29,0,35.2901883,136.2529000,82.50, 0.07
3029472,0.11,-0.81,9.57,1.00,-0.04,-0.00,0.00,-0.47,4.99,0.03,10.60,0.00,0,2,1001.31,41.49,109.31,1001.31,40.59,108.98,0.63,1000.65,37.89,114.07,2.10,1.92,96.94,308.58,7903,0.52,1.29,9.53,1.00,0.07,-0.03,0.01,3.39,-7.97,0.61,6,7,29,0,35.2901883,136.2529000,82.50, 0.07
3029524,0.12,-0.82,9.54,1.00,-0.04,-0.00,0.00,-0.47,4.99,0.03,10.60,0.00,0,2,1001.31,41.49,109.30,1001.31,40.59,108.96,0.63,1000.64,37.89,114.11,1.45,1.60,96.42,308.58,7902,0.58,1.32,9.57,1.00,0.07,-0.03,0.01,3.39,-7.97,0.61,6,7,29,0,35.2901883,136.2529000,82.50, 0.07
3029581,0.09,-0.84,9.52,1.00,-0.04,-0.00,0.00,-0.47,4.99,0.03,10.60,0.00,0,2,1001.31,41.48,109.28,1001.31,40.59,108.96,0.63,1000.64,37.89,114.15,0.55,0.99,97.21,308.58,7902,0.60,1.39,9.60,1.00,0.07,-0.03,0.01,3.39,-7.97,0.61,6,7,29,0,35.2901883,136.2529000,82.50, 0.07
3029635,0.10,-0.80,9.53,1.00,-0.04,-0.00,0.00,-0.47,4.99,0.03,10.60,0.00,0,2,1001.31,41.50,109.28,1001.31,40.60,108.95,0.63,1000.65,37.88,114.07,0.92,1.27,97.56,308.58,7903,0.58,1.37,9.56,1.00,0.07,-0.03,0.01,3.39,-7.97,0.61,6,7,29,0,35.2901883,136.2529000,82.50, 0.07
3029692,0.07,-0.82,9.49,1.00,-0.04,-0.00,0.00,-0.47,4.99,0.03,10.59,0.00,0,2,1001.31,41.50,109.27,1001.31,40.60,109.00,0.63,1000.64,37.88,114.09,1.18,1.44,97.47,308.58,7902,0.51,1.39,9.59,1.00,0.07,-0.03,0.01,3.39,-7.97,0.61,6,7,29,0,35.2901883,136.2529000,82.50, 0.07
3029744,0.11,-0.84,9.51,1.00,-0.04,-0.00,0.00,-0.47,4.99,0.03,10.59,0.00,0,2,1001.31,41.49,109.31,1001.31,40.59,108.97,0.63,1000.64,37.89,114.08,1.53,1.64,98.70,308.58,7903,0.60,1.43,9.60,1.00,0.07,-0.03,0.01,3.39,-7.97,0.61,6,7,29,0,35.2901883,136.2529000,82.50, 0.05
3029802,0.09,-0.83,9.50,1.00,-0.04,-0.00,0.00,-0.47,4.99,0.03,10.59,0.00,0,2,1001.31,41.50,109.27,1001.31,40.59,108.96,0.63,1000.64,37.88,114.09,2.23,1.98,98.61,308.58,7903,0.58,1.28,9.53,1.00,0.07,-0.03,0.01,3.39,-7.97,0.61,6,7,29,0,35.2901883,136.2529000,82.50, 0.05
3029854,0.08,-0.85,9.54,1.00,-0.04,-0.00,0.00,-0.47,4.99,0.03,10.60,0.00,0,2,1001.31,41.49,109.29,1001.31,40.60,108.99,0.63,1000.65,37.89,114.05,1.17,1.43,97.47,308.58,7902,0.56,1.38,9.58,1.00,0.07,-0.03,0.01,3.39,-7.97,0.61,6,7,30,0,35.2901900,136.2528983,82.50, 0.05
3029908,0.11,-0.83,9.55,1.00,-0.04,-0.00,0.00,-0.47,4.99,0.03,10.60,0.00,0,2,1001.31,41.49,109.27,1001.31,40.60,108.96,0.63,1000.64,37.87,114.09,1.70,1.73,96.86,308.58,7903,0.55,1.29,9.55,1.00,0.07,-0.03,0.01,3.39,-7.97,0.61,6,7,30,0,35.2901900,136.2528983,82.50, 0.05
3029962,0.11,-0.82,9.55,1.00,-0.04,-0.00,0.00,-0.47,4.99,0.03,10.60,0.00,0,2,1001.31,41.49,109.29,1001.31,40.61,108.97,0.63,1000.65,37.89,114.07,2.43,2.07,96.24,308.58,7902,0.58,1.43,9.58,1.00,0.07,-0.03,0.01,3.39,-7.97,0.61,6,7,30,0,35.2901900,136.2528983,82.50, 0.05
3030019,0.09,-0.86,9.52,1.00,-0.04,-0.00,0.00,-0.47,4.99,0.03,10.60,0.00,0,2,1001.30,41.49,109.32,1001.31,40.59,108.96,0.63,1000.65,37.89,114.07,2.33,2.03,95.98,308.58,7903,0.58,1.38,9.60,1.00,0.07,-0.03,0.01,3.39,-7.97,0.61,6,7,30,0,35.2901900,136.2528983,82.50, 0.05
3030072,0.11,-0.83,9.55,1.00,-0.04,-0.00,0.00,-0.47,4.99,0.03,10.60,0.00,0,2,1001.31,41.49,109.29,1001.31,40.59,109.00,0.63,1000.65,37.88,114.07,2.18,1.96,96.06,308.58,7902,0.55,1.39,9.56,1.00,0.07,-0.03,0.01,3.39,-7.97,0.61,6,7,30,0,35.2901900,136.2528983,82.50, 0.05
3030129,0.10,-0.81,9.50,1.00,-0.04,-0.00,0.00,-0.47,4.99,0.03,10.59,0.00,0,2,1001.31,41.49,109.27,1001.31,40.59,108.94,0.63,1000.65,37.89,114.05,1.62,1.69,95.89,308.67,7902,0.55,1.26,9.53,1.00,0.07,-0.03,0.01,3.39,-7.97,0.61,6,7,30,0,35.2901900,136.2528983,82.50, 0.05
3030182,0.09,-0.81,9.50,1.00,-0.04,-0.00,0.00,-0.47,4.99,0.03,10.59,0.00,0,2,1001.31,41.50,109.28,1001.31,40.59,108.95,0.63,1000.65,37.87,114.06,2.45,2.08,96.06,308.58,7903,0.58,1.30,9.54,1.00,0.07,-0.03,0.01,3.39,-7.97,0.61,6,7,30,0,35.2901900,136.2528983,82.50, 0.05
3030238,0.08,-0.83,9.52,1.00,-0.04,-0.00,0.00,-0.47,4.99,0.03,10.58,0.00,0,2,1001.31,41.50,109.28,1001.31,40.59,108.94,0.63,1000.65,37.88,114.07,1.18,1.44,97.38,308.58,7902,0.61,1.35,9.59,1.00,0.07,-0.03,0.01,3.39,-7.97,0.61,6,7,30,0,35.2901900,136.2528983,82.50, 0.05
3030292,0.15,-0.80,9.55,1.00,-0.04,-0.00,0.00,-0.47,4.99,0.03,10.58,0.00,0,2,1001.31,41.48,109.28,1001.31,40.60,108.95,0.63,1000.65,37.88,114.04,0.68,1.10,98.70,308.58,7903,0.52,1.30,9.55,1.00,0.07,-0.03,0.01,3.39,-7.97,0.61,6,7,30,0,35.2901900,136.2528983,82.50, 0.05
3030349,0.10,-0.82,9.53,1.00,-0.04,-0.00,0.00,-0.47,4.99,0.03,10.58,0.00,0,2,1001.31,41.50,109.26,1001.31,40.60,108.97,0.63,1000.65,37.88,114.05,1.93,1.85,101.34,308.58,7902,0.56,1.35,9.59,1.00,0.07,-0.03,0.01,3.39,-7.97,0.61,6,7,30,0,35.2901900,136.2528983,82.50, 0.05
3030402,0.10,-0.81,9.53,1.00,-0.04,-0.00,0.00,-0.47,4.99,0.03,10.59,0.00,0,2,1001.31,41.50,109.31,1001.31,40.60,108.97,0.63,1000.65,37.88,114.03,1.93,1.85,101.43,308.67,7902,0.57,1.30,9.53,1.00,0.07,-0.03,0.01,3.39,-7.97,0.61,6,7,30,0,35.2901900,136.2528983,82.50, 0.05
3030455,0.09,-0.84,9.53,1.00,-0.04,-0.00,0.00,-0.47,4.99,0.03,10.60,0.00,0,2,1001.31,41.50,109.28,1001.31,40.60,108.93,0.63,1000.64,37.89,114.12,0.32,0.75,99.58,308.58,7903,0.60,1.36,9.58,1.00,0.07,-0.03,0.01,3.39,-7.97,0.61,6,7,30,0,35.2901900,136.2528983,82.50, 0.05
3030510,0.09,-0.82,9.51,1.00,-0.04,-0.00,0.00,-0.47,4.99,0.03,10.60,0.00,0,2,1001.31,41.51,109.26,1001.31,40.60,108.97,0.63,1000.64,37.89,114.12,1.15,1.42,98.00,308.58,7903,0.53,1.31,9.55,1.00,0.07,-0.03,0.01,3.39,-7.97,0.61,6,7,30,0,35.2901900,136.2528983,82.50, 0.05
3030563,0.10,-0.81,9.52,1.00,-0.04,-0.00,0.00,-0.47,4.99,0.03,10.60,0.00,0,2,1001.31,41.50,109.27,1001.31,40.60,108.95,0.63,1000.64,37.89,114.10,2.43,2.07,95.71,308.58,7902,0.56,1.39,9.58,1.00,0.07,-0.03,0.01,3.39,-7.97,0.61,6,7,30,0,35.2901900,136.2528983,82.50, 0.05
3030621,0.11,-0.80,9.55,1.00,-0.04,-0.00,0.00,-0.47,4.99,0.03,10.61,0.00,0,2,1001.31,41.50,109.28,1001.31,40.59,108.97,0.63,1000.65,37.88,114.07,1.08,1.38,94.13,308.67,7903,0.54,1.30,9.56,1.00,0.07,-0.03,0.01,3.39,-7.97,0.61,6,7,30,0,35.2901900,136.2528983,82.50, 0.05
3030678,0.08,-0.85,9.53,1.00,-0.04,-0.00,0.00,-0.47,4.99,0.03,10.60,0.00,0,2,1001.31,41.51,109.26,1001.31,40.60,108.97,0.63,1000.64,37.89,114.10,2.02,1.89,95.10,308.67,7903,0.56,1.36,9.57,1.00,0.07,-0.03,0.01,3.39,-7.97,0.61,6,7,30,0,35.2901900,136.2528983,82.50, 0.05
3030731,0.10,-0.81,9.50,1.00,-0.04,-0.00,0.00,-0.47,4.99,0.03,10.60,0.00,0,2,1001.31,41.50,109.28,1001.31,40.60,108.95,0.62,1000.65,37.89,114.07,1.88,1.82,95.01,308.58,7902,0.54,1.36,9.56,1.00,0.07,-0.03,0.01,3.39,-7.97,0.61,6,7,30,0,35.2901900,136.2528983,82.50, 0.13
3030788,0.08,-0.84,9.51,1.00,-0.04,-0.00,0.00,-0.47,4.99,0.03,10.59,0.00,0,2,1001.31,41.51,109.29,1001.31,40.60,108.97,0.62,1000.65,37.89,114.06,2.15,1.95,94.22,308.58,7902,0.53,1.32,9.56,1.00,0.07,-0.03,0.01,3.39,-7.97,0.61,6,7,30,0,35.2901900,136.2528983,82.50, 0.13
3030840,0.11,-0.80,9.55,1.00,-0.04,-0.00,0.00,-0.47,4.99,0.03,10.59,0.00,0,2,1001.31,41.50,109.30,1001.31,40.59,108.97,0.63,1000.65,37.90,114.04,1.77,1.77,95.45,308.58,7902,0.55,1.35,9.60,1.00,0.07,-0.03,0.01,3.39,-7.97,0.61,6,7,31,0,35.2901883,136.2528950,82.50, 0.13
3030897,0.12,-0.84,9.54,1.00,-0.04,-0.00,0.00,-0.47,4.99,0.03,10.60,0.00,0,2,1001.31,41.51,109.26,1001.32,40.61,108.91,0.62,1000.65,37.89,114.03,1.32,1.52,98.70,308.58,7902,0.53,1.42,9.60,1.00,0.07,-0.03,0.01,3.39,-7.97,0.61,6,7,31,0,35.2901883,136.2528950,82.50, 0.13
3030949,0.10,-0.81,9.56,1.00,-0.04,-0.00,0.00,-0.47,4.99,0.03,10.59,0.00,0,2,1001.31,41.52,109.26,1001.31,40.60,108.97,0.63,1000.65,37.89,114.01,1.47,1.61,100.37,308.58,7903,0.59,1.39,9.57,1.00,0.07,-0.03,0.01,3.39,-7.97,0.61,6,7,31,0,35.2901883,136.2528950,82.50, 0.13
3031002,0.06,-0.84,9.53,1.00,-0.04,-0.00,0.00,-0.47,4.99,0.03,10.58,0.00,0,2,1001.31,41.52,109.29,1001.31,40.59,108.97,0.63,1000.66,37.90,113.99,1.62,1.69,101.43,308.58,7903,0.63,1.44,9.59,1.00,0.07,-0.03,0.01,3.39,-7.97,0.61,6,7,31,0,35.2901883,136.2528950,82.50, 0.13
3031059,0.04,-0.86,9.55,1.00,-0.04,-0.00,0.00,-0.47,4.99,0.03,10.59,0.00,0,2,1001.31,41.51,109.30,1001.31,40.58,108.98,0.63,1000.65,37.88,114.06,1.45,1.60,100.37,308.58,7902,0.65,1.30,9.56,1.00,0.07,-0.03,0.01,3.39,-7.97,0.61,6,7,31,0,35.2901883,136.2528950,82.50, 0.13
3031117,0.04,-0.88,9.50,1.00,-0.04,-0.00,0.00,-0.47,4.99,0.03,10.60,0.00,0,2,1001.31,41.51,109.29,1001.31,40.60,108.99,0.62,1000.65,37.88,114.05,1.57,1.66,100.02,308.58,7902,0.54,1.30,9.54,1.00,0.07,-0.03,0.01,3.39,-7.97,0.61,6,7,31,0,35.2901883,136.2528950,82.50, 0.13
3031170,0.14,-0.85,9.52,1.00,-0.04,-0.00,0.00,-0.47,4.99,0.03,10.61,0.00,0,2,1001.31,41.52,109.27,1001.31,40.59,108.97,0.62,1000.65,37.89,114.08,1.70,1.73,99.93,308.58,7904,0.55,1.22,9.51,1.00,0.07,-0.03,0.01,3.39,-7.97,0.61,6,7,31,0,35.2901883,136.2528950,82.50, 0.13
3031225,0.22,-0.82,9.53,1.00,-0.04,-0.00,0.00,-0.47,4.99,0.03,10.61,0.00,0,2,1001.31,41.51,109.28,1001.31,40.60,108.97,0.62,1000.65,37.89,114.07,1.53,1.64,99.58,308.67,7902,0.43,1.37,9.58,1.00,0.07,-0.03,0.01,3.39,-7.97,0.61,6,7,31,0,35.2901883,136.2528950,82.50, 0.13
3031279,0.12,-0.89,9.49,1.00,-0.04,-0.00,0.00,-0.47,4.99,0.03,10.61,0.00,0,2,1001.31,41.51,109.29,1001.31,40.59,108.96,0.62,1000.65,37.88,114.05,1.12,1.40,98.96,308.58,7902,0.52,1.46,9.60,1.00,0.07,-0.03,0.01,3.39,-7.97,0.61,6,7,31,0,35.2901883,136.2528950,82.50, 0.13
3031336,0.10,-0.80,9.48,1.00,-0.04,-0.00,0.00,-0.47,4.99,0.03,10.61,0.00,0,2,1001.31,41.49,109.31,1001.31,40.59,108.97,0.62,1000.64,37.89,114.09,1.10,1.39,98.88,308.58,7903,0.63,1.25,9.50,1.00,0.07,-0.03,0.01,3.39,-7.97,0.61,6,7,31,0,35.2901883,136.2528950,82.50, 0.13
3031389,0.09,-0.81,9.58,1.00,-0.04,-0.00,0.00,-0.47,4.99,0.03,10.60,0.00,0,2,1001.31,41.51,109.31,1001.31,40.61,108.95,0.62,1000.65,37.89,114.06,0.98,1.32,99.14,308.58,7903,0.56,1.64,9.67,1.00,0.07,-0.03,0.01,3.39,-7.99,0.61,6,7,31,0,35.2901883,136.2528950,82.50, 0.13
3031445,0.05,-0.75,9.51,1.00,-0.04,-0.00,0.00,-0.47,4.99,0.03,10.60,0.00,0,2,1001.31,41.53,109.28,1001.30,40.61,108.99,0.62,1000.65,37.88,114.02,1.30,1.51,96.94,308.67,7902,0.55,1.43,9.60,1.00,0.07,-0.03,0.01,3.39,-7.99,0.61,6,7,31,0,35.2901883,136.2528950,82.50, 0.13
3031497,0.07,-0.79,9.58,1.00,-0.04,-0.00,0.00,-0.47,4.99,0.03,10.60,0.00,0,2,1001.31,41.52,109.27,1001.31,40.59,108.98,0.62,1000.65,37.89,114.01,1.22,1.47,95.10,308.58,7902,0.61,1.16,9.53,1.00,0.07,-0.03,0.01,3.39,-7.99,0.61,6,7,31,0,35.2901883,136.2528950,82.50, 0.13
3031552,0.09,-0.77,9.52,1.00,-0.04,-0.00,0.00,-0.47,4.99,0.03,10.59,0.00,0,2,1001.31,41.52,109.27,1001.31,40.61,108.96,0.62,1000.65,37.89,114.01,1.55,1.65,95.54,308.58,7902,0.52,1.13,9.53,1.00,0.07,-0.03,0.01,3.39,-7.99,0.61,6,7,31,0,35.2901883,136.2528950,82.50, 0.13
3031608,0.12,-0.78,9.59,1.00,-0.04,-0.00,0.00,-0.47,4.99,0.03,10.60,0.00,0,2,1001.31,41.51,109.31,1001.31,40.61,108.99,0.62,1000.65,37.87,114.00,1.50,1.63,96.24,308.58,7903,0.49,1.17,9.56,1.00,0.07,-0.03,0.01,3.39,-7.99,0.61,6,7,31,0,35.2901883,136.2528950,82.50, 0.13
3031665,0.11,-0.81,9.42,1.00,-0.04,-0.00,0.00,-0.47,4.99,0.03,10.60,0.00,0,2,1001.31,41.51,109.29,1001.31,40.61,108.98,0.62,1000.65,37.88,114.00,1.97,1.86,96.42,308.58,7902,0.48,1.22,9.48,1.00,0.07,-0.03,0.01,3.39,-7.99,0.61,6,7,31,0,35.2901883,136.2528950,82.50, 0.13
3031716,0.11,-0.84,9.50,1.00,-0.04,-0.00,0.00,-0.47,4.99,0.03,10.60,0.00,0,2,1001.31,41.53,109.28,1001.31,40.61,108.96,0.63,1000.66,37.88,113.96,1.70,1.73,96.50,308.58,7902,0.53,1.50,9.62,1.00,0.07,-0.03,0.01,3.39,-7.99,0.61,6,7,31,0,35.2901883,136.2528950,82.50, 0.13
3031774,0.07,-0.90,9.47,1.00,-0.04,-0.00,0.00,-0.47,4.99,0.03,10.60,0.00,0,2,1001.31,41.53,109.28,1001.31,40.61,108.96,0.63,1000.65,37.89,114.00,1.82,1.79,96.50,308.58,7902,0.41,1.54,9.63,1.00,0.07,-0.03,0.01,3.39,-7.99,0.61,6,7,31,0,35.2901883,136.2528950,82.50, 0.13
3031826,0.06,-0.89,9.56,1.00,-0.04,-0.00,0.00,-0.47,4.99,0.03,10.59,0.00,0,2,1001.31,41.54,109.29,1001.31,40.61,108.95,0.63,1000.65,37.88,114.00,2.07,1.91,97.47,308.58,7903,0.36,1.49,9.61,1.00,0.07,-0.03,0.01,3.40,-8.00,0.62,6,7,31,0,35.2901883,136.2528950,82.50, 0.13
3031883,0.05,-0.85,9.48,1.00,-0.04,-0.00,0.00,-0.47,4.99,0.03,10.59,0.00,0,2,1001.31,41.54,109.29,1001.31,40.63,108.97,0.62,1000.65,37.89,114.01,2.08,1.92,98.70,308.58,7903,0.38,1.26,9.48,1.00,0.07,-0.03,0.01,3.40,-8.00,0.63,6,7,31,0,35.2901883,136.2528950,82.50, 0.13
3031936,0.11,-0.90,9.53,1.00,-0.04,-0.00,0.00,-0.47,4.99,0.03,10.59,0.00,0,2,1001.31,41.53,109.26,1001.31,40.61,109.02,0.63,1000.65,37.89,113.99,1.43,1.59,100.55,308.58,7902,0.35,1.37,9.66,1.00,0.07,-0.03,0.01,3.40,-8.02,0.62,6,7,31,0,35.2901883,136.2528950,82.50, 0.13
3031992,0.13,-0.77,9.54,1.00,-0.04,-0.00,0.00,-0.47,4.99,0.03,10.59,0.00,0,2,1001.31,41.54,109.27,1001.31,40.60,109.01,0.63,1000.66,37.89,113.99,1.35,1.54,101.78,308.50,7903,0.44,1.18,9.53,1.00,0.07,-0.03,0.01,3.39,-8.02,0.62,6,7,32,0,35.2901867,136.2528950,82.50, 0.13
3032046,0.13,-0.81,9.56,1.00,-0.04,-0.00,0.00,-0.47,4.99,0.03,10.59,0.00,0,2,1001.31,41.54,109.29,1001.31,40.61,108.99,0.63,1000.65,37.88,114.05,1.32,1.52,104.68,308.50,7902,0.67,1.41,9.59,1.00,0.07,-0.03,0.01,3.39,-8.02,0.62,6,7,32,0,35.2901867,136.2528950,82.50, 0.13
3032099,0.11,-0.83,9.45,1.00,-0.04,-0.00,0.00,-0.47,4.99,0.03,10.60,0.00,0,2,1001.31,41.53,109.30,1001.31,40.61,108.98,0.63,1000.65,37.89,114.03,1.85,1.81,105.47,308.50,7901,0.43,1.34,9.56,1.00,0.07,-0.03,0.01,3.38,-8.01,0.62,6,7,32,0,35.2901867,136.2528950,82.50, 0.13
3032155,0.03,-0.88,9.56,1.00,-0.04,-0.00,0.00,-0.47,4.99,0.03,10.62,0.00,0,2,1001.31,41.53,109.31,1001.31,40.62,108.96,0.63,1000.65,37.89,114.05,2.17,1.96,105.64,308.50,7902,0.45,1.50,9.59,1.00,0.07,-0.03,0.01,3.39,-8.02,0.62,6,7,32,0,35.2901867,136.2528950,82.50, 0.13
3032213,0.08,-0.83,9.50,1.00,-0.04,-0.00,0.00,-0.47,4.99,0.03,10.63,0.00,0,2,1001.30,41.54,109.33,1001.31,40.61,109.00,0.63,1000.65,37.89,114.04,1.13,1.41,106.26,308.50,7902,0.45,1.36,9.54,1.00,0.07,-0.03,0.01,3.39,-8.02,0.62,6,7,32,0,35.2901867,136.2528950,82.50, 0.13
3032266,0.11,-0.85,9.55,1.00,-0.04,-0.00,0.00,-0.47,4.99,0.03,10.62,0.00,0,2,1001.31,41.53,109.30,1001.31,40.60,109.00,0.63,1000.65,37.89,114.08,1.22,1.47,106.44,308.50,7902,0.54,1.35,9.59,1.00,0.07,-0.03,0.01,3.39,-8.02,0.62,6,7,32,0,35.2901867,136.2528950,82.50, 0.13
3032323,0.10,-0.80,9.46,1.00,-0.04,-0.00,0.00,-0.47,4.99,0.03,10.62,0.00,0,2,1001.31,41.53,109.31,1001.30,40.61,109.02,0.63,1000.65,37.89,114.06,1.37,1.55,107.67,308.50,7903,0.27,1.17,9.52,1.00,0.07,-0.03,0.01,3.37,-8.01,0.62,6,7,32,0,35.2901867,136.2528950,82.50, 0.13
3032375,0.11,-0.88,9.50,1.00,-0.04,-0.00,0.00,-0.47,4.99,0.03,10.62,0.00,0,2,1001.31,41.54,109.30,1001.31,40.60,109.00,0.62,1000.64,37.89,114.10,1.15,1.42,107.05,308.50,7903,0.30,1.47,9.64,1.00,0.07,-0.03,0.01,3.37,-8.01,0.61,6,7,32,0,35.2901867,136.2528950,82.50, 0.13
3032432,0.06,-0.88,9.49,1.00,-0.04,-0.00,0.00,-0.47,4.99,0.03,10.62,0.00,0,2,1001.31,41.54,109.29,1001.31,40.61,108.98,0.63,1000.64,37.88,114.14,1.00,1.33,105.03,308.50,7903,0.56,1.33,9.57,1.00,0.07,-0.03,0.01,3.37,-8.02,0.61,6,7,32,0,35.2901867,136.2528950,82.50, 0.13
3032484,0.09,-0.82,9.50,1.00,-0.04,-0.00,0.00,-0.47,4.99,0.03,10.61,0.00,0,2,1001.31,41.53,109.33,1001.31,40.61,108.96,0.63,1000.65,37.89,114.05,1.25,1.49,100.99,308.50,7902,0.53,1.27,9.57,1.00,0.07,-0.03,0.01,3.37,-8.02,0.61,6,7,32,0,35.2901867,136.2528950,82.50, 0.13
3032542,0.11,-0.81,9.52,1.00,-0.04,-0.00,0.00,-0.47,4.99,0.03,10.61,0.00,0,2,1001.31,41.53,109.31,1001.31,40.62,108.97,0.63,1000.65,37.89,114.08,1.07,1.37,97.82,308.50,7902,0.31,1.31,9.58,1.00,0.07,-0.03,0.01,3.38,-8.02,0.60,6,7,32,0,35.2901867,136.2528950,82.50, 0.13
3032594,0.14,-0.90,9.50,1.00,-0.04,-0.00,0.00,-0.47,4.99,0.03,10.62,0.00,0,2,1001.30,41.53,109.34,1001.31,40.61,108.99,0.63,1000.65,37.91,114.02,1.32,1.52,97.12,308.50,7903,0.34,1.55,9.62,1.00,0.07,-0.03,0.01,3.37,-8.04,0.60,6,7,32,0,35.2901867,136.2528950,82.50, 0.13
3032648,0.16,-0.85,9.50,1.00,-0.04,-0.00,0.00,-0.47,4.99,0.03,10.61,0.00,0,2,1001.31,41.54,109.27,1001.31,40.61,108.99,0.63,1000.65,37.89,114.03,1.65,1.71,97.21,308.50,7903,0.58,1.44,9.58,1.00,0.07,-0.03,0.01,3.36,-8.04,0.61,6,7,32,0,35.2901867,136.2528950,82.50, 0.13
3032702,0.07,-0.84,9.54,1.00,-0.04,-0.00,0.00,-0.47,4.99,0.03,10.61,0.00,0,2,1001.31,41.54,109.29,1001.30,40.61,108.99,0.63,1000.65,37.89,114.05,1.78,1.77,96.86,308.50,7902,0.46,1.35,9.54,1.00,0.07,-0.03,0.01,3.37,-8.04,0.61,6,7,32,0,35.2901867,136.2528950,82.50, 0.13
3032760,0.04,-0.75,9.49,1.00,-0.04,-0.00,0.00,-0.47,4.99,0.03,10.59,0.00,0,2,1001.31,41.54,109.30,1001.31,40.61,108.96,0.62,1000.65,37.89,113.99,0.73,1.14,96.33,308.50,7902,0.57,1.25,9.55,1.00,0.07,-0.03,0.01,3.37,-8.04,0.61,6,7,32,0,35.2901867,136.2528950,82.50, 0.13
3032814,0.05,-0.75,9.54,1.00,-0.04,-0.00,0.00,-0.47,4.99,0.03,10.60,0.00,0,2,1001.31,41.55,109.28,1001.31,40.61,108.98,0.62,1000.65,37.88,114.05,1.35,1.54,96.50,308.50,7902,0.52,1.25,9.57,1.00,0.07,-0.03,0.01,3.37,-8.04,0.60,6,7,32,0,35.2901867,136.2528950,82.50, 0.16
3032870,0.08,-0.74,9.53,1.00,-0.04,-0.00,0.00,-0.47,4.99,0.03,10.60,0.00,0,2,1001.31,41.55,109.28,1001.31,40.61,108.98,0.62,1000.65,37.89,114.03,1.48,1.62,96.50,308.50,7902,0.67,1.21,9.55,1.00,0.07,-0.03,0.01,3.37,-8.02,0.61,6,7,32,0,35.2901867,136.2528950,82.50, 0.16
3032924,0.13,-0.77,9.50,1.00,-0.04,-0.00,0.00,-0.47,4.99,0.03,10.59,0.00,0,2,1001.31,41.53,109.28,1001.31,40.61,108.96,0.62,1000.65,37.89,114.05,1.47,1.61,96.42,308.50,7903,0.47,1.36,9.59,1.00,0.07,-0.03,0.01,3.38,-8.02,0.60,6,7,33,0,35.2901867,136.2528950,82.50, 0.16
3032980,0.15,-0.80,9.52,1.00,-0.04,-0.00,0.00,-0.47,4.99,0.03,10.59,0.00,0,2,1001.31,41.54,109.31,1001.31,40.62,108.96,0.63,1000.65,37.88,114.03,1.47,1.61,96.06,308.50,7902,0.44,1.42,9.61,1.00,0.07,-0.03,0.01,3.37,-8.01,0.61,6,7,33,0,35.2901867,136.2528950,82.50, 0.16
3033032,0.09,-0.84,9.50,1.00,-0.04,-0.00,0.00,-0.47,4.99,0.03,10.60,0.00,0,2,1001.31,41.54,109.31,1001.31,40.62,108.97,0.62,1000.65,37.90,114.04,1.57,1.66,95.27,308.50,7902,0.62,1.45,9.60,1.00,0.07,-0.03,0.01,3.37,-8.02,0.61,6,7,33,0,35.2901867,136.2528950,82.50, 0.16
3033089,0.09,-0.86,9.56,1.00,-0.04,-0.00,0.00,-0.47,4.99,0.03,10.60,0.00,0,2,1001.31,41.54,109.29,1001.31,40.60,108.97,0.62,1000.65,37.88,114.06,1.83,1.80,94.83,308.50,7902,0.60,1.49,9.57,1.00,0.07,-0.03,0.01,3.37,-8.02,0.61,6,7,33,0,35.2901867,136.2528950,82.50, 0.16
3033143,0.06,-0.80,9.52,1.00,-0.04,-0.00,0.00,-0.47,4.99,0.03,10.60,0.00,0,2,1001.31,41.53,109.28,1001.31,40.63,108.93,0.63,1000.65,37.89,114.03,1.72,1.74,94.22,308.50,7903,0.56,1.22,9.52,1.00,0.07,-0.03,0.01,3.37,-8.02,0.61,6,7,33,0,35.2901867,136.2528950,82.50, 0.16
3033194,0.10,-0.89,9.52,1.00,-0.04,-0.00,0.00,-0.47,4.99,0.03,10.59,0.00,0,2,1001.31,41.54,109.29,1001.31,40.62,108.96,0.63,1000.65,37.90,114.01,1.62,1.69,94.48,308.50,7903,0.57,1.37,9.53,1.00,0.07,-0.03,0.01,3.37,-8.02,0.61,6,7,33,0,35.2901867,136.2528950,82.50, 0.16
3033251,0.10,-0.80,9.51,1.00,-0.04,-0.00,0.00,-0.47,4.99,0.03,10.59,0.00,0,2,1001.31,41.55,109.27,1001.31,40.61,108.98,0.62,1000.65,37.89,114.03,1.70,1.73,94.75,308.50,7902,0.61,1.16,9.49,1.00,0.07,-0.03,0.01,3.37,-8.02,0.61,6,7,33,0,35.2901867,136.2528950,82.50, 0.16
3033305,0.15,-0.82,9.56,1.00,-0.04,-0.00,0.00,-0.47,4.99,0.03,10.59,0.00,0,2,1001.31,41.54,109.31,1001.31,40.62,108.95,0.63,1000.65,37.88,114.00,1.70,1.73,94.92,308.50,7902,0.56,1.18,9.53,1.00,0.07,-0.03,0.01,3.37,-8.02,0.61,6,7,33,0,35.2901867,136.2528950,82.50, 0.16
3033362,0.11,-0.83,9.56,1.00,-0.04,-0.00,0.00,-0.47,4.99,0.03,10.58,0.00,0,2,1001.31,41.53,109.31,1001.31,40.62,108.99,0.62,1000.66,37.90,113.99,1.65,1.71,95.19,308.50,7902,0.51,1.40,9.56,1.00,0.07,-0.03,0.01,3.37,-8.02,0.61,6,7,33,0,35.2901867,136.2528950,82.50, 0.16
3033414,0.09,-0.83,9.50,1.00,-0.04,-0.00,0.00,-0.47,4.99,0.03,10.58,0.00,0,2,1001.31,41.54,109.33,1001.31,40.61,108.96,0.63,1000.65,37.89,114.03,1.17,1.43,95.62,308.50,7902,0.53,1.36,9.53,1.00,0.07,-0.03,0.01,3.37,-8.02,0.61,6,7,33,0,35.2901867,136.2528950,82.50, 0.16
3033470,0.10,-0.79,9.52,1.00,-0.04,-0.00,0.00,-0.47,4.99,0.03,10.60,0.00,0,2,1001.31,41.55,109.32,1001.31,40.62,108.99,0.62,1000.65,37.89,114.05,0.88,1.25,95.89,308.50,7903,0.56,1.39,9.61,1.00,0.07,-0.03,0.01,3.37,-8.02,0.61,6,7,33,0,35.2901867,136.2528950,82.50, 0.16
3033528,0.07,-0.80,9.52,1.00,-0.04,-0.00,0.00,-0.47,4.99,0.03,10.60,0.00,0,2,1001.30,41.54,109.39,1001.31,40.62,108.99,0.62,1000.65,37.88,114.04,1.23,1.48,96.94,308.50,7903,0.62,1.31,9.55,1.00,0.07,-0.03,0.01,3.37,-8.02,0.61,6,7,33,0,35.2901867,136.2528950,82.50, 0.16
3033580,0.09,-0.75,9.51,1.00,-0.04,-0.00,0.00,-0.47,4.99,0.03,10.61,0.00,0,2,1001.30,41.54,109.36,1001.31,40.63,108.97,0.62,1000.65,37.89,114.01,1.37,1.55,97.56,308.41,7903,0.54,1.25,9.55,1.00,0.07,-0.03,0.01,3.37,-8.02,0.61,6,7,33,0,35.2901867,136.2528950,82.50, 0.16
3033633,0.09,-0.80,9.59,1.00,-0.04,-0.00,0.00,-0.47,4.99,0.03,10.61,0.00,0,2,1001.30,41.54,109.34,1001.31,40.63,108.95,0.62,1000.65,37.89,114.05,1.32,1.52,97.47,308.41,7903,0.55,1.38,9.62,1.00,0.07,-0.03,0.01,3.37,-8.02,0.61,6,7,33,0,35.2901867,136.2528950,82.50, 0.16
3033689,0.09,-0.80,9.49,1.00,-0.04,-0.00,0.00,-0.47,4.99,0.03,10.60,0.00,0,2,1001.31,41.55,109.32,1001.31,40.62,108.99,0.63,1000.65,37.87,114.04,1.45,1.60,97.47,308.41,7903,0.56,1.27,9.55,1.00,0.07,-0.03,0.01,3.37,-8.02,0.61,6,7,33,0,35.2901867,136.2528950,82.50, 0.16
3033742,0.11,-0.79,9.55,1.00,-0.04,-0.00,0.00,-0.47,4.99,0.03,10.60,0.00,0,2,1001.31,41.54,109.30,1001.31,40.62,109.00,0.63,1000.65,37.89,114.03,1.30,1.51,98.70,308.50,7902,0.55,1.37,9.62,1.00,0.07,-0.03,0.01,3.37,-8.02,0.61,6,7,33,0,35.2901867,136.2528950,82.50, 0.16
3033800,0.12,-0.81,9.53,1.00,-0.04,-0.00,0.00,-0.47,4.99,0.03,10.61,0.00,0,2,1001.31,41.55,109.32,1001.31,40.61,108.98,0.63,1000.65,37.89,114.03,1.38,1.56,98.61,308.41,7903,0.55,1.34,9.57,1.00,0.07,-0.03,0.01,3.37,-8.02,0.61,6,7,33,0,35.2901867,136.2528950,82.50, 0.16
3033853,0.02,-0.82,9.51,1.00,-0.04,-0.00,0.00,-0.47,4.99,0.03,10.60,0.00,0,2,1001.31,41.54,109.30,1001.31,40.62,108.95,0.62,1000.65,37.89,114.05,1.27,1.49,99.14,308.41,7902,0.59,1.32,9.52,1.00,0.07,-0.03,0.01,3.37,-8.02,0.61,6,7,33,0,35.2901867,136.2528950,82.50, 0.16
3033910,0.05,-0.82,9.53,1.00,-0.04,-0.00,0.00,-0.47,4.99,0.03,10.60,0.00,0,2,1001.30,41.54,109.34,1001.31,40.63,108.99,0.62,1000.65,37.88,114.00,1.32,1.52,99.23,308.41,7903,0.54,1.31,9.53,1.00,0.07,-0.03,0.01,3.37,-8.02,0.61,6,7,34,0,35.2901850,136.2528950,82.50, 0.16
3033962,0.08,-0.82,9.54,1.00,-0.04,-0.00,0.00,-0.47,4.99,0.03,10.60,0.00,0,2,1001.31,41.55,109.33,1001.31,40.63,108.95,0.63,1000.65,37.87,114.04,1.33,1.53,99.14,308.41,7903,0.63,1.36,9.54,1.00,0.07,-0.03,0.01,3.37,-8.02,0.61,6,7,34,0,35.2901850,136.2528950,82.50, 0.16
3034018,0.11,-0.84,9.48,1.00,-0.04,-0.00,0.00,-0.47,4.99,0.03,10.60,0.00,0,2,1001.31,41.54,109.31,1001.31,40.62,108.99,0.62,1000.65,37.89,114.07,1.08,1.38,99.32,308.41,7902,0.61,1.33,9.53,1.00,0.07,-0.03,0.01,3.37,-8.02,0.61,6,7,34,0,35.2901850,136.2528950,82.50, 0.16
3034071,0.16,-0.83,9.52,1.00,-0.04,-0.00,0.00,-0.47,4.99,0.03,10.60,0.00,0,2,1001.30,41.54,109.34,1001.31,40.62,108.94,0.62,1000.65,37.89,114.05,0.93,1.28,99.14,308.41,7902,0.52,1.39,9.62,1.00,0.07,-0.03,0.01,3.37,-8.02,0.61,6,7,34,0,35.2901850,136.2528950,82.50, 0.16
3034128,0.12,-0.80,9.57,1.00,-0.04,-0.00,0.00,-0.47,4.99,0.03,10.61,0.00,0,2,1001.31,41.56,109.29,1001.31,40.62,108.98,0.63,1000.65,37.89,114.08,1.10,1.39,99.23,308.41,7903,0.50,1.35,9.58,1.00,0.07,-0.03,0.01,3.37,-8.02,0.61,6,7,34,0,35.2901850,136.2528950,82.50, 0.16
3034180,0.06,-0.78,9.50,1.00,-0.04,-0.00,0.00,-0.47,4.99,0.03,10.59,0.00,0,2,1001.31,41.56,109.29,1001.31,40.63,108.99,0.63,1000.65,37.88,114.07,1.05,1.36,99.14,308.41,7902,0.66,1.31,9.56,1.00,0.07,-0.03,0.01,3.37,-8.02,0.61,6,7,34,0,35.2901850,136.2528950,82.50, 0.16
3034237,0.04,-0.83,9.55,1.00,-0.04,-0.00,0.00,-0.47,4.99,0.03,10.61,0.00,0,2,1001.31,41.56,109.32,1001.31,40.62,109.01,0.63,1000.65,37.89,114.05,1.22,1.47,98.61,308.41,7902,0.59,1.34,9.56,1.00,0.07,-0.03,0.01,3.37,-8.02,0.61,6,7,34,0,35.2901850,136.2528950,82.50, 0.16
3034289,0.08,-0.85,9.51,1.00,-0.04,-0.00,0.00,-0.47,4.99,0.03,10.61,0.00,0,2,1001.31,41.56,109.32,1001.31,40.61,108.99,0.63,1000.65,37.88,114.02,1.53,1.64,98.09,308.41,7902,0.50,1.33,9.57,1.00,0.07,-0.03,0.01,3.37,-8.02,0.61,6,7,34,0,35.2901850,136.2528950,82.50, 0.16
3034347,0.14,-0.91,9.51,1.00,-0.04,-0.00,0.00,-0.47,4.99,0.03,10.61,0.00,0,2,1001.30,41.54,109.37,1001.31,40.63,108.95,0.62,1000.65,37.89,114.03,1.33,1.53,98.09,308.41,7903,0.45,1.40,9.57,1.00,0.07,-0.03,0.01,3.37,-8.02,0.61,6,7,34,0,35.2901850,136.2528950,82.50, 0.16
3034401,0.15,-0.85,9.53,1.00,-0.04,-0.00,0.00,-0.47,4.99,0.03,10.60,0.00,0,2,1001.31,41.57,109.32,1001.31,40.62,108.98,0.63,1000.65,37.89,114.03,1.60,1.68,98.44,308.41,7903,0.55,1.31,9.57,1.00,0.07,-0.03,0.01,3.37,-8.02,0.61,6,7,34,0,35.2901850,136.2528950,82.50, 0.16
3034457,0.13,-0.84,9.53,1.00,-0.04,-0.00,0.00,-0.47,4.99,0.03,10.60,0.00,0,2,1001.31,41.56,109.29,1001.31,40.62,108.98,0.63,1000.66,37.90,113.99,1.28,1.50,98.70,308.50,7903,0.51,1.31,9.59,1.00,0.07,-0.03,0.01,3.37,-8.02,0.61,6,7,34,0,35.2901850,136.2528950,82.50, 0.16
3034514,0.10,-0.83,9.51,1.00,-0.04,-0.00,0.00,-0.47,4.99,0.03,10.60,0.00,0,2,1001.31,41.56,109.32,1001.31,40.64,108.95,0.63,1000.65,37.89,114.01,0.72,1.12,98.70,308.41,7901,0.54,1.25,9.49,1.00,0.07,-0.03,0.01,3.37,-8.02,0.61,6,7,34,0,35.2901850,136.2528950,82.50, 0.16
3034567,0.08,-0.85,9.57,1.00,-0.04,-0.00,0.00,-0.47,4.99,0.03,10.59,0.00,0,2,1001.30,41.56,109.36,1001.31,40.63,108.97,0.63,1000.65,37.89,114.00,1.50,1.63,98.96,308.41,7903,0.56,1.34,9.59,1.00,0.07,-0.03,0.01,3.37,-8.02,0.61,6,7,34,0,35.2901850,136.2528950,82.50, 0.16
3034623,0.05,-0.84,9.45,1.00,-0.04,-0.00,0.00,-0.47,4.99,0.03,10.59,0.00,0,2,1001.31,41.56,109.34,1001.31,40.64,108.96,0.62,1000.65,37.89,114.01,0.92,1.27,99.49,308.41,7903,0.60,1.42,9.58,1.00,0.07,-0.03,0.01,3.37,-8.02,0.61,6,7,34,0,35.2901850,136.2528950,82.50, 0.16
3034677,0.06,-0.82,9.47,1.00,-0.04,-0.00,0.00,-0.47,4.99,0.03,10.59,0.00,0,2,1001.30,41.56,109.34,1001.31,40.63,108.95,0.62,1000.65,37.89,114.01,2.05,1.90,99.40,308.41,7903,0.55,1.30,9.55,1.00,0.07,-0.03,0.01,3.37,-8.02,0.61,6,7,34,0,35.2901850,136.2528950,82.50, 0.16
3034731,0.07,-0.79,9.52,1.00,-0.04,-0.00,0.00,-0.47,4.99,0.03,10.60,0.00,0,2,1001.30,41.57,109.37,1001.31,40.62,108.95,0.63,1000.65,37.89,114.04,1.48,1.62,98.88,308.41,7903,0.57,1.32,9.55,1.00,0.07,-0.03,0.01,3.37,-8.02,0.61,6,7,34,0,35.2901850,136.2528950,82.50, 0.16
3034786,0.09,-0.81,9.56,1.00,-0.04,-0.00,0.00,-0.47,4.99,0.03,10.61,0.00,0,2,1001.30,41.57,109.37,1001.31,40.63,108.97,0.62,1000.65,37.89,114.08,1.70,1.73,98.53,308.41,7903,0.59,1.30,9.55,1.00,0.07,-0.03,0.01,3.37,-8.02,0.61,6,7,34,0,35.2901850,136.2528950,82.50, 0.26
3034839,0.16,-0.80,9.52,1.00,-0.04,-0.00,0.00,-0.47,4.99,0.03,10.62,0.00,0,2,1001.30,41.56,109.36,1001.31,40.63,109.00,0.63,1000.65,37.90,114.06,1.72,1.74,100.28,308.41,7903,0.46,1.25,9.56,1.00,0.07,-0.03,0.01,3.37,-8.02,0.61,6,7,34,0,35.2901850,136.2528950,82.50, 0.26
3034896,0.13,-0.83,9.52,1.00,-0.04,-0.00,0.00,-0.47,4.99,0.03,10.63,0.00,0,2,1001.30,41.57,109.35,1001.31,40.63,108.97,0.62,1000.64,37.90,114.09,1.98,1.87,100.28,308.41,7903,0.49,1.30,9.59,1.00,0.07,-0.03,0.01,3.37,-8.02,0.61,6,7,34,0,35.2901850,136.2528950,82.50, 0.26
3034953,0.10,-0.85,9.51,1.00,-0.04,-0.00,0.00,-0.47,4.99,0.03,10.61,0.00,0,2,1001.30,41.56,109.35,1001.31,40.63,108.97,0.62,1000.65,37.89,114.07,1.82,1.79,101.07,308.41,7902,0.53,1.43,9.54,1.00,0.07,-0.03,0.01,3.37,-8.02,0.61,6,7,34,0,35.2901850,136.2528950,82.50, 0.26
3035006,0.10,-0.85,9.52,1.00,-0.04,-0.00,0.00,-0.47,4.99,0.03,10.62,0.00,0,2,1001.30,41.56,109.36,1001.31,40.62,108.97,0.62,1000.64,37.90,114.10,1.65,1.71,101.34,308.41,7903,0.56,1.42,9.58,1.00,0.07,-0.03,0.01,3.37,-8.02,0.61,6,7,34,0,35.2901850,136.2528950,82.50, 0.26
3035063,0.06,-0.83,9.50,1.00,-0.04,-0.00,0.00,-0.47,4.99,0.03,10.61,0.00,0,2,1001.31,41.56,109.32,1001.31,40.62,108.99,0.63,1000.64,37.89,114.12,1.55,1.65,102.30,308.41,7902,0.62,1.35,9.57,1.00,0.07,-0.03,0.01,3.37,-8.02,0.61,6,7,34,0,35.2901850,136.2528950,82.50, 0.26
3035116,0.06,-0.84,9.52,1.00,-0.04,-0.00,0.00,-0.47,4.99,0.03,10.62,0.00,0,2,1001.31,41.56,109.34,1001.31,40.63,108.98,0.62,1000.64,37.89,114.12,1.20,1.46,103.10,308.41,7902,0.60,1.36,9.56,1.00,0.07,-0.03,0.01,3.37,-8.02,0.61,6,7,34,0,35.2901850,136.2528950,82.50, 0.26
3035173,0.11,-0.81,9.50,1.00,-0.04,-0.00,0.00,-0.47,4.99,0.03,10.61,0.00,0,2,1001.31,41.56,109.32,1001.31,40.64,108.96,0.63,1000.65,37.89,114.06,1.60,1.68,103.18,308.41,7903,0.53,1.23,9.54,1.00,0.07,-0.03,0.01,3.37,-8.02,0.61,6,7,34,0,35.2901850,136.2528950,82.50, 0.26
3035225,0.11,-0.78,9.50,1.00,-0.04,-0.00,0.00,-0.47,4.99,0.03,10.60,0.00,0,2,1001.31,41.57,109.32,1001.31,40.63,108.97,0.62,1000.65,37.89,114.01,1.57,1.66,103.18,308.41,7902,0.60,1.36,9.55,1.00,0.07,-0.03,0.01,3.37,-8.02,0.61,6,7,34,0,35.2901850,136.2528950,82.50, 0.26
3035281,0.11,-0.80,9.52,1.00,-0.04,-0.00,0.00,-0.47,4.99,0.03,10.59,0.00,0,2,1001.31,41.57,109.32,1001.31,40.63,108.99,0.62,1000.65,37.89,114.05,1.45,1.60,103.71,308.41,7902,0.58,1.37,9.56,1.00,0.07,-0.03,0.01,3.37,-8.02,0.61,6,7,34,0,35.2901850,136.2528950,82.50, 0.26
3035335,0.11,-0.88,9.54,1.00,-0.04,-0.00,0.00,-0.47,4.99,0.03,10.60,0.00,0,2,1001.30,41.57,109.37,1001.31,40.63,108.97,0.63,1000.65,37.88,114.07,2.48,2.09,103.89,308.41,7902,0.51,1.49,9.60,1.00,0.07,-0.03,0.01,3.37,-8.02,0.61,6,7,34,0,35.2901850,136.2528950,82.50, 0.26
3035389,0.11,-0.86,9.54,1.00,-0.04,-0.00,0.00,-0.47,4.99,0.03,10.61,0.00,0,2,1001.31,41.58,109.31,1001.31,40.63,108.98,0.62,1000.65,37.89,114.06,2.55,2.12,103.89,308.41,7903,0.57,1.41,9.55,1.00,0.07,-0.03,0.01,3.37,-8.02,0.61,6,7,34,0,35.2901850,136.2528950,82.50, 0.26
3035443,0.07,-0.83,9.54,1.00,-0.04,-0.00,0.00,-0.47,4.99,0.03,10.60,0.00,0,2,1001.31,41.58,109.34,1001.31,40.62,108.98,0.63,1000.65,37.90,114.04,2.77,2.21,103.97,308.41,7902,0.61,1.28,9.54,1.00,0.07,-0.03,0.01,3.37,-8.02,0.61,6,7,34,0,35.2901850,136.2528950,82.50, 0.26
3035501,0.06,-0.80,9.53,1.00,-0.04,-0.00,0.00,-0.47,4.99,0.03,10.59,0.00,0,2,1001.31,41.58,109.31,1001.31,40.63,108.97,0.62,1000.65,37.90,114.07,2.18,1.96,104.50,308.41,7903,0.57,1.32,9.58,1.00,0.07,-0.03,0.01,3.37,-8.02,0.61,6,7,34,0,35.2901850,136.2528950,82.50, 0.26
3035554,0.09,-0.80,9.56,1.00,-0.04,-0.00,0.00,-0.47,4.99,0.03,10.60,0.00,0,2,1001.30,41.57,109.35,1001.31,40.63,108.97,0.63,1000.65,37.90,114.04,2.05,1.90,105.47,308.41,7903,0.62,1.32,9.54,1.00,0.07,-0.03,0.01,3.37,-8.02,0.61,6,7,34,0,35.2901850,136.2528950,82.50, 0.26
3035611,0.12,-0.83,9.51,1.00,-0.04,-0.00,0.00,-0.47,4.99,0.03,10.60,0.00,0,2,1001.31,41.57,109.34,1001.31,40.63,109.00,0.62,1000.64,37.88,114.11,2.07,1.91,111.27,308.50,7903,0.49,1.33,9.55,1.00,0.07,-0.03,0.01,3.37,-8.02,0.61,6,7,34,0,35.2901850,136.2528950,82.50, 0.26
3035665,0.11,-0.82,9.50,1.00,-0.04,-0.00,0.00,-0.47,4.99,0.03,10.61,0.00,0,2,1001.30,41.57,109.37,1001.30,40.62,109.03,0.62,1000.64,37.89,114.12,2.50,2.10,112.50,308.58,7903,0.55,1.28,9.52,1.00,0.07,-0.03,0.01,3.37,-8.02,0.61,6,7,34,0,35.2901850,136.2528950,82.50, 0.26
3035722,0.08,-0.84,9.57,1.00,-0.04,-0.00,0.00,-0.47,4.99,0.03,10.62,0.00,0,2,1001.30,41.56,109.36,1001.31,40.63,108.99,0.63,1000.64,37.89,114.10,1.93,1.85,111.97,308.67,7903,0.57,1.38,9.58,1.00,0.07,-0.03,0.01,3.37,-8.02,0.61,6,7,35,0,35.2901833,136.2528933,82.50, 0.13
3035773,0.05,-0.79,9.51,1.00,-0.04,-0.00,0.00,-0.47,4.99,0.03,10.62,0.00,0,2,1001.31,41.57,109.33,1001.30,40.63,109.02,0.62,1000.64,37.89,114.11,0.47,0.91,111.88,308.67,7902,0.55,1.29,9.56,1.00,0.07,-0.03,0.01,3.37,-8.02,0.61,6,7,35,0,35.2901833,136.2528933,82.50, 0.13
3035831,0.09,-0.80,9.52,1.00,-0.04,-0.00,0.00,-0.47,4.99,0.03,10.61,0.00,0,2,1001.30,41.57,109.38,1001.31,40.64,108.99,0.62,1000.65,37.91,114.09,1.40,1.57,112.41,308.67,7902,0.59,1.28,9.57,1.00,0.07,-0.03,0.01,3.37,-8.02,0.61,6,7,35,0,35.2901833,136.2528933,82.50, 0.13
3035883,0.11,-0.89,9.52,1.00,-0.04,-0.00,0.00,-0.47,4.99,0.03,10.62,0.00,0,2,1001.30,41.60,109.37,1001.31,40.63,108.98,0.62,1000.64,37.90,114.15,0.62,1.04,111.45,308.67,7903,0.56,1.43,9.58,1.00,0.07,-0.03,0.01,3.37,-8.02,0.61,6,7,35,0,35.2901833,136.2528933,82.50, 0.13
3035935,0.11,-0.87,9.53,1.00,-0.04,-0.00,0.00,-0.47,4.99,0.03,10.63,0.00,0,2,1001.30,41.58,109.36,1001.31,40.63,108.94,0.62,1000.63,37.90,114.18,1.82,1.79,108.72,308.67,7902,0.53,1.36,9.57,1.00,0.07,-0.03,0.01,3.37,-8.02,0.61,6,7,35,0,35.2901833,136.2528933,82.50, 0.13
3035991,0.08,-0.88,9.52,1.00,-0.04,-0.00,0.00,-0.47,4.99,0.03,10.61,0.00,0,2,1001.31,41.60,109.35,1001.31,40.63,109.01,0.62,1000.64,37.90,114.13,0.73,1.14,104.68,308.67,7902,0.57,1.36,9.57,1.00,0.07,-0.03,0.01,3.37,-8.02,0.61,6,7,35,0,35.2901833,136.2528933,82.50, 0.13
3036049,0.08,-0.81,9.52,1.00,-0.04,-0.00,0.00,-0.47,4.99,0.03,10.60,0.00,0,2,1001.31,41.59,109.34,1001.31,40.62,108.99,0.62,1000.64,37.89,114.16,0.27,0.69,100.81,308.67,7901,0.57,1.16,9.52,1.00,0.07,-0.03,0.01,3.37,-8.02,0.61,6,7,35,0,35.2901833,136.2528933,82.50, 0.13
3036102,0.08,-0.76,9.56,1.00,-0.04,-0.00,0.00,-0.47,4.99,0.03,10.61,0.00,0,2,1001.30,41.57,109.36,1001.31,40.63,109.00,0.62,1000.64,37.91,114.12,1.55,1.65,93.43,308.67,7902,0.56,1.39,9.63,1.00,0.07,-0.03,0.01,3.37,-8.02,0.61,6,7,35,0,35.2901833,136.2528933,82.50, 0.13
3036159,0.07,-0.75,9.51,1.00,-0.04,-0.00,0.00,-0.47,4.99,0.03,10.60,0.00,0,2,1001.31,41.59,109.33,1001.31,40.64,108.98,0.62,1000.64,37.91,114.14,1.12,1.40,85.78,308.67,7903,0.56,1.42,9.61,1.00,0.07,-0.03,0.01,3.37,-8.02,0.61,6,7,35,0,35.2901833,136.2528933,82.50, 0.13
3036213,0.11,-0.77,9.49,1.00,-0.04,-0.00,0.00,-0.47,4.99,0.03,10.60,0.00,0,2,1001.31,41.58,109.35,1001.31,40.62,109.00,0.63,1000.64,37.89,114.10,1.50,1.63,80.16,308.67,7903,0.66,1.40,9.54,1.00,0.07,-0.03,0.01,3.37,-8.02,0.61,6,7,35,0,35.2901833,136.2528933,82.50, 0.13
3036270,0.13,-0.87,9.49,1.00,-0.04,-0.00,0.00,-0.47,4.99,0.03,10.60,0.00,0,2,1001.31,41.59,109.32,1001.31,40.63,108.97,0.63,1000.64,37.89,114.10,1.92,1.84,77.96,308.67,7903,0.65,1.62,9.61,1.00,0.07,-0.03,0.01,3.37,-8.02,0.61,6,7,35,0,35.2901833,136.2528933,82.50, 0.13
3036321,0.11,-0.92,9.54,1.00,-0.04,-0.00,0.00,-0.47,4.99,0.03,10.60,0.00,0,2,1001.31,41.60,109.35,1001.31,40.63,109.00,0.62,1000.65,37.90,114.05,2.08,1.92,78.22,308.67,7903,0.53,1.23,9.50,1.00,0.07,-0.03,0.01,3.37,-8.02,0.61,6,7,35,0,35.2901833,136.2528933,82.50, 0.13
3036374,0.11,-0.88,9.52,1.00,-0.04,-0.00,0.00,-0.47,4.99,0.03,10.60,0.00,0,2,1001.31,41.58,109.34,1001.31,40.63,108.98,0.63,1000.65,37.90,114.05,0.62,1.04,80.95,308.67,7902,0.63,1.14,9.47,1.00,0.07,-0.03,0.01,3.37,-8.02,0.61,6,7,35,0,35.2901833,136.2528933,82.50, 0.13
3036431,0.09,-0.84,9.52,1.00,-0.04,-0.00,0.00,-0.47,4.99,0.03,10.60,0.00,0,2,1001.31,41.60,109.32,1001.31,40.63,109.03,0.62,1000.65,37.89,114.08,0.92,1.27,83.58,308.67,7902,0.68,1.19,9.52,1.00,0.07,-0.03,0.01,3.37,-8.02,0.61,6,7,35,0,35.2901833,136.2528933,82.50, 0.13
3036482,0.11,-0.82,9.49,1.00,-0.04,-0.00,0.00,-0.47,4.99,0.03,10.60,0.00,0,2,1001.31,41.60,109.35,1001.31,40.63,108.98,0.63,1000.65,37.89,114.07,1.72,1.74,90.97,308.67,7903,0.67,1.32,9.56,1.00,0.07,-0.03,0.01,3.37,-8.02,0.61,6,7,35,0,35.2901833,136.2528933,82.50, 0.13
3036539,0.09,-0.78,9.50,1.00,-0.04,-0.00,0.00,-0.47,4.99,0.03,10.60,0.00,0,2,1001.31,41.60,109.34,1001.31,40.65,109.01,0.63,1000.65,37.91,114.07,0.43,0.87,95.45,308.67,7903,0.53,1.33,9.54,1.00,0.07,-0.03,0.01,3.37,-8.02,0.61,6,7,35,0,35.2901833,136.2528933,82.50, 0.13
3036590,0.06,-0.78,9.55,1.00,-0.04,-0.00,0.00,-0.47,4.99,0.03,10.61,0.00,0,2,1001.31,41.60,109.35,1001.31,40.64,108.98,0.62,1000.65,37.91,114.07,1.77,1.77,96.68,308.67,7903,0.67,1.41,9.58,1.00,0.07,-0.03,0.01,3.37,-8.02,0.61,6,7,35,0,35.2901833,136.2528933,82.50, 0.13
3036648,0.10,-0.82,9.56,1.00,-0.04,-0.00,0.00,-0.47,4.99,0.03,10.61,0.00,0,2,1001.30,41.59,109.37,1001.31,40.63,108.99,0.62,1000.64,37.89,114.17,0.47,0.91,96.68,308.67,7902,0.68,1.36,9.56,1.00,0.07,-0.03,0.01,3.37,-8.02,0.61,6,7,35,0,35.2901833,136.2528933,82.50, 0.13
3036701,0.11,-0.82,9.53,1.00,-0.04,-0.00,0.00,-0.47,4.99,0.03,10.60,0.00,0,2,1001.30,41.60,109.36,1001.31,40.65,108.95,0.62,1000.64,37.91,114.16,0.30,0.73,96.15,308.67,7904,0.56,1.47,9.59,1.00,0.07,-0.03,0.01,3.37,-8.02,0.61,6,7,35,0,35.2901833,136.2528933,82.50, 0.13
3036757,0.11,-0.88,9.53,1.00,-0.04,-0.00,0.00,-0.47,4.99,0.03,10.61,0.00,0,2,1001.30,41.60,109.37,1001.31,40.64,109.00,0.62,1000.64,37.90,114.11,0.98,1.32,94.92,308.67,7903,0.51,1.33,9.56,1.00,0.07,-0.03,0.01,3.37,-8.02,0.61,6,7,35,0,35.2901833,136.2528933,82.50, 0.13
3036810,0.10,-0.84,9.51,1.00,-0.04,-0.00,0.00,-0.47,4.99,0.03,10.60,0.00,0,2,1001.31,41.59,109.35,1001.31,40.64,109.00,0.62,1000.64,37.89,114.12,1.52,1.64,93.60,308.67,7902,0.61,1.37,9.59,1.00,0.07,-0.03,0.01,3.37,-8.02,0.61,6,7,36,0,35.2901817,136.2528933,82.50, 0.24
3036867,0.11,-0.79,9.54,1.00,-0.04,-0.00,0.00,-0.47,4.99,0.03,10.61,0.00,0,2,1001.31,41.60,109.33,1001.31,40.65,109.01,0.62,1000.64,37.88,114.10,1.18,1.44,92.81,308.67,7903,0.61,1.33,9.56,1.00,0.07,-0.03,0.01,3.37,-8.02,0.61,6,7,36,0,35.2901817,136.2528933,82.50, 0.24
3036919,0.11,-0.81,9.51,1.00,-0.04,-0.00,0.00,-0.47,4.99,0.03,10.60,0.00,0,2,1001.31,41.60,109.35,1001.31,40.64,109.00,0.62,1000.64,37.89,114.10,0.48,0.92,92.29,308.67,7902,0.60,1.36,9.57,1.00,0.07,-0.03,0.01,3.37,-8.02,0.61,6,7,37,0,35.2901817,136.2528933,82.50, 0.24
3036977,0.09,-0.84,9.54,1.00,-0.04,-0.00,0.00,-0.47,4.99,0.03,10.60,0.00,0,2,1001.31,41.61,109.31,1001.31,40.64,109.00,0.62,1000.65,37.90,114.06,0.93,1.28,92.90,308.67,7901,0.50,1.39,9.57,1.00,0.07,-0.03,0.01,3.37,-8.02,0.61,6,7,37,0,35.2901817,136.2528933,82.50, 0.24
3037029,0.11,-0.85,9.55,1.00,-0.04,-0.00,0.00,-0.47,4.99,0.03,10.58,0.00,0,2,1001.31,41.61,109.33,1001.31,40.64,108.98,0.62,1000.64,37.89,114.09,2.05,1.90,92.64,308.67,7902,0.48,1.60,9.67,1.00,0.07,-0.03,0.01,3.37,-8.02,0.61,6,7,37,0,35.2901817,136.2528933,82.50, 0.24
3037081,0.06,-0.84,9.51,1.00,-0.04,-0.00,0.00,-0.47,4.99,0.03,10.58,0.00,0,2,1001.31,41.60,109.35,1001.31,40.63,108.97,0.63,1000.65,37.88,114.07,2.03,1.89,92.37,308.67,7902,0.52,1.56,9.60,1.00,0.07,-0.03,0.01,3.37,-8.02,0.61,6,7,37,0,35.2901817,136.2528933,82.50, 0.24
3037137,0.09,-0.83,9.45,1.00,-0.04,-0.00,0.00,-0.47,4.99,0.03,10.60,0.00,0,2,1001.30,41.60,109.38,1001.31,40.64,108.98,0.62,1000.65,37.90,114.08,1.98,1.87,91.93,308.67,7902,0.60,1.15,9.52,1.00,0.07,-0.03,0.01,3.37,-8.02,0.61,6,7,37,0,35.2901817,136.2528933,82.50, 0.24
3037190,0.10,-0.81,9.53,1.00,-0.04,-0.00,0.00,-0.47,4.99,0.03,10.61,0.00,0,2,1001.31,41.62,109.35,1001.31,40.63,109.00,0.62,1000.65,37.90,114.05,2.15,1.95,93.34,308.67,7903,0.61,1.31,9.55,1.00,0.07,-0.03,0.01,3.37,-8.02,0.61,6,7,37,0,35.2901817,136.2528933,82.50, 0.24
3037247,0.11,-0.79,9.54,1.00,-0.04,-0.00,0.00,-0.47,4.99,0.03,10.61,0.00,0,2,1001.31,41.59,109.35,1001.30,40.63,109.02,0.62,1000.65,37.89,114.07,2.45,2.08,94.83,308.67,7903,0.43,1.16,9.53,1.00,0.07,-0.03,0.01,3.37,-8.02,0.61,6,7,37,0,35.2901817,136.2528933,82.50, 0.24
3037300,0.08,-0.83,9.53,1.00,-0.04,-0.00,0.00,-0.47,4.99,0.03,10.61,0.00,0,2,1001.30,41.59,109.39,1001.31,40.64,109.00,0.62,1000.65,37.89,114.08,1.15,1.42,97.56,308.67,7903,0.50,1.17,9.53,1.00,0.07,-0.03,0.01,3.37,-8.02,0.61,6,7,37,0,35.2901817,136.2528933,82.50, 0.24
3037358,0.11,-0.82,9.47,1.00,-0.04,-0.00,0.00,-0.47,4.99,0.03,10.61,0.00,0,2,1001.30,41.60,109.38,1001.31,40.64,109.01,0.63,1000.65,37.89,114.08,1.98,1.87,98.53,308.67,7902,0.62,1.32,9.57,1.00,0.07,-0.03,0.01,3.37,-8.02,0.61,6,7,37,0,35.2901817,136.2528933,82.50, 0.24
3037410,0.11,-0.84,9.55,1.00,-0.04,-0.00,0.00,-0.47,4.99,0.03,10.61,0.00,0,2,1001.31,41.61,109.32,1001.31,40.64,109.00,0.63,1000.64,37.90,114.13,2.40,2.06,98.61,308.67,7902,0.53,1.55,9.61,1.00,0.07,-0.03,0.01,3.37,-8.02,0.61,6,7,37,0,35.2901817,136.2528933,82.50, 0.24
3037467,0.11,-0.90,9.54,1.00,-0.04,-0.00,0.00,-0.47,4.99,0.03,10.61,0.00,0,2,1001.31,41.61,109.33,1001.31,40.63,109.00,0.63,1000.64,37.90,114.14,2.32,2.02,99.23,308.67,7903,0.48,1.53,9.60,1.00,0.07,-0.03,0.01,3.37,-8.02,0.61,6,7,37,0,35.2901817,136.2528933,82.50, 0.24
3037519,0.07,-0.89,9.50,1.00,-0.04,-0.00,0.00,-0.47,4.99,0.03,10.62,0.00,0,2,1001.30,41.60,109.37,1001.30,40.64,109.04,0.63,1000.64,37.88,114.15,0.83,1.21,100.72,308.67,7902,0.65,1.26,9.51,1.00,0.07,-0.03,0.01,3.37,-8.02,0.61,6,7,37,0,35.2901817,136.2528933,82.50, 0.24
3037576,0.10,-0.86,9.50,1.00,-0.04,-0.00,0.00,-0.47,4.99,0.03,10.62,0.00,0,2,1001.30,41.61,109.37,1001.31,40.64,108.99,0.63,1000.63,37.89,114.19,1.75,1.76,99.84,308.67,7902,0.62,1.35,9.53,1.00,0.07,-0.03,0.01,3.37,-8.02,0.61,6,7,37,0,35.2901817,136.2528933,82.50, 0.24
3037627,0.12,-0.83,9.55,1.00,-0.04,-0.00,0.00,-0.47,4.99,0.03,10.62,0.00,0,2,1001.31,41.60,109.35,1001.31,40.63,108.99,0.63,1000.64,37.89,114.15,2.00,1.88,98.61,308.67,7902,0.55,1.35,9.59,1.00,0.07,-0.03,0.01,3.37,-8.02,0.61,6,7,37,0,35.2901817,136.2528933,82.50, 0.24
3037685,0.11,-0.81,9.53,1.00,-0.04,-0.00,0.00,-0.47,4.99,0.03,10.61,0.00,0,2,1001.30,41.60,109.38,1001.31,40.64,108.98,0.63,1000.63,37.89,114.21,1.18,1.44,98.35,308.67,7903,0.51,1.31,9.58,1.00,0.07,-0.03,0.01,3.37,-8.02,0.61,6,7,37,0,35.2901817,136.2528933,82.50, 0.24
3037737,0.10,-0.81,9.55,1.00,-0.04,-0.00,0.00,-0.47,4.99,0.03,10.60,0.00,0,2,1001.31,41.61,109.34,1001.31,40.63,109.00,0.63,1000.64,37.89,114.17,2.18,1.96,96.24,308.67,7903,0.52,1.44,9.56,1.00,0.07,-0.03,0.01,3.37,-8.02,0.61,6,7,37,0,35.2901817,136.2528933,82.50, 0.07
3037795,0.10,-0.79,9.50,1.00,-0.04,-0.00,0.00,-0.47,4.99,0.03,10.61,0.00,0,2,1001.30,41.61,109.38,1001.31,40.64,108.96,0.63,1000.64,37.89,114.17,3.70,2.55,93.52,308.67,7903,0.56,1.21,9.52,1.00,0.07,-0.03,0.01,3.37,-8.02,0.61,6,7,37,0,35.2901817,136.2528933,82.50, 0.07
3037847,0.07,-0.81,9.55,1.00,-0.04,-0.00,0.00,-0.47,4.99,0.03,10.59,0.00,0,2,1001.31,41.61,109.33,1001.31,40.64,108.98,0.63,1000.64,37.89,114.17,2.88,2.26,91.67,308.67,7903,0.61,1.42,9.58,1.00,0.07,-0.03,0.01,3.37,-8.02,0.61,6,7,38,0,35.2901800,136.2528933,82.50, 0.07
3037903,0.08,-0.84,9.52,1.00,-0.04,-0.00,0.00,-0.47,4.99,0.03,10.60,0.00,0,2,1001.31,41.61,109.34,1001.30,40.63,109.01,0.63,1000.64,37.89,114.13,0.83,1.21,87.71,308.67,7903,0.60,1.33,9.57,1.00,0.07,-0.03,0.01,3.37,-8.02,0.61,6,7,38,0,35.2901800,136.2528933,82.50, 0.07
3037955,0.09,-0.79,9.50,1.00,-0.04,-0.00,0.00,-0.47,4.99,0.03,10.61,0.00,0,2,1001.30,41.59,109.36,1001.31,40.64,109.01,0.63,1000.64,37.89,114.13,2.72,2.19,85.43,308.67,7902,0.55,1.43,9.63,1.00,0.07,-0.03,0.01,3.37,-8.02,0.61,6,7,38,0,35.2901800,136.2528933,82.50, 0.07
3038014,0.11,-0.83,9.50,1.00,-0.04,-0.00,0.00,-0.47,4.99,0.03,10.62,0.00,0,2,1001.30,41.60,109.38,1001.30,40.65,109.03,0.63,1000.64,37.89,114.12,3.17,2.36,84.29,308.67,7903,0.57,1.40,9.59,1.00,0.07,-0.03,0.01,3.37,-8.02,0.61,6,7,38,0,35.2901800,136.2528933,82.50, 0.07
3038066,0.12,-0.80,9.52,1.00,-0.04,-0.00,0.00,-0.47,4.99,0.03,10.61,0.00,0,2,1001.31,41.61,109.32,1001.31,40.64,109.01,0.63,1000.64,37.91,114.11,3.22,2.38,84.02,308.67,7903,0.63,1.30,9.60,1.00,0.07,-0.03,0.01,3.37,-8.02,0.61,6,7,38,0,35.2901800,136.2528933,82.50, 0.07
3038123,0.11,-0.82,9.50,1.00,-0.04,-0.00,0.00,-0.47,4.99,0.03,10.61,0.00,0,2,1001.31,41.59,109.35,1001.31,40.64,109.04,0.63,1000.64,37.89,114.14,2.00,1.88,83.94,308.67,7903,0.60,1.43,9.58,1.00,0.07,-0.03,0.01,3.37,-8.02,0.61,6,7,38,0,35.2901800,136.2528933,82.50, 0.07
3038175,0.11,-0.85,9.54,1.00,-0.04,-0.00,0.00,-0.47,4.99,0.03,10.61,0.00,0,2,1001.30,41.61,109.37,1001.30,40.63,109.02,0.63,1000.64,37.90,114.15,1.42,1.58,86.48,308.67,7902,0.53,1.33,9.54,1.00,0.07,-0.03,0.01,3.37,-8.02,0.61,6,7,38,0,35.2901800,136.2528933,82.50, 0.07
3038227,0.10,-0.84,9.50,1.00,-0.04,-0.00,0.00,-0.47,4.99,0.03,10.62,0.00,0,2,1001.30,41.61,109.38,1001.31,40.65,109.01,0.63,1000.64,37.89,114.10,2.52,2.11,91.93,308.67,7902,0.55,1.30,9.59,1.00,0.07,-0.03,0.01,3.37,-8.02,0.61,6,7,38,0,35.2901800,136.2528933,82.50, 0.07
3038285,0.14,-0.88,9.51,1.00,-0.04,-0.00,0.00,-0.47,4.99,0.03,10.61,0.00,0,2,1001.31,41.61,109.34,1001.31,40.64,109.01,0.62,1000.65,37.89,114.07,2.67,2.17,94.48,308.67,7902,0.52,1.36,9.58,1.00,0.07,-0.03,0.01,3.37,-8.02,0.61,6,7,38,0,35.2901800,136.2528933,82.50, 0.07
3038338,0.10,-0.86,9.50,1.00,-0.04,-0.00,0.00,-0.47,4.99,0.03,10.60,0.00,0,2,1001.30,41.61,109.36,1001.30,40.63,109.01,0.63,1000.64,37.88,114.09,1.92,1.84,96.06,308.67,7902,0.57,1.36,9.53,1.00,0.07,-0.03,0.01,3.37,-8.02,0.61,6,7,38,0,35.2901800,136.2528933,82.50, 0.07
3038393,0.09,-0.79,9.51,1.00,-0.04,-0.00,0.00,-0.47,4.99,0.03,10.61,0.00,0,2,1001.30,41.61,109.37,1001.31,40.63,108.97,0.63,1000.64,37.88,114.14,1.68,1.72,95.10,308.67,7902,0.57,1.33,9.56,1.00,0.07,-0.03,0.01,3.37,-8.02,0.61,6,7,38,0,35.2901800,136.2528933,82.50, 0.07
3038450,0.09,-0.80,9.54,1.00,-0.04,-0.00,0.00,-0.47,4.99,0.03,10.61,0.00,0,2,1001.31,41.62,109.33,1001.30,40.63,109.04,0.63,1000.64,37.90,114.13,2.52,2.11,95.54,308.67,7903,0.56,1.44,9.60,1.00,0.07,-0.03,0.01,3.37,-8.02,0.61,6,7,38,0,35.2901800,136.2528933,82.50, 0.07
3038503,0.10,-0.79,9.49,1.00,-0.04,-0.00,0.00,-0.47,4.99,0.03,10.61,0.00,0,2,1001.30,41.59,109.40,1001.31,40.64,109.00,0.63,1000.64,37.89,114.17,2.07,1.91,95.27,308.67,7902,0.56,1.29,9.57,1.00,0.07,-0.03,0.01,3.37,-8.02,0.61,6,7,38,0,35.2901800,136.2528933,82.50, 0.07
3038561,0.11,-0.78,9.52,1.00,-0.04,-0.00,0.00,-0.47,4.99,0.03,10.61,0.00,0,2,1001.30,41.60,109.40,1001.30,40.64,109.03,0.63,1000.64,37.89,114.13,2.10,1.92,95.54,308.67,7902,0.53,1.32,9.54,1.00,0.07,-0.03,0.01,3.37,-8.02,0.61,6,7,38,0,35.2901800,136.2528933,82.50, 0.07
3038613,0.06,-0.79,9.54,1.00,-0.04,-0.00,0.00,-0.47,4.99,0.03,10.61,0.00,0,2,1001.30,41.60,109.40,1001.31,40.63,108.99,0.63,1000.64,37.88,114.14,1.80,1.78,96.06,308.67,7902,0.59,1.23,9.52,1.00,0.07,-0.03,0.01,3.37,-8.02,0.61,6,7,38,0,35.2901800,136.2528933,82.50, 0.07
3038671,0.08,-0.82,9.50,1.00,-0.04,-0.00,0.00,-0.47,4.99,0.03,10.61,0.00,0,2,1001.30,41.61,109.36,1001.30,40.64,109.00,0.63,1000.64,37.89,114.13,1.20,1.46,97.91,308.67,7902,0.53,1.30,9.54,1.00,0.07,-0.03,0.01,3.37,-8.02,0.61,6,7,38,0,35.2901800,136.2528933,82.50, 0.07
3038723,0.11,-0.88,9.53,1.00,-0.04,-0.00,0.00,-0.47,4.99,0.03,10.61,0.00,0,2,1001.30,41.59,109.39,1001.31,40.65,109.02,0.63,1000.64,37.89,114.16,1.53,1.64,99.23,308.67,7903,0.57,1.42,9.58,1.00,0.07,-0.03,0.01,3.37,-8.02,0.61,6,7,38,0,35.2901800,136.2528933,82.50, 0.07
3038776,0.11,-0.89,9.48,1.00,-0.04,-0.00,0.00,-0.47,4.99,0.03,10.61,0.00,0,2,1001.31,41.61,109.34,1001.31,40.64,109.01,0.63,1000.64,37.89,114.14,0.57,1.00,100.46,308.67,7902,0.57,1.47,9.55,1.00,0.07,-0.03,0.01,3.37,-8.02,0.61,6,7,38,0,35.2901800,136.2528933,82.50, 0.07
3038833,0.12,-0.86,9.53,1.00,-0.04,-0.00,0.00,-0.47,4.99,0.03,10.61,0.00,0,2,1001.30,41.61,109.39,1001.31,40.64,109.03,0.63,1000.64,37.89,114.13,0.23,0.64,100.20,308.67,7902,0.53,1.45,9.59,1.00,0.07,-0.03,0.01,3.37,-8.02,0.61,6,7,38,0,35.2901800,136.2528933,82.50, 0.07
3038884,0.08,-0.79,9.51,1.00,-0.04,-0.00,0.00,-0.47,4.99,0.03,10.61,0.00,0,2,1001.30,41.61,109.40,1001.30,40.66,108.99,0.63,1000.64,37.89,114.17,0.60,1.03,99.93,308.67,7902,0.54,1.32,9.54,1.00,0.07,-0.03,0.01,3.37,-8.02,0.61,6,7,38,0,35.2901800,136.2528933,82.50, 0.07
3038942,0.07,-0.77,9.52,1.00,-0.04,-0.00,0.00,-0.47,4.99,0.03,10.63,0.00,0,2,1001.30,41.60,109.40,1001.30,40.65,109.03,0.63,1000.63,37.90,114.23,1.75,1.76,99.84,308.67,7903,0.55,1.23,9.54,1.00,0.07,-0.03,0.01,3.37,-8.02,0.61,6,7,39,0,35.2901800,136.2528933,82.50, 0.07
3038996,0.08,-0.83,9.55,1.00,-0.04,-0.00,0.00,-0.47,4.99,0.03,10.63,0.00,0,2,1001.31,41.61,109.36,1001.30,40.64,109.04,0.63,1000.62,37.89,114.28,0.85,1.22,99.84,308.67,7902,0.57,1.31,9.55,1.00,0.07,-0.03,0.01,3.37,-8.02,0.61,6,7,39,0,35.2901800,136.2528933,82.50, 0.07
3039052,0.08,-0.85,9.54,1.00,-0.04,-0.00,0.00,-0.47,4.99,0.03,10.63,0.00,0,2,1001.30,41.61,109.41,1001.31,40.65,109.01,0.63,1000.63,37.89,114.24,2.40,2.06,99.67,308.67,7903,0.56,1.36,9.61,1.00,0.07,-0.03,0.01,3.37,-8.02,0.61,6,7,39,0,35.2901800,136.2528933,82.50, 0.07
3039104,0.08,-0.87,9.43,1.00,-0.04,-0.00,0.00,-0.47,4.99,0.03,10.62,0.00,0,2,1001.31,41.60,109.34,1001.30,40.65,109.02,0.63,1000.63,37.89,114.20,1.45,1.60,99.67,308.67,7902,0.47,1.46,9.59,1.00,0.07,-0.03,0.01,3.37,-8.02,0.61,6,7,39,0,35.2901800,136.2528933,82.50, 0.07
3039161,0.11,-0.84,9.61,1.00,-0.04,-0.00,0.00,-0.47,4.99,0.03,10.61,0.00,0,2,1001.31,41.61,109.36,1001.31,40.66,108.99,0.62,1000.63,37.88,114.19,0.98,1.32,100.02,308.67,7903,0.47,1.51,9.59,1.00,0.07,-0.03,0.01,3.37,-8.02,0.61,6,7,39,0,35.2901800,136.2528933,82.50, 0.07
3039212,0.11,-0.81,9.50,1.00,-0.04,-0.00,0.00,-0.47,4.99,0.03,10.60,0.00,0,2,1001.31,41.61,109.34,1001.31,40.65,109.01,0.63,1000.64,37.90,114.10,1.43,1.59,101.78,308.67,7902,0.64,1.19,9.47,1.00,0.07,-0.03,0.01,3.37,-8.02,0.61,6,7,39,0,35.2901800,136.2528933,82.50, 0.07
3039270,0.07,-0.83,9.47,1.00,-0.04,-0.00,0.00,-0.47,4.99,0.03,10.59,0.00,0,2,1001.30,41.62,109.37,1001.31,40.66,109.00,0.63,1000.65,37.87,114.05,1.32,1.52,101.60,308.67,7902,0.66,1.32,9.56,1.00,0.07,-0.03,0.01,3.37,-8.02,0.61,6,7,39,0,35.2901800,136.2528933,82.50, 0.07
3039322,0.15,-0.80,9.52,1.00,-0.04,-0.00,0.00,-0.47,4.99,0.03,10.60,0.00,0,2,1001.31,41.61,109.35,1001.31,40.65,108.99,0.63,1000.64,37.89,114.09,0.80,1.19,101.51,308.67,7903,0.53,1.27,9.53,1.00,0.07,-0.03,0.01,3.37,-8.02,0.61,6,7,39,0,35.2901800,136.2528933,82.50, 0.07
3039380,0.10,-0.83,9.55,1.00,-0.04,-0.00,0.00,-0.47,4.99,0.03,10.60,0.00,0,2,1001.31,41.61,109.36,1001.31,40.65,109.01,0.62,1000.64,37.89,114.10,1.48,1.62,101.16,308.67,7902,0.47,1.34,9.61,1.00,0.07,-0.03,0.01,3.37,-8.02,0.61,6,7,39,0,35.2901800,136.2528933,82.50, 0.07
3039432,0.07,-0.85,9.49,1.00,-0.04,-0.00,0.00,-0.47,4.99,0.03,10.60,0.00,0,2,1001.30,41.62,109.37,1001.31,40.66,109.02,0.63,1000.64,37.89,114.10,1.48,1.62,101.69,308.67,7902,0.67,1.36,9.54,1.00,0.07,-0.03,0.01,3.37,-8.02,0.61,6,7,39,0,35.2901800,136.2528933,82.50, 0.07
3039490,0.03,-0.87,9.51,1.00,-0.04,-0.00,0.00,-0.47,4.99,0.03,10.59,0.00,0,2,1001.30,41.60,109.36,1001.31,40.67,109.01,0.63,1000.64,37.90,114.13,1.38,1.56,105.47,308.67,7903,0.70,1.32,9.56,1.00,0.07,-0.03,0.01,3.37,-8.02,0.61,6,7,39,0,35.2901800,136.2528933,82.50, 0.07
3039544,0.07,-0.83,9.54,1.00,-0.04,-0.00,0.00,-0.47,4.99,0.03,10.59,0.00,0,2,1001.30,41.61,109.36,1001.31,40.66,109.00,0.62,1000.64,37.90,114.15,1.22,1.47,106.26,308.67,7903,0.56,1.16,9.49,1.00,0.07,-0.03,0.01,3.37,-8.02,0.61,6,7,39,0,35.2901800,136.2528933,82.50, 0.07
3039601,0.13,-0.85,9.54,1.00,-0.04,-0.00,0.00,-0.47,4.99,0.03,10.59,0.00,0,2,1001.31,41.61,109.34,1001.31,40.66,109.05,0.63,1000.64,37.89,114.13,1.02,1.34,105.91,308.67,7903,0.58,1.38,9.51,1.00,0.07,-0.03,0.01,3.37,-8.02,0.61,6,7,39,0,35.2901800,136.2528933,82.50, 0.07
3039657,0.16,-0.90,9.53,1.00,-0.04,-0.00,0.00,-0.47,4.99,0.03,10.60,0.00,0,2,1001.30,41.62,109.38,1001.31,40.66,108.99,0.63,1000.64,37.89,114.15,3.03,2.31,106.70,308.67,7902,0.53,1.41,9.58,1.00,0.07,-0.03,0.01,3.37,-8.02,0.61,6,7,39,0,35.2901800,136.2528933,82.50, 0.07
3039710,0.12,-0.81,9.47,1.00,-0.04,-0.00,0.00,-0.47,4.99,0.03,10.60,0.00,0,2,1001.30,41.61,109.38,1001.30,40.66,109.04,0.63,1000.64,37.89,114.08,2.18,1.96,107.31,308.67,7902,0.58,1.37,9.54,1.00,0.07,-0.03,0.01,3.37,-8.02,0.61,6,7,39,0,35.2901800,136.2528933,82.50, 0.07
3039768,0.10,-0.78,9.55,1.00,-0.04,-0.00,0.00,-0.47,4.99,0.03,10.59,0.00,0,2,1001.30,41.61,109.39,1001.31,40.65,109.02,0.63,1000.64,37.88,114.10,2.52,2.11,107.14,308.67,7903,0.58,1.20,9.53,1.00,0.07,-0.03,0.01,3.37,-8.02,0.61,6,7,39,0,35.2901800,136.2528933,82.50, 0.06
3039822,0.07,-0.79,9.51,1.00,-0.04,-0.00,0.00,-0.47,4.99,0.03,10.60,0.00,0,2,1001.30,41.62,109.37,1001.31,40.66,109.00,0.63,1000.64,37.89,114.12,2.90,2.26,106.61,308.67,7902,0.53,1.03,9.50,1.00,0.07,-0.03,0.01,3.37,-8.02,0.61,6,7,39,0,35.2901800,136.2528933,82.50, 0.06
3039879,0.08,-0.80,9.51,1.00,-0.04,-0.00,0.00,-0.47,4.99,0.03,10.60,0.00,0,2,1001.30,41.62,109.37,1001.31,40.66,109.01,0.63,1000.64,37.89,114.12,2.10,1.92,106.35,308.67,7902,0.50,1.36,9.58,1.00,0.07,-0.03,0.01,3.37,-8.02,0.61,6,7,40,0,35.2901800,136.2528967,82.50, 0.06
3039930,0.09,-0.81,9.53,1.00,-0.04,-0.00,0.00,-0.47,4.99,0.03,10.59,0.00,0,2,1001.31,41.62,109.35,1001.31,40.67,108.99,0.63,1000.64,37.90,114.11,2.57,2.13,107.58,308.67,7902,0.64,1.19,9.52,1.00,0.07,-0.03,0.01,3.37,-8.02,0.61,6,7,40,0,35.2901800,136.2528967,82.50, 0.06
3039988,0.09,-0.80,9.58,1.00,-0.04,-0.00,0.00,-0.47,4.99,0.03,10.60,0.00,0,2,1001.30,41.61,109.40,1001.31,40.64,109.01,0.63,1000.64,37.89,114.15,2.70,2.18,108.46,308.67,7902,0.50,1.34,9.56,1.00,0.07,-0.03,0.01,3.37,-8.02,0.61,6,7,40,0,35.2901800,136.2528967,82.50, 0.06
3040041,0.08,-0.83,9.50,1.00,-0.04,-0.00,0.00,-0.47,4.99,0.03,10.59,0.00,0,2,1001.30,41.61,109.39,1001.31,40.66,108.99,0.63,1000.64,37.89,114.10,2.22,1.98,109.60,308.67,7902,0.53,1.23,9.52,1.00,0.07,-0.03,0.01,3.37,-8.02,0.61,6,7,40,0,35.2901800,136.2528967,82.50, 0.06
3040093,0.09,-0.82,9.53,1.00,-0.04,-0.00,0.00,-0.47,4.99,0.03,10.59,0.00,0,2,1001.30,41.62,109.38,1001.31,40.66,109.05,0.63,1000.64,37.89,114.10,1.55,1.65,111.09,308.67,7903,0.59,1.45,9.63,1.00,0.07,-0.03,0.01,3.37,-8.02,0.61,6,7,40,0,35.2901800,136.2528967,82.50, 0.06
3040148,0.15,-0.88,9.50,1.00,-0.04,-0.00,0.00,-0.47,4.99,0.03,10.61,0.00,0,2,1001.30,41.61,109.38,1001.31,40.66,109.04,0.63,1000.64,37.90,114.18,3.07,2.33,111.45,308.67,8063,0.55,1.47,9.60,1.00,0.07,-0.03,0.01,3.37,-8.02,0.61,6,7,40,0,35.2901800,136.2528967,82.50, 0.06
3040206,0.12,-0.88,9.54,1.00,-0.04,-0.00,0.00,-0.47,4.99,0.03,10.61,0.00,0,2,1001.30,41.60,109.41,1001.30,40.66,109.04,0.63,1000.64,37.89,114.13,1.63,1.70,111.71,308.67,7902,0.55,1.43,9.59,1.00,0.07,-0.03,0.01,3.37,-8.02,0.61,6,7,40,0,35.2901800,136.2528967,82.50, 0.06
3040258,0.11,-0.89,9.50,1.00,-0.04,-0.00,0.00,-0.47,4.99,0.03,10.61,0.00,0,2,1001.30,41.62,109.40,1001.31,40.65,109.02,0.63,1000.64,37.89,114.10,2.05,1.90,110.65,308.67,7902,0.48,1.53,9.60,1.00,0.07,-0.03,0.01,3.37,-8.02,0.61,6,7,40,0,35.2901800,136.2528967,82.50, 0.06
3040315,0.13,-0.89,9.53,1.00,-0.04,-0.00,0.00,-0.47,4.99,0.03,10.60,0.00,0,2,1001.30,41.61,109.41,1001.31,40.66,108.98,0.63,1000.64,37.89,114.15,2.50,2.10,110.48,308.67,7902,0.56,1.24,9.52,1.00,0.07,-0.03,0.01,3.37,-8.02,0.61,6,7,40,0,35.2901800,136.2528967,82.50, 0.06
3040367,0.04,-0.83,9.54,1.00,-0.04,-0.00,0.00,-0.47,4.99,0.03,10.60,0.00,0,2,1001.30,41.61,109.38,1001.31,40.66,108.99,0.63,1000.64,37.89,114.11,2.00,1.88,109.95,308.67,7904,0.65,1.34,9.58,1.00,0.07,-0.03,0.01,3.37,-8.02,0.61,6,7,40,0,35.2901800,136.2528967,82.50, 0.06
3040421,0.05,-0.79,9.50,1.00,-0.04,-0.00,0.00,-0.47,4.99,0.03,10.59,0.00,0,2,1001.30,41.61,109.39,1001.31,40.65,109.01,0.63,1000.64,37.89,114.12,2.28,2.01,109.60,308.67,7902,0.60,1.20,9.52,1.00,0.07,-0.03,0.01,3.37,-8.02,0.61,6,7,40,0,35.2901800,136.2528967,82.50, 0.06
3040477,0.10,-0.89,9.56,1.00,-0.04,-0.00,0.00,-0.47,4.99,0.03,10.59,0.00,0,2,1001.30,41.60,109.41,1001.31,40.64,108.97,0.63,1000.64,37.89,114.10,1.12,1.40,109.25,308.67,7903,0.62,1.47,9.60,1.00,0.07,-0.03,0.01,3.37,-8.02,0.61,6,7,40,0,35.2901800,136.2528967,82.50, 0.06
3040536,0.12,-0.80,9.50,1.00,-0.04,-0.00,0.00,-0.47,4.99,0.03,10.59,0.00,0,2,1001.30,41.61,109.42,1001.30,40.64,109.04,0.63,1000.64,37.90,114.13,0.85,1.22,109.16,308.67,7903,0.64,1.38,9.57,1.00,0.07,-0.03,0.01,3.37,-8.02,0.61,6,7,40,0,35.2901800,136.2528967,82.50, 0.06
3040588,0.14,-0.72,9.53,1.00,-0.04,-0.00,0.00,-0.47,4.99,0.03,10.59,0.00,0,2,1001.30,41.61,109.40,1001.31,40.65,109.00,0.63,1000.64,37.88,114.12,0.42,0.86,108.81,308.67,7902,0.66,1.32,9.57,1.00,0.07,-0.03,0.01,3.37,-8.02,0.61,6,7,40,0,35.2901800,136.2528967,82.50, 0.06
3040644,0.13,-0.79,9.58,1.00,-0.04,-0.00,0.00,-0.47,4.99,0.03,10.60,0.00,0,2,1001.30,41.61,109.39,1001.31,40.66,109.05,0.63,1000.64,37.88,114.12,1.00,1.33,106.79,308.67,7902,0.56,1.35,9.54,1.00,0.07,-0.03,0.01,3.37,-8.02,0.61,6,7,40,0,35.2901800,136.2528967,82.50, 0.06
3040696,0.09,-0.83,9.56,1.00,-0.04,-0.00,0.00,-0.47,4.99,0.03,10.61,0.00,0,2,1001.30,41.60,109.38,1001.31,40.65,109.02,0.62,1000.64,37.90,114.16,0.93,1.28,105.47,308.67,7902,0.70,1.21,9.52,1.00,0.07,-0.03,0.01,3.37,-8.02,0.61,6,7,40,0,35.2901800,136.2528967,82.50, 0.06
3040750,0.04,-0.85,9.50,1.00,-0.04,-0.00,0.00,-0.47,4.99,0.03,10.62,0.00,0,2,1001.30,41.61,109.41,1001.31,40.65,109.01,0.62,1000.64,37.89,114.17,0.77,1.16,104.06,308.67,7902,0.68,1.09,9.44,1.00,0.07,-0.03,0.01,3.37,-8.01,0.61,6,7,40,0,35.2901800,136.2528967,82.50, 0.10
3040806,0.02,-0.88,9.44,1.00,-0.04,-0.00,0.00,-0.47,4.99,0.03,10.60,0.00,0,2,1001.30,41.62,109.37,1001.31,40.65,109.01,0.63,1000.64,37.89,114.13,0.35,0.79,103.97,308.67,7903,0.61,1.40,9.64,1.00,0.07,-0.03,0.01,3.37,-8.01,0.61,6,7,40,0,35.2901800,136.2528967,82.50, 0.10
3040858,0.09,-0.88,9.50,1.00,-0.04,-0.00,0.00,-0.47,4.99,0.03,10.61,0.00,0,2,1001.30,41.61,109.41,1001.30,40.65,109.02,0.63,1000.64,37.88,114.16,0.33,0.77,103.62,308.67,7903,0.53,0.97,9.38,1.00,0.07,-0.03,0.01,3.37,-8.01,0.61,6,7,41,0,35.2901800,136.2528983,82.50, 0.10
3040915,0.13,-0.83,9.52,1.00,-0.04,-0.00,0.00,-0.47,4.99,0.03,10.60,0.00,0,2,1001.30,41.63,109.40,1001.31,40.64,108.99,0.63,1000.64,37.89,114.10,0.37,0.80,102.22,308.67,7902,0.52,1.42,9.58,1.00,0.07,-0.03,0.01,3.37,-8.01,0.61,6,7,41,0,35.2901800,136.2528983,82.50, 0.10
3040968,0.11,-0.81,9.49,1.00,-0.04,-0.00,0.00,-0.47,4.99,0.03,10.61,0.00,0,2,1001.30,41.61,109.41,1001.30,40.65,109.06,0.62,1000.64,37.89,114.14,0.50,0.94,100.46,308.67,7903,0.54,1.43,9.54,1.00,0.07,-0.03,0.01,3.37,-8.01,0.61,6,7,41,0,35.2901800,136.2528983,82.50, 0.10
3041025,0.09,-0.86,9.53,1.00,-0.04,-0.00,0.00,-0.47,4.99,0.03,10.60,0.00,0,2,1001.30,41.63,109.38,1001.31,40.65,109.02,0.62,1000.64,37.89,114.08,1.25,1.49,98.26,308.67,7903,0.55,1.54,9.63,1.00,0.07,-0.03,0.01,3.37,-8.01,0.61,6,7,41,0,35.2901800,136.2528983,82.50, 0.10
3041083,0.07,-0.90,9.47,1.00,-0.04,-0.00,0.00,-0.47,4.99,0.03,10.59,0.00,0,2,1001.31,41.63,109.36,1001.30,40.66,109.05,0.62,1000.64,37.89,114.12,0.80,1.19,96.77,308.67,7903,0.54,1.29,9.50,1.00,0.07,-0.03,0.01,3.37,-8.03,0.60,6,7,41,0,35.2901800,136.2528983,82.50, 0.10
3041135,0.02,-0.90,9.51,1.00,-0.04,-0.00,0.00,-0.47,4.99,0.03,10.58,0.00,0,2,1001.31,41.63,109.36,1001.30,40.65,109.08,0.63,1000.65,37.89,114.08,0.95,1.29,94.22,308.67,7902,0.69,1.42,9.52,1.00,0.07,-0.03,0.01,3.37,-8.03,0.60,6,7,41,0,35.2901800,136.2528983,82.50, 0.10
3041193,0.08,-0.86,9.53,1.00,-0.04,-0.00,0.00,-0.47,4.99,0.03,10.58,0.00,0,2,1001.31,41.63,109.36,1001.30,40.66,109.06,0.62,1000.64,37.89,114.10,1.37,1.55,92.20,308.67,7902,0.60,1.37,9.52,1.00,0.07,-0.03,0.01,3.38,-8.04,0.60,6,7,41,0,35.2901800,136.2528983,82.50, 0.10
3041245,0.07,-0.82,9.50,1.00,-0.04,-0.00,0.00,-0.47,4.99,0.03,10.58,0.00,0,2,1001.31,41.62,109.36,1001.31,40.65,109.02,0.62,1000.64,37.89,114.11,1.15,1.42,91.14,308.67,7902,0.41,1.31,9.58,1.00,0.07,-0.03,0.01,3.38,-8.04,0.60,6,7,41,0,35.2901800,136.2528983,82.50, 0.10
3041304,0.11,-0.81,9.45,1.00,-0.04,-0.00,0.00,-0.47,4.99,0.03,10.58,0.00,0,2,1001.31,41.63,109.36,1001.30,40.66,109.05,0.62,1000.65,37.90,114.08,1.12,1.40,89.56,308.67,7902,0.38,1.21,9.56,1.00,0.07,-0.03,0.01,3.37,-8.04,0.60,6,7,41,0,35.2901800,136.2528983,82.50, 0.10
3041355,0.09,-0.75,9.54,1.00,-0.04,-0.00,0.00,-0.47,4.99,0.03,10.58,0.00,0,2,1001.31,41.64,109.37,1001.30,40.65,109.04,0.62,1000.65,37.90,114.08,1.63,1.70,89.91,308.67,7902,0.66,1.33,9.56,1.00,0.07,-0.03,0.01,3.37,-8.03,0.60,6,7,41,0,35.2901800,136.2528983,82.50, 0.10
3041413,0.07,-0.79,9.52,1.00,-0.04,-0.00,0.00,-0.47,4.99,0.03,10.57,0.00,0,2,1001.31,41.65,109.35,1001.30,40.65,109.04,0.62,1000.65,37.89,114.06,1.08,1.38,90.18,308.67,7902,0.53,1.38,9.57,1.00,0.07,-0.03,0.01,3.37,-8.02,0.61,6,7,41,0,35.2901800,136.2528983,82.50, 0.10
3041465,0.08,-0.81,9.56,1.00,-0.04,-0.00,0.00,-0.47,4.99,0.03,10.57,0.00,0,2,1001.31,41.65,109.36,1001.30,40.65,109.03,0.62,1000.65,37.90,114.04,1.07,1.37,90.09,308.67,7902,0.51,1.38,9.61,1.00,0.07,-0.03,0.01,3.37,-8.02,0.61,6,7,41,0,35.2901800,136.2528983,82.50, 0.10
3041519,0.06,-0.79,9.51,1.00,-0.04,-0.00,0.00,-0.47,4.99,0.03,10.58,0.00,0,2,1001.31,41.64,109.37,1001.30,40.65,109.04,0.62,1000.65,37.89,114.03,0.92,1.27,90.18,308.67,7903,0.51,1.35,9.57,1.00,0.07,-0.03,0.01,3.38,-8.01,0.60,6,7,41,0,35.2901800,136.2528983,82.50, 0.10
3041575,0.07,-0.79,9.49,1.00,-0.04,-0.00,0.00,-0.47,4.99,0.03,10.59,0.00,0,2,1001.31,41.64,109.36,1001.30,40.65,109.04,0.62,1000.65,37.90,114.04,1.40,1.57,90.26,308.67,7902,0.53,1.27,9.57,1.00,0.07,-0.03,0.01,3.38,-8.01,0.60,6,7,41,0,35.2901800,136.2528983,82.50, 0.10
3041629,0.08,-0.86,9.51,1.00,-0.04,-0.00,0.00,-0.47,4.99,0.03,10.59,0.00,0,2,1001.30,41.64,109.39,1001.30,40.65,109.01,0.62,1000.65,37.89,114.05,1.52,1.64,91.05,308.67,7902,0.58,1.29,9.52,1.00,0.07,-0.03,0.01,3.38,-8.01,0.60,6,7,41,0,35.2901800,136.2528983,82.50, 0.10
3041684,0.09,-0.84,9.52,1.00,-0.04,-0.00,0.00,-0.47,4.99,0.03,10.58,0.00,0,2,1001.31,41.64,109.35,1001.30,40.66,109.03,0.62,1000.65,37.90,114.02,2.12,1.93,91.76,308.67,7902,0.53,1.26,9.55,1.00,0.07,-0.03,0.01,3.38,-8.01,0.60,6,7,41,0,35.2901800,136.2528983,82.50, 0.11
3041741,0.07,-0.89,9.52,1.00,-0.04,-0.00,0.00,-0.47,4.99,0.03,10.58,0.00,0,2,1001.31,41.64,109.33,1001.31,40.66,109.02,0.62,1000.65,37.89,114.03,1.35,1.54,92.11,308.67,7903,0.56,1.44,9.60,1.00,0.07,-0.03,0.01,3.38,-8.02,0.60,6,7,41,0,35.2901800,136.2528983,82.50, 0.11
3041794,0.11,-0.85,9.47,1.00,-0.04,-0.00,0.00,-0.47,4.99,0.03,10.57,0.00,0,2,1001.30,41.64,109.37,1001.30,40.65,109.06,0.62,1000.65,37.89,114.03,1.82,1.79,93.25,308.67,7903,0.51,1.28,9.50,1.00,0.07,-0.03,0.01,3.38,-8.02,0.60,6,7,41,0,35.2901800,136.2528983,82.50, 0.11
3041848,0.14,-0.86,9.56,1.00,-0.04,-0.00,0.00,-0.47,4.99,0.03,10.57,0.00,0,2,1001.31,41.65,109.37,1001.30,40.66,109.03,0.62,1000.65,37.89,114.07,1.28,1.50,95.80,308.67,7902,0.56,1.43,9.62,1.00,0.07,-0.03,0.01,3.38,-8.03,0.60,6,7,41,0,35.2901800,136.2528983,82.50, 0.11
3041902,0.08,-0.80,9.50,1.00,-0.04,-0.00,0.00,-0.47,4.99,0.03,10.59,0.00,0,2,1001.30,41.64,109.41,1001.30,40.67,109.01,0.62,1000.65,37.89,114.08,1.92,1.84,97.21,308.67,7903,0.49,1.16,9.49,1.00,0.07,-0.03,0.01,3.37,-8.03,0.60,6,7,41,0,35.2901800,136.2528983,82.50, 0.11
3041957,0.12,-0.79,9.49,1.00,-0.04,-0.00,0.00,-0.47,4.99,0.03,10.59,0.00,0,2,1001.31,41.64,109.36,1001.30,40.66,109.03,0.62,1000.64,37.90,114.09,1.97,1.86,101.87,308.58,7903,0.47,1.37,9.66,1.00,0.07,-0.03,0.01,3.37,-8.01,0.61,6,7,42,0,35.2901783,136.2529000,82.50, 0.11
3042012,0.09,-0.83,9.46,1.00,-0.04,-0.00,0.00,-0.47,4.99,0.03,10.60,0.00,0,2,1001.31,41.65,109.36,1001.31,40.66,109.02,0.62,1000.64,37.89,114.13,2.12,1.93,105.64,308.58,7902,0.66,1.25,9.47,1.00,0.07,-0.03,0.01,3.37,-8.01,0.61,6,7,42,0,35.2901783,136.2529000,82.50, 0.11
3042064,0.06,-0.82,9.59,1.00,-0.04,-0.00,0.00,-0.47,4.99,0.03,10.61,0.00,0,2,1001.30,41.64,109.39,1001.30,40.65,109.08,0.62,1000.64,37.90,114.09,2.13,1.94,109.86,308.58,7902,0.58,1.64,9.73,1.00,0.07,-0.03,0.01,3.37,-8.01,0.61,6,7,42,0,35.2901783,136.2529000,82.50, 0.11
3042121,0.07,-0.79,9.50,1.00,-0.04,-0.00,0.00,-0.47,4.99,0.03,10.61,0.00,0,2,1001.30,41.63,109.39,1001.30,40.66,109.03,0.62,1000.64,37.89,114.12,1.37,1.55,111.53,308.58,7903,0.48,1.42,9.58,1.00,0.07,-0.03,0.01,3.37,-8.00,0.61,6,7,42,0,35.2901783,136.2529000,82.50, 0.11
3042173,0.11,-0.85,9.60,1.00,-0.04,-0.00,0.00,-0.47,4.99,0.03,10.62,0.00,0,2,1001.30,41.63,109.43,1001.30,40.65,109.04,0.62,1000.64,37.90,114.13,2.20,1.97,111.27,308.67,7903,0.72,1.50,9.63,1.00,0.07,-0.03,0.01,3.37,-8.00,0.61,6,7,42,0,35.2901783,136.2529000,82.50, 0.11
3042231,0.10,-0.83,9.49,1.00,-0.04,-0.00,0.00,-0.47,4.99,0.03,10.62,0.00,0,2,1001.30,41.62,109.38,1001.30,40.65,109.05,0.62,1000.64,37.88,114.16,1.68,1.72,110.39,308.67,7902,0.58,1.31,9.55,1.00,0.07,-0.03,0.01,3.37,-8.00,0.61,6,7,42,0,35.2901783,136.2529000,82.50, 0.11
3042283,0.12,-0.82,9.53,1.00,-0.04,-0.00,0.00,-0.47,4.99,0.03,10.63,0.00,0,2,1001.31,41.64,109.34,1001.31,40.65,109.02,0.62,1000.64,37.90,114.15,1.85,1.81,109.51,308.67,7902,0.48,1.29,9.56,1.00,0.07,-0.03,0.01,3.37,-8.00,0.61,6,7,42,0,35.2901783,136.2529000,82.50, 0.11
3042339,0.11,-0.82,9.52,1.00,-0.04,-0.00,0.00,-0.47,4.99,0.03,10.62,0.00,0,2,1001.30,41.63,109.40,1001.31,40.67,109.05,0.62,1000.64,37.89,114.12,1.73,1.75,108.19,308.67,7903,0.58,1.47,9.62,1.00,0.07,-0.03,0.01,3.37,-8.00,0.61,6,7,42,0,35.2901783,136.2529000,82.50, 0.11
3042392,0.08,-0.82,9.54,1.00,-0.04,-0.00,0.00,-0.47,4.99,0.03,10.62,0.00,0,2,1001.30,41.63,109.41,1001.31,40.66,109.02,0.62,1000.64,37.90,114.16,1.65,1.71,108.11,308.58,7903,0.56,1.38,9.60,1.00,0.07,-0.03,0.01,3.37,-8.00,0.61,6,7,42,0,35.2901783,136.2529000,82.50, 0.11
3042445,0.03,-0.82,9.48,1.00,-0.04,-0.00,0.00,-0.47,4.99,0.03,10.62,0.00,0,2,1001.30,41.63,109.39,1001.31,40.66,109.02,0.62,1000.64,37.88,114.16,1.92,1.84,108.28,308.23,7903,0.60,1.44,9.58,1.00,0.07,-0.03,0.01,3.37,-8.00,0.61,6,7,42,0,35.2901783,136.2529000,82.50, 0.11
3042501,0.08,-0.76,9.58,1.00,-0.04,-0.00,0.00,-0.47,4.99,0.03,10.62,0.00,0,2,1001.30,41.62,109.40,1001.30,40.66,109.05,0.62,1000.64,37.89,114.17,1.80,1.78,108.37,308.23,7902,0.56,1.41,9.60,1.00,0.07,-0.03,0.01,3.37,-8.00,0.61,6,7,42,0,35.2901783,136.2529000,82.50, 0.11
3042553,0.09,-0.78,9.51,1.00,-0.04,-0.00,0.00,-0.47,4.99,0.03,10.63,0.00,0,2,1001.30,41.64,109.40,1001.30,40.66,109.05,0.62,1000.64,37.89,114.17,2.45,2.08,108.37,308.23,7902,0.56,1.26,9.57,1.00,0.07,-0.03,0.01,3.37,-8.00,0.61,6,7,42,0,35.2901783,136.2529000,82.50, 0.11
3042610,0.10,-0.79,9.52,1.00,-0.04,-0.00,0.00,-0.47,4.99,0.03,10.62,0.00,0,2,1001.30,41.63,109.41,1001.30,40.67,109.03,0.61,1000.64,37.88,114.16,2.52,2.11,107.14,308.23,7903,0.53,1.23,9.57,1.00,0.07,-0.03,0.01,3.37,-8.00,0.61,6,7,42,0,35.2901783,136.2529000,82.50, 0.11
3042664,0.08,-0.79,9.54,1.00,-0.04,-0.00,0.00,-0.47,4.99,0.03,10.62,0.00,0,2,1001.30,41.64,109.39,1001.30,40.66,109.08,0.62,1000.64,37.89,114.17,2.83,2.24,104.50,308.23,7902,0.60,1.27,9.59,1.00,0.07,-0.03,0.01,3.37,-8.00,0.61,6,7,42,0,35.2901783,136.2529000,82.50, 0.11
3042721,0.07,-0.83,9.51,1.00,-0.04,-0.00,0.00,-0.47,4.99,0.03,10.62,0.00,0,2,1001.30,41.65,109.38,1001.31,40.67,109.03,0.62,1000.63,37.90,114.20,2.77,2.21,103.45,308.23,7903,0.60,1.11,9.46,1.00,0.07,-0.03,0.01,3.37,-8.00,0.61,6,7,42,0,35.2901783,136.2529000,82.50, 0.11
3042778,0.07,-0.90,9.56,1.00,-0.04,-0.00,0.00,-0.47,4.99,0.03,10.62,0.00,0,2,1001.30,41.63,109.39,1001.30,40.66,109.07,0.62,1000.64,37.89,114.15,2.07,1.91,101.78,308.14,7902,0.61,1.41,9.60,1.00,0.07,-0.03,0.01,3.37,-8.00,0.61,6,7,42,0,35.2901783,136.2529000,82.50, 0.13
3042830,0.13,-0.84,9.49,1.00,-0.04,-0.00,0.00,-0.47,4.99,0.03,10.62,0.00,0,2,1001.30,41.63,109.39,1001.30,40.66,109.05,0.62,1000.64,37.89,114.13,0.68,1.10,102.30,308.14,7903,0.55,1.36,9.55,1.00,0.07,-0.03,0.01,3.37,-8.00,0.61,6,7,42,0,35.2901783,136.2529000,82.50, 0.13
3042888,0.13,-0.80,9.54,1.00,-0.04,-0.00,0.00,-0.47,4.99,0.03,10.62,0.00,0,2,1001.30,41.62,109.38,1001.30,40.66,109.05,0.62,1000.63,37.89,114.19,0.72,1.12,102.74,308.14,7903,0.53,1.29,9.54,1.00,0.07,-0.03,0.01,3.37,-8.00,0.61,6,7,42,0,35.2901783,136.2529000,82.50, 0.13
3042940,0.12,-0.85,9.51,1.00,-0.04,-0.00,0.00,-0.47,4.99,0.03,10.62,0.00,0,2,1001.30,41.62,109.41,1001.31,40.68,109.02,0.62,1000.63,37.89,114.22,1.18,1.44,101.78,308.14,7902,0.60,1.38,9.61,1.00,0.07,-0.03,0.01,3.37,-8.00,0.61,6,7,43,0,35.2901750,136.2528983,82.50, 0.13
3042996,0.09,-0.78,9.50,1.00,-0.04,-0.00,0.00,-0.47,4.99,0.03,10.62,0.00,0,2,1001.30,41.61,109.39,1001.31,40.67,109.03,0.62,1000.64,37.90,114.15,2.50,2.10,98.96,308.23,7903,0.61,1.40,9.63,1.00,0.07,-0.03,0.01,3.37,-8.00,0.61,6,7,43,0,35.2901750,136.2528983,82.50, 0.13
3043050,0.08,-0.80,9.51,1.00,-0.04,-0.00,0.00,-0.47,4.99,0.03,10.60,0.00,0,2,1001.30,41.64,109.39,1001.30,40.66,109.02,0.62,1000.64,37.91,114.12,1.38,1.56,95.19,308.23,7903,0.56,1.23,9.55,1.00,0.07,-0.03,0.01,3.37,-8.00,0.61,6,7,43,0,35.2901750,136.2528983,82.50, 0.13
3043107,0.07,-0.81,9.54,1.00,-0.04,-0.00,0.00,-0.47,4.99,0.03,10.60,0.00,0,2,1001.30,41.62,109.40,1001.30,40.65,109.05,0.62,1000.65,37.90,114.08,1.48,1.62,92.46,308.14,7902,0.58,1.33,9.54,1.00,0.07,-0.03,0.01,3.37,-8.00,0.61,6,7,43,0,35.2901750,136.2528983,82.50, 0.13
3043159,0.07,-0.81,9.53,1.00,-0.04,-0.00,0.00,-0.47,4.99,0.03,10.59,0.00,0,2,1001.30,41.62,109.37,1001.31,40.65,109.02,0.62,1000.65,37.89,114.08,1.03,1.35,91.76,308.23,7903,0.62,1.19,9.51,1.00,0.07,-0.03,0.01,3.37,-8.00,0.61,6,7,43,0,35.2901750,136.2528983,82.50, 0.13
3043213,0.07,-0.85,9.56,1.00,-0.04,-0.00,0.00,-0.47,4.99,0.03,10.60,0.00,0,2,1001.30,41.63,109.39,1001.30,40.66,109.06,0.62,1000.65,37.90,114.08,1.10,1.39,91.05,308.23,7903,0.54,1.48,9.60,1.00,0.07,-0.03,0.01,3.37,-8.00,0.61,6,7,43,0,35.2901750,136.2528983,82.50, 0.13
3043269,0.12,-0.83,9.52,1.00,-0.04,-0.00,0.00,-0.47,4.99,0.03,10.60,0.00,0,2,1001.30,41.64,109.40,1001.31,40.66,109.00,0.62,1000.65,37.90,114.05,1.52,1.64,92.55,308.23,7902,0.52,1.37,9.56,1.00,0.07,-0.03,0.01,3.37,-8.00,0.61,6,7,43,0,35.2901750,136.2528983,82.50, 0.13
3043325,0.12,-0.85,9.55,1.00,-0.04,-0.00,0.00,-0.47,4.99,0.03,10.60,0.00,0,2,1001.31,41.63,109.36,1001.30,40.67,109.01,0.62,1000.65,37.90,114.06,2.35,2.04,92.55,308.23,7902,0.54,1.35,9.57,1.00,0.07,-0.03,0.01,3.37,-8.00,0.61,6,7,43,0,35.2901750,136.2528983,82.50, 0.13
3043379,0.08,-0.87,9.53,1.00,-0.04,-0.00,0.00,-0.47,4.99,0.03,10.59,0.00,0,2,1001.30,41.63,109.38,1001.31,40.66,109.05,0.62,1000.65,37.89,114.06,2.38,2.05,91.93,308.14,7902,0.62,1.28,9.53,1.00,0.07,-0.03,0.01,3.37,-8.00,0.61,6,7,43,0,35.2901750,136.2528983,82.50, 0.13
3043435,0.08,-0.79,9.56,1.00,-0.04,-0.00,0.00,-0.47,4.99,0.03,10.59,0.00,0,2,1001.30,41.63,109.41,1001.30,40.66,109.03,0.62,1000.65,37.89,114.08,2.03,1.89,90.70,308.14,7902,0.56,1.22,9.54,1.00,0.07,-0.03,0.01,3.37,-8.00,0.61,6,7,43,0,35.2901750,136.2528983,82.50, 0.13
3043489,0.07,-0.79,9.55,1.00,-0.04,-0.00,0.00,-0.47,4.99,0.03,10.60,0.00,0,2,1001.30,41.64,109.40,1001.30,40.65,109.06,0.62,1000.65,37.90,114.06,1.82,1.79,90.26,308.23,7903,0.62,1.44,9.58,1.00,0.07,-0.03,0.01,3.37,-8.00,0.61,6,7,43,0,35.2901750,136.2528983,82.50, 0.13
3043543,0.08,-0.80,9.52,1.00,-0.04,-0.00,0.00,-0.47,4.99,0.03,10.60,0.00,0,2,1001.30,41.64,109.40,1001.30,40.65,109.04,0.62,1000.65,37.91,114.09,2.20,1.97,90.26,308.23,7902,0.59,1.42,9.57,1.00,0.07,-0.03,0.01,3.37,-8.00,0.61,6,7,43,0,35.2901750,136.2528983,82.50, 0.13
3043597,0.10,-0.81,9.51,1.00,-0.04,-0.00,0.00,-0.47,4.99,0.03,10.60,0.00,0,2,1001.30,41.64,109.40,1001.30,40.67,109.02,0.62,1000.65,37.90,114.05,2.03,1.89,90.53,308.14,7903,0.56,1.24,9.58,1.00,0.07,-0.03,0.01,3.37,-8.00,0.61,6,7,43,0,35.2901750,136.2528983,82.50, 0.13
3043650,0.10,-0.84,9.56,1.00,-0.04,-0.00,0.00,-0.47,4.99,0.03,10.59,0.00,0,2,1001.31,41.65,109.36,1001.30,40.65,109.04,0.62,1000.65,37.91,114.02,1.98,1.87,91.32,308.23,7904,0.58,1.40,9.59,1.00,0.07,-0.03,0.01,3.37,-8.00,0.61,6,7,43,0,35.2901750,136.2528983,82.50, 0.13
3043707,0.11,-0.79,9.54,1.00,-0.04,-0.00,0.00,-0.47,4.99,0.03,10.59,0.00,0,2,1001.30,41.65,109.42,1001.31,40.65,109.01,0.62,1000.65,37.90,114.08,1.68,1.72,93.69,308.23,7903,0.57,1.24,9.53,1.00,0.07,-0.03,0.01,3.37,-8.00,0.61,6,7,43,0,35.2901750,136.2528983,82.50, 0.13
3043762,0.11,-0.85,9.51,1.00,-0.04,-0.00,0.00,-0.47,4.99,0.03,10.59,0.00,0,2,1001.30,41.63,109.41,1001.30,40.65,109.04,0.62,1000.65,37.89,114.08,1.77,1.77,94.57,308.23,7902,0.52,1.25,9.55,1.00,0.07,-0.03,0.01,3.37,-8.00,0.61,6,7,43,0,35.2901750,136.2528983,82.50, 0.13
3043817,0.08,-0.85,9.57,1.00,-0.04,-0.00,0.00,-0.47,4.99,0.03,10.59,0.00,0,2,1001.31,41.64,109.37,1001.31,40.65,109.02,0.62,1000.65,37.89,114.08,1.57,1.66,94.66,308.23,7903,0.53,1.47,9.59,1.00,0.07,-0.03,0.01,3.37,-8.00,0.61,6,7,43,0,35.2901750,136.2528983,82.50, 0.13
3043872,0.06,-0.83,9.52,1.00,-0.04,-0.00,0.00,-0.47,4.99,0.03,10.59,0.00,0,2,1001.31,41.64,109.37,1001.30,40.66,109.06,0.62,1000.64,37.90,114.11,1.75,1.76,95.45,308.23,7903,0.61,1.32,9.54,1.00,0.07,-0.03,0.01,3.37,-8.00,0.61,6,7,43,0,35.2901750,136.2528983,82.50, 0.13
3043927,0.10,-0.86,9.55,1.00,-0.04,-0.00,0.00,-0.47,4.99,0.03,10.60,0.00,0,2,1001.30,41.65,109.41,1001.30,40.67,109.05,0.62,1000.64,37.89,114.12,2.28,2.01,96.94,308.23,7902,0.62,1.33,9.58,1.00,0.07,-0.03,0.01,3.37,-8.00,0.61,6,7,43,0,35.2901750,136.2528983,82.50, 0.13
3043984,0.08,-0.83,9.53,1.00,-0.04,-0.00,0.00,-0.47,4.99,0.03,10.60,0.00,0,2,1001.31,41.65,109.36,1001.30,40.67,109.05,0.62,1000.64,37.89,114.14,1.97,1.86,97.65,308.14,7903,0.52,1.36,9.57,1.00,0.07,-0.03,0.01,3.37,-8.00,0.61,6,7,43,0,35.2901750,136.2528983,82.50, 0.13
3044038,0.09,-0.84,9.51,1.00,-0.04,-0.00,0.00,-0.47,4.99,0.03,10.60,0.00,0,2,1001.30,41.65,109.39,1001.30,40.66,109.05,0.62,1000.64,37.89,114.13,2.63,2.16,99.14,308.14,7902,0.56,1.29,9.54,1.00,0.07,-0.03,0.01,3.37,-8.00,0.61,6,7,43,0,35.2901750,136.2528983,82.50, 0.13
3044095,0.11,-0.80,9.52,1.00,-0.04,-0.00,0.00,-0.47,4.99,0.03,10.60,0.00,0,2,1001.30,41.65,109.38,1001.30,40.66,109.02,0.62,1000.64,37.89,114.10,2.03,1.89,101.60,308.14,7903,0.53,1.36,9.59,1.00,0.07,-0.03,0.01,3.37,-8.00,0.61,6,7,43,0,35.2901750,136.2528983,82.50, 0.13
3044147,0.09,-0.82,9.46,1.00,-0.04,-0.00,0.00,-0.47,4.99,0.03,10.60,0.00,0,2,1001.30,41.65,109.39,1001.30,40.65,109.06,0.62,1000.64,37.90,114.13,2.22,1.98,102.74,308.23,7903,0.58,1.28,9.53,1.00,0.07,-0.03,0.01,3.37,-8.00,0.61,6,7,43,0,35.2901750,136.2528983,82.50, 0.13
3044204,0.11,-0.85,9.56,1.00,-0.04,-0.00,0.00,-0.47,4.99,0.03,10.60,0.00,0,2,1001.31,41.66,109.35,1001.31,40.67,109.03,0.62,1000.64,37.89,114.15,2.20,1.97,102.22,308.23,7902,0.51,1.30,9.56,1.00,0.07,-0.03,0.01,3.37,-8.00,0.61,6,7,43,0,35.2901750,136.2528983,82.50, 0.13
3044256,0.10,-0.85,9.52,1.00,-0.04,-0.00,0.00,-0.47,4.99,0.03,10.60,0.00,0,2,1001.30,41.67,109.42,1001.30,40.67,109.05,0.62,1000.64,37.90,114.14,2.33,2.03,101.34,308.23,7903,0.53,1.47,9.63,1.00,0.07,-0.03,0.01,3.37,-8.00,0.61,6,7,43,0,35.2901750,136.2528983,82.50, 0.13
3044308,0.07,-0.81,9.52,1.00,-0.04,-0.00,0.00,-0.47,4.99,0.03,10.60,0.00,0,2,1001.30,41.67,109.40,1001.31,40.66,108.98,0.62,1000.64,37.88,114.16,2.15,1.95,101.51,308.23,7902,0.58,1.26,9.59,1.00,0.07,-0.03,0.01,3.37,-8.00,0.61,6,7,43,0,35.2901750,136.2528983,82.50, 0.13
3044364,0.06,-0.81,9.54,1.00,-0.04,-0.00,0.00,-0.47,4.99,0.03,10.60,0.00,0,2,1001.30,41.66,109.42,1001.30,40.67,109.08,0.62,1000.64,37.89,114.15,1.98,1.87,102.39,308.23,7902,0.56,1.19,9.55,1.00,0.07,-0.03,0.01,3.37,-8.00,0.61,6,7,43,0,35.2901750,136.2528983,82.50, 0.13
3044422,0.10,-0.86,9.51,1.00,-0.04,-0.00,0.00,-0.47,4.99,0.03,10.60,0.00,0,2,1001.30,41.67,109.38,1001.31,40.67,109.01,0.62,1000.64,37.90,114.14,2.03,1.89,103.01,308.23,7903,0.63,1.36,9.55,1.00,0.07,-0.03,0.01,3.37,-8.00,0.61,6,7,43,0,35.2901750,136.2528983,82.50, 0.13
3044476,0.11,-0.83,9.53,1.00,-0.04,-0.00,0.00,-0.47,4.99,0.03,10.60,0.00,0,2,1001.30,41.66,109.39,1001.30,40.67,109.04,0.62,1000.64,37.89,114.13,1.67,1.71,102.66,308.23,7903,0.63,1.19,9.52,1.00,0.07,-0.03,0.01,3.37,-8.00,0.61,6,7,43,0,35.2901750,136.2528983,82.50, 0.13
3044532,0.09,-0.82,9.52,1.00,-0.04,-0.00,0.00,-0.47,4.99,0.03,10.59,0.00,0,2,1001.31,41.66,109.37,1001.31,40.67,109.03,0.62,1000.64,37.89,114.12,1.43,1.59,102.57,308.23,7903,0.45,1.49,9.63,1.00,0.07,-0.03,0.01,3.37,-8.00,0.61,6,7,43,0,35.2901750,136.2528983,82.50, 0.13
3044584,0.07,-0.76,9.46,1.00,-0.04,-0.00,0.00,-0.47,4.99,0.03,10.60,0.00,0,2,1001.31,41.68,109.38,1001.30,40.67,109.04,0.62,1000.64,37.89,114.14,1.48,1.62,102.39,308.23,7903,0.53,1.28,9.60,1.00,0.07,-0.03,0.01,3.37,-8.00,0.61,6,7,43,0,35.2901750,136.2528983,82.50, 0.13
3044641,0.09,-0.80,9.60,1.00,-0.04,-0.00,0.00,-0.47,4.99,0.03,10.60,0.00,0,2,1001.30,41.66,109.39,1001.30,40.66,109.07,0.62,1000.64,37.89,114.14,1.72,1.74,101.69,308.23,7903,0.62,1.41,9.58,1.00,0.07,-0.03,0.01,3.37,-8.00,0.61,6,7,43,0,35.2901750,136.2528983,82.50, 0.13
3044695,0.10,-0.82,9.55,1.00,-0.04,-0.00,0.00,-0.47,4.99,0.03,10.61,0.00,0,2,1001.31,41.67,109.38,1001.30,40.66,109.03,0.62,1000.64,37.88,114.16,1.43,1.59,99.05,308.23,7903,0.50,1.14,9.52,1.00,0.07,-0.03,0.01,3.37,-8.00,0.61,6,7,43,0,35.2901750,136.2528983,82.50, 0.13
3044753,0.11,-0.83,9.54,1.00,-0.04,-0.00,0.00,-0.47,4.99,0.03,10.60,0.00,0,2,1001.30,41.66,109.42,1001.31,40.67,109.01,0.63,1000.64,37.89,114.15,0.67,1.08,97.65,308.23,7903,0.50,1.17,9.50,1.00,0.07,-0.03,0.01,3.37,-8.00,0.61,6,7,44,0,35.2901717,136.2528983,82.50, 0.36
3044805,0.13,-0.86,9.53,1.00,-0.04,-0.00,0.00,-0.47,4.99,0.03,10.61,0.00,0,2,1001.30,41.67,109.41,1001.30,40.64,109.05,0.62,1000.64,37.88,114.11,0.57,1.00,97.82,308.23,7903,0.55,1.21,9.49,1.00,0.07,-0.03,0.01,3.37,-8.00,0.61,6,7,44,0,35.2901717,136.2528983,82.50, 0.36
3044858,0.09,-0.86,9.57,1.00,-0.04,-0.00,0.00,-0.47,4.99,0.03,10.61,0.00,0,2,1001.30,41.67,109.40,1001.30,40.66,109.03,0.62,1000.65,37.89,114.08,0.30,0.73,97.47,308.23,7902,0.56,1.20,9.55,1.00,0.07,-0.03,0.01,3.37,-8.00,0.61,6,7,45,0,35.2901717,136.2528983,82.50, 0.36
3044914,0.04,-0.85,9.49,1.00,-0.04,-0.00,0.00,-0.47,4.99,0.03,10.61,0.00,0,2,1001.30,41.66,109.44,1001.30,40.66,109.06,0.63,1000.64,37.88,114.09,0.50,0.94,97.38,308.23,7903,0.63,1.58,9.60,1.00,0.07,-0.03,0.01,3.37,-8.00,0.61,6,7,45,0,35.2901717,136.2528983,82.50, 0.36
3044966,0.11,-0.82,9.51,1.00,-0.04,-0.00,0.00,-0.47,4.99,0.03,10.61,0.00,0,2,1001.30,41.67,109.40,1001.30,40.66,109.05,0.62,1000.64,37.88,114.10,0.52,0.95,97.29,308.23,7902,0.56,1.56,9.61,1.00,0.07,-0.03,0.01,3.37,-8.00,0.61,6,7,45,0,35.2901717,136.2528983,82.50, 0.36
3045023,0.08,-0.82,9.51,1.00,-0.04,-0.00,0.00,-0.47,4.99,0.03,10.60,0.00,0,2,1001.30,41.68,109.40,1001.31,40.67,109.01,0.62,1000.64,37.89,114.13,0.53,0.97,96.94,308.23,7903,0.58,1.43,9.61,1.00,0.07,-0.03,0.01,3.37,-8.00,0.61,6,7,45,0,35.2901717,136.2528983,82.50, 0.36
3045079,0.10,-0.81,9.46,1.00,-0.04,-0.00,0.00,-0.47,4.99,0.03,10.60,0.00,0,2,1001.31,41.68,109.36,1001.31,40.67,109.03,0.63,1000.64,37.89,114.14,0.50,0.94,96.50,308.23,7903,0.56,1.42,9.58,1.00,0.07,-0.03,0.01,3.37,-8.00,0.61,6,7,45,0,35.2901717,136.2528983,82.50, 0.36
3045134,0.09,-0.79,9.50,1.00,-0.04,-0.00,0.00,-0.47,4.99,0.03,10.59,0.00,0,2,1001.30,41.68,109.39,1001.31,40.67,109.04,0.63,1000.64,37.89,114.10,0.12,0.45,96.68,308.23,7902,0.71,1.17,9.49,1.00,0.07,-0.03,0.01,3.37,-8.00,0.61,6,7,45,0,35.2901717,136.2528983,82.50, 0.36
3045191,0.10,-0.84,9.57,1.00,-0.04,-0.00,0.00,-0.47,4.99,0.03,10.59,0.00,0,2,1001.31,41.68,109.38,1001.31,40.67,109.01,0.63,1000.64,37.90,114.10,0.77,1.16,96.24,308.23,7903,0.71,1.22,9.55,1.00,0.07,-0.03,0.01,3.37,-8.00,0.61,6,7,45,0,35.2901717,136.2528983,82.50, 0.36
3045243,0.08,-0.79,9.50,1.00,-0.04,-0.00,0.00,-0.47,4.99,0.03,10.59,0.00,0,2,1001.30,41.67,109.40,1001.30,40.67,109.06,0.62,1000.64,37.89,114.10,1.37,1.55,94.48,308.23,7903,0.49,1.09,9.52,1.00,0.07,-0.03,0.01,3.37,-8.00,0.61,6,7,45,0,35.2901717,136.2528983,82.50, 0.36
3045300,0.07,-0.78,9.55,1.00,-0.04,-0.00,0.00,-0.47,4.99,0.03,10.59,0.00,0,2,1001.30,41.69,109.40,1001.30,40.67,109.05,0.61,1000.65,37.89,114.06,1.17,1.43,92.55,308.23,7903,0.42,1.13,9.56,1.00,0.07,-0.03,0.01,3.37,-8.00,0.61,6,7,45,0,35.2901717,136.2528983,82.50, 0.36
3045353,0.05,-0.82,9.54,1.00,-0.04,-0.00,0.00,-0.47,4.99,0.03,10.60,0.00,0,2,1001.30,41.69,109.40,1001.31,40.68,109.03,0.63,1000.65,37.88,114.05,1.88,1.82,91.76,308.23,7903,0.68,1.40,9.59,1.00,0.07,-0.03,0.01,3.37,-8.00,0.61,6,7,45,0,35.2901717,136.2528983,82.50, 0.36
3045406,0.07,-0.85,9.51,1.00,-0.04,-0.00,0.00,-0.47,4.99,0.03,10.60,0.00,0,2,1001.30,41.68,109.42,1001.30,40.67,109.04,0.63,1000.65,37.89,114.08,2.02,1.89,91.14,308.23,7903,0.56,1.46,9.56,1.00,0.07,-0.03,0.01,3.37,-8.00,0.61,6,7,45,0,35.2901717,136.2528983,82.50, 0.36
3045462,0.06,-0.87,9.58,1.00,-0.04,-0.00,0.00,-0.47,4.99,0.03,10.61,0.00,0,2,1001.30,41.68,109.43,1001.30,40.66,109.08,0.63,1000.65,37.89,114.08,1.20,1.46,91.76,308.23,7903,0.61,1.48,9.61,1.00,0.07,-0.03,0.01,3.37,-8.00,0.61,6,7,45,0,35.2901717,136.2528983,82.50, 0.36
3045519,0.09,-0.88,9.51,1.00,-0.04,-0.00,0.00,-0.47,4.99,0.03,10.61,0.00,0,2,1001.30,41.68,109.41,1001.31,40.67,109.03,0.63,1000.65,37.89,114.07,1.42,1.58,92.81,308.23,7903,0.58,1.42,9.55,1.00,0.07,-0.03,0.01,3.37,-8.00,0.61,6,7,45,0,35.2901717,136.2528983,82.50, 0.36
3045571,0.13,-0.84,9.52,1.00,-0.04,-0.00,0.00,-0.47,4.99,0.03,10.61,0.00,0,2,1001.30,41.69,109.44,1001.30,40.67,109.05,0.63,1000.65,37.89,114.08,1.52,1.64,94.31,308.23,7903,0.53,1.31,9.56,1.00,0.07,-0.03,0.01,3.37,-8.00,0.61,6,7,45,0,35.2901717,136.2528983,82.50, 0.36
3045629,0.10,-0.82,9.53,1.00,-0.04,-0.00,0.00,-0.47,4.99,0.03,10.61,0.00,0,2,1001.30,41.68,109.41,1001.30,40.67,109.07,0.63,1000.64,37.89,114.08,1.42,1.58,96.59,308.23,7903,0.55,1.16,9.52,1.00,0.07,-0.03,0.01,3.37,-8.00,0.61,6,7,45,0,35.2901717,136.2528983,82.50, 0.36
3045681,0.13,-0.87,9.54,1.00,-0.04,-0.00,0.00,-0.47,4.99,0.03,10.61,0.00,0,2,1001.31,41.69,109.38,1001.31,40.67,109.03,0.63,1000.65,37.89,114.05,1.82,1.79,97.91,308.23,7903,0.55,1.12,9.52,1.00,0.07,-0.03,0.01,3.37,-8.00,0.61,6,7,45,0,35.2901717,136.2528983,82.50, 0.36
3045733,0.09,-0.82,9.52,1.00,-0.04,-0.00,0.00,-0.47,4.99,0.03,10.61,0.00,0,2,1001.30,41.70,109.46,1001.30,40.67,109.06,0.63,1000.65,37.90,114.06,1.38,1.56,99.40,308.23,7903,0.61,1.39,9.58,1.00,0.07,-0.03,0.01,3.37,-8.00,0.61,6,7,45,0,35.2901717,136.2528983,82.50, 0.26
3045790,-0.13,-0.71,9.48,1.00,-0.04,-0.00,0.00,-0.47,4.99,0.03,10.60,0.00,0,2,1001.30,41.68,109.46,1001.31,40.67,109.03,0.62,1000.65,37.90,114.06,2.07,1.91,101.34,308.23,7903,0.76,1.31,9.58,1.00,0.07,-0.03,0.01,3.37,-8.00,0.61,6,7,45,0,35.2901717,136.2528983,82.50, 0.26
3045841,0.18,-0.80,9.70,1.00,-0.04,-0.00,0.00,-0.47,4.99,0.03,10.61,0.00,0,2,1001.30,41.69,109.43,1001.30,40.67,109.08,0.62,1000.65,37.90,114.08,2.02,1.89,103.62,308.23,7903,0.61,1.42,9.70,1.00,0.07,-0.03,0.01,3.37,-8.00,0.61,6,7,46,0,35.2901717,136.2528967,82.50, 0.26
3045900,0.04,-0.80,9.53,1.00,-0.04,-0.00,0.00,-0.47,4.99,0.03,10.62,0.00,0,2,1001.31,41.69,109.39,1001.30,40.66,109.07,0.62,1000.64,37.89,114.10,1.95,1.85,103.89,308.23,7902,0.72,1.42,9.60,1.00,0.07,-0.03,0.01,3.37,-8.00,0.61,6,7,46,0,35.2901717,136.2528967,82.50, 0.26
3045953,0.08,-0.83,9.50,1.00,-0.04,-0.00,0.00,-0.47,4.99,0.03,10.61,0.00,0,2,1001.30,41.70,109.39,1001.30,40.67,109.06,0.62,1000.65,37.90,114.07,1.83,1.80,105.21,308.23,7904,0.43,1.17,9.61,1.00,0.07,-0.03,0.01,3.37,-8.00,0.62,6,7,46,0,35.2901717,136.2528967,82.50, 0.26
3046010,0.11,-0.82,9.50,1.00,-0.04,-0.00,0.00,-0.47,4.99,0.03,10.61,0.00,0,2,1001.30,41.70,109.40,1001.30,40.68,109.04,0.62,1000.64,37.90,114.16,1.85,1.81,106.08,308.23,7902,0.30,1.17,9.50,1.00,0.07,-0.03,0.01,3.37,-8.00,0.63,6,7,46,0,35.2901717,136.2528967,82.50, 0.26
3046062,0.12,-0.83,9.52,1.00,-0.04,-0.00,0.00,-0.47,4.99,0.03,10.62,0.00,0,2,1001.30,41.68,109.44,1001.30,40.66,109.06,0.62,1000.63,37.89,114.19,1.93,1.85,105.91,308.23,7902,0.65,1.12,9.47,1.00,0.07,-0.03,0.01,3.37,-8.00,0.63,6,7,46,0,35.2901717,136.2528967,82.50, 0.26
3046119,0.11,-0.84,9.59,1.00,-0.04,-0.00,0.00,-0.47,4.99,0.03,10.63,0.00,0,2,1001.30,41.69,109.45,1001.31,40.67,109.04,0.62,1000.63,37.89,114.20,2.25,1.99,105.82,308.32,7902,0.73,1.32,9.51,1.00,0.07,-0.03,0.01,3.38,-8.00,0.63,6,7,46,0,35.2901717,136.2528967,82.50, 0.26
3046177,0.04,-0.85,9.51,1.00,-0.04,-0.00,0.00,-0.47,4.99,0.03,10.63,0.00,0,2,1001.30,41.69,109.45,1001.30,40.68,109.06,0.62,1000.63,37.88,114.19,2.60,2.14,105.82,308.32,7901,0.85,1.27,9.45,1.00,0.07,-0.03,0.01,3.38,-8.00,0.64,6,7,46,0,35.2901717,136.2528967,82.50, 0.26
3046230,0.07,-0.84,9.50,1.00,-0.04,-0.00,0.00,-0.47,4.99,0.03,10.62,0.00,0,2,1001.30,41.70,109.45,1001.30,40.67,109.06,0.62,1000.64,37.89,114.17,2.23,1.99,103.97,308.32,7902,0.33,1.28,9.57,1.00,0.07,-0.03,0.01,3.38,-8.00,0.65,6,7,46,0,35.2901717,136.2528967,82.50, 0.26
3046287,0.11,-0.83,9.56,1.00,-0.04,-0.00,0.00,-0.47,4.99,0.03,10.63,0.00,0,2,1001.30,41.68,109.46,1001.30,40.68,109.07,0.62,1000.64,37.89,114.17,2.77,2.21,103.01,308.32,7903,0.65,1.47,9.57,1.00,0.07,-0.03,0.01,3.38,-8.00,0.65,6,7,46,0,35.2901717,136.2528967,82.50, 0.26
3046340,0.10,-0.79,9.52,1.00,-0.04,-0.00,0.00,-0.47,4.99,0.03,10.64,0.00,0,2,1001.30,41.69,109.44,1001.30,40.67,109.08,0.62,1000.63,37.90,114.18,1.25,1.49,102.22,308.32,7903,0.68,1.42,9.56,1.00,0.07,-0.03,0.01,3.38,-8.00,0.65,6,7,46,0,35.2901717,136.2528967,82.50, 0.26
3046398,0.11,-0.76,9.56,1.00,-0.04,-0.00,0.00,-0.47,4.99,0.03,10.64,0.00,0,2,1001.30,41.71,109.44,1001.30,40.67,109.06,0.62,1000.63,37.90,114.18,1.78,1.77,102.74,308.32,7903,0.62,1.32,9.56,1.00,0.07,-0.03,0.01,3.38,-8.00,0.65,6,7,46,0,35.2901717,136.2528967,82.50, 0.26
3046450,0.11,-0.79,9.55,1.00,-0.04,-0.00,0.00,-0.47,4.99,0.03,10.64,0.00,0,2,1001.30,41.71,109.45,1001.30,40.67,109.04,0.62,1000.64,37.89,114.17,2.82,2.23,102.83,308.32,7902,0.53,1.29,9.58,1.00,0.07,-0.03,0.01,3.38,-8.00,0.65,6,7,46,0,35.2901717,136.2528967,82.50, 0.26
3046507,0.09,-0.84,9.53,1.00,-0.04,-0.00,0.00,-0.47,4.99,0.03,10.63,0.00,0,2,1001.30,41.71,109.43,1001.30,40.67,109.08,0.62,1000.63,37.90,114.20,2.23,1.99,102.13,308.32,7903,0.58,1.23,9.54,1.00,0.07,-0.03,0.01,3.38,-8.00,0.65,6,7,46,0,35.2901717,136.2528967,82.50, 0.26
3046560,0.08,-0.86,9.55,1.00,-0.04,-0.00,0.00,-0.47,4.99,0.03,10.62,0.00,0,2,1001.30,41.72,109.43,1001.31,40.68,109.04,0.62,1000.63,37.90,114.20,3.05,2.32,103.10,308.32,7902,0.57,1.43,9.59,1.00,0.07,-0.03,0.01,3.38,-8.00,0.65,6,7,46,0,35.2901717,136.2528967,82.50, 0.26
3046616,0.05,-0.86,9.50,1.00,-0.04,-0.00,0.00,-0.47,4.99,0.03,10.61,0.00,0,2,1001.30,41.71,109.46,1001.30,40.68,109.06,0.62,1000.63,37.89,114.19,1.70,1.73,102.92,308.32,7902,0.59,1.39,9.54,1.00,0.07,-0.03,0.01,3.38,-8.00,0.65,6,7,46,0,35.2901717,136.2528967,82.50, 0.26
3046668,0.05,-0.88,9.52,1.00,-0.04,-0.00,0.00,-0.47,4.99,0.03,10.60,0.00,0,2,1001.31,41.73,109.39,1001.30,40.68,109.07,0.62,1000.64,37.89,114.15,2.12,1.93,102.22,308.32,7902,0.54,1.49,9.58,1.00,0.07,-0.03,0.01,3.38,-8.00,0.65,6,7,46,0,35.2901717,136.2528967,82.50, 0.26
3046726,0.11,-0.83,9.52,1.00,-0.04,-0.00,0.00,-0.47,4.99,0.03,10.62,0.00,0,2,1001.30,41.72,109.44,1001.30,40.67,109.08,0.62,1000.63,37.90,114.18,1.20,1.46,101.60,308.32,7902,0.55,1.39,9.58,1.00,0.07,-0.03,0.01,3.38,-8.00,0.65,6,7,46,0,35.2901717,136.2528967,82.50, 0.24
3046779,0.12,-0.81,9.52,1.00,-0.04,-0.00,0.00,-0.47,4.99,0.03,10.62,0.00,0,2,1001.30,41.72,109.45,1001.30,40.66,109.06,0.62,1000.63,37.89,114.19,1.27,1.49,102.30,308.32,7903,0.58,1.34,9.57,1.00,0.07,-0.03,0.01,3.38,-8.00,0.65,6,7,46,0,35.2901717,136.2528967,82.50, 0.24
3046837,0.10,-0.80,9.50,1.00,-0.04,-0.00,0.00,-0.47,4.99,0.03,10.62,0.00,0,2,1001.30,41.72,109.41,1001.30,40.68,109.06,0.62,1000.64,37.89,114.17,0.88,1.25,102.48,308.32,7903,0.57,1.37,9.53,1.00,0.07,-0.03,0.01,3.38,-8.00,0.65,6,7,47,0,35.2901750,136.2528950,82.50, 0.24
3046888,0.09,-0.82,9.55,1.00,-0.04,-0.00,0.00,-0.47,4.99,0.03,10.61,0.00,0,2,1001.30,41.71,109.44,1001.30,40.69,109.07,0.62,1000.64,37.90,114.17,1.32,1.52,101.95,308.32,7903,0.60,1.35,9.59,1.00,0.07,-0.03,0.01,3.38,-8.00,0.65,6,7,47,0,35.2901750,136.2528950,82.50, 0.24
3046946,0.06,-0.83,9.50,1.00,-0.04,-0.00,0.00,-0.47,4.99,0.03,10.62,0.00,0,2,1001.30,41.73,109.43,1001.30,40.68,109.08,0.62,1000.64,37.89,114.15,1.27,1.49,101.78,308.32,7903,0.59,1.43,9.56,1.00,0.07,-0.03,0.01,3.38,-8.00,0.65,6,7,47,0,35.2901750,136.2528950,82.50, 0.24
3046998,0.11,-0.85,9.51,1.00,-0.04,-0.00,0.00,-0.47,4.99,0.03,10.61,0.00,0,2,1001.30,41.72,109.44,1001.30,40.67,109.06,0.62,1000.64,37.90,114.13,0.35,0.79,102.48,308.32,7903,0.55,1.42,9.58,1.00,0.07,-0.03,0.01,3.38,-8.00,0.65,6,7,47,0,35.2901750,136.2528950,82.50, 0.24
3047056,0.11,-0.82,9.56,1.00,-0.04,-0.00,0.00,-0.47,4.99,0.03,10.60,0.00,0,2,1001.30,41.72,109.41,1001.30,40.68,109.07,0.62,1000.64,37.89,114.13,1.27,1.49,104.59,308.32,7903,0.51,1.33,9.56,1.00,0.07,-0.03,0.01,3.38,-8.00,0.65,6,7,47,0,35.2901750,136.2528950,82.50, 0.24
3047108,0.10,-0.85,9.52,1.00,-0.04,-0.00,0.00,-0.47,4.99,0.03,10.59,0.00,0,2,1001.30,41.72,109.42,1001.30,40.68,109.05,0.62,1000.64,37.89,114.13,1.55,1.65,105.56,308.32,7903,0.57,1.39,9.54,1.00,0.07,-0.03,0.01,3.38,-8.00,0.65,6,7,47,0,35.2901750,136.2528950,82.50, 0.24
3047165,0.08,-0.81,9.52,1.00,-0.04,-0.00,0.00,-0.47,4.99,0.03,10.60,0.00,0,2,1001.30,41.72,109.45,1001.30,40.68,109.04,0.62,1000.63,37.90,114.20,0.93,1.28,105.12,308.32,7903,0.59,1.16,9.54,1.00,0.07,-0.03,0.01,3.38,-8.00,0.65,6,7,47,0,35.2901750,136.2528950,82.50, 0.24
3047219,0.06,-0.82,9.58,1.00,-0.04,-0.00,0.00,-0.47,4.99,0.03,10.60,0.00,0,2,1001.30,41.73,109.41,1001.30,40.68,109.08,0.62,1000.64,37.90,114.14,2.12,1.93,105.12,308.32,7903,0.57,1.16,9.49,1.00,0.07,-0.03,0.01,3.38,-8.00,0.65,6,7,47,0,35.2901750,136.2528950,82.50, 0.24
3047275,0.05,-0.82,9.51,1.00,-0.04,-0.00,0.00,-0.47,4.99,0.03,10.60,0.00,0,2,1001.30,41.72,109.42,1001.30,40.67,109.06,0.62,1000.64,37.89,114.13,1.88,1.82,104.85,308.32,7902,0.52,1.31,9.56,1.00,0.07,-0.03,0.01,3.38,-8.00,0.65,6,7,47,0,35.2901750,136.2528950,82.50, 0.24
3047326,0.03,-0.86,9.47,1.00,-0.04,-0.00,0.00,-0.47,4.99,0.03,10.60,0.00,0,2,1001.30,41.72,109.45,1001.30,40.68,109.08,0.62,1000.63,37.90,114.23,1.93,1.85,104.50,308.32,7903,0.70,1.43,9.54,1.00,0.07,-0.03,0.01,3.38,-8.00,0.65,6,7,47,0,35.2901750,136.2528950,82.50, 0.24
3047384,0.13,-0.82,9.54,1.00,-0.04,-0.00,0.00,-0.47,4.99,0.03,10.61,0.00,0,2,1001.30,41.72,109.48,1001.30,40.68,109.05,0.62,1000.64,37.89,114.17,2.17,1.96,102.30,308.32,7902,0.66,1.32,9.55,1.00,0.07,-0.03,0.01,3.38,-8.00,0.65,6,7,47,0,35.2901750,136.2528950,82.50, 0.24
3047436,0.12,-0.82,9.54,1.00,-0.04,-0.00,0.00,-0.47,4.99,0.03,10.62,0.00,0,2,1001.30,41.72,109.45,1001.30,40.69,109.05,0.62,1000.64,37.89,114.15,2.00,1.88,99.58,308.32,7903,0.50,1.39,9.60,1.00,0.07,-0.03,0.01,3.38,-8.00,0.65,6,7,47,0,35.2901750,136.2528950,82.50, 0.24
3047491,0.07,-0.85,9.52,1.00,-0.04,-0.00,0.00,-0.47,4.99,0.03,10.60,0.00,0,2,1001.30,41.73,109.43,1001.31,40.68,109.00,0.62,1000.63,37.89,114.18,2.52,2.11,92.90,308.32,7902,0.51,1.43,9.56,1.00,0.07,-0.03,0.01,3.38,-8.00,0.65,6,7,47,0,35.2901750,136.2528950,82.50, 0.24
3047546,0.05,-0.84,9.52,1.00,-0.04,-0.00,0.00,-0.47,4.99,0.03,10.60,0.00,0,2,1001.30,41.72,109.46,1001.31,40.69,109.03,0.62,1000.63,37.90,114.18,2.77,2.21,89.21,308.32,7903,0.70,1.32,9.54,1.00,0.07,-0.03,0.01,3.38,-8.00,0.65,6,7,47,0,35.2901750,136.2528950,82.50, 0.24
3047599,0.11,-0.84,9.52,1.00,-0.04,-0.00,0.00,-0.47,4.99,0.03,10.60,0.00,0,2,1001.30,41.73,109.46,1001.30,40.68,109.06,0.62,1000.64,37.90,114.15,2.48,2.09,89.38,308.32,7902,0.50,1.29,9.58,1.00,0.07,-0.03,0.01,3.38,-8.00,0.65,6,7,47,0,35.2901750,136.2528950,82.50, 0.24
3047655,0.10,-0.84,9.55,1.00,-0.04,-0.00,0.00,-0.47,4.99,0.03,10.60,0.00,0,2,1001.30,41.73,109.43,1001.30,40.70,109.06,0.62,1000.64,37.89,114.12,2.83,2.24,92.55,308.32,7902,0.54,1.29,9.52,1.00,0.07,-0.03,0.01,3.38,-8.00,0.65,6,7,47,0,35.2901750,136.2528950,82.50, 0.10
3047712,0.11,-0.91,9.57,1.00,-0.04,-0.00,0.00,-0.47,4.99,0.03,10.61,0.00,0,2,1001.30,41.73,109.47,1001.31,40.68,109.04,0.62,1000.64,37.90,114.09,2.32,2.02,98.96,308.32,7902,0.40,1.29,9.59,1.00,0.07,-0.03,0.01,3.38,-8.00,0.64,6,7,47,0,35.2901750,136.2528950,82.50, 0.10
3047765,0.12,-0.84,9.52,1.00,-0.04,-0.00,0.00,-0.47,4.99,0.03,10.60,0.00,0,2,1001.30,41.73,109.46,1001.30,40.67,109.06,0.61,1000.64,37.90,114.09,2.17,1.96,104.68,308.32,7903,0.61,1.47,9.56,1.00,0.07,-0.03,0.01,3.38,-8.00,0.64,6,7,47,0,35.2901750,136.2528950,82.50, 0.10
3047822,0.10,-0.79,9.54,1.00,-0.04,-0.00,0.00,-0.47,4.99,0.03,10.61,0.00,0,2,1001.30,41.73,109.46,1001.30,40.68,109.06,0.62,1000.65,37.90,114.08,2.02,1.89,107.67,308.32,7903,0.52,1.29,9.63,1.00,0.07,-0.03,0.01,3.38,-8.00,0.64,6,7,47,0,35.2901750,136.2528950,82.50, 0.10
3047875,0.05,-0.72,9.54,1.00,-0.04,-0.00,0.00,-0.47,4.99,0.03,10.61,0.00,0,2,1001.30,41.73,109.46,1001.30,40.68,109.08,0.62,1000.64,37.90,114.11,2.15,1.95,110.83,308.32,7902,0.47,1.27,9.63,1.00,0.07,-0.03,0.01,3.38,-8.00,0.64,6,7,47,0,35.2901750,136.2528950,82.50, 0.10
3047932,0.13,-0.84,9.57,1.00,-0.04,-0.00,0.00,-0.47,4.99,0.03,10.61,0.00,0,2,1001.30,41.74,109.45,1001.30,40.67,109.08,0.62,1000.64,37.89,114.17,2.67,2.17,110.57,308.32,7903,0.80,1.36,9.55,1.00,0.07,-0.03,0.01,3.37,-8.00,0.63,6,7,47,0,35.2901750,136.2528950,82.50, 0.10
3047984,0.13,-0.86,9.53,1.00,-0.04,-0.00,0.00,-0.47,4.99,0.03,10.61,0.00,0,2,1001.30,41.73,109.46,1001.30,40.68,109.08,0.62,1000.63,37.90,114.18,2.78,2.22,110.21,308.32,7903,0.51,1.36,9.58,1.00,0.07,-0.03,0.01,3.37,-8.00,0.62,6,7,48,0,35.2901767,136.2528967,82.50, 0.10
3048042,0.06,-0.80,9.50,1.00,-0.04,-0.00,0.00,-0.47,4.99,0.03,10.61,0.00,0,2,1001.30,41.75,109.46,1001.30,40.68,109.05,0.62,1000.64,37.91,114.14,1.20,1.46,109.86,308.32,7903,0.37,1.24,9.55,1.00,0.07,-0.03,0.01,3.37,-8.00,0.61,6,7,48,0,35.2901767,136.2528967,82.50, 0.10
3048095,0.10,-0.81,9.57,1.00,-0.04,-0.00,0.00,-0.47,4.99,0.03,10.62,0.00,0,2,1001.30,41.74,109.49,1001.30,40.68,109.04,0.62,1000.64,37.90,114.18,2.33,2.03,109.51,308.32,7902,0.59,1.29,9.53,1.00,0.07,-0.03,0.01,3.37,-8.00,0.61,6,7,48,0,35.2901767,136.2528967,82.50, 0.10
3048151,0.11,-0.87,9.52,1.00,-0.04,-0.00,0.00,-0.47,4.99,0.03,10.62,0.00,0,2,1001.30,41.73,109.44,1001.30,40.70,109.05,0.62,1000.63,37.89,114.20,1.33,1.53,107.93,308.32,7902,0.48,1.46,9.59,1.00,0.07,-0.03,0.01,3.37,-8.00,0.61,6,7,48,0,35.2901767,136.2528967,82.50, 0.10
3048203,0.07,-0.80,9.52,1.00,-0.04,-0.00,0.00,-0.47,4.99,0.03,10.61,0.00,0,2,1001.30,41.73,109.46,1001.30,40.69,109.07,0.62,1000.63,37.89,114.23,-0.17,0.54,103.62,308.32,7902,0.51,1.30,9.53,1.00,0.07,-0.03,0.01,3.37,-8.00,0.61,6,7,48,0,35.2901767,136.2528967,82.50, 0.10
3048261,0.07,-0.85,9.54,1.00,-0.04,-0.00,0.00,-0.47,4.99,0.03,10.61,0.00,0,2,1001.30,41.73,109.44,1001.30,40.68,109.04,0.62,1000.63,37.90,114.20,0.83,1.21,101.87,308.32,7903,0.62,1.38,9.58,1.00,0.07,-0.03,0.01,3.37,-8.00,0.61,6,7,48,0,35.2901767,136.2528967,82.50, 0.10
3048313,0.12,-0.87,9.50,1.00,-0.04,-0.00,0.00,-0.47,4.99,0.03,10.61,0.00,0,2,1001.30,41.73,109.48,1001.30,40.67,109.12,0.63,1000.63,37.89,114.19,0.72,1.12,101.60,308.32,7903,0.53,1.27,9.56,1.00,0.07,-0.03,0.01,3.37,-8.00,0.61,6,7,48,0,35.2901767,136.2528967,82.50, 0.10
3048365,0.14,-0.76,9.59,1.00,-0.04,-0.00,0.00,-0.47,4.99,0.03,10.61,0.00,0,2,1001.30,41.74,109.44,1001.30,40.69,109.05,0.63,1000.64,37.89,114.15,1.45,1.60,101.07,308.32,7902,0.57,1.22,9.56,1.00,0.07,-0.03,0.01,3.37,-8.00,0.61,6,7,48,0,35.2901767,136.2528967,82.50, 0.10
3048423,0.11,-0.86,9.49,1.00,-0.04,-0.00,0.00,-0.47,4.99,0.03,10.61,0.00,0,2,1001.31,41.74,109.40,1001.30,40.68,109.06,0.63,1000.64,37.89,114.17,2.08,1.92,99.14,308.32,7902,0.58,1.28,9.56,1.00,0.07,-0.03,0.01,3.37,-8.00,0.61,6,7,48,0,35.2901767,136.2528967,82.50, 0.10
3048480,0.10,-0.83,9.48,1.00,-0.04,-0.00,0.00,-0.47,4.99,0.03,10.59,0.00,0,2,1001.30,41.73,109.43,1001.30,40.68,109.07,0.63,1000.64,37.89,114.16,2.28,2.01,97.38,308.32,7902,0.56,1.27,9.53,1.00,0.07,-0.03,0.01,3.37,-8.00,0.61,6,7,48,0,35.2901767,136.2528967,82.50, 0.10
3048533,0.06,-0.79,9.56,1.00,-0.04,-0.00,0.00,-0.47,4.99,0.03,10.59,0.00,0,2,1001.30,41.73,109.42,1001.30,40.69,109.07,0.63,1000.64,37.88,114.11,3.30,2.41,93.96,308.32,7902,0.53,1.29,9.57,1.00,0.07,-0.03,0.01,3.37,-8.00,0.61,6,7,48,0,35.2901767,136.2528967,82.50, 0.10
3048585,0.06,-0.80,9.50,1.00,-0.04,-0.00,0.00,-0.47,4.99,0.03,10.59,0.00,0,2,1001.30,41.75,109.45,1001.30,40.68,109.09,0.63,1000.64,37.89,114.10,1.90,1.83,92.29,308.32,7902,0.51,1.32,9.59,1.00,0.07,-0.03,0.01,3.37,-8.00,0.61,6,7,48,0,35.2901767,136.2528967,82.50, 0.10
3048642,0.09,-0.85,9.52,1.00,-0.04,-0.00,0.00,-0.47,4.99,0.03,10.58,0.00,0,2,1001.30,41.73,109.44,1001.30,40.68,109.07,0.63,1000.64,37.90,114.13,1.52,1.64,94.04,308.32,7903,0.45,1.35,9.54,1.00,0.07,-0.03,0.01,3.37,-8.00,0.61,6,7,48,0,35.2901767,136.2528967,82.50, 0.10
3048695,0.10,-0.88,9.54,1.00,-0.04,-0.00,0.00,-0.47,4.99,0.03,10.59,0.00,0,2,1001.30,41.74,109.45,1001.30,40.68,109.07,0.63,1000.64,37.90,114.11,2.12,1.93,96.59,308.32,7902,0.50,1.38,9.59,1.00,0.07,-0.03,0.01,3.37,-8.00,0.61,6,7,48,0,35.2901767,136.2528967,82.50, 0.10
3048752,0.07,-0.79,9.50,1.00,-0.04,-0.00,0.00,-0.47,4.99,0.03,10.61,0.00,0,2,1001.30,41.74,109.47,1001.30,40.68,109.11,0.63,1000.64,37.89,114.11,2.40,2.06,100.55,308.32,7903,0.75,1.29,9.60,1.00,0.07,-0.03,0.01,3.37,-8.00,0.61,6,7,48,0,35.2901767,136.2528967,82.50, 0.10
3048809,0.08,-0.82,9.60,1.00,-0.04,-0.00,0.00,-0.47,4.99,0.03,10.61,0.00,0,2,1001.30,41.76,109.44,1001.30,40.69,109.07,0.63,1000.64,37.90,114.16,1.27,1.49,101.69,308.32,7903,0.42,1.38,9.61,1.00,0.07,-0.03,0.01,3.37,-8.00,0.62,6,7,48,0,35.2901767,136.2528967,82.50, 0.12
3048860,0.16,-0.87,9.53,1.00,-0.04,-0.00,0.00,-0.47,4.99,0.03,10.61,0.00,0,2,1001.30,41.76,109.47,1001.30,40.68,109.09,0.64,1000.63,37.90,114.22,1.47,1.61,102.57,308.32,7902,0.42,1.35,9.56,1.00,0.07,-0.03,0.01,3.37,-8.00,0.62,6,7,48,0,35.2901767,136.2528967,82.50, 0.12
3048918,0.16,-0.87,9.53,1.00,-0.04,-0.00,0.00,-0.47,4.99,0.03,10.62,0.00,0,2,1001.30,41.74,109.48,1001.30,40.68,109.09,0.63,1000.63,37.89,114.26,2.03,1.89,100.55,308.32,7903,0.51,1.38,9.57,1.00,0.07,-0.03,0.01,3.37,-8.00,0.62,6,7,49,0,35.2901767,136.2528933,82.60, 0.12
3048971,0.06,-0.79,9.55,1.00,-0.04,-0.00,0.00,-0.47,4.99,0.03,10.63,0.00,0,2,1001.30,41.74,109.46,1001.30,40.69,109.10,0.63,1000.62,37.89,114.29,2.48,2.09,98.96,308.32,7903,0.49,1.32,9.53,1.00,0.07,-0.03,0.01,3.37,-8.00,0.62,6,7,49,0,35.2901767,136.2528933,82.60, 0.12
3049028,0.02,-0.82,9.55,1.00,-0.04,-0.00,0.00,-0.47,4.99,0.03,10.62,0.00,0,2,1001.30,41.75,109.48,1001.30,40.68,109.09,0.63,1000.62,37.89,114.31,2.70,2.18,94.31,308.32,7903,0.60,1.40,9.55,1.00,0.07,-0.03,0.01,3.37,-8.00,0.62,6,7,49,0,35.2901767,136.2528933,82.60, 0.12
3049081,0.05,-0.85,9.51,1.00,-0.04,-0.00,0.00,-0.47,4.99,0.03,10.62,0.00,0,2,1001.30,41.76,109.47,1001.30,40.68,109.09,0.63,1000.62,37.89,114.28,1.52,1.64,92.20,308.32,7903,0.50,1.33,9.56,1.00,0.07,-0.03,0.01,3.37,-8.00,0.62,6,7,49,0,35.2901767,136.2528933,82.60, 0.12
3049137,0.09,-0.86,9.50,1.00,-0.04,-0.00,0.00,-0.47,4.99,0.03,10.63,0.00,0,2,1001.30,41.77,109.47,1001.30,40.69,109.07,0.63,1000.63,37.89,114.26,1.78,1.77,93.16,308.32,7903,0.51,1.44,9.55,1.00,0.07,-0.03,0.01,3.37,-8.00,0.62,6,7,49,0,35.2901767,136.2528933,82.60, 0.12
3049190,0.13,-0.79,9.53,1.00,-0.04,-0.00,0.00,-0.47,4.99,0.03,10.62,0.00,0,2,1001.30,41.76,109.45,1001.30,40.69,109.05,0.63,1000.63,37.92,114.18,2.92,2.27,97.82,308.32,7903,0.48,1.35,9.59,1.00,0.07,-0.03,0.01,3.37,-8.00,0.62,6,7,49,0,35.2901767,136.2528933,82.60, 0.12
3049243,0.14,-0.79,9.51,1.00,-0.04,-0.00,0.00,-0.47,4.99,0.03,10.61,0.00,0,2,1001.30,41.76,109.46,1001.30,40.69,109.07,0.63,1000.63,37.90,114.18,2.13,1.94,105.56,308.32,7902,0.51,1.41,9.62,1.00,0.07,-0.03,0.01,3.37,-8.00,0.62,6,7,49,0,35.2901767,136.2528933,82.60, 0.12
3049300,0.06,-0.80,9.49,1.00,-0.04,-0.00,0.00,-0.47,4.99,0.03,10.60,0.00,0,2,1001.31,41.77,109.41,1001.30,40.70,109.11,0.63,1000.63,37.87,114.21,2.82,2.23,106.61,308.32,7902,0.53,1.29,9.54,1.00,0.07,-0.03,0.01,3.37,-8.00,0.62,6,7,49,0,35.2901767,136.2528933,82.60, 0.12
3049352,0.02,-0.85,9.57,1.00,-0.04,-0.00,0.00,-0.47,4.99,0.03,10.61,0.00,0,2,1001.30,41.76,109.47,1001.30,40.69,109.08,0.63,1000.63,37.89,114.26,2.22,1.98,106.17,308.32,7903,0.66,1.38,9.54,1.00,0.07,-0.03,0.01,3.37,-8.00,0.62,6,7,49,0,35.2901767,136.2528933,82.60, 0.12
3049408,0.06,-0.88,9.53,1.00,-0.04,-0.00,0.00,-0.47,4.99,0.03,10.61,0.00,0,2,1001.30,41.77,109.48,1001.30,40.70,109.08,0.63,1000.63,37.89,114.23,3.15,2.36,104.77,308.32,7903,0.59,1.35,9.51,1.00,0.07,-0.03,0.01,3.37,-8.00,0.62,6,7,49,0,35.2901767,136.2528933,82.60, 0.12
3049461,0.12,-0.87,9.52,1.00,-0.04,-0.00,0.00,-0.47,4.99,0.03,10.62,0.00,0,2,1001.30,41.76,109.47,1001.30,40.69,109.09,0.63,1000.63,37.90,114.20,2.62,2.15,104.41,308.32,7902,0.48,1.39,9.57,1.00,0.07,-0.03,0.01,3.37,-8.00,0.62,6,7,49,0,35.2901767,136.2528933,82.60, 0.12
3049518,0.15,-0.84,9.53,1.00,-0.04,-0.00,0.00,-0.47,4.99,0.03,10.61,0.00,0,2,1001.30,41.77,109.45,1001.30,40.69,109.08,0.63,1000.63,37.90,114.22,2.25,1.99,101.16,308.32,7903,0.56,1.36,9.55,1.00,0.07,-0.03,0.01,3.37,-8.00,0.62,6,7,49,0,35.2901767,136.2528933,82.60, 0.12
3049570,0.14,-0.79,9.50,1.00,-0.04,-0.00,0.00,-0.47,4.99,0.03,10.61,0.00,0,2,1001.30,41.77,109.43,1001.30,40.69,109.10,0.63,1000.64,37.90,114.14,2.35,2.04,96.50,308.32,7904,0.38,1.29,9.55,1.00,0.07,-0.03,0.01,3.37,-8.00,0.62,6,7,49,0,35.2901767,136.2528933,82.60, 0.12
3049627,0.08,-0.79,9.51,1.00,-0.04,-0.00,0.00,-0.47,4.99,0.03,10.59,0.00,0,2,1001.30,41.77,109.46,1001.30,40.68,109.10,0.63,1000.64,37.89,114.15,3.05,2.32,96.59,308.32,7903,0.45,1.36,9.61,1.00,0.07,-0.03,0.01,3.37,-8.00,0.62,6,7,49,0,35.2901767,136.2528933,82.60, 0.12
3049680,0.04,-0.80,9.52,1.00,-0.04,-0.00,0.00,-0.47,4.99,0.03,10.60,0.00,0,2,1001.30,41.77,109.47,1001.30,40.69,109.10,0.64,1000.64,37.90,114.14,3.10,2.34,98.26,308.32,7903,0.64,1.39,9.61,1.00,0.07,-0.03,0.01,3.37,-8.00,0.62,6,7,49,0,35.2901767,136.2528933,82.60, 0.12
3049738,0.05,-0.79,9.52,1.00,-0.04,-0.00,0.00,-0.47,4.99,0.03,10.60,0.00,0,2,1001.30,41.78,109.46,1001.30,40.70,109.08,0.62,1000.64,37.89,114.15,3.85,2.61,99.93,308.32,7902,0.66,1.34,9.58,1.00,0.07,-0.03,0.01,3.37,-8.00,0.62,6,7,49,0,35.2901767,136.2528933,82.60, 0.12
3049792,0.10,-0.80,9.52,1.00,-0.04,-0.00,0.00,-0.47,4.99,0.03,10.61,0.00,0,2,1001.30,41.77,109.48,1001.30,40.69,109.08,0.63,1000.64,37.90,114.15,3.30,2.41,106.17,308.32,7902,0.57,1.28,9.54,1.00,0.07,-0.03,0.01,3.37,-8.00,0.62,6,7,49,0,35.2901767,136.2528933,82.60, 0.10
3049847,0.14,-0.80,9.54,1.00,-0.04,-0.00,0.00,-0.47,4.99,0.03,10.61,0.00,0,2,1001.30,41.78,109.49,1001.30,40.70,109.13,0.63,1000.64,37.90,114.15,2.98,2.29,110.92,308.32,7903,0.50,1.36,9.56,1.00,0.07,-0.03,0.01,3.37,-8.00,0.62,6,7,49,0,35.2901767,136.2528933,82.60, 0.10
3049905,0.11,-0.83,9.52,1.00,-0.04,-0.00,0.00,-0.47,4.99,0.03,10.62,0.00,0,2,1001.30,41.78,109.49,1001.30,40.69,109.10,0.64,1000.63,37.89,114.25,3.12,2.34,112.06,308.32,7902,0.52,1.27,9.55,1.00,0.07,-0.03,0.01,3.37,-8.00,0.62,6,7,50,0,35.2901767,136.2528933,82.60, 0.10
3049958,0.08,-0.89,9.53,1.00,-0.04,-0.00,0.00,-0.47,4.99,0.03,10.62,0.00,0,2,1001.30,41.78,109.51,1001.30,40.70,109.06,0.63,1000.63,37.89,114.26,3.70,2.55,111.09,308.32,7903,0.61,1.32,9.56,1.00,0.07,-0.03,0.01,3.37,-8.00,0.62,6,7,50,0,35.2901767,136.2528933,82.60, 0.10
3050015,0.06,-0.82,9.54,1.00,-0.04,-0.00,0.00,-0.47,4.99,0.03,10.64,0.00,0,2,1001.30,41.77,109.50,1001.30,40.69,109.12,0.63,1000.62,37.89,114.29,3.35,2.43,108.37,308.32,7902,0.59,1.40,9.57,1.00,0.07,-0.03,0.01,3.37,-8.00,0.62,6,7,50,0,35.2901767,136.2528933,82.60, 0.10
3050066,0.08,-0.80,9.52,1.00,-0.04,-0.00,0.00,-0.47,4.99,0.03,10.63,0.00,0,2,1001.30,41.79,109.47,1001.30,40.70,109.08,0.64,1000.62,37.89,114.28,3.23,2.39,106.08,308.41,7903,0.56,1.26,9.55,1.00,0.07,-0.03,0.01,3.37,-8.00,0.62,6,7,50,0,35.2901767,136.2528933,82.60, 0.10
3050125,0.07,-0.79,9.52,1.00,-0.04,-0.00,0.00,-0.47,4.99,0.03,10.62,0.00,0,2,1001.30,41.76,109.45,1001.30,40.68,109.09,0.63,1000.62,37.91,114.33,3.87,2.61,105.21,308.50,7903,0.52,1.29,9.55,1.00,0.07,-0.03,0.01,3.37,-8.00,0.62,6,7,50,0,35.2901767,136.2528933,82.60, 0.10
3050177,0.12,-0.84,9.53,1.00,-0.04,-0.00,0.00,-0.47,4.99,0.03,10.62,0.00,0,2,1001.30,41.77,109.50,1001.30,40.69,109.11,0.62,1000.62,37.90,114.31,3.58,2.51,104.50,308.50,7903,0.51,1.21,9.55,1.00,0.07,-0.03,0.01,3.37,-8.00,0.62,6,7,50,0,35.2901767,136.2528933,82.60, 0.10
3050234,0.11,-0.86,9.54,1.00,-0.04,-0.00,0.00,-0.47,4.99,0.03,10.62,0.00,0,2,1001.30,41.76,109.49,1001.30,40.71,109.12,0.64,1000.61,37.89,114.36,3.05,2.32,103.27,308.50,7902,0.59,1.25,9.55,1.00,0.07,-0.03,0.01,3.37,-8.00,0.62,6,7,50,0,35.2901767,136.2528933,82.60, 0.10
3050287,0.10,-0.83,9.53,1.00,-0.04,-0.00,0.00,-0.47,4.99,0.03,10.62,0.00,0,2,1001.30,41.78,109.46,1001.30,40.69,109.08,0.62,1000.63,37.90,114.25,2.55,2.12,102.57,308.50,7903,0.55,1.50,9.59,1.00,0.07,-0.03,0.01,3.37,-8.00,0.62,6,7,50,0,35.2901767,136.2528933,82.60, 0.10
3050339,0.11,-0.81,9.56,1.00,-0.04,-0.00,0.00,-0.47,4.99,0.03,10.61,0.00,0,2,1001.30,41.77,109.45,1001.30,40.70,109.11,0.63,1000.63,37.90,114.27,2.82,2.23,101.07,308.58,7903,0.55,1.40,9.58,1.00,0.07,-0.03,0.01,3.37,-8.00,0.62,6,7,50,0,35.2901767,136.2528933,82.60, 0.10
3050397,0.09,-0.83,9.53,1.00,-0.04,-0.00,0.00,-0.47,4.99,0.03,10.60,0.00,0,2,1001.30,41.77,109.48,1001.30,40.68,109.12,0.63,1000.62,37.89,114.29,2.85,2.24,100.20,308.58,7902,0.56,1.36,9.56,1.00,0.07,-0.03,0.01,3.37,-8.00,0.62,6,7,50,0,35.2901767,136.2528933,82.60, 0.10
3050451,0.08,-0.80,9.56,1.00,-0.04,-0.00,0.00,-0.47,4.99,0.03,10.60,0.00,0,2,1001.30,41.77,109.45,1001.30,40.71,109.09,0.63,1000.63,37.91,114.23,2.98,2.29,98.61,308.58,7903,0.55,1.34,9.59,1.00,0.07,-0.03,0.01,3.37,-8.00,0.62,6,7,50,0,35.2901767,136.2528933,82.60, 0.10
3050506,0.09,-0.81,9.53,1.00,-0.04,-0.00,0.00,-0.47,4.99,0.03,10.61,0.00,0,2,1001.30,41.78,109.48,1001.30,40.68,109.11,0.63,1000.63,37.91,114.23,3.33,2.43,99.84,308.58,7903,0.63,1.24,9.56,1.00,0.07,-0.03,0.01,3.37,-8.00,0.62,6,7,50,0,35.2901767,136.2528933,82.60, 0.10
3050564,0.10,-0.78,9.55,1.00,-0.04,-0.00,0.00,-0.47,4.99,0.03,10.60,0.00,0,2,1001.30,41.78,109.47,1001.30,40.69,109.10,0.63,1000.64,37.90,114.16,2.88,2.26,100.28,308.67,7902,0.63,1.28,9.57,1.00,0.07,-0.03,0.01,3.37,-8.00,0.62,6,7,50,0,35.2901767,136.2528933,82.60, 0.10
3050617,0.09,-0.86,9.50,1.00,-0.04,-0.00,0.00,-0.47,4.99,0.03,10.60,0.00,0,2,1001.30,41.77,109.46,1001.30,40.69,109.08,0.63,1000.64,37.91,114.17,2.80,2.22,101.69,308.67,7903,0.52,1.24,9.54,1.00,0.07,-0.03,0.01,3.37,-8.00,0.62,6,7,50,0,35.2901767,136.2528933,82.60, 0.10
3050674,0.08,-0.83,9.51,1.00,-0.04,-0.00,0.00,-0.47,4.99,0.03,10.61,0.00,0,2,1001.30,41.79,109.48,1001.30,40.70,109.11,0.63,1000.64,37.91,114.18,3.28,2.41,102.74,308.67,7902,0.51,1.30,9.56,1.00,0.07,-0.03,0.01,3.37,-8.00,0.62,6,7,50,0,35.2901767,136.2528933,82.60, 0.10
3050726,0.07,-0.81,9.53,1.00,-0.04,-0.00,0.00,-0.47,4.99,0.03,10.60,0.00,0,2,1001.30,41.79,109.47,1001.30,40.70,109.10,0.63,1000.63,37.90,114.27,2.67,2.17,100.55,308.76,7903,0.60,1.34,9.55,1.00,0.07,-0.03,0.01,3.37,-8.00,0.62,6,7,50,0,35.2901767,136.2528933,82.60, 0.10
3050784,0.07,-0.84,9.53,1.00,-0.04,-0.00,0.00,-0.47,4.99,0.03,10.62,0.00,0,2,1001.30,41.78,109.48,1001.29,40.69,109.14,0.62,1000.62,37.90,114.28,2.57,2.13,100.02,308.67,7903,0.62,1.36,9.57,1.00,0.07,-0.03,0.01,3.37,-8.00,0.62,6,7,50,0,35.2901767,136.2528933,82.60, 0.08
3050837,0.10,-0.80,9.57,1.00,-0.04,-0.00,0.00,-0.47,4.99,0.03,10.61,0.00,0,2,1001.30,41.76,109.49,1001.30,40.69,109.12,0.63,1000.63,37.90,114.23,2.73,2.20,99.76,308.67,7902,0.71,1.26,9.52,1.00,0.07,-0.03,0.01,3.37,-8.00,0.62,6,7,50,0,35.2901767,136.2528933,82.60, 0.08
3050893,0.10,-0.82,9.51,1.00,-0.04,-0.00,0.00,-0.47,4.99,0.03,10.60,0.00,0,2,1001.30,41.77,109.45,1001.30,40.71,109.13,0.62,1000.63,37.90,114.27,2.97,2.29,97.56,308.76,7902,0.50,1.29,9.54,1.00,0.07,-0.03,0.01,3.37,-8.00,0.62,6,7,50,0,35.2901767,136.2528933,82.60, 0.08
3050945,0.11,-0.81,9.54,1.00,-0.04,-0.00,0.00,-0.47,4.99,0.03,10.61,0.00,0,2,1001.30,41.78,109.47,1001.29,40.69,109.13,0.62,1000.63,37.90,114.23,2.05,1.90,96.42,308.76,7903,0.53,1.34,9.59,1.00,0.07,-0.03,0.01,3.37,-8.00,0.62,6,7,51,0,35.2901767,136.2528950,82.60, 0.08
3051003,0.14,-0.85,9.51,1.00,-0.04,-0.00,0.00,-0.47,4.99,0.03,10.61,0.00,0,2,1001.30,41.78,109.44,1001.30,40.69,109.11,0.62,1000.64,37.91,114.12,1.08,1.38,99.23,308.76,7903,0.60,1.36,9.52,1.00,0.07,-0.03,0.01,3.37,-8.00,0.62,6,7,51,0,35.2901767,136.2528950,82.60, 0.08
3051055,0.06,-0.92,9.55,1.00,-0.04,-0.00,0.00,-0.47,4.99,0.03,10.58,0.00,0,2,1001.30,41.76,109.45,1001.30,40.70,109.11,0.62,1000.64,37.90,114.11,2.00,1.88,101.25,308.67,7903,0.65,1.34,9.53,1.00,0.07,-0.03,0.01,3.37,-8.00,0.62,6,7,51,0,35.2901767,136.2528950,82.60, 0.08
3051108,0.10,-0.89,9.49,1.00,-0.04,-0.00,0.00,-0.47,4.99,0.03,10.57,0.00,0,2,1001.30,41.77,109.45,1001.30,40.70,109.10,0.62,1000.65,37.91,114.07,2.57,2.13,106.79,308.76,7903,0.53,1.23,9.57,1.00,0.07,-0.03,0.01,3.37,-8.00,0.62,6,7,51,0,35.2901767,136.2528950,82.60, 0.08
3051164,0.08,-0.82,9.51,1.00,-0.04,-0.00,0.00,-0.47,4.99,0.03,10.57,0.00,0,2,1001.30,41.77,109.48,1001.30,40.71,109.09,0.62,1000.64,37.90,114.14,1.68,1.72,111.01,308.76,7902,0.58,1.41,9.56,1.00,0.07,-0.03,0.01,3.37,-8.00,0.62,6,7,51,0,35.2901767,136.2528950,82.60, 0.08
3051222,0.09,-0.79,9.50,1.00,-0.04,-0.00,0.00,-0.47,4.99,0.03,10.58,0.00,0,2,1001.30,41.78,109.46,1001.30,40.70,109.09,0.62,1000.64,37.91,114.17,1.98,1.87,111.88,308.76,7903,0.60,1.32,9.58,1.00,0.07,-0.03,0.01,3.37,-8.00,0.62,6,7,51,0,35.2901767,136.2528950,82.60, 0.08
3051275,0.09,-0.79,9.56,1.00,-0.04,-0.00,0.00,-0.47,4.99,0.03,10.59,0.00,0,2,1001.30,41.78,109.47,1001.30,40.70,109.10,0.62,1000.62,37.91,114.28,2.47,2.09,110.83,308.67,7902,0.51,1.42,9.63,1.00,0.07,-0.03,0.01,3.37,-8.00,0.62,6,7,51,0,35.2901767,136.2528950,82.60, 0.08
3051333,0.10,-0.79,9.49,1.00,-0.04,-0.00,0.00,-0.47,4.99,0.03,10.60,0.00,0,2,1001.30,41.78,109.46,1001.30,40.70,109.10,0.62,1000.62,37.90,114.30,1.92,1.84,105.82,308.58,7903,0.52,1.22,9.53,1.00,0.07,-0.03,0.01,3.37,-8.00,0.62,6,7,51,0,35.2901767,136.2528950,82.60, 0.08
3051385,0.05,-0.81,9.52,1.00,-0.04,-0.00,0.00,-0.47,4.99,0.03,10.60,0.00,0,2,1001.30,41.78,109.47,1001.30,40.71,109.10,0.62,1000.62,37.91,114.28,1.93,1.85,102.13,308.58,7903,0.66,1.37,9.56,1.00,0.07,-0.03,0.01,3.37,-8.00,0.62,6,7,51,0,35.2901767,136.2528950,82.60, 0.08
3051439,0.09,-0.87,9.56,1.00,-0.04,-0.00,0.00,-0.47,4.99,0.03,10.60,0.00,0,2,1001.30,41.78,109.47,1001.30,40.70,109.10,0.62,1000.62,37.91,114.28,0.90,1.26,96.68,308.58,7903,0.55,1.37,9.58,1.00,0.07,-0.03,0.01,3.37,-8.00,0.62,6,7,51,0,35.2901767,136.2528950,82.60, 0.08
3051494,0.10,-0.89,9.54,1.00,-0.04,-0.00,0.00,-0.47,4.99,0.03,10.60,0.00,0,2,1001.30,41.78,109.46,1001.30,40.71,109.12,0.62,1000.63,37.90,114.23,1.77,1.77,95.19,308.58,7903,0.52,1.48,9.59,1.00,0.07,-0.03,0.01,3.37,-8.00,0.62,6,7,51,0,35.2901767,136.2528950,82.60, 0.08
3051551,0.12,-0.88,9.52,1.00,-0.04,-0.00,0.00,-0.47,4.99,0.03,10.60,0.00,0,2,1001.30,41.77,109.44,1001.30,40.70,109.09,0.62,1000.63,37.90,114.22,1.13,1.41,95.27,308.58,7903,0.49,1.34,9.57,1.00,0.07,-0.03,0.01,3.37,-8.00,0.62,6,7,51,0,35.2901767,136.2528950,82.60, 0.08
3051604,0.11,-0.81,9.57,1.00,-0.04,-0.00,0.00,-0.47,4.99,0.03,10.59,0.00,0,2,1001.30,41.78,109.46,1001.30,40.71,109.11,0.63,1000.64,37.90,114.16,1.30,1.51,96.86,308.58,7903,0.47,1.28,9.57,1.00,0.07,-0.03,0.01,3.37,-8.00,0.62,6,7,51,0,35.2901767,136.2528950,82.60, 0.08
3051661,0.11,-0.84,9.55,1.00,-0.04,-0.00,0.00,-0.47,4.99,0.03,10.59,0.00,0,2,1001.30,41.77,109.50,1001.30,40.70,109.11,0.62,1000.64,37.90,114.16,1.05,1.36,97.65,308.58,7903,0.51,1.24,9.51,1.00,0.07,-0.03,0.01,3.37,-8.00,0.62,6,7,51,0,35.2901767,136.2528950,82.60, 0.08
3051714,0.10,-0.84,9.52,1.00,-0.04,-0.00,0.00,-0.47,4.99,0.03,10.60,0.00,0,2,1001.30,41.77,109.47,1001.30,40.72,109.09,0.62,1000.64,37.91,114.14,1.73,1.75,98.79,308.58,7902,0.55,1.39,9.58,1.00,0.07,-0.03,0.01,3.37,-8.00,0.62,6,7,51,0,35.2901767,136.2528950,82.60, 0.08
3051771,0.08,-0.85,9.51,1.00,-0.04,-0.00,0.00,-0.47,4.99,0.03,10.60,0.00,0,2,1001.30,41.77,109.48,1001.30,40.70,109.12,0.62,1000.64,37.91,114.14,3.00,2.30,98.70,308.58,7903,0.64,1.36,9.56,1.00,0.07,-0.03,0.01,3.37,-8.00,0.62,6,7,51,0,35.2901767,136.2528950,82.60, 0.08
3051822,0.09,-0.81,9.55,1.00,-0.04,-0.00,0.00,-0.47,4.99,0.03,10.59,0.00,0,2,1001.30,41.76,109.47,1001.30,40.69,109.10,0.62,1000.64,37.90,114.14,2.10,1.92,98.09,308.58,7903,0.60,1.33,9.57,1.00,0.07,-0.03,0.01,3.37,-8.00,0.62,6,7,51,0,35.2901767,136.2528950,82.60, 0.08
3051879,0.09,-0.79,9.53,1.00,-0.04,-0.00,0.00,-0.47,4.99,0.03,10.60,0.00,0,2,1001.30,41.77,109.48,1001.30,40.71,109.11,0.63,1000.64,37.91,114.14,1.82,1.79,97.91,308.58,7903,0.53,1.22,9.56,1.00,0.07,-0.03,0.01,3.37,-8.00,0.62,6,7,51,0,35.2901767,136.2528950,82.60, 0.08
3051932,0.10,-0.78,9.55,1.00,-0.04,-0.00,0.00,-0.47,4.99,0.03,10.59,0.00,0,2,1001.30,41.77,109.46,1001.30,40.71,109.09,0.62,1000.64,37.90,114.16,1.67,1.71,98.26,308.58,7903,0.53,1.23,9.55,1.00,0.07,-0.03,0.01,3.37,-8.00,0.62,6,7,52,0,35.2901767,136.2528983,82.60, 0.08
3051985,0.10,-0.78,9.57,1.00,-0.04,-0.00,0.00,-0.47,4.99,0.03,10.59,0.00,0,2,1001.30,41.77,109.48,1001.30,40.71,109.10,0.61,1000.64,37.90,114.18,2.50,2.10,97.38,308.58,7903,0.57,1.29,9.55,1.00,0.07,-0.03,0.01,3.37,-8.00,0.62,6,7,52,0,35.2901767,136.2528983,82.60, 0.08
3052041,0.11,-0.85,9.51,1.00,-0.04,-0.00,0.00,-0.47,4.99,0.03,10.59,0.00,0,2,1001.30,41.75,109.46,1001.30,40.71,109.11,0.64,1000.63,37.90,114.20,2.32,2.02,98.09,308.58,7903,0.56,1.30,9.55,1.00,0.07,-0.03,0.01,3.37,-8.00,0.62,6,7,52,0,35.2901767,136.2528983,82.60, 0.08
3052098,0.08,-0.84,9.57,1.00,-0.04,-0.00,0.00,-0.47,4.99,0.03,10.60,0.00,0,2,1001.30,41.76,109.49,1001.30,40.70,109.12,0.63,1000.64,37.91,114.17,2.12,1.93,99.84,308.58,7903,0.53,1.33,9.56,1.00,0.07,-0.03,0.01,3.37,-8.00,0.62,6,7,52,0,35.2901767,136.2528983,82.60, 0.08
3052150,0.07,-0.81,9.55,1.00,-0.04,-0.00,0.00,-0.47,4.99,0.03,10.59,0.00,0,2,1001.30,41.76,109.43,1001.30,40.71,109.11,0.62,1000.63,37.91,114.19,2.37,2.04,100.72,308.58,7903,0.61,1.22,9.56,1.00,0.07,-0.03,0.01,3.37,-8.00,0.62,6,7,52,0,35.2901767,136.2528983,82.60, 0.08
3052209,0.08,-0.78,9.55,1.00,-0.04,-0.00,0.00,-0.47,4.99,0.03,10.60,0.00,0,2,1001.30,41.75,109.50,1001.30,40.72,109.12,0.62,1000.64,37.90,114.16,1.27,1.49,100.28,308.50,7903,0.59,1.22,9.54,1.00,0.07,-0.03,0.01,3.37,-8.00,0.62,6,7,52,0,35.2901767,136.2528983,82.60, 0.08
3052261,0.07,-0.84,9.51,1.00,-0.04,-0.00,0.00,-0.47,4.99,0.03,10.60,0.00,0,2,1001.30,41.75,109.48,1001.30,40.71,109.09,0.63,1000.64,37.90,114.16,1.90,1.83,100.63,308.50,7903,0.59,1.32,9.57,1.00,0.07,-0.03,0.01,3.37,-8.00,0.62,6,7,52,0,35.2901767,136.2528983,82.60, 0.08
3052318,0.11,-0.83,9.53,1.00,-0.04,-0.00,0.00,-0.47,4.99,0.03,10.60,0.00,0,2,1001.30,41.76,109.49,1001.30,40.69,109.11,0.62,1000.64,37.90,114.17,2.32,2.02,100.28,308.50,7903,0.55,1.34,9.58,1.00,0.07,-0.03,0.01,3.37,-8.00,0.62,6,7,52,0,35.2901767,136.2528983,82.60, 0.08
3052370,0.11,-0.86,9.50,1.00,-0.04,-0.00,0.00,-0.47,4.99,0.03,10.60,0.00,0,2,1001.30,41.76,109.47,1001.30,40.70,109.09,0.62,1000.64,37.90,114.17,2.48,2.09,100.72,308.50,7903,0.52,1.42,9.57,1.00,0.07,-0.03,0.01,3.37,-8.00,0.62,6,7,52,0,35.2901767,136.2528983,82.60, 0.08
3052428,0.09,-0.83,9.50,1.00,-0.04,-0.00,0.00,-0.47,4.99,0.03,10.60,0.00,0,2,1001.30,41.75,109.49,1001.30,40.69,109.12,0.63,1000.64,37.90,114.17,2.20,1.97,101.87,308.50,7903,0.61,1.46,9.56,1.00,0.07,-0.03,0.01,3.37,-8.00,0.62,6,7,52,0,35.2901767,136.2528983,82.60, 0.08
3052481,0.06,-0.82,9.51,1.00,-0.04,-0.00,0.00,-0.47,4.99,0.03,10.60,0.00,0,2,1001.30,41.76,109.49,1001.30,40.71,109.09,0.62,1000.64,37.89,114.17,2.25,1.99,104.06,308.50,7903,0.61,1.39,9.59,1.00,0.07,-0.03,0.01,3.37,-8.00,0.62,6,7,52,0,35.2901767,136.2528983,82.60, 0.08
3052539,0.07,-0.80,9.52,1.00,-0.04,-0.00,0.00,-0.47,4.99,0.03,10.61,0.00,0,2,1001.30,41.76,109.50,1001.30,40.71,109.10,0.63,1000.64,37.89,114.17,1.22,1.47,105.73,308.50,7903,0.55,1.30,9.59,1.00,0.07,-0.03,0.01,3.37,-8.00,0.62,6,7,52,0,35.2901767,136.2528983,82.60, 0.08
3052591,0.09,-0.80,9.53,1.00,-0.04,-0.00,0.00,-0.47,4.99,0.03,10.61,0.00,0,2,1001.30,41.77,109.48,1001.30,40.70,109.11,0.62,1000.64,37.91,114.16,0.55,0.99,109.25,308.50,7903,0.49,1.22,9.52,1.00,0.07,-0.03,0.01,3.37,-8.00,0.62,6,7,52,0,35.2901767,136.2528983,82.60, 0.08
3052649,0.11,-0.79,9.55,1.00,-0.04,-0.00,0.00,-0.47,4.99,0.03,10.61,0.00,0,2,1001.29,41.76,109.51,1001.30,40.71,109.09,0.62,1000.64,37.91,114.18,1.38,1.56,112.68,308.50,7903,0.60,1.25,9.56,1.00,0.07,-0.03,0.01,3.37,-8.00,0.62,6,7,52,0,35.2901767,136.2528983,82.60, 0.08
3052707,0.04,-0.83,9.50,1.00,-0.04,-0.00,0.00,-0.47,4.99,0.03,10.60,0.00,0,2,1001.30,41.75,109.46,1001.30,40.71,109.10,0.62,1000.64,37.90,114.16,1.88,1.82,113.47,308.50,7902,0.66,1.22,9.50,1.00,0.07,-0.03,0.01,3.37,-8.00,0.62,6,7,52,0,35.2901767,136.2528983,82.60, 0.08
3052759,0.05,-0.86,9.53,1.00,-0.04,-0.00,0.00,-0.47,4.99,0.03,10.60,0.00,0,2,1001.30,41.75,109.48,1001.30,40.71,109.12,0.62,1000.64,37.89,114.15,2.08,1.92,113.38,308.58,7903,0.58,1.34,9.55,1.00,0.07,-0.03,0.01,3.37,-8.00,0.62,6,7,52,0,35.2901767,136.2528983,82.60, 0.14
3052817,0.07,-0.84,9.54,1.00,-0.04,-0.00,0.00,-0.47,4.99,0.03,10.60,0.00,0,2,1001.30,41.74,109.45,1001.30,40.71,109.10,0.62,1000.64,37.90,114.18,1.58,1.67,111.97,308.58,7903,0.56,1.44,9.58,1.00,0.07,-0.03,0.01,3.37,-8.00,0.62,6,7,52,0,35.2901767,136.2528983,82.60, 0.14
3052868,0.15,-0.88,9.55,1.00,-0.04,-0.00,0.00,-0.47,4.99,0.03,10.60,0.00,0,2,1001.30,41.75,109.48,1001.30,40.70,109.12,0.62,1000.64,37.90,114.15,1.37,1.55,105.82,308.58,7903,0.56,1.33,9.55,1.00,0.07,-0.03,0.01,3.37,-8.00,0.62,6,7,53,0,35.2901800,136.2528950,82.60, 0.14
3052926,0.20,-0.90,9.50,1.00,-0.04,-0.00,0.00,-0.47,4.99,0.03,10.60,0.00,0,2,1001.30,41.76,109.47,1001.30,40.71,109.12,0.62,1000.64,37.91,114.18,2.27,2.00,99.14,308.58,7902,0.50,1.34,9.53,1.00,0.07,-0.03,0.01,3.37,-8.00,0.62,6,7,53,0,35.2901800,136.2528950,82.60, 0.14
3052978,0.16,-0.89,9.57,1.00,-0.04,-0.00,0.00,-0.47,4.99,0.03,10.60,0.00,0,2,1001.30,41.77,109.48,1001.30,40.71,109.14,0.63,1000.64,37.91,114.18,1.85,1.81,95.27,308.58,7902,0.52,1.28,9.58,1.00,0.07,-0.03,0.01,3.37,-8.00,0.62,6,7,53,0,35.2901800,136.2528950,82.60, 0.14
3053031,0.05,-0.83,9.48,1.00,-0.04,-0.00,0.00,-0.47,4.99,0.03,10.61,0.00,0,2,1001.29,41.75,109.52,1001.30,40.71,109.12,0.62,1000.64,37.90,114.16,2.65,2.16,92.64,308.58,7902,0.66,1.31,9.54,1.00,0.07,-0.03,0.01,3.37,-8.00,0.62,6,7,53,0,35.2901800,136.2528950,82.60, 0.14
3053088,0.00,-0.84,9.53,1.00,-0.04,-0.00,0.00,-0.47,4.99,0.03,10.61,0.00,0,2,1001.30,41.76,109.45,1001.30,40.73,109.11,0.62,1000.63,37.90,114.18,2.70,2.18,94.39,308.58,7903,0.67,1.50,9.61,1.00,0.07,-0.03,0.01,3.37,-8.00,0.62,6,7,53,0,35.2901800,136.2528950,82.60, 0.14
3053140,0.04,-0.81,9.54,1.00,-0.04,-0.00,0.00,-0.47,4.99,0.03,10.61,0.00,0,2,1001.30,41.75,109.46,1001.30,40.72,109.12,0.63,1000.64,37.91,114.16,2.07,1.91,99.40,308.58,7902,0.63,1.42,9.58,1.00,0.07,-0.03,0.01,3.37,-8.00,0.62,6,7,53,0,35.2901800,136.2528950,82.60, 0.14
3053197,0.09,-0.77,9.52,1.00,-0.04,-0.00,0.00,-0.47,4.99,0.03,10.60,0.00,0,2,1001.30,41.75,109.49,1001.30,40.73,109.12,0.62,1000.64,37.92,114.17,2.53,2.11,101.34,308.58,7903,0.60,1.37,9.57,1.00,0.07,-0.03,0.01,3.37,-8.00,0.62,6,7,53,0,35.2901800,136.2528950,82.60, 0.14
3053250,0.10,-0.79,9.54,1.00,-0.04,-0.00,0.00,-0.47,4.99,0.03,10.59,0.00,0,2,1001.30,41.77,109.45,1001.30,40.73,109.07,0.62,1000.63,37.90,114.18,2.07,1.91,105.64,308.58,7902,0.51,1.22,9.57,1.00,0.07,-0.03,0.01,3.37,-8.00,0.62,6,7,53,0,35.2901800,136.2528950,82.60, 0.14
3053307,0.10,-0.77,9.53,1.00,-0.04,-0.00,0.00,-0.47,4.99,0.03,10.60,0.00,0,2,1001.30,41.75,109.48,1001.30,40.72,109.12,0.62,1000.63,37.90,114.20,2.45,2.08,105.64,308.58,7902,0.55,1.16,9.55,1.00,0.07,-0.03,0.01,3.37,-8.00,0.62,6,7,53,0,35.2901800,136.2528950,82.60, 0.14
3053359,0.11,-0.77,9.49,1.00,-0.04,-0.00,0.00,-0.47,4.99,0.03,10.60,0.00,0,2,1001.30,41.77,109.45,1001.30,40.73,109.10,0.62,1000.63,37.90,114.18,2.53,2.11,105.47,308.58,7902,0.55,1.15,9.52,1.00,0.07,-0.03,0.01,3.37,-8.00,0.62,6,7,53,0,35.2901800,136.2528950,82.60, 0.14
3053416,0.13,-0.74,9.54,1.00,-0.04,-0.00,0.00,-0.47,4.99,0.03,10.61,0.00,0,2,1001.30,41.77,109.50,1001.30,40.72,109.10,0.62,1000.63,37.89,114.24,2.83,2.24,105.47,308.58,7902,0.49,1.18,9.55,1.00,0.07,-0.03,0.01,3.37,-8.00,0.62,6,7,53,0,35.2901800,136.2528950,82.60, 0.14
3053466,0.11,-0.82,9.52,1.00,-0.04,-0.00,0.00,-0.47,4.99,0.03,10.60,0.00,0,2,1001.30,41.76,109.47,1001.30,40.71,109.09,0.62,1000.63,37.90,114.18,2.47,2.09,105.64,308.50,7902,0.61,1.46,9.61,1.00,0.07,-0.03,0.01,3.37,-8.00,0.62,6,7,53,0,35.2901800,136.2528950,82.60, 0.14
3053526,0.06,-0.84,9.53,1.00,-0.04,-0.00,0.00,-0.47,4.99,0.03,10.60,0.00,0,2,1001.30,41.75,109.44,1001.30,40.73,109.10,0.62,1000.63,37.90,114.18,2.35,2.04,105.73,308.50,7903,0.58,1.65,9.61,1.00,0.07,-0.03,0.01,3.37,-8.00,0.62,6,7,53,0,35.2901800,136.2528950,82.60, 0.14
3053579,0.07,-0.82,9.52,1.00,-0.04,-0.00,0.00,-0.47,4.99,0.03,10.59,0.00,0,2,1001.30,41.77,109.45,1001.30,40.73,109.09,0.62,1000.63,37.90,114.20,2.18,1.96,105.38,308.50,7903,0.55,1.54,9.63,1.00,0.07,-0.03,0.01,3.37,-8.00,0.62,6,7,53,0,35.2901800,136.2528950,82.60, 0.14
3053635,0.06,-0.86,9.57,1.00,-0.04,-0.00,0.00,-0.47,4.99,0.03,10.60,0.00,0,2,1001.30,41.76,109.47,1001.30,40.72,109.12,0.62,1000.63,37.91,114.21,2.73,2.20,103.89,308.50,7902,0.56,1.47,9.57,1.00,0.07,-0.03,0.01,3.37,-8.00,0.62,6,7,53,0,35.2901800,136.2528950,82.60, 0.14
3053687,0.10,-0.86,9.57,1.00,-0.04,-0.00,0.00,-0.47,4.99,0.03,10.60,0.00,0,2,1001.30,41.78,109.44,1001.30,40.72,109.09,0.62,1000.63,37.91,114.19,2.48,2.09,100.20,308.50,7902,0.51,1.41,9.58,1.00,0.07,-0.03,0.01,3.37,-8.00,0.62,6,7,53,0,35.2901800,136.2528950,82.60, 0.14
3053745,0.10,-0.79,9.52,1.00,-0.04,-0.00,0.00,-0.47,4.99,0.03,10.61,0.00,0,2,1001.30,41.78,109.46,1001.30,40.73,109.11,0.62,1000.63,37.90,114.20,2.72,2.19,98.53,308.58,7902,0.57,1.16,9.54,1.00,0.07,-0.03,0.01,3.37,-8.00,0.62,6,7,53,0,35.2901800,136.2528950,82.60, 0.05
3053799,0.14,-0.81,9.56,1.00,-0.04,-0.00,0.00,-0.47,4.99,0.03,10.61,0.00,0,2,1001.30,41.76,109.47,1001.30,40.71,109.12,0.62,1000.64,37.90,114.16,2.33,2.03,98.96,308.58,7903,0.55,1.24,9.52,1.00,0.07,-0.03,0.01,3.37,-8.00,0.62,6,7,53,0,35.2901800,136.2528950,82.60, 0.05
3053856,0.13,-0.84,9.56,1.00,-0.04,-0.00,0.00,-0.47,4.99,0.03,10.60,0.00,0,2,1001.30,41.77,109.49,1001.30,40.73,109.11,0.62,1000.64,37.91,114.14,2.25,1.99,101.69,308.58,7902,0.56,1.41,9.57,1.00,0.07,-0.03,0.01,3.37,-8.00,0.62,6,7,53,0,35.2901800,136.2528950,82.60, 0.05
3053910,0.04,-0.85,9.56,1.00,-0.04,-0.00,0.00,-0.47,4.99,0.03,10.60,0.00,0,2,1001.30,41.76,109.47,1001.30,40.72,109.10,0.62,1000.64,37.91,114.14,2.40,2.06,105.64,308.58,7903,0.69,1.64,9.59,1.00,0.07,-0.03,0.01,3.37,-8.00,0.62,6,7,53,0,35.2901800,136.2528950,82.60, 0.05
3053965,0.06,-0.84,9.51,1.00,-0.04,-0.00,0.00,-0.47,4.99,0.03,10.59,0.00,0,2,1001.30,41.78,109.44,1001.30,40.71,109.11,0.62,1000.63,37.90,114.20,2.23,1.99,109.25,308.50,7903,0.55,1.14,9.52,1.00,0.07,-0.03,0.01,3.37,-8.00,0.62,6,7,53,0,35.2901800,136.2528950,82.60, 0.05
3054023,0.04,-0.85,9.54,1.00,-0.04,-0.00,0.00,-0.47,4.99,0.03,10.59,0.00,0,2,1001.30,41.77,109.46,1001.30,40.73,109.11,0.62,1000.63,37.90,114.20,2.60,2.14,110.65,308.50,7903,0.71,1.47,9.56,1.00,0.07,-0.03,0.01,3.37,-7.99,0.62,6,7,53,0,35.2901800,136.2528950,82.60, 0.05
3054076,0.11,-0.88,9.52,1.00,-0.04,-0.00,0.00,-0.47,4.99,0.03,10.60,0.00,0,2,1001.30,41.79,109.45,1001.30,40.72,109.09,0.62,1000.63,37.90,114.23,1.97,1.86,110.13,308.50,7903,0.63,1.00,9.45,1.00,0.07,-0.03,0.01,3.37,-7.99,0.62,6,7,53,0,35.2901800,136.2528950,82.60, 0.05
3054132,0.12,-0.85,9.50,1.00,-0.04,-0.00,0.00,-0.47,4.99,0.03,10.60,0.00,0,2,1001.30,41.79,109.45,1001.30,40.72,109.12,0.62,1000.64,37.91,114.17,0.98,1.32,109.69,308.50,7903,0.44,1.54,9.60,1.00,0.07,-0.03,0.01,3.37,-8.00,0.62,6,7,53,0,35.2901800,136.2528950,82.60, 0.05
3054184,0.12,-0.76,9.54,1.00,-0.04,-0.00,0.00,-0.47,4.99,0.03,10.60,0.00,0,2,1001.30,41.79,109.45,1001.30,40.71,109.10,0.62,1000.63,37.90,114.23,0.93,1.28,108.37,308.50,7903,0.39,1.59,9.68,1.00,0.07,-0.03,0.01,3.37,-8.00,0.62,6,7,53,0,35.2901800,136.2528950,82.60, 0.05
3054241,0.05,-0.83,9.50,1.00,-0.04,-0.00,0.00,-0.47,4.99,0.03,10.61,0.00,0,2,1001.30,41.78,109.43,1001.30,40.72,109.12,0.62,1000.63,37.91,114.26,1.05,1.36,106.96,308.58,7903,0.59,1.62,9.63,1.00,0.07,-0.03,0.01,3.37,-8.00,0.62,6,7,53,0,35.2901800,136.2528950,82.60, 0.05
3054295,0.04,-0.89,9.46,1.00,-0.04,-0.00,0.00,-0.47,4.99,0.03,10.60,0.00,0,2,1001.30,41.78,109.44,1001.30,40.72,109.12,0.62,1000.63,37.91,114.26,2.72,2.19,104.77,308.50,7902,0.64,1.53,9.61,1.00,0.07,-0.03,0.01,3.37,-8.00,0.62,6,7,53,0,35.2901800,136.2528950,82.60, 0.05
3054352,0.08,-0.88,9.57,1.00,-0.04,-0.00,0.00,-0.47,4.99,0.03,10.61,0.00,0,2,1001.30,41.80,109.45,1001.30,40.73,109.11,0.62,1000.63,37.91,114.24,2.40,2.06,104.41,308.58,7903,0.53,1.31,9.53,1.00,0.07,-0.03,0.01,3.37,-8.00,0.62,6,7,53,0,35.2901800,136.2528950,82.60, 0.05
3054403,0.11,-0.85,9.51,1.00,-0.04,-0.00,0.00,-0.47,4.99,0.03,10.60,0.00,0,2,1001.30,41.78,109.42,1001.30,40.72,109.12,0.62,1000.63,37.90,114.20,2.53,2.11,103.97,308.50,7903,0.50,1.41,9.56,1.00,0.07,-0.03,0.01,3.37,-8.01,0.62,6,7,53,0,35.2901800,136.2528950,82.60, 0.05
3054462,0.11,-0.85,9.52,1.00,-0.04,-0.00,0.00,-0.47,4.99,0.03,10.60,0.00,0,2,1001.30,41.78,109.47,1001.30,40.73,109.12,0.62,1000.64,37.91,114.16,3.13,2.35,103.36,308.58,7903,0.54,1.19,9.52,1.00,0.07,-0.03,0.01,3.37,-8.01,0.62,6,7,53,0,35.2901800,136.2528950,82.60, 0.05
3054514,0.09,-0.82,9.53,1.00,-0.04,-0.00,0.00,-0.47,4.99,0.03,10.60,0.00,0,2,1001.30,41.79,109.47,1001.30,40.72,109.12,0.62,1000.63,37.90,114.18,2.62,2.15,102.74,308.50,7902,0.58,1.19,9.50,1.00,0.07,-0.03,0.01,3.37,-8.01,0.62,6,7,53,0,35.2901800,136.2528950,82.60, 0.05
3054570,0.07,-0.77,9.55,1.00,-0.04,-0.00,0.00,-0.47,4.99,0.03,10.59,0.00,0,2,1001.30,41.78,109.47,1001.30,40.73,109.11,0.62,1000.64,37.90,114.15,2.60,2.14,105.03,308.50,7903,0.55,1.33,9.57,1.00,0.07,-0.03,0.01,3.37,-8.01,0.62,6,7,53,0,35.2901800,136.2528950,82.60, 0.05
3054622,0.10,-0.74,9.56,1.00,-0.04,-0.00,0.00,-0.47,4.99,0.03,10.60,0.00,0,2,1001.30,41.79,109.50,1001.30,40.73,109.10,0.62,1000.65,37.91,114.09,1.73,1.75,108.46,308.50,7903,0.56,1.33,9.59,1.00,0.07,-0.03,0.01,3.37,-8.00,0.62,6,7,53,0,35.2901800,136.2528950,82.60, 0.05
3054677,0.11,-0.78,9.54,1.00,-0.04,-0.00,0.00,-0.47,4.99,0.03,10.60,0.00,0,2,1001.30,41.78,109.50,1001.30,40.73,109.12,0.62,1000.64,37.91,114.18,1.00,1.33,109.60,308.58,7902,0.54,1.27,9.52,1.00,0.07,-0.03,0.01,3.37,-7.99,0.62,6,7,53,0,35.2901800,136.2528950,82.60, 0.05
3054733,0.10,-0.87,9.53,1.00,-0.04,-0.00,0.00,-0.47,4.99,0.03,10.60,0.00,0,2,1001.30,41.78,109.47,1001.30,40.73,109.11,0.62,1000.64,37.90,114.17,0.93,1.28,109.16,308.58,7903,0.52,1.34,9.60,1.00,0.07,-0.03,0.01,3.37,-7.99,0.62,6,7,54,0,35.2901800,136.2528967,82.60, 0.06
3054785,0.10,-0.89,9.54,1.00,-0.04,-0.00,0.00,-0.47,4.99,0.03,10.61,0.00,0,2,1001.30,41.78,109.46,1001.30,40.71,109.14,0.62,1000.63,37.89,114.26,3.43,2.46,106.44,308.58,7902,0.54,1.25,9.49,1.00,0.07,-0.03,0.01,3.38,-8.01,0.62,6,7,54,0,35.2901800,136.2528967,82.60, 0.06
3054842,0.13,-0.86,9.57,1.00,-0.04,-0.00,0.00,-0.47,4.99,0.03,10.61,0.00,0,2,1001.30,41.80,109.44,1001.30,40.72,109.10,0.62,1000.62,37.89,114.27,2.73,2.20,102.39,308.58,7903,0.43,1.42,9.58,1.00,0.07,-0.03,0.01,3.37,-8.01,0.62,6,7,54,0,35.2901800,136.2528967,82.60, 0.06
3054899,0.10,-0.83,9.51,1.00,-0.04,-0.00,0.00,-0.47,4.99,0.03,10.60,0.00,0,2,1001.30,41.78,109.47,1001.30,40.73,109.12,0.62,1000.63,37.90,114.27,3.18,2.37,98.79,308.58,7902,0.56,1.46,9.62,1.00,0.07,-0.03,0.01,3.37,-8.01,0.62,6,7,54,0,35.2901800,136.2528967,82.60, 0.06
3054951,0.09,-0.76,9.50,1.00,-0.04,-0.00,0.00,-0.47,4.99,0.03,10.60,0.00,0,2,1001.30,41.79,109.48,1001.30,40.74,109.09,0.62,1000.63,37.90,114.23,2.75,2.20,97.82,308.58,7903,0.53,1.09,9.51,1.00,0.07,-0.03,0.01,3.37,-8.01,0.62,6,7,54,0,35.2901800,136.2528967,82.60, 0.06
3055010,0.04,-0.76,9.56,1.00,-0.04,-0.00,0.00,-0.47,4.99,0.03,10.61,0.00,0,2,1001.30,41.80,109.44,1001.30,40.72,109.14,0.62,1000.64,37.91,114.17,3.02,2.31,96.06,308.58,7902,0.55,1.21,9.56,1.00,0.07,-0.03,0.01,3.37,-8.01,0.62,6,7,55,0,35.2901800,136.2528950,82.60, 0.06
3055062,0.06,-0.82,9.54,1.00,-0.04,-0.00,0.00,-0.47,4.99,0.03,10.61,0.00,0,2,1001.30,41.79,109.48,1001.30,40.73,109.06,0.62,1000.64,37.90,114.16,1.95,1.85,96.06,308.58,7903,0.54,1.27,9.55,1.00,0.07,-0.03,0.01,3.38,-8.01,0.62,6,7,55,0,35.2901800,136.2528950,82.60, 0.06
3055119,0.13,-0.83,9.53,1.00,-0.04,-0.00,0.00,-0.47,4.99,0.03,10.60,0.00,0,2,1001.30,41.79,109.50,1001.30,40.75,109.06,0.62,1000.63,37.90,114.18,1.87,1.81,97.12,308.58,7903,0.54,1.21,9.51,1.00,0.07,-0.03,0.01,3.38,-8.01,0.62,6,7,55,0,35.2901800,136.2528950,82.60, 0.06
3055171,0.16,-0.87,9.54,1.00,-0.04,-0.00,0.00,-0.47,4.99,0.03,10.58,0.00,0,2,1001.30,41.80,109.48,1001.30,40.73,109.08,0.62,1000.64,37.90,114.14,2.25,1.99,98.79,308.58,7902,0.51,1.58,9.64,1.00,0.07,-0.03,0.01,3.38,-8.01,0.62,6,7,55,0,35.2901800,136.2528950,82.60, 0.06
3055225,0.14,-0.81,9.53,1.00,-0.04,-0.00,0.00,-0.47,4.99,0.03,10.58,0.00,0,2,1001.30,41.79,109.48,1001.30,40.71,109.08,0.62,1000.64,37.90,114.11,2.17,1.96,103.36,308.58,7903,0.53,1.35,9.56,1.00,0.07,-0.03,0.01,3.37,-8.01,0.62,6,7,55,0,35.2901800,136.2528950,82.60, 0.06
3055281,0.05,-0.80,9.50,1.00,-0.04,-0.00,0.00,-0.47,4.99,0.03,10.59,0.00,0,2,1001.30,41.81,109.43,1001.30,40.72,109.08,0.62,1000.64,37.92,114.12,1.37,1.55,105.73,308.50,7903,0.60,1.48,9.61,1.00,0.07,-0.03,0.01,3.37,-8.01,0.62,6,7,55,0,35.2901800,136.2528950,82.60, 0.06
3055334,0.03,-0.82,9.55,1.00,-0.04,-0.00,0.00,-0.47,4.99,0.03,10.59,0.00,0,2,1001.30,41.80,109.46,1001.30,40.72,109.12,0.62,1000.64,37.91,114.16,1.43,1.59,106.35,308.50,7903,0.62,1.54,9.59,1.00,0.07,-0.03,0.01,3.38,-8.01,0.62,6,7,55,0,35.2901800,136.2528950,82.60, 0.06
3055390,0.08,-0.90,9.46,1.00,-0.04,-0.00,0.00,-0.47,4.99,0.03,10.59,0.00,0,2,1001.30,41.80,109.49,1001.30,40.73,109.10,0.62,1000.64,37.91,114.16,1.37,1.55,107.05,308.50,7902,0.63,1.17,9.42,1.00,0.07,-0.03,0.01,3.38,-8.01,0.62,6,7,55,0,35.2901800,136.2528950,82.60, 0.06
3055449,0.14,-0.89,9.58,1.00,-0.04,-0.00,0.00,-0.47,4.99,0.03,10.61,0.00,0,2,1001.30,41.80,109.51,1001.30,40.74,109.10,0.62,1000.63,37.91,114.19,3.00,2.30,105.12,308.58,7902,0.22,1.19,9.51,1.00,0.07,-0.03,0.01,3.37,-8.01,0.63,6,7,55,0,35.2901800,136.2528950,82.60, 0.06
3055500,0.12,-0.83,9.55,1.00,-0.04,-0.00,0.00,-0.47,4.99,0.03,10.60,0.00,0,2,1001.30,41.80,109.51,1001.30,40.72,109.14,0.62,1000.63,37.90,114.23,1.33,1.53,102.22,308.50,7903,0.28,1.19,9.54,1.00,0.07,-0.03,0.01,3.37,-8.01,0.63,6,7,55,0,35.2901800,136.2528950,82.60, 0.06
3055553,0.03,-0.77,9.47,1.00,-0.04,-0.00,0.00,-0.47,4.99,0.03,10.62,0.00,0,2,1001.30,41.80,109.48,1001.30,40.71,109.12,0.62,1000.63,37.91,114.26,1.87,1.81,100.55,308.50,7903,0.52,1.11,9.52,1.00,0.07,-0.03,0.01,3.37,-8.01,0.62,6,7,55,0,35.2901800,136.2528950,82.60, 0.06
3055609,0.04,-0.80,9.52,1.00,-0.04,-0.00,0.00,-0.47,4.99,0.03,10.62,0.00,0,2,1001.30,41.82,109.46,1001.30,40.72,109.13,0.62,1000.62,37.91,114.30,2.42,2.06,98.79,308.50,7903,0.52,1.50,9.61,1.00,0.07,-0.03,0.01,3.37,-8.01,0.61,6,7,55,0,35.2901800,136.2528950,82.60, 0.06
3055662,0.13,-0.83,9.57,1.00,-0.04,-0.00,0.00,-0.47,4.99,0.03,10.62,0.00,0,2,1001.30,41.79,109.50,1001.30,40.73,109.09,0.61,1000.63,37.90,114.23,2.15,1.95,96.94,308.50,7902,0.44,1.51,9.61,1.00,0.07,-0.03,0.01,3.37,-8.01,0.61,6,7,55,0,35.2901800,136.2528950,82.60, 0.06
3055719,0.08,-0.83,9.50,1.00,-0.04,-0.00,0.00,-0.47,4.99,0.03,10.62,0.00,0,2,1001.30,41.80,109.51,1001.30,40.73,109.10,0.62,1000.63,37.90,114.23,2.58,2.13,96.33,308.50,7903,0.15,1.50,9.63,1.00,0.07,-0.03,0.01,3.37,-8.01,0.61,6,7,55,0,35.2901800,136.2528950,82.60, 0.06
3055772,0.07,-0.83,9.52,1.00,-0.04,-0.00,0.00,-0.47,4.99,0.03,10.63,0.00,0,2,1001.30,41.79,109.50,1001.30,40.74,109.11,0.62,1000.63,37.92,114.24,2.18,1.96,96.50,308.50,7902,0.53,1.37,9.58,1.00,0.07,-0.03,0.01,3.37,-8.01,0.61,6,7,55,0,35.2901800,136.2528950,82.60, 0.04
3055830,0.06,-0.86,9.56,1.00,-0.04,-0.00,0.00,-0.47,4.99,0.03,10.62,0.00,0,2,1001.30,41.80,109.49,1001.30,40.73,109.11,0.62,1000.63,37.90,114.20,2.62,2.15,97.91,308.50,7902,0.46,1.35,9.53,1.00,0.07,-0.03,0.01,3.37,-8.02,0.58,6,7,55,0,35.2901800,136.2528950,82.60, 0.04
3055881,0.07,-0.85,9.54,1.00,-0.04,-0.00,0.00,-0.47,4.99,0.03,10.61,0.00,0,2,1001.30,41.80,109.51,1001.30,40.73,109.14,0.62,1000.64,37.91,114.14,2.02,1.89,98.26,308.50,7903,0.25,1.34,9.57,1.00,0.07,-0.03,0.01,3.37,-8.01,0.61,6,7,56,0,35.2901800,136.2528933,82.60, 0.04
3055939,0.09,-0.79,9.50,1.00,-0.04,-0.00,0.00,-0.47,4.99,0.03,10.61,0.00,0,2,1001.29,41.80,109.52,1001.30,40.73,109.11,0.62,1000.63,37.90,114.27,2.07,1.91,97.65,308.50,7902,0.25,1.19,9.56,1.00,0.07,-0.03,0.01,3.37,-8.02,0.61,6,7,56,0,35.2901800,136.2528933,82.60, 0.04
3055997,0.08,-0.83,9.51,1.00,-0.04,-0.00,0.00,-0.47,4.99,0.03,10.62,0.00,0,2,1001.30,41.81,109.50,1001.30,40.74,109.12,0.62,1000.62,37.89,114.27,2.08,1.92,97.47,308.50,7903,0.41,1.29,9.58,1.00,0.07,-0.03,0.01,3.37,-8.01,0.61,6,7,56,0,35.2901800,136.2528933,82.60, 0.04
3056049,0.07,-0.79,9.49,1.00,-0.04,-0.00,0.00,-0.47,4.99,0.03,10.63,0.00,0,2,1001.30,41.82,109.49,1001.30,40.74,109.12,0.62,1000.62,37.90,114.32,1.33,1.53,98.53,308.58,7903,0.65,1.36,9.53,1.00,0.07,-0.03,0.01,3.38,-8.01,0.61,6,7,56,0,35.2901800,136.2528933,82.60, 0.04
3056107,0.11,-0.79,9.57,1.00,-0.04,-0.00,0.00,-0.47,4.99,0.03,10.63,0.00,0,2,1001.30,41.82,109.50,1001.29,40.73,109.17,0.62,1000.63,37.90,114.23,1.47,1.61,100.28,308.50,7903,0.42,1.27,9.59,1.00,0.07,-0.03,0.01,3.38,-8.01,0.61,6,7,56,0,35.2901800,136.2528933,82.60, 0.04
3056159,0.11,-0.81,9.58,1.00,-0.04,-0.00,0.00,-0.47,4.99,0.03,10.62,0.00,0,2,1001.29,41.81,109.53,1001.30,40.74,109.16,0.62,1000.63,37.91,114.19,1.08,1.38,99.93,308.50,7903,0.51,1.32,9.54,1.00,0.07,-0.03,0.01,3.38,-8.00,0.61,6,7,56,0,35.2901800,136.2528933,82.60, 0.04
3056216,0.09,-0.87,9.48,1.00,-0.04,-0.00,0.00,-0.47,4.99,0.03,10.62,0.00,0,2,1001.30,41.82,109.49,1001.30,40.73,109.13,0.62,1000.63,37.90,114.23,0.48,0.92,98.26,308.50,7904,0.56,1.52,9.57,1.00,0.07,-0.03,0.01,3.38,-8.00,0.61,6,7,56,0,35.2901800,136.2528933,82.60, 0.04
3056268,0.11,-0.88,9.53,1.00,-0.04,-0.00,0.00,-0.47,4.99,0.03,10.62,0.00,0,2,1001.29,41.82,109.53,1001.30,40.73,109.11,0.62,1000.63,37.90,114.23,0.75,1.15,97.03,308.50,7902,0.52,1.37,9.57,1.00,0.07,-0.03,0.01,3.38,-8.00,0.61,6,7,56,0,35.2901800,136.2528933,82.60, 0.04
3056326,0.08,-0.83,9.56,1.00,-0.04,-0.00,0.00,-0.47,4.99,0.03,10.61,0.00,0,2,1001.30,41.82,109.52,1001.30,40.75,109.13,0.62,1000.63,37.90,114.18,0.68,1.10,97.12,308.50,7903,0.48,1.35,9.58,1.00,0.07,-0.03,0.01,3.38,-8.01,0.61,6,7,56,0,35.2901800,136.2528933,82.60, 0.04
3056379,0.05,-0.75,9.55,1.00,-0.04,-0.00,0.00,-0.47,4.99,0.03,10.61,0.00,0,2,1001.30,41.82,109.48,1001.30,40.75,109.12,0.62,1000.63,37.90,114.20,1.03,1.35,96.94,308.50,7903,0.59,1.23,9.51,1.00,0.07,-0.03,0.01,3.38,-8.00,0.61,6,7,56,0,35.2901800,136.2528933,82.60, 0.04
3056435,0.13,-0.86,9.55,1.00,-0.04,-0.00,0.00,-0.47,4.99,0.03,10.61,0.00,0,2,1001.30,41.82,109.49,1001.30,40.73,109.14,0.62,1000.64,37.90,114.18,1.25,1.49,95.98,308.50,7903,0.41,1.20,9.55,1.00,0.07,-0.03,0.01,3.38,-8.00,0.61,6,7,56,0,35.2901800,136.2528933,82.60, 0.04
3056487,0.17,-0.83,9.56,1.00,-0.04,-0.00,0.00,-0.47,4.99,0.03,10.60,0.00,0,2,1001.30,41.82,109.48,1001.30,40.71,109.15,0.62,1000.63,37.90,114.21,1.52,1.64,94.31,308.50,7902,0.52,1.37,9.61,1.00,0.07,-0.03,0.01,3.38,-8.00,0.61,6,7,56,0,35.2901800,136.2528933,82.60, 0.04
3056545,0.19,-0.86,9.55,1.00,-0.04,-0.00,0.00,-0.47,4.99,0.03,10.59,0.00,0,2,1001.30,41.82,109.44,1001.30,40.74,109.11,0.62,1000.64,37.90,114.13,1.77,1.77,93.87,308.58,7903,0.54,1.27,9.51,1.00,0.07,-0.03,0.01,3.38,-8.00,0.61,6,7,56,0,35.2901800,136.2528933,82.60, 0.04
3056598,0.06,-0.80,9.64,1.00,-0.04,-0.00,0.00,-0.47,4.99,0.03,10.58,0.00,0,2,1001.30,41.83,109.47,1001.29,40.73,109.15,0.62,1000.64,37.90,114.14,1.83,1.80,94.83,308.50,7902,0.57,1.31,9.52,1.00,0.07,-0.03,0.01,3.37,-8.00,0.61,6,7,56,0,35.2901800,136.2528933,82.60, 0.04
3056654,-0.02,-0.87,9.50,1.00,-0.04,-0.00,0.00,-0.47,4.99,0.03,10.57,0.00,0,2,1001.30,41.83,109.46,1001.30,40.73,109.11,0.62,1000.64,37.90,114.16,1.78,1.77,95.36,308.50,7903,0.78,1.52,9.52,1.00,0.07,-0.03,0.01,3.38,-8.01,0.61,6,7,56,0,35.2901800,136.2528933,82.60, 0.04
3056707,0.11,-0.90,9.50,1.00,-0.04,-0.00,0.00,-0.47,4.99,0.03,10.59,0.00,0,2,1001.30,41.83,109.50,1001.29,40.72,109.13,0.62,1000.64,37.92,114.10,1.63,1.70,95.89,308.50,7902,0.66,1.58,9.59,1.00,0.07,-0.03,0.01,3.40,-8.02,0.60,6,7,56,0,35.2901800,136.2528933,82.60, 0.04
3056765,0.15,-0.86,9.56,1.00,-0.04,-0.00,0.00,-0.47,4.99,0.03,10.59,0.00,0,2,1001.30,41.84,109.45,1001.30,40.71,109.14,0.62,1000.64,37.92,114.12,1.20,1.46,95.45,308.50,7903,0.39,1.50,9.62,1.00,0.07,-0.03,0.01,3.38,-8.04,0.60,6,7,56,0,35.2901800,136.2528933,82.60, 0.07
3056817,0.10,-0.80,9.48,1.00,-0.04,-0.00,0.00,-0.47,4.99,0.03,10.59,0.00,0,2,1001.30,41.82,109.50,1001.29,40.72,109.15,0.62,1000.64,37.90,114.15,0.70,1.11,95.36,308.50,7903,0.54,1.19,9.53,1.00,0.07,-0.03,0.01,3.38,-8.04,0.60,6,7,56,0,35.2901800,136.2528933,82.60, 0.07
3056870,0.03,-0.79,9.55,1.00,-0.04,-0.00,0.00,-0.47,4.99,0.03,10.59,0.00,0,2,1001.30,41.83,109.47,1001.30,40.72,109.12,0.62,1000.64,37.90,114.14,0.52,0.95,95.27,308.50,7902,0.67,1.58,9.63,1.00,0.07,-0.03,0.01,3.38,-8.04,0.60,6,7,56,0,35.2901800,136.2528933,82.60, 0.07
3056925,0.01,-0.78,9.44,1.00,-0.04,-0.00,0.00,-0.47,4.99,0.03,10.60,0.00,0,2,1001.30,41.82,109.51,1001.30,40.72,109.14,0.62,1000.64,37.90,114.16,1.42,1.58,95.36,308.50,7903,0.53,1.04,9.45,1.00,0.07,-0.03,0.01,3.38,-8.04,0.60,6,7,57,0,35.2901800,136.2528917,82.60, 0.07
3056982,0.10,-0.84,9.59,1.00,-0.04,-0.00,0.00,-0.47,4.99,0.03,10.60,0.00,0,2,1001.30,41.83,109.49,1001.30,40.73,109.11,0.62,1000.64,37.91,114.14,1.25,1.49,95.36,308.50,7903,0.56,1.44,9.56,1.00,0.07,-0.03,0.01,3.38,-8.04,0.60,6,7,57,0,35.2901800,136.2528917,82.60, 0.07
3057036,0.10,-0.82,9.54,1.00,-0.04,-0.00,0.00,-0.47,4.99,0.03,10.59,0.00,0,2,1001.30,41.83,109.49,1001.30,40.72,109.12,0.62,1000.64,37.91,114.17,1.15,1.42,95.19,308.50,7903,0.48,1.41,9.60,1.00,0.07,-0.03,0.01,3.38,-8.04,0.60,6,7,57,0,35.2901800,136.2528917,82.60, 0.07
3057087,0.11,-0.84,9.47,1.00,-0.04,-0.00,0.00,-0.47,4.99,0.03,10.58,0.00,0,2,1001.30,41.83,109.49,1001.30,40.75,109.10,0.62,1000.64,37.91,114.16,1.60,1.68,93.78,308.58,7902,0.53,1.23,9.50,1.00,0.07,-0.03,0.01,3.37,-8.04,0.60,6,7,57,0,35.2901800,136.2528917,82.60, 0.07
3057144,0.04,-0.92,9.55,1.00,-0.04,-0.00,0.00,-0.47,4.99,0.03,10.58,0.00,0,2,1001.30,41.84,109.47,1001.30,40.73,109.12,0.62,1000.63,37.90,114.20,1.65,1.71,92.02,308.50,7904,0.67,1.45,9.57,1.00,0.07,-0.03,0.01,3.37,-8.04,0.60,6,7,57,0,35.2901800,136.2528917,82.60, 0.07
3057202,0.09,-0.78,9.51,1.00,-0.04,-0.00,0.00,-0.47,4.99,0.03,10.58,0.00,0,2,1001.30,41.84,109.50,1001.30,40.71,109.13,0.62,1000.64,37.92,114.17,1.77,1.77,90.97,308.50,7902,0.57,1.37,9.59,1.00,0.07,-0.03,0.01,3.38,-8.04,0.60,6,7,57,0,35.2901800,136.2528917,82.60, 0.07
3057255,0.08,-0.79,9.51,1.00,-0.04,-0.00,0.00,-0.47,4.99,0.03,10.59,0.00,0,2,1001.30,41.83,109.50,1001.30,40.73,109.13,0.62,1000.64,37.90,114.14,2.20,1.97,91.32,308.50,7903,0.56,1.21,9.52,1.00,0.07,-0.03,0.01,3.38,-8.04,0.60,6,7,57,0,35.2901800,136.2528917,82.60, 0.07
3057307,0.09,-0.72,9.58,1.00,-0.04,-0.00,0.00,-0.47,4.99,0.03,10.59,0.00,0,2,1001.30,41.83,109.49,1001.30,40.73,109.13,0.62,1000.64,37.93,114.15,1.97,1.86,92.55,308.50,7902,0.57,1.30,9.58,1.00,0.07,-0.03,0.01,3.38,-8.04,0.60,6,7,57,0,35.2901800,136.2528917,82.60, 0.07
3057363,0.09,-0.79,9.48,1.00,-0.04,-0.00,0.00,-0.47,4.99,0.03,10.59,0.00,0,2,1001.30,41.83,109.47,1001.30,40.73,109.08,0.62,1000.64,37.90,114.17,2.35,2.04,93.87,308.50,7903,0.61,1.33,9.56,1.00,0.07,-0.03,0.01,3.38,-8.04,0.60,6,7,57,0,35.2901800,136.2528917,82.60, 0.07
3057416,0.15,-0.80,9.55,1.00,-0.04,-0.00,0.00,-0.47,4.99,0.03,10.58,0.00,0,2,1001.30,41.83,109.50,1001.30,40.73,109.14,0.62,1000.64,37.91,114.12,2.47,2.09,95.36,308.50,7903,0.58,1.40,9.59,1.00,0.07,-0.03,0.01,3.38,-8.04,0.60,6,7,57,0,35.2901800,136.2528917,82.60, 0.07
3057473,0.14,-0.87,9.50,1.00,-0.04,-0.00,0.00,-0.47,4.99,0.03,10.59,0.00,0,2,1001.30,41.83,109.47,1001.29,40.72,109.15,0.62,1000.64,37.90,114.16,2.93,2.27,99.23,308.50,7903,0.62,1.50,9.58,1.00,0.07,-0.03,0.01,3.37,-8.04,0.60,6,7,57,0,35.2901800,136.2528917,82.60, 0.07
3057525,0.14,-0.86,9.71,1.00,-0.04,-0.00,0.00,-0.47,4.99,0.03,10.60,0.00,0,2,1001.30,41.83,109.47,1001.30,40.74,109.12,0.62,1000.64,37.91,114.14,3.00,2.30,103.71,308.50,7902,0.40,1.36,9.61,1.00,0.07,-0.03,0.01,3.37,-8.04,0.60,6,7,57,0,35.2901800,136.2528917,82.60, 0.07
3057579,0.16,-0.84,9.46,1.00,-0.04,-0.00,0.00,-0.47,4.99,0.03,10.60,0.00,0,2,1001.30,41.83,109.53,1001.30,40.74,109.11,0.62,1000.64,37.93,114.13,3.10,2.34,108.37,308.50,7903,0.30,1.29,9.48,1.00,0.07,-0.03,0.01,3.38,-8.04,0.60,6,7,57,0,35.2901800,136.2528917,82.60, 0.07
3057633,0.07,-0.86,9.62,1.00,-0.04,-0.00,0.00,-0.47,4.99,0.03,10.60,0.00,0,2,1001.29,41.83,109.54,1001.29,40.72,109.11,0.62,1000.64,37.93,114.14,3.58,2.51,110.57,308.50,7902,0.61,1.36,9.56,1.00,0.07,-0.03,0.01,3.37,-8.04,0.60,6,7,57,0,35.2901800,136.2528917,82.60, 0.07
3057690,0.08,-0.85,9.55,1.00,-0.04,-0.00,0.00,-0.47,4.99,0.03,10.60,0.00,0,2,1001.30,41.84,109.51,1001.30,40.72,109.09,0.62,1000.63,37.93,114.22,3.43,2.46,114.52,308.50,7903,0.56,1.40,9.56,1.00,0.07,-0.03,0.01,3.37,-8.04,0.60,6,7,57,0,35.2901800,136.2528917,82.60, 0.07
3057744,0.07,-0.82,9.48,1.00,-0.04,-0.00,0.00,-0.47,4.99,0.03,10.63,0.00,0,2,1001.29,41.83,109.56,1001.30,40.73,109.11,0.62,1000.63,37.91,114.23,2.22,1.98,113.91,308.50,7902,0.54,1.41,9.59,1.00,0.07,-0.03,0.01,3.37,-8.04,0.60,6,7,57,0,35.2901800,136.2528917,82.60, 0.07
3057802,0.07,-0.80,9.59,1.00,-0.04,-0.00,0.00,-0.47,4.99,0.03,10.63,0.00,0,2,1001.30,41.83,109.53,1001.29,40.72,109.15,0.62,1000.63,37.91,114.23,2.43,2.07,111.18,308.50,7902,0.49,1.45,9.64,1.00,0.07,-0.03,0.01,3.37,-8.04,0.60,6,7,57,0,35.2901800,136.2528917,82.60, 0.13
3057854,0.18,-0.79,9.49,1.00,-0.04,-0.00,0.00,-0.47,4.99,0.03,10.64,0.00,0,2,1001.30,41.83,109.53,1001.30,40.73,109.14,0.62,1000.63,37.90,114.20,2.82,2.23,109.34,308.50,7902,0.53,1.27,9.56,1.00,0.07,-0.03,0.01,3.37,-8.04,0.60,6,7,57,0,35.2901800,136.2528917,82.60, 0.13
3057911,0.10,-1.01,9.52,1.00,-0.04,-0.00,0.00,-0.47,4.99,0.03,10.64,0.00,0,2,1001.30,41.85,109.51,1001.30,40.74,109.12,0.62,1000.63,37.90,114.22,2.47,2.09,106.00,308.50,7902,0.61,1.37,9.51,1.00,0.07,-0.03,0.01,3.37,-8.04,0.60,6,7,58,0,35.2901800,136.2528933,82.60, 0.13
3057962,0.07,-0.91,9.39,1.00,-0.04,-0.00,0.00,-0.47,4.99,0.03,10.63,0.00,0,2,1001.30,41.84,109.52,1001.30,40.71,109.12,0.62,1000.63,37.91,114.19,3.12,2.35,105.03,308.50,7903,0.52,1.39,9.53,1.00,0.07,-0.03,0.01,3.37,-8.04,0.60,6,7,58,0,35.2901800,136.2528933,82.60, 0.13
3058017,0.11,-0.83,9.70,1.00,-0.04,-0.00,0.00,-0.47,4.99,0.03,10.63,0.00,0,2,1001.30,41.83,109.50,1001.30,40.73,109.13,0.62,1000.63,37.91,114.21,2.18,1.96,101.87,308.50,7902,0.60,1.51,9.61,1.00,0.07,-0.03,0.01,3.37,-8.04,0.60,6,7,58,0,35.2901800,136.2528933,82.60, 0.13
3058071,0.13,-0.79,9.59,1.00,-0.04,-0.00,0.00,-0.47,4.99,0.03,10.61,0.00,0,2,1001.30,41.83,109.50,1001.29,40.73,109.15,0.62,1000.62,37.91,114.30,1.90,1.83,99.32,308.50,7903,0.55,1.52,9.52,1.00,0.07,-0.03,0.01,3.38,-8.03,0.60,6,7,58,0,35.2901800,136.2528933,82.60, 0.13
3058123,0.04,-0.80,9.40,1.00,-0.04,-0.00,0.00,-0.47,4.99,0.03,10.61,0.00,0,2,1001.30,41.83,109.53,1001.30,40.75,109.09,0.62,1000.63,37.91,114.26,2.33,2.03,93.08,308.50,7903,0.56,0.99,9.42,1.00,0.07,-0.03,0.01,3.38,-8.03,0.60,6,7,58,0,35.2901800,136.2528933,82.60, 0.13
3058180,0.05,-0.82,9.61,1.00,-0.04,-0.00,0.00,-0.48,4.99,0.03,10.60,0.00,0,2,1001.30,41.83,109.52,1001.30,40.75,109.10,0.62,1000.63,37.92,114.20,3.33,2.43,89.91,308.50,7903,0.56,1.24,9.56,1.00,0.07,-0.03,0.01,3.38,-8.03,0.60,6,7,58,0,35.2901800,136.2528933,82.60, 0.13
3058234,0.16,-0.74,9.52,1.00,-0.04,-0.00,0.00,-0.48,4.99,0.03,10.61,0.00,0,2,1001.30,41.84,109.50,1001.29,40.74,109.16,0.62,1000.63,37.91,114.21,3.68,2.55,92.99,308.50,7903,0.38,1.17,9.54,1.00,0.07,-0.03,0.01,3.37,-8.02,0.60,6,7,58,0,35.2901800,136.2528933,82.60, 0.13
3058291,0.11,-0.84,9.50,1.00,-0.04,-0.00,0.00,-0.48,4.99,0.03,10.62,0.00,0,2,1001.30,41.85,109.51,1001.29,40.74,109.16,0.62,1000.63,37.91,114.23,2.07,1.91,95.89,308.50,7902,0.68,1.15,9.48,1.00,0.07,-0.03,0.01,3.37,-8.01,0.59,6,7,58,0,35.2901800,136.2528933,82.60, 0.13
3058343,0.07,-0.85,9.55,1.00,-0.04,-0.00,0.00,-0.48,4.99,0.03,10.61,0.00,0,2,1001.30,41.85,109.49,1001.30,40.75,109.14,0.62,1000.63,37.91,114.23,2.60,2.14,100.46,308.50,7902,0.56,1.47,9.58,1.00,0.07,-0.03,0.01,3.37,-8.00,0.59,6,7,58,0,35.2901800,136.2528933,82.60, 0.13
3058400,0.05,-0.95,9.48,1.00,-0.04,-0.00,0.00,-0.48,4.99,0.03,10.61,0.00,0,2,1001.30,41.83,109.53,1001.30,40.74,109.13,0.62,1000.63,37.92,114.26,2.82,2.23,106.17,308.50,7903,0.45,1.51,9.60,1.00,0.07,-0.03,0.01,3.37,-8.01,0.58,6,7,58,0,35.2901800,136.2528933,82.60, 0.13
3058453,0.10,-1.00,9.47,1.00,-0.04,-0.00,0.00,-0.48,4.99,0.03,10.61,0.00,0,2,1001.30,41.85,109.47,1001.30,40.75,109.15,0.62,1000.63,37.90,114.27,3.08,2.33,108.90,308.50,7903,0.50,1.54,9.56,1.00,0.07,-0.03,0.01,3.37,-8.02,0.58,6,7,58,0,35.2901800,136.2528933,82.60, 0.13
3058508,0.17,-0.88,9.58,1.00,-0.04,-0.00,0.00,-0.48,4.99,0.03,10.61,0.00,0,2,1001.30,41.84,109.53,1001.30,40.74,109.14,0.62,1000.63,37.91,114.26,2.28,2.01,111.71,308.50,7902,0.62,1.52,9.54,1.00,0.07,-0.03,0.01,3.37,-8.05,0.58,6,7,58,0,35.2901800,136.2528933,82.60, 0.13
3058560,0.20,-0.59,9.56,1.00,-0.04,-0.00,0.00,-0.48,4.99,0.03,10.60,0.00,0,2,1001.30,41.83,109.49,1001.30,40.74,109.12,0.62,1000.63,37.91,114.23,3.17,2.36,112.50,308.50,7902,0.32,1.15,9.61,1.00,0.07,-0.03,0.01,3.37,-8.05,0.58,6,7,58,0,35.2901800,136.2528933,82.60, 0.13
3058614,0.13,-0.74,9.51,1.00,-0.04,-0.00,0.00,-0.50,4.95,0.03,10.61,0.00,0,2,1001.30,41.85,109.53,1001.30,40.75,109.10,0.62,1000.63,37.91,114.24,1.70,1.73,111.01,308.50,7903,0.51,1.31,9.58,1.00,0.07,-0.03,0.01,3.35,-8.02,0.59,6,7,58,0,35.2901800,136.2528933,82.60, 0.13
3058670,-0.03,-0.86,9.60,1.00,-0.04,-0.00,0.00,-0.49,4.96,0.03,10.60,0.00,0,2,1001.30,41.84,109.51,1001.29,40.74,109.16,0.62,1000.63,37.92,114.22,2.37,2.04,109.60,308.50,7903,0.60,1.15,9.50,1.00,0.07,-0.03,0.01,3.36,-8.02,0.59,6,7,58,0,35.2901800,136.2528933,82.60, 0.13
3058727,0.03,-0.85,9.52,1.00,-0.04,-0.00,0.00,-0.48,4.97,0.03,10.61,0.00,0,2,1001.30,41.86,109.51,1001.30,40.74,109.14,0.62,1000.62,37.91,114.28,2.73,2.20,106.17,308.50,7903,0.71,1.11,9.43,1.00,0.07,-0.03,0.01,3.37,-8.03,0.58,6,7,58,0,35.2901800,136.2528933,82.60, 0.13
3058779,0.12,-0.90,9.49,1.00,-0.04,-0.00,0.00,-0.48,4.97,0.03,10.62,0.00,0,2,1001.30,41.85,109.53,1001.30,40.75,109.13,0.62,1000.62,37.90,114.29,3.15,2.36,100.72,308.50,7902,0.42,1.66,9.66,1.00,0.07,-0.03,0.01,3.37,-8.03,0.58,6,7,58,0,35.2901800,136.2528933,82.60, 0.12
3058835,0.13,-0.79,9.52,1.00,-0.04,-0.00,0.00,-0.48,4.97,0.03,10.61,0.00,0,2,1001.30,41.85,109.51,1001.30,40.76,109.16,0.62,1000.63,37.90,114.26,2.73,2.20,97.29,308.50,7902,0.56,1.49,9.62,1.00,0.07,-0.03,0.01,3.37,-8.03,0.58,6,7,58,0,35.2901800,136.2528933,82.60, 0.12
3058889,0.17,-0.77,9.56,1.00,-0.04,-0.00,0.00,-0.50,4.97,0.03,10.61,0.00,0,2,1001.30,41.85,109.53,1001.30,40.74,109.17,0.62,1000.63,37.90,114.23,2.52,2.11,97.38,308.50,7903,0.55,1.43,9.60,1.00,0.07,-0.03,0.01,3.36,-8.02,0.58,6,7,58,0,35.2901800,136.2528933,82.60, 0.12
3058947,0.11,-0.82,9.56,1.00,-0.04,-0.00,0.00,-0.50,4.97,0.03,10.61,0.00,0,2,1001.30,41.84,109.53,1001.30,40.74,109.14,0.63,1000.63,37.90,114.23,2.70,2.18,97.56,308.50,7903,0.51,1.21,9.54,1.00,0.07,-0.03,0.01,3.36,-8.02,0.58,6,7,58,0,35.2901800,136.2528933,82.60, 0.12
3059000,0.08,-0.76,9.64,1.00,-0.04,-0.00,0.00,-0.50,4.97,0.03,10.62,0.00,0,2,1001.30,41.84,109.50,1001.30,40.74,109.14,0.62,1000.62,37.90,114.29,3.10,2.34,100.46,308.50,7902,0.57,1.45,9.57,1.00,0.07,-0.03,0.01,3.36,-8.02,0.58,6,7,59,0,35.2901783,136.2528917,82.60, 0.12
3059054,-0.03,-0.91,9.35,1.00,-0.04,-0.00,0.00,-0.50,4.97,0.03,10.62,0.00,0,2,1001.29,41.85,109.54,1001.29,40.75,109.15,0.62,1000.62,37.91,114.30,2.28,2.01,100.28,308.50,7902,0.62,1.47,9.63,1.00,0.07,-0.03,0.01,3.37,-8.02,0.58,6,7,59,0,35.2901783,136.2528917,82.60, 0.12
3059109,0.05,-0.76,9.56,1.00,-0.04,-0.00,0.00,-0.49,4.97,0.03,10.61,0.00,0,2,1001.30,41.87,109.52,1001.30,40.76,109.13,0.62,1000.62,37.91,114.28,2.45,2.08,100.11,308.50,7902,0.64,1.21,9.52,1.00,0.07,-0.03,0.01,3.37,-8.02,0.58,6,7,59,0,35.2901783,136.2528917,82.60, 0.12
3059161,0.12,-0.73,9.67,1.00,-0.04,-0.00,0.00,-0.49,4.97,0.03,10.61,0.00,0,2,1001.30,41.85,109.51,1001.30,40.75,109.13,0.62,1000.63,37.92,114.25,1.53,1.64,99.93,308.50,7903,0.61,1.28,9.63,1.00,0.07,-0.03,0.01,3.38,-8.02,0.58,6,7,59,0,35.2901783,136.2528917,82.60, 0.12
3059219,0.12,-0.90,9.44,1.00,-0.04,-0.00,0.00,-0.49,4.97,0.03,10.60,0.00,0,2,1001.30,41.85,109.52,1001.30,40.74,109.12,0.62,1000.63,37.92,114.20,2.28,2.01,99.84,308.50,7902,0.60,1.46,9.54,1.00,0.07,-0.03,0.01,3.38,-8.01,0.58,6,7,59,0,35.2901783,136.2528917,82.60, 0.12
3059277,0.18,-0.83,9.57,1.00,-0.04,-0.00,0.00,-0.50,4.97,0.03,10.58,0.00,0,2,1001.30,41.86,109.54,1001.30,40.75,109.12,0.62,1000.63,37.90,114.21,2.85,2.24,99.76,308.50,7902,0.56,1.39,9.58,1.00,0.07,-0.03,0.01,3.37,-8.01,0.58,6,7,59,0,35.2901783,136.2528917,82.60, 0.12
3059330,0.12,-0.86,9.57,1.00,-0.04,-0.00,0.00,-0.50,4.97,0.03,10.59,0.00,0,2,1001.30,41.86,109.52,1001.30,40.76,109.11,0.63,1000.63,37.90,114.23,2.43,2.07,99.76,308.50,7902,0.51,1.39,9.63,1.00,0.07,-0.03,0.01,3.37,-8.02,0.58,6,7,59,0,35.2901783,136.2528917,82.60, 0.12
3059386,0.01,-1.11,9.51,1.00,-0.04,-0.00,0.00,-0.50,4.97,0.03,10.59,0.00,0,2,1001.29,41.85,109.54,1001.30,40.76,109.12,0.62,1000.63,37.91,114.22,1.77,1.77,99.32,308.50,7903,0.68,1.53,9.58,1.00,0.07,-0.03,0.01,3.37,-8.03,0.58,6,7,59,0,35.2901783,136.2528917,82.60, 0.12
3059438,0.07,-0.68,9.59,1.00,-0.04,-0.00,0.00,-0.50,4.98,0.03,10.59,0.00,0,2,1001.30,41.87,109.53,1001.30,40.75,109.12,0.63,1000.63,37.91,114.19,3.92,2.63,99.05,308.50,7902,0.62,1.36,9.53,1.00,0.07,-0.03,0.01,3.38,-8.04,0.58,6,7,59,0,35.2901783,136.2528917,82.60, 0.12
3059495,-0.05,-0.72,9.52,1.00,-0.04,-0.00,0.00,-0.50,4.96,0.03,10.60,0.00,0,2,1001.30,41.86,109.53,1001.30,40.75,109.15,0.63,1000.63,37.92,114.20,1.60,1.68,98.96,308.50,7903,0.68,1.31,9.58,1.00,0.07,-0.03,0.01,3.39,-8.01,0.58,6,7,59,0,35.2901783,136.2528917,82.60, 0.12
3059548,0.12,-0.71,9.61,1.00,-0.04,-0.00,0.00,-0.49,4.95,0.03,10.60,0.00,0,2,1001.30,41.86,109.52,1001.30,40.75,109.13,0.63,1000.63,37.91,114.24,2.13,1.94,98.79,308.50,7902,0.53,1.02,9.55,1.00,0.07,-0.03,0.01,3.39,-8.01,0.58,6,7,59,0,35.2901783,136.2528917,82.60, 0.12
3059601,0.15,-0.79,9.59,1.00,-0.04,-0.00,0.00,-0.49,4.94,0.03,10.60,0.00,0,2,1001.30,41.86,109.54,1001.30,40.75,109.13,0.63,1000.63,37.91,114.22,1.72,1.74,98.61,308.50,7903,0.56,1.16,9.50,1.00,0.07,-0.03,0.01,3.39,-8.01,0.58,6,7,59,0,35.2901783,136.2528917,82.60, 0.12
3059657,0.11,-0.95,9.45,1.00,-0.04,-0.00,0.00,-0.49,4.94,0.03,10.60,0.00,0,2,1001.30,41.86,109.53,1001.30,40.76,109.13,0.62,1000.63,37.92,114.24,2.95,2.28,97.91,308.50,7902,0.61,1.51,9.56,1.00,0.07,-0.03,0.01,3.39,-8.01,0.58,6,7,59,0,35.2901783,136.2528917,82.60, 0.12
3059711,0.10,-0.94,9.56,1.00,-0.04,-0.00,0.00,-0.49,4.94,0.03,10.60,0.00,0,2,1001.30,41.88,109.49,1001.30,40.75,109.13,0.62,1000.62,37.91,114.28,2.95,2.28,96.94,308.50,7902,0.64,1.72,9.63,1.00,0.07,-0.03,0.01,3.39,-8.02,0.58,6,7,59,0,35.2901783,136.2528917,82.60, 0.12
3059768,0.15,-0.90,9.60,1.00,-0.04,-0.00,0.00,-0.49,4.94,0.03,10.60,0.00,0,2,1001.30,41.86,109.48,1001.30,40.75,109.13,0.63,1000.63,37.92,114.22,2.03,1.89,97.21,308.50,7902,0.51,1.49,9.62,1.00,0.07,-0.03,0.01,3.39,-8.03,0.58,6,7,59,0,35.2901783,136.2528917,82.60, 0.12
3059824,0.00,-0.92,9.47,1.00,-0.04,-0.00,0.00,-0.49,4.94,0.03,10.59,0.00,0,2,1001.29,41.87,109.54,1001.29,40.74,109.13,0.63,1000.63,37.91,114.19,2.45,2.08,96.94,308.50,7902,0.67,1.50,9.62,1.00,0.07,-0.03,0.01,3.39,-8.04,0.58,6,7,59,0,35.2901783,136.2528917,82.60, 0.36
3059876,0.11,-0.70,9.49,1.00,-0.04,-0.00,0.00,-0.49,4.94,0.03,10.59,0.00,0,2,1001.30,41.87,109.49,1001.30,40.76,109.11,0.62,1000.64,37.91,114.15,2.88,2.26,96.24,308.50,7903,0.63,1.23,9.60,1.00,0.07,-0.03,0.01,3.39,-8.04,0.58,6,7,59,0,35.2901783,136.2528917,82.60, 0.36
3059934,0.13,-0.69,9.49,1.00,-0.04,-0.00,0.00,-0.49,4.94,0.03,10.60,0.00,0,2,1001.30,41.86,109.53,1001.29,40.76,109.16,0.63,1000.63,37.92,114.19,2.95,2.28,96.24,308.50,7902,0.40,1.30,9.59,1.00,0.07,-0.03,0.01,3.39,-8.00,0.58,6,8,0,0,35.2901783,136.2528883,82.60, 0.36
3059987,0.13,-0.83,9.59,1.00,-0.04,-0.00,0.00,-0.49,4.94,0.03,10.59,0.00,0,2,1001.30,41.87,109.50,1001.30,40.75,109.10,0.63,1000.63,37.90,114.20,2.58,2.13,97.38,308.50,7903,0.39,1.50,9.59,1.00,0.07,-0.03,0.01,3.39,-8.00,0.58,6,8,0,0,35.2901783,136.2528883,82.60, 0.36
3060045,0.15,-0.87,9.50,1.00,-0.04,-0.00,0.00,-0.49,4.94,0.03,10.59,0.00,0,2,1001.30,41.86,109.53,1001.30,40.75,109.13,0.62,1000.64,37.91,114.10,2.22,1.98,100.11,308.50,7902,0.58,1.25,9.50,1.00,0.07,-0.03,0.01,3.39,-8.01,0.58,6,8,0,0,35.2901783,136.2528883,82.60, 0.36
3060096,0.06,-0.85,9.53,1.00,-0.04,-0.00,0.00,-0.49,4.94,0.03,10.58,0.00,0,2,1001.29,41.85,109.56,1001.30,40.75,109.17,0.62,1000.64,37.90,114.13,1.90,1.83,102.30,308.50,7902,0.65,1.38,9.57,1.00,0.07,-0.03,0.01,3.38,-8.01,0.57,6,8,0,0,35.2901783,136.2528883,82.60, 0.36
3060154,0.03,-0.80,9.57,1.00,-0.04,-0.00,0.00,-0.49,4.94,0.03,10.60,0.00,0,2,1001.30,41.86,109.51,1001.30,40.77,109.11,0.62,1000.64,37.91,114.12,2.20,1.97,104.15,308.50,7903,0.51,1.36,9.64,1.00,0.07,-0.03,0.01,3.38,-8.01,0.56,6,8,0,0,35.2901783,136.2528883,82.60, 0.36
3060206,0.14,-0.85,9.56,1.00,-0.04,-0.00,0.00,-0.49,4.94,0.03,10.59,0.00,0,2,1001.29,41.87,109.55,1001.30,40.76,109.13,0.62,1000.64,37.91,114.17,3.78,2.58,108.37,308.50,7903,0.58,1.43,9.54,1.00,0.07,-0.03,0.01,3.38,-8.01,0.56,6,8,0,0,35.2901783,136.2528883,82.60, 0.36
3060264,0.17,-0.90,9.43,1.00,-0.04,-0.00,0.00,-0.49,4.94,0.03,10.59,0.00,0,2,1001.29,41.86,109.55,1001.30,40.75,109.13,0.62,1000.63,37.91,114.21,1.75,1.76,110.30,308.50,7902,0.55,1.50,9.62,1.00,0.07,-0.03,0.01,3.38,-8.02,0.56,6,8,0,0,35.2901783,136.2528883,82.60, 0.36
3060315,0.06,-0.89,9.34,1.00,-0.04,-0.00,0.00,-0.49,4.94,0.03,10.60,0.00,0,2,1001.29,41.87,109.56,1001.29,40.74,109.11,0.62,1000.63,37.90,114.27,1.08,1.38,109.95,308.50,7902,0.47,1.35,9.57,1.00,0.07,-0.03,0.01,3.37,-8.03,0.55,6,8,0,0,35.2901783,136.2528883,82.60, 0.36
3060374,0.04,-0.86,9.50,1.00,-0.04,-0.00,0.00,-0.49,4.94,0.03,10.61,0.00,0,2,1001.29,41.87,109.55,1001.30,40.75,109.11,0.62,1000.63,37.91,114.19,1.72,1.74,109.25,308.50,7903,0.49,1.37,9.59,1.00,0.07,-0.03,0.01,3.38,-8.03,0.55,6,8,0,0,35.2901783,136.2528883,82.60, 0.36
3060431,0.01,-0.87,9.51,1.00,-0.04,-0.00,0.00,-0.49,4.94,0.03,10.64,0.00,0,2,1001.29,41.87,109.55,1001.30,40.77,109.17,0.62,1000.62,37.91,114.27,1.75,1.76,107.31,308.58,7903,0.73,1.47,9.55,1.00,0.07,-0.03,0.01,3.38,-8.03,0.54,6,8,0,0,35.2901783,136.2528883,82.60, 0.36
3060485,0.07,-0.79,9.54,1.00,-0.04,-0.00,0.00,-0.49,4.94,0.03,10.62,0.00,0,2,1001.30,41.88,109.52,1001.30,40.76,109.13,0.62,1000.62,37.90,114.33,1.95,1.85,104.94,308.58,7903,0.59,1.03,9.51,1.00,0.07,-0.03,0.01,3.40,-8.02,0.54,6,8,0,0,35.2901783,136.2528883,82.60, 0.36
3060543,0.08,-0.80,9.53,1.00,-0.04,-0.00,0.00,-0.49,4.94,0.03,10.61,0.00,0,2,1001.30,41.87,109.50,1001.30,40.76,109.12,0.61,1000.62,37.91,114.30,2.87,2.25,101.25,308.58,7903,0.42,1.11,9.51,1.00,0.07,-0.03,0.01,3.40,-8.02,0.54,6,8,0,0,35.2901783,136.2528883,82.60, 0.36
3060595,0.15,-0.86,9.52,1.00,-0.04,-0.00,0.00,-0.49,4.94,0.03,10.60,0.00,0,2,1001.29,41.87,109.55,1001.30,40.77,109.14,0.63,1000.62,37.92,114.29,1.45,1.60,97.91,308.58,7902,0.42,1.26,9.52,1.00,0.07,-0.03,0.01,3.40,-8.02,0.54,6,8,0,0,35.2901783,136.2528883,82.60, 0.36
3060653,0.15,-0.87,9.52,1.00,-0.04,-0.00,0.00,-0.49,4.94,0.03,10.60,0.00,0,2,1001.30,41.87,109.50,1001.30,40.75,109.13,0.62,1000.63,37.91,114.26,2.32,2.02,96.77,308.58,7903,0.43,1.25,9.48,1.00,0.07,-0.03,0.01,3.39,-8.02,0.53,6,8,0,0,35.2901783,136.2528883,82.60, 0.36
3060706,0.14,-0.87,9.54,1.00,-0.04,-0.00,0.00,-0.49,4.94,0.03,10.60,0.00,0,2,1001.30,41.87,109.50,1001.30,40.76,109.16,0.62,1000.63,37.91,114.24,2.67,2.17,95.71,308.50,7902,0.47,1.55,9.75,1.00,0.07,-0.03,0.01,3.38,-8.02,0.53,6,8,0,0,35.2901783,136.2528883,82.60, 0.36
3060763,0.09,-0.79,9.61,1.00,-0.04,-0.00,0.00,-0.49,4.94,0.03,10.60,0.00,0,2,1001.30,41.87,109.53,1001.30,40.75,109.09,0.62,1000.63,37.91,114.24,2.47,2.09,98.26,308.50,7903,0.52,1.58,9.72,1.00,0.07,-0.03,0.01,3.38,-8.02,0.53,6,8,0,0,35.2901783,136.2528883,82.60, 0.36
3060816,0.02,-0.79,9.47,1.00,-0.04,-0.00,0.00,-0.49,4.94,0.03,10.61,0.00,0,2,1001.30,41.87,109.51,1001.30,40.75,109.15,0.62,1000.62,37.91,114.28,2.37,2.04,98.88,308.58,7903,0.48,1.36,9.55,1.00,0.07,-0.03,0.01,3.38,-8.02,0.53,6,8,0,0,35.2901783,136.2528883,82.60, 0.28
3060873,0.04,-0.88,9.56,1.00,-0.04,-0.00,0.00,-0.49,4.94,0.03,10.60,0.00,0,2,1001.30,41.86,109.52,1001.30,40.76,109.15,0.62,1000.63,37.93,114.22,1.97,1.86,98.88,308.58,7903,0.72,1.64,9.61,1.00,0.07,-0.03,0.01,3.39,-8.02,0.53,6,8,0,0,35.2901783,136.2528883,82.60, 0.28
3060927,0.06,-0.88,9.50,1.00,-0.04,-0.00,0.00,-0.49,4.94,0.03,10.61,0.00,0,2,1001.30,41.85,109.52,1001.30,40.76,109.15,0.63,1000.63,37.92,114.26,1.48,1.62,99.32,308.58,7902,0.51,1.16,9.48,1.00,0.07,-0.03,0.01,3.39,-8.02,0.53,6,8,1,0,35.2901783,136.2528883,82.60, 0.28
3060983,0.09,-0.79,9.47,1.00,-0.04,-0.00,0.00,-0.49,4.94,0.03,10.60,0.00,0,2,1001.30,41.87,109.52,1001.30,40.77,109.14,0.63,1000.64,37.91,114.18,0.75,1.15,99.32,308.58,7902,0.52,1.36,9.60,1.00,0.07,-0.03,0.01,3.39,-8.02,0.53,6,8,1,0,35.2901783,136.2528883,82.60, 0.28
3061041,0.14,-0.83,9.50,1.00,-0.04,-0.00,0.00,-0.49,4.94,0.03,10.60,0.00,0,2,1001.30,41.87,109.52,1001.30,40.76,109.10,0.63,1000.63,37.91,114.24,1.13,1.41,98.09,308.58,7902,0.62,1.33,9.56,1.00,0.07,-0.03,0.01,3.39,-8.02,0.53,6,8,1,0,35.2901783,136.2528883,82.60, 0.28
3061093,0.14,-0.78,9.48,1.00,-0.04,-0.00,0.00,-0.49,4.94,0.03,10.60,0.00,0,2,1001.30,41.87,109.53,1001.30,40.75,109.15,0.63,1000.63,37.91,114.19,1.32,1.52,98.17,308.58,7902,0.55,1.22,9.50,1.00,0.07,-0.03,0.01,3.39,-8.02,0.53,6,8,1,0,35.2901783,136.2528883,82.60, 0.28
3061150,0.07,-0.83,9.57,1.00,-0.04,-0.00,0.00,-0.49,4.94,0.03,10.59,0.00,0,2,1001.30,41.86,109.52,1001.30,40.78,109.10,0.63,1000.63,37.90,114.22,1.33,1.53,97.73,308.58,7904,0.66,1.50,9.60,1.00,0.07,-0.03,0.01,3.39,-8.02,0.53,6,8,1,0,35.2901783,136.2528883,82.60, 0.28
3061202,0.09,-0.79,9.51,1.00,-0.04,-0.00,0.00,-0.49,4.94,0.03,10.58,0.00,0,2,1001.30,41.87,109.48,1001.30,40.76,109.11,0.63,1000.64,37.90,114.18,2.27,2.00,96.33,308.58,7902,0.60,1.16,9.44,1.00,0.07,-0.03,0.01,3.39,-8.02,0.53,6,8,1,0,35.2901783,136.2528883,82.60, 0.28
3061256,0.08,-0.81,9.54,1.00,-0.04,-0.00,0.00,-0.49,4.94,0.03,10.57,0.00,0,2,1001.30,41.86,109.50,1001.30,40.77,109.16,0.63,1000.63,37.92,114.22,1.88,1.82,97.29,308.58,7902,0.57,1.28,9.56,1.00,0.07,-0.03,0.01,3.39,-8.02,0.53,6,8,1,0,35.2901783,136.2528883,82.60, 0.28
3061313,0.06,-0.87,9.52,1.00,-0.04,-0.00,0.00,-0.49,4.94,0.03,10.57,0.00,0,2,1001.30,41.87,109.50,1001.29,40.76,109.16,0.63,1000.63,37.92,114.24,2.78,2.22,97.29,308.58,7903,0.50,1.25,9.50,1.00,0.07,-0.03,0.01,3.39,-8.02,0.53,6,8,1,0,35.2901783,136.2528883,82.60, 0.28
3061363,0.05,-0.80,9.42,1.00,-0.04,-0.00,0.00,-0.49,4.94,0.03,10.58,0.00,0,2,1001.30,41.86,109.50,1001.30,40.76,109.11,0.63,1000.64,37.92,114.13,2.25,1.99,97.29,308.58,7903,0.54,1.45,9.52,1.00,0.07,-0.03,0.01,3.39,-8.02,0.53,6,8,1,0,35.2901783,136.2528883,82.60, 0.28
3061420,0.07,-0.70,9.57,1.00,-0.04,-0.00,0.00,-0.49,4.94,0.03,10.58,0.00,0,2,1001.30,41.88,109.49,1001.30,40.76,109.16,0.63,1000.64,37.93,114.15,2.63,2.16,98.00,308.58,7902,0.50,1.38,9.59,1.00,0.07,-0.03,0.01,3.40,-8.01,0.53,6,8,1,0,35.2901783,136.2528883,82.60, 0.28
3061478,0.11,-0.81,9.74,1.00,-0.04,-0.00,0.00,-0.48,4.94,0.03,10.59,0.00,0,2,1001.29,41.86,109.55,1001.30,40.75,109.16,0.62,1000.64,37.93,114.16,2.67,2.17,101.16,308.58,7902,0.46,1.31,9.60,1.00,0.07,-0.03,0.01,3.40,-8.01,0.53,6,8,1,0,35.2901783,136.2528883,82.60, 0.28
3061533,0.13,-0.84,9.58,1.00,-0.04,-0.00,0.00,-0.48,4.94,0.03,10.60,0.00,0,2,1001.30,41.87,109.53,1001.30,40.77,109.15,0.62,1000.64,37.92,114.18,2.55,2.12,103.10,308.58,7903,0.67,1.38,9.62,1.00,0.07,-0.03,0.01,3.40,-8.02,0.53,6,8,1,0,35.2901783,136.2528883,82.60, 0.28
3061590,0.10,-0.87,9.35,1.00,-0.04,-0.00,0.00,-0.48,4.94,0.03,10.61,0.00,0,2,1001.30,41.87,109.51,1001.29,40.76,109.16,0.63,1000.64,37.93,114.16,2.50,2.10,105.64,308.50,7903,0.40,1.37,9.60,1.00,0.07,-0.03,0.01,3.40,-8.02,0.53,6,8,1,0,35.2901783,136.2528883,82.60, 0.28
3061641,0.03,-0.84,9.40,1.00,-0.04,-0.00,0.00,-0.48,4.94,0.03,10.61,0.00,0,2,1001.30,41.86,109.54,1001.30,40.77,109.16,0.63,1000.63,37.93,114.20,2.85,2.24,102.30,308.50,7903,0.66,1.20,9.56,1.00,0.07,-0.03,0.01,3.40,-8.02,0.53,6,8,1,0,35.2901783,136.2528883,82.60, 0.28
3061699,0.10,-0.85,9.62,1.00,-0.04,-0.00,0.00,-0.48,4.94,0.03,10.61,0.00,0,2,1001.29,41.86,109.58,1001.30,40.76,109.13,0.63,1000.62,37.91,114.31,2.90,2.26,95.89,308.50,7902,0.73,1.20,9.50,1.00,0.07,-0.03,0.01,3.40,-8.02,0.53,6,8,1,0,35.2901783,136.2528883,82.60, 0.28
3061752,0.12,-0.86,9.57,1.00,-0.04,-0.00,0.00,-0.48,4.94,0.03,10.62,0.00,0,2,1001.29,41.86,109.57,1001.30,40.75,109.14,0.62,1000.62,37.91,114.35,2.75,2.20,93.96,308.50,7902,0.55,1.34,9.53,1.00,0.07,-0.03,0.01,3.40,-8.02,0.53,6,8,1,0,35.2901783,136.2528883,82.60, 0.28
3061808,0.06,-0.79,9.49,1.00,-0.04,-0.00,0.00,-0.48,4.94,0.03,10.63,0.00,0,2,1001.29,41.86,109.55,1001.29,40.76,109.18,0.62,1000.62,37.90,114.28,3.20,2.38,95.98,308.50,7903,0.64,1.34,9.54,1.00,0.07,-0.03,0.01,3.40,-8.02,0.53,6,8,1,0,35.2901783,136.2528883,82.60, 0.12
3061859,0.03,-0.80,9.54,1.00,-0.04,-0.00,0.00,-0.48,4.94,0.03,10.62,0.00,0,2,1001.29,41.86,109.55,1001.30,40.77,109.12,0.63,1000.62,37.91,114.28,3.22,2.38,100.63,308.50,7902,0.68,1.35,9.63,1.00,0.07,-0.03,0.01,3.40,-8.02,0.53,6,8,1,0,35.2901783,136.2528883,82.60, 0.12
3061917,0.06,-0.80,9.58,1.00,-0.04,-0.00,0.00,-0.48,4.94,0.03,10.62,0.00,0,2,1001.29,41.86,109.55,1001.30,40.77,109.15,0.63,1000.63,37.91,114.24,3.08,2.33,103.36,308.50,7903,0.66,1.48,9.61,1.00,0.07,-0.03,0.01,3.40,-8.02,0.53,6,8,2,0,35.2901800,136.2528900,82.60, 0.12
3061969,0.14,-0.85,9.48,1.00,-0.04,-0.00,0.00,-0.48,4.94,0.03,10.61,0.00,0,2,1001.30,41.88,109.54,1001.30,40.76,109.15,0.62,1000.62,37.91,114.31,2.97,2.29,109.78,308.50,7903,0.57,1.35,9.54,1.00,0.07,-0.03,0.01,3.40,-8.02,0.53,6,8,2,0,35.2901800,136.2528900,82.60, 0.12
3062027,0.14,-0.81,9.51,1.00,-0.04,-0.00,0.00,-0.48,4.94,0.03,10.61,0.00,0,2,1001.30,41.86,109.52,1001.30,40.77,109.14,0.62,1000.62,37.91,114.35,3.73,2.57,113.12,308.58,7902,0.63,1.49,9.58,1.00,0.07,-0.03,0.01,3.40,-8.02,0.53,6,8,2,0,35.2901800,136.2528900,82.60, 0.12
3062080,0.12,-0.85,9.57,1.00,-0.04,-0.00,0.00,-0.48,4.94,0.03,10.61,0.00,0,2,1001.29,41.87,109.56,1001.29,40.77,109.17,0.63,1000.61,37.91,114.37,2.08,1.92,111.97,308.58,7903,0.49,1.20,9.58,1.00,0.07,-0.03,0.01,3.40,-8.02,0.53,6,8,2,0,35.2901800,136.2528900,82.60, 0.12
3062138,0.07,-0.89,9.48,1.00,-0.04,-0.00,0.00,-0.48,4.94,0.03,10.62,0.00,0,2,1001.29,41.86,109.57,1001.30,40.77,109.14,0.63,1000.61,37.91,114.37,1.87,1.81,111.01,308.58,7903,0.54,1.28,9.54,1.00,0.07,-0.03,0.01,3.40,-8.02,0.53,6,8,2,0,35.2901800,136.2528900,82.60, 0.12
3062189,0.04,-0.84,9.55,1.00,-0.04,-0.00,0.00,-0.48,4.94,0.03,10.64,0.00,0,2,1001.29,41.86,109.59,1001.30,40.77,109.19,0.63,1000.61,37.93,114.37,2.22,1.98,108.02,308.58,7903,0.62,1.29,9.51,1.00,0.07,-0.03,0.01,3.40,-8.02,0.53,6,8,2,0,35.2901800,136.2528900,82.60, 0.12
3062246,0.09,-0.85,9.53,1.00,-0.04,-0.00,0.00,-0.48,4.94,0.03,10.64,0.00,0,2,1001.29,41.86,109.57,1001.30,40.75,109.15,0.63,1000.61,37.91,114.39,2.55,2.12,103.80,308.58,7902,0.66,1.67,9.66,1.00,0.07,-0.03,0.01,3.40,-8.02,0.53,6,8,2,0,35.2901800,136.2528900,82.60, 0.12
3062300,0.21,-0.83,9.64,1.00,-0.04,-0.00,0.00,-0.48,4.94,0.03,10.63,0.00,0,2,1001.30,41.87,109.52,1001.30,40.77,109.14,0.63,1000.62,37.91,114.32,0.72,1.12,95.80,308.58,7903,0.37,1.51,9.64,1.00,0.07,-0.03,0.01,3.40,-8.02,0.53,6,8,2,0,35.2901800,136.2528900,82.60, 0.12
3062353,0.11,-0.84,9.47,1.00,-0.04,-0.00,0.00,-0.48,4.94,0.03,10.62,0.00,0,2,1001.29,41.86,109.55,1001.30,40.76,109.14,0.63,1000.62,37.91,114.28,1.92,1.84,87.71,308.58,7902,0.47,1.32,9.56,1.00,0.07,-0.03,0.01,3.40,-8.02,0.53,6,8,2,0,35.2901800,136.2528900,82.60, 0.12
3062407,0.07,-0.79,9.56,1.00,-0.04,-0.00,0.00,-0.48,4.94,0.03,10.61,0.00,0,2,1001.29,41.85,109.56,1001.29,40.76,109.14,0.63,1000.62,37.91,114.28,1.40,1.57,84.11,308.58,7901,0.74,1.10,9.46,1.00,0.07,-0.03,0.01,3.40,-8.02,0.53,6,8,2,0,35.2901800,136.2528900,82.60, 0.12
3062464,0.08,-0.79,9.48,1.00,-0.04,-0.00,0.00,-0.48,4.94,0.03,10.60,0.00,0,2,1001.30,41.85,109.52,1001.29,40.77,109.19,0.63,1000.63,37.90,114.21,0.48,0.92,78.40,308.58,7903,0.42,1.26,9.56,1.00,0.07,-0.03,0.01,3.40,-8.02,0.54,6,8,2,0,35.2901800,136.2528900,82.60, 0.12
3062518,0.05,-0.78,9.61,1.00,-0.04,-0.00,0.00,-0.48,4.94,0.03,10.60,0.00,0,2,1001.29,41.85,109.54,1001.29,40.76,109.16,0.63,1000.63,37.90,114.23,0.42,0.86,79.19,308.58,7901,0.53,1.40,9.59,1.00,0.07,-0.03,0.01,3.40,-8.02,0.54,6,8,2,0,35.2901800,136.2528900,82.60, 0.12
3062575,0.05,-0.81,9.46,1.00,-0.04,-0.00,0.00,-0.48,4.94,0.03,10.59,0.00,0,2,1001.29,41.85,109.54,1001.30,40.76,109.15,0.63,1000.63,37.92,114.20,0.68,1.10,84.55,308.58,7902,0.62,1.11,9.52,1.00,0.07,-0.03,0.01,3.40,-8.01,0.54,6,8,2,0,35.2901800,136.2528900,82.60, 0.12
3062628,0.06,-0.82,9.52,1.00,-0.04,-0.00,0.00,-0.48,4.94,0.03,10.60,0.00,0,2,1001.30,41.84,109.53,1001.30,40.77,109.14,0.63,1000.63,37.91,114.19,0.43,0.87,87.80,308.58,7902,0.56,1.66,9.65,1.00,0.07,-0.03,0.01,3.40,-8.02,0.54,6,8,2,0,35.2901800,136.2528900,82.60, 0.12
3062685,0.00,-0.83,9.59,1.00,-0.04,-0.00,0.00,-0.48,4.94,0.03,10.59,0.00,0,2,1001.30,41.86,109.51,1001.30,40.76,109.15,0.63,1000.64,37.92,114.19,0.07,0.34,93.78,308.58,7902,0.58,1.61,9.63,1.00,0.07,-0.03,0.01,3.40,-8.01,0.53,6,8,2,0,35.2901800,136.2528900,82.60, 0.12
3062737,0.10,-0.88,9.49,1.00,-0.04,-0.00,0.00,-0.48,4.94,0.03,10.58,0.00,0,2,1001.30,41.86,109.50,1001.30,40.76,109.14,0.63,1000.63,37.92,114.18,0.77,1.16,97.56,308.58,7903,0.74,1.67,9.62,1.00,0.07,-0.03,0.01,3.40,-8.01,0.53,6,8,2,0,35.2901800,136.2528900,82.60, 0.12
3062794,0.21,-0.87,9.63,1.00,-0.04,-0.00,0.00,-0.48,4.94,0.03,10.58,0.00,0,2,1001.30,41.86,109.49,1001.29,40.76,109.16,0.63,1000.64,37.91,114.18,0.75,1.15,100.37,308.58,7903,0.92,1.63,9.61,1.00,0.07,-0.03,0.01,3.40,-8.01,0.54,6,8,2,0,35.2901800,136.2528900,82.60, 0.12
3062847,0.05,-0.77,9.48,1.00,-0.04,-0.00,0.00,-0.48,4.94,0.03,10.57,0.00,0,2,1001.30,41.85,109.49,1001.30,40.77,109.16,0.63,1000.63,37.91,114.19,0.53,0.97,103.18,308.58,7902,0.37,1.66,9.75,1.00,0.07,-0.03,0.01,3.40,-8.01,0.55,6,8,2,0,35.2901800,136.2528900,82.60, 0.12
3062899,0.10,-0.77,9.56,1.00,-0.04,-0.00,0.00,-0.48,4.94,0.03,10.56,0.00,0,2,1001.30,41.85,109.49,1001.30,40.76,109.15,0.63,1000.64,37.91,114.17,1.05,1.36,104.59,308.58,7903,1.01,1.04,9.42,1.00,0.07,-0.03,0.01,3.40,-8.01,0.55,6,8,2,0,35.2901800,136.2528900,82.60, 0.12
3062956,0.04,-0.79,9.59,1.00,-0.04,-0.00,0.00,-0.48,4.94,0.03,10.57,0.00,0,2,1001.30,41.86,109.51,1001.29,40.76,109.16,0.63,1000.63,37.91,114.21,0.77,1.16,104.59,308.58,7903,0.85,1.00,9.47,1.00,0.07,-0.03,0.01,3.40,-8.01,0.55,6,8,3,0,35.2901817,136.2528900,82.60, 0.12
3063014,0.03,-0.82,9.45,1.00,-0.04,-0.00,0.00,-0.48,4.94,0.03,10.58,0.00,0,2,1001.29,41.85,109.54,1001.30,40.77,109.13,0.63,1000.63,37.90,114.20,1.32,1.52,103.45,308.58,7902,0.40,0.95,9.48,1.00,0.07,-0.03,0.01,3.40,-8.00,0.55,6,8,3,0,35.2901817,136.2528900,82.60, 0.12
3063067,0.10,-0.79,9.55,1.00,-0.04,-0.00,0.00,-0.48,4.94,0.03,10.59,0.00,0,2,1001.30,41.84,109.51,1001.30,40.77,109.14,0.63,1000.63,37.90,114.21,2.05,1.90,103.45,308.58,7903,0.92,1.66,9.61,1.00,0.07,-0.03,0.01,3.40,-8.00,0.55,6,8,3,0,35.2901817,136.2528900,82.60, 0.12
3063123,0.18,-0.92,9.51,1.00,-0.04,-0.00,0.00,-0.48,4.94,0.03,10.59,0.00,0,2,1001.29,41.84,109.55,1001.29,40.76,109.16,0.62,1000.63,37.90,114.20,3.07,2.33,103.36,308.58,7903,0.83,1.69,9.61,1.00,0.07,-0.03,0.01,3.40,-8.00,0.55,6,8,3,0,35.2901817,136.2528900,82.60, 0.12
3063177,0.16,-0.87,9.59,1.00,-0.04,-0.00,0.00,-0.48,4.94,0.03,10.60,0.00,0,2,1001.29,41.85,109.56,1001.30,40.77,109.14,0.63,1000.63,37.92,114.20,2.58,2.14,102.39,308.58,7902,0.75,1.42,9.58,1.00,0.07,-0.03,0.01,3.40,-8.00,0.55,6,8,3,0,35.2901817,136.2528900,82.60, 0.12
3063233,0.07,-0.93,9.46,1.00,-0.04,-0.00,0.00,-0.48,4.94,0.03,10.60,0.00,0,2,1001.29,41.84,109.53,1001.30,40.77,109.16,0.62,1000.63,37.91,114.19,2.30,2.01,102.22,308.58,7903,0.46,1.59,9.62,1.00,0.07,-0.03,0.01,3.40,-8.00,0.55,6,8,3,0,35.2901817,136.2528900,82.60, 0.12
3063286,0.05,-0.92,9.40,1.00,-0.04,-0.00,0.00,-0.48,4.94,0.03,10.60,0.00,0,2,1001.30,41.84,109.51,1001.29,40.76,109.16,0.63,1000.63,37.91,114.21,2.63,2.16,103.18,308.58,7903,0.55,1.45,9.51,1.00,0.07,-0.03,0.01,3.40,-8.00,0.55,6,8,3,0,35.2901817,136.2528900,82.60, 0.12
3063344,0.10,-0.81,9.69,1.00,-0.04,-0.00,0.00,-0.48,4.94,0.03,10.60,0.00,0,2,1001.29,41.84,109.55,1001.30,40.77,109.12,0.63,1000.63,37.90,114.21,2.77,2.21,102.66,308.58,7903,0.61,1.45,9.51,1.00,0.07,-0.03,0.01,3.40,-8.00,0.55,6,8,3,0,35.2901817,136.2528900,82.60, 0.12
3063395,0.14,-0.75,9.71,1.00,-0.04,-0.00,0.00,-0.48,4.94,0.03,10.59,0.00,0,2,1001.30,41.85,109.50,1001.29,40.76,109.18,0.63,1000.63,37.91,114.23,2.72,2.19,102.57,308.58,7903,0.61,1.22,9.49,1.00,0.07,-0.03,0.01,3.40,-8.00,0.55,6,8,3,0,35.2901817,136.2528900,82.60, 0.12
3063453,0.05,-0.82,9.48,1.00,-0.04,-0.00,0.00,-0.48,4.94,0.03,10.59,0.00,0,2,1001.30,41.84,109.50,1001.30,40.77,109.13,0.64,1000.63,37.92,114.24,2.52,2.11,103.45,308.58,7902,0.62,1.47,9.62,1.00,0.07,-0.03,0.01,3.40,-8.00,0.55,6,8,3,0,35.2901817,136.2528900,82.60, 0.12
3063506,0.09,-0.82,9.52,1.00,-0.04,-0.00,0.00,-0.48,4.94,0.03,10.59,0.00,0,2,1001.30,41.85,109.51,1001.29,40.77,109.14,0.63,1000.63,37.91,114.21,1.82,1.79,103.80,308.58,7902,0.51,1.46,9.58,1.00,0.07,-0.03,0.01,3.40,-8.00,0.55,6,8,3,0,35.2901817,136.2528900,82.60, 0.12
3063565,0.08,-0.68,9.61,1.00,-0.04,-0.00,0.00,-0.48,4.94,0.03,10.60,0.00,0,2,1001.29,41.85,109.56,1001.29,40.77,109.19,0.63,1000.63,37.91,114.21,2.08,1.92,103.89,308.58,7902,0.59,1.21,9.51,1.00,0.07,-0.03,0.01,3.40,-8.00,0.55,6,8,3,0,35.2901817,136.2528900,82.60, 0.12
3063623,0.04,-0.70,9.63,1.00,-0.04,-0.00,0.00,-0.48,4.94,0.03,10.61,0.00,0,2,1001.29,41.83,109.59,1001.30,40.77,109.14,0.63,1000.64,37.91,114.17,2.78,2.22,102.57,308.58,7903,0.49,1.23,9.59,1.00,0.07,-0.03,0.01,3.39,-7.95,0.56,6,8,3,0,35.2901817,136.2528900,82.60, 0.12
3063675,0.05,-0.80,9.59,1.00,-0.04,-0.00,0.00,-0.47,4.94,0.03,10.61,0.00,0,2,1001.30,41.85,109.53,1001.30,40.77,109.14,0.63,1000.63,37.90,114.20,1.17,1.43,101.43,308.58,7901,1.07,1.49,9.51,1.00,0.07,-0.03,0.01,3.41,-7.95,0.56,6,8,3,0,35.2901817,136.2528900,82.60, 0.12
3063731,0.11,-0.88,9.45,1.00,-0.04,-0.00,0.00,-0.47,4.94,0.03,10.60,0.00,0,2,1001.29,41.84,109.56,1001.30,40.77,109.18,0.62,1000.63,37.91,114.21,1.27,1.49,100.72,308.58,7902,0.96,1.59,9.60,1.00,0.07,-0.03,0.01,3.41,-7.95,0.58,6,8,3,0,35.2901817,136.2528900,82.60, 0.12
3063783,0.17,-0.77,9.66,1.00,-0.04,-0.00,0.00,-0.47,4.94,0.03,10.61,0.00,0,2,1001.29,41.83,109.56,1001.30,40.78,109.15,0.63,1000.63,37.92,114.26,2.53,2.11,100.72,308.58,7902,0.66,1.08,9.52,1.00,0.07,-0.03,0.01,3.41,-7.94,0.60,6,8,3,0,35.2901817,136.2528900,82.60, 0.12
3063841,0.14,-0.84,9.61,1.00,-0.04,-0.00,0.00,-0.47,4.94,0.03,10.61,0.00,0,2,1001.30,41.84,109.53,1001.30,40.76,109.15,0.63,1000.63,37.91,114.19,2.77,2.21,97.65,308.58,7903,0.53,1.54,9.63,1.00,0.07,-0.03,0.01,3.41,-7.94,0.60,6,8,3,0,35.2901817,136.2528900,82.60, 0.12
3063894,0.14,-0.82,9.47,1.00,-0.04,-0.00,0.00,-0.47,4.94,0.03,10.61,0.00,0,2,1001.29,41.84,109.53,1001.29,40.77,109.17,0.63,1000.63,37.91,114.24,2.57,2.13,95.10,308.58,7902,0.37,1.36,9.54,1.00,0.07,-0.03,0.01,3.42,-7.96,0.61,6,8,3,0,35.2901817,136.2528900,82.60, 0.12
3063946,0.12,-0.81,9.48,1.00,-0.04,-0.00,0.00,-0.47,4.94,0.03,10.61,0.00,0,2,1001.29,41.84,109.57,1001.29,40.76,109.17,0.63,1000.63,37.91,114.26,1.50,1.63,91.85,308.58,7903,0.73,1.34,9.52,1.00,0.07,-0.03,0.01,3.42,-7.95,0.62,6,8,3,0,35.2901817,136.2528900,82.60, 0.12
3064002,0.07,-0.89,9.48,1.00,-0.04,-0.00,0.00,-0.47,4.94,0.03,10.61,0.00,0,2,1001.29,41.84,109.53,1001.29,40.76,109.14,0.62,1000.63,37.92,114.26,2.55,2.12,88.86,308.58,7902,0.19,1.32,9.51,1.00,0.07,-0.03,0.01,3.41,-7.95,0.62,6,8,3,0,35.2901817,136.2528900,82.60, 0.12
3064060,0.07,-0.91,9.56,1.00,-0.04,-0.00,0.00,-0.47,4.94,0.03,10.61,0.00,0,2,1001.30,41.85,109.51,1001.29,40.76,109.17,0.62,1000.63,37.91,114.26,3.65,2.54,89.21,308.58,7903,0.28,1.11,9.49,1.00,0.07,-0.03,0.01,3.39,-7.97,0.61,6,8,3,0,35.2901817,136.2528900,82.60, 0.12
3064114,0.08,-0.75,9.61,1.00,-0.04,-0.00,0.00,-0.47,4.94,0.03,10.60,0.00,0,2,1001.30,41.85,109.51,1001.30,40.78,109.13,0.62,1000.63,37.92,114.22,3.18,2.37,91.23,308.58,7903,0.78,1.54,9.59,1.00,0.07,-0.03,0.01,3.39,-7.97,0.61,6,8,3,0,35.2901817,136.2528900,82.60, 0.25
3064169,0.04,-0.74,9.49,1.00,-0.04,-0.00,0.00,-0.47,4.94,0.03,10.61,0.00,0,2,1001.30,41.85,109.52,1001.29,40.79,109.18,0.62,1000.63,37.90,114.23,2.53,2.11,97.21,308.58,7902,0.52,1.27,9.62,1.00,0.07,-0.03,0.01,3.39,-7.97,0.61,6,8,3,0,35.2901817,136.2528900,82.60, 0.25
3064221,0.02,-0.74,9.60,1.00,-0.04,-0.00,0.00,-0.47,4.94,0.03,10.61,0.00,0,2,1001.29,41.84,109.53,1001.29,40.77,109.16,0.62,1000.63,37.91,114.23,2.90,2.26,101.07,308.58,7902,0.56,1.41,9.59,1.00,0.07,-0.03,0.01,3.40,-7.97,0.61,6,8,3,0,35.2901817,136.2528900,82.60, 0.25
3064279,0.14,-0.77,9.47,1.00,-0.04,-0.00,0.00,-0.47,4.94,0.03,10.62,0.00,0,2,1001.30,41.84,109.53,1001.30,40.77,109.14,0.62,1000.63,37.91,114.25,3.08,2.33,101.34,308.58,7902,0.37,1.36,9.59,1.00,0.07,-0.03,0.01,3.42,-7.95,0.63,6,8,3,0,35.2901817,136.2528900,82.60, 0.25
3064332,0.00,-0.74,9.47,1.00,-0.04,-0.00,0.00,-0.47,4.94,0.03,10.61,0.00,0,2,1001.29,41.84,109.55,1001.29,40.77,109.17,0.62,1000.63,37.93,114.27,2.58,2.14,100.72,308.58,7902,1.03,1.09,9.38,1.00,0.07,-0.03,0.01,3.41,-7.94,0.63,6,8,3,0,35.2901817,136.2528900,82.60, 0.25
3064391,-0.04,-0.86,9.49,1.00,-0.04,-0.00,0.00,-0.47,4.94,0.03,10.62,0.00,0,2,1001.29,41.84,109.55,1001.29,40.77,109.17,0.62,1000.62,37.92,114.33,3.28,2.41,101.16,308.58,7903,0.30,1.54,9.60,1.00,0.07,-0.03,0.01,3.42,-7.94,0.64,6,8,3,0,35.2901817,136.2528900,82.60, 0.25
3064442,0.19,-0.79,9.54,1.00,-0.04,-0.00,0.00,-0.47,4.94,0.03,10.61,0.00,0,2,1001.30,41.83,109.53,1001.29,40.77,109.17,0.63,1000.62,37.92,114.34,2.43,2.07,99.49,308.58,7903,0.46,1.46,9.61,1.00,0.07,-0.03,0.01,3.42,-7.94,0.64,6,8,3,0,35.2901817,136.2528900,82.60, 0.25
3064497,0.20,-0.87,9.62,1.00,-0.04,-0.00,0.00,-0.47,4.94,0.03,10.60,0.00,0,2,1001.29,41.84,109.53,1001.29,40.76,109.17,0.62,1000.61,37.92,114.40,1.63,1.70,94.57,308.58,7902,0.53,1.80,9.76,1.00,0.07,-0.03,0.01,3.41,-7.95,0.64,6,8,3,0,35.2901817,136.2528900,82.60, 0.25
3064552,0.21,-0.82,9.56,1.00,-0.04,-0.00,0.00,-0.47,4.94,0.03,10.60,0.00,0,2,1001.30,41.84,109.51,1001.30,40.77,109.15,0.63,1000.62,37.91,114.35,1.57,1.66,94.04,308.67,7902,0.39,1.55,9.65,1.00,0.07,-0.03,0.01,3.41,-7.95,0.64,6,8,3,0,35.2901817,136.2528900,82.60, 0.25
3064605,0.60,-0.80,9.55,1.00,-0.04,-0.00,0.00,-0.49,4.94,0.03,10.60,0.00,0,2,1001.29,41.84,109.55,1001.30,40.77,109.15,0.63,1000.62,37.92,114.32,2.68,2.18,94.04,308.85,7902,0.03,1.61,10.02,1.00,0.07,-0.03,0.01,3.40,-7.95,0.64,6,8,3,0,35.2901817,136.2528900,82.60, 0.25
3064660,-0.07,-1.04,9.33,1.00,-0.04,-0.00,0.00,-0.50,4.95,0.03,10.59,0.00,0,2,1001.30,41.84,109.52,1001.30,40.78,109.13,0.63,1000.62,37.91,114.27,2.35,2.04,96.59,308.85,7902,0.40,0.68,9.47,1.00,0.07,-0.03,0.01,3.40,-7.94,0.64,6,8,3,0,35.2901817,136.2528900,82.60, 0.25
3064718,0.12,-0.76,9.58,1.00,-0.04,-0.00,0.00,-0.50,4.95,0.03,10.60,0.00,0,2,1001.30,41.84,109.51,1001.30,40.78,109.15,0.63,1000.63,37.92,114.27,3.02,2.31,99.40,308.85,7903,0.57,1.02,9.55,1.00,0.07,-0.03,0.01,3.40,-7.94,0.63,6,8,3,0,35.2901817,136.2528900,82.60, 0.25
3064771,0.19,-0.83,9.54,1.00,-0.04,-0.00,0.00,-0.50,4.96,0.03,10.59,0.00,0,2,1001.30,41.84,109.51,1001.30,40.78,109.17,0.63,1000.64,37.92,114.17,2.85,2.24,103.54,308.85,7902,0.17,0.74,9.46,1.00,0.07,-0.03,0.01,3.40,-7.94,0.63,6,8,4,0,35.2901833,136.2528917,82.60, 0.24
3064823,0.12,-0.81,9.61,1.00,-0.04,-0.00,0.00,-0.51,4.96,0.03,10.59,0.00,0,2,1001.30,41.85,109.51,1001.29,40.78,109.16,0.63,1000.63,37.91,114.21,0.55,0.99,108.63,308.85,7903,0.82,1.92,9.74,1.00,0.07,-0.03,0.01,3.40,-7.96,0.62,6,8,4,0,35.2901833,136.2528917,82.60, 0.24
3064880,0.00,-0.85,9.43,1.00,-0.04,-0.00,0.00,-0.50,4.96,0.03,10.60,0.00,0,2,1001.29,41.85,109.54,1001.30,40.78,109.13,0.63,1000.63,37.91,114.19,1.12,1.40,109.95,308.85,7902,0.81,1.54,9.55,1.00,0.07,-0.03,0.01,3.40,-7.95,0.61,6,8,5,0,35.2901850,136.2528933,82.60, 0.24
3064932,0.03,-0.84,9.59,1.00,-0.04,-0.00,0.00,-0.50,4.96,0.03,10.60,0.00,0,2,1001.29,41.84,109.56,1001.30,40.79,109.16,0.62,1000.63,37.92,114.21,1.45,1.60,110.13,308.85,7902,0.73,1.60,9.59,1.00,0.07,-0.03,0.01,3.40,-7.94,0.61,6,8,5,0,35.2901850,136.2528933,82.60, 0.24
3064989,0.17,-0.97,9.43,1.00,-0.04,-0.00,0.00,-0.50,4.97,0.03,10.60,0.00,0,2,1001.29,41.85,109.54,1001.29,40.79,109.18,0.63,1000.62,37.91,114.28,1.02,1.34,109.07,308.85,7903,0.57,1.23,9.54,1.00,0.07,-0.03,0.01,3.40,-7.94,0.61,6,8,5,0,35.2901850,136.2528933,82.60, 0.24
3065041,0.12,-0.72,9.56,1.00,-0.04,-0.00,0.00,-0.51,4.97,0.03,10.61,0.00,0,2,1001.29,41.85,109.58,1001.30,40.78,109.16,0.63,1000.62,37.90,114.28,2.53,2.11,105.91,308.85,7903,0.60,1.16,9.54,1.00,0.07,-0.03,0.01,3.40,-7.94,0.61,6,8,5,0,35.2901850,136.2528933,82.60, 0.24
3065094,0.11,-0.72,9.53,1.00,-0.04,-0.00,0.00,-0.51,4.95,0.03,10.62,0.00,0,2,1001.29,41.84,109.60,1001.30,40.79,109.16,0.63,1000.62,37.91,114.27,0.67,1.08,103.18,308.85,7903,0.66,1.01,9.46,1.00,0.07,-0.03,0.01,3.40,-7.93,0.61,6,8,5,0,35.2901850,136.2528933,82.60, 0.24
3065150,0.04,-0.83,9.61,1.00,-0.04,-0.00,0.00,-0.51,4.95,0.03,10.62,0.00,0,2,1001.29,41.85,109.57,1001.29,40.79,109.20,0.63,1000.62,37.90,114.30,0.75,1.15,101.51,308.85,7902,0.72,1.21,9.50,1.00,0.07,-0.03,0.01,3.40,-7.92,0.61,6,8,5,0,35.2901850,136.2528933,82.60, 0.24
3065201,0.07,-0.81,9.53,1.00,-0.04,-0.00,0.00,-0.51,4.95,0.03,10.62,0.00,0,2,1001.29,41.85,109.54,1001.30,40.78,109.17,0.63,1000.62,37.91,114.28,2.20,1.97,95.62,308.85,7903,0.53,1.39,9.65,1.00,0.07,-0.03,0.01,3.40,-7.92,0.61,6,8,5,0,35.2901850,136.2528933,82.60, 0.24
3065258,0.11,-0.81,9.71,1.00,-0.04,-0.00,0.00,-0.51,4.95,0.03,10.62,0.00,0,2,1001.29,41.84,109.56,1001.30,40.80,109.13,0.64,1000.62,37.92,114.29,1.23,1.48,87.28,308.94,7902,0.76,1.65,9.59,1.00,0.07,-0.03,0.01,3.41,-7.93,0.58,6,8,5,0,35.2901850,136.2528933,82.60, 0.24
3065312,0.10,-0.89,9.46,1.00,-0.04,-0.00,0.00,-0.51,4.95,0.03,10.61,0.00,0,2,1001.30,41.84,109.51,1001.30,40.79,109.16,0.64,1000.62,37.92,114.31,0.87,1.24,86.40,308.94,7903,0.64,1.71,9.63,1.00,0.07,-0.03,0.01,3.41,-7.94,0.58,6,8,5,0,35.2901850,136.2528933,82.60, 0.24
3065368,0.12,-0.83,9.58,1.00,-0.04,-0.00,0.00,-0.51,4.95,0.03,10.60,0.00,0,2,1001.29,41.84,109.56,1001.29,40.78,109.18,0.64,1000.62,37.91,114.33,0.32,0.75,89.12,308.94,7903,0.50,1.54,9.62,1.00,0.07,-0.03,0.01,3.41,-7.94,0.58,6,8,5,0,35.2901850,136.2528933,82.60, 0.24
3065419,0.12,-0.84,9.53,1.00,-0.04,-0.00,0.00,-0.52,4.95,0.03,10.60,0.00,0,2,1001.29,41.85,109.54,1001.29,40.79,109.18,0.65,1000.63,37.91,114.22,0.43,0.87,93.16,308.94,7902,0.53,1.21,9.47,1.00,0.07,-0.03,0.01,3.41,-7.95,0.58,6,8,5,0,35.2901850,136.2528933,82.60, 0.24
3065477,0.12,-0.90,9.56,1.00,-0.04,-0.00,0.00,-0.52,4.95,0.03,10.61,0.00,0,2,1001.29,41.85,109.59,1001.29,40.77,109.17,0.65,1000.62,37.91,114.30,1.87,1.81,96.24,308.94,7903,0.61,1.55,9.62,1.00,0.07,-0.03,0.01,3.41,-7.95,0.58,6,8,5,0,35.2901850,136.2528933,82.60, 0.24
3065530,0.11,-0.80,9.52,1.00,-0.04,-0.00,0.00,-0.52,4.95,0.03,10.61,0.00,0,2,1001.29,41.85,109.60,1001.30,40.79,109.16,0.63,1000.62,37.92,114.29,1.42,1.58,97.21,308.94,7903,0.54,1.39,9.59,1.00,0.07,-0.03,0.01,3.41,-7.93,0.58,6,8,5,0,35.2901850,136.2528933,82.60, 0.24
3065581,0.12,-0.85,9.51,1.00,-0.04,-0.00,0.00,-0.52,4.96,0.03,10.61,0.00,0,2,1001.29,41.86,109.59,1001.30,40.78,109.16,0.63,1000.62,37.91,114.32,0.30,0.73,97.91,308.94,7903,0.56,1.16,9.49,1.00,0.07,-0.03,0.01,3.41,-7.94,0.58,6,8,5,0,35.2901850,136.2528933,82.60, 0.24
3065637,0.07,-0.77,9.58,1.00,-0.04,-0.00,0.00,-0.52,4.96,0.03,10.62,0.00,0,2,1001.29,41.84,109.58,1001.29,40.77,109.16,0.64,1000.62,37.92,114.31,1.57,1.66,97.91,308.94,7903,0.64,1.30,9.56,1.00,0.07,-0.03,0.01,3.41,-7.94,0.58,6,8,5,0,35.2901850,136.2528933,82.60, 0.24
3065691,0.06,-0.81,9.52,1.00,-0.04,-0.00,0.00,-0.52,4.95,0.03,10.62,0.00,0,2,1001.29,41.85,109.60,1001.29,40.78,109.18,0.64,1000.63,37.92,114.28,0.95,1.29,97.65,308.94,7902,0.58,1.41,9.55,1.00,0.07,-0.03,0.01,3.41,-7.94,0.58,6,8,5,0,35.2901850,136.2528933,82.60, 0.24
3065749,0.09,-0.85,9.54,1.00,-0.04,-0.00,0.00,-0.52,4.95,0.03,10.61,0.00,0,2,1001.29,41.85,109.60,1001.30,40.79,109.16,0.63,1000.63,37.90,114.23,2.37,2.04,97.21,308.94,7903,0.59,1.28,9.54,1.00,0.07,-0.03,0.01,3.41,-7.94,0.58,6,8,5,0,35.2901850,136.2528933,82.60, 0.16
3065804,0.09,-0.80,9.49,1.00,-0.04,-0.00,0.00,-0.52,4.95,0.03,10.61,0.00,0,2,1001.29,41.85,109.57,1001.30,40.79,109.16,0.63,1000.63,37.92,114.21,1.22,1.47,96.33,308.94,7903,0.55,1.21,9.54,1.00,0.07,-0.03,0.01,3.41,-7.94,0.58,6,8,5,0,35.2901850,136.2528933,82.60, 0.16
3065856,0.10,-0.73,9.54,1.00,-0.04,-0.00,0.00,-0.52,4.95,0.03,10.60,0.00,0,2,1001.29,41.86,109.57,1001.30,40.79,109.15,0.63,1000.62,37.92,114.29,3.02,2.31,95.10,308.94,7903,0.62,1.15,9.52,1.00,0.07,-0.03,0.01,3.41,-7.93,0.58,6,8,6,0,35.2901850,136.2528967,82.60, 0.16
3065914,0.09,-0.81,9.59,1.00,-0.04,-0.00,0.00,-0.52,4.95,0.03,10.60,0.00,0,2,1001.30,41.86,109.54,1001.29,40.77,109.14,0.63,1000.63,37.92,114.24,2.20,1.97,94.04,308.94,7903,0.60,1.25,9.52,1.00,0.07,-0.03,0.01,3.41,-7.93,0.58,6,8,6,0,35.2901850,136.2528967,82.60, 0.16
3065967,0.09,-0.85,9.52,1.00,-0.04,-0.00,0.00,-0.52,4.95,0.03,10.60,0.00,0,2,1001.29,41.85,109.54,1001.29,40.78,109.17,0.63,1000.63,37.91,114.26,1.10,1.39,94.48,308.94,7903,0.56,1.50,9.57,1.00,0.07,-0.03,0.01,3.41,-7.92,0.58,6,8,6,0,35.2901850,136.2528967,82.60, 0.16
3066026,0.07,-0.84,9.52,1.00,-0.04,-0.00,0.00,-0.52,4.95,0.03,10.59,0.00,0,2,1001.29,41.85,109.56,1001.29,40.77,109.20,0.63,1000.63,37.92,114.22,0.38,0.82,95.89,308.94,7902,0.56,1.41,9.56,1.00,0.07,-0.03,0.01,3.41,-7.92,0.58,6,8,6,0,35.2901850,136.2528967,82.60, 0.16
3066077,0.11,-0.87,9.49,1.00,-0.04,-0.00,0.00,-0.52,4.95,0.03,10.59,0.00,0,2,1001.29,41.86,109.55,1001.29,40.78,109.18,0.62,1000.64,37.93,114.18,1.00,1.33,98.35,308.94,7903,0.51,1.49,9.60,1.00,0.07,-0.03,0.01,3.41,-7.92,0.58,6,8,6,0,35.2901850,136.2528967,82.60, 0.16
3066134,0.14,-0.85,9.55,1.00,-0.04,-0.00,0.00,-0.52,4.95,0.03,10.61,0.00,0,2,1001.29,41.85,109.56,1001.29,40.79,109.18,0.63,1000.63,37.92,114.18,2.85,2.24,98.70,308.94,7903,0.47,1.09,9.48,1.00,0.07,-0.03,0.01,3.41,-7.93,0.58,6,8,6,0,35.2901850,136.2528967,82.60, 0.16
3066186,0.08,-0.85,9.53,1.00,-0.04,-0.00,0.00,-0.52,4.95,0.03,10.61,0.00,0,2,1001.29,41.85,109.56,1001.29,40.79,109.17,0.63,1000.63,37.92,114.22,0.83,1.21,98.17,308.94,7903,0.63,1.20,9.50,1.00,0.07,-0.03,0.01,3.41,-7.93,0.58,6,8,6,0,35.2901850,136.2528967,82.60, 0.16
3066241,0.05,-0.82,9.52,1.00,-0.04,-0.00,0.00,-0.52,4.95,0.03,10.60,0.00,0,2,1001.29,41.86,109.55,1001.29,40.78,109.18,0.63,1000.62,37.93,114.30,2.70,2.18,95.62,308.94,7902,0.53,1.27,9.55,1.00,0.07,-0.03,0.01,3.41,-7.93,0.58,6,8,6,0,35.2901850,136.2528967,82.60, 0.16
3066296,0.08,-0.84,9.56,1.00,-0.04,-0.00,0.00,-0.52,4.95,0.03,10.60,0.00,0,2,1001.29,41.84,109.58,1001.29,40.78,109.20,0.63,1000.63,37.93,114.25,1.52,1.64,92.37,308.94,7903,0.61,1.35,9.55,1.00,0.07,-0.03,0.01,3.41,-7.93,0.58,6,8,6,0,35.2901850,136.2528967,82.60, 0.16
3066351,0.09,-0.81,9.51,1.00,-0.04,-0.00,0.00,-0.52,4.95,0.03,10.61,0.00,0,2,1001.29,41.85,109.56,1001.30,40.80,109.14,0.62,1000.62,37.91,114.28,2.52,2.11,91.41,308.94,7903,0.60,1.49,9.59,1.00,0.07,-0.03,0.01,3.41,-7.93,0.58,6,8,6,0,35.2901850,136.2528967,82.60, 0.16
3066406,0.09,-0.80,9.55,1.00,-0.04,-0.00,0.00,-0.52,4.95,0.03,10.61,0.00,0,2,1001.29,41.86,109.58,1001.29,40.78,109.21,0.63,1000.63,37.92,114.24,2.25,1.99,91.58,308.94,7902,0.50,1.18,9.52,1.00,0.07,-0.03,0.01,3.41,-7.92,0.58,6,8,6,0,35.2901850,136.2528967,82.60, 0.16
3066463,0.08,-0.80,9.55,1.00,-0.04,-0.00,0.00,-0.52,4.95,0.03,10.60,0.00,0,2,1001.29,41.86,109.57,1001.30,40.78,109.18,0.63,1000.63,37.91,114.25,0.22,0.62,91.85,308.94,7903,0.52,1.08,9.47,1.00,0.07,-0.03,0.01,3.41,-7.93,0.58,6,8,6,0,35.2901850,136.2528967,82.60, 0.16
3066516,0.10,-0.81,9.53,1.00,-0.04,-0.00,0.00,-0.52,4.95,0.03,10.59,0.00,0,2,1001.29,41.85,109.56,1001.29,40.78,109.20,0.62,1000.63,37.92,114.22,3.32,2.42,91.23,308.94,7902,0.55,1.17,9.49,1.00,0.07,-0.03,0.01,3.41,-7.93,0.58,6,8,6,0,35.2901850,136.2528967,82.60, 0.16
3066574,0.11,-0.81,9.50,1.00,-0.04,-0.00,0.00,-0.52,4.95,0.03,10.61,0.00,0,2,1001.29,41.85,109.59,1001.29,40.78,109.20,0.63,1000.62,37.91,114.35,1.40,1.57,91.14,308.94,7902,0.64,1.14,9.49,1.00,0.07,-0.03,0.01,3.41,-7.93,0.58,6,8,6,0,35.2901850,136.2528967,82.60, 0.16
3066626,0.09,-0.83,9.55,1.00,-0.04,-0.00,0.00,-0.52,4.95,0.03,10.61,0.00,0,2,1001.29,41.85,109.57,1001.29,40.79,109.20,0.63,1000.62,37.93,114.34,2.32,2.02,91.93,308.94,7902,0.69,1.14,9.51,1.00,0.07,-0.03,0.01,3.41,-7.92,0.58,6,8,6,0,35.2901850,136.2528967,82.60, 0.16
3066683,0.06,-0.89,9.54,1.00,-0.04,-0.00,0.00,-0.52,4.95,0.03,10.62,0.00,0,2,1001.29,41.85,109.56,1001.29,40.78,109.17,0.62,1000.62,37.91,114.28,2.17,1.96,95.71,308.94,7903,0.46,1.60,9.62,1.00,0.07,-0.03,0.01,3.41,-7.94,0.58,6,8,6,0,35.2901850,136.2528967,82.60, 0.16
3066735,0.08,-0.85,9.52,1.00,-0.04,-0.00,0.00,-0.52,4.95,0.03,10.61,0.00,0,2,1001.29,41.85,109.57,1001.29,40.78,109.18,0.62,1000.63,37.91,114.23,1.00,1.33,100.63,308.94,7902,0.66,1.43,9.56,1.00,0.07,-0.03,0.01,3.41,-7.95,0.58,6,8,6,0,35.2901850,136.2528967,82.60, 0.19
3066788,0.11,-0.82,9.54,1.00,-0.04,-0.00,0.00,-0.52,4.95,0.03,10.60,0.00,0,2,1001.29,41.85,109.60,1001.29,40.78,109.17,0.63,1000.63,37.92,114.26,1.33,1.53,101.95,308.94,7902,0.67,1.45,9.58,1.00,0.07,-0.03,0.01,3.41,-7.95,0.58,6,8,6,0,35.2901850,136.2528967,82.60, 0.19
3066844,0.13,-0.78,9.51,1.00,-0.04,-0.00,0.00,-0.52,4.95,0.03,10.60,0.00,0,2,1001.29,41.86,109.57,1001.29,40.79,109.18,0.63,1000.62,37.92,114.31,1.97,1.86,101.69,308.94,7902,0.44,1.16,9.52,1.00,0.07,-0.03,0.01,3.40,-7.95,0.58,6,8,6,0,35.2901850,136.2528967,82.60, 0.19
3066901,0.09,-0.80,9.52,1.00,-0.04,-0.00,0.00,-0.52,4.95,0.03,10.60,0.00,0,2,1001.29,41.86,109.55,1001.29,40.77,109.18,0.63,1000.62,37.92,114.31,1.30,1.51,100.37,308.94,7903,0.61,1.34,9.57,1.00,0.07,-0.03,0.01,3.40,-7.95,0.58,6,8,6,0,35.2901850,136.2528967,82.60, 0.19
3066954,0.05,-0.84,9.56,1.00,-0.04,-0.00,0.00,-0.52,4.95,0.03,10.60,0.00,0,2,1001.29,41.84,109.56,1001.29,40.79,109.21,0.63,1000.62,37.92,114.29,1.82,1.79,99.05,308.94,7903,0.64,1.48,9.62,1.00,0.07,-0.03,0.01,3.40,-7.94,0.58,6,8,7,0,35.2901850,136.2528983,82.60, 0.19
3067012,0.10,-0.87,9.50,1.00,-0.04,-0.00,0.00,-0.52,4.95,0.03,10.61,0.00,0,2,1001.28,41.85,109.63,1001.30,40.79,109.15,0.63,1000.62,37.93,114.29,1.75,1.76,97.21,308.94,7903,0.57,1.28,9.50,1.00,0.07,-0.03,0.01,3.40,-7.95,0.58,6,8,7,0,35.2901850,136.2528983,82.60, 0.19
3067064,0.11,-0.82,9.52,1.00,-0.04,-0.00,0.00,-0.52,4.95,0.03,10.61,0.00,0,2,1001.29,41.85,109.56,1001.30,40.79,109.14,0.63,1000.62,37.92,114.29,1.28,1.50,96.59,308.94,7903,0.60,1.39,9.55,1.00,0.07,-0.03,0.01,3.40,-7.95,0.58,6,8,7,0,35.2901850,136.2528983,82.60, 0.19
3067115,0.09,-0.84,9.52,1.00,-0.04,-0.00,0.00,-0.52,4.95,0.03,10.61,0.00,0,2,1001.29,41.86,109.55,1001.29,40.79,109.18,0.63,1000.62,37.91,114.27,2.35,2.04,95.71,308.94,7903,0.58,1.37,9.56,1.00,0.07,-0.03,0.01,3.40,-7.95,0.58,6,8,7,0,35.2901850,136.2528983,82.60, 0.19
3067173,0.07,-0.81,9.49,1.00,-0.04,-0.00,0.00,-0.52,4.95,0.03,10.59,0.00,0,2,1001.29,41.86,109.55,1001.29,40.79,109.20,0.63,1000.63,37.92,114.25,3.93,2.63,95.71,308.94,7902,0.59,1.29,9.60,1.00,0.07,-0.03,0.01,3.40,-7.95,0.58,6,8,7,0,35.2901850,136.2528983,82.60, 0.19
3067231,0.10,-0.78,9.50,1.00,-0.04,-0.00,0.00,-0.52,4.95,0.03,10.61,0.00,0,2,1001.28,41.85,109.63,1001.29,40.80,109.15,0.63,1000.63,37.92,114.26,2.87,2.25,95.45,308.94,7903,0.51,1.22,9.54,1.00,0.07,-0.03,0.01,3.40,-7.95,0.58,6,8,7,0,35.2901850,136.2528983,82.60, 0.19
3067283,0.10,-0.80,9.53,1.00,-0.04,-0.00,0.00,-0.52,4.95,0.03,10.61,0.00,0,2,1001.29,41.87,109.56,1001.29,40.80,109.22,0.63,1000.63,37.91,114.26,2.77,2.21,95.54,308.94,7902,0.61,1.29,9.59,1.00,0.07,-0.03,0.01,3.40,-7.95,0.58,6,8,7,0,35.2901850,136.2528983,82.60, 0.19
3067336,0.07,-0.81,9.55,1.00,-0.04,-0.00,0.00,-0.52,4.95,0.03,10.59,0.00,0,2,1001.29,41.87,109.57,1001.30,40.79,109.15,0.63,1000.63,37.92,114.22,2.45,2.08,95.36,308.94,7903,0.53,1.38,9.60,1.00,0.07,-0.03,0.01,3.40,-7.95,0.58,6,8,7,0,35.2901850,136.2528983,82.60, 0.19
3067391,0.10,-0.83,9.52,1.00,-0.04,-0.00,0.00,-0.52,4.95,0.03,10.59,0.00,0,2,1001.29,41.86,109.59,1001.29,40.80,109.16,0.63,1000.63,37.93,114.25,3.00,2.30,95.27,308.94,7903,0.44,1.32,9.60,1.00,0.07,-0.03,0.01,3.40,-7.95,0.58,6,8,7,0,35.2901850,136.2528983,82.60, 0.19
3067450,0.12,-0.86,9.57,1.00,-0.04,-0.00,0.00,-0.52,4.95,0.03,10.59,0.00,0,2,1001.29,41.87,109.57,1001.29,40.79,109.17,0.63,1000.63,37.92,114.24,1.58,1.67,95.98,308.94,7903,0.58,1.35,9.56,1.00,0.07,-0.03,0.01,3.40,-7.95,0.58,6,8,7,0,35.2901850,136.2528983,82.60, 0.19
3067503,0.08,-0.84,9.54,1.00,-0.04,-0.00,0.00,-0.52,4.95,0.03,10.59,0.00,0,2,1001.29,41.87,109.56,1001.29,40.80,109.19,0.64,1000.63,37.91,114.26,1.33,1.53,97.21,308.94,7902,0.51,1.34,9.58,1.00,0.07,-0.03,0.01,3.40,-7.95,0.58,6,8,7,0,35.2901850,136.2528983,82.60, 0.19
3067560,0.09,-0.79,9.53,1.00,-0.04,-0.00,0.00,-0.52,4.95,0.03,10.58,0.00,0,2,1001.29,41.87,109.56,1001.29,40.79,109.18,0.63,1000.63,37.91,114.24,0.65,1.07,98.09,308.94,7903,0.55,1.30,9.59,1.00,0.07,-0.03,0.01,3.40,-7.95,0.58,6,8,7,0,35.2901850,136.2528983,82.60, 0.19
3067612,0.10,-0.78,9.50,1.00,-0.04,-0.00,0.00,-0.52,4.95,0.03,10.59,0.00,0,2,1001.29,41.88,109.57,1001.29,40.80,109.17,0.62,1000.63,37.91,114.26,1.60,1.68,98.17,308.94,7903,0.50,1.26,9.56,1.00,0.07,-0.03,0.01,3.40,-7.95,0.58,6,8,7,0,35.2901850,136.2528983,82.60, 0.19
3067670,0.09,-0.83,9.56,1.00,-0.04,-0.00,0.00,-0.52,4.95,0.03,10.61,0.00,0,2,1001.29,41.87,109.61,1001.29,40.79,109.15,0.63,1000.63,37.92,114.24,1.45,1.60,98.44,308.94,7903,0.60,1.21,9.50,1.00,0.07,-0.03,0.01,3.40,-7.95,0.58,6,8,7,0,35.2901850,136.2528983,82.60, 0.19
3067722,0.07,-0.87,9.49,1.00,-0.04,-0.00,0.00,-0.52,4.95,0.03,10.61,0.00,0,2,1001.28,41.87,109.65,1001.29,40.79,109.16,0.63,1000.62,37.92,114.31,1.75,1.76,97.21,308.94,7903,0.57,1.43,9.56,1.00,0.07,-0.03,0.01,3.40,-7.95,0.58,6,8,7,0,35.2901850,136.2528983,82.60, 0.19
3067781,0.08,-0.86,9.56,1.00,-0.04,-0.00,0.00,-0.52,4.95,0.03,10.61,0.00,0,2,1001.29,41.87,109.62,1001.29,40.78,109.18,0.62,1000.62,37.93,114.30,1.30,1.51,94.39,308.94,7902,0.61,1.44,9.58,1.00,0.07,-0.03,0.01,3.40,-7.95,0.58,6,8,7,0,35.2901850,136.2528983,82.60, 0.19
3067833,0.09,-0.83,9.54,1.00,-0.04,-0.00,0.00,-0.52,4.95,0.03,10.63,0.00,0,2,1001.29,41.87,109.58,1001.29,40.78,109.20,0.63,1000.62,37.92,114.33,2.27,2.00,91.23,308.94,7903,0.63,1.51,9.59,1.00,0.07,-0.03,0.01,3.40,-7.95,0.58,6,8,7,0,35.2901850,136.2528983,82.60, 0.15
3067890,0.13,-0.81,9.57,1.00,-0.04,-0.00,0.00,-0.52,4.95,0.03,10.62,0.00,0,2,1001.29,41.88,109.58,1001.30,40.79,109.15,0.63,1000.62,37.92,114.32,2.20,1.97,89.30,308.94,7903,0.57,1.45,9.63,1.00,0.07,-0.03,0.01,3.40,-7.95,0.58,6,8,7,0,35.2901850,136.2528983,82.60, 0.15
3067941,0.09,-0.77,9.53,1.00,-0.04,-0.00,0.00,-0.52,4.95,0.03,10.61,0.00,0,2,1001.29,41.89,109.56,1001.29,40.79,109.17,0.64,1000.62,37.93,114.36,1.63,1.70,88.59,308.94,7903,0.49,1.40,9.59,1.00,0.07,-0.03,0.01,3.40,-7.95,0.58,6,8,8,0,35.2901850,136.2528967,82.60, 0.15
3067999,0.12,-0.79,9.55,1.00,-0.04,-0.00,0.00,-0.52,4.95,0.03,10.61,0.00,0,2,1001.29,41.87,109.61,1001.30,40.79,109.20,0.63,1000.62,37.93,114.32,2.80,2.22,89.21,308.94,7903,0.62,1.18,9.53,1.00,0.07,-0.03,0.01,3.40,-7.95,0.58,6,8,8,0,35.2901850,136.2528967,82.60, 0.15
3068056,0.11,-0.83,9.52,1.00,-0.04,-0.00,0.00,-0.52,4.95,0.03,10.60,0.00,0,2,1001.29,41.89,109.56,1001.29,40.80,109.17,0.63,1000.62,37.92,114.31,1.18,1.44,90.44,308.94,7903,0.63,1.22,9.56,1.00,0.07,-0.03,0.01,3.40,-7.95,0.58,6,8,8,0,35.2901850,136.2528967,82.60, 0.15
3068111,0.08,-0.86,9.49,1.00,-0.04,-0.00,0.00,-0.52,4.95,0.03,10.61,0.00,0,2,1001.29,41.88,109.57,1001.29,40.79,109.21,0.63,1000.63,37.92,114.25,0.95,1.29,90.70,308.94,7902,0.50,1.26,9.52,1.00,0.07,-0.03,0.01,3.40,-7.95,0.58,6,8,8,0,35.2901850,136.2528967,82.60, 0.15
3068167,0.11,-0.86,9.53,1.00,-0.04,-0.00,0.00,-0.52,4.95,0.03,10.61,0.00,0,2,1001.29,41.89,109.59,1001.29,40.79,109.18,0.63,1000.63,37.93,114.23,0.58,1.01,90.70,308.94,7902,0.48,1.18,9.55,1.00,0.07,-0.03,0.01,3.40,-7.95,0.58,6,8,8,0,35.2901850,136.2528967,82.60, 0.15
3068219,0.07,-0.80,9.55,1.00,-0.04,-0.00,0.00,-0.52,4.95,0.03,10.61,0.00,0,2,1001.29,41.89,109.56,1001.29,40.79,109.22,0.64,1000.63,37.91,114.24,0.80,1.19,90.97,308.94,7903,0.66,1.51,9.56,1.00,0.07,-0.03,0.01,3.40,-7.95,0.58,6,8,8,0,35.2901850,136.2528967,82.60, 0.15
3068278,0.07,-0.83,9.52,1.00,-0.04,-0.00,0.00,-0.52,4.95,0.03,10.61,0.00,0,2,1001.29,41.89,109.62,1001.29,40.79,109.16,0.64,1000.63,37.93,114.25,0.58,1.01,90.88,308.94,7903,0.58,1.53,9.62,1.00,0.07,-0.03,0.01,3.40,-7.95,0.58,6,8,8,0,35.2901850,136.2528967,82.60, 0.15
3068332,0.07,-0.77,9.51,1.00,-0.04,-0.00,0.00,-0.52,4.95,0.03,10.60,0.00,0,2,1001.29,41.88,109.60,1001.29,40.79,109.18,0.63,1000.63,37.92,114.24,1.02,1.34,90.79,308.94,7903,0.49,1.35,9.57,1.00,0.07,-0.03,0.01,3.40,-7.95,0.58,6,8,8,0,35.2901850,136.2528967,82.60, 0.15
3068383,0.11,-0.79,9.54,1.00,-0.04,-0.00,0.00,-0.52,4.95,0.03,10.59,0.00,0,2,1001.29,41.89,109.63,1001.29,40.79,109.18,0.63,1000.63,37.93,114.26,1.23,1.48,90.09,308.94,7902,0.62,1.15,9.50,1.00,0.07,-0.03,0.01,3.40,-7.95,0.58,6,8,8,0,35.2901850,136.2528967,82.60, 0.15
3068439,0.11,-0.87,9.57,1.00,-0.04,-0.00,0.00,-0.52,4.95,0.03,10.59,0.00,0,2,1001.29,41.89,109.58,1001.30,40.79,109.20,0.63,1000.62,37.93,114.32,1.18,1.45,89.56,308.94,7903,0.59,1.33,9.56,1.00,0.07,-0.03,0.01,3.40,-7.95,0.58,6,8,8,0,35.2901850,136.2528967,82.60, 0.15
3068498,0.13,-0.89,9.50,1.00,-0.04,-0.00,0.00,-0.52,4.95,0.03,10.60,0.00,0,2,1001.29,41.88,109.61,1001.30,40.80,109.19,0.63,1000.62,37.93,114.28,2.47,2.09,89.30,308.94,7902,0.48,1.21,9.52,1.00,0.07,-0.03,0.01,3.40,-7.95,0.58,6,8,8,0,35.2901850,136.2528967,82.60, 0.15
3068551,0.11,-0.91,9.47,1.00,-0.04,-0.00,0.00,-0.52,4.95,0.03,10.61,0.00,0,2,1001.29,41.90,109.56,1001.29,40.80,109.19,0.63,1000.62,37.92,114.32,2.78,2.22,89.47,308.94,7901,0.57,1.22,9.55,1.00,0.07,-0.03,0.01,3.40,-7.95,0.58,6,8,8,0,35.2901850,136.2528967,82.60, 0.15
3068601,0.08,-0.84,9.55,1.00,-0.04,-0.00,0.00,-0.52,4.95,0.03,10.60,0.00,0,2,1001.30,41.91,109.55,1001.29,40.80,109.19,0.63,1000.62,37.93,114.30,2.97,2.29,91.85,308.94,7902,0.61,1.22,9.51,1.00,0.07,-0.03,0.01,3.40,-7.95,0.58,6,8,8,0,35.2901850,136.2528967,82.60, 0.15
3068658,0.06,-0.81,9.56,1.00,-0.04,-0.00,0.00,-0.52,4.95,0.03,10.60,0.00,0,2,1001.30,41.91,109.55,1001.29,40.79,109.19,0.63,1000.63,37.92,114.24,2.92,2.27,94.83,308.94,7902,0.62,1.48,9.60,1.00,0.07,-0.03,0.01,3.40,-7.95,0.58,6,8,8,0,35.2901850,136.2528967,82.60, 0.15
3068716,0.05,-0.78,9.48,1.00,-0.04,-0.00,0.00,-0.52,4.95,0.03,10.59,0.00,0,2,1001.30,41.91,109.55,1001.29,40.80,109.19,0.63,1000.63,37.91,114.21,2.77,2.21,95.54,308.94,7902,0.60,1.47,9.60,1.00,0.07,-0.03,0.01,3.40,-7.95,0.58,6,8,8,0,35.2901850,136.2528967,82.60, 0.15
3068768,0.09,-0.81,9.54,1.00,-0.04,-0.00,0.00,-0.52,4.95,0.03,10.59,0.00,0,2,1001.29,41.90,109.62,1001.30,40.80,109.17,0.63,1000.63,37.92,114.24,3.42,2.46,95.98,308.94,7902,0.51,1.57,9.67,1.00,0.07,-0.03,0.01,3.40,-7.95,0.58,6,8,8,0,35.2901850,136.2528967,82.60, 0.15
3068825,0.12,-0.83,9.51,1.00,-0.04,-0.00,0.00,-0.52,4.95,0.03,10.60,0.00,0,2,1001.29,41.91,109.60,1001.29,40.79,109.21,0.62,1000.63,37.92,114.27,3.50,2.49,97.12,308.94,7902,0.51,1.59,9.63,1.00,0.07,-0.03,0.01,3.40,-7.95,0.58,6,8,8,0,35.2901850,136.2528967,82.60, 0.05
3068877,0.11,-0.85,9.53,1.00,-0.04,-0.00,0.00,-0.52,4.95,0.03,10.61,0.00,0,2,1001.29,41.89,109.62,1001.29,40.80,109.19,0.63,1000.63,37.93,114.25,1.85,1.81,99.49,308.94,7903,0.58,1.16,9.50,1.00,0.07,-0.03,0.01,3.40,-7.95,0.58,6,8,8,0,35.2901850,136.2528967,82.60, 0.05
3068932,0.06,-0.86,9.53,1.00,-0.04,-0.00,0.00,-0.52,4.95,0.03,10.61,0.00,0,2,1001.29,41.91,109.58,1001.29,40.80,109.19,0.62,1000.63,37.93,114.25,1.62,1.69,101.16,308.94,7902,0.59,1.26,9.55,1.00,0.07,-0.03,0.01,3.40,-7.95,0.58,6,8,8,0,35.2901850,136.2528967,82.60, 0.05
3068988,0.11,-0.84,9.50,1.00,-0.04,-0.00,0.00,-0.52,4.95,0.03,10.61,0.00,0,2,1001.29,41.90,109.62,1001.29,40.80,109.18,0.63,1000.62,37.91,114.35,1.60,1.68,101.78,308.94,7902,0.50,1.22,9.54,1.00,0.07,-0.03,0.01,3.40,-7.95,0.58,6,8,9,0,35.2901850,136.2528933,82.60, 0.05
3069040,0.11,-0.82,9.55,1.00,-0.04,-0.00,0.00,-0.52,4.95,0.03,10.61,0.00,0,2,1001.29,41.91,109.58,1001.29,40.80,109.22,0.63,1000.61,37.92,114.40,0.77,1.16,100.28,308.94,7902,0.55,1.13,9.50,1.00,0.07,-0.03,0.01,3.40,-7.95,0.58,6,8,9,0,35.2901850,136.2528933,82.60, 0.05
3069098,0.09,-0.84,9.51,1.00,-0.04,-0.00,0.00,-0.52,4.95,0.03,10.61,0.00,0,2,1001.29,41.91,109.63,1001.29,40.81,109.18,0.63,1000.61,37.93,114.42,1.17,1.43,98.44,308.94,7903,0.56,1.51,9.63,1.00,0.07,-0.03,0.01,3.40,-7.95,0.58,6,8,9,0,35.2901850,136.2528933,82.60, 0.05
3069154,0.06,-0.86,9.53,1.00,-0.04,-0.00,0.00,-0.52,4.95,0.03,10.61,0.00,0,2,1001.29,41.91,109.58,1001.29,40.80,109.20,0.63,1000.61,37.92,114.39,1.08,1.38,96.94,308.94,7902,0.60,1.50,9.61,1.00,0.07,-0.03,0.01,3.40,-7.95,0.58,6,8,9,0,35.2901850,136.2528933,82.60, 0.05
3069206,0.04,-0.85,9.52,1.00,-0.04,-0.00,0.00,-0.52,4.95,0.03,10.61,0.00,0,2,1001.29,41.92,109.60,1001.29,40.81,109.19,0.63,1000.62,37.92,114.31,1.43,1.59,95.36,308.94,7903,0.61,1.15,9.50,1.00,0.07,-0.03,0.01,3.40,-7.95,0.58,6,8,9,0,35.2901850,136.2528933,82.60, 0.05
3069264,0.09,-0.81,9.51,1.00,-0.04,-0.00,0.00,-0.52,4.95,0.03,10.61,0.00,0,2,1001.29,41.91,109.59,1001.29,40.80,109.20,0.63,1000.62,37.93,114.36,1.32,1.52,94.48,308.94,7902,0.58,1.08,9.51,1.00,0.07,-0.03,0.01,3.40,-7.95,0.58,6,8,9,0,35.2901850,136.2528933,82.60, 0.05
3069317,0.09,-0.84,9.54,1.00,-0.04,-0.00,0.00,-0.52,4.95,0.03,10.61,0.00,0,2,1001.29,41.91,109.57,1001.29,40.81,109.18,0.63,1000.62,37.92,114.29,1.83,1.80,94.39,308.94,7903,0.56,1.25,9.56,1.00,0.07,-0.03,0.01,3.40,-7.95,0.58,6,8,9,0,35.2901850,136.2528933,82.60, 0.05
3069374,0.11,-0.87,9.55,1.00,-0.04,-0.00,0.00,-0.52,4.95,0.03,10.61,0.00,0,2,1001.29,41.93,109.57,1001.29,40.80,109.19,0.62,1000.62,37.92,114.31,1.32,1.52,94.48,308.94,7902,0.53,1.26,9.54,1.00,0.07,-0.03,0.01,3.40,-7.95,0.58,6,8,9,0,35.2901850,136.2528933,82.60, 0.05
3069426,0.11,-0.85,9.54,1.00,-0.04,-0.00,0.00,-0.52,4.95,0.03,10.60,0.00,0,2,1001.29,41.91,109.57,1001.29,40.80,109.19,0.63,1000.63,37.90,114.25,2.02,1.89,94.92,308.94,7903,0.53,1.30,9.57,1.00,0.07,-0.03,0.01,3.40,-7.95,0.58,6,8,9,0,35.2901850,136.2528933,82.60, 0.05
3069478,0.09,-0.78,9.49,1.00,-0.04,-0.00,0.00,-0.52,4.95,0.03,10.58,0.00,0,2,1001.29,41.92,109.56,1001.29,40.80,109.20,0.63,1000.63,37.91,114.27,1.42,1.58,94.83,308.94,7902,0.61,1.31,9.57,1.00,0.07,-0.03,0.01,3.40,-7.95,0.58,6,8,9,0,35.2901850,136.2528933,82.60, 0.05
3069536,0.08,-0.79,9.51,1.00,-0.04,-0.00,0.00,-0.52,4.95,0.03,10.58,0.00,0,2,1001.29,41.91,109.60,1001.29,40.80,109.19,0.63,1000.62,37.91,114.30,1.82,1.79,94.57,308.94,7902,0.56,1.45,9.63,1.00,0.07,-0.03,0.01,3.40,-7.95,0.58,6,8,9,0,35.2901850,136.2528933,82.60, 0.05
3069593,0.09,-0.78,9.53,1.00,-0.04,-0.00,0.00,-0.52,4.95,0.03,10.59,0.00,0,2,1001.29,41.91,109.58,1001.29,40.80,109.21,0.64,1000.62,37.92,114.29,2.23,1.99,94.04,308.94,7903,0.55,1.47,9.59,1.00,0.07,-0.03,0.01,3.40,-7.95,0.58,6,8,9,0,35.2901850,136.2528933,82.60, 0.05
3069646,0.08,-0.81,9.54,1.00,-0.04,-0.00,0.00,-0.52,4.95,0.03,10.60,0.00,0,2,1001.29,41.91,109.56,1001.30,40.80,109.15,0.64,1000.62,37.91,114.30,2.13,1.94,94.48,308.94,7903,0.65,1.19,9.52,1.00,0.07,-0.03,0.01,3.40,-7.95,0.58,6,8,9,0,35.2901850,136.2528933,82.60, 0.05
3069700,0.10,-0.84,9.55,1.00,-0.04,-0.00,0.00,-0.52,4.95,0.03,10.60,0.00,0,2,1001.29,41.91,109.62,1001.29,40.81,109.20,0.63,1000.63,37.93,114.28,1.68,1.72,95.54,308.94,7902,0.57,1.18,9.49,1.00,0.07,-0.03,0.01,3.40,-7.95,0.58,6,8,9,0,35.2901850,136.2528933,82.60, 0.05
3069755,0.06,-0.87,9.50,1.00,-0.04,-0.00,0.00,-0.52,4.95,0.03,10.60,0.00,0,2,1001.29,41.90,109.61,1001.29,40.81,109.19,0.63,1000.63,37.92,114.28,2.62,2.15,95.27,308.94,7903,0.52,1.20,9.54,1.00,0.07,-0.03,0.01,3.40,-7.95,0.58,6,8,9,0,35.2901850,136.2528933,82.60, 0.05
3069814,0.10,-0.82,9.49,1.00,-0.04,-0.00,0.00,-0.52,4.95,0.03,10.59,0.00,0,2,1001.30,41.93,109.54,1001.29,40.81,109.18,0.63,1000.62,37.94,114.29,1.87,1.81,95.19,308.94,7902,0.50,1.16,9.52,1.00,0.07,-0.03,0.01,3.40,-7.95,0.58,6,8,9,0,35.2901850,136.2528933,82.60, 0.08
3069866,0.11,-0.84,9.56,1.00,-0.04,-0.00,0.00,-0.52,4.95,0.03,10.59,0.00,0,2,1001.29,41.91,109.60,1001.29,40.81,109.20,0.63,1000.63,37.93,114.21,1.05,1.36,94.83,308.94,7902,0.46,1.31,9.58,1.00,0.07,-0.03,0.01,3.40,-7.95,0.58,6,8,9,0,35.2901850,136.2528933,82.60, 0.08
3069917,0.12,-0.79,9.50,1.00,-0.04,-0.00,0.00,-0.52,4.95,0.03,10.59,0.00,0,2,1001.29,41.92,109.58,1001.29,40.80,109.19,0.63,1000.63,37.92,114.26,1.40,1.57,94.83,308.94,7903,0.48,1.41,9.58,1.00,0.07,-0.03,0.01,3.40,-7.95,0.58,6,8,10,0,35.2901867,136.2528950,82.60, 0.08
3069974,0.07,-0.87,9.53,1.00,-0.04,-0.00,0.00,-0.52,4.95,0.03,10.60,0.00,0,2,1001.29,41.91,109.60,1001.29,40.80,109.17,0.63,1000.63,37.94,114.26,0.90,1.26,95.27,308.94,7902,0.52,1.44,9.54,1.00,0.07,-0.03,0.01,3.40,-7.95,0.58,6,8,10,0,35.2901867,136.2528950,82.60, 0.08
3070028,0.12,-0.88,9.56,1.00,-0.04,-0.00,0.00,-0.52,4.95,0.03,10.59,0.00,0,2,1001.29,41.91,109.58,1001.30,40.80,109.17,0.63,1000.63,37.93,114.25,0.98,1.32,94.92,308.94,7902,0.60,1.51,9.56,1.00,0.07,-0.03,0.01,3.40,-7.95,0.58,6,8,10,0,35.2901867,136.2528950,82.60, 0.08
3070084,0.06,-0.87,9.54,1.00,-0.04,-0.00,0.00,-0.52,4.95,0.03,10.59,0.00,0,2,1001.29,41.91,109.60,1001.29,40.80,109.19,0.63,1000.62,37.93,114.29,1.75,1.76,94.92,308.94,7903,0.56,1.23,9.53,1.00,0.07,-0.03,0.01,3.40,-7.95,0.58,6,8,10,0,35.2901867,136.2528950,82.60, 0.08
3070135,0.08,-0.78,9.50,1.00,-0.04,-0.00,0.00,-0.52,4.95,0.03,10.59,0.00,0,2,1001.29,41.91,109.57,1001.29,40.81,109.20,0.65,1000.63,37.92,114.28,0.92,1.27,96.06,308.94,7902,0.56,1.15,9.51,1.00,0.07,-0.03,0.01,3.40,-7.95,0.58,6,8,10,0,35.2901867,136.2528950,82.60, 0.08
3070192,0.10,-0.82,9.59,1.00,-0.04,-0.00,0.00,-0.52,4.95,0.03,10.58,0.00,0,2,1001.29,41.91,109.57,1001.29,40.80,109.17,0.64,1000.63,37.92,114.24,1.03,1.35,96.94,308.94,7902,0.56,1.29,9.57,1.00,0.07,-0.03,0.01,3.40,-7.95,0.58,6,8,10,0,35.2901867,136.2528950,82.60, 0.08
3070245,0.07,-0.83,9.54,1.00,-0.04,-0.00,0.00,-0.52,4.95,0.03,10.58,0.00,0,2,1001.29,41.92,109.58,1001.29,40.80,109.20,0.65,1000.63,37.92,114.22,1.62,1.69,100.28,308.94,7903,0.56,1.35,9.56,1.00,0.07,-0.03,0.01,3.40,-7.95,0.58,6,8,10,0,35.2901867,136.2528950,82.60, 0.08
3070302,0.09,-0.82,9.49,1.00,-0.04,-0.00,0.00,-0.52,4.95,0.03,10.59,0.00,0,2,1001.29,41.91,109.60,1001.29,40.81,109.20,0.63,1000.63,37.93,114.25,2.03,1.89,102.57,308.94,7903,0.60,1.35,9.59,1.00,0.07,-0.03,0.01,3.40,-7.95,0.58,6,8,10,0,35.2901867,136.2528950,82.60, 0.08
3070354,0.11,-0.80,9.54,1.00,-0.04,-0.00,0.00,-0.52,4.95,0.03,10.59,0.00,0,2,1001.29,41.91,109.57,1001.29,40.81,109.18,0.64,1000.62,37.92,114.29,1.40,1.57,104.24,308.94,7903,0.58,1.43,9.62,1.00,0.07,-0.03,0.01,3.40,-7.95,0.58,6,8,10,0,35.2901867,136.2528950,82.60, 0.08
3070412,0.12,-0.85,9.53,1.00,-0.04,-0.00,0.00,-0.52,4.95,0.03,10.58,0.00,0,2,1001.29,41.91,109.57,1001.29,40.81,109.18,0.62,1000.63,37.93,114.25,2.38,2.05,104.68,308.94,7902,0.54,1.49,9.58,1.00,0.07,-0.03,0.01,3.40,-7.95,0.58,6,8,10,0,35.2901867,136.2528950,82.60, 0.08
3070463,0.10,-0.88,9.51,1.00,-0.04,-0.00,0.00,-0.52,4.95,0.03,10.58,0.00,0,2,1001.29,41.91,109.58,1001.30,40.81,109.23,0.63,1000.63,37.92,114.27,2.50,2.10,105.21,308.94,7902,0.60,1.36,9.54,1.00,0.07,-0.03,0.01,3.40,-7.95,0.58,6,8,10,0,35.2901867,136.2528950,82.60, 0.08
3070520,0.11,-0.82,9.56,1.00,-0.04,-0.00,0.00,-0.52,4.95,0.03,10.60,0.00,0,2,1001.29,41.90,109.61,1001.29,40.80,109.19,0.63,1000.62,37.92,114.31,2.62,2.15,103.97,308.94,7902,0.57,1.29,9.53,1.00,0.07,-0.03,0.01,3.40,-7.95,0.58,6,8,10,0,35.2901867,136.2528950,82.60, 0.08
3070572,0.11,-0.77,9.54,1.00,-0.04,-0.00,0.00,-0.52,4.95,0.03,10.61,0.00,0,2,1001.29,41.91,109.60,1001.29,40.80,109.20,0.63,1000.62,37.92,114.31,2.45,2.08,102.74,308.94,7903,0.53,1.24,9.55,1.00,0.07,-0.03,0.01,3.40,-7.95,0.58,6,8,10,0,35.2901867,136.2528950,82.60, 0.08
3070627,0.14,-0.82,9.52,1.00,-0.04,-0.00,0.00,-0.52,4.95,0.03,10.62,0.00,0,2,1001.29,41.92,109.63,1001.29,40.81,109.18,0.63,1000.62,37.93,114.32,0.48,0.92,101.69,308.94,7902,0.47,1.30,9.57,1.00,0.07,-0.03,0.01,3.40,-7.95,0.58,6,8,10,0,35.2901867,136.2528950,82.60, 0.08
3070683,0.12,-0.86,9.51,1.00,-0.04,-0.00,0.00,-0.52,4.95,0.03,10.63,0.00,0,2,1001.29,41.90,109.64,1001.29,40.80,109.25,0.64,1000.61,37.93,114.38,1.83,1.80,100.72,308.94,7903,0.56,1.38,9.59,1.00,0.07,-0.03,0.01,3.40,-7.95,0.58,6,8,10,0,35.2901867,136.2528950,82.60, 0.08
3070735,0.22,-0.90,9.54,1.00,-0.04,-0.00,0.00,-0.52,4.95,0.03,10.64,0.00,0,2,1001.29,41.90,109.60,1001.29,40.81,109.20,0.62,1000.62,37.92,114.32,1.55,1.65,99.84,308.94,7903,0.41,1.54,9.64,1.00,0.07,-0.03,0.01,3.40,-7.95,0.58,6,8,10,0,35.2901867,136.2528950,82.60, 0.08
3070792,0.03,-0.87,9.55,1.00,-0.04,-0.00,0.00,-0.52,4.95,0.03,10.64,0.00,0,2,1001.29,41.91,109.63,1001.29,40.80,109.19,0.63,1000.62,37.92,114.36,0.98,1.32,98.88,308.94,7902,0.50,1.28,9.51,1.00,0.07,-0.03,0.01,3.40,-7.95,0.58,6,8,10,0,35.2901867,136.2528950,82.60, 0.08
3070848,0.02,-0.82,9.46,1.00,-0.04,-0.00,0.00,-0.52,4.95,0.03,10.63,0.00,0,2,1001.29,41.92,109.61,1001.29,40.81,109.21,0.63,1000.62,37.93,114.35,0.88,1.25,98.35,308.94,7903,0.58,1.34,9.58,1.00,0.07,-0.03,0.01,3.40,-7.95,0.58,6,8,10,0,35.2901867,136.2528950,82.60, 0.08
3070903,0.15,-0.79,9.50,1.00,-0.04,-0.00,0.00,-0.52,4.95,0.03,10.63,0.00,0,2,1001.29,41.91,109.58,1001.29,40.80,109.22,0.63,1000.62,37.92,114.32,0.92,1.27,98.35,308.94,7902,0.59,1.36,9.52,1.00,0.07,-0.03,0.01,3.40,-7.95,0.58,6,8,11,0,35.2901850,136.2528933,82.60, 0.08
3070959,0.15,-0.81,9.55,1.00,-0.04,-0.00,0.00,-0.52,4.95,0.03,10.62,0.00,0,2,1001.29,41.92,109.60,1001.29,40.82,109.17,0.63,1000.62,37.92,114.33,0.65,1.07,97.82,308.94,7902,0.51,1.37,9.61,1.00,0.07,-0.03,0.01,3.40,-7.95,0.58,6,8,11,0,35.2901850,136.2528933,82.60, 0.08
3071013,0.11,-0.83,9.50,1.00,-0.04,-0.00,0.00,-0.52,4.95,0.03,10.61,0.00,0,2,1001.29,41.91,109.61,1001.30,40.82,109.17,0.63,1000.62,37.93,114.32,0.73,1.14,97.73,308.94,7903,0.61,1.26,9.51,1.00,0.07,-0.03,0.01,3.40,-7.95,0.58,6,8,11,0,35.2901850,136.2528933,82.60, 0.08
3071071,0.10,-0.87,9.56,1.00,-0.04,-0.00,0.00,-0.52,4.95,0.03,10.62,0.00,0,2,1001.29,41.90,109.62,1001.30,40.82,109.16,0.64,1000.62,37.93,114.33,0.73,1.14,97.73,308.94,7902,0.16,1.58,9.60,1.00,0.07,-0.03,0.01,3.40,-7.94,0.60,6,8,11,0,35.2901850,136.2528933,82.60, 0.08
3071122,0.00,-0.88,9.44,1.00,-0.04,-0.00,0.00,-0.52,4.95,0.03,10.62,0.00,0,2,1001.29,41.92,109.61,1001.29,40.81,109.19,0.63,1000.62,37.93,114.34,1.12,1.40,97.65,308.94,7903,0.26,1.46,9.63,1.00,0.07,-0.03,0.01,3.41,-7.94,0.60,6,8,11,0,35.2901850,136.2528933,82.60, 0.08
3071180,0.08,-0.72,9.72,1.00,-0.04,-0.00,0.00,-0.52,4.95,0.03,10.62,0.00,0,2,1001.29,41.90,109.61,1001.29,40.82,109.20,0.64,1000.62,37.92,114.31,2.03,1.89,97.65,308.94,7903,0.67,1.30,9.56,1.00,0.07,-0.03,0.01,3.41,-7.94,0.60,6,8,11,0,35.2901850,136.2528933,82.60, 0.08
3071233,0.03,-0.77,9.51,1.00,-0.04,-0.00,0.00,-0.52,4.95,0.03,10.61,0.00,0,2,1001.29,41.90,109.56,1001.29,40.81,109.20,0.63,1000.62,37.91,114.28,1.27,1.49,97.65,308.94,7903,0.35,1.41,9.58,1.00,0.07,-0.03,0.01,3.41,-7.94,0.60,6,8,11,0,35.2901850,136.2528933,82.60, 0.08
3071292,0.03,-0.79,9.57,1.00,-0.04,-0.00,0.00,-0.52,4.95,0.03,10.61,0.00,0,2,1001.29,41.90,109.63,1001.29,40.81,109.20,0.63,1000.63,37.92,114.26,1.03,1.35,97.73,308.94,7902,0.42,1.21,9.53,1.00,0.07,-0.03,0.01,3.41,-7.94,0.60,6,8,11,0,35.2901850,136.2528933,82.60, 0.08
3071348,0.10,-0.85,9.48,1.00,-0.04,-0.00,0.00,-0.52,4.95,0.03,10.60,0.00,0,2,1001.29,41.91,109.59,1001.29,40.81,109.20,0.63,1000.63,37.92,114.27,0.30,0.73,99.14,308.94,7903,0.49,1.30,9.58,1.00,0.07,-0.03,0.01,3.42,-7.95,0.61,6,8,11,0,35.2901850,136.2528933,82.60, 0.08
3071400,0.10,-0.81,9.50,1.00,-0.04,-0.00,0.00,-0.52,4.95,0.03,10.60,0.00,0,2,1001.29,41.90,109.62,1001.30,40.81,109.16,0.63,1000.63,37.91,114.24,0.35,0.79,101.25,308.94,7902,0.61,1.32,9.54,1.00,0.07,-0.03,0.01,3.42,-7.95,0.61,6,8,11,0,35.2901850,136.2528933,82.60, 0.08
3071458,0.05,-0.83,9.56,1.00,-0.04,-0.00,0.00,-0.52,4.95,0.03,10.60,0.00,0,2,1001.29,41.90,109.60,1001.29,40.82,109.21,0.62,1000.63,37.93,114.21,0.12,0.45,100.63,308.94,7903,0.36,1.32,9.61,1.00,0.07,-0.03,0.01,3.43,-7.95,0.62,6,8,11,0,35.2901850,136.2528933,82.60, 0.08
3071509,0.06,-0.81,9.50,1.00,-0.04,-0.00,0.00,-0.52,4.95,0.03,10.60,0.00,0,2,1001.29,41.91,109.61,1001.29,40.81,109.23,0.63,1000.63,37.93,114.25,0.03,0.24,99.93,308.94,7902,0.39,1.52,9.62,1.00,0.07,-0.03,0.01,3.43,-7.94,0.63,6,8,11,0,35.2901850,136.2528933,82.60, 0.08
3071563,0.07,-0.80,9.53,1.00,-0.04,-0.00,0.00,-0.52,4.95,0.03,10.60,0.00,0,2,1001.29,41.91,109.60,1001.29,40.82,109.23,0.62,1000.62,37.93,114.33,0.73,1.14,98.61,308.94,7903,0.67,1.09,9.52,1.00,0.07,-0.03,0.01,3.43,-7.94,0.63,6,8,11,0,35.2901850,136.2528933,82.60, 0.08
3071619,0.07,-0.86,9.54,1.00,-0.04,-0.00,0.00,-0.52,4.95,0.03,10.60,0.00,0,2,1001.29,41.91,109.59,1001.30,40.81,109.16,0.63,1000.63,37.92,114.27,0.70,1.11,97.91,308.94,7903,0.50,1.15,9.49,1.00,0.07,-0.03,0.01,3.43,-7.94,0.62,6,8,11,0,35.2901850,136.2528933,82.60, 0.08
3071671,0.10,-0.82,9.55,1.00,-0.04,-0.00,0.00,-0.52,4.95,0.03,10.61,0.00,0,2,1001.29,41.91,109.60,1001.29,40.81,109.21,0.63,1000.63,37.92,114.28,0.33,0.77,97.91,308.94,7903,0.39,1.43,9.61,1.00,0.07,-0.03,0.01,3.42,-7.95,0.62,6,8,11,0,35.2901850,136.2528933,82.60, 0.08
3071728,0.09,-0.78,9.48,1.00,-0.04,-0.00,0.00,-0.52,4.95,0.03,10.58,0.00,0,2,1001.29,41.92,109.58,1001.29,40.80,109.18,0.63,1000.63,37.92,114.22,0.67,1.08,97.91,308.94,7903,0.45,1.20,9.52,1.00,0.07,-0.03,0.01,3.42,-7.95,0.62,6,8,11,0,35.2901850,136.2528933,82.60, 0.08
3071781,0.10,-0.84,9.51,1.00,-0.04,-0.00,0.00,-0.52,4.95,0.03,10.59,0.00,0,2,1001.29,41.92,109.61,1001.29,40.82,109.23,0.63,1000.63,37.93,114.25,0.35,0.79,97.82,308.94,7902,0.44,1.62,9.64,1.00,0.07,-0.03,0.01,3.42,-7.95,0.62,6,8,11,0,35.2901850,136.2528933,82.60, 0.17
3071838,0.09,-0.69,9.51,1.00,-0.04,-0.00,0.00,-0.52,4.95,0.03,10.58,0.00,0,2,1001.29,41.94,109.59,1001.29,40.82,109.21,0.62,1000.63,37.93,114.21,0.23,0.64,97.29,308.94,7903,0.42,1.50,9.72,1.00,0.07,-0.03,0.01,3.42,-7.97,0.62,6,8,11,0,35.2901850,136.2528933,82.60, 0.17
3071890,0.02,-0.69,9.39,1.00,-0.04,-0.00,0.00,-0.52,4.95,0.03,10.58,0.00,0,2,1001.29,41.91,109.58,1001.29,40.82,109.19,0.63,1000.63,37.93,114.21,0.30,0.73,97.29,308.94,7903,0.48,1.39,9.62,1.00,0.07,-0.03,0.01,3.42,-7.96,0.62,6,8,11,0,35.2901850,136.2528933,82.60, 0.17
3071946,0.16,-0.83,9.63,1.00,-0.04,-0.00,0.00,-0.52,4.95,0.03,10.57,0.00,0,2,1001.29,41.91,109.58,1001.29,40.81,109.20,0.63,1000.63,37.93,114.25,1.38,1.56,97.47,308.94,7903,0.63,1.66,9.62,1.00,0.07,-0.03,0.01,3.41,-7.97,0.62,6,8,11,0,35.2901850,136.2528933,82.60, 0.17
3071999,0.05,-0.94,9.57,1.00,-0.04,-0.00,0.00,-0.52,4.95,0.03,10.57,0.00,0,2,1001.30,41.94,109.55,1001.29,40.81,109.23,0.63,1000.63,37.92,114.24,1.90,1.83,98.53,308.94,7902,0.78,1.65,9.52,1.00,0.07,-0.03,0.01,3.41,-7.97,0.61,6,8,11,0,35.2901850,136.2528933,82.60, 0.17
3072057,0.00,-0.96,9.49,1.00,-0.04,-0.00,0.00,-0.52,4.95,0.03,10.57,0.00,0,2,1001.29,41.93,109.57,1001.29,40.81,109.20,0.63,1000.63,37.93,114.22,1.48,1.62,100.72,308.94,7903,0.45,1.42,9.54,1.00,0.07,-0.03,0.01,3.42,-7.99,0.61,6,8,11,0,35.2901850,136.2528933,82.60, 0.17
3072110,0.04,-0.90,9.59,1.00,-0.04,-0.00,0.00,-0.52,4.95,0.03,10.57,0.00,0,2,1001.29,41.93,109.62,1001.29,40.81,109.18,0.64,1000.63,37.93,114.21,1.32,1.52,101.87,308.94,7902,0.64,1.30,9.52,1.00,0.07,-0.03,0.01,3.43,-8.01,0.61,6,8,11,0,35.2901850,136.2528933,82.60, 0.17
3072166,0.23,-0.56,9.45,1.00,-0.04,-0.00,0.00,-0.52,4.95,0.03,10.58,0.00,0,2,1001.29,41.94,109.58,1001.29,40.82,109.19,0.63,1000.62,37.92,114.29,2.22,1.98,103.71,308.94,7902,0.17,0.88,9.40,1.00,0.07,-0.03,0.01,3.42,-8.01,0.62,6,8,11,0,35.2901850,136.2528933,82.60, 0.17
3072217,0.12,-0.76,9.45,1.00,-0.04,-0.00,0.00,-0.52,4.95,0.03,10.58,0.00,0,2,1001.30,41.94,109.56,1001.29,40.82,109.20,0.63,1000.62,37.93,114.30,2.22,1.98,103.36,308.94,7903,1.00,1.67,9.71,1.00,0.07,-0.03,0.01,3.42,-8.04,0.62,6,8,11,0,35.2901850,136.2528933,82.60, 0.17
3072272,-0.31,-0.78,9.61,1.00,-0.04,-0.00,0.00,-0.54,4.95,0.03,10.60,0.00,0,2,1001.29,41.94,109.58,1001.29,40.82,109.18,0.63,1000.63,37.93,114.25,2.87,2.25,100.55,308.94,7903,-0.53,1.67,9.64,1.00,0.07,-0.03,0.01,3.42,-8.01,0.63,6,8,11,0,35.2901850,136.2528933,82.60, 0.17
3072328,0.03,-0.83,9.55,1.00,-0.04,-0.00,0.00,-0.54,4.95,0.03,10.60,0.00,0,2,1001.30,41.93,109.55,1001.29,40.81,109.21,0.63,1000.62,37.93,114.29,3.40,2.45,98.44,308.94,7902,0.11,1.05,9.51,1.00,0.07,-0.03,0.01,3.40,-8.00,0.61,6,8,11,0,35.2901850,136.2528933,82.60, 0.17
3072384,0.10,-0.86,9.70,1.00,-0.04,-0.00,0.00,-0.55,4.94,0.03,10.59,0.00,0,2,1001.30,41.94,109.55,1001.29,40.80,109.22,0.63,1000.63,37.93,114.25,2.92,2.27,95.54,308.94,7902,1.24,1.43,9.50,1.00,0.07,-0.03,0.01,3.40,-8.01,0.60,6,8,11,0,35.2901850,136.2528933,82.60, 0.17
3072437,0.07,-0.82,9.59,1.00,-0.04,-0.00,0.00,-0.54,4.95,0.03,10.59,0.00,0,2,1001.29,41.94,109.57,1001.29,40.81,109.20,0.63,1000.63,37.93,114.21,2.80,2.22,96.94,308.94,7903,-0.16,0.77,9.38,1.00,0.07,-0.03,0.01,3.40,-8.01,0.61,6,8,11,0,35.2901850,136.2528933,82.60, 0.17
3072495,-0.02,-0.86,9.58,1.00,-0.04,-0.00,0.00,-0.54,4.95,0.03,10.58,0.00,0,2,1001.30,41.94,109.56,1001.29,40.82,109.23,0.63,1000.63,37.92,114.22,2.82,2.23,96.42,308.94,7903,0.79,0.75,9.41,1.00,0.07,-0.03,0.01,3.40,-8.02,0.60,6,8,11,0,35.2901850,136.2528933,82.60, 0.17
3072549,0.04,-0.80,9.49,1.00,-0.04,-0.00,0.00,-0.54,4.95,0.03,10.59,0.00,0,2,1001.29,41.94,109.60,1001.29,40.82,109.23,0.63,1000.62,37.93,114.28,2.60,2.14,98.53,308.94,7901,1.13,1.31,9.54,1.00,0.07,-0.03,0.01,3.39,-8.01,0.58,6,8,11,0,35.2901850,136.2528933,82.60, 0.17
3072605,0.11,-0.76,9.49,1.00,-0.04,-0.00,0.00,-0.54,4.95,0.03,10.60,0.00,0,2,1001.29,41.94,109.60,1001.29,40.82,109.23,0.63,1000.63,37.92,114.27,2.40,2.06,100.37,308.94,7902,0.95,1.28,9.58,1.00,0.07,-0.03,0.01,3.37,-8.02,0.58,6,8,11,0,35.2901850,136.2528933,82.60, 0.17
3072657,0.32,-0.70,9.67,1.00,-0.04,-0.01,0.00,-0.57,4.93,0.03,10.61,0.00,0,2,1001.29,41.96,109.60,1001.29,40.82,109.20,0.63,1000.62,37.94,114.29,3.12,2.35,103.36,308.85,7903,0.48,1.34,9.61,1.00,0.07,-0.03,0.01,3.36,-7.99,0.60,6,8,11,0,35.2901850,136.2528933,82.60, 0.17
3072715,0.10,-0.79,9.59,1.00,-0.04,-0.01,0.00,-0.59,4.92,0.03,10.61,0.00,0,2,1001.29,41.94,109.58,1001.29,40.82,109.20,0.62,1000.62,37.91,114.33,2.27,2.00,106.35,308.85,7902,0.31,0.81,9.54,1.00,0.07,-0.03,0.01,3.35,-7.98,0.59,6,8,11,0,35.2901850,136.2528933,82.60, 0.17
3072768,0.02,-0.86,9.45,1.00,-0.04,-0.01,0.00,-0.59,4.92,0.03,10.62,0.00,0,2,1001.29,41.94,109.63,1001.29,40.81,109.23,0.63,1000.62,37.92,114.34,1.77,1.77,106.70,308.85,7902,1.25,1.33,9.48,1.00,0.07,-0.03,0.01,3.35,-7.97,0.59,6,8,12,0,35.2901867,136.2528933,82.60, 0.10
3072820,0.07,-0.84,9.69,1.00,-0.04,-0.01,0.00,-0.58,4.93,0.03,10.62,0.00,0,2,1001.29,41.94,109.61,1001.29,40.82,109.23,0.63,1000.61,37.93,114.38,1.97,1.86,106.08,308.85,7903,0.75,0.93,9.37,1.00,0.07,-0.03,0.01,3.35,-7.96,0.59,6,8,12,0,35.2901867,136.2528933,82.60, 0.10
3072874,0.11,-0.87,9.47,1.00,-0.04,-0.01,0.00,-0.58,4.92,0.03,10.62,0.00,0,2,1001.29,41.95,109.60,1001.29,40.82,109.19,0.63,1000.61,37.92,114.40,3.12,2.35,104.85,308.85,7903,0.08,1.76,9.66,1.00,0.07,-0.03,0.01,3.35,-7.95,0.59,6,8,12,0,35.2901867,136.2528933,82.60, 0.10
3072932,0.22,-0.75,9.43,1.00,-0.04,-0.01,0.00,-0.58,4.92,0.03,10.61,0.00,0,2,1001.29,41.94,109.58,1001.29,40.82,109.22,0.62,1000.62,37.91,114.33,1.05,1.36,104.06,308.85,7903,1.05,1.35,9.59,1.00,0.07,-0.03,0.01,3.36,-7.95,0.59,6,8,12,0,35.2901867,136.2528933,82.60, 0.10
3072986,0.33,-0.78,9.77,1.00,-0.04,-0.01,0.00,-0.61,4.92,0.03,10.61,0.00,0,2,1001.29,41.94,109.58,1001.29,40.82,109.21,0.62,1000.62,37.92,114.31,2.48,2.09,103.27,308.85,7902,0.13,1.48,9.73,1.00,0.07,-0.03,0.01,3.34,-7.94,0.60,6,8,13,0,35.2901850,136.2528933,82.60, 0.10
3073042,0.40,-0.71,9.12,1.00,-0.04,-0.01,0.00,-0.64,4.90,0.03,10.60,0.00,0,2,1001.29,41.95,109.57,1001.29,40.82,109.19,0.62,1000.62,37.92,114.29,3.23,2.39,103.97,308.85,7903,0.32,1.58,9.49,1.00,0.07,-0.03,0.01,3.34,-7.94,0.60,6,8,13,0,35.2901850,136.2528933,82.60, 0.10
3073094,0.05,-0.79,9.60,1.00,-0.04,-0.01,0.00,-0.64,4.90,0.03,10.59,0.00,0,2,1001.30,41.95,109.57,1001.29,40.82,109.21,0.62,1000.63,37.92,114.25,3.32,2.42,103.71,308.85,7903,0.53,1.33,9.61,1.00,0.07,-0.03,0.01,3.34,-7.94,0.61,6,8,13,0,35.2901850,136.2528933,82.60, 0.10
3073153,0.08,-0.90,9.64,1.00,-0.04,-0.01,0.00,-0.62,4.90,0.03,10.59,0.00,0,2,1001.30,41.96,109.55,1001.29,40.83,109.21,0.62,1000.62,37.94,114.30,3.17,2.36,103.62,308.76,7902,0.38,1.52,9.64,1.00,0.07,-0.03,0.01,3.33,-7.92,0.61,6,8,13,0,35.2901850,136.2528933,82.60, 0.10
3073204,0.13,-0.84,9.43,1.00,-0.04,-0.01,-0.00,-0.69,4.88,0.02,10.60,0.00,0,2,1001.29,41.94,109.63,1001.29,40.84,109.21,0.62,1000.62,37.93,114.29,3.78,2.58,102.66,308.85,7902,1.23,1.01,9.43,1.00,0.07,-0.03,0.01,3.25,-7.80,0.59,6,8,13,0,35.2901850,136.2528933,82.60, 0.10
3073262,0.08,-0.76,9.63,1.00,-0.04,-0.01,-0.00,-0.76,4.81,0.01,10.60,0.00,0,2,1001.29,41.94,109.58,1001.29,40.84,109.20,0.62,1000.63,37.93,114.26,2.95,2.28,99.49,308.85,7902,0.03,1.18,9.58,1.00,0.07,-0.03,0.01,3.22,-7.74,0.60,6,8,13,0,35.2901850,136.2528933,82.60, 0.10
3073314,0.13,-0.78,9.25,1.00,-0.04,-0.01,-0.00,-0.88,4.72,0.02,10.60,0.00,0,2,1001.29,41.95,109.60,1001.30,40.84,109.16,0.62,1000.63,37.93,114.25,3.10,2.34,95.62,308.94,7902,-0.42,1.17,9.61,1.00,0.07,-0.03,0.01,3.15,-7.61,0.60,6,8,13,0,35.2901850,136.2528933,82.60, 0.10
3073367,0.28,-0.67,9.38,1.00,-0.04,-0.01,-0.00,-1.00,4.58,-0.00,10.59,0.00,0,2,1001.29,41.95,109.59,1001.29,40.82,109.21,0.63,1000.63,37.93,114.25,3.07,2.33,94.92,309.11,7903,0.79,1.02,9.79,1.00,0.06,-0.03,0.01,3.02,-7.39,0.57,6,8,13,0,35.2901850,136.2528933,82.60, 0.10
3073424,0.20,-0.51,9.81,1.00,-0.04,-0.01,-0.00,-1.08,4.34,-0.07,10.59,0.00,0,2,1001.29,41.95,109.59,1001.29,40.83,109.23,0.63,1000.63,37.92,114.27,2.25,1.99,96.15,309.29,7903,-0.47,1.52,10.12,1.00,0.06,-0.03,0.01,3.01,-7.29,0.55,6,8,13,0,35.2901850,136.2528933,82.60, 0.10
3073477,0.02,-0.54,9.40,1.00,-0.04,-0.01,-0.00,-1.06,4.08,-0.13,10.60,0.00,0,2,1001.29,41.95,109.60,1001.29,40.83,109.18,0.62,1000.62,37.93,114.29,2.42,2.07,96.77,309.29,7903,0.65,0.60,9.28,1.00,0.06,-0.03,0.01,3.04,-6.96,0.47,6,8,13,0,35.2901850,136.2528933,82.60, 0.10
3073534,0.14,-0.56,9.41,1.00,-0.03,-0.01,-0.00,-1.06,3.90,-0.13,10.60,0.00,0,2,1001.29,41.95,109.59,1001.29,40.84,109.23,0.63,1000.63,37.94,114.26,1.77,1.77,98.79,309.38,7903,1.09,0.75,9.26,1.00,0.06,-0.03,0.01,3.07,-6.83,0.44,6,8,13,0,35.2901850,136.2528933,82.60, 0.10
3073592,0.15,-0.44,9.62,1.00,-0.03,-0.01,-0.00,-1.06,3.83,-0.13,10.60,0.00,0,2,1001.29,41.95,109.58,1001.29,40.82,109.24,0.64,1000.63,37.93,114.25,2.63,2.16,99.67,309.64,7903,1.17,0.30,9.16,1.00,0.06,-0.03,0.01,3.07,-6.74,0.44,6,8,13,0,35.2901850,136.2528933,82.60, 0.10
3073644,0.01,-1.03,8.15,1.00,-0.03,-0.01,-0.00,-1.07,3.76,-0.13,10.61,0.00,0,2,1001.29,41.94,109.61,1001.29,40.84,109.21,0.64,1000.63,37.92,114.27,3.00,2.30,101.07,310.08,7903,0.59,0.48,9.62,1.00,0.06,-0.03,0.01,3.07,-6.67,0.45,6,8,13,0,35.2901850,136.2528933,82.60, 0.10
3073700,0.43,-0.41,10.44,1.00,-0.03,-0.01,-0.00,-1.06,3.73,-0.13,10.61,0.00,0,2,1001.29,41.94,109.60,1001.29,40.84,109.26,0.64,1000.63,37.93,114.27,2.77,2.21,101.51,310.17,7903,0.70,1.70,9.87,1.00,0.06,-0.03,0.01,3.08,-6.65,0.47,6,8,13,0,35.2901850,136.2528933,82.60, 0.10
3073753,0.31,-0.47,10.07,1.00,-0.03,-0.01,-0.00,-1.03,3.67,-0.13,10.61,0.00,0,2,1001.29,41.95,109.60,1001.29,40.83,109.22,0.63,1000.63,37.92,114.24,3.20,2.38,102.83,310.17,7903,1.20,1.85,9.70,1.00,0.06,-0.03,0.01,3.12,-6.58,0.47,6,8,13,0,35.2901850,136.2528933,82.60, 0.10
3073809,0.07,-0.59,9.43,1.00,-0.03,-0.01,-0.00,-1.02,3.64,-0.13,10.62,0.00,0,2,1001.29,41.95,109.64,1001.29,40.82,109.23,0.62,1000.63,37.93,114.25,2.82,2.23,102.57,310.17,7902,1.20,1.35,9.62,1.00,0.06,-0.03,0.01,3.15,-6.50,0.48,6,8,13,0,35.2901850,136.2528933,82.60, 0.11
3073862,0.08,-0.56,9.51,1.00,-0.03,-0.01,-0.00,-1.00,3.60,-0.13,10.62,0.00,0,2,1001.29,41.94,109.62,1001.29,40.82,109.27,0.63,1000.63,37.93,114.27,2.45,2.08,103.54,310.17,7903,0.79,0.13,9.31,1.00,0.06,-0.03,0.01,3.18,-6.43,0.53,6,8,13,0,35.2901850,136.2528933,82.60, 0.11
3073917,0.07,-0.52,9.61,1.00,-0.03,-0.01,-0.00,-0.97,3.55,-0.13,10.63,0.00,0,2,1001.29,41.94,109.63,1001.29,40.83,109.25,0.64,1000.63,37.93,114.28,2.37,2.04,104.59,310.08,7903,1.29,0.80,9.53,1.00,0.06,-0.03,0.01,3.20,-6.42,0.54,6,8,14,0,35.2901833,136.2528950,82.70, 0.11
3073972,0.22,-0.50,9.83,1.00,-0.03,-0.01,-0.00,-0.95,3.52,-0.12,10.63,0.00,0,2,1001.29,41.94,109.65,1001.29,40.83,109.25,0.64,1000.62,37.91,114.31,4.22,2.73,104.59,310.17,7903,1.22,2.00,10.04,1.00,0.06,-0.03,0.01,3.25,-6.38,0.55,6,8,14,0,35.2901833,136.2528950,82.70, 0.11
3074030,0.03,-0.83,9.60,1.00,-0.03,-0.01,-0.00,-0.91,3.48,-0.13,10.63,0.00,0,2,1001.29,41.94,109.62,1001.29,40.82,109.25,0.65,1000.62,37.92,114.36,3.03,2.31,103.97,310.17,7903,0.70,0.89,9.85,1.00,0.06,-0.03,0.01,3.33,-6.30,0.59,6,8,14,0,35.2901833,136.2528950,82.70, 0.11
3074082,0.03,-0.74,9.64,1.00,-0.03,-0.01,-0.00,-0.86,3.46,-0.14,10.63,0.00,0,2,1001.29,41.94,109.65,1001.30,40.84,109.18,0.65,1000.61,37.92,114.38,2.20,1.97,104.94,310.08,7903,1.66,0.45,9.49,1.00,0.05,-0.03,0.01,3.35,-6.25,0.59,6,8,14,0,35.2901833,136.2528950,82.70, 0.11
3074137,-0.07,-0.66,9.31,1.00,-0.03,-0.01,-0.00,-0.86,3.46,-0.14,10.64,0.00,0,2,1001.28,41.93,109.66,1001.28,40.83,109.27,0.65,1000.62,37.92,114.36,3.28,2.41,106.00,309.90,7902,1.56,-0.61,8.91,1.00,0.05,-0.03,0.01,3.39,-6.23,0.59,6,8,14,0,35.2901833,136.2528950,82.70, 0.11
3074191,0.13,-0.66,9.47,1.00,-0.03,-0.01,-0.00,-0.84,3.48,-0.14,10.64,0.00,0,2,1001.29,41.93,109.65,1001.29,40.84,109.23,0.65,1000.61,37.93,114.44,3.18,2.37,104.77,309.90,7903,1.37,0.20,9.29,1.00,0.05,-0.03,0.01,3.41,-6.25,0.60,6,8,14,0,35.2901833,136.2528950,82.70, 0.11
3074249,0.21,-0.66,9.53,1.00,-0.03,-0.01,-0.00,-0.84,3.48,-0.14,10.65,0.00,0,2,1001.28,41.92,109.67,1001.29,40.83,109.25,0.65,1000.61,37.93,114.41,2.70,2.18,103.45,309.90,7902,-0.24,0.66,9.81,1.00,0.05,-0.03,0.01,3.43,-6.23,0.65,6,8,14,0,35.2901833,136.2528950,82.70, 0.11
3074302,0.21,-0.40,9.69,1.00,-0.03,-0.01,-0.00,-0.85,3.45,-0.14,10.64,0.00,0,2,1001.29,41.95,109.64,1001.28,40.83,109.27,0.66,1000.61,37.93,114.38,1.95,1.85,102.83,309.90,7903,-0.22,0.96,9.62,1.00,0.05,-0.03,0.01,3.42,-6.23,0.67,6,8,14,0,35.2901833,136.2528950,82.70, 0.11
3074358,0.20,-0.37,9.81,1.00,-0.03,-0.01,-0.00,-0.86,3.45,-0.14,10.64,0.00,0,2,1001.29,41.94,109.65,1001.29,40.83,109.26,0.66,1000.62,37.92,114.33,2.42,2.06,102.57,309.90,7902,1.23,0.77,9.62,1.00,0.05,-0.03,0.01,3.42,-6.23,0.65,6,8,14,0,35.2901833,136.2528950,82.70, 0.11
3074410,0.21,-0.67,9.48,1.00,-0.03,-0.01,-0.00,-0.86,3.45,-0.14,10.64,0.00,0,2,1001.29,41.94,109.63,1001.28,40.82,109.29,0.66,1000.62,37.94,114.32,1.03,1.35,103.18,309.90,7903,-0.25,0.85,9.69,1.00,0.05,-0.03,0.01,3.42,-6.25,0.70,6,8,14,0,35.2901833,136.2528950,82.70, 0.11
3074465,0.21,-0.48,9.70,1.00,-0.03,-0.01,-0.00,-0.86,3.45,-0.13,10.65,0.00,0,2,1001.29,41.93,109.64,1001.28,40.83,109.29,0.67,1000.61,37.93,114.41,0.88,1.25,103.01,309.90,7902,0.05,2.10,9.99,1.00,0.05,-0.03,0.01,3.42,-6.26,0.72,6,8,14,0,35.2901833,136.2528950,82.70, 0.11
3074522,0.19,-0.51,9.52,1.00,-0.03,-0.01,-0.00,-0.87,3.45,-0.13,10.65,0.00,0,2,1001.29,41.94,109.65,1001.29,40.83,109.24,0.67,1000.61,37.92,114.43,2.05,1.90,102.13,309.90,7902,1.20,0.21,9.42,1.00,0.05,-0.03,0.01,3.41,-6.22,0.70,6,8,14,0,35.2901833,136.2528950,82.70, 0.11
3074573,0.11,-0.60,9.51,1.00,-0.03,-0.01,-0.00,-0.87,3.45,-0.13,10.65,0.00,0,2,1001.28,41.93,109.67,1001.29,40.83,109.27,0.67,1000.61,37.92,114.43,2.53,2.11,100.63,309.90,7903,0.60,-0.01,9.24,1.00,0.05,-0.03,0.01,3.42,-6.20,0.72,6,8,14,0,35.2901833,136.2528950,82.70, 0.11
3074630,0.12,-0.52,9.51,1.00,-0.03,-0.01,-0.00,-0.87,3.44,-0.13,10.64,0.00,0,2,1001.29,41.93,109.64,1001.28,40.83,109.31,0.68,1000.62,37.92,114.29,2.75,2.20,98.79,309.90,7903,-0.02,0.11,9.44,1.00,0.05,-0.03,0.01,3.42,-6.19,0.74,6,8,14,0,35.2901833,136.2528950,82.70, 0.11
3074688,0.13,-0.56,9.35,1.00,-0.03,-0.01,-0.00,-0.87,3.43,-0.13,10.64,0.00,0,2,1001.29,41.93,109.65,1001.28,40.82,109.28,0.69,1000.62,37.92,114.31,1.88,1.82,98.26,309.90,7902,-0.15,1.77,9.75,1.00,0.05,-0.03,0.01,3.43,-6.17,0.78,6,8,14,0,35.2901833,136.2528950,82.70, 0.11
3074740,0.04,-0.56,9.45,1.00,-0.03,-0.01,-0.00,-0.87,3.41,-0.14,10.62,0.00,0,2,1001.29,41.94,109.62,1001.29,40.83,109.32,0.69,1000.63,37.92,114.28,2.20,1.97,99.32,309.90,7903,1.39,0.04,9.14,1.00,0.05,-0.03,0.01,3.43,-6.12,0.76,6,8,14,0,35.2901833,136.2528950,82.70, 0.11
3074798,0.00,-0.48,9.15,1.00,-0.03,-0.01,-0.00,-0.86,3.38,-0.14,10.61,0.00,0,2,1001.29,41.95,109.64,1001.29,40.84,109.27,0.69,1000.63,37.92,114.26,1.68,1.72,101.78,309.90,7902,-0.10,0.34,9.45,1.00,0.05,-0.03,0.01,3.43,-6.07,0.78,6,8,14,0,35.2901833,136.2528950,82.70, 0.13
3074849,0.12,-0.65,9.47,1.00,-0.03,-0.01,-0.00,-0.86,3.35,-0.14,10.61,0.00,0,2,1001.28,41.94,109.66,1001.28,40.84,109.29,0.70,1000.63,37.92,114.25,0.78,1.18,106.08,309.90,7903,-0.01,0.97,9.77,1.00,0.05,-0.03,0.01,3.43,-6.06,0.81,6,8,14,0,35.2901833,136.2528950,82.70, 0.13
3074907,0.21,-0.43,9.69,1.00,-0.03,-0.01,-0.00,-0.87,3.30,-0.14,10.63,0.00,0,2,1001.28,41.93,109.68,1001.28,40.84,109.30,0.69,1000.63,37.93,114.23,1.40,1.57,109.34,309.90,7903,0.18,0.86,9.46,1.00,0.05,-0.03,0.01,3.44,-6.01,0.84,6,8,14,0,35.2901833,136.2528950,82.70, 0.13
3074958,0.23,-0.53,9.61,1.00,-0.03,-0.01,-0.00,-0.88,3.27,-0.14,10.64,0.00,0,2,1001.28,41.94,109.68,1001.28,40.83,109.31,0.69,1000.63,37.93,114.25,0.77,1.16,113.99,309.90,7903,0.41,1.01,9.51,1.00,0.05,-0.03,0.01,3.44,-6.00,0.84,6,8,15,0,35.2901817,136.2528900,82.70, 0.13
3075012,0.14,-0.51,9.58,1.00,-0.03,-0.01,-0.00,-0.88,3.25,-0.14,10.64,0.00,0,2,1001.28,41.94,109.70,1001.28,40.83,109.29,0.68,1000.62,37.93,114.36,1.05,1.36,112.68,309.90,7903,-0.07,0.23,9.40,1.00,0.05,-0.03,0.01,3.44,-5.96,0.88,6,8,15,0,35.2901817,136.2528900,82.70, 0.13
3075070,0.04,-0.47,9.35,1.00,-0.03,-0.01,-0.00,-0.88,3.23,-0.14,10.64,0.00,0,2,1001.28,41.94,109.68,1001.28,40.82,109.31,0.69,1000.61,37.92,114.43,0.50,0.94,106.17,309.90,7903,0.05,0.87,9.70,1.00,0.05,-0.03,0.01,3.44,-5.95,0.89,6,8,15,0,35.2901817,136.2528900,82.70, 0.13
3075126,0.24,-0.44,9.99,1.00,-0.03,-0.01,-0.00,-0.88,3.22,-0.14,10.66,0.00,0,2,1001.28,41.94,109.70,1001.29,40.84,109.27,0.70,1000.61,37.92,114.41,-0.22,0.62,102.04,309.90,7902,0.92,1.36,9.76,1.00,0.05,-0.03,0.01,3.44,-5.94,0.91,6,8,15,0,35.2901817,136.2528900,82.70, 0.13
3075178,0.11,-0.30,9.88,1.00,-0.03,-0.01,-0.00,-0.89,3.20,-0.14,10.66,0.00,0,2,1001.28,41.95,109.71,1001.28,40.82,109.34,0.69,1000.61,37.91,114.40,1.18,1.44,93.25,309.90,7902,0.29,0.51,9.52,1.00,0.05,-0.03,0.01,3.44,-5.91,0.92,6,8,15,0,35.2901817,136.2528900,82.70, 0.13
3075235,0.44,-0.50,9.53,1.00,-0.03,-0.01,-0.00,-0.89,3.20,-0.14,10.65,0.00,0,2,1001.28,41.94,109.69,1001.28,40.83,109.32,0.70,1000.62,37.92,114.36,0.27,0.69,89.74,309.99,32895,0.29,0.64,9.49,1.00,0.05,-0.03,0.01,3.45,-5.92,0.94,6,8,15,0,35.2901817,136.2528900,82.70, 0.13
3075290,0.06,-0.63,9.15,1.00,-0.03,-0.01,-0.00,-0.89,3.22,-0.14,10.65,0.00,0,2,1001.28,41.95,109.69,1001.28,40.83,109.32,0.71,1000.61,37.92,114.38,0.43,0.87,90.18,309.90,7902,0.43,1.03,9.59,1.00,0.05,-0.03,0.01,3.45,-5.94,0.95,6,8,15,0,35.2901817,136.2528900,82.70, 0.13
3075347,0.18,-0.43,9.77,1.00,-0.03,-0.01,-0.00,-0.89,3.22,-0.14,10.63,0.00,0,2,1001.28,41.94,109.71,1001.28,40.84,109.32,0.71,1000.62,37.91,114.31,0.53,0.97,91.23,309.90,7903,0.87,0.95,9.71,1.00,0.05,-0.03,0.01,3.45,-5.94,0.96,6,8,15,0,35.2901817,136.2528900,82.70, 0.13
3075398,0.14,-0.56,9.63,1.00,-0.03,-0.01,-0.00,-0.89,3.22,-0.14,10.63,0.00,0,2,1001.28,41.94,109.67,1001.28,40.84,109.32,0.71,1000.62,37.93,114.33,0.38,0.82,91.49,309.90,7903,0.42,1.09,9.75,1.00,0.05,-0.03,0.01,3.46,-5.94,0.98,6,8,15,0,35.2901817,136.2528900,82.70, 0.13
3075456,0.19,-0.41,9.83,1.00,-0.03,-0.01,-0.00,-0.89,3.20,-0.14,10.62,0.00,0,2,1001.28,41.93,109.69,1001.28,40.83,109.31,0.71,1000.61,37.92,114.39,0.53,0.97,91.85,309.99,7902,0.39,0.43,9.62,1.00,0.05,-0.03,0.01,3.46,-5.91,1.01,6,8,15,0,35.2901817,136.2528900,82.70, 0.13
3075508,0.03,-0.49,9.17,1.00,-0.03,-0.01,-0.00,-0.89,3.17,-0.14,10.62,0.00,0,2,1001.28,41.93,109.70,1001.28,40.83,109.34,0.72,1000.61,37.92,114.40,1.62,1.69,92.11,309.99,7903,0.91,0.21,9.34,1.00,0.05,-0.03,0.01,3.46,-5.86,1.02,6,8,15,0,35.2901817,136.2528900,82.70, 0.13
3075567,0.11,-0.59,9.50,1.00,-0.03,-0.01,-0.00,-0.89,3.13,-0.14,10.63,0.00,0,2,1001.28,41.93,109.70,1001.28,40.84,109.32,0.71,1000.62,37.93,114.32,1.47,1.61,92.29,309.99,7903,0.83,1.54,9.72,1.00,0.05,-0.03,0.01,3.46,-5.84,1.04,6,8,15,0,35.2901817,136.2528900,82.70, 0.13
3075618,0.17,-0.40,9.73,1.00,-0.03,-0.01,-0.00,-0.89,3.07,-0.13,10.63,0.00,0,2,1001.28,41.95,109.71,1001.28,40.85,109.32,0.72,1000.61,37.94,114.38,0.97,1.31,92.55,309.99,7902,0.74,0.16,9.32,1.00,0.05,-0.03,0.01,3.46,-5.77,1.04,6,8,15,0,35.2901817,136.2528900,82.70, 0.13
3075675,0.20,-0.25,9.73,1.00,-0.03,-0.01,-0.00,-0.89,3.06,-0.13,10.63,0.00,0,2,1001.28,41.94,109.71,1001.28,40.84,109.35,0.73,1000.61,37.92,114.37,1.73,1.75,93.87,309.99,7903,0.85,-0.67,8.96,1.00,0.05,-0.03,0.01,3.46,-5.75,1.05,6,8,15,0,35.2901817,136.2528900,82.70, 0.13
3075734,0.06,-0.47,9.44,1.00,-0.03,-0.01,-0.00,-0.89,3.06,-0.13,10.63,0.00,0,2,1001.28,41.94,109.72,1001.28,40.83,109.33,0.73,1000.62,37.94,114.33,1.58,1.67,95.71,309.99,7903,1.05,0.66,9.53,1.00,0.05,-0.03,0.01,3.46,-5.79,1.07,6,8,15,0,35.2901817,136.2528900,82.70, 0.13
3075786,0.06,-0.45,9.56,1.00,-0.03,-0.01,-0.00,-0.89,3.06,-0.13,10.63,0.00,0,2,1001.28,41.94,109.70,1001.28,40.84,109.33,0.73,1000.62,37.93,114.37,1.08,1.38,95.80,309.99,7903,0.70,1.06,9.78,1.00,0.05,-0.03,0.01,3.47,-5.77,1.11,6,8,15,0,35.2901817,136.2528900,82.70, 0.13
3075845,0.10,-0.53,9.65,1.00,-0.03,-0.01,-0.00,-0.90,3.05,-0.13,10.63,0.00,0,2,1001.28,41.95,109.71,1001.28,40.83,109.32,0.74,1000.61,37.93,114.42,1.10,1.39,95.98,309.99,7902,0.20,1.49,9.90,1.00,0.05,-0.03,0.01,3.47,-5.77,1.12,6,8,15,0,35.2901817,136.2528900,82.70, 0.27
3075896,0.10,-0.46,9.71,1.00,-0.03,-0.01,-0.00,-0.90,2.96,-0.13,10.63,0.00,0,2,1001.28,41.96,109.75,1001.27,40.83,109.38,0.74,1000.61,37.92,114.37,1.42,1.58,96.50,309.99,7903,0.59,1.55,9.97,1.00,0.05,-0.03,0.01,3.47,-5.68,1.12,6,8,15,0,35.2901817,136.2528900,82.70, 0.27
3075953,-0.01,-0.40,9.57,1.00,-0.03,-0.01,-0.00,-0.90,2.89,-0.13,10.63,0.00,0,2,1001.28,41.95,109.72,1001.28,40.83,109.36,0.74,1000.61,37.92,114.37,0.95,1.29,96.42,309.99,7903,0.79,1.16,9.96,1.00,0.05,-0.03,0.01,3.47,-5.59,1.15,6,8,16,0,35.2901817,136.2528883,82.70, 0.27
3076005,0.07,-0.57,9.34,1.00,-0.02,-0.01,-0.00,-0.90,2.78,-0.13,10.64,0.00,0,2,1001.28,41.94,109.74,1001.28,40.83,109.37,0.75,1000.62,37.93,114.37,0.80,1.19,96.68,309.99,7903,1.12,1.78,9.77,1.00,0.05,-0.03,0.01,3.47,-5.50,1.16,6,8,16,0,35.2901817,136.2528883,82.70, 0.27
3076059,0.19,-0.43,9.53,1.00,-0.02,-0.01,-0.00,-0.90,2.71,-0.13,10.64,0.00,0,2,1001.28,41.94,109.74,1001.28,40.83,109.36,0.75,1000.62,37.93,114.37,0.57,1.00,98.61,309.99,7903,0.29,-0.02,9.30,1.00,0.05,-0.03,0.01,3.48,-5.47,1.17,6,8,16,0,35.2901817,136.2528883,82.70, 0.27
3076116,0.27,-0.42,9.75,1.00,-0.02,-0.01,-0.00,-0.90,2.63,-0.13,10.64,0.00,0,2,1001.28,41.94,109.73,1001.27,40.83,109.37,0.76,1000.61,37.93,114.41,0.18,0.57,100.90,309.99,7903,0.69,-0.34,9.17,1.00,0.05,-0.03,0.01,3.48,-5.37,1.17,6,8,16,0,35.2901817,136.2528883,82.70, 0.27
3076173,0.28,-0.37,9.10,1.00,-0.02,-0.01,-0.00,-0.90,2.59,-0.13,10.64,0.00,0,2,1001.28,41.94,109.75,1001.27,40.83,109.40,0.76,1000.61,37.92,114.41,1.58,1.67,101.34,309.90,7903,0.62,0.65,8.96,1.00,0.05,-0.03,0.01,3.48,-5.36,1.19,6,8,16,0,35.2901817,136.2528883,82.70, 0.27
3076225,0.26,-0.45,9.77,1.00,-0.02,-0.01,-0.00,-0.93,2.57,-0.13,10.65,0.00,0,2,1001.27,41.94,109.78,1001.28,40.85,109.36,0.76,1000.61,37.92,114.41,1.32,1.52,100.46,309.99,8063,-0.20,3.84,10.40,1.00,0.05,-0.03,0.01,3.47,-5.35,1.18,6,8,16,0,35.2901817,136.2528883,82.70, 0.27
3076281,0.13,-0.52,9.32,1.00,-0.02,-0.01,-0.00,-0.95,2.56,-0.13,10.66,0.00,0,2,1001.27,41.94,109.78,1001.28,40.87,109.35,0.77,1000.61,37.94,114.45,0.70,1.11,97.38,309.81,7902,-0.40,-0.41,9.10,1.00,0.05,-0.03,0.01,3.43,-5.24,1.21,6,8,16,0,35.2901817,136.2528883,82.70, 0.27
3076335,0.05,-0.55,9.08,1.00,-0.02,-0.01,-0.00,-0.95,2.52,-0.13,10.66,0.00,0,2,1001.27,41.92,109.77,1001.28,40.85,109.33,0.77,1000.61,37.93,114.41,0.38,0.82,95.27,309.73,7902,1.12,3.36,10.05,1.00,0.05,-0.03,0.01,3.42,-5.26,1.18,6,8,16,0,35.2901817,136.2528883,82.70, 0.27
3076387,0.07,-0.36,9.41,1.00,-0.02,-0.01,-0.00,-0.97,2.47,-0.13,10.66,0.00,0,2,1001.27,41.94,109.80,1001.27,40.84,109.37,0.77,1000.61,37.92,114.45,-0.32,0.75,90.35,309.73,7903,0.62,0.43,9.36,1.00,0.05,-0.03,0.01,3.42,-5.18,1.20,6,8,16,0,35.2901817,136.2528883,82.70, 0.27
3076444,0.11,-0.29,9.67,1.00,-0.02,-0.01,-0.00,-0.93,2.41,-0.13,10.66,0.00,0,2,1001.27,41.94,109.77,1001.28,40.84,109.35,0.77,1000.61,37.92,114.37,0.37,0.80,88.59,309.73,7903,0.91,0.75,9.48,1.00,0.05,-0.03,0.01,3.42,-5.21,1.19,6,8,16,0,35.2901817,136.2528883,82.70, 0.27
3076500,0.25,-0.06,9.37,1.00,-0.02,-0.01,-0.00,-0.94,2.38,-0.13,10.64,0.00,0,2,1001.27,41.95,109.79,1001.27,40.83,109.35,0.77,1000.62,37.93,114.36,0.22,0.62,89.03,309.90,7903,0.61,0.45,9.35,1.00,0.05,-0.03,0.01,3.41,-5.14,1.18,6,8,16,0,35.2901817,136.2528883,82.70, 0.27
3076553,0.22,-0.17,9.76,1.00,-0.02,-0.01,-0.00,-0.97,2.36,-0.13,10.63,0.00,0,2,1001.27,41.96,109.76,1001.28,40.84,109.37,0.77,1000.62,37.93,114.34,0.23,0.64,89.82,310.17,7902,0.17,3.85,10.62,1.00,0.05,-0.03,0.01,3.37,-5.20,1.21,6,8,16,0,35.2901817,136.2528883,82.70, 0.27
3076608,-0.01,-0.41,9.32,1.00,-0.02,-0.01,-0.00,-0.98,2.34,-0.13,10.63,0.00,0,2,1001.27,41.96,109.77,1001.27,40.84,109.42,0.78,1000.61,37.93,114.46,0.05,0.30,89.74,310.17,7902,0.70,3.64,10.49,1.00,0.05,-0.03,0.01,3.37,-5.28,1.20,6,8,16,0,35.2901817,136.2528883,82.70, 0.27
3076663,0.01,-0.37,9.01,1.00,-0.02,-0.01,-0.00,-0.98,2.33,-0.13,10.63,0.00,0,2,1001.27,41.96,109.77,1001.28,40.84,109.37,0.78,1000.61,37.91,114.45,-0.03,0.24,89.03,310.34,7903,0.91,4.47,10.51,1.00,0.05,-0.03,0.01,3.38,-5.17,1.21,6,8,16,0,35.2901817,136.2528883,82.70, 0.27
3076721,0.09,-0.24,9.41,1.00,-0.02,-0.01,-0.00,-1.00,2.33,-0.13,10.62,0.00,0,2,1001.28,41.96,109.75,1001.27,40.85,109.36,0.78,1000.61,37.93,114.44,0.18,0.57,88.24,310.34,7903,0.22,-2.03,9.01,1.00,0.04,-0.03,0.01,3.37,-5.10,1.22,6,8,16,0,35.2901817,136.2528883,82.70, 0.27
3076773,0.12,-0.48,9.39,1.00,-0.02,-0.01,-0.00,-1.00,2.32,-0.13,10.62,0.00,0,2,1001.28,41.96,109.75,1001.28,40.84,109.32,0.78,1000.61,37.94,114.40,0.28,0.71,89.03,310.34,32895,0.70,-0.62,9.14,1.00,0.05,-0.03,0.01,3.37,-5.14,1.22,6,8,16,0,35.2901817,136.2528883,82.70, 0.14
3076832,0.13,-0.36,9.59,1.00,-0.02,-0.01,-0.00,-1.00,2.32,-0.13,10.61,0.00,0,2,1001.27,41.94,109.76,1001.28,40.84,109.33,0.78,1000.62,37.94,114.36,0.15,0.51,89.82,310.25,7902,0.49,-0.89,8.92,1.00,0.05,-0.03,0.01,3.37,-5.15,1.22,6,8,16,0,35.2901817,136.2528883,82.70, 0.14
3076883,0.22,-0.33,9.71,1.00,-0.02,-0.01,-0.00,-1.01,2.36,-0.13,10.59,0.00,0,2,1001.28,41.95,109.74,1001.28,40.84,109.32,0.78,1000.62,37.93,114.30,-0.07,0.34,89.74,310.34,7902,0.89,3.22,10.47,1.00,0.05,-0.03,0.01,3.37,-5.24,1.22,6,8,16,0,35.2901817,136.2528883,82.70, 0.14
3076941,0.31,-0.64,9.32,1.00,-0.02,-0.01,-0.00,-1.01,2.41,-0.13,10.59,0.00,0,2,1001.28,41.96,109.72,1001.28,40.85,109.35,0.77,1000.62,37.92,114.36,0.57,1.00,88.77,310.25,7902,1.67,3.47,9.58,1.00,0.05,-0.03,0.01,3.36,-5.34,1.22,6,8,16,0,35.2901817,136.2528883,82.70, 0.14
3076993,0.34,0.11,10.20,1.00,-0.02,-0.01,-0.00,-1.03,2.45,-0.12,10.58,0.00,0,2,1001.28,41.96,109.73,1001.28,40.85,109.35,0.77,1000.61,37.93,114.42,0.27,0.69,89.30,310.25,7903,0.46,-1.53,8.88,1.00,0.05,-0.03,0.01,3.35,-5.28,1.23,6,8,17,0,35.2901833,136.2528917,82.70, 0.14
3077051,0.02,-0.45,8.92,1.00,-0.02,-0.01,-0.00,-1.04,2.54,-0.12,10.59,0.00,0,2,1001.28,41.95,109.72,1001.27,40.84,109.32,0.77,1000.62,37.94,114.33,0.10,0.42,90.62,310.17,7902,-0.08,-0.32,9.47,1.00,0.05,-0.03,0.01,3.32,-5.37,1.25,6,8,17,0,35.2901833,136.2528917,82.70, 0.14
3077103,0.00,-0.56,8.89,1.00,-0.02,-0.01,-0.00,-1.04,2.57,-0.12,10.58,0.00,0,2,1001.28,41.96,109.70,1001.28,40.83,109.35,0.77,1000.62,37.92,114.36,0.20,0.59,93.60,310.25,7902,0.94,1.90,9.64,1.00,0.05,-0.03,0.01,3.33,-5.41,1.22,6,8,17,0,35.2901833,136.2528917,82.70, 0.14
3077156,0.09,-0.45,9.41,1.00,-0.02,-0.01,-0.00,-1.06,2.59,-0.12,10.57,0.00,0,2,1001.28,41.96,109.72,1001.28,40.84,109.35,0.77,1000.63,37.95,114.27,0.55,0.99,97.73,310.25,7903,0.16,1.70,9.87,1.00,0.05,-0.03,0.01,3.33,-5.45,1.24,6,8,17,0,35.2901833,136.2528917,82.70, 0.14
3077210,0.06,-0.56,9.36,1.00,-0.02,-0.01,-0.00,-1.06,2.62,-0.12,10.58,0.00,0,2,1001.28,41.96,109.75,1001.28,40.83,109.36,0.77,1000.62,37.93,114.35,0.62,1.04,99.14,310.17,7903,0.29,1.70,9.81,1.00,0.05,-0.03,0.01,3.33,-5.48,1.24,6,8,17,0,35.2901833,136.2528917,82.70, 0.14
3077268,0.30,-0.37,9.81,1.00,-0.02,-0.01,-0.00,-1.06,2.62,-0.12,10.60,0.00,0,2,1001.27,41.95,109.76,1001.27,40.82,109.34,0.77,1000.62,37.94,114.32,1.22,1.47,98.61,310.17,7904,0.54,0.32,9.42,1.00,0.05,-0.03,0.01,3.33,-5.49,1.25,6,8,17,0,35.2901833,136.2528917,82.70, 0.14
3077322,0.19,-0.38,9.79,1.00,-0.02,-0.01,-0.00,-1.06,2.62,-0.12,10.60,0.00,0,2,1001.27,41.95,109.77,1001.27,40.81,109.39,0.77,1000.62,37.92,114.36,0.67,1.08,98.09,310.25,7902,0.86,1.34,9.76,1.00,0.05,-0.03,0.01,3.33,-5.51,1.26,6,8,17,0,35.2901833,136.2528917,82.70, 0.14
3077373,0.17,-0.33,9.53,1.00,-0.02,-0.01,-0.00,-1.06,2.62,-0.12,10.60,0.00,0,2,1001.28,41.95,109.74,1001.28,40.83,109.34,0.77,1000.62,37.93,114.36,1.18,1.45,97.91,310.25,7903,-0.08,1.02,9.73,1.00,0.05,-0.03,0.01,3.34,-5.51,1.25,6,8,17,0,35.2901833,136.2528917,82.70, 0.14
3077429,0.18,-0.32,9.68,1.00,-0.02,-0.01,-0.00,-1.06,2.62,-0.12,10.59,0.00,0,2,1001.28,41.95,109.72,1001.28,40.83,109.36,0.77,1000.62,37.93,114.33,0.12,0.45,98.26,310.17,7903,0.25,0.68,9.63,1.00,0.05,-0.03,0.01,3.34,-5.54,1.24,6,8,17,0,35.2901833,136.2528917,82.70, 0.14
3077486,0.27,-0.39,9.37,1.00,-0.02,-0.01,-0.00,-1.06,2.62,-0.12,10.58,0.00,0,2,1001.28,41.96,109.75,1001.28,40.83,109.41,0.77,1000.62,37.92,114.34,0.18,0.57,98.88,310.25,7903,0.46,1.02,9.53,1.00,0.05,-0.03,0.01,3.34,-5.56,1.22,6,8,17,0,35.2901833,136.2528917,82.70, 0.14
3077540,0.38,-0.39,9.51,1.00,-0.02,-0.01,-0.00,-1.08,2.62,-0.12,10.58,0.00,0,2,1001.28,41.96,109.73,1001.27,40.84,109.35,0.77,1000.62,37.93,114.34,0.08,0.38,100.63,310.25,7903,0.78,0.62,9.35,1.00,0.05,-0.03,0.01,3.37,-5.58,1.23,6,8,17,0,35.2901833,136.2528917,82.70, 0.14
3077593,0.19,-0.50,9.30,1.00,-0.02,-0.01,-0.00,-1.09,2.63,-0.13,10.60,0.00,0,2,1001.27,41.96,109.77,1001.28,40.84,109.35,0.77,1000.62,37.92,114.35,0.23,0.64,102.66,310.17,7902,0.03,1.12,9.63,1.00,0.05,-0.03,0.01,3.37,-5.61,1.26,6,8,17,0,35.2901833,136.2528917,82.70, 0.14
3077649,0.13,-0.37,9.90,1.00,-0.02,-0.01,-0.00,-1.09,2.63,-0.13,10.60,0.00,0,2,1001.28,41.96,109.75,1001.28,40.84,109.35,0.77,1000.62,37.95,114.30,0.33,0.77,103.62,310.17,7903,0.70,0.98,9.48,1.00,0.05,-0.03,0.01,3.37,-5.61,1.24,6,8,17,0,35.2901833,136.2528917,82.70, 0.14
3077700,0.15,-0.51,9.62,1.00,-0.02,-0.01,-0.00,-1.09,2.62,-0.12,10.60,0.00,0,2,1001.28,41.97,109.72,1001.27,40.83,109.35,0.77,1000.61,37.92,114.37,0.70,1.11,104.15,310.25,7903,0.38,1.13,9.49,1.00,0.05,-0.03,0.01,3.37,-5.61,1.25,6,8,17,0,35.2901833,136.2528917,82.70, 0.14
3077754,0.11,-0.31,9.84,1.00,-0.02,-0.01,-0.00,-1.08,2.57,-0.12,10.60,0.00,0,2,1001.27,41.96,109.76,1001.28,40.84,109.34,0.77,1000.62,37.93,114.37,0.62,1.04,103.62,310.17,7903,0.36,0.75,9.70,1.00,0.05,-0.03,0.01,3.41,-5.57,1.26,6,8,17,0,35.2901833,136.2528917,82.70, 0.14
3077811,0.15,-0.43,9.62,1.00,-0.02,-0.01,-0.00,-1.07,2.46,-0.12,10.59,0.00,0,2,1001.28,41.97,109.73,1001.28,40.84,109.33,0.77,1000.62,37.94,114.35,0.60,1.03,102.66,310.25,7903,0.31,0.94,9.45,1.00,0.05,-0.03,0.01,3.41,-5.46,1.27,6,8,17,0,35.2901833,136.2528917,82.70, 0.13
3077864,0.05,-0.37,9.36,1.00,-0.02,-0.01,-0.00,-1.07,2.35,-0.13,10.60,0.00,0,2,1001.28,41.97,109.75,1001.28,40.85,109.35,0.77,1000.62,37.93,114.36,0.72,1.12,102.48,310.25,7902,0.39,0.84,9.51,1.00,0.05,-0.03,0.01,3.41,-5.32,1.28,6,8,17,0,35.2901833,136.2528917,82.70, 0.13
3077919,0.13,-0.30,9.84,1.00,-0.02,-0.01,-0.00,-1.06,2.23,-0.13,10.59,0.00,0,2,1001.27,41.97,109.78,1001.28,40.83,109.35,0.77,1000.62,37.94,114.35,0.93,1.28,102.57,310.25,7902,0.70,1.06,9.55,1.00,0.05,-0.03,0.01,3.41,-5.27,1.29,6,8,17,0,35.2901833,136.2528917,82.70, 0.13
3077972,0.18,-0.39,9.36,1.00,-0.02,-0.01,-0.00,-1.07,2.16,-0.13,10.60,0.00,0,2,1001.28,41.96,109.75,1001.27,40.84,109.34,0.77,1000.61,37.93,114.39,0.27,0.69,102.74,310.25,7903,0.11,0.35,9.64,1.00,0.05,-0.03,0.01,3.41,-5.16,1.32,6,8,18,0,35.2901850,136.2528900,82.70, 0.13
3078030,-0.02,-0.40,9.23,1.00,-0.02,-0.01,-0.00,-1.08,2.11,-0.13,10.60,0.00,0,2,1001.28,41.98,109.76,1001.28,40.84,109.34,0.77,1000.62,37.93,114.36,0.32,0.75,103.01,310.25,7902,0.72,1.03,9.70,1.00,0.05,-0.03,0.01,3.41,-5.13,1.31,6,8,18,0,35.2901850,136.2528900,82.70, 0.13
3078087,-0.32,-0.33,7.20,1.00,-0.02,-0.01,-0.00,-1.07,2.11,-0.13,10.60,0.00,0,2,1001.27,41.97,109.78,1001.28,40.85,109.35,0.76,1000.62,37.93,114.30,0.85,1.22,103.10,310.25,7902,0.74,-0.57,8.69,1.00,0.04,-0.03,0.01,3.41,-5.08,1.31,6,8,18,0,35.2901850,136.2528900,82.70, 0.13
3078139,0.12,-0.68,8.68,1.00,-0.02,-0.01,-0.00,-1.09,2.10,-0.13,10.60,0.00,0,2,1001.28,41.98,109.74,1001.28,40.84,109.35,0.77,1000.62,37.94,114.36,0.73,1.14,103.97,310.25,7902,1.22,-0.27,9.53,1.00,0.04,-0.03,0.01,3.41,-5.11,1.30,6,8,18,0,35.2901850,136.2528900,82.70, 0.13
3078196,0.20,-0.51,9.76,1.00,-0.02,-0.01,-0.00,-1.09,2.08,-0.13,10.61,0.00,0,2,1001.28,41.98,109.76,1001.27,40.84,109.41,0.76,1000.61,37.93,114.39,0.25,0.66,103.89,310.25,7902,-0.07,1.48,10.05,1.00,0.04,-0.03,0.01,3.41,-5.11,1.33,6,8,18,0,35.2901850,136.2528900,82.70, 0.13
3078249,0.26,-0.26,10.07,1.00,-0.02,-0.01,-0.00,-1.09,2.06,-0.13,10.61,0.00,0,2,1001.28,41.98,109.76,1001.28,40.85,109.32,0.76,1000.62,37.93,114.34,0.58,1.01,103.97,310.25,7903,0.48,1.16,9.65,1.00,0.04,-0.03,0.01,3.41,-5.10,1.30,6,8,18,0,35.2901850,136.2528900,82.70, 0.13
3078307,0.14,-0.51,9.65,1.00,-0.02,-0.01,-0.00,-1.11,2.05,-0.13,10.61,0.00,0,2,1001.27,41.98,109.77,1001.27,40.83,109.38,0.76,1000.61,37.93,114.37,0.52,0.95,103.89,310.25,7903,1.10,1.36,9.92,1.00,0.04,-0.03,0.01,3.41,-5.06,1.31,6,8,18,0,35.2901850,136.2528900,82.70, 0.13
3078358,0.25,-0.29,9.98,1.00,-0.02,-0.01,-0.00,-1.11,2.03,-0.12,10.61,0.00,0,2,1001.28,41.99,109.73,1001.27,40.84,109.37,0.77,1000.62,37.94,114.37,0.10,0.42,103.27,310.25,7903,1.17,-0.71,9.54,1.00,0.04,-0.03,0.01,3.40,-5.00,1.30,6,8,18,0,35.2901850,136.2528900,82.70, 0.13
3078416,0.37,-0.34,10.00,1.00,-0.02,-0.01,-0.00,-1.15,1.99,-0.12,10.61,0.00,0,2,1001.28,41.99,109.77,1001.28,40.84,109.37,0.77,1000.62,37.94,114.33,0.75,1.15,102.04,310.25,7902,-0.17,2.49,10.69,1.00,0.04,-0.03,0.01,3.39,-5.01,1.32,6,8,18,0,35.2901850,136.2528900,82.70, 0.13
3078468,0.48,-0.48,9.66,1.00,-0.02,-0.01,-0.00,-1.21,1.95,-0.12,10.61,0.00,0,2,1001.28,41.98,109.75,1001.27,40.84,109.37,0.78,1000.62,37.94,114.29,0.62,1.04,101.34,310.25,7903,1.33,2.52,10.03,1.00,0.04,-0.03,0.01,3.37,-4.95,1.28,6,8,18,0,35.2901850,136.2528900,82.70, 0.13
3078525,0.34,-0.30,9.75,1.00,-0.02,-0.01,-0.00,-1.22,1.88,-0.12,10.61,0.00,0,2,1001.28,41.99,109.73,1001.27,40.84,109.39,0.78,1000.62,37.93,114.36,0.92,1.27,101.34,310.34,7903,1.02,2.28,10.10,1.00,0.04,-0.03,0.01,3.35,-4.83,1.28,6,8,18,0,35.2901850,136.2528900,82.70, 0.13
3078578,0.19,-0.28,9.50,1.00,-0.02,-0.01,-0.00,-1.23,1.76,-0.12,10.61,0.00,0,2,1001.28,41.99,109.77,1001.27,40.84,109.37,0.78,1000.61,37.93,114.39,1.28,1.50,101.43,310.34,7902,-0.34,-0.50,9.31,1.00,0.04,-0.03,0.01,3.34,-4.73,1.31,6,8,18,0,35.2901850,136.2528900,82.70, 0.13
3078633,0.20,-0.23,9.94,1.00,-0.01,-0.01,-0.00,-1.27,1.64,-0.12,10.62,0.00,0,2,1001.27,41.98,109.78,1001.27,40.84,109.42,0.79,1000.61,37.94,114.38,1.07,1.37,100.99,310.34,7902,1.18,0.32,9.62,1.00,0.04,-0.03,0.01,3.31,-4.61,1.28,6,8,18,0,35.2901850,136.2528900,82.70, 0.13
3078686,0.09,-0.10,9.28,1.00,-0.01,-0.01,-0.00,-1.31,1.50,-0.13,10.63,0.00,0,2,1001.27,41.99,109.82,1001.27,40.85,109.42,0.79,1000.62,37.93,114.35,1.33,1.53,100.55,310.43,7903,1.39,0.24,9.13,1.00,0.04,-0.03,0.01,3.28,-4.44,1.24,6,8,18,0,35.2901850,136.2528900,82.70, 0.13
3078740,0.14,-0.14,9.42,1.00,-0.01,-0.01,-0.00,-1.33,1.39,-0.13,10.63,0.00,0,2,1001.28,42.01,109.77,1001.27,40.86,109.41,0.79,1000.61,37.94,114.42,0.83,1.21,98.88,310.34,7903,1.42,0.12,9.17,1.00,0.04,-0.03,0.01,3.25,-4.30,1.25,6,8,18,0,35.2901850,136.2528900,82.70, 0.13
3078795,0.26,-0.11,9.73,1.00,-0.01,-0.01,-0.00,-1.37,1.25,-0.13,10.63,0.00,0,2,1001.27,42.00,109.79,1001.27,40.84,109.40,0.80,1000.61,37.94,114.40,0.77,1.16,97.82,310.25,7903,0.46,1.05,9.71,1.00,0.04,-0.03,0.01,3.22,-4.24,1.22,6,8,18,0,35.2901850,136.2528900,82.70, 0.13
3078847,0.20,0.16,9.74,1.00,-0.01,-0.01,-0.00,-1.38,1.08,-0.13,10.63,0.00,0,2,1001.27,41.99,109.83,1001.27,40.84,109.42,0.80,1000.62,37.94,114.36,0.78,1.18,98.09,310.25,7902,1.53,0.27,9.49,1.00,0.04,-0.03,0.01,3.19,-4.12,1.21,6,8,18,0,35.2901850,136.2528900,82.70, 0.26
3078903,0.56,0.10,9.04,1.00,-0.01,-0.01,-0.00,-1.43,0.96,-0.14,10.63,0.00,0,2,1001.27,42.01,109.84,1001.27,40.84,109.44,0.80,1000.62,37.95,114.36,0.30,0.73,98.88,310.34,7902,0.27,0.35,9.41,1.00,0.03,-0.03,0.01,3.13,-3.97,1.21,6,8,18,0,35.2901850,136.2528900,82.70, 0.26
3078957,0.24,-0.23,9.27,1.00,-0.01,-0.01,-0.00,-1.50,0.80,-0.15,10.65,0.00,0,2,1001.27,42.01,109.82,1001.27,40.84,109.41,0.81,1000.61,37.93,114.42,0.68,1.10,100.63,310.34,7903,0.24,1.09,9.98,1.00,0.03,-0.03,0.01,3.09,-3.94,1.19,6,8,19,0,35.2901850,136.2528867,82.70, 0.26
3079010,0.19,0.00,9.74,1.00,-0.01,-0.01,-0.00,-1.53,0.70,-0.16,10.64,0.00,0,2,1001.27,42.00,109.79,1001.27,40.84,109.44,0.81,1000.61,37.96,114.39,0.88,1.25,102.04,310.34,7903,0.84,1.05,9.60,1.00,0.03,-0.03,0.01,3.04,-3.80,1.17,6,8,19,0,35.2901850,136.2528867,82.70, 0.26
3079065,0.29,-0.10,9.45,1.00,-0.01,-0.01,-0.00,-1.60,0.60,-0.15,10.65,0.00,0,2,1001.27,42.00,109.81,1001.27,40.86,109.43,0.81,1000.60,37.93,114.50,0.82,1.20,104.77,310.34,7903,0.57,0.56,9.56,1.00,0.03,-0.03,0.01,2.99,-3.71,1.16,6,8,19,0,35.2901850,136.2528867,82.70, 0.26
3079122,0.29,-0.18,9.48,1.00,-0.00,-0.01,-0.00,-1.62,0.55,-0.15,10.65,0.00,0,2,1001.27,42.01,109.81,1001.27,40.87,109.40,0.81,1000.61,37.93,114.46,0.85,1.22,107.23,310.34,7903,0.33,0.78,9.66,1.00,0.03,-0.03,0.01,2.94,-3.63,1.14,6,8,19,0,35.2901850,136.2528867,82.70, 0.26
3079174,0.28,-0.19,9.59,1.00,-0.00,-0.01,-0.00,-1.64,0.49,-0.19,10.65,0.00,0,2,1001.27,42.01,109.83,1001.27,40.85,109.45,0.82,1000.60,37.95,114.50,0.40,0.84,111.71,310.34,7903,0.66,0.74,9.66,1.00,0.03,-0.03,0.01,2.93,-3.60,1.11,6,8,19,0,35.2901850,136.2528867,82.70, 0.26
3079229,0.32,-0.01,9.50,1.00,-0.00,-0.01,-0.00,-1.67,0.43,-0.18,10.66,0.00,0,2,1001.27,42.00,109.85,1001.27,40.85,109.43,0.82,1000.60,37.95,114.49,0.43,0.87,115.22,310.34,7903,0.57,0.54,9.60,1.00,0.03,-0.03,0.01,2.91,-3.51,1.09,6,8,19,0,35.2901850,136.2528867,82.70, 0.26
3079284,0.33,-0.03,9.33,1.00,-0.00,-0.01,-0.00,-1.67,0.39,-0.20,10.66,0.00,0,2,1001.27,42.02,109.84,1001.27,40.86,109.43,0.82,1000.60,37.95,114.48,0.22,0.62,115.22,310.34,7902,0.14,0.93,9.53,1.00,0.03,-0.02,0.01,2.88,-3.44,1.08,6,8,19,0,35.2901850,136.2528867,82.70, 0.26
3079341,0.34,0.08,9.29,1.00,-0.00,-0.01,-0.00,-1.69,0.37,-0.20,10.66,0.00,0,2,1001.27,42.01,109.84,1001.27,40.86,109.44,0.82,1000.60,37.95,114.49,0.20,0.59,114.17,310.34,7903,0.14,-0.05,9.31,1.00,0.03,-0.02,0.01,2.87,-3.42,1.06,6,8,19,0,35.2901850,136.2528867,82.70, 0.26
3079393,0.24,0.07,9.30,1.00,-0.00,-0.01,-0.00,-1.69,0.36,-0.20,10.67,0.00,0,2,1001.26,42.00,109.90,1001.27,40.84,109.45,0.82,1000.60,37.92,114.48,0.55,0.99,111.88,310.34,7903,-0.14,0.07,9.42,1.00,0.03,-0.02,0.01,2.87,-3.42,1.06,6,8,19,0,35.2901850,136.2528867,82.70, 0.26
3079447,0.22,0.06,9.56,1.00,-0.00,-0.01,-0.00,-1.69,0.35,-0.20,10.67,0.00,0,2,1001.26,42.02,109.88,1001.27,40.84,109.46,0.83,1000.61,37.94,114.47,0.38,0.82,109.34,310.34,7904,-0.06,0.39,9.63,1.00,0.03,-0.02,0.01,2.84,-3.41,1.04,6,8,19,0,35.2901850,136.2528867,82.70, 0.26
3079505,0.32,-0.09,9.96,1.00,-0.00,-0.02,-0.00,-1.73,0.33,-0.20,10.66,0.00,0,2,1001.27,42.02,109.86,1001.26,40.86,109.48,0.83,1000.60,37.93,114.49,0.47,0.91,107.67,310.34,7902,0.09,0.42,9.82,1.00,0.03,-0.02,0.01,2.80,-3.40,1.02,6,8,19,0,35.2901850,136.2528867,82.70, 0.26
3079560,0.20,-0.21,9.31,1.00,-0.00,-0.02,-0.00,-1.73,0.35,-0.20,10.65,0.00,0,2,1001.27,42.02,109.86,1001.27,40.86,109.43,0.83,1000.60,37.95,114.52,0.52,0.95,104.41,310.34,7903,0.75,0.90,9.47,1.00,0.03,-0.02,0.01,2.80,-3.42,1.00,6,8,19,0,35.2901850,136.2528867,82.70, 0.26
3079613,0.17,-0.12,9.44,1.00,-0.00,-0.02,-0.00,-1.72,0.37,-0.20,10.66,0.00,0,2,1001.27,42.03,109.85,1001.27,40.86,109.46,0.83,1000.60,37.93,114.50,0.25,0.66,101.95,310.34,7903,0.10,0.20,9.41,1.00,0.03,-0.02,0.01,2.80,-3.43,1.01,6,8,19,0,35.2901850,136.2528867,82.70, 0.26
3079671,0.21,-0.12,9.40,1.00,-0.00,-0.01,-0.00,-1.71,0.38,-0.20,10.66,0.00,0,2,1001.27,42.02,109.86,1001.27,40.86,109.44,0.83,1000.61,37.93,114.46,0.25,0.66,100.28,310.34,7902,0.31,0.56,9.47,1.00,0.03,-0.02,0.01,2.79,-3.47,0.98,6,8,19,0,35.2901850,136.2528867,82.70, 0.26
3079725,0.34,-0.09,9.39,1.00,-0.00,-0.01,-0.00,-1.71,0.42,-0.20,10.65,0.00,0,2,1001.26,42.02,109.88,1001.27,40.86,109.44,0.82,1000.61,37.92,114.45,0.05,0.30,99.58,310.34,7903,0.71,0.39,9.43,1.00,0.03,-0.02,0.01,2.79,-3.52,0.97,6,8,19,0,35.2901850,136.2528867,82.70, 0.26
3079780,0.36,-0.13,9.65,1.00,-0.00,-0.01,-0.00,-1.71,0.47,-0.20,10.63,0.00,0,2,1001.26,42.03,109.89,1001.27,40.86,109.43,0.83,1000.60,37.92,114.47,0.08,0.38,98.61,310.34,7902,0.22,0.75,9.69,1.00,0.03,-0.02,0.01,2.79,-3.56,0.98,6,8,19,0,35.2901850,136.2528867,82.70, 0.26
3079831,0.33,-0.04,9.63,1.00,-0.00,-0.02,-0.00,-1.74,0.52,-0.20,10.63,0.00,0,2,1001.27,42.02,109.86,1001.27,40.86,109.44,0.83,1000.61,37.92,114.45,-0.13,0.49,98.26,310.34,7903,0.63,0.61,9.64,1.00,0.03,-0.02,0.01,2.78,-3.59,0.98,6,8,19,0,35.2901850,136.2528867,82.70, 0.27
3079889,0.39,-0.11,9.65,1.00,-0.00,-0.02,-0.00,-1.74,0.56,-0.20,10.63,0.00,0,2,1001.27,42.03,109.85,1001.27,40.86,109.46,0.83,1000.61,37.92,114.45,-0.27,0.69,98.00,310.34,7903,0.06,0.10,9.73,1.00,0.03,-0.02,0.01,2.77,-3.63,0.99,6,8,19,0,35.2901850,136.2528867,82.70, 0.27
3079942,0.34,-0.18,9.34,1.00,-0.01,-0.02,-0.00,-1.75,0.59,-0.20,10.62,0.00,0,2,1001.27,42.02,109.83,1001.26,40.86,109.44,0.83,1000.61,37.92,114.41,-0.18,0.57,98.09,310.34,7902,0.52,-0.20,9.24,1.00,0.03,-0.02,0.01,2.78,-3.66,1.00,6,8,20,0,35.2901850,136.2528850,82.70, 0.27
3079996,0.23,-0.17,9.54,1.00,-0.01,-0.02,-0.00,-1.76,0.65,-0.20,10.62,0.00,0,2,1001.27,42.02,109.82,1001.27,40.85,109.45,0.83,1000.61,37.93,114.46,-0.27,0.69,98.00,310.34,7902,0.31,1.27,9.65,1.00,0.03,-0.02,0.01,2.78,-3.72,1.00,6,8,20,0,35.2901850,136.2528850,82.70, 0.27
3080050,0.30,0.00,9.71,1.00,-0.01,-0.02,-0.00,-1.75,0.70,-0.20,10.61,0.00,0,2,1001.26,42.01,109.87,1001.27,40.86,109.43,0.82,1000.61,37.92,114.43,0.23,0.64,97.91,310.34,7902,0.36,0.72,9.81,1.00,0.03,-0.02,0.01,2.78,-3.77,0.99,6,8,20,0,35.2901850,136.2528850,82.70, 0.27
3080102,0.22,-0.18,9.70,1.00,-0.01,-0.02,-0.00,-1.75,0.75,-0.20,10.61,0.00,0,2,1001.27,42.02,109.86,1001.27,40.86,109.45,0.82,1000.61,37.94,114.40,0.35,0.79,98.00,310.34,7903,0.88,1.04,9.69,1.00,0.03,-0.02,0.01,2.78,-3.81,0.99,6,8,20,0,35.2901850,136.2528850,82.70, 0.27
3080159,0.23,-0.19,9.64,1.00,-0.01,-0.02,-0.00,-1.76,0.78,-0.20,10.61,0.00,0,2,1001.27,42.03,109.85,1001.27,40.86,109.40,0.83,1000.61,37.92,114.45,0.12,0.45,98.09,310.34,7902,0.64,1.21,9.73,1.00,0.03,-0.02,0.01,2.77,-3.84,1.00,6,8,20,0,35.2901850,136.2528850,82.70, 0.27
3080213,0.27,-0.22,9.53,1.00,-0.01,-0.02,-0.00,-1.76,0.79,-0.20,10.60,0.00,0,2,1001.27,42.03,109.82,1001.27,40.86,109.42,0.83,1000.60,37.95,114.49,0.03,0.24,98.00,310.34,7903,0.35,0.21,9.49,1.00,0.03,-0.02,0.01,2.77,-3.84,1.01,6,8,20,0,35.2901850,136.2528850,82.70, 0.27
3080268,0.32,-0.29,9.44,1.00,-0.01,-0.02,-0.00,-1.76,0.79,-0.20,10.59,0.00,0,2,1001.27,42.02,109.82,1001.27,40.84,109.40,0.83,1000.60,37.92,114.47,-0.05,0.30,97.82,310.34,7903,0.14,0.57,9.55,1.00,0.03,-0.02,0.01,2.77,-3.85,1.01,6,8,20,0,35.2901850,136.2528850,82.70, 0.27
3080321,0.33,-0.23,9.50,1.00,-0.01,-0.02,-0.00,-1.76,0.81,-0.20,10.60,0.00,0,2,1001.27,42.03,109.86,1001.27,40.86,109.41,0.83,1000.61,37.92,114.45,0.08,0.38,98.00,310.34,7903,0.83,0.91,9.72,1.00,0.03,-0.02,0.01,2.76,-3.87,0.99,6,8,20,0,35.2901850,136.2528850,82.70, 0.27
3080373,0.33,-0.05,9.66,1.00,-0.01,-0.02,-0.00,-1.78,0.83,-0.20,10.60,0.00,0,2,1001.27,42.02,109.86,1001.26,40.87,109.41,0.83,1000.60,37.92,114.47,0.10,0.42,97.82,310.34,7902,0.57,0.42,9.66,1.00,0.03,-0.02,0.01,2.73,-3.90,0.98,6,8,20,0,35.2901850,136.2528850,82.70, 0.27
3080430,0.33,-0.21,9.57,1.00,-0.01,-0.02,-0.00,-1.78,0.86,-0.20,10.60,0.00,0,2,1001.27,42.03,109.85,1001.27,40.88,109.44,0.83,1000.60,37.92,114.47,0.00,0.00,97.82,310.34,7902,0.03,0.86,9.77,1.00,0.03,-0.02,0.01,2.73,-3.90,1.00,6,8,20,0,35.2901850,136.2528850,82.70, 0.27
3080482,0.29,-0.28,9.43,1.00,-0.01,-0.02,-0.00,-1.78,0.88,-0.20,10.60,0.00,0,2,1001.27,42.03,109.84,1001.27,40.87,109.44,0.83,1000.61,37.92,114.43,0.03,0.24,97.82,310.34,7902,0.47,1.47,9.75,1.00,0.03,-0.02,0.01,2.73,-3.95,1.00,6,8,20,0,35.2901850,136.2528850,82.70, 0.27
3080539,0.31,-0.06,9.48,1.00,-0.01,-0.02,-0.00,-1.78,0.88,-0.20,10.60,0.00,0,2,1001.27,42.03,109.87,1001.27,40.87,109.44,0.83,1000.60,37.92,114.48,-0.13,0.49,97.91,310.34,7903,1.06,1.03,9.46,1.00,0.03,-0.02,0.01,2.73,-3.97,1.00,6,8,20,0,35.2901850,136.2528850,82.70, 0.27
3080591,0.33,-0.08,9.65,1.00,-0.01,-0.02,-0.00,-1.78,0.90,-0.20,10.59,0.00,0,2,1001.27,42.05,109.83,1001.27,40.85,109.41,0.82,1000.61,37.93,114.43,-0.07,0.34,97.56,310.34,7903,-0.19,0.57,9.73,1.00,0.03,-0.02,0.01,2.73,-3.99,1.02,6,8,20,0,35.2901850,136.2528850,82.70, 0.27
3080645,0.35,-0.22,9.45,1.00,-0.01,-0.02,-0.00,-1.78,0.90,-0.20,10.59,0.00,0,2,1001.27,42.04,109.84,1001.27,40.88,109.41,0.82,1000.61,37.93,114.39,-0.05,0.30,97.82,310.34,7903,0.16,0.63,9.68,1.00,0.04,-0.02,0.01,2.72,-4.00,1.02,6,8,20,0,35.2901850,136.2528850,82.70, 0.27
3080699,0.29,-0.26,9.82,1.00,-0.01,-0.02,-0.00,-1.78,0.91,-0.20,10.58,0.00,0,2,1001.27,42.05,109.82,1001.27,40.88,109.45,0.82,1000.61,37.92,114.43,0.12,0.45,98.09,310.34,7903,0.33,0.73,9.90,1.00,0.04,-0.02,0.01,2.74,-4.01,1.03,6,8,20,0,35.2901850,136.2528850,82.70, 0.27
3080752,0.40,-0.22,9.54,1.00,-0.01,-0.02,-0.00,-1.78,0.93,-0.20,10.58,0.00,0,2,1001.27,42.03,109.85,1001.27,40.87,109.45,0.82,1000.61,37.92,114.43,-0.02,0.17,98.09,310.34,7902,-0.29,0.42,9.67,1.00,0.04,-0.02,0.01,2.73,-4.03,1.05,6,8,20,0,35.2901850,136.2528850,82.70, 0.27
3080808,0.32,-0.16,9.43,1.00,-0.01,-0.02,-0.00,-1.78,0.96,-0.20,10.58,0.00,0,2,1001.27,42.03,109.82,1001.27,40.87,109.42,0.84,1000.61,37.95,114.41,0.02,0.17,98.26,310.34,7903,0.81,0.93,9.52,1.00,0.04,-0.02,0.01,2.73,-4.07,1.02,6,8,20,0,35.2901850,136.2528850,82.70, 0.27
3080867,0.26,-0.30,9.41,1.00,-0.01,-0.02,-0.00,-1.78,0.98,-0.20,10.59,0.00,0,2,1001.27,42.04,109.85,1001.27,40.87,109.43,0.83,1000.61,37.92,114.43,-0.08,0.38,98.35,310.34,7903,0.82,1.39,9.63,1.00,0.04,-0.02,0.01,2.72,-4.08,1.04,6,8,20,0,35.2901850,136.2528850,82.70, 0.27
3080921,0.40,-0.22,9.66,1.00,-0.01,-0.02,-0.00,-1.79,0.99,-0.20,10.59,0.00,0,2,1001.27,42.04,109.86,1001.27,40.87,109.40,0.83,1000.61,37.93,114.42,-0.15,0.51,98.26,310.34,7903,0.91,0.92,9.74,1.00,0.04,-0.02,0.01,2.70,-4.11,1.03,6,8,20,0,35.2901850,136.2528850,82.70, 0.27
3080977,0.31,-0.22,9.66,1.00,-0.01,-0.02,-0.00,-1.79,0.99,-0.20,10.59,0.00,0,2,1001.27,42.05,109.87,1001.27,40.88,109.43,0.82,1000.61,37.93,114.42,-0.18,0.57,98.26,310.34,7903,0.21,0.45,9.64,1.00,0.04,-0.02,0.01,2.70,-4.14,1.04,6,8,21,0,35.2901833,136.2528833,82.70, 0.27
3081029,0.34,-0.27,9.39,1.00,-0.01,-0.02,-0.00,-1.79,1.00,-0.20,10.58,0.00,0,2,1001.27,42.05,109.85,1001.27,40.87,109.42,0.82,1000.61,37.93,114.42,-0.05,0.30,98.17,310.34,7902,-0.17,0.45,9.44,1.00,0.04,-0.02,0.01,2.68,-4.13,1.05,6,8,21,0,35.2901833,136.2528833,82.70, 0.27
3081087,0.30,-0.20,9.37,1.00,-0.01,-0.02,-0.00,-1.79,1.00,-0.20,10.59,0.00,0,2,1001.27,42.04,109.85,1001.27,40.87,109.46,0.81,1000.60,37.93,114.47,0.02,0.17,98.17,310.34,7902,0.73,0.79,9.58,1.00,0.04,-0.02,0.01,2.66,-4.16,1.02,6,8,21,0,35.2901833,136.2528833,82.70, 0.27
3081140,0.41,-0.11,9.47,1.00,-0.01,-0.02,-0.00,-1.79,1.00,-0.20,10.59,0.00,0,2,1001.27,42.05,109.85,1001.27,40.88,109.44,0.81,1000.61,37.92,114.44,-0.02,0.17,98.17,310.34,7903,0.81,0.91,9.63,1.00,0.04,-0.02,0.01,2.61,-4.16,1.01,6,8,21,0,35.2901833,136.2528833,82.70, 0.27
3081197,0.41,-0.24,9.65,1.00,-0.01,-0.02,-0.00,-1.79,1.00,-0.20,10.60,0.00,0,2,1001.27,42.05,109.86,1001.27,40.89,109.43,0.81,1000.61,37.93,114.46,0.08,0.38,98.09,310.34,7901,0.78,1.30,9.78,1.00,0.04,-0.02,0.01,2.60,-4.19,1.02,6,8,21,0,35.2901833,136.2528833,82.70, 0.27
3081248,0.49,-0.10,9.78,1.00,-0.01,-0.02,-0.00,-1.79,1.00,-0.20,10.61,0.00,0,2,1001.27,42.03,109.87,1001.27,40.89,109.42,0.82,1000.61,37.93,114.42,0.05,0.30,98.09,310.34,7902,0.81,0.44,9.74,1.00,0.04,-0.02,0.01,2.59,-4.19,1.01,6,8,21,0,35.2901833,136.2528833,82.70, 0.27
3081306,0.37,-0.10,9.56,1.00,-0.01,-0.02,-0.00,-1.79,1.00,-0.20,10.60,0.00,0,2,1001.27,42.05,109.86,1001.27,40.87,109.44,0.82,1000.61,37.93,114.44,-0.07,0.34,98.09,310.34,7902,0.91,0.13,9.48,1.00,0.04,-0.02,0.01,2.58,-4.18,1.01,6,8,21,0,35.2901833,136.2528833,82.70, 0.27
3081359,0.31,-0.26,9.68,1.00,-0.01,-0.02,-0.00,-1.79,1.00,-0.20,10.60,0.00,0,2,1001.27,42.06,109.82,1001.27,40.89,109.46,0.81,1000.61,37.93,114.44,-0.37,0.80,98.17,310.34,7903,0.40,0.67,9.70,1.00,0.04,-0.02,0.01,2.59,-4.21,1.04,6,8,21,0,35.2901833,136.2528833,82.70, 0.27
3081415,0.35,-0.27,9.51,1.00,-0.01,-0.02,-0.00,-1.79,1.00,-0.20,10.60,0.00,0,2,1001.27,42.06,109.85,1001.27,40.88,109.43,0.82,1000.61,37.93,114.42,0.05,0.30,98.09,310.34,7902,0.07,0.79,9.52,1.00,0.04,-0.02,0.01,2.57,-4.22,1.03,6,8,21,0,35.2901833,136.2528833,82.70, 0.27
3081467,0.37,-0.26,9.39,1.00,-0.01,-0.02,-0.00,-1.79,1.00,-0.20,10.60,0.00,0,2,1001.27,42.05,109.84,1001.27,40.88,109.41,0.81,1000.61,37.93,114.40,-0.02,0.17,99.32,310.34,7903,0.66,0.75,9.44,1.00,0.04,-0.02,0.01,2.55,-4.24,1.02,6,8,21,0,35.2901833,136.2528833,82.70, 0.27
3081525,0.33,-0.42,9.48,1.00,-0.01,-0.02,-0.00,-1.79,1.00,-0.20,10.59,0.00,0,2,1001.27,42.07,109.83,1001.27,40.89,109.42,0.81,1000.61,37.92,114.41,-0.17,0.54,99.05,310.34,7902,0.53,1.19,9.63,1.00,0.04,-0.02,0.01,2.55,-4.27,1.01,6,8,21,0,35.2901833,136.2528833,82.70, 0.27
3081577,0.34,-0.34,9.41,1.00,-0.01,-0.02,-0.00,-1.81,1.03,-0.19,10.59,0.00,0,2,1001.27,42.06,109.81,1001.27,40.87,109.43,0.80,1000.61,37.93,114.41,-0.30,0.73,99.05,310.34,7903,0.06,0.57,9.64,1.00,0.04,-0.02,0.01,2.55,-4.30,1.01,6,8,21,0,35.2901833,136.2528833,82.70, 0.27
3081632,0.31,-0.16,9.75,1.00,-0.01,-0.02,-0.00,-1.81,1.05,-0.19,10.58,0.00,0,2,1001.27,42.07,109.81,1001.27,40.89,109.44,0.81,1000.61,37.91,114.42,0.20,0.59,99.32,310.34,7903,0.02,0.96,9.79,1.00,0.04,-0.02,0.01,2.54,-4.31,1.00,6,8,21,0,35.2901833,136.2528833,82.70, 0.27
3081687,0.29,-0.36,9.72,1.00,-0.01,-0.02,-0.00,-1.81,1.07,-0.19,10.58,0.00,0,2,1001.27,42.06,109.85,1001.27,40.89,109.42,0.81,1000.61,37.92,114.43,0.22,0.62,98.96,310.34,7903,0.75,1.06,9.70,1.00,0.04,-0.02,0.01,2.54,-4.33,0.98,6,8,21,0,35.2901833,136.2528833,82.70, 0.27
3081740,0.39,-0.23,9.65,1.00,-0.01,-0.02,-0.00,-1.81,1.08,-0.19,10.60,0.00,0,2,1001.26,42.05,109.89,1001.27,40.90,109.42,0.81,1000.61,37.94,114.42,0.27,0.69,98.53,310.34,7902,0.61,0.28,9.59,1.00,0.04,-0.02,0.01,2.54,-4.35,0.98,6,8,21,0,35.2901833,136.2528833,82.70, 0.27
3081796,0.30,-0.25,9.47,1.00,-0.01,-0.02,-0.00,-1.81,1.10,-0.19,10.60,0.00,0,2,1001.27,42.06,109.87,1001.27,40.88,109.44,0.81,1000.61,37.94,114.42,0.12,0.45,98.09,310.34,7902,0.07,0.91,9.68,1.00,0.04,-0.02,0.01,2.53,-4.41,0.96,6,8,21,0,35.2901833,136.2528833,82.70, 0.27
3081853,0.31,-0.34,9.66,1.00,-0.01,-0.02,-0.00,-1.81,1.11,-0.19,10.61,0.00,0,2,1001.27,42.07,109.87,1001.27,40.89,109.46,0.81,1000.60,37.93,114.52,0.05,0.30,97.38,310.34,7903,0.59,0.71,9.57,1.00,0.04,-0.02,0.01,2.53,-4.42,0.94,6,8,21,0,35.2901833,136.2528833,82.70, 0.27
3081906,0.17,-0.27,9.49,1.00,-0.01,-0.02,-0.00,-1.80,1.14,-0.19,10.63,0.00,0,2,1001.27,42.07,109.82,1001.27,40.89,109.46,0.80,1000.60,37.93,114.50,0.07,0.34,97.12,310.34,7903,0.25,0.81,9.68,1.00,0.04,-0.02,0.01,2.54,-4.43,0.92,6,8,21,0,35.2901833,136.2528833,82.70, 0.23
3081964,0.21,-0.29,9.72,1.00,-0.01,-0.02,-0.00,-1.79,1.15,-0.19,10.62,0.00,0,2,1001.27,42.06,109.88,1001.27,40.89,109.46,0.80,1000.60,37.92,114.47,-0.07,0.34,97.03,310.34,7903,0.55,0.72,9.66,1.00,0.04,-0.02,0.01,2.54,-4.45,0.92,6,8,22,0,35.2901850,136.2528850,82.70, 0.23
3082016,0.37,-0.23,9.56,1.00,-0.01,-0.02,-0.00,-1.78,1.17,-0.19,10.62,0.00,0,2,1001.27,42.06,109.88,1001.27,40.88,109.45,0.80,1000.60,37.92,114.46,-0.05,0.30,97.12,310.34,7902,0.23,0.54,9.53,1.00,0.04,-0.02,0.01,2.53,-4.45,0.91,6,8,22,0,35.2901850,136.2528850,82.70, 0.23
3082070,0.39,-0.34,9.50,1.00,-0.01,-0.02,-0.00,-1.79,1.18,-0.19,10.61,0.00,0,2,1001.27,42.06,109.83,1001.27,40.90,109.45,0.80,1000.60,37.93,114.46,0.05,0.30,97.03,310.34,7902,0.66,0.34,9.52,1.00,0.04,-0.02,0.01,2.53,-4.46,0.89,6,8,22,0,35.2901850,136.2528850,82.70, 0.23
3082126,0.49,-0.30,9.47,1.00,-0.01,-0.02,-0.00,-1.82,1.19,-0.19,10.60,0.00,0,2,1001.27,42.06,109.85,1001.27,40.87,109.44,0.80,1000.61,37.94,114.42,0.02,0.17,97.03,310.34,7902,0.08,1.03,9.67,1.00,0.04,-0.02,0.01,2.53,-4.47,0.90,6,8,22,0,35.2901850,136.2528850,82.70, 0.23
3082183,0.36,-0.38,9.61,1.00,-0.01,-0.02,-0.00,-1.83,1.19,-0.19,10.60,0.00,0,2,1001.27,42.08,109.84,1001.27,40.89,109.45,0.81,1000.61,37.95,114.38,0.03,0.24,97.12,310.34,7902,-0.10,1.37,9.91,1.00,0.04,-0.02,0.01,2.53,-4.51,0.89,6,8,22,0,35.2901850,136.2528850,82.70, 0.23
3082235,0.23,-0.25,9.80,1.00,-0.01,-0.02,-0.00,-1.85,1.22,-0.19,10.60,0.00,0,2,1001.27,42.06,109.88,1001.27,40.89,109.44,0.81,1000.60,37.92,114.47,0.17,0.54,96.94,310.34,7902,0.51,0.78,9.66,1.00,0.04,-0.02,0.01,2.53,-4.53,0.87,6,8,22,0,35.2901850,136.2528850,82.70, 0.23
3082287,0.41,-0.44,9.37,1.00,-0.01,-0.02,-0.00,-1.85,1.26,-0.19,10.60,0.00,0,2,1001.27,42.07,109.86,1001.27,40.90,109.41,0.81,1000.61,37.93,114.41,0.32,0.75,96.77,310.34,7903,-0.16,1.25,9.64,1.00,0.04,-0.02,0.01,2.53,-4.56,0.87,6,8,22,0,35.2901850,136.2528850,82.70, 0.23
3082344,0.42,-0.44,9.54,1.00,-0.01,-0.02,-0.00,-1.86,1.30,-0.19,10.59,0.00,0,2,1001.28,42.08,109.80,1001.27,40.89,109.40,0.80,1000.61,37.93,114.42,0.22,0.62,96.42,310.34,7903,-0.24,1.36,9.92,1.00,0.04,-0.02,0.01,2.53,-4.61,0.86,6,8,22,0,35.2901850,136.2528850,82.70, 0.23
3082403,0.45,-0.31,9.58,1.00,-0.01,-0.02,-0.00,-1.87,1.32,-0.19,10.58,0.00,0,2,1001.27,42.06,109.83,1001.27,40.89,109.41,0.80,1000.61,37.94,114.43,-0.17,0.54,96.24,310.34,7903,-0.22,1.47,9.97,1.00,0.04,-0.02,0.01,2.53,-4.64,0.85,6,8,22,0,35.2901850,136.2528850,82.70, 0.23
3082455,0.44,-0.37,9.55,1.00,-0.01,-0.02,-0.00,-1.90,1.33,-0.19,10.58,0.00,0,2,1001.27,42.07,109.82,1001.27,40.89,109.43,0.80,1000.61,37.92,114.41,-0.10,0.42,96.06,310.34,7902,0.60,1.14,9.70,1.00,0.04,-0.02,0.01,2.53,-4.63,0.82,6,8,22,0,35.2901850,136.2528850,82.70, 0.23
3082512,0.39,-0.30,9.43,1.00,-0.01,-0.02,-0.00,-1.92,1.33,-0.19,10.59,0.00,0,2,1001.27,42.07,109.82,1001.27,40.89,109.41,0.80,1000.61,37.93,114.38,-0.03,0.24,95.98,310.34,7903,-0.13,0.54,9.59,1.00,0.04,-0.02,0.01,2.53,-4.62,0.84,6,8,22,0,35.2901850,136.2528850,82.70, 0.23
3082564,0.46,-0.23,9.51,1.00,-0.01,-0.02,-0.00,-1.94,1.32,-0.19,10.58,0.00,0,2,1001.27,42.08,109.82,1001.27,40.90,109.36,0.80,1000.61,37.92,114.41,-0.60,1.03,95.98,310.34,7903,-0.12,0.74,9.62,1.00,0.04,-0.02,0.01,2.53,-4.64,0.82,6,8,22,0,35.2901850,136.2528850,82.70, 0.23
3082622,0.42,-0.22,9.79,1.00,-0.01,-0.02,-0.00,-1.96,1.35,-0.19,10.57,0.00,0,2,1001.27,42.08,109.85,1001.27,40.90,109.43,0.80,1000.62,37.94,114.36,-0.20,0.59,95.89,310.34,7902,0.08,0.68,9.79,1.00,0.04,-0.02,0.01,2.52,-4.64,0.80,6,8,22,0,35.2901850,136.2528850,82.70, 0.23
3082675,0.44,-0.20,9.76,1.00,-0.01,-0.02,-0.00,-1.96,1.33,-0.19,10.57,0.00,0,2,1001.27,42.07,109.81,1001.27,40.90,109.42,0.80,1000.61,37.94,114.38,0.02,0.17,95.98,310.34,7902,1.35,0.18,9.29,1.00,0.04,-0.02,0.01,2.56,-4.64,0.79,6,8,22,0,35.2901850,136.2528850,82.70, 0.23
3082732,0.35,-0.48,9.25,1.00,-0.01,-0.02,-0.00,-1.93,1.34,-0.19,10.57,0.00,0,2,1001.27,42.09,109.85,1001.28,40.91,109.40,0.80,1000.61,37.92,114.38,0.37,0.80,96.15,310.34,7902,-0.44,1.50,9.72,1.00,0.04,-0.02,0.01,2.56,-4.67,0.83,6,8,22,0,35.2901850,136.2528850,82.70, 0.23
3082784,0.34,-0.41,9.33,1.00,-0.01,-0.02,-0.00,-1.91,1.35,-0.19,10.58,0.00,0,2,1001.27,42.07,109.87,1001.27,40.88,109.43,0.81,1000.61,37.93,114.41,0.28,0.71,96.33,310.34,7903,0.78,1.06,9.46,1.00,0.04,-0.02,0.01,2.57,-4.69,0.80,6,8,22,0,35.2901850,136.2528850,82.70, 0.23
3082841,0.32,-0.47,9.56,1.00,-0.01,-0.02,-0.00,-1.92,1.40,-0.19,10.58,0.00,0,2,1001.27,42.07,109.84,1001.27,40.90,109.41,0.80,1000.61,37.93,114.42,0.33,0.77,96.24,310.34,7903,0.85,1.16,9.56,1.00,0.04,-0.02,0.01,2.58,-4.72,0.78,6,8,22,0,35.2901850,136.2528850,82.70, 0.20
3082893,0.45,-0.33,9.15,1.00,-0.01,-0.02,-0.00,-1.92,1.42,-0.19,10.60,0.00,0,2,1001.27,42.07,109.87,1001.27,40.91,109.40,0.79,1000.61,37.93,114.44,0.07,0.34,96.50,310.34,7903,0.25,0.84,9.18,1.00,0.04,-0.02,0.01,2.59,-4.76,0.77,6,8,22,0,35.2901850,136.2528850,82.70, 0.20
3082949,0.46,-0.47,9.56,1.00,-0.01,-0.02,-0.00,-1.93,1.45,-0.19,10.61,0.00,0,2,1001.27,42.08,109.85,1001.27,40.91,109.41,0.80,1000.61,37.93,114.41,0.15,0.51,98.88,310.34,7903,0.56,1.57,9.80,1.00,0.04,-0.02,0.01,2.59,-4.79,0.77,6,8,22,0,35.2901850,136.2528850,82.70, 0.20
3083001,0.60,-0.22,9.81,1.00,-0.01,-0.02,-0.00,-1.93,1.39,-0.19,10.61,0.00,0,2,1001.27,42.09,109.85,1001.27,40.89,109.41,0.80,1000.61,37.95,114.41,0.42,0.86,102.04,310.34,7902,0.32,0.50,9.85,1.00,0.04,-0.02,0.01,2.59,-4.74,0.76,6,8,22,0,35.2901850,136.2528850,82.70, 0.20
3083056,0.50,-0.24,9.78,1.00,-0.01,-0.02,-0.00,-1.97,1.33,-0.19,10.60,0.00,0,2,1001.27,42.07,109.86,1001.27,40.90,109.43,0.79,1000.61,37.93,114.43,0.30,0.73,103.45,310.34,7902,0.56,0.78,9.71,1.00,0.04,-0.02,0.01,2.55,-4.69,0.74,6,8,22,0,35.2901850,136.2528850,82.70, 0.20
3083113,0.20,-0.41,9.77,1.00,-0.01,-0.02,-0.00,-1.97,1.28,-0.18,10.60,0.00,0,2,1001.27,42.08,109.85,1001.27,40.89,109.44,0.79,1000.61,37.94,114.42,0.15,0.51,105.21,310.34,7902,0.76,0.77,9.71,1.00,0.04,-0.02,0.01,2.56,-4.68,0.74,6,8,22,0,35.2901850,136.2528850,82.70, 0.20
3083170,0.28,-0.50,9.44,1.00,-0.01,-0.02,-0.00,-1.95,1.30,-0.18,10.60,0.00,0,2,1001.27,42.07,109.84,1001.27,40.90,109.41,0.79,1000.60,37.92,114.48,0.17,0.54,104.85,310.34,7902,0.72,1.03,9.60,1.00,0.04,-0.02,0.01,2.56,-4.68,0.73,6,8,22,0,35.2901850,136.2528850,82.70, 0.20
3083220,0.32,-0.43,9.44,1.00,-0.01,-0.02,-0.00,-1.95,1.33,-0.18,10.59,0.00,0,2,1001.27,42.07,109.82,1001.27,40.90,109.40,0.79,1000.60,37.93,114.46,0.02,0.17,104.06,310.34,7903,0.74,0.85,9.53,1.00,0.04,-0.02,0.01,2.55,-4.70,0.72,6,8,22,0,35.2901850,136.2528850,82.70, 0.20
3083274,0.36,-0.29,9.81,1.00,-0.01,-0.02,-0.00,-1.93,1.32,-0.18,10.59,0.00,0,2,1001.27,42.07,109.85,1001.27,40.90,109.42,0.79,1000.61,37.93,114.44,0.03,0.24,103.27,310.34,7903,0.61,0.68,9.64,1.00,0.04,-0.02,0.01,2.58,-4.68,0.71,6,8,22,0,35.2901850,136.2528850,82.70, 0.20
3083330,0.45,-0.28,9.47,1.00,-0.01,-0.02,-0.00,-1.92,1.24,-0.18,10.60,0.00,0,2,1001.27,42.08,109.87,1001.28,40.89,109.41,0.79,1000.61,37.93,114.46,0.18,0.57,101.16,310.34,7903,0.39,1.12,9.55,1.00,0.04,-0.02,0.01,2.58,-4.62,0.73,6,8,22,0,35.2901850,136.2528850,82.70, 0.20
3083382,0.23,-0.56,9.12,1.00,-0.01,-0.02,-0.00,-1.93,1.16,-0.18,10.60,0.00,0,2,1001.27,42.08,109.85,1001.27,40.90,109.42,0.79,1000.60,37.93,114.48,0.10,0.42,98.70,310.34,7902,0.00,0.74,9.18,1.00,0.04,-0.02,0.01,2.58,-4.59,0.73,6,8,22,0,35.2901850,136.2528850,82.70, 0.20
3083434,0.31,-0.25,9.53,1.00,-0.01,-0.02,-0.00,-1.92,1.10,-0.18,10.61,0.00,0,2,1001.27,42.07,109.86,1001.27,40.89,109.41,0.79,1000.61,37.91,114.44,0.27,0.69,97.38,310.34,7903,0.70,1.59,9.61,1.00,0.04,-0.02,0.01,2.58,-4.55,0.71,6,8,22,0,35.2901850,136.2528850,82.70, 0.20
3083490,0.38,-0.15,9.61,1.00,-0.01,-0.02,-0.00,-1.93,1.06,-0.18,10.60,0.00,0,2,1001.27,42.07,109.86,1001.27,40.90,109.41,0.79,1000.61,37.93,114.46,0.25,0.66,95.27,310.34,7903,0.64,1.37,9.89,1.00,0.04,-0.02,0.01,2.58,-4.52,0.71,6,8,22,0,35.2901850,136.2528850,82.70, 0.20
3083545,0.34,-0.31,9.64,1.00,-0.01,-0.02,-0.00,-1.93,1.03,-0.18,10.61,0.00,0,2,1001.27,42.09,109.85,1001.27,40.89,109.41,0.79,1000.61,37.94,114.45,0.28,0.71,93.69,310.34,7903,0.01,0.89,9.79,1.00,0.04,-0.02,0.01,2.58,-4.50,0.72,6,8,22,0,35.2901850,136.2528850,82.70, 0.20
3083600,0.28,-0.35,9.51,1.00,-0.01,-0.02,-0.00,-1.93,1.05,-0.18,10.61,0.00,0,2,1001.27,42.08,109.87,1001.27,40.90,109.40,0.79,1000.61,37.93,114.44,0.35,0.79,93.78,310.34,7902,0.28,0.96,9.70,1.00,0.04,-0.02,0.01,2.58,-4.52,0.72,6,8,22,0,35.2901850,136.2528850,82.70, 0.20
3083658,0.33,-0.33,9.68,1.00,-0.01,-0.02,-0.00,-1.93,1.05,-0.18,10.61,0.00,0,2,1001.27,42.09,109.88,1001.27,40.90,109.45,0.79,1000.61,37.93,114.43,0.08,0.38,93.96,310.34,7903,0.65,1.44,9.87,1.00,0.04,-0.02,0.01,2.58,-4.50,0.71,6,8,22,0,35.2901850,136.2528850,82.70, 0.20
3083709,0.33,-0.24,9.39,1.00,-0.01,-0.02,-0.00,-1.94,1.00,-0.18,10.61,0.00,0,2,1001.27,42.09,109.88,1001.27,40.89,109.46,0.79,1000.61,37.94,114.45,0.37,0.80,93.25,310.34,7903,0.61,1.62,9.58,1.00,0.04,-0.02,0.01,2.58,-4.50,0.70,6,8,22,0,35.2901850,136.2528850,82.70, 0.20
3083763,0.31,-0.37,9.35,1.00,-0.01,-0.02,-0.00,-1.94,0.99,-0.17,10.61,0.00,0,2,1001.27,42.10,109.84,1001.27,40.90,109.41,0.79,1000.61,37.93,114.46,0.18,0.57,92.29,310.34,7903,0.37,0.38,9.35,1.00,0.04,-0.02,0.01,2.58,-4.48,0.71,6,8,22,0,35.2901850,136.2528850,82.70, 0.20
3083819,0.27,-0.24,9.52,1.00,-0.01,-0.02,-0.00,-1.94,0.98,-0.17,10.62,0.00,0,2,1001.27,42.09,109.86,1001.27,40.89,109.42,0.79,1000.61,37.94,114.46,-0.17,0.54,91.67,310.34,7903,0.62,1.19,9.68,1.00,0.04,-0.02,0.01,2.58,-4.48,0.70,6,8,23,0,35.2901867,136.2528833,82.70, 0.11
3083877,0.29,-0.21,9.60,1.00,-0.01,-0.02,-0.00,-1.94,0.93,-0.17,10.62,0.00,0,2,1001.27,42.09,109.89,1001.27,40.90,109.40,0.79,1000.60,37.95,114.49,-0.35,0.79,91.76,310.34,7902,0.76,1.09,9.74,1.00,0.04,-0.02,0.01,2.59,-4.48,0.71,6,8,23,0,35.2901867,136.2528833,82.70, 0.11
3083929,0.31,-0.13,9.83,1.00,-0.01,-0.02,-0.00,-1.93,0.89,-0.17,10.61,0.00,0,2,1001.27,42.09,109.82,1001.27,40.90,109.40,0.79,1000.60,37.93,114.51,0.18,0.57,91.58,310.34,7902,0.70,0.71,9.81,1.00,0.04,-0.02,0.01,2.59,-4.48,0.71,6,8,24,0,35.2901850,136.2528817,82.70, 0.11
3083982,0.27,-0.33,9.53,1.00,-0.01,-0.02,-0.00,-1.93,0.85,-0.17,10.61,0.00,0,2,1001.27,42.08,109.85,1001.27,40.90,109.45,0.79,1000.61,37.93,114.42,0.22,0.62,91.05,310.34,7901,0.61,1.08,9.76,1.00,0.04,-0.02,0.01,2.59,-4.48,0.72,6,8,24,0,35.2901850,136.2528817,82.70, 0.11
3084039,0.23,-0.24,9.44,1.00,-0.01,-0.02,-0.00,-1.92,0.81,-0.18,10.61,0.00,0,2,1001.27,42.10,109.84,1001.27,40.90,109.43,0.79,1000.61,37.94,114.40,0.05,0.30,90.53,310.34,7903,0.64,0.84,9.56,1.00,0.04,-0.02,0.01,2.59,-4.46,0.73,6,8,24,0,35.2901850,136.2528817,82.70, 0.11
3084096,0.30,-0.21,9.70,1.00,-0.01,-0.02,-0.00,-1.92,0.77,-0.17,10.60,0.00,0,2,1001.27,42.10,109.86,1001.27,40.89,109.41,0.79,1000.61,37.95,114.39,-0.07,0.34,90.53,310.34,7903,0.54,0.86,9.70,1.00,0.04,-0.02,0.01,2.59,-4.44,0.73,6,8,24,0,35.2901850,136.2528817,82.70, 0.11
3084149,0.32,-0.25,9.59,1.00,-0.01,-0.02,-0.00,-1.92,0.73,-0.17,10.59,0.00,0,2,1001.27,42.10,109.82,1001.27,40.90,109.44,0.79,1000.61,37.93,114.42,-0.02,0.17,90.53,310.34,7903,0.34,0.57,9.63,1.00,0.04,-0.02,0.01,2.58,-4.43,0.73,6,8,24,0,35.2901850,136.2528817,82.70, 0.11
3084201,0.31,-0.29,9.54,1.00,-0.01,-0.02,-0.00,-1.92,0.72,-0.17,10.59,0.00,0,2,1001.27,42.10,109.82,1001.27,40.91,109.46,0.78,1000.61,37.93,114.41,-0.02,0.17,90.53,310.34,7903,0.45,0.83,9.67,1.00,0.04,-0.02,0.01,2.58,-4.44,0.74,6,8,24,0,35.2901850,136.2528817,82.70, 0.11
3084258,0.28,-0.23,9.51,1.00,-0.01,-0.02,-0.00,-1.92,0.69,-0.17,10.59,0.00,0,2,1001.27,42.09,109.84,1001.27,40.90,109.43,0.79,1000.61,37.94,114.43,-0.37,0.80,90.53,310.34,7903,0.53,0.52,9.49,1.00,0.04,-0.02,0.01,2.58,-4.42,0.74,6,8,24,0,35.2901850,136.2528817,82.70, 0.11
3084316,0.29,-0.31,9.44,1.00,-0.01,-0.02,-0.00,-1.92,0.70,-0.17,10.59,0.00,0,2,1001.27,42.10,109.84,1001.27,40.91,109.40,0.78,1000.61,37.93,114.42,-0.07,0.34,90.53,310.34,7903,0.42,0.82,9.57,1.00,0.04,-0.02,0.01,2.58,-4.42,0.74,6,8,24,0,35.2901850,136.2528817,82.70, 0.11
3084369,0.33,-0.23,9.58,1.00,-0.01,-0.02,-0.00,-1.92,0.70,-0.17,10.58,0.00,0,2,1001.27,42.10,109.82,1001.28,40.90,109.36,0.79,1000.61,37.94,114.40,-0.08,0.38,90.62,310.34,7903,0.45,0.57,9.51,1.00,0.04,-0.02,0.01,2.58,-4.41,0.74,6,8,24,0,35.2901850,136.2528817,82.70, 0.11
3084420,0.35,-0.17,9.55,1.00,-0.01,-0.02,-0.00,-1.92,0.71,-0.17,10.57,0.00,0,2,1001.27,42.10,109.84,1001.28,40.91,109.39,0.79,1000.61,37.93,114.41,-0.02,0.17,90.70,310.34,7903,0.35,0.69,9.63,1.00,0.04,-0.02,0.01,2.57,-4.41,0.74,6,8,24,0,35.2901850,136.2528817,82.70, 0.11
3084477,0.39,-0.30,9.55,1.00,-0.01,-0.02,-0.00,-1.92,0.71,-0.17,10.58,0.00,0,2,1001.27,42.10,109.82,1001.27,40.90,109.44,0.79,1000.61,37.95,114.38,0.08,0.38,91.23,310.34,7903,0.27,1.21,9.85,1.00,0.04,-0.02,0.01,2.57,-4.40,0.74,6,8,24,0,35.2901850,136.2528817,82.70, 0.11
3084530,0.33,-0.23,9.56,1.00,-0.01,-0.02,-0.00,-1.93,0.71,-0.17,10.59,0.00,0,2,1001.27,42.09,109.88,1001.27,40.90,109.40,0.78,1000.61,37.93,114.46,0.10,0.42,91.76,310.34,7903,0.33,0.84,9.62,1.00,0.04,-0.02,0.01,2.57,-4.38,0.74,6,8,24,0,35.2901850,136.2528817,82.70, 0.11
3084586,0.31,-0.26,9.55,1.00,-0.01,-0.02,-0.00,-1.94,0.73,-0.17,10.59,0.00,0,2,1001.27,42.11,109.83,1001.27,40.91,109.44,0.79,1000.61,37.93,114.43,-0.02,0.17,92.20,310.34,7903,0.49,0.93,9.60,1.00,0.04,-0.02,0.01,2.57,-4.38,0.74,6,8,24,0,35.2901850,136.2528817,82.70, 0.11
3084638,0.31,-0.26,9.50,1.00,-0.01,-0.02,-0.00,-1.94,0.75,-0.17,10.60,0.00,0,2,1001.27,42.10,109.85,1001.27,40.90,109.41,0.79,1000.61,37.93,114.42,-0.08,0.38,91.85,310.34,7903,0.43,0.74,9.56,1.00,0.04,-0.02,0.01,2.57,-4.38,0.74,6,8,24,0,35.2901850,136.2528817,82.70, 0.11
3084695,0.33,-0.26,9.65,1.00,-0.01,-0.02,-0.00,-1.94,0.77,-0.17,10.60,0.00,0,2,1001.27,42.11,109.85,1001.27,40.91,109.40,0.78,1000.60,37.92,114.48,0.13,0.49,91.58,310.34,7903,0.32,0.79,9.63,1.00,0.04,-0.02,0.01,2.57,-4.38,0.74,6,8,24,0,35.2901850,136.2528817,82.70, 0.11
3084747,0.38,-0.33,9.53,1.00,-0.01,-0.02,-0.00,-1.95,0.79,-0.16,10.61,0.00,0,2,1001.27,42.12,109.88,1001.27,40.91,109.40,0.78,1000.60,37.93,114.53,0.07,0.34,90.62,310.34,7903,0.41,0.89,9.68,1.00,0.04,-0.02,0.01,2.55,-4.39,0.74,6,8,24,0,35.2901850,136.2528817,82.70, 0.10
3084805,0.36,-0.33,9.52,1.00,-0.01,-0.02,-0.00,-1.95,0.82,-0.16,10.62,0.00,0,2,1001.27,42.11,109.86,1001.27,40.91,109.45,0.79,1000.59,37.92,114.59,0.10,0.42,90.62,310.34,7903,0.31,0.72,9.60,1.00,0.04,-0.02,0.01,2.55,-4.39,0.74,6,8,24,0,35.2901850,136.2528817,82.70, 0.10
3084857,0.31,-0.24,9.50,1.00,-0.01,-0.02,-0.00,-1.95,0.84,-0.16,10.63,0.00,0,2,1001.27,42.11,109.88,1001.27,40.92,109.44,0.79,1000.59,37.94,114.57,0.03,0.24,90.62,310.34,7903,0.35,0.87,9.61,1.00,0.04,-0.02,0.01,2.54,-4.38,0.74,6,8,25,0,35.2901867,136.2528817,82.70, 0.10
3084914,0.32,-0.26,9.49,1.00,-0.01,-0.02,-0.00,-1.95,0.86,-0.16,10.64,0.00,0,2,1001.26,42.10,109.91,1001.27,40.91,109.46,0.78,1000.60,37.94,114.52,-0.13,0.49,90.62,310.34,7902,0.30,0.84,9.68,1.00,0.04,-0.02,0.01,2.54,-4.36,0.74,6,8,25,0,35.2901867,136.2528817,82.70, 0.10
3084965,0.33,-0.21,9.58,1.00,-0.01,-0.02,-0.00,-1.95,0.86,-0.16,10.65,0.00,0,2,1001.26,42.10,109.90,1001.27,40.91,109.45,0.78,1000.60,37.94,114.49,-0.20,0.59,90.62,310.34,7903,0.37,1.16,9.79,1.00,0.04,-0.02,0.01,2.53,-4.36,0.74,6,8,25,0,35.2901867,136.2528817,82.70, 0.10
3085019,0.38,-0.21,9.61,1.00,-0.01,-0.02,-0.00,-1.95,0.86,-0.16,10.64,0.00,0,2,1001.27,42.10,109.87,1001.27,40.92,109.45,0.78,1000.61,37.95,114.45,-0.28,0.71,90.62,310.34,7903,0.24,0.55,9.65,1.00,0.04,-0.02,0.01,2.53,-4.36,0.74,6,8,25,0,35.2901867,136.2528817,82.70, 0.10
3085075,0.40,-0.08,9.55,1.00,-0.01,-0.02,-0.00,-1.96,0.86,-0.16,10.62,0.00,0,2,1001.27,42.10,109.85,1001.27,40.91,109.43,0.78,1000.61,37.93,114.46,-0.37,0.80,90.62,310.34,7903,0.21,0.93,9.67,1.00,0.04,-0.02,0.01,2.53,-4.34,0.74,6,8,25,0,35.2901867,136.2528817,82.70, 0.10
3085127,0.37,-0.18,9.44,1.00,-0.01,-0.02,-0.00,-1.96,0.86,-0.16,10.61,0.00,0,2,1001.27,42.11,109.83,1001.27,40.91,109.41,0.78,1000.61,37.93,114.46,0.05,0.30,91.41,310.34,7903,0.30,0.97,9.53,1.00,0.04,-0.02,0.01,2.53,-4.34,0.74,6,8,25,0,35.2901867,136.2528817,82.70, 0.10
3085184,0.36,-0.21,9.61,1.00,-0.01,-0.02,-0.00,-1.97,0.86,-0.16,10.60,0.00,0,2,1001.27,42.10,109.84,1001.27,40.91,109.41,0.77,1000.61,37.93,114.46,-0.13,0.49,92.02,310.34,7902,0.28,0.17,9.47,1.00,0.04,-0.02,0.01,2.53,-4.31,0.75,6,8,25,0,35.2901867,136.2528817,82.70, 0.10
3085242,0.42,-0.18,9.50,1.00,-0.01,-0.02,-0.00,-1.97,0.87,-0.16,10.60,0.00,0,2,1001.27,42.10,109.87,1001.27,40.91,109.44,0.78,1000.61,37.93,114.44,-0.03,0.24,91.85,310.34,7903,0.25,0.45,9.51,1.00,0.04,-0.02,0.01,2.53,-4.31,0.75,6,8,25,0,35.2901867,136.2528817,82.70, 0.10
3085295,0.43,-0.21,9.57,1.00,-0.01,-0.02,-0.00,-1.99,0.89,-0.16,10.60,0.00,0,2,1001.27,42.10,109.85,1001.27,40.91,109.43,0.78,1000.61,37.92,114.43,0.12,0.45,91.58,310.34,7903,0.21,0.57,9.60,1.00,0.04,-0.02,0.01,2.51,-4.29,0.75,6,8,25,0,35.2901867,136.2528817,82.70, 0.10
3085346,0.38,-0.25,9.50,1.00,-0.01,-0.02,-0.00,-1.99,0.89,-0.16,10.60,0.00,0,2,1001.27,42.10,109.89,1001.27,40.91,109.41,0.78,1000.61,37.94,114.42,-0.07,0.34,91.49,310.34,7902,0.42,0.98,9.74,1.00,0.04,-0.02,0.01,2.49,-4.28,0.75,6,8,25,0,35.2901867,136.2528817,82.70, 0.10
3085403,0.42,-0.29,9.65,1.00,-0.01,-0.02,-0.00,-2.00,0.91,-0.16,10.60,0.00,0,2,1001.27,42.12,109.84,1001.27,40.93,109.40,0.78,1000.61,37.93,114.42,-0.02,0.17,91.41,310.34,7902,0.14,0.60,9.74,1.00,0.04,-0.02,0.01,2.49,-4.28,0.75,6,8,25,0,35.2901867,136.2528817,82.70, 0.10
3085461,0.37,-0.16,9.68,1.00,-0.01,-0.02,-0.00,-2.01,0.92,-0.16,10.59,0.00,0,2,1001.27,42.11,109.87,1001.27,40.91,109.41,0.78,1000.61,37.94,114.38,-0.08,0.38,90.97,310.34,7903,0.35,0.91,9.73,1.00,0.04,-0.02,0.01,2.48,-4.27,0.75,6,8,25,0,35.2901867,136.2528817,82.70, 0.10
3085514,0.34,-0.29,9.46,1.00,-0.01,-0.02,-0.00,-2.01,0.93,-0.16,10.59,0.00,0,2,1001.27,42.10,109.84,1001.27,40.91,109.41,0.78,1000.61,37.94,114.38,-0.22,0.62,90.70,310.34,7902,0.34,0.84,9.49,1.00,0.04,-0.02,0.01,2.48,-4.27,0.75,6,8,25,0,35.2901867,136.2528817,82.70, 0.10
3085571,0.30,-0.31,9.42,1.00,-0.01,-0.02,-0.00,-2.01,0.95,-0.16,10.59,0.00,0,2,1001.27,42.09,109.88,1001.27,40.91,109.43,0.78,1000.61,37.93,114.41,0.05,0.30,90.62,310.34,7902,0.49,1.30,9.68,1.00,0.04,-0.02,0.01,2.48,-4.27,0.75,6,8,25,0,35.2901867,136.2528817,82.70, 0.10
3085623,0.30,-0.18,9.58,1.00,-0.01,-0.02,-0.00,-2.01,0.96,-0.16,10.59,0.00,0,2,1001.27,42.10,109.84,1001.27,40.91,109.41,0.77,1000.61,37.94,114.43,-0.02,0.17,90.70,310.34,7903,0.38,0.17,9.49,1.00,0.04,-0.02,0.01,2.48,-4.26,0.75,6,8,25,0,35.2901867,136.2528817,82.70, 0.10
3085676,0.33,-0.11,9.60,1.00,-0.01,-0.02,-0.00,-2.01,0.96,-0.16,10.58,0.00,0,2,1001.28,42.10,109.80,1001.27,40.92,109.41,0.77,1000.61,37.93,114.39,0.23,0.64,90.70,310.34,7903,0.29,0.40,9.58,1.00,0.04,-0.02,0.01,2.48,-4.25,0.75,6,8,25,0,35.2901867,136.2528817,82.70, 0.10
3085733,0.37,-0.27,9.52,1.00,-0.01,-0.02,-0.00,-2.01,0.96,-0.16,10.57,0.00,0,2,1001.27,42.10,109.84,1001.27,40.91,109.40,0.77,1000.61,37.92,114.39,-0.03,0.24,90.70,310.34,7903,0.21,0.83,9.56,1.00,0.04,-0.02,0.01,2.46,-4.24,0.75,6,8,25,0,35.2901867,136.2528817,82.70, 0.04
3085791,0.25,-0.21,9.49,1.00,-0.01,-0.02,-0.00,-2.02,0.98,-0.16,10.56,0.00,0,2,1001.27,42.11,109.81,1001.27,40.92,109.40,0.78,1000.61,37.92,114.38,-0.13,0.49,90.70,310.34,7903,0.51,0.60,9.58,1.00,0.04,-0.02,0.01,2.46,-4.24,0.74,6,8,25,0,35.2901867,136.2528817,82.70, 0.04
3085843,0.30,0.03,9.81,1.00,-0.01,-0.02,-0.00,-2.02,0.98,-0.16,10.58,0.00,0,2,1001.27,42.11,109.81,1001.27,40.93,109.43,0.78,1000.61,37.93,114.38,0.42,0.86,90.62,310.34,7903,0.16,0.67,9.46,1.00,0.04,-0.02,0.01,2.46,-4.23,0.74,6,8,25,0,35.2901867,136.2528817,82.70, 0.04
3085899,0.21,-0.25,9.24,1.00,-0.01,-0.02,-0.00,-1.98,1.01,-0.16,10.58,0.00,0,2,1001.27,42.12,109.82,1001.27,40.92,109.44,0.77,1000.62,37.93,114.37,0.33,0.77,90.62,310.34,7903,0.27,0.33,9.48,1.00,0.04,-0.02,0.01,2.51,-4.27,0.73,6,8,26,0,35.2901867,136.2528817,82.70, 0.04
3085952,0.21,-0.27,9.45,1.00,-0.01,-0.02,-0.00,-1.98,1.02,-0.16,10.58,0.00,0,2,1001.27,42.11,109.83,1001.27,40.91,109.44,0.77,1000.62,37.94,114.33,0.17,0.54,90.70,310.34,7903,0.54,0.86,9.80,1.00,0.04,-0.02,0.01,2.52,-4.29,0.73,6,8,26,0,35.2901867,136.2528817,82.70, 0.04
3086010,0.32,-0.27,9.53,1.00,-0.01,-0.02,-0.00,-1.97,1.02,-0.16,10.58,0.00,0,2,1001.27,42.12,109.82,1001.27,40.92,109.42,0.77,1000.61,37.91,114.40,0.67,1.08,90.62,310.34,7903,0.73,0.68,9.55,1.00,0.04,-0.02,0.01,2.53,-4.28,0.71,6,8,26,0,35.2901867,136.2528817,82.70, 0.04
3086062,0.39,-0.15,9.20,1.00,-0.01,-0.02,-0.00,-1.95,1.02,-0.16,10.58,0.00,0,2,1001.28,42.12,109.81,1001.27,40.92,109.44,0.77,1000.61,37.92,114.39,1.12,1.40,90.62,310.34,7903,-0.11,0.51,9.41,1.00,0.04,-0.02,0.01,2.54,-4.29,0.71,6,8,26,0,35.2901867,136.2528817,82.70, 0.04
3086119,0.30,-0.22,8.97,1.00,-0.01,-0.02,-0.00,-1.88,1.06,-0.16,10.58,0.00,0,2,1001.27,42.12,109.82,1001.27,40.93,109.42,0.76,1000.61,37.93,114.40,1.62,1.69,90.62,310.34,7903,0.45,0.57,9.12,1.00,0.04,-0.02,0.01,2.63,-4.32,0.70,6,8,26,0,35.2901867,136.2528817,82.70, 0.04
3086171,-0.09,-0.27,9.24,1.00,-0.01,-0.02,-0.00,-1.78,1.14,-0.16,10.58,0.00,0,2,1001.27,42.10,109.82,1001.27,40.90,109.42,0.77,1000.61,37.92,114.43,2.07,1.91,90.62,310.34,7903,1.32,0.83,9.57,1.00,0.04,-0.02,0.01,2.73,-4.40,0.67,6,8,26,0,35.2901867,136.2528817,82.70, 0.04
3086224,0.33,-0.19,10.08,1.00,-0.01,-0.02,-0.00,-1.76,1.19,-0.16,10.59,0.00,0,2,1001.27,42.12,109.82,1001.27,40.93,109.46,0.75,1000.61,37.93,114.41,2.48,2.09,90.70,310.34,7903,1.83,1.07,10.39,1.00,0.04,-0.02,0.01,2.80,-4.43,0.66,6,8,26,0,35.2901867,136.2528817,82.70, 0.04
3086282,0.42,-0.08,9.86,1.00,-0.01,-0.02,-0.00,-1.74,1.21,-0.16,10.58,0.00,0,2,1001.27,42.11,109.83,1001.27,40.92,109.44,0.76,1000.61,37.93,114.41,3.52,2.49,91.67,310.34,7902,0.08,0.40,9.97,1.00,0.04,-0.02,0.01,2.81,-4.42,0.71,6,8,26,0,35.2901867,136.2528817,82.70, 0.04
3086337,0.30,-0.43,10.10,1.00,-0.01,-0.01,-0.00,-1.72,1.24,-0.16,10.58,0.00,0,2,1001.27,42.12,109.84,1001.27,40.92,109.45,0.76,1000.62,37.95,114.33,1.07,1.37,93.25,310.34,7903,0.91,2.04,10.25,1.00,0.04,-0.02,0.01,2.85,-4.46,0.69,6,8,26,0,35.2901867,136.2528817,82.70, 0.04
3086391,0.37,-0.03,9.41,1.00,-0.01,-0.02,-0.00,-1.72,1.18,-0.16,10.59,0.00,0,2,1001.27,42.13,109.84,1001.27,40.93,109.45,0.76,1000.61,37.92,114.37,0.57,1.00,94.48,310.34,7903,0.42,0.43,9.59,1.00,0.04,-0.02,0.01,2.85,-4.38,0.69,6,8,26,0,35.2901867,136.2528817,82.70, 0.04
3086443,0.41,-0.22,9.72,1.00,-0.01,-0.01,-0.00,-1.72,1.17,-0.16,10.60,0.00,0,2,1001.27,42.12,109.84,1001.27,40.93,109.40,0.76,1000.62,37.94,114.36,1.82,1.79,97.29,310.34,7902,-0.24,0.28,9.54,1.00,0.04,-0.02,0.01,2.88,-4.36,0.70,6,8,26,0,35.2901867,136.2528817,82.70, 0.04
3086500,0.33,-0.37,9.40,1.00,-0.01,-0.01,-0.00,-1.72,1.16,-0.16,10.59,0.00,0,2,1001.27,42.13,109.84,1001.27,40.92,109.44,0.76,1000.61,37.94,114.42,1.38,1.56,101.87,310.34,7903,0.75,1.42,9.63,1.00,0.04,-0.02,0.01,2.89,-4.35,0.66,6,8,26,0,35.2901867,136.2528817,82.70, 0.04
3086559,0.32,-0.16,9.50,1.00,-0.01,-0.01,-0.00,-1.72,1.17,-0.16,10.60,0.00,0,2,1001.27,42.13,109.85,1001.27,40.91,109.43,0.76,1000.60,37.92,114.50,0.88,1.25,106.96,310.34,7902,0.78,0.63,9.56,1.00,0.04,-0.02,0.01,2.89,-4.36,0.65,6,8,26,0,35.2901867,136.2528817,82.70, 0.04
3086612,0.24,-0.26,9.72,1.00,-0.01,-0.01,-0.00,-1.72,1.17,-0.16,10.63,0.00,0,2,1001.27,42.13,109.88,1001.27,40.91,109.46,0.76,1000.60,37.93,114.51,0.97,1.31,109.86,310.34,7903,0.03,1.71,10.11,1.00,0.04,-0.02,0.01,2.88,-4.41,0.65,6,8,26,0,35.2901867,136.2528817,82.70, 0.04
3086669,0.28,-0.32,9.59,1.00,-0.01,-0.02,-0.00,-1.73,1.17,-0.16,10.63,0.00,0,2,1001.27,42.13,109.86,1001.27,40.92,109.44,0.76,1000.60,37.94,114.50,0.67,1.08,113.82,310.25,7903,0.95,0.01,9.35,1.00,0.04,-0.02,0.01,2.87,-4.37,0.63,6,8,26,0,35.2901867,136.2528817,82.70, 0.04
3086721,0.20,-0.32,9.60,1.00,-0.01,-0.02,-0.00,-1.73,1.17,-0.16,10.63,0.00,0,2,1001.27,42.12,109.89,1001.27,40.93,109.43,0.76,1000.60,37.95,114.50,0.73,1.14,113.73,310.34,7903,0.91,0.69,9.54,1.00,0.04,-0.02,0.01,2.87,-4.37,0.61,6,8,26,0,35.2901867,136.2528817,82.70, 0.04
3086779,0.20,-0.24,9.37,1.00,-0.01,-0.02,-0.00,-1.73,1.17,-0.16,10.63,0.00,0,2,1001.27,42.13,109.87,1001.27,40.93,109.44,0.76,1000.60,37.94,114.49,-0.07,0.34,111.62,310.34,7902,0.65,1.32,9.55,1.00,0.04,-0.02,0.01,2.87,-4.36,0.60,6,8,26,0,35.2901867,136.2528817,82.70, 0.23
3086838,0.21,-0.29,9.44,1.00,-0.01,-0.02,-0.00,-1.73,1.17,-0.16,10.64,0.00,0,2,1001.27,42.14,109.88,1001.27,40.93,109.42,0.76,1000.60,37.92,114.53,0.00,0.00,108.98,310.25,7902,0.28,1.20,9.65,1.00,0.04,-0.02,0.01,2.87,-4.33,0.58,6,8,26,0,35.2901867,136.2528817,82.70, 0.23
3086891,0.19,-0.31,9.54,1.00,-0.01,-0.02,-0.00,-1.73,1.17,-0.16,10.63,0.00,0,2,1001.27,42.14,109.86,1001.27,40.94,109.41,0.76,1000.60,37.92,114.55,0.23,0.64,106.88,310.34,7903,0.87,0.59,9.46,1.00,0.04,-0.02,0.01,2.87,-4.32,0.58,6,8,26,0,35.2901867,136.2528817,82.70, 0.23
3086946,0.17,-0.20,9.59,1.00,-0.01,-0.02,-0.00,-1.73,1.14,-0.16,10.63,0.00,0,2,1001.27,42.14,109.90,1001.27,40.93,109.45,0.76,1000.60,37.93,114.48,0.18,0.57,102.74,310.25,7902,0.94,0.27,9.49,1.00,0.04,-0.02,0.01,2.87,-4.29,0.56,6,8,27,0,35.2901867,136.2528817,82.70, 0.23
3086998,0.18,-0.19,9.53,1.00,-0.01,-0.02,-0.00,-1.73,1.11,-0.16,10.62,0.00,0,2,1001.27,42.14,109.86,1001.27,40.92,109.42,0.76,1000.60,37.93,114.50,0.13,0.49,98.96,310.34,7903,0.47,0.89,9.71,1.00,0.04,-0.02,0.01,2.86,-4.27,0.54,6,8,27,0,35.2901867,136.2528817,82.70, 0.23
3087057,0.12,-0.21,9.60,1.00,-0.01,-0.02,-0.00,-1.73,1.10,-0.16,10.64,0.00,0,2,1001.27,42.14,109.90,1001.27,40.92,109.43,0.76,1000.61,37.95,114.43,0.22,0.62,96.33,310.34,7903,0.88,0.62,9.53,1.00,0.04,-0.02,0.01,2.87,-4.25,0.54,6,8,27,0,35.2901867,136.2528817,82.70, 0.23
3087109,0.11,-0.12,9.48,1.00,-0.01,-0.02,-0.00,-1.73,1.10,-0.16,10.63,0.00,0,2,1001.27,42.14,109.86,1001.27,40.92,109.42,0.76,1000.61,37.93,114.44,0.10,0.42,94.31,310.25,7903,0.05,0.38,9.57,1.00,0.04,-0.02,0.01,2.88,-4.23,0.56,6,8,27,0,35.2901867,136.2528817,82.70, 0.23
3087161,0.32,-0.09,9.55,1.00,-0.01,-0.02,-0.00,-1.73,1.09,-0.16,10.63,0.00,0,2,1001.27,42.15,109.86,1001.27,40.92,109.42,0.76,1000.60,37.93,114.47,0.23,0.64,91.23,310.25,7903,0.79,0.44,9.50,1.00,0.04,-0.02,0.01,2.88,-4.23,0.54,6,8,27,0,35.2901867,136.2528817,82.70, 0.23
3087217,0.11,-0.24,9.70,1.00,-0.01,-0.02,-0.00,-1.73,1.09,-0.16,10.61,0.00,0,2,1001.27,42.14,109.85,1001.28,40.94,109.38,0.76,1000.61,37.94,114.45,0.17,0.54,90.09,310.25,7903,-0.02,0.29,9.65,1.00,0.04,-0.02,0.01,2.87,-4.18,0.57,6,8,27,0,35.2901867,136.2528817,82.70, 0.23
3087269,0.12,-0.21,9.40,1.00,-0.01,-0.02,-0.00,-1.73,1.08,-0.16,10.60,0.00,0,2,1001.28,42.15,109.82,1001.28,40.92,109.39,0.76,1000.60,37.95,114.50,0.22,0.62,88.77,310.34,7903,0.36,0.95,9.63,1.00,0.04,-0.02,0.01,2.87,-4.16,0.57,6,8,27,0,35.2901867,136.2528817,82.70, 0.23
3087327,0.13,-0.20,9.59,1.00,-0.01,-0.02,-0.00,-1.73,1.05,-0.16,10.59,0.00,0,2,1001.27,42.13,109.86,1001.28,40.93,109.41,0.76,1000.60,37.93,114.49,0.15,0.51,88.42,310.34,7903,0.78,0.71,9.67,1.00,0.04,-0.02,0.01,2.87,-4.14,0.57,6,8,27,0,35.2901867,136.2528817,82.70, 0.23
3087378,0.32,-0.19,9.34,1.00,-0.01,-0.02,-0.00,-1.73,1.03,-0.16,10.59,0.00,0,2,1001.27,42.12,109.87,1001.28,40.93,109.40,0.76,1000.61,37.93,114.46,0.20,0.59,88.42,310.34,7903,0.21,0.87,9.45,1.00,0.04,-0.02,0.01,2.87,-4.11,0.58,6,8,27,0,35.2901867,136.2528817,82.70, 0.23
3087435,0.31,-0.23,9.81,1.00,-0.01,-0.02,-0.00,-1.73,0.99,-0.15,10.59,0.00,0,2,1001.28,42.14,109.81,1001.28,40.92,109.39,0.76,1000.61,37.93,114.43,0.28,0.71,88.42,310.34,7903,0.58,0.56,9.60,1.00,0.04,-0.02,0.01,2.87,-4.07,0.58,6,8,27,0,35.2901867,136.2528817,82.70, 0.23
3087486,0.16,-0.20,9.87,1.00,-0.01,-0.02,-0.00,-1.74,0.95,-0.15,10.59,0.00,0,2,1001.27,42.14,109.85,1001.27,40.93,109.40,0.76,1000.61,37.93,114.46,0.12,0.45,88.42,310.25,7903,0.24,0.82,9.98,1.00,0.04,-0.02,0.01,2.87,-4.02,0.57,6,8,27,0,35.2901867,136.2528817,82.70, 0.23
3087545,0.23,-0.03,9.74,1.00,-0.01,-0.02,-0.00,-1.74,0.90,-0.15,10.58,0.00,0,2,1001.28,42.14,109.81,1001.27,40.94,109.42,0.76,1000.61,37.94,114.43,0.10,0.42,88.42,310.25,7902,0.36,0.44,9.68,1.00,0.03,-0.02,0.01,2.87,-3.99,0.58,6,8,27,0,35.2901867,136.2528817,82.70, 0.23
3087598,0.24,-0.18,9.50,1.00,-0.01,-0.02,-0.00,-1.75,0.85,-0.15,10.59,0.00,0,2,1001.27,42.14,109.86,1001.27,40.94,109.43,0.76,1000.61,37.95,114.41,-0.22,0.62,88.42,310.34,7902,0.34,0.78,9.65,1.00,0.03,-0.02,0.01,2.86,-3.95,0.59,6,8,27,0,35.2901867,136.2528817,82.70, 0.23
3087655,0.26,-0.15,9.62,1.00,-0.01,-0.02,-0.00,-1.77,0.80,-0.16,10.58,0.00,0,2,1001.28,42.13,109.80,1001.27,40.92,109.41,0.76,1000.61,37.94,114.42,-0.38,0.82,88.33,310.34,7902,0.17,0.45,9.62,1.00,0.03,-0.02,0.01,2.85,-3.85,0.60,6,8,27,0,35.2901867,136.2528817,82.70, 0.23
3087707,0.29,-0.17,9.74,1.00,-0.01,-0.02,-0.00,-1.78,0.73,-0.16,10.57,0.00,0,2,1001.28,42.13,109.79,1001.27,40.94,109.41,0.76,1000.61,37.95,114.39,-0.12,0.45,88.24,310.25,7902,0.29,0.56,9.69,1.00,0.03,-0.02,0.01,2.85,-3.79,0.61,6,8,27,0,35.2901867,136.2528817,82.70, 0.23
3087765,0.25,0.01,9.41,1.00,-0.01,-0.02,-0.00,-1.79,0.68,-0.16,10.56,0.00,0,2,1001.27,42.14,109.83,1001.28,40.93,109.42,0.76,1000.61,37.95,114.39,0.15,0.51,88.15,310.25,7903,0.57,0.34,9.45,1.00,0.03,-0.02,0.01,2.85,-3.78,0.62,6,8,27,0,35.2901867,136.2528817,82.70, 0.29
3087817,0.32,0.03,9.41,1.00,-0.01,-0.02,-0.00,-1.79,0.68,-0.16,10.57,0.00,0,2,1001.27,42.12,109.84,1001.27,40.94,109.43,0.76,1000.61,37.94,114.41,0.10,0.42,88.15,310.25,7902,0.01,0.47,9.48,1.00,0.03,-0.02,0.01,2.83,-3.74,0.64,6,8,27,0,35.2901867,136.2528817,82.70, 0.29
3087871,0.24,-0.15,9.31,1.00,-0.01,-0.02,-0.00,-1.79,0.68,-0.16,10.58,0.00,0,2,1001.27,42.15,109.86,1001.27,40.93,109.43,0.76,1000.61,37.93,114.41,0.08,0.38,87.98,310.25,7902,0.37,0.94,9.63,1.00,0.03,-0.02,0.01,2.82,-3.70,0.64,6,8,27,0,35.2901867,136.2528817,82.70, 0.29
3087926,0.22,-0.23,9.56,1.00,-0.01,-0.02,-0.00,-1.79,0.68,-0.16,10.59,0.00,0,2,1001.27,42.14,109.86,1001.28,40.93,109.40,0.76,1000.61,37.94,114.42,-0.47,0.91,87.98,310.34,7902,0.41,0.57,9.59,1.00,0.03,-0.02,0.01,2.82,-3.70,0.65,6,8,28,0,35.2901867,136.2528833,82.60, 0.29
3087982,0.21,-0.14,9.59,1.00,-0.01,-0.02,-0.00,-1.79,0.67,-0.16,10.60,0.00,0,2,1001.27,42.14,109.84,1001.27,40.93,109.40,0.76,1000.61,37.94,114.46,-0.45,0.89,88.07,310.25,7903,0.36,0.78,9.74,1.00,0.03,-0.02,0.01,2.82,-3.70,0.65,6,8,28,0,35.2901867,136.2528833,82.60, 0.29
3088035,0.30,-0.04,9.35,1.00,-0.01,-0.02,-0.00,-1.79,0.65,-0.16,10.59,0.00,0,2,1001.27,42.14,109.83,1001.27,40.94,109.40,0.76,1000.60,37.94,114.49,0.13,0.49,89.21,310.25,7902,0.27,0.56,9.42,1.00,0.03,-0.02,0.01,2.84,-3.67,0.64,6,8,28,0,35.2901867,136.2528833,82.60, 0.29
3088092,0.29,-0.14,9.41,1.00,-0.01,-0.02,-0.00,-1.79,0.65,-0.16,10.60,0.00,0,2,1001.27,42.13,109.85,1001.27,40.93,109.43,0.76,1000.61,37.93,114.44,0.12,0.45,93.25,310.34,7903,0.60,0.44,9.55,1.00,0.03,-0.02,0.01,2.83,-3.66,0.65,6,8,28,0,35.2901867,136.2528833,82.60, 0.29
3088145,0.33,-0.08,9.59,1.00,-0.01,-0.02,-0.00,-1.79,0.65,-0.16,10.60,0.00,0,2,1001.27,42.14,109.83,1001.27,40.93,109.43,0.76,1000.61,37.95,114.41,0.25,0.66,95.01,310.25,7902,0.20,0.40,9.65,1.00,0.03,-0.02,0.01,2.82,-3.64,0.66,6,8,28,0,35.2901867,136.2528833,82.60, 0.29
3088201,0.30,-0.07,9.72,1.00,-0.01,-0.02,-0.00,-1.79,0.65,-0.16,10.59,0.00,0,2,1001.27,42.14,109.84,1001.27,40.93,109.44,0.75,1000.61,37.93,114.42,-0.02,0.17,95.80,310.25,7902,0.27,0.81,9.90,1.00,0.03,-0.02,0.01,2.81,-3.63,0.66,6,8,28,0,35.2901867,136.2528833,82.60, 0.29
3088254,0.23,-0.04,9.63,1.00,-0.01,-0.02,-0.00,-1.79,0.65,-0.16,10.60,0.00,0,2,1001.27,42.14,109.88,1001.27,40.94,109.44,0.75,1000.61,37.94,114.41,0.02,0.17,95.71,310.25,7902,0.64,0.53,9.67,1.00,0.03,-0.02,0.01,2.81,-3.63,0.66,6,8,28,0,35.2901867,136.2528833,82.60, 0.29
3088313,0.26,-0.15,9.61,1.00,-0.01,-0.02,-0.00,-1.79,0.65,-0.16,10.60,0.00,0,2,1001.28,42.15,109.82,1001.28,40.95,109.40,0.75,1000.59,37.94,114.59,0.30,0.73,96.06,310.25,7903,0.34,0.50,9.66,1.00,0.03,-0.02,0.01,2.81,-3.63,0.66,6,8,28,0,35.2901867,136.2528833,82.60, 0.29
3088366,0.18,-0.11,9.48,1.00,-0.01,-0.02,-0.00,-1.79,0.65,-0.16,10.61,0.00,0,2,1001.27,42.14,109.86,1001.27,40.93,109.45,0.75,1000.60,37.94,114.55,0.47,0.91,96.15,310.25,7902,0.64,0.52,9.56,1.00,0.03,-0.02,0.01,2.82,-3.62,0.67,6,8,28,0,35.2901867,136.2528833,82.60, 0.29
3088423,0.43,-0.05,9.48,1.00,-0.01,-0.02,-0.00,-1.79,0.65,-0.16,10.61,0.00,0,2,1001.27,42.15,109.86,1001.27,40.94,109.42,0.75,1000.60,37.94,114.50,0.37,0.80,95.89,310.34,7902,0.28,0.45,9.57,1.00,0.03,-0.02,0.01,2.81,-3.61,0.67,6,8,28,0,35.2901867,136.2528833,82.60, 0.29
3088476,0.43,-0.06,9.62,1.00,-0.01,-0.02,-0.00,-1.79,0.66,-0.16,10.61,0.00,0,2,1001.27,42.14,109.86,1001.27,40.93,109.41,0.75,1000.61,37.94,114.44,0.15,0.51,95.98,310.25,7902,0.78,0.79,9.64,1.00,0.03,-0.02,0.01,2.81,-3.61,0.67,6,8,28,0,35.2901867,136.2528833,82.60, 0.29
3088534,0.37,-0.13,9.60,1.00,-0.01,-0.02,-0.00,-1.79,0.66,-0.16,10.62,0.00,0,2,1001.27,42.15,109.89,1001.27,40.93,109.42,0.75,1000.61,37.95,114.41,0.15,0.51,95.98,310.34,7902,0.98,0.72,9.58,1.00,0.03,-0.02,0.01,2.81,-3.63,0.66,6,8,28,0,35.2901867,136.2528833,82.60, 0.29
3088591,0.12,-0.15,9.61,1.00,-0.01,-0.02,-0.00,-1.79,0.68,-0.16,10.61,0.00,0,2,1001.27,42.15,109.87,1001.27,40.92,109.41,0.75,1000.61,37.95,114.44,0.13,0.49,95.98,310.25,7902,0.73,0.46,9.57,1.00,0.03,-0.02,0.01,2.81,-3.63,0.67,6,8,28,0,35.2901867,136.2528833,82.60, 0.29
3088644,0.30,-0.05,9.52,1.00,-0.01,-0.02,-0.00,-1.79,0.68,-0.16,10.61,0.00,0,2,1001.27,42.16,109.85,1001.27,40.94,109.43,0.75,1000.60,37.93,114.48,0.12,0.45,95.89,310.34,7902,0.04,0.42,9.60,1.00,0.03,-0.02,0.01,2.81,-3.63,0.67,6,8,28,0,35.2901867,136.2528833,82.60, 0.29
3088701,0.31,-0.06,9.40,1.00,-0.01,-0.02,-0.00,-1.79,0.68,-0.16,10.60,0.00,0,2,1001.28,42.16,109.81,1001.27,40.94,109.41,0.75,1000.61,37.93,114.38,0.23,0.64,95.71,310.34,7902,0.82,0.65,9.50,1.00,0.03,-0.02,0.01,2.81,-3.64,0.65,6,8,28,0,35.2901867,136.2528833,82.60, 0.29
3088753,0.26,-0.13,9.54,1.00,-0.01,-0.02,-0.00,-1.79,0.68,-0.16,10.59,0.00,0,2,1001.28,42.15,109.82,1001.27,40.94,109.41,0.75,1000.61,37.95,114.40,0.07,0.34,95.71,310.34,7902,0.98,0.64,9.56,1.00,0.03,-0.02,0.01,2.81,-3.62,0.65,6,8,28,0,35.2901867,136.2528833,82.60, 0.16
3088810,0.42,-0.21,9.62,1.00,-0.01,-0.02,-0.00,-1.79,0.68,-0.16,10.59,0.00,0,2,1001.27,42.16,109.83,1001.28,40.93,109.43,0.75,1000.61,37.94,114.42,0.33,0.77,95.71,310.25,7903,0.93,0.98,9.80,1.00,0.03,-0.02,0.01,2.82,-3.63,0.67,6,8,28,0,35.2901867,136.2528833,82.60, 0.16
3088863,0.27,-0.08,9.56,1.00,-0.01,-0.02,-0.00,-1.79,0.68,-0.16,10.59,0.00,0,2,1001.27,42.15,109.86,1001.27,40.93,109.42,0.75,1000.61,37.94,114.40,0.13,0.49,95.54,310.25,7902,0.60,0.32,9.57,1.00,0.03,-0.02,0.01,2.82,-3.63,0.65,6,8,28,0,35.2901867,136.2528833,82.60, 0.16
3088916,0.34,-0.12,9.79,1.00,-0.01,-0.02,-0.00,-1.79,0.68,-0.16,10.60,0.00,0,2,1001.27,42.15,109.83,1001.27,40.93,109.40,0.75,1000.61,37.94,114.38,-0.05,0.30,95.36,310.25,7903,0.63,1.15,9.88,1.00,0.03,-0.02,0.01,2.81,-3.66,0.65,6,8,28,0,35.2901867,136.2528833,82.60, 0.16
3088972,0.28,0.00,9.61,1.00,-0.01,-0.02,-0.00,-1.79,0.68,-0.16,10.60,0.00,0,2,1001.27,42.16,109.85,1001.27,40.94,109.43,0.75,1000.61,37.94,114.42,0.23,0.64,95.19,310.25,7903,0.72,0.60,9.56,1.00,0.03,-0.02,0.01,2.81,-3.66,0.64,6,8,29,0,35.2901867,136.2528850,82.50, 0.16
3089026,0.24,-0.09,9.55,1.00,-0.01,-0.02,-0.00,-1.79,0.68,-0.16,10.60,0.00,0,2,1001.27,42.15,109.85,1001.27,40.93,109.40,0.76,1000.61,37.93,114.38,-0.37,0.80,95.19,310.34,7903,0.27,0.58,9.54,1.00,0.03,-0.02,0.01,2.80,-3.67,0.63,6,8,29,0,35.2901867,136.2528850,82.50, 0.16
3089082,0.26,-0.11,9.59,1.00,-0.01,-0.02,-0.00,-1.79,0.68,-0.16,10.59,0.00,0,2,1001.27,42.15,109.84,1001.27,40.93,109.39,0.75,1000.61,37.92,114.44,0.70,1.11,95.19,310.25,7903,0.66,1.03,9.66,1.00,0.03,-0.02,0.01,2.80,-3.68,0.63,6,8,29,0,35.2901867,136.2528850,82.50, 0.16
3089134,0.35,-0.08,9.55,1.00,-0.01,-0.02,-0.00,-1.79,0.68,-0.16,10.59,0.00,0,2,1001.27,42.15,109.83,1001.27,40.93,109.42,0.76,1000.61,37.93,114.41,-0.02,0.17,95.10,310.25,7901,0.76,0.73,9.67,1.00,0.03,-0.02,0.01,2.80,-3.69,0.64,6,8,29,0,35.2901867,136.2528850,82.50, 0.16
3089190,0.32,-0.07,9.71,1.00,-0.01,-0.02,-0.00,-1.79,0.68,-0.16,10.59,0.00,0,2,1001.27,42.16,109.85,1001.27,40.93,109.42,0.76,1000.61,37.94,114.42,0.02,0.17,95.10,310.25,7903,0.35,0.71,9.71,1.00,0.03,-0.02,0.01,2.81,-3.69,0.64,6,8,29,0,35.2901867,136.2528850,82.50, 0.16
3089243,0.29,-0.16,9.44,1.00,-0.01,-0.02,-0.00,-1.79,0.68,-0.16,10.60,0.00,0,2,1001.27,42.16,109.85,1001.27,40.93,109.41,0.75,1000.62,37.94,114.34,0.00,0.00,95.01,310.25,7903,0.56,0.74,9.61,1.00,0.03,-0.02,0.01,2.81,-3.69,0.63,6,8,29,0,35.2901867,136.2528850,82.50, 0.16
3089301,0.21,-0.11,9.52,1.00,-0.01,-0.02,-0.00,-1.79,0.68,-0.16,10.60,0.00,0,2,1001.28,42.16,109.83,1001.27,40.93,109.43,0.75,1000.61,37.95,114.43,-0.37,0.80,95.10,310.25,7903,0.79,1.00,9.65,1.00,0.03,-0.02,0.01,2.78,-3.68,0.62,6,8,29,0,35.2901867,136.2528850,82.50, 0.16
3089358,0.29,-0.02,9.75,1.00,-0.01,-0.02,-0.00,-1.79,0.68,-0.16,10.60,0.00,0,2,1001.27,42.16,109.83,1001.27,40.94,109.40,0.75,1000.61,37.94,114.40,0.00,0.00,95.19,310.25,7902,0.35,0.56,9.60,1.00,0.03,-0.02,0.01,2.79,-3.68,0.65,6,8,29,0,35.2901867,136.2528850,82.50, 0.16
3089410,0.25,0.00,9.71,1.00,-0.01,-0.02,-0.00,-1.79,0.68,-0.16,10.59,0.00,0,2,1001.27,42.16,109.85,1001.27,40.93,109.45,0.75,1000.61,37.94,114.39,0.02,0.17,95.19,310.25,7903,0.28,0.59,9.62,1.00,0.03,-0.02,0.01,2.79,-3.68,0.65,6,8,29,0,35.2901867,136.2528850,82.50, 0.16
3089463,0.27,-0.01,9.57,1.00,-0.01,-0.02,-0.00,-1.79,0.68,-0.16,10.60,0.00,0,2,1001.27,42.15,109.86,1001.27,40.93,109.45,0.75,1000.61,37.95,114.38,-0.28,0.71,95.71,310.25,7902,0.42,0.54,9.58,1.00,0.03,-0.02,0.01,2.81,-3.66,0.65,6,8,29,0,35.2901867,136.2528850,82.50, 0.16
3089520,0.27,-0.09,9.70,1.00,-0.01,-0.02,-0.00,-1.79,0.66,-0.16,10.61,0.00,0,2,1001.27,42.16,109.84,1001.27,40.94,109.38,0.75,1000.62,37.95,114.34,-0.15,0.51,94.66,310.25,7903,0.36,0.66,9.72,1.00,0.03,-0.02,0.01,2.81,-3.67,0.65,6,8,29,0,35.2901867,136.2528850,82.50, 0.16
3089578,0.17,-0.19,9.45,1.00,-0.01,-0.02,-0.00,-1.79,0.66,-0.16,10.60,0.00,0,2,1001.27,42.16,109.90,1001.27,40.94,109.43,0.75,1000.61,37.94,114.43,-0.25,0.66,91.49,310.25,7903,0.45,0.79,9.62,1.00,0.03,-0.02,0.01,2.82,-3.66,0.65,6,8,29,0,35.2901867,136.2528850,82.50, 0.16
3089631,0.18,-0.13,9.34,1.00,-0.01,-0.02,-0.00,-1.79,0.66,-0.16,10.60,0.00,0,2,1001.26,42.16,109.93,1001.28,40.95,109.39,0.75,1000.60,37.95,114.50,-0.30,0.73,89.38,310.25,7903,0.38,0.57,9.57,1.00,0.03,-0.02,0.01,2.83,-3.66,0.65,6,8,29,0,35.2901867,136.2528850,82.50, 0.16
3089685,0.27,-0.11,9.63,1.00,-0.01,-0.02,-0.00,-1.79,0.66,-0.16,10.65,0.00,0,2,1001.27,42.16,109.86,1001.27,40.94,109.43,0.75,1000.60,37.95,114.49,-0.38,0.82,85.87,310.25,7903,0.45,0.57,9.66,1.00,0.03,-0.02,0.01,2.83,-3.66,0.65,6,8,29,0,35.2901867,136.2528850,82.50, 0.16
3089740,0.27,-0.15,9.68,1.00,-0.01,-0.02,-0.00,-1.79,0.66,-0.16,10.62,0.00,0,2,1001.27,42.16,109.84,1001.28,40.95,109.39,0.75,1000.60,37.94,114.50,-0.38,0.82,83.50,310.25,7903,0.37,0.71,9.76,1.00,0.03,-0.02,0.01,2.83,-3.65,0.65,6,8,29,0,35.2901867,136.2528850,82.50, 0.16
3089798,0.26,-0.19,9.63,1.00,-0.01,-0.02,-0.00,-1.79,0.66,-0.16,10.60,0.00,0,2,1001.28,42.15,109.80,1001.27,40.94,109.41,0.75,1000.61,37.94,114.45,0.05,0.30,82.62,310.25,7903,0.37,0.67,9.68,1.00,0.03,-0.02,0.01,2.83,-3.66,0.65,6,8,29,0,35.2901867,136.2528850,82.50, 0.14
3089852,0.28,-0.07,9.58,1.00,-0.01,-0.02,-0.00,-1.79,0.66,-0.16,10.59,0.00,0,2,1001.27,42.15,109.85,1001.28,40.93,109.39,0.75,1000.61,37.94,114.47,0.20,0.59,82.09,310.25,7903,0.30,0.60,9.61,1.00,0.03,-0.02,0.01,2.84,-3.65,0.65,6,8,29,0,35.2901867,136.2528850,82.50, 0.14
3089909,0.29,-0.10,9.49,1.00,-0.01,-0.02,-0.00,-1.79,0.66,-0.16,10.59,0.00,0,2,1001.27,42.17,109.86,1001.28,40.94,109.39,0.75,1000.61,37.94,114.43,-0.03,0.24,81.39,310.25,7902,0.64,0.58,9.53,1.00,0.03,-0.02,0.01,2.85,-3.65,0.65,6,8,29,0,35.2901867,136.2528850,82.50, 0.14
3089960,0.18,-0.09,9.60,1.00,-0.01,-0.02,-0.00,-1.79,0.66,-0.16,10.61,0.00,0,2,1001.27,42.17,109.87,1001.28,40.94,109.39,0.75,1000.61,37.94,114.45,-0.38,0.82,80.42,310.25,7903,0.54,0.66,9.62,1.00,0.03,-0.02,0.01,2.85,-3.65,0.65,6,8,30,0,35.2901867,136.2528850,82.40, 0.14
3090018,0.27,-0.17,9.61,1.00,-0.01,-0.02,-0.00,-1.79,0.66,-0.16,10.61,0.00,0,2,1001.27,42.18,109.84,1001.27,40.94,109.43,0.75,1000.61,37.95,114.41,-0.25,0.66,80.07,310.25,7903,0.44,0.76,9.73,1.00,0.03,-0.02,0.01,2.85,-3.65,0.65,6,8,30,0,35.2901867,136.2528850,82.40, 0.14
3090076,0.21,-0.20,9.60,1.00,-0.01,-0.02,-0.00,-1.79,0.66,-0.16,10.60,0.00,0,2,1001.28,42.18,109.80,1001.27,40.94,109.41,0.75,1000.61,37.94,114.42,0.02,0.17,80.07,310.25,7902,0.62,0.45,9.52,1.00,0.03,-0.02,0.01,2.86,-3.66,0.64,6,8,30,0,35.2901867,136.2528850,82.40, 0.14
3090130,0.25,-0.05,9.58,1.00,-0.01,-0.02,-0.00,-1.79,0.66,-0.16,10.60,0.00,0,2,1001.28,42.17,109.80,1001.27,40.96,109.48,0.75,1000.61,37.95,114.39,-0.03,0.24,80.07,310.25,7903,0.73,0.32,9.49,1.00,0.03,-0.02,0.01,2.86,-3.64,0.64,6,8,30,0,35.2901867,136.2528850,82.40, 0.14
3090187,0.29,-0.15,9.61,1.00,-0.01,-0.02,-0.00,-1.79,0.66,-0.16,10.58,0.00,0,2,1001.28,42.17,109.81,1001.28,40.95,109.40,0.75,1000.62,37.94,114.36,0.02,0.17,80.16,310.25,7902,0.37,1.01,9.71,1.00,0.03,-0.02,0.01,2.87,-3.64,0.64,6,8,30,0,35.2901867,136.2528850,82.40, 0.14
3090239,0.25,-0.15,9.50,1.00,-0.01,-0.02,-0.00,-1.79,0.66,-0.16,10.58,0.00,0,2,1001.27,42.17,109.88,1001.27,40.94,109.41,0.75,1000.62,37.95,114.36,0.10,0.42,80.16,310.25,7902,0.54,0.52,9.50,1.00,0.03,-0.02,0.01,2.87,-3.64,0.64,6,8,30,0,35.2901867,136.2528850,82.40, 0.14
3090296,0.24,-0.12,9.54,1.00,-0.01,-0.02,-0.00,-1.79,0.66,-0.16,10.60,0.00,0,2,1001.27,42.18,109.89,1001.27,40.94,109.44,0.75,1000.61,37.94,114.40,-0.03,0.24,79.98,310.25,7902,0.46,0.65,9.63,1.00,0.03,-0.02,0.01,2.87,-3.64,0.64,6,8,30,0,35.2901867,136.2528850,82.40, 0.14
3090347,0.14,-0.17,9.44,1.00,-0.01,-0.02,-0.00,-1.79,0.66,-0.16,10.60,0.00,0,2,1001.27,42.19,109.89,1001.27,40.94,109.43,0.74,1000.61,37.94,114.40,0.05,0.30,79.72,310.25,7902,0.70,0.58,9.66,1.00,0.03,-0.02,0.01,2.86,-3.65,0.64,6,8,30,0,35.2901867,136.2528850,82.40, 0.14
3090407,0.28,-0.11,9.75,1.00,-0.01,-0.02,-0.00,-1.79,0.66,-0.16,10.61,0.00,0,2,1001.27,42.17,109.89,1001.28,40.94,109.41,0.75,1000.61,37.95,114.45,-0.02,0.17,78.75,310.25,7903,0.40,0.68,9.68,1.00,0.03,-0.02,0.01,2.87,-3.66,0.64,6,8,30,0,35.2901867,136.2528850,82.40, 0.14
3090458,0.21,-0.11,9.56,1.00,-0.01,-0.02,-0.00,-1.79,0.66,-0.16,10.63,0.00,0,2,1001.27,42.17,109.89,1001.27,40.93,109.43,0.75,1000.60,37.94,114.49,-0.07,0.34,78.40,310.25,7902,0.36,0.63,9.63,1.00,0.03,-0.02,0.01,2.87,-3.65,0.64,6,8,30,0,35.2901867,136.2528850,82.40, 0.14
3090516,0.25,-0.11,9.60,1.00,-0.01,-0.02,-0.00,-1.79,0.66,-0.16,10.63,0.00,0,2,1001.27,42.17,109.88,1001.27,40.94,109.41,0.75,1000.60,37.93,114.53,-0.10,0.42,78.57,310.25,7903,0.60,0.49,9.58,1.00,0.03,-0.02,0.01,2.88,-3.65,0.64,6,8,30,0,35.2901867,136.2528850,82.40, 0.14
3090568,0.23,-0.13,9.45,1.00,-0.01,-0.02,-0.00,-1.79,0.66,-0.16,10.62,0.00,0,2,1001.27,42.18,109.87,1001.27,40.95,109.44,0.76,1000.59,37.93,114.57,-0.03,0.24,78.57,310.25,7902,0.51,0.46,9.57,1.00,0.03,-0.02,0.01,2.88,-3.64,0.64,6,8,30,0,35.2901867,136.2528850,82.40, 0.14
3090626,0.22,-0.09,9.62,1.00,-0.01,-0.02,-0.00,-1.79,0.66,-0.16,10.62,0.00,0,2,1001.27,42.16,109.88,1001.27,40.94,109.44,0.75,1000.60,37.95,114.55,0.07,0.34,78.57,310.25,7902,0.41,0.65,9.66,1.00,0.03,-0.02,0.01,2.88,-3.64,0.64,6,8,30,0,35.2901867,136.2528850,82.40, 0.14
3090677,0.20,-0.09,9.55,1.00,-0.01,-0.02,-0.00,-1.79,0.66,-0.16,10.62,0.00,0,2,1001.27,42.18,109.87,1001.27,40.94,109.45,0.74,1000.60,37.93,114.53,0.05,0.30,78.57,310.34,7903,0.45,0.73,9.71,1.00,0.03,-0.02,0.01,2.88,-3.64,0.64,6,8,30,0,35.2901867,136.2528850,82.40, 0.14
3090734,0.22,-0.09,9.55,1.00,-0.01,-0.02,-0.00,-1.79,0.66,-0.16,10.62,0.00,0,2,1001.27,42.17,109.88,1001.27,40.94,109.45,0.75,1000.60,37.95,114.53,0.17,0.54,78.57,310.25,7903,0.51,0.50,9.57,1.00,0.03,-0.02,0.01,2.88,-3.64,0.64,6,8,30,0,35.2901867,136.2528850,82.40, 0.14
3090786,0.24,-0.11,9.47,1.00,-0.01,-0.02,-0.00,-1.79,0.66,-0.16,10.62,0.00,0,2,1001.27,42.18,109.87,1001.27,40.95,109.41,0.75,1000.61,37.95,114.47,0.13,0.49,78.57,310.25,7902,0.51,0.73,9.58,1.00,0.03,-0.02,0.01,2.88,-3.64,0.64,6,8,30,0,35.2901867,136.2528850,82.40, 0.14
3090843,0.32,-0.17,9.62,1.00,-0.01,-0.02,-0.00,-1.79,0.66,-0.16,10.64,0.00,0,2,1001.26,42.16,109.94,1001.27,40.93,109.45,0.75,1000.60,37.96,114.47,-0.10,0.42,78.40,310.34,7903,0.47,0.83,9.69,1.00,0.03,-0.02,0.01,2.88,-3.64,0.64,6,8,30,0,35.2901867,136.2528850,82.40, 0.14
3090897,0.28,-0.05,9.52,1.00,-0.01,-0.02,-0.00,-1.79,0.66,-0.16,10.62,0.00,0,2,1001.27,42.18,109.90,1001.27,40.94,109.41,0.75,1000.61,37.95,114.46,-0.17,0.54,78.57,310.25,7903,0.58,0.63,9.65,1.00,0.03,-0.02,0.01,2.88,-3.64,0.64,6,8,30,0,35.2901867,136.2528850,82.40, 0.14
3090954,0.39,-0.07,9.60,1.00,-0.01,-0.02,-0.00,-1.79,0.66,-0.16,10.62,0.00,0,2,1001.27,42.17,109.89,1001.27,40.94,109.42,0.75,1000.60,37.96,114.49,-0.05,0.30,78.84,310.34,7902,0.20,0.38,9.73,1.00,0.03,-0.02,0.01,2.88,-3.63,0.64,6,8,30,0,35.2901867,136.2528850,82.40, 0.14
3091006,0.23,-0.07,9.62,1.00,-0.01,-0.02,-0.00,-1.79,0.66,-0.16,10.62,0.00,0,2,1001.27,42.16,109.88,1001.27,40.94,109.42,0.75,1000.60,37.96,114.48,0.12,0.45,79.28,310.25,7902,0.76,0.70,9.68,1.00,0.03,-0.02,0.01,2.88,-3.63,0.64,6,8,30,0,35.2901867,136.2528850,82.40, 0.14
3091060,0.25,-0.07,9.62,1.00,-0.01,-0.02,-0.00,-1.79,0.66,-0.16,10.62,0.00,0,2,1001.27,42.16,109.92,1001.27,40.95,109.44,0.75,1000.61,37.96,114.44,0.22,0.62,79.89,310.25,7903,0.57,0.56,9.63,1.00,0.03,-0.02,0.01,2.88,-3.62,0.64,6,8,30,0,35.2901867,136.2528850,82.40, 0.14
3091115,0.22,-0.11,9.50,1.00,-0.01,-0.02,-0.00,-1.79,0.66,-0.16,10.60,0.00,0,2,1001.27,42.17,109.92,1001.28,40.94,109.39,0.75,1000.61,37.95,114.41,0.33,0.77,79.98,310.25,7903,0.44,0.62,9.55,1.00,0.03,-0.02,0.01,2.88,-3.62,0.64,6,8,30,0,35.2901867,136.2528850,82.40, 0.14
3091168,0.19,-0.12,9.61,1.00,-0.01,-0.02,-0.00,-1.79,0.66,-0.16,10.58,0.00,0,2,1001.27,42.17,109.84,1001.28,40.94,109.37,0.75,1000.61,37.95,114.43,0.98,1.32,79.89,310.34,7903,0.50,0.61,9.59,1.00,0.03,-0.03,0.01,2.89,-3.62,0.64,6,8,30,0,35.2901867,136.2528850,82.40, 0.14
3091224,0.11,-0.20,9.37,1.00,-0.01,-0.02,-0.00,-1.79,0.66,-0.16,10.57,0.00,0,2,1001.27,42.16,109.91,1001.28,40.95,109.40,0.75,1000.61,37.95,114.45,1.37,1.55,79.98,310.25,7902,0.56,0.61,9.52,1.00,0.03,-0.03,0.01,2.89,-3.62,0.64,6,8,30,0,35.2901867,136.2528850,82.40, 0.14
3091277,0.34,-0.14,9.61,1.00,-0.01,-0.02,-0.00,-1.79,0.66,-0.16,10.58,0.00,0,2,1001.27,42.16,109.84,1001.28,40.95,109.43,0.75,1000.61,37.96,114.44,0.33,0.77,80.33,310.25,7903,0.40,0.58,9.71,1.00,0.03,-0.03,0.01,2.89,-3.62,0.64,6,8,30,0,35.2901867,136.2528850,82.40, 0.14
3091335,0.19,-0.13,9.59,1.00,-0.01,-0.02,-0.00,-1.79,0.66,-0.16,10.59,0.00,0,2,1001.27,42.16,109.85,1001.27,40.94,109.43,0.75,1000.61,37.94,114.40,0.08,0.38,84.11,310.25,7903,0.46,0.46,9.60,1.00,0.03,-0.03,0.01,2.89,-3.62,0.64,6,8,30,0,35.2901867,136.2528850,82.40, 0.14
3091392,0.27,-0.04,9.63,1.00,-0.01,-0.02,-0.00,-1.79,0.66,-0.16,10.57,0.00,0,2,1001.27,42.17,109.84,1001.27,40.93,109.42,0.75,1000.61,37.95,114.40,0.15,0.51,86.57,310.25,7903,0.37,0.44,9.58,1.00,0.03,-0.03,0.01,2.89,-3.62,0.64,6,8,30,0,35.2901867,136.2528850,82.40, 0.14
3091444,0.26,-0.11,9.56,1.00,-0.01,-0.02,-0.00,-1.79,0.66,-0.16,10.57,0.00,0,2,1001.27,42.18,109.89,1001.27,40.95,109.42,0.75,1000.61,37.94,114.38,0.80,1.19,95.01,310.25,7902,0.52,0.51,9.56,1.00,0.03,-0.03,0.01,2.89,-3.62,0.64,6,8,30,0,35.2901867,136.2528850,82.40, 0.14
3091496,0.22,-0.12,9.50,1.00,-0.01,-0.02,-0.00,-1.79,0.66,-0.16,10.57,0.00,0,2,1001.28,42.18,109.82,1001.27,40.94,109.44,0.75,1000.62,37.94,114.35,1.28,1.50,103.36,310.25,7902,0.63,0.49,9.50,1.00,0.03,-0.03,0.01,2.89,-3.62,0.64,6,8,30,0,35.2901867,136.2528850,82.40, 0.14
3091553,0.22,-0.09,9.55,1.00,-0.01,-0.02,-0.00,-1.79,0.66,-0.16,10.57,0.00,0,2,1001.27,42.17,109.86,1001.27,40.94,109.40,0.75,1000.62,37.96,114.35,1.23,1.48,107.49,310.34,7903,0.43,0.66,9.60,1.00,0.03,-0.03,0.01,2.89,-3.62,0.64,6,8,30,0,35.2901867,136.2528850,82.40, 0.14
3091606,0.17,-0.03,9.67,1.00,-0.01,-0.02,-0.00,-1.79,0.66,-0.16,10.58,0.00,0,2,1001.27,42.16,109.88,1001.27,40.95,109.42,0.75,1000.61,37.93,114.42,1.45,1.60,110.92,310.25,7902,0.44,0.79,9.65,1.00,0.03,-0.03,0.01,2.89,-3.62,0.64,6,8,30,0,35.2901867,136.2528850,82.40, 0.14
3091663,0.19,-0.10,9.50,1.00,-0.01,-0.02,-0.00,-1.79,0.66,-0.16,10.59,0.00,0,2,1001.27,42.16,109.86,1001.27,40.95,109.42,0.75,1000.60,37.95,114.53,0.48,0.92,109.16,310.25,7903,0.46,0.31,9.51,1.00,0.03,-0.03,0.01,2.89,-3.62,0.64,6,8,30,0,35.2901867,136.2528850,82.40, 0.14
3091714,0.17,-0.09,9.49,1.00,-0.01,-0.02,-0.00,-1.79,0.66,-0.16,10.60,0.00,0,2,1001.27,42.18,109.87,1001.27,40.94,109.41,0.74,1000.60,37.94,114.49,1.63,1.70,104.85,310.25,7903,0.50,0.69,9.65,1.00,0.03,-0.03,0.01,2.89,-3.64,0.64,6,8,30,0,35.2901867,136.2528850,82.40, 0.14
3091771,0.24,-0.08,9.56,1.00,-0.01,-0.02,-0.00,-1.79,0.66,-0.16,10.61,0.00,0,2,1001.27,42.16,109.88,1001.27,40.95,109.44,0.75,1000.60,37.95,114.49,1.85,1.81,102.48,310.34,7902,0.54,0.75,9.69,1.00,0.03,-0.03,0.01,2.89,-3.62,0.64,6,8,31,0,35.2901867,136.2528833,82.40, 0.27
3091824,0.21,-0.08,9.57,1.00,-0.01,-0.02,-0.00,-1.79,0.66,-0.16,10.62,0.00,0,2,1001.27,42.18,109.88,1001.27,40.94,109.44,0.75,1000.60,37.95,114.48,0.58,1.01,99.93,310.34,7902,0.58,0.30,9.58,1.00,0.03,-0.03,0.01,2.89,-3.62,0.64,6,8,31,0,35.2901867,136.2528833,82.40, 0.27
3091881,0.21,-0.12,9.51,1.00,-0.01,-0.02,-0.00,-1.79,0.66,-0.16,10.62,0.00,0,2,1001.27,42.17,109.86,1001.27,40.94,109.43,0.75,1000.60,37.95,114.49,0.35,0.79,100.02,310.25,7903,0.41,0.68,9.69,1.00,0.03,-0.03,0.01,2.89,-3.62,0.64,6,8,32,0,35.2901867,136.2528833,82.30, 0.27
3091933,0.24,-0.13,9.54,1.00,-0.01,-0.02,-0.00,-1.79,0.66,-0.16,10.62,0.00,0,2,1001.27,42.18,109.88,1001.27,40.95,109.44,0.75,1000.60,37.95,114.51,0.22,0.62,101.60,310.34,7902,0.53,0.69,9.60,1.00,0.03,-0.03,0.01,2.89,-3.62,0.64,6,8,32,0,35.2901867,136.2528833,82.30, 0.27
3091991,0.21,-0.10,9.57,1.00,-0.01,-0.02,-0.00,-1.79,0.66,-0.16,10.61,0.00,0,2,1001.27,42.18,109.91,1001.27,40.95,109.42,0.75,1000.60,37.96,114.50,0.40,0.84,102.57,310.25,7902,0.52,0.65,9.73,1.00,0.03,-0.03,0.01,2.89,-3.62,0.64,6,8,32,0,35.2901867,136.2528833,82.30, 0.27
3092042,0.22,-0.11,9.62,1.00,-0.01,-0.02,-0.00,-1.79,0.66,-0.16,10.62,0.00,0,2,1001.27,42.17,109.91,1001.27,40.94,109.46,0.75,1000.60,37.96,114.55,0.73,1.14,104.41,310.34,7903,0.55,0.52,9.60,1.00,0.03,-0.03,0.01,2.89,-3.62,0.64,6,8,32,0,35.2901867,136.2528833,82.30, 0.27
3092101,0.28,-0.13,9.51,1.00,-0.01,-0.02,-0.00,-1.79,0.66,-0.16,10.63,0.00,0,2,1001.27,42.19,109.89,1001.27,40.95,109.43,0.74,1000.60,37.96,114.51,0.43,0.87,104.50,310.34,7902,0.33,0.80,9.65,1.00,0.03,-0.03,0.01,2.89,-3.62,0.64,6,8,32,0,35.2901867,136.2528833,82.30, 0.27
3092153,0.30,-0.09,9.56,1.00,-0.01,-0.02,-0.00,-1.79,0.66,-0.16,10.63,0.00,0,2,1001.27,42.17,109.89,1001.27,40.94,109.48,0.75,1000.60,37.95,114.54,0.02,0.17,104.06,310.34,7903,0.28,0.65,9.63,1.00,0.03,-0.02,0.01,2.88,-3.60,0.64,6,8,32,0,35.2901867,136.2528833,82.30, 0.27
3092205,0.26,-0.11,9.62,1.00,-0.01,-0.02,-0.00,-1.79,0.66,-0.16,10.62,0.00,0,2,1001.27,42.18,109.87,1001.27,40.93,109.47,0.75,1000.60,37.95,114.53,0.70,1.11,103.27,310.34,7902,0.46,0.71,9.64,1.00,0.03,-0.02,0.01,2.88,-3.61,0.64,6,8,32,0,35.2901867,136.2528833,82.30, 0.27
3092261,0.25,-0.09,9.57,1.00,-0.01,-0.02,-0.00,-1.79,0.66,-0.16,10.63,0.00,0,2,1001.27,42.18,109.87,1001.27,40.94,109.46,0.74,1000.60,37.95,114.51,0.43,0.87,101.51,310.34,7903,0.36,0.46,9.58,1.00,0.03,-0.02,0.01,2.88,-3.60,0.64,6,8,32,0,35.2901867,136.2528833,82.30, 0.27
3092319,0.23,-0.14,9.54,1.00,-0.01,-0.02,-0.00,-1.79,0.66,-0.16,10.62,0.00,0,2,1001.27,42.19,109.88,1001.27,40.94,109.44,0.75,1000.60,37.97,114.50,0.40,0.84,98.09,310.34,7902,0.42,0.79,9.65,1.00,0.03,-0.02,0.01,2.88,-3.60,0.64,6,8,32,0,35.2901867,136.2528833,82.30, 0.27
3092371,0.23,-0.13,9.52,1.00,-0.01,-0.02,-0.00,-1.79,0.66,-0.16,10.62,0.00,0,2,1001.27,42.19,109.86,1001.27,40.94,109.45,0.75,1000.60,37.95,114.52,0.13,0.49,96.42,310.34,7902,0.65,0.64,9.55,1.00,0.03,-0.02,0.01,2.88,-3.60,0.64,6,8,32,0,35.2901867,136.2528833,82.30, 0.27
3092427,0.29,-0.06,9.60,1.00,-0.01,-0.02,-0.00,-1.79,0.66,-0.16,10.61,0.00,0,2,1001.27,42.19,109.88,1001.27,40.95,109.44,0.75,1000.60,37.94,114.50,-0.32,0.75,92.99,310.34,7903,0.56,0.78,9.64,1.00,0.03,-0.02,0.01,2.88,-3.60,0.64,6,8,32,0,35.2901867,136.2528833,82.30, 0.27
3092480,0.28,-0.10,9.57,1.00,-0.01,-0.02,-0.00,-1.79,0.66,-0.16,10.61,0.00,0,2,1001.28,42.19,109.81,1001.27,40.94,109.42,0.75,1000.61,37.95,114.44,0.48,0.92,90.88,310.34,7902,0.34,0.58,9.70,1.00,0.03,-0.02,0.01,2.88,-3.60,0.64,6,8,32,0,35.2901867,136.2528833,82.30, 0.27
3092538,0.22,-0.06,9.64,1.00,-0.01,-0.02,-0.00,-1.79,0.66,-0.16,10.61,0.00,0,2,1001.27,42.19,109.86,1001.27,40.95,109.46,0.75,1000.61,37.95,114.46,0.55,0.99,91.14,310.34,7902,0.62,0.81,9.71,1.00,0.03,-0.03,0.01,2.89,-3.59,0.64,6,8,32,0,35.2901867,136.2528833,82.30, 0.27
3092592,0.21,-0.06,9.55,1.00,-0.01,-0.02,-0.00,-1.79,0.66,-0.16,10.59,0.00,0,2,1001.27,42.20,109.86,1001.27,40.95,109.43,0.74,1000.61,37.94,114.45,0.72,1.12,91.49,310.34,7903,0.75,0.72,9.60,1.00,0.03,-0.03,0.01,2.90,-3.59,0.63,6,8,32,0,35.2901867,136.2528833,82.30, 0.27
3092650,0.25,-0.04,9.59,1.00,-0.01,-0.02,-0.00,-1.79,0.66,-0.16,10.60,0.00,0,2,1001.27,42.18,109.92,1001.27,40.95,109.42,0.74,1000.61,37.96,114.41,0.50,0.94,91.85,310.34,7902,0.46,0.50,9.60,1.00,0.03,-0.03,0.01,2.90,-3.58,0.63,6,8,32,0,35.2901867,136.2528833,82.30, 0.27
3092701,0.28,-0.05,9.60,1.00,-0.01,-0.02,-0.00,-1.79,0.66,-0.16,10.59,0.00,0,2,1001.27,42.19,109.85,1001.27,40.94,109.44,0.74,1000.60,37.94,114.49,0.60,1.03,90.88,310.34,7902,0.62,0.63,9.60,1.00,0.03,-0.03,0.01,2.90,-3.57,0.62,6,8,32,0,35.2901867,136.2528833,82.30, 0.27
3092756,0.20,-0.04,9.67,1.00,-0.01,-0.02,-0.00,-1.79,0.66,-0.16,10.58,0.00,0,2,1001.28,42.20,109.84,1001.27,40.94,109.43,0.74,1000.60,37.94,114.52,0.27,0.69,90.97,310.34,7902,0.46,0.88,9.77,1.00,0.03,-0.02,0.01,2.88,-3.55,0.62,6,8,32,0,35.2901867,136.2528833,82.30, 0.09
3092810,0.31,-0.05,9.64,1.00,-0.01,-0.02,-0.00,-1.79,0.66,-0.16,10.58,0.00,0,2,1001.28,42.20,109.83,1001.27,40.94,109.43,0.74,1000.61,37.94,114.46,0.47,0.91,91.14,310.34,7903,0.45,0.94,9.71,1.00,0.03,-0.02,0.01,2.87,-3.55,0.62,6,8,32,0,35.2901867,136.2528833,82.30, 0.09
3092868,0.22,-0.09,9.67,1.00,-0.01,-0.02,-0.00,-1.79,0.66,-0.16,10.59,0.00,0,2,1001.27,42.19,109.89,1001.27,40.94,109.44,0.74,1000.60,37.95,114.48,0.47,0.91,91.23,310.34,7903,0.41,0.50,9.61,1.00,0.03,-0.02,0.01,2.87,-3.55,0.62,6,8,33,0,35.2901883,136.2528833,82.20, 0.09
3092920,0.22,-0.11,9.53,1.00,-0.01,-0.02,-0.00,-1.79,0.66,-0.16,10.59,0.00,0,2,1001.27,42.20,109.86,1001.27,40.95,109.42,0.74,1000.61,37.96,114.46,0.37,0.80,91.23,310.25,7902,0.79,0.76,9.59,1.00,0.03,-0.02,0.01,2.87,-3.55,0.62,6,8,33,0,35.2901883,136.2528833,82.20, 0.09
3092977,0.22,-0.05,9.58,1.00,-0.01,-0.02,-0.00,-1.79,0.66,-0.16,10.60,0.00,0,2,1001.27,42.19,109.93,1001.27,40.95,109.44,0.75,1000.61,37.96,114.43,0.13,0.49,91.05,310.34,7902,0.55,0.70,9.63,1.00,0.03,-0.02,0.01,2.87,-3.55,0.61,6,8,33,0,35.2901883,136.2528833,82.20, 0.09
3093029,0.17,-0.09,9.49,1.00,-0.01,-0.02,-0.00,-1.79,0.66,-0.16,10.60,0.00,0,2,1001.27,42.19,109.88,1001.27,40.95,109.43,0.74,1000.61,37.95,114.44,0.12,0.45,90.97,310.34,7902,0.33,0.51,9.65,1.00,0.03,-0.03,0.01,2.89,-3.55,0.60,6,8,33,0,35.2901883,136.2528833,82.20, 0.09
3093086,0.26,-0.05,9.56,1.00,-0.01,-0.02,-0.00,-1.79,0.66,-0.16,10.61,0.00,0,2,1001.27,42.19,109.91,1001.27,40.94,109.42,0.74,1000.61,37.95,114.43,-0.52,0.95,91.05,310.34,7903,0.42,0.48,9.64,1.00,0.03,-0.02,0.01,2.88,-3.54,0.61,6,8,33,0,35.2901883,136.2528833,82.20, 0.09
3093140,0.22,-0.09,9.59,1.00,-0.01,-0.02,-0.00,-1.79,0.66,-0.16,10.60,0.00,0,2,1001.28,42.20,109.84,1001.27,40.95,109.42,0.74,1000.61,37.95,114.46,0.38,0.82,91.23,310.34,7903,0.65,0.72,9.62,1.00,0.03,-0.03,0.01,2.89,-3.53,0.61,6,8,33,0,35.2901883,136.2528833,82.20, 0.09
3093196,0.21,-0.09,9.58,1.00,-0.01,-0.02,-0.00,-1.79,0.66,-0.16,10.60,0.00,0,2,1001.27,42.19,109.91,1001.28,40.97,109.41,0.74,1000.61,37.94,114.43,0.12,0.45,91.14,310.25,7903,0.48,0.59,9.62,1.00,0.03,-0.02,0.01,2.88,-3.53,0.60,6,8,33,0,35.2901883,136.2528833,82.20, 0.09
3093249,0.19,-0.11,9.49,1.00,-0.01,-0.02,-0.00,-1.79,0.66,-0.16,10.59,0.00,0,2,1001.27,42.20,109.87,1001.27,40.94,109.42,0.74,1000.61,37.96,114.42,0.05,0.30,91.14,310.34,7903,0.49,0.67,9.67,1.00,0.03,-0.02,0.01,2.88,-3.53,0.61,6,8,33,0,35.2901883,136.2528833,82.20, 0.09
3093302,0.10,-0.07,9.49,1.00,-0.01,-0.02,-0.00,-1.79,0.66,-0.16,10.59,0.00,0,2,1001.27,42.20,109.90,1001.27,40.95,109.46,0.74,1000.61,37.95,114.46,0.05,0.30,90.97,310.34,7902,0.87,0.45,9.60,1.00,0.03,-0.03,0.01,2.90,-3.52,0.61,6,8,33,0,35.2901883,136.2528833,82.20, 0.09
3093358,0.24,-0.10,9.59,1.00,-0.01,-0.02,-0.00,-1.79,0.66,-0.16,10.60,0.00,0,2,1001.27,42.20,109.93,1001.27,40.94,109.46,0.74,1000.61,37.97,114.44,0.25,0.66,90.97,310.34,7902,0.38,0.64,9.64,1.00,0.03,-0.03,0.01,2.90,-3.52,0.62,6,8,33,0,35.2901883,136.2528833,82.20, 0.09
3093415,0.25,-0.10,9.69,1.00,-0.01,-0.02,-0.00,-1.79,0.66,-0.16,10.61,0.00,0,2,1001.28,42.21,109.83,1001.27,40.94,109.42,0.74,1000.61,37.95,114.45,0.25,0.66,90.97,310.34,7903,0.22,0.66,9.64,1.00,0.03,-0.03,0.01,2.91,-3.52,0.62,6,8,33,0,35.2901883,136.2528833,82.20, 0.09
3093468,0.23,-0.04,9.59,1.00,-0.01,-0.02,-0.00,-1.79,0.66,-0.16,10.61,0.00,0,2,1001.27,42.20,109.90,1001.27,40.94,109.43,0.74,1000.61,37.96,114.39,0.18,0.57,91.05,310.34,7902,0.34,0.50,9.55,1.00,0.03,-0.03,0.01,2.91,-3.53,0.62,6,8,33,0,35.2901883,136.2528833,82.20, 0.09
3093520,0.20,-0.10,9.53,1.00,-0.01,-0.02,-0.00,-1.79,0.66,-0.16,10.60,0.00,0,2,1001.26,42.20,109.95,1001.27,40.95,109.45,0.74,1000.61,37.95,114.43,0.03,0.24,90.70,310.34,7902,0.47,0.39,9.56,1.00,0.03,-0.03,0.01,2.92,-3.53,0.62,6,8,33,0,35.2901883,136.2528833,82.20, 0.09
3093578,0.25,-0.06,9.61,1.00,-0.01,-0.02,-0.00,-1.79,0.66,-0.16,10.60,0.00,0,2,1001.27,42.20,109.88,1001.27,40.93,109.46,0.74,1000.60,37.96,114.50,0.33,0.77,91.32,310.34,7904,0.36,0.59,9.67,1.00,0.03,-0.03,0.01,2.92,-3.52,0.62,6,8,33,0,35.2901883,136.2528833,82.20, 0.09
3093634,0.27,-0.05,9.59,1.00,-0.01,-0.02,-0.00,-1.79,0.66,-0.16,10.60,0.00,0,2,1001.27,42.21,109.88,1001.28,40.95,109.39,0.74,1000.60,37.95,114.50,0.30,0.73,92.20,310.34,7902,0.53,0.31,9.58,1.00,0.03,-0.03,0.01,2.92,-3.51,0.62,6,8,33,0,35.2901883,136.2528833,82.20, 0.09
3093687,0.24,-0.10,9.54,1.00,-0.01,-0.02,-0.00,-1.79,0.66,-0.16,10.61,0.00,0,2,1001.27,42.22,109.91,1001.27,40.94,109.46,0.74,1000.61,37.96,114.44,0.03,0.24,92.72,310.34,7903,0.40,0.54,9.61,1.00,0.03,-0.03,0.01,2.92,-3.50,0.62,6,8,33,0,35.2901883,136.2528833,82.20, 0.09
3093744,0.21,-0.06,9.49,1.00,-0.01,-0.02,-0.00,-1.79,0.66,-0.16,10.60,0.00,0,2,1001.27,42.20,109.89,1001.27,40.94,109.43,0.74,1000.61,37.96,114.42,0.00,0.00,92.11,310.34,7903,0.53,0.56,9.57,1.00,0.03,-0.03,0.01,2.92,-3.50,0.62,6,8,33,0,35.2901883,136.2528833,82.20, 0.11
3093798,0.26,-0.07,9.62,1.00,-0.01,-0.02,-0.00,-1.79,0.66,-0.16,10.60,0.00,0,2,1001.27,42.22,109.91,1001.27,40.94,109.46,0.74,1000.61,37.95,114.43,-0.07,0.34,92.02,310.34,7903,0.47,0.61,9.62,1.00,0.03,-0.03,0.01,2.92,-3.50,0.63,6,8,33,0,35.2901883,136.2528833,82.20, 0.11
3093855,0.22,-0.08,9.61,1.00,-0.01,-0.02,-0.00,-1.79,0.66,-0.16,10.60,0.00,0,2,1001.27,42.21,109.85,1001.27,40.94,109.40,0.74,1000.60,37.95,114.49,0.08,0.38,92.29,310.34,7903,0.32,0.44,9.64,1.00,0.03,-0.03,0.01,2.92,-3.49,0.64,6,8,34,0,35.2901883,136.2528817,82.20, 0.11
3093911,0.23,-0.07,9.57,1.00,-0.01,-0.02,-0.00,-1.79,0.66,-0.16,10.59,0.00,0,2,1001.27,42.22,109.86,1001.27,40.94,109.43,0.74,1000.61,37.96,114.41,0.18,0.57,92.29,310.34,7902,0.56,0.68,9.61,1.00,0.03,-0.03,0.01,2.92,-3.49,0.64,6,8,34,0,35.2901883,136.2528817,82.20, 0.11
3093966,0.24,-0.06,9.50,1.00,-0.01,-0.02,-0.00,-1.79,0.66,-0.16,10.59,0.00,0,2,1001.27,42.21,109.90,1001.27,40.95,109.42,0.74,1000.61,37.95,114.45,0.20,0.59,92.29,310.34,7902,0.37,0.43,9.54,1.00,0.03,-0.03,0.01,2.92,-3.48,0.65,6,8,34,0,35.2901883,136.2528817,82.20, 0.11
3094023,0.26,-0.09,9.50,1.00,-0.01,-0.02,-0.00,-1.79,0.66,-0.16,10.60,0.00,0,2,1001.27,42.21,109.88,1001.27,40.94,109.43,0.74,1000.61,37.95,114.43,-0.15,0.51,92.29,310.34,7903,0.33,0.63,9.59,1.00,0.03,-0.03,0.01,2.92,-3.48,0.65,6,8,34,0,35.2901883,136.2528817,82.20, 0.11
3094076,0.34,-0.06,9.53,1.00,-0.01,-0.02,-0.00,-1.79,0.66,-0.16,10.60,0.00,0,2,1001.27,42.20,109.89,1001.27,40.93,109.41,0.74,1000.60,37.96,114.51,-0.08,0.38,92.20,310.34,7902,0.50,0.61,9.64,1.00,0.03,-0.03,0.01,2.92,-3.48,0.65,6,8,34,0,35.2901883,136.2528817,82.20, 0.11
3094134,0.26,-0.06,9.60,1.00,-0.01,-0.02,-0.00,-1.79,0.66,-0.16,10.60,0.00,0,2,1001.27,42.20,109.88,1001.27,40.94,109.45,0.74,1000.60,37.95,114.53,0.15,0.51,92.20,310.34,7903,0.56,0.56,9.60,1.00,0.03,-0.03,0.01,2.92,-3.48,0.65,6,8,34,0,35.2901883,136.2528817,82.20, 0.11
3094187,0.22,-0.04,9.54,1.00,-0.01,-0.02,-0.00,-1.79,0.66,-0.16,10.61,0.00,0,2,1001.27,42.21,109.88,1001.27,40.93,109.47,0.74,1000.60,37.95,114.51,0.20,0.59,92.11,310.34,7902,0.47,0.59,9.68,1.00,0.03,-0.03,0.01,2.92,-3.47,0.65,6,8,34,0,35.2901883,136.2528817,82.20, 0.11
3094244,0.29,-0.04,9.50,1.00,-0.01,-0.02,-0.00,-1.79,0.66,-0.16,10.61,0.00,0,2,1001.27,42.21,109.93,1001.27,40.95,109.45,0.74,1000.61,37.96,114.47,0.32,0.75,93.08,310.34,7903,0.34,0.46,9.61,1.00,0.03,-0.03,0.01,2.92,-3.46,0.65,6,8,34,0,35.2901883,136.2528817,82.20, 0.11
3094295,0.20,-0.09,9.44,1.00,-0.01,-0.02,-0.00,-1.79,0.66,-0.16,10.61,0.00,0,2,1001.27,42.22,109.87,1001.27,40.94,109.43,0.74,1000.61,37.97,114.45,0.35,0.79,92.99,310.25,7903,0.55,0.37,9.48,1.00,0.03,-0.03,0.01,2.92,-3.45,0.65,6,8,34,0,35.2901883,136.2528817,82.20, 0.11
3094353,0.18,-0.10,9.57,1.00,-0.01,-0.02,-0.00,-1.79,0.66,-0.16,10.62,0.00,0,2,1001.27,42.21,109.93,1001.27,40.95,109.46,0.74,1000.60,37.95,114.49,0.03,0.24,93.16,310.34,7903,0.54,0.51,9.62,1.00,0.03,-0.03,0.01,2.92,-3.45,0.65,6,8,34,0,35.2901883,136.2528817,82.20, 0.11
3094406,0.16,-0.18,9.80,1.00,-0.01,-0.02,-0.00,-1.79,0.66,-0.16,10.61,0.00,0,2,1001.27,42.22,109.90,1001.27,40.93,109.49,0.74,1000.60,37.95,114.54,0.80,1.19,92.02,310.34,7902,0.63,0.50,9.63,1.00,0.03,-0.03,0.01,2.92,-3.45,0.65,6,8,34,0,35.2901883,136.2528817,82.20, 0.11
3094462,0.30,-0.03,9.66,1.00,-0.01,-0.02,-0.00,-1.79,0.66,-0.16,10.61,0.00,0,2,1001.27,42.22,109.87,1001.27,40.95,109.42,0.74,1000.60,37.94,114.55,-0.05,0.30,90.35,310.34,7903,0.67,0.75,9.53,1.00,0.03,-0.03,0.01,2.92,-3.45,0.65,6,8,34,0,35.2901883,136.2528817,82.20, 0.11
3094513,0.30,-0.01,9.52,1.00,-0.01,-0.02,-0.00,-1.79,0.66,-0.16,10.61,0.00,0,2,1001.27,42.22,109.90,1001.27,40.94,109.43,0.74,1000.60,37.94,114.54,-0.15,0.51,90.09,310.34,7903,0.49,0.81,9.66,1.00,0.03,-0.03,0.01,2.92,-3.45,0.64,6,8,34,0,35.2901883,136.2528817,82.20, 0.11
3094569,0.17,-0.07,9.55,1.00,-0.01,-0.02,-0.00,-1.79,0.66,-0.16,10.61,0.00,0,2,1001.27,42.22,109.89,1001.27,40.94,109.48,0.74,1000.60,37.96,114.50,-0.02,0.17,91.41,310.34,7903,0.53,0.39,9.69,1.00,0.03,-0.03,0.01,2.92,-3.45,0.64,6,8,34,0,35.2901883,136.2528817,82.20, 0.11
3094625,0.21,-0.12,9.54,1.00,-0.01,-0.02,-0.00,-1.79,0.66,-0.16,10.61,0.00,0,2,1001.27,42.23,109.90,1001.27,40.95,109.46,0.74,1000.60,37.95,114.49,-0.08,0.38,91.41,310.34,7903,0.59,0.60,9.70,1.00,0.03,-0.03,0.01,2.92,-3.45,0.64,6,8,34,0,35.2901883,136.2528817,82.20, 0.11
3094682,0.31,-0.05,9.54,1.00,-0.01,-0.02,-0.00,-1.79,0.66,-0.16,10.62,0.00,0,2,1001.27,42.22,109.89,1001.27,40.95,109.48,0.74,1000.60,37.96,114.53,0.20,0.59,90.00,310.34,7902,0.47,0.46,9.61,1.00,0.03,-0.03,0.01,2.92,-3.45,0.64,6,8,34,0,35.2901883,136.2528817,82.20, 0.10
3094734,0.22,-0.09,9.48,1.00,-0.01,-0.02,-0.00,-1.79,0.66,-0.16,10.62,0.00,0,2,1001.27,42.23,109.92,1001.27,40.94,109.46,0.74,1000.59,37.96,114.58,-0.08,0.38,87.63,310.34,7903,0.48,0.29,9.53,1.00,0.03,-0.03,0.01,2.92,-3.45,0.65,6,8,34,0,35.2901883,136.2528817,82.20, 0.10
3094792,0.23,-0.10,9.52,1.00,-0.01,-0.02,-0.00,-1.79,0.66,-0.16,10.62,0.00,0,2,1001.27,42.23,109.91,1001.27,40.95,109.47,0.73,1000.60,37.95,114.56,0.07,0.34,86.66,310.34,7903,0.34,0.48,9.56,1.00,0.03,-0.03,0.01,2.92,-3.45,0.64,6,8,34,0,35.2901883,136.2528817,82.20, 0.10
3094844,0.27,-0.07,9.53,1.00,-0.01,-0.02,-0.00,-1.79,0.66,-0.16,10.62,0.00,0,2,1001.27,42.23,109.86,1001.27,40.95,109.46,0.74,1000.60,37.96,114.55,-0.17,0.54,84.99,310.34,7902,0.69,0.53,9.55,1.00,0.03,-0.03,0.01,2.92,-3.44,0.64,6,8,34,0,35.2901883,136.2528817,82.20, 0.10
3094898,0.30,-0.03,9.47,1.00,-0.01,-0.02,-0.00,-1.79,0.66,-0.16,10.62,0.00,0,2,1001.27,42.23,109.91,1001.27,40.95,109.50,0.74,1000.60,37.96,114.51,0.12,0.45,84.90,310.34,7902,0.41,0.47,9.56,1.00,0.03,-0.03,0.01,2.90,-3.43,0.63,6,8,34,0,35.2901883,136.2528817,82.20, 0.10
3094952,0.29,-0.03,9.61,1.00,-0.01,-0.02,-0.00,-1.79,0.66,-0.16,10.62,0.00,0,2,1001.27,42.21,109.90,1001.27,40.94,109.46,0.74,1000.61,37.96,114.46,-0.08,0.38,84.81,310.34,7902,0.37,0.21,9.52,1.00,0.03,-0.03,0.01,2.89,-3.42,0.63,6,8,35,0,35.2901867,136.2528817,82.20, 0.10
3095010,0.26,-0.05,9.61,1.00,-0.01,-0.02,-0.00,-1.79,0.66,-0.16,10.62,0.00,0,2,1001.27,42.22,109.94,1001.27,40.95,109.48,0.74,1000.61,37.96,114.46,-0.03,0.24,84.81,310.34,7903,0.51,0.50,9.64,1.00,0.03,-0.03,0.01,2.89,-3.42,0.63,6,8,35,0,35.2901867,136.2528817,82.20, 0.10
3095062,0.25,0.00,9.68,1.00,-0.01,-0.02,-0.00,-1.79,0.66,-0.16,10.61,0.00,0,2,1001.27,42.23,109.91,1001.26,40.94,109.50,0.74,1000.61,37.96,114.47,0.02,0.17,84.81,310.34,7902,0.53,0.52,9.68,1.00,0.03,-0.03,0.01,2.89,-3.43,0.62,6,8,35,0,35.2901867,136.2528817,82.20, 0.10
3095120,0.22,-0.01,9.56,1.00,-0.01,-0.02,-0.00,-1.79,0.66,-0.16,10.62,0.00,0,2,1001.27,42.22,109.92,1001.27,40.94,109.47,0.74,1000.61,37.95,114.46,0.08,0.38,84.81,310.34,7903,0.39,0.17,9.48,1.00,0.03,-0.03,0.01,2.89,-3.41,0.62,6,8,35,0,35.2901867,136.2528817,82.20, 0.10
3095173,0.21,-0.03,9.51,1.00,-0.01,-0.02,-0.00,-1.79,0.66,-0.16,10.61,0.00,0,2,1001.27,42.23,109.90,1001.27,40.94,109.45,0.74,1000.61,37.95,114.46,0.15,0.51,84.73,310.34,7903,0.51,0.58,9.61,1.00,0.03,-0.03,0.01,2.89,-3.41,0.62,6,8,35,0,35.2901867,136.2528817,82.20, 0.10
3095231,0.19,-0.04,9.51,1.00,-0.01,-0.02,-0.00,-1.79,0.66,-0.16,10.61,0.00,0,2,1001.27,42.23,109.92,1001.27,40.93,109.47,0.74,1000.60,37.95,114.48,0.10,0.42,84.73,310.34,7902,0.53,0.55,9.62,1.00,0.03,-0.03,0.01,2.90,-3.41,0.62,6,8,35,0,35.2901867,136.2528817,82.20, 0.10
3095282,0.19,-0.06,9.44,1.00,-0.01,-0.02,-0.00,-1.79,0.66,-0.16,10.61,0.00,0,2,1001.27,42.22,109.90,1001.27,40.94,109.49,0.74,1000.60,37.95,114.49,0.43,0.87,84.64,310.34,7902,0.43,0.34,9.52,1.00,0.03,-0.03,0.01,2.91,-3.40,0.62,6,8,35,0,35.2901867,136.2528817,82.20, 0.10
3095340,0.31,-0.08,9.54,1.00,-0.01,-0.02,-0.00,-1.79,0.66,-0.16,10.61,0.00,0,2,1001.27,42.22,109.87,1001.26,40.93,109.54,0.74,1000.61,37.96,114.46,-0.30,0.73,84.64,310.34,7902,0.39,0.53,9.62,1.00,0.03,-0.03,0.01,2.91,-3.39,0.62,6,8,35,0,35.2901867,136.2528817,82.20, 0.10
3095392,0.26,0.00,9.54,1.00,-0.01,-0.02,-0.00,-1.79,0.66,-0.16,10.59,0.00,0,2,1001.27,42.23,109.88,1001.26,40.94,109.48,0.74,1000.61,37.96,114.44,-0.17,0.54,84.64,310.34,7902,0.50,0.57,9.67,1.00,0.03,-0.03,0.01,2.90,-3.39,0.62,6,8,35,0,35.2901867,136.2528817,82.20, 0.10
3095445,0.24,-0.06,9.59,1.00,-0.01,-0.02,-0.00,-1.79,0.66,-0.16,10.58,0.00,0,2,1001.27,42.22,109.87,1001.27,40.94,109.46,0.74,1000.61,37.96,114.42,-0.02,0.17,84.64,310.34,7903,0.62,0.61,9.62,1.00,0.03,-0.03,0.01,2.90,-3.39,0.62,6,8,35,0,35.2901867,136.2528817,82.20, 0.10
3095501,0.19,-0.11,9.59,1.00,-0.01,-0.02,-0.00,-1.79,0.66,-0.16,10.58,0.00,0,2,1001.27,42.24,109.88,1001.27,40.95,109.49,0.74,1000.61,37.96,114.44,0.45,0.89,84.73,310.34,7903,0.49,0.59,9.63,1.00,0.03,-0.03,0.01,2.91,-3.39,0.62,6,8,35,0,35.2901867,136.2528817,82.20, 0.10
3095558,0.22,-0.04,9.67,1.00,-0.01,-0.02,-0.00,-1.79,0.66,-0.16,10.58,0.00,0,2,1001.27,42.23,109.88,1001.27,40.93,109.49,0.74,1000.61,37.95,114.41,0.27,0.69,84.64,310.34,7902,0.58,0.40,9.56,1.00,0.03,-0.03,0.01,2.91,-3.39,0.62,6,8,35,0,35.2901867,136.2528817,82.20, 0.10
3095611,0.27,0.02,9.50,1.00,-0.01,-0.02,-0.00,-1.79,0.66,-0.16,10.59,0.00,0,2,1001.27,42.23,109.92,1001.27,40.94,109.45,0.74,1000.61,37.95,114.41,-0.18,0.57,84.64,310.25,7902,0.66,0.42,9.52,1.00,0.03,-0.03,0.01,2.92,-3.37,0.62,6,8,35,0,35.2901867,136.2528817,82.20, 0.10
3095668,0.29,-0.03,9.63,1.00,-0.01,-0.02,-0.00,-1.79,0.66,-0.16,10.59,0.00,0,2,1001.27,42.23,109.88,1001.27,40.93,109.47,0.74,1000.61,37.95,114.41,-0.43,0.87,84.46,310.34,7902,0.40,0.56,9.60,1.00,0.03,-0.03,0.01,2.92,-3.36,0.62,6,8,35,0,35.2901867,136.2528817,82.20, 0.10
3095720,0.28,-0.03,9.51,1.00,-0.01,-0.02,-0.00,-1.79,0.66,-0.16,10.60,0.00,0,2,1001.27,42.23,109.92,1001.27,40.94,109.46,0.74,1000.60,37.95,114.48,-0.10,0.42,84.55,310.34,7902,0.55,0.58,9.60,1.00,0.03,-0.03,0.01,2.92,-3.36,0.62,6,8,35,0,35.2901867,136.2528817,82.20, 0.10
3095773,0.24,-0.05,9.57,1.00,-0.01,-0.02,-0.00,-1.79,0.66,-0.16,10.60,0.00,0,2,1001.27,42.24,109.93,1001.27,40.94,109.48,0.74,1000.60,37.96,114.48,0.42,0.86,84.64,310.34,7903,0.57,0.44,9.54,1.00,0.03,-0.03,0.01,2.92,-3.36,0.62,6,8,35,0,35.2901867,136.2528817,82.20, 0.10
3095830,0.22,-0.07,9.47,1.00,-0.01,-0.02,-0.00,-1.79,0.66,-0.16,10.60,0.00,0,2,1001.27,42.23,109.90,1001.27,40.95,109.44,0.74,1000.60,37.95,114.48,0.53,0.97,84.64,310.34,7903,0.65,0.48,9.54,1.00,0.03,-0.03,0.01,2.92,-3.36,0.62,6,8,35,0,35.2901867,136.2528817,82.20, 0.10
3095888,0.25,-0.05,9.50,1.00,-0.01,-0.02,-0.00,-1.79,0.66,-0.16,10.60,0.00,0,2,1001.27,42.24,109.91,1001.27,40.96,109.46,0.73,1000.60,37.96,114.55,-0.03,0.24,84.55,310.34,7903,0.64,0.62,9.62,1.00,0.03,-0.03,0.01,2.92,-3.36,0.62,6,8,35,0,35.2901867,136.2528817,82.20, 0.10
3095941,0.25,-0.03,9.54,1.00,-0.01,-0.02,-0.00,-1.79,0.66,-0.16,10.60,0.00,0,2,1001.27,42.23,109.90,1001.27,40.95,109.44,0.74,1000.60,37.95,114.55,0.03,0.24,84.29,310.34,7903,0.43,0.42,9.59,1.00,0.03,-0.03,0.01,2.92,-3.36,0.62,6,8,36,0,35.2901850,136.2528800,82.30, 0.10
3095993,0.31,-0.02,9.61,1.00,-0.01,-0.02,-0.00,-1.79,0.66,-0.16,10.61,0.00,0,2,1001.27,42.24,109.91,1001.27,40.94,109.48,0.74,1000.59,37.97,114.60,0.02,0.17,83.94,310.34,7903,0.40,0.27,9.58,1.00,0.03,-0.03,0.01,2.92,-3.34,0.62,6,8,36,0,35.2901850,136.2528800,82.30, 0.10
3096050,0.28,-0.04,9.61,1.00,-0.01,-0.02,-0.00,-1.79,0.66,-0.16,10.61,0.00,0,2,1001.27,42.23,109.92,1001.27,40.94,109.46,0.74,1000.59,37.96,114.59,-0.38,0.82,83.94,310.34,7903,0.65,0.55,9.63,1.00,0.03,-0.03,0.01,2.89,-3.32,0.62,6,8,36,0,35.2901850,136.2528800,82.30, 0.10
3096107,0.24,-0.08,9.61,1.00,-0.01,-0.02,-0.00,-1.79,0.66,-0.16,10.61,0.00,0,2,1001.27,42.23,109.92,1001.27,40.94,109.48,0.74,1000.60,37.96,114.53,-0.25,0.66,84.02,310.34,7901,0.52,0.64,9.66,1.00,0.03,-0.03,0.01,2.89,-3.32,0.62,6,8,36,0,35.2901850,136.2528800,82.30, 0.10
3096160,0.25,-0.02,9.56,1.00,-0.01,-0.02,-0.00,-1.79,0.66,-0.16,10.60,0.00,0,2,1001.27,42.25,109.89,1001.27,40.95,109.47,0.74,1000.60,37.96,114.49,0.13,0.49,83.94,310.34,7902,0.48,0.31,9.53,1.00,0.03,-0.03,0.01,2.89,-3.32,0.62,6,8,36,0,35.2901850,136.2528800,82.30, 0.10
3096216,0.30,-0.04,9.64,1.00,-0.01,-0.02,-0.00,-1.79,0.66,-0.16,10.60,0.00,0,2,1001.27,42.25,109.90,1001.27,40.95,109.46,0.74,1000.61,37.96,114.46,-0.10,0.42,83.94,310.34,7903,0.58,0.40,9.51,1.00,0.03,-0.03,0.01,2.89,-3.33,0.62,6,8,36,0,35.2901850,136.2528800,82.30, 0.10
3096270,0.32,-0.02,9.56,1.00,-0.01,-0.02,-0.00,-1.79,0.66,-0.16,10.58,0.00,0,2,1001.27,42.24,109.87,1001.27,40.94,109.46,0.74,1000.61,37.96,114.42,0.00,0.00,83.94,310.34,7904,0.59,0.53,9.52,1.00,0.03,-0.03,0.01,2.89,-3.33,0.61,6,8,36,0,35.2901850,136.2528800,82.30, 0.10
3096325,0.32,-0.09,9.49,1.00,-0.01,-0.02,-0.00,-1.79,0.66,-0.16,10.58,0.00,0,2,1001.27,42.25,109.87,1001.27,40.97,109.43,0.74,1000.61,37.95,114.39,-0.13,0.49,83.94,310.34,7902,0.71,0.61,9.58,1.00,0.03,-0.02,0.01,2.88,-3.32,0.60,6,8,36,0,35.2901850,136.2528800,82.30, 0.10
3096378,0.22,-0.03,9.66,1.00,-0.01,-0.02,-0.00,-1.79,0.66,-0.16,10.58,0.00,0,2,1001.27,42.25,109.90,1001.27,40.95,109.44,0.74,1000.62,37.97,114.38,0.10,0.42,84.02,310.34,7903,0.62,0.37,9.62,1.00,0.03,-0.02,0.01,2.88,-3.32,0.60,6,8,36,0,35.2901850,136.2528800,82.30, 0.10
3096430,0.27,-0.03,9.53,1.00,-0.01,-0.02,-0.00,-1.79,0.66,-0.16,10.59,0.00,0,2,1001.27,42.26,109.87,1001.27,40.94,109.46,0.74,1000.61,37.95,114.39,-0.07,0.34,84.02,310.25,7903,0.53,0.52,9.60,1.00,0.03,-0.03,0.01,2.89,-3.32,0.60,6,8,36,0,35.2901850,136.2528800,82.30, 0.10
3096487,0.22,-0.06,9.47,1.00,-0.01,-0.02,-0.00,-1.79,0.66,-0.16,10.60,0.00,0,2,1001.27,42.25,109.92,1001.27,40.96,109.45,0.74,1000.60,37.95,114.55,-0.22,0.62,83.85,310.34,7902,0.49,0.49,9.55,1.00,0.03,-0.03,0.01,2.89,-3.32,0.59,6,8,36,0,35.2901850,136.2528800,82.30, 0.10
3096539,0.27,0.03,9.53,1.00,-0.01,-0.02,-0.00,-1.79,0.66,-0.16,10.60,0.00,0,2,1001.27,42.26,109.88,1001.27,40.96,109.42,0.73,1000.60,37.96,114.53,-0.10,0.42,83.76,310.34,7902,0.76,0.38,9.50,1.00,0.03,-0.03,0.01,2.89,-3.31,0.58,6,8,36,0,35.2901850,136.2528800,82.30, 0.10
3096597,0.21,0.00,9.56,1.00,-0.01,-0.02,-0.00,-1.79,0.65,-0.16,10.60,0.00,0,2,1001.27,42.27,109.90,1001.27,40.95,109.47,0.73,1000.61,37.96,114.44,0.00,0.00,83.85,310.34,7903,0.50,0.19,9.53,1.00,0.03,-0.03,0.01,2.89,-3.29,0.60,6,8,36,0,35.2901850,136.2528800,82.30, 0.10
3096652,0.21,-0.04,9.52,1.00,-0.01,-0.02,-0.00,-1.79,0.65,-0.16,10.58,0.00,0,2,1001.28,42.27,109.86,1001.27,40.95,109.42,0.73,1000.61,37.95,114.43,0.00,0.00,83.76,310.34,7902,0.41,0.30,9.51,1.00,0.03,-0.03,0.01,2.89,-3.29,0.60,6,8,36,0,35.2901850,136.2528800,82.30, 0.10
3096708,0.22,0.00,9.47,1.00,-0.01,-0.02,-0.00,-1.79,0.64,-0.16,10.58,0.00,0,2,1001.28,42.26,109.84,1001.27,40.94,109.46,0.73,1000.61,37.95,114.46,-0.10,0.42,83.76,310.34,7903,0.19,0.59,9.55,1.00,0.03,-0.03,0.01,2.89,-3.27,0.59,6,8,36,0,35.2901850,136.2528800,82.30, 0.10
3096764,0.25,0.00,9.60,1.00,-0.01,-0.02,-0.00,-1.79,0.64,-0.16,10.58,0.00,0,2,1001.27,42.25,109.87,1001.27,40.95,109.46,0.73,1000.61,37.96,114.44,-0.12,0.45,83.76,310.34,7902,0.65,0.76,9.73,1.00,0.03,-0.03,0.01,2.89,-3.25,0.58,6,8,36,0,35.2901850,136.2528800,82.30, 0.41
3096817,0.26,0.00,9.55,1.00,-0.01,-0.02,-0.00,-1.79,0.64,-0.16,10.58,0.00,0,2,1001.27,42.25,109.88,1001.27,40.96,109.45,0.73,1000.61,37.96,114.42,-0.03,0.24,83.85,310.34,7902,0.22,0.33,9.59,1.00,0.03,-0.03,0.01,2.89,-3.23,0.58,6,8,36,0,35.2901850,136.2528800,82.30, 0.41
3096875,0.28,0.00,9.49,1.00,-0.01,-0.02,-0.00,-1.79,0.64,-0.16,10.59,0.00,0,2,1001.27,42.26,109.87,1001.27,40.95,109.43,0.73,1000.61,37.96,114.40,0.00,0.00,84.20,310.34,7902,0.27,0.39,9.52,1.00,0.03,-0.02,0.01,2.88,-3.18,0.58,6,8,36,0,35.2901850,136.2528800,82.30, 0.41
3096928,0.29,0.07,9.52,1.00,-0.01,-0.02,-0.00,-1.79,0.64,-0.16,10.59,0.00,0,2,1001.27,42.26,109.88,1001.27,40.95,109.42,0.73,1000.61,37.95,114.40,0.00,0.00,84.38,310.34,7903,0.53,0.45,9.51,1.00,0.03,-0.02,0.01,2.88,-3.16,0.59,6,8,36,0,35.2901850,136.2528800,82.30, 0.41
3096986,0.22,-0.05,9.45,1.00,-0.01,-0.02,-0.00,-1.79,0.64,-0.16,10.58,0.00,0,2,1001.27,42.26,109.90,1001.27,40.95,109.44,0.73,1000.61,37.95,114.45,-0.02,0.17,84.29,310.34,7903,0.55,0.68,9.64,1.00,0.03,-0.02,0.01,2.88,-3.15,0.59,6,8,37,0,35.2901867,136.2528783,82.30, 0.41
3097037,0.24,0.00,9.61,1.00,-0.01,-0.02,-0.00,-1.79,0.64,-0.16,10.57,0.00,0,2,1001.27,42.26,109.92,1001.28,40.95,109.40,0.73,1000.61,37.96,114.44,-0.15,0.51,84.64,310.34,7903,0.35,0.44,9.61,1.00,0.03,-0.02,0.01,2.88,-3.14,0.59,6,8,37,0,35.2901867,136.2528783,82.30, 0.41
3097095,0.26,0.03,9.56,1.00,-0.01,-0.02,-0.00,-1.79,0.64,-0.16,10.58,0.00,0,2,1001.27,42.26,109.87,1001.27,40.96,109.44,0.73,1000.60,37.95,114.52,-0.05,0.30,84.73,310.34,7903,0.36,0.62,9.75,1.00,0.03,-0.03,0.01,2.89,-3.12,0.58,6,8,37,0,35.2901867,136.2528783,82.30, 0.41
3097148,0.29,0.02,9.45,1.00,-0.01,-0.02,-0.00,-1.79,0.64,-0.16,10.60,0.00,0,2,1001.27,42.27,109.89,1001.27,40.95,109.45,0.72,1000.60,37.95,114.55,-0.23,0.64,84.64,310.34,7903,0.54,0.53,9.43,1.00,0.03,-0.03,0.01,2.88,-3.11,0.58,6,8,37,0,35.2901867,136.2528783,82.30, 0.41
3097205,0.23,0.00,9.40,1.00,-0.01,-0.02,-0.00,-1.79,0.64,-0.16,10.59,0.00,0,2,1001.27,42.27,109.87,1001.27,40.95,109.46,0.72,1000.60,37.96,114.54,-0.50,0.94,84.46,310.34,7902,0.63,0.58,9.49,1.00,0.03,-0.03,0.01,2.89,-3.09,0.57,6,8,37,0,35.2901867,136.2528783,82.30, 0.41
3097256,0.29,0.08,9.39,1.00,-0.01,-0.02,-0.00,-1.79,0.64,-0.16,10.60,0.00,0,2,1001.27,42.27,109.89,1001.27,40.94,109.44,0.72,1000.60,37.96,114.51,-0.12,0.45,84.46,310.34,7903,0.00,0.37,9.51,1.00,0.03,-0.03,0.01,2.89,-3.09,0.58,6,8,37,0,35.2901867,136.2528783,82.30, 0.41
3097313,0.30,0.00,9.51,1.00,-0.01,-0.02,-0.00,-1.79,0.64,-0.16,10.59,0.00,0,2,1001.27,42.26,109.87,1001.28,40.95,109.40,0.72,1000.60,37.96,114.51,-0.05,0.30,84.46,310.34,7903,0.64,0.63,9.60,1.00,0.03,-0.02,0.01,2.87,-3.10,0.57,6,8,37,0,35.2901867,136.2528783,82.30, 0.41
3097365,0.26,0.04,9.40,1.00,-0.01,-0.02,-0.00,-1.79,0.64,-0.16,10.59,0.00,0,2,1001.28,42.27,109.84,1001.27,40.95,109.44,0.71,1000.61,37.97,114.47,0.02,0.17,84.64,310.34,7903,0.50,0.40,9.46,1.00,0.03,-0.02,0.01,2.87,-3.10,0.56,6,8,37,0,35.2901867,136.2528783,82.30, 0.41
3097424,0.26,0.04,9.50,1.00,-0.01,-0.02,-0.00,-1.78,0.63,-0.16,10.59,0.00,0,2,1001.27,42.26,109.87,1001.27,40.95,109.40,0.71,1000.61,37.96,114.44,0.08,0.38,84.55,310.34,7903,0.37,0.59,9.61,1.00,0.03,-0.02,0.01,2.87,-3.10,0.56,6,8,37,0,35.2901867,136.2528783,82.30, 0.41
3097476,0.24,0.12,9.57,1.00,-0.01,-0.02,-0.00,-1.76,0.57,-0.16,10.59,0.00,0,2,1001.28,42.26,109.86,1001.27,40.95,109.46,0.71,1000.61,37.96,114.42,-0.05,0.30,84.99,310.34,7903,0.67,0.59,9.65,1.00,0.03,-0.02,0.01,2.87,-3.11,0.57,6,8,37,0,35.2901867,136.2528783,82.30, 0.41
3097534,0.34,0.00,9.56,1.00,-0.00,-0.02,-0.00,-1.75,0.53,-0.16,10.59,0.00,0,2,1001.27,42.27,109.87,1001.27,40.97,109.43,0.70,1000.61,37.96,114.42,-0.03,0.24,85.08,310.34,7903,0.40,0.50,9.64,1.00,0.03,-0.02,0.01,2.86,-3.09,0.57,6,8,37,0,35.2901867,136.2528783,82.30, 0.41
3097589,0.34,0.07,9.46,1.00,-0.00,-0.02,-0.00,-1.76,0.52,-0.16,10.57,0.00,0,2,1001.28,42.28,109.83,1001.27,40.96,109.41,0.69,1000.61,37.96,114.44,0.18,0.57,85.08,310.34,7902,0.15,0.01,9.52,1.00,0.03,-0.02,0.01,2.86,-3.09,0.57,6,8,37,0,35.2901867,136.2528783,82.30, 0.41
3097644,0.32,0.03,9.63,1.00,-0.00,-0.02,-0.00,-1.77,0.49,-0.16,10.59,0.00,0,2,1001.27,42.27,109.87,1001.27,40.95,109.42,0.69,1000.60,37.96,114.48,0.28,0.71,86.13,310.34,7902,0.66,0.70,9.67,1.00,0.03,-0.02,0.01,2.86,-3.12,0.57,6,8,37,0,35.2901867,136.2528783,82.30, 0.41
3097702,0.35,0.06,9.55,1.00,-0.00,-0.02,-0.00,-1.77,0.48,-0.16,10.58,0.00,0,2,1001.28,42.29,109.85,1001.28,40.95,109.41,0.69,1000.61,37.97,114.40,0.58,1.01,88.15,310.34,7902,0.52,0.43,9.52,1.00,0.03,-0.02,0.01,2.86,-3.12,0.57,6,8,37,0,35.2901867,136.2528783,82.30, 0.41
3097753,0.28,0.11,9.39,1.00,-0.00,-0.02,-0.00,-1.78,0.47,-0.16,10.58,0.00,0,2,1001.27,42.27,109.87,1001.28,40.95,109.39,0.68,1000.61,37.95,114.45,0.77,1.16,90.09,310.34,7902,-0.10,0.14,9.51,1.00,0.03,-0.02,0.01,2.87,-3.13,0.56,6,8,37,0,35.2901867,136.2528783,82.30, 0.41
3097811,0.48,0.02,9.60,1.00,-0.00,-0.02,-0.00,-1.77,0.46,-0.16,10.57,0.00,0,2,1001.28,42.28,109.83,1001.28,40.94,109.37,0.68,1000.61,37.95,114.45,0.30,0.73,91.58,310.34,7902,0.93,0.48,9.88,1.00,0.03,-0.02,0.01,2.87,-3.14,0.54,6,8,37,0,35.2901867,136.2528783,82.30, 0.08
3097863,0.18,0.05,9.67,1.00,-0.00,-0.02,-0.00,-1.76,0.45,-0.16,10.58,0.00,0,2,1001.28,42.27,109.84,1001.28,40.96,109.40,0.67,1000.61,37.96,114.44,0.55,0.99,92.99,310.34,7903,0.28,0.07,9.66,1.00,0.03,-0.02,0.01,2.87,-3.13,0.55,6,8,37,0,35.2901867,136.2528783,82.30, 0.08
3097922,0.23,0.00,9.70,1.00,-0.00,-0.02,-0.00,-1.76,0.45,-0.16,10.58,0.00,0,2,1001.28,42.28,109.83,1001.27,40.94,109.39,0.67,1000.61,37.97,114.40,0.28,0.71,97.91,310.25,7903,0.52,0.43,9.54,1.00,0.03,-0.02,0.01,2.87,-3.12,0.54,6,8,38,0,35.2901850,136.2528800,82.30, 0.08
3097974,0.34,0.00,9.59,1.00,-0.00,-0.02,-0.00,-1.75,0.44,-0.16,10.58,0.00,0,2,1001.27,42.27,109.89,1001.28,40.95,109.40,0.67,1000.61,37.96,114.40,1.05,1.36,99.32,310.34,7902,0.78,0.89,9.76,1.00,0.03,-0.02,0.01,2.86,-3.13,0.52,6,8,38,0,35.2901850,136.2528800,82.30, 0.08
3098031,0.33,-0.07,9.37,1.00,-0.00,-0.02,-0.00,-1.75,0.43,-0.16,10.58,0.00,0,2,1001.28,42.28,109.83,1001.28,40.96,109.40,0.66,1000.62,37.97,114.38,1.17,1.43,99.49,310.34,7903,0.90,1.49,9.79,1.00,0.03,-0.02,0.01,2.86,-3.12,0.50,6,8,38,0,35.2901850,136.2528800,82.30, 0.08
3098082,0.36,0.04,9.75,1.00,-0.00,-0.02,-0.00,-1.77,0.42,-0.16,10.58,0.00,0,2,1001.28,42.27,109.85,1001.28,40.95,109.39,0.66,1000.60,37.97,114.52,0.85,1.22,98.35,310.34,7902,-0.12,-0.43,9.50,1.00,0.03,-0.02,0.01,2.87,-3.08,0.54,6,8,38,0,35.2901850,136.2528800,82.30, 0.08
3098136,0.29,0.03,9.54,1.00,-0.00,-0.02,-0.00,-1.78,0.40,-0.16,10.58,0.00,0,2,1001.28,42.27,109.86,1001.28,40.95,109.40,0.66,1000.60,37.96,114.51,1.47,1.61,96.94,310.34,7903,0.23,-0.21,9.39,1.00,0.03,-0.02,0.01,2.87,-3.05,0.50,6,8,38,0,35.2901850,136.2528800,82.30, 0.08
3098193,0.08,0.20,9.64,1.00,-0.00,-0.02,-0.00,-1.80,0.36,-0.16,10.58,0.00,0,2,1001.28,42.28,109.85,1001.28,40.95,109.36,0.65,1000.59,37.96,114.58,2.25,1.99,96.68,310.34,7903,1.28,1.16,9.54,1.00,0.03,-0.02,0.00,2.87,-3.05,0.46,6,8,38,0,35.2901850,136.2528800,82.30, 0.08
3098248,0.47,0.16,9.97,1.00,-0.00,-0.02,-0.00,-1.81,0.34,-0.16,10.57,0.00,0,2,1001.28,42.29,109.79,1001.28,40.95,109.35,0.65,1000.60,37.96,114.50,0.47,0.91,96.06,310.25,7903,1.43,1.09,9.58,1.00,0.03,-0.02,0.00,2.86,-3.04,0.48,6,8,38,0,35.2901850,136.2528800,82.30, 0.08
3098302,-0.14,0.15,9.89,1.00,-0.00,-0.02,-0.00,-1.81,0.34,-0.16,10.57,0.00,0,2,1001.28,42.26,109.86,1001.28,40.95,109.39,0.64,1000.61,37.97,114.43,1.57,1.66,95.10,310.25,7903,-0.22,0.00,9.33,1.00,0.03,-0.02,0.00,2.87,-3.05,0.47,6,8,38,0,35.2901850,136.2528800,82.30, 0.08
3098359,0.29,0.20,9.60,1.00,-0.00,-0.02,-0.00,-1.81,0.32,-0.16,10.55,0.00,0,2,1001.28,42.28,109.83,1001.28,40.95,109.36,0.64,1000.61,37.96,114.46,0.58,1.01,94.57,310.25,7903,1.93,0.83,9.51,1.00,0.03,-0.02,0.00,2.87,-3.02,0.44,6,8,38,0,35.2901850,136.2528800,82.30, 0.08
3098413,-0.02,-0.27,8.95,1.00,-0.00,-0.02,-0.00,-1.82,0.28,-0.16,10.56,0.00,0,2,1001.28,42.27,109.81,1001.28,40.96,109.36,0.64,1000.61,37.95,114.41,0.23,0.64,94.48,310.25,7903,1.62,0.57,9.63,1.00,0.03,-0.02,0.00,2.85,-2.98,0.45,6,8,38,0,35.2901850,136.2528800,82.30, 0.08
3098470,0.74,0.24,10.14,1.00,-0.00,-0.02,-0.00,-1.82,0.23,-0.16,10.55,0.00,0,2,1001.28,42.29,109.81,1001.28,40.94,109.32,0.63,1000.61,37.95,114.43,0.80,1.19,94.39,310.25,7903,0.34,0.95,9.86,1.00,0.03,-0.02,0.00,2.86,-2.92,0.45,6,8,38,0,35.2901850,136.2528800,82.30, 0.08
3098522,0.31,0.14,9.69,1.00,-0.00,-0.02,-0.00,-1.83,0.19,-0.16,10.55,0.00,0,2,1001.29,42.28,109.77,1001.28,40.95,109.35,0.63,1000.61,37.96,114.40,0.83,1.21,94.83,310.25,7902,1.29,-0.70,9.45,1.00,0.03,-0.02,0.00,2.86,-2.88,0.41,6,8,38,0,35.2901850,136.2528800,82.30, 0.08
3098574,0.32,0.06,9.60,1.00,-0.00,-0.02,-0.00,-1.83,0.19,-0.16,10.54,0.00,0,2,1001.28,42.29,109.79,1001.29,40.96,109.31,0.62,1000.62,37.96,114.37,0.42,0.86,95.98,310.34,7903,1.16,-0.29,9.09,1.00,0.03,-0.02,0.00,2.84,-2.88,0.38,6,8,38,0,35.2901850,136.2528800,82.30, 0.08
3098632,0.32,-0.09,9.69,1.00,-0.00,-0.02,-0.00,-1.83,0.17,-0.17,10.54,0.00,0,2,1001.28,42.27,109.80,1001.28,40.94,109.36,0.62,1000.62,37.96,114.33,1.82,1.79,96.15,310.34,7903,0.38,-0.16,9.74,1.00,0.02,-0.02,0.00,2.85,-2.85,0.39,6,8,38,0,35.2901850,136.2528800,82.30, 0.08
3098687,0.42,0.00,9.82,1.00,-0.00,-0.02,-0.00,-1.85,0.12,-0.17,10.54,0.00,0,2,1001.29,42.27,109.77,1001.28,40.94,109.35,0.61,1000.62,37.97,114.33,1.90,1.83,96.15,310.34,7903,-0.92,0.42,10.37,1.00,0.02,-0.02,0.00,2.85,-2.75,0.38,6,8,38,0,35.2901850,136.2528800,82.30, 0.08
3098741,-0.27,0.00,9.44,1.00,-0.00,-0.02,-0.00,-1.88,0.01,-0.17,10.54,0.00,0,2,1001.29,42.29,109.74,1001.28,40.95,109.35,0.61,1000.62,37.95,114.34,2.60,2.14,97.73,310.43,7905,0.94,1.15,10.05,1.00,0.02,-0.02,0.00,2.82,-2.66,0.35,6,8,38,0,35.2901850,136.2528800,82.30, 0.08
3098797,0.11,0.03,9.45,1.00,0.00,-0.02,-0.00,-1.94,-0.11,-0.16,10.54,0.00,0,2,1001.28,42.28,109.78,1001.28,40.95,109.34,0.61,1000.62,37.96,114.35,3.23,2.39,100.28,310.52,7902,2.15,0.26,9.23,1.00,0.02,-0.02,0.00,2.79,-2.52,0.33,6,8,38,0,35.2901850,136.2528800,82.30, 0.08
3098851,0.32,0.14,9.59,1.00,0.00,-0.02,-0.00,-1.97,-0.20,-0.16,10.54,0.00,0,2,1001.29,42.29,109.74,1001.28,40.95,109.37,0.61,1000.62,37.96,114.32,3.15,2.36,101.69,310.52,7901,-0.89,0.20,9.88,1.00,0.02,-0.02,0.00,2.75,-2.40,0.36,6,8,38,0,35.2901850,136.2528800,82.30, 0.08
3098907,0.45,0.40,9.87,1.00,0.00,-0.02,-0.00,-2.01,-0.31,-0.17,10.54,0.00,0,2,1001.28,42.29,109.79,1001.28,40.97,109.35,0.60,1000.62,37.98,114.31,2.30,2.01,104.24,310.61,7903,0.67,-0.20,9.89,1.00,0.02,-0.02,0.00,2.74,-2.33,0.31,6,8,38,0,35.2901850,136.2528800,82.30, 0.08
3098961,0.13,0.50,9.68,1.00,0.00,-0.02,-0.00,-2.03,-0.39,-0.17,10.54,0.00,0,2,1001.28,42.28,109.78,1001.29,40.96,109.34,0.61,1000.62,37.96,114.30,3.68,2.55,107.75,310.52,7902,0.66,0.46,9.75,1.00,0.02,-0.02,0.00,2.73,-2.27,0.29,6,8,39,0,35.2901850,136.2528833,82.30, 0.08
3099017,0.15,-0.20,8.95,1.00,0.00,-0.02,-0.00,-2.03,-0.44,-0.17,10.56,0.00,0,2,1001.29,42.28,109.77,1001.28,40.95,109.34,0.61,1000.62,37.95,114.34,2.77,2.21,110.30,310.78,7902,1.97,0.82,9.83,1.00,0.02,-0.02,0.00,2.71,-2.20,0.27,6,8,39,0,35.2901850,136.2528833,82.30, 0.08
3099070,0.10,0.11,9.46,1.00,0.00,-0.02,-0.00,-2.06,-0.53,-0.16,10.56,0.00,0,2,1001.28,42.28,109.81,1001.28,40.95,109.37,0.60,1000.62,37.95,114.34,3.38,2.44,109.60,310.96,7903,-1.11,0.03,10.04,1.00,0.02,-0.02,0.00,2.69,-2.07,0.31,6,8,39,0,35.2901850,136.2528833,82.30, 0.08
3099125,0.50,0.22,9.31,1.00,0.01,-0.02,-0.00,-2.10,-0.63,-0.17,10.57,0.00,0,2,1001.28,42.28,109.80,1001.28,40.95,109.37,0.61,1000.62,37.96,114.37,3.42,2.46,107.84,311.22,7903,-0.47,0.63,9.53,1.00,0.02,-0.02,0.00,2.68,-1.99,0.31,6,8,39,0,35.2901850,136.2528833,82.30, 0.08
3099180,0.20,0.10,9.67,1.00,0.01,-0.02,-0.00,-2.10,-0.71,-0.17,10.59,0.00,0,2,1001.28,42.28,109.83,1001.28,40.95,109.38,0.61,1000.61,37.96,114.41,4.62,2.85,104.59,311.13,7903,1.83,1.02,9.66,1.00,0.02,-0.02,0.00,2.68,-1.95,0.26,6,8,39,0,35.2901850,136.2528833,82.30, 0.08
3099236,0.34,0.17,9.22,1.00,0.01,-0.02,-0.00,-2.10,-0.77,-0.17,10.60,0.00,0,2,1001.28,42.28,109.79,1001.28,40.96,109.37,0.62,1000.61,37.96,114.42,2.77,2.21,103.18,311.22,7902,1.03,0.70,9.49,1.00,0.02,-0.02,0.00,2.68,-1.88,0.28,6,8,39,0,35.2901850,136.2528833,82.30, 0.08
3099290,0.22,0.23,9.62,1.00,0.01,-0.02,-0.00,-2.13,-0.85,-0.17,10.61,0.00,0,2,1001.28,42.29,109.80,1001.28,40.95,109.40,0.61,1000.61,37.97,114.41,1.63,1.70,103.01,311.22,7903,-0.68,-0.37,9.52,1.00,0.02,-0.02,0.00,2.66,-1.77,0.30,6,8,39,0,35.2901850,136.2528833,82.30, 0.08
3099346,0.36,0.14,9.68,1.00,0.01,-0.02,-0.00,-2.15,-0.91,-0.17,10.62,0.00,0,2,1001.28,42.29,109.81,1001.28,40.95,109.39,0.61,1000.61,37.97,114.41,1.33,1.53,103.89,311.22,7903,0.98,1.15,9.85,1.00,0.02,-0.02,0.00,2.66,-1.76,0.25,6,8,39,0,35.2901850,136.2528833,82.30, 0.08
3099399,0.39,0.11,9.38,1.00,0.01,-0.02,-0.00,-2.16,-0.98,-0.17,10.61,0.00,0,2,1001.28,42.30,109.82,1001.28,40.96,109.38,0.62,1000.61,37.96,114.40,2.80,2.22,103.45,311.22,7903,0.98,1.02,9.61,1.00,0.01,-0.02,0.00,2.64,-1.69,0.27,6,8,39,0,35.2901850,136.2528833,82.30, 0.08
3099456,0.37,0.29,9.44,1.00,0.01,-0.02,-0.00,-2.19,-1.04,-0.17,10.60,0.00,0,2,1001.28,42.30,109.83,1001.28,40.96,109.35,0.62,1000.62,37.96,114.35,2.62,2.15,102.48,311.22,7903,-0.45,0.24,9.55,1.00,0.01,-0.02,0.00,2.63,-1.61,0.28,6,8,39,0,35.2901850,136.2528833,82.30, 0.08
3099510,0.33,0.30,9.56,1.00,0.01,-0.02,-0.00,-2.19,-1.11,-0.17,10.60,0.00,0,2,1001.28,42.30,109.80,1001.28,40.96,109.38,0.62,1000.61,37.97,114.43,1.80,1.78,100.63,311.13,7903,-0.38,0.85,9.83,1.00,0.01,-0.02,0.00,2.61,-1.56,0.30,6,8,39,0,35.2901850,136.2528833,82.30, 0.08
3099562,0.41,0.39,9.39,1.00,0.01,-0.02,-0.00,-2.20,-1.19,-0.17,10.60,0.00,0,2,1001.29,42.30,109.77,1001.28,40.95,109.33,0.61,1000.61,37.97,114.43,1.57,1.66,99.32,311.22,7903,-0.30,0.14,9.49,1.00,0.01,-0.02,0.00,2.62,-1.49,0.27,6,8,39,0,35.2901850,136.2528833,82.30, 0.08
3099617,0.37,0.37,9.48,1.00,0.01,-0.02,-0.00,-2.20,-1.22,-0.17,10.60,0.00,0,2,1001.29,42.30,109.76,1001.28,40.95,109.37,0.61,1000.62,37.96,114.37,2.08,1.92,99.58,311.22,7902,-0.11,0.52,9.68,1.00,0.01,-0.02,0.00,2.63,-1.49,0.28,6,8,39,0,35.2901850,136.2528833,82.30, 0.08
3099675,0.33,0.30,9.43,1.00,0.01,-0.02,-0.00,-2.19,-1.23,-0.17,10.60,0.00,0,2,1001.28,42.28,109.78,1001.28,40.97,109.33,0.61,1000.62,37.97,114.35,0.52,0.95,99.93,311.13,7903,-0.12,0.20,9.44,1.00,0.01,-0.02,0.00,2.63,-1.48,0.29,6,8,39,0,35.2901850,136.2528833,82.30, 0.08
3099728,0.26,0.67,9.43,1.00,0.01,-0.02,-0.00,-2.19,-1.25,-0.17,10.59,0.00,0,2,1001.29,42.30,109.78,1001.28,40.97,109.36,0.61,1000.62,37.95,114.36,0.55,0.99,100.02,311.22,7902,-0.22,0.42,9.82,1.00,0.01,-0.02,0.00,2.64,-1.47,0.29,6,8,39,0,35.2901850,136.2528833,82.30, 0.08
3099781,0.31,0.20,9.69,1.00,0.01,-0.02,-0.00,-2.17,-1.30,-0.17,10.60,0.00,0,2,1001.28,42.29,109.79,1001.28,40.97,109.36,0.61,1000.61,37.96,114.38,0.32,0.75,100.11,311.13,7902,0.07,-0.45,9.18,1.00,0.01,-0.02,0.00,2.67,-1.42,0.27,6,8,39,0,35.2901850,136.2528833,82.30, 0.19
3099837,0.28,0.24,9.33,1.00,0.01,-0.02,-0.00,-2.17,-1.30,-0.17,10.60,0.00,0,2,1001.28,42.29,109.79,1001.28,40.97,109.32,0.60,1000.61,37.96,114.42,1.58,1.67,99.76,311.22,7902,-0.11,0.79,9.74,1.00,0.01,-0.02,0.00,2.68,-1.44,0.30,6,8,39,0,35.2901850,136.2528833,82.30, 0.19
3099894,0.39,0.44,9.61,1.00,0.01,-0.02,-0.00,-2.16,-1.31,-0.17,10.61,0.00,0,2,1001.28,42.29,109.79,1001.28,40.98,109.33,0.60,1000.61,37.95,114.43,1.25,1.49,98.96,311.22,7902,-0.12,0.18,9.78,1.00,0.01,-0.02,0.00,2.70,-1.43,0.29,6,8,40,0,35.2901850,136.2528850,82.30, 0.19
3099948,0.23,0.32,9.32,1.00,0.01,-0.02,-0.00,-2.12,-1.35,-0.17,10.60,0.00,0,2,1001.28,42.29,109.79,1001.28,40.97,109.34,0.59,1000.61,37.96,114.39,1.70,1.73,96.94,311.13,7903,0.68,0.76,9.62,1.00,0.01,-0.02,0.00,2.73,-1.48,0.28,6,8,40,0,35.2901850,136.2528850,82.30, 0.19
3100004,0.28,0.34,9.50,1.00,0.01,-0.02,-0.00,-2.12,-1.36,-0.17,10.58,0.00,0,2,1001.29,42.30,109.74,1001.28,40.97,109.36,0.59,1000.62,37.96,114.34,2.93,2.28,95.36,311.22,7903,0.14,-0.01,9.68,1.00,0.01,-0.02,0.00,2.77,-1.48,0.29,6,8,40,0,35.2901850,136.2528850,82.30, 0.19
3100055,0.50,0.41,9.66,1.00,0.01,-0.02,-0.00,-2.11,-1.37,-0.17,10.58,0.00,0,2,1001.29,42.29,109.77,1001.28,40.98,109.33,0.59,1000.62,37.95,114.34,3.12,2.35,95.10,311.22,7903,-0.25,-0.47,9.56,1.00,0.01,-0.02,0.00,2.78,-1.47,0.30,6,8,40,0,35.2901850,136.2528850,82.30, 0.19
3100112,0.29,0.27,9.43,1.00,0.01,-0.02,-0.00,-2.08,-1.37,-0.17,10.58,0.00,0,2,1001.28,42.29,109.79,1001.29,40.97,109.31,0.58,1000.62,37.95,114.33,2.10,1.93,95.36,311.22,7902,0.90,0.25,9.60,1.00,0.01,-0.02,0.00,2.84,-1.52,0.29,6,8,40,0,35.2901850,136.2528850,82.30, 0.19
3100167,0.28,0.38,9.54,1.00,0.01,-0.02,-0.00,-2.05,-1.37,-0.17,10.57,0.00,0,2,1001.29,42.30,109.77,1001.28,40.97,109.30,0.58,1000.63,37.97,114.27,3.30,2.41,97.65,311.22,7903,1.13,-0.15,9.44,1.00,0.01,-0.03,0.00,2.89,-1.52,0.29,6,8,40,0,35.2901850,136.2528850,82.30, 0.19
3100225,0.19,0.39,9.45,1.00,0.01,-0.02,-0.00,-2.03,-1.41,-0.18,10.56,0.00,0,2,1001.29,42.30,109.73,1001.29,40.98,109.30,0.57,1000.63,37.96,114.25,1.52,1.64,101.43,311.22,7903,0.06,0.19,9.67,1.00,0.01,-0.03,0.00,2.89,-1.55,0.29,6,8,40,0,35.2901850,136.2528850,82.30, 0.19
3100276,0.43,0.30,9.72,1.00,0.01,-0.02,-0.00,-2.01,-1.44,-0.18,10.55,0.00,0,2,1001.29,42.29,109.75,1001.29,40.97,109.28,0.57,1000.63,37.96,114.28,2.88,2.26,106.79,311.22,7903,0.68,0.14,9.69,1.00,0.01,-0.03,0.00,2.94,-1.52,0.29,6,8,40,0,35.2901850,136.2528850,82.30, 0.19
3100334,0.33,0.37,9.57,1.00,0.01,-0.02,-0.00,-2.01,-1.44,-0.18,10.55,0.00,0,2,1001.29,42.30,109.75,1001.29,40.96,109.29,0.56,1000.62,37.96,114.31,3.02,2.31,108.02,311.22,7903,0.87,0.30,9.69,1.00,0.01,-0.03,0.00,2.91,-1.49,0.29,6,8,40,0,35.2901850,136.2528850,82.30, 0.19
3100387,0.35,0.35,9.44,1.00,0.01,-0.02,-0.00,-2.01,-1.47,-0.18,10.56,0.00,0,2,1001.29,42.30,109.78,1001.29,40.99,109.28,0.56,1000.61,37.96,114.42,3.30,2.41,107.31,311.22,7903,0.76,-0.44,9.48,1.00,0.01,-0.03,0.00,2.95,-1.49,0.29,6,8,40,0,35.2901850,136.2528850,82.30, 0.19
3100444,0.40,0.55,9.65,1.00,0.01,-0.02,-0.00,-1.99,-1.47,-0.18,10.56,0.00,0,2,1001.29,42.31,109.71,1001.29,40.98,109.30,0.55,1000.61,37.96,114.44,3.27,2.40,104.33,311.22,7903,0.33,-0.58,9.67,1.00,0.01,-0.03,0.00,2.98,-1.59,0.28,6,8,40,0,35.2901850,136.2528850,82.30, 0.19
3100498,0.18,0.53,9.37,1.00,0.01,-0.02,-0.00,-2.01,-1.40,-0.19,10.56,0.00,0,2,1001.29,42.30,109.75,1001.29,40.97,109.27,0.54,1000.61,37.97,114.40,3.97,2.65,100.99,311.22,7903,0.90,0.00,9.78,1.00,0.02,-0.03,0.00,3.00,-1.72,0.26,6,8,40,0,35.2901850,136.2528850,82.30, 0.19
3100554,0.24,0.35,9.17,1.00,0.01,-0.02,-0.00,-1.98,-1.33,-0.18,10.55,0.00,0,2,1001.29,42.30,109.71,1001.29,40.97,109.27,0.54,1000.62,37.96,114.31,3.52,2.49,96.94,311.22,7903,0.46,0.37,9.69,1.00,0.02,-0.03,0.00,3.02,-1.85,0.25,6,8,40,0,35.2901850,136.2528850,82.30, 0.19
3100613,0.31,0.26,9.69,1.00,0.01,-0.02,-0.00,-1.95,-1.26,-0.18,10.54,0.00,0,2,1001.30,42.29,109.69,1001.29,40.97,109.25,0.54,1000.62,37.96,114.32,3.52,2.49,96.50,311.22,7903,0.19,0.23,9.88,1.00,0.02,-0.03,0.00,3.03,-1.99,0.24,6,8,40,0,35.2901850,136.2528850,82.30, 0.19
3100665,0.42,0.12,9.62,1.00,0.01,-0.02,-0.00,-1.93,-1.13,-0.19,10.53,0.00,0,2,1001.30,42.31,109.69,1001.29,40.97,109.26,0.53,1000.62,37.96,114.29,2.92,2.27,95.36,311.22,7903,0.69,0.40,9.69,1.00,0.02,-0.03,0.00,3.04,-2.07,0.22,6,8,40,0,35.2901850,136.2528850,82.30, 0.19
3100723,0.32,0.13,9.69,1.00,0.01,-0.02,-0.00,-1.91,-1.02,-0.18,10.52,0.00,0,2,1001.29,42.30,109.70,1001.29,40.97,109.24,0.52,1000.63,37.95,114.27,3.63,2.53,95.10,311.22,7902,0.47,0.38,9.71,1.00,0.02,-0.03,0.00,3.08,-2.21,0.21,6,8,40,0,35.2901850,136.2528850,82.30, 0.19
3100775,0.33,0.17,9.50,1.00,0.01,-0.02,-0.00,-1.88,-0.87,-0.18,10.52,0.00,0,2,1001.30,42.32,109.65,1001.29,40.97,109.24,0.52,1000.63,37.97,114.26,3.22,2.38,96.68,311.22,7903,0.40,0.66,9.56,1.00,0.02,-0.03,0.00,3.08,-2.33,0.21,6,8,40,0,35.2901850,136.2528850,82.30, 0.19
3100829,0.25,0.12,9.52,1.00,0.01,-0.02,-0.00,-1.87,-0.76,-0.18,10.52,0.00,0,2,1001.30,42.29,109.69,1001.29,40.96,109.24,0.52,1000.63,37.96,114.23,3.12,2.35,98.61,311.13,7902,0.08,-0.03,9.73,1.00,0.02,-0.03,0.00,3.08,-2.46,0.19,6,8,40,0,35.2901850,136.2528850,82.30, 0.19
3100883,0.34,0.13,9.44,1.00,0.01,-0.02,-0.00,-1.86,-0.62,-0.18,10.53,0.00,0,2,1001.29,42.30,109.70,1001.30,40.98,109.23,0.51,1000.63,37.96,114.27,3.02,2.31,101.07,311.13,7903,0.59,0.43,9.58,1.00,0.02,-0.03,0.00,3.09,-2.53,0.18,6,8,40,0,35.2901850,136.2528850,82.30, 0.19
3100937,0.22,0.14,9.56,1.00,0.00,-0.02,-0.00,-1.85,-0.51,-0.18,10.53,0.00,0,2,1001.30,42.31,109.64,1001.29,40.98,109.20,0.51,1000.62,37.96,114.30,3.00,2.30,102.74,311.13,7902,0.37,0.08,9.52,1.00,0.02,-0.03,0.00,3.12,-2.67,0.17,6,8,40,0,35.2901850,136.2528850,82.30, 0.19
3100993,0.18,0.14,9.40,1.00,0.00,-0.02,-0.00,-1.80,-0.38,-0.18,10.53,0.00,0,2,1001.30,42.31,109.64,1001.29,40.97,109.25,0.50,1000.62,37.97,114.29,3.05,2.32,101.60,311.13,7902,0.26,0.03,9.40,1.00,0.02,-0.03,0.00,3.16,-2.84,0.14,6,8,40,0,35.2901850,136.2528850,82.30, 0.19
3101046,0.20,0.12,9.59,1.00,0.00,-0.02,-0.00,-1.78,-0.28,-0.19,10.54,0.00,0,2,1001.30,42.31,109.64,1001.29,40.97,109.23,0.50,1000.62,37.97,114.33,3.03,2.31,98.09,311.13,7903,0.75,0.25,9.54,1.00,0.03,-0.03,0.00,3.17,-2.99,0.11,6,8,40,0,35.2901850,136.2528850,82.30, 0.19
3101101,0.16,0.14,9.56,1.00,0.00,-0.02,-0.00,-1.77,-0.17,-0.18,10.55,0.00,0,2,1001.30,42.32,109.62,1001.29,40.97,109.24,0.49,1000.62,37.97,114.34,3.20,2.38,97.03,311.13,7903,0.30,0.36,9.63,1.00,0.03,-0.03,0.00,3.18,-3.06,0.10,6,8,40,0,35.2901850,136.2528850,82.30, 0.19
3101152,0.20,0.09,9.74,1.00,0.00,-0.01,-0.00,-1.71,-0.05,-0.18,10.55,0.00,0,2,1001.30,42.31,109.69,1001.29,40.97,109.25,0.49,1000.62,37.96,114.31,3.60,2.52,97.03,311.13,7903,0.16,0.30,9.72,1.00,0.03,-0.03,0.00,3.23,-3.17,0.09,6,8,40,0,35.2901850,136.2528850,82.30, 0.19
3101210,0.13,0.00,9.50,1.00,-0.00,-0.01,-0.00,-1.64,0.05,-0.19,10.55,0.00,0,2,1001.30,42.31,109.67,1001.29,40.98,109.23,0.48,1000.63,37.97,114.28,3.53,2.50,96.68,311.13,7903,0.63,0.31,9.61,1.00,0.03,-0.03,0.00,3.29,-3.34,0.06,6,8,40,0,35.2901850,136.2528850,82.30, 0.19
3101262,0.11,-0.02,9.62,1.00,-0.00,-0.01,-0.00,-1.57,0.19,-0.19,10.56,0.00,0,2,1001.30,42.30,109.65,1001.29,40.97,109.24,0.48,1000.63,37.97,114.29,3.13,2.35,94.04,311.13,7902,0.89,0.69,9.79,1.00,0.03,-0.03,0.00,3.36,-3.47,0.03,6,8,40,0,35.2901850,136.2528850,82.30, 0.19
3101316,0.12,0.08,9.87,1.00,-0.00,-0.01,-0.00,-1.53,0.28,-0.19,10.55,0.00,0,2,1001.30,42.30,109.64,1001.29,40.97,109.23,0.47,1000.63,37.97,114.28,2.80,2.22,93.69,311.13,7903,0.34,0.43,9.89,1.00,0.03,-0.03,0.00,3.37,-3.52,0.04,6,8,40,0,35.2901850,136.2528850,82.30, 0.19
3101371,0.15,-0.04,9.61,1.00,-0.00,-0.01,-0.00,-1.51,0.36,-0.18,10.56,0.00,0,2,1001.30,42.31,109.65,1001.30,40.97,109.20,0.47,1000.62,37.96,114.30,3.03,2.31,93.60,311.13,7902,0.59,0.95,9.75,1.00,0.03,-0.03,0.00,3.43,-3.61,0.02,6,8,40,0,35.2901850,136.2528850,82.30, 0.19
3101424,0.17,0.08,9.43,1.00,-0.00,-0.01,-0.00,-1.50,0.43,-0.18,10.56,0.00,0,2,1001.30,42.30,109.64,1001.30,40.98,109.22,0.47,1000.63,37.97,114.28,2.93,2.28,92.29,311.13,7902,0.92,0.37,9.42,1.00,0.03,-0.03,0.00,3.49,-3.70,-0.00,6,8,40,0,35.2901850,136.2528850,82.30, 0.19
3101479,0.22,0.10,9.49,1.00,-0.00,-0.01,-0.00,-1.48,0.48,-0.19,10.56,0.00,0,2,1001.30,42.30,109.63,1001.30,40.97,109.22,0.46,1000.63,37.97,114.29,2.77,2.21,93.16,311.04,7903,0.20,0.57,9.59,1.00,0.03,-0.03,0.00,3.50,-3.76,0.00,6,8,40,0,35.2901850,136.2528850,82.30, 0.19
3101532,0.19,0.02,9.31,1.00,-0.00,-0.01,-0.00,-1.48,0.54,-0.19,10.56,0.00,0,2,1001.30,42.31,109.63,1001.30,40.98,109.20,0.46,1000.63,37.97,114.23,2.78,2.22,94.13,311.04,7902,0.40,0.68,9.46,1.00,0.03,-0.03,0.00,3.51,-3.87,-0.01,6,8,40,0,35.2901850,136.2528850,82.30, 0.19
3101586,0.21,0.02,9.66,1.00,-0.01,-0.01,-0.00,-1.48,0.61,-0.19,10.55,0.00,0,2,1001.30,42.31,109.63,1001.30,40.98,109.20,0.46,1000.63,37.96,114.23,2.70,2.18,94.48,310.96,7902,0.70,0.66,9.74,1.00,0.03,-0.03,0.00,3.49,-3.98,-0.00,6,8,40,0,35.2901850,136.2528850,82.30, 0.19
3101642,0.15,-0.02,9.61,1.00,-0.01,-0.01,-0.00,-1.46,0.71,-0.19,10.54,0.00,0,2,1001.30,42.31,109.64,1001.30,40.97,109.18,0.46,1000.63,37.97,114.22,2.80,2.22,95.54,310.69,7903,0.34,0.20,9.53,1.00,0.04,-0.03,0.00,3.51,-4.05,-0.01,6,8,40,0,35.2901850,136.2528850,82.30, 0.19
3101694,0.14,-0.11,9.63,1.00,-0.01,-0.01,-0.00,-1.46,0.80,-0.19,10.54,0.00,0,2,1001.31,42.31,109.59,1001.30,40.97,109.21,0.45,1000.64,37.98,114.18,2.53,2.11,96.24,310.52,7902,0.25,1.01,9.81,1.00,0.04,-0.03,0.00,3.51,-4.20,-0.02,6,8,40,0,35.2901850,136.2528850,82.30, 0.19
3101750,0.06,-0.10,9.61,1.00,-0.01,-0.01,-0.00,-1.44,0.90,-0.19,10.56,0.00,0,2,1001.30,42.31,109.64,1001.29,40.97,109.24,0.45,1000.63,37.97,114.24,2.83,2.24,96.68,310.52,7902,0.88,0.90,9.77,1.00,0.04,-0.03,0.00,3.53,-4.34,-0.04,6,8,40,0,35.2901850,136.2528850,82.30, 0.19
3101809,0.08,-0.10,9.67,1.00,-0.01,-0.01,-0.00,-1.40,0.98,-0.19,10.56,0.00,0,2,1001.31,42.32,109.60,1001.30,40.98,109.19,0.44,1000.63,37.97,114.24,2.87,2.25,96.59,310.52,7902,0.81,0.86,9.75,1.00,0.04,-0.03,0.00,3.53,-4.45,-0.05,6,8,41,0,35.2901867,136.2528850,82.30, 0.03
3101860,0.10,-0.15,9.48,1.00,-0.01,-0.01,-0.00,-1.37,1.07,-0.19,10.56,0.00,0,2,1001.31,42.33,109.56,1001.30,40.97,109.16,0.44,1000.63,37.97,114.26,2.45,2.08,96.15,310.52,7903,0.56,0.32,9.49,1.00,0.04,-0.03,0.00,3.52,-4.49,-0.05,6,8,41,0,35.2901867,136.2528850,82.30, 0.03
3101919,0.14,-0.16,9.50,1.00,-0.01,-0.01,-0.00,-1.36,1.14,-0.19,10.55,0.00,0,2,1001.31,42.31,109.59,1001.30,40.99,109.16,0.43,1000.63,37.97,114.24,2.42,2.07,94.48,310.52,7903,0.74,0.40,9.46,1.00,0.04,-0.03,0.00,3.52,-4.61,-0.06,6,8,42,0,35.2901850,136.2528850,82.30, 0.03
3101970,0.22,-0.05,9.54,1.00,-0.01,-0.01,-0.00,-1.37,1.21,-0.19,10.56,0.00,0,2,1001.30,42.31,109.65,1001.30,40.98,109.16,0.43,1000.63,37.97,114.24,2.33,2.03,94.31,310.52,7903,0.63,0.46,9.50,1.00,0.04,-0.03,0.00,3.52,-4.74,-0.05,6,8,42,0,35.2901850,136.2528850,82.30, 0.03
3102025,0.26,-0.11,9.65,1.00,-0.01,-0.01,-0.00,-1.37,1.27,-0.19,10.57,0.00,0,2,1001.30,42.31,109.62,1001.30,41.00,109.15,0.43,1000.63,37.96,114.25,2.32,2.02,94.83,310.52,7903,0.84,0.70,9.87,1.00,0.04,-0.03,0.00,3.52,-4.85,-0.07,6,8,42,0,35.2901850,136.2528850,82.30, 0.03
3102079,0.43,-0.08,10.32,1.00,-0.01,-0.01,-0.00,-1.39,1.35,-0.19,10.56,0.00,0,2,1001.30,42.31,109.61,1001.30,40.98,109.18,0.43,1000.64,37.96,114.19,2.35,2.04,96.59,310.52,7903,-0.20,0.00,9.68,1.00,0.04,-0.03,0.00,3.51,-4.89,-0.05,6,8,42,0,35.2901850,136.2528850,82.30, 0.03
3102137,0.06,-0.31,9.57,1.00,-0.01,-0.01,-0.00,-1.44,1.41,-0.19,10.55,0.00,0,2,1001.30,42.30,109.63,1001.30,40.98,109.20,0.44,1000.63,37.96,114.21,2.15,1.95,98.26,310.52,7903,0.42,0.73,9.91,1.00,0.04,-0.03,0.00,3.50,-4.99,-0.06,6,8,42,0,35.2901850,136.2528850,82.30, 0.03
3102190,0.24,-0.12,9.64,1.00,-0.01,-0.01,-0.00,-1.50,1.45,-0.18,10.57,0.00,0,2,1001.31,42.32,109.59,1001.30,40.98,109.22,0.44,1000.63,37.97,114.21,2.15,1.95,99.05,310.52,7902,0.57,0.16,9.61,1.00,0.04,-0.03,0.00,3.49,-5.05,-0.07,6,8,42,0,35.2901850,136.2528850,82.30, 0.03
3102241,0.05,-0.11,9.73,1.00,-0.01,-0.01,-0.00,-1.53,1.44,-0.18,10.56,0.00,0,2,1001.31,42.32,109.60,1001.30,40.97,109.18,0.43,1000.64,37.96,114.19,2.17,1.96,98.88,310.52,7903,0.33,0.15,9.57,1.00,0.04,-0.03,0.00,3.48,-5.08,-0.08,6,8,42,0,35.2901850,136.2528850,82.30, 0.03
3102299,0.22,-0.16,9.70,1.00,-0.01,-0.01,-0.00,-1.58,1.43,-0.18,10.55,0.00,0,2,1001.30,42.31,109.61,1001.30,40.98,109.17,0.42,1000.63,37.97,114.22,2.07,1.91,98.00,310.43,7903,0.18,1.19,9.81,1.00,0.04,-0.03,0.00,3.46,-5.13,-0.07,6,8,42,0,35.2901850,136.2528850,82.30, 0.03
3102357,0.23,-0.17,9.61,1.00,-0.01,-0.01,-0.00,-1.62,1.43,-0.18,10.56,0.00,0,2,1001.31,42.30,109.59,1001.30,40.97,109.16,0.41,1000.63,37.96,114.21,1.78,1.77,97.38,310.69,7903,0.82,0.80,9.69,1.00,0.04,-0.03,0.00,3.46,-5.15,-0.06,6,8,42,0,35.2901850,136.2528850,82.30, 0.03
3102409,0.19,-0.19,9.42,1.00,-0.01,-0.01,-0.00,-1.66,1.42,-0.18,10.57,0.00,0,2,1001.31,42.31,109.59,1001.30,40.97,109.16,0.41,1000.63,37.96,114.21,1.42,1.58,97.38,310.87,7903,0.54,1.09,9.72,1.00,0.05,-0.03,0.00,3.46,-5.18,-0.08,6,8,42,0,35.2901850,136.2528850,82.30, 0.03
3102463,0.17,-0.23,9.59,1.00,-0.01,-0.01,-0.00,-1.70,1.42,-0.18,10.57,0.00,0,2,1001.30,42.31,109.64,1001.30,40.98,109.16,0.41,1000.63,37.96,114.22,1.38,1.56,97.29,310.69,7903,0.25,1.16,9.64,1.00,0.05,-0.03,0.00,3.44,-5.22,-0.09,6,8,42,0,35.2901850,136.2528850,82.30, 0.03
3102517,0.39,-0.20,9.52,1.00,-0.01,-0.02,-0.00,-1.75,1.41,-0.18,10.57,0.00,0,2,1001.31,42.31,109.59,1001.30,40.98,109.17,0.41,1000.64,37.96,114.19,2.18,1.96,98.00,310.69,7903,1.01,0.34,9.45,1.00,0.05,-0.03,0.00,3.44,-5.23,-0.10,6,8,42,0,35.2901850,136.2528850,82.30, 0.03
3102571,0.21,-0.10,9.52,1.00,-0.01,-0.02,-0.00,-1.78,1.39,-0.18,10.57,0.00,0,2,1001.30,42.31,109.61,1001.30,40.97,109.17,0.40,1000.64,37.96,114.18,1.97,1.86,99.40,310.78,7903,0.75,0.23,10.04,1.00,0.05,-0.03,0.00,3.43,-5.27,-0.12,6,8,42,0,35.2901850,136.2528850,82.30, 0.03
3102628,0.13,-0.31,9.30,1.00,-0.01,-0.02,-0.00,-1.82,1.42,-0.19,10.58,0.00,0,2,1001.30,42.30,109.63,1001.30,40.98,109.17,0.41,1000.64,37.96,114.16,1.55,1.65,99.67,310.61,7903,0.46,0.66,9.61,1.00,0.05,-0.03,0.00,3.43,-5.33,-0.12,6,8,42,0,35.2901850,136.2528850,82.30, 0.03
3102685,0.19,-0.36,9.91,1.00,-0.01,-0.02,-0.00,-1.86,1.43,-0.19,10.58,0.00,0,2,1001.30,42.29,109.61,1001.30,40.99,109.16,0.42,1000.63,37.97,114.21,1.78,1.77,98.53,310.52,7903,1.04,1.84,10.09,1.00,0.05,-0.03,0.00,3.42,-5.37,-0.15,6,8,42,0,35.2901850,136.2528850,82.30, 0.03
3102737,0.27,-0.22,9.75,1.00,-0.01,-0.02,-0.00,-1.88,1.43,-0.19,10.58,0.00,0,2,1001.30,42.32,109.62,1001.30,40.99,109.16,0.41,1000.64,37.97,114.19,1.88,1.82,97.82,310.43,7903,0.29,-0.67,9.29,1.00,0.05,-0.03,0.00,3.42,-5.35,-0.14,6,8,42,0,35.2901850,136.2528850,82.30, 0.04
3102795,0.22,-0.39,9.51,1.00,-0.01,-0.02,-0.00,-1.88,1.44,-0.19,10.57,0.00,0,2,1001.30,42.31,109.61,1001.30,40.98,109.14,0.41,1000.64,37.96,114.19,1.52,1.64,98.17,310.25,7902,0.56,-0.14,9.24,1.00,0.05,-0.03,-0.00,3.41,-5.41,-0.18,6,8,42,0,35.2901850,136.2528850,82.30, 0.04
3102847,0.21,-0.28,9.42,1.00,-0.01,-0.02,-0.00,-1.93,1.44,-0.19,10.58,0.00,0,2,1001.30,42.32,109.62,1001.30,40.98,109.18,0.41,1000.63,37.97,114.24,1.42,1.58,98.61,310.25,7901,0.87,-0.09,9.39,1.00,0.05,-0.03,-0.00,3.41,-5.45,-0.22,6,8,42,0,35.2901850,136.2528850,82.30, 0.04
3102905,0.18,-0.23,9.58,1.00,-0.01,-0.02,-0.00,-1.95,1.44,-0.20,10.59,0.00,0,2,1001.31,42.31,109.59,1001.30,40.98,109.17,0.41,1000.64,37.97,114.21,2.27,2.00,96.42,310.25,7902,0.66,0.06,9.48,1.00,0.05,-0.03,-0.00,3.41,-5.48,-0.25,6,8,42,0,35.2901850,136.2528850,82.30, 0.04
3102957,0.17,-0.26,9.52,1.00,-0.01,-0.02,-0.00,-1.95,1.44,-0.22,10.60,0.00,0,2,1001.30,42.31,109.66,1001.30,41.00,109.17,0.41,1000.63,37.97,114.22,1.22,1.47,91.41,310.25,7903,0.53,1.22,9.75,1.00,0.05,-0.03,-0.00,3.41,-5.50,-0.26,6,8,43,0,35.2901850,136.2528883,82.30, 0.04
3103014,0.27,-0.29,9.62,1.00,-0.01,-0.02,-0.00,-1.95,1.44,-0.26,10.59,0.00,0,2,1001.31,42.30,109.58,1001.30,40.99,109.16,0.41,1000.63,37.96,114.22,2.98,2.29,84.81,310.34,7903,0.90,0.94,9.65,1.00,0.05,-0.03,-0.00,3.40,-5.53,-0.31,6,8,43,0,35.2901850,136.2528883,82.30, 0.04
3103066,0.14,-0.22,9.68,1.00,-0.01,-0.02,-0.00,-1.96,1.44,-0.28,10.60,0.00,0,2,1001.30,42.30,109.61,1001.30,40.99,109.18,0.41,1000.63,37.97,114.24,3.45,2.47,82.62,310.43,7902,0.88,0.81,9.64,1.00,0.05,-0.03,-0.00,3.39,-5.56,-0.35,6,8,43,0,35.2901850,136.2528883,82.30, 0.04
3103122,0.10,-0.25,9.63,1.00,-0.01,-0.02,-0.00,-1.96,1.44,-0.33,10.60,0.00,0,2,1001.30,42.32,109.62,1001.30,40.97,109.16,0.41,1000.64,37.97,114.19,3.17,2.36,83.94,310.43,7903,0.53,0.59,9.64,1.00,0.05,-0.03,-0.00,3.39,-5.57,-0.36,6,8,43,0,35.2901850,136.2528883,82.30, 0.04
3103176,0.13,-0.38,9.53,1.00,-0.01,-0.02,-0.00,-1.92,1.45,-0.35,10.59,0.00,0,2,1001.30,42.32,109.62,1001.31,40.98,109.18,0.41,1000.64,37.97,114.19,2.65,2.16,90.70,310.43,7903,0.92,0.91,9.53,1.00,0.05,-0.03,-0.00,3.39,-5.61,-0.40,6,8,43,0,35.2901850,136.2528883,82.30, 0.04
3103229,0.16,-0.29,9.62,1.00,-0.01,-0.02,-0.00,-1.91,1.46,-0.37,10.59,0.00,0,2,1001.30,42.31,109.63,1001.30,40.98,109.16,0.41,1000.64,37.99,114.16,2.60,2.14,99.58,310.43,7903,0.73,0.49,9.53,1.00,0.05,-0.03,-0.00,3.39,-5.62,-0.44,6,8,43,0,35.2901850,136.2528883,82.30, 0.04
3103285,0.11,-0.32,9.55,1.00,-0.01,-0.02,-0.00,-1.89,1.47,-0.40,10.59,0.00,0,2,1001.30,42.32,109.63,1001.30,40.98,109.16,0.41,1000.64,37.97,114.18,2.45,2.08,103.27,310.43,7902,0.44,0.91,9.64,1.00,0.05,-0.03,-0.00,3.38,-5.65,-0.48,6,8,43,0,35.2901850,136.2528883,82.30, 0.04
3103338,0.27,-0.24,9.50,1.00,-0.01,-0.02,-0.00,-1.92,1.48,-0.43,10.59,0.00,0,2,1001.30,42.32,109.62,1001.31,40.98,109.19,0.40,1000.64,37.98,114.18,2.68,2.18,109.60,310.34,7902,0.68,0.72,9.58,1.00,0.05,-0.03,-0.00,3.38,-5.65,-0.48,6,8,43,0,35.2901850,136.2528883,82.30, 0.04
3103396,0.24,-0.15,9.51,1.00,-0.01,-0.02,-0.00,-1.96,1.48,-0.44,10.60,0.00,0,2,1001.31,42.32,109.59,1001.30,40.98,109.21,0.40,1000.64,37.97,114.18,2.78,2.22,109.34,310.25,7903,0.82,0.50,9.43,1.00,0.05,-0.03,-0.00,3.38,-5.66,-0.52,6,8,43,0,35.2901850,136.2528883,82.30, 0.04
3103448,0.21,-0.14,9.56,1.00,-0.01,-0.02,-0.00,-1.97,1.46,-0.44,10.60,0.00,0,2,1001.30,42.32,109.62,1001.30,40.98,109.19,0.40,1000.63,37.97,114.22,2.78,2.22,107.49,310.17,7903,0.48,0.36,9.55,1.00,0.05,-0.03,-0.00,3.38,-5.68,-0.55,6,8,43,0,35.2901850,136.2528883,82.30, 0.04
3103506,0.20,-0.22,9.61,1.00,-0.01,-0.02,-0.00,-1.96,1.45,-0.44,10.60,0.00,0,2,1001.31,42.32,109.59,1001.30,40.98,109.16,0.40,1000.63,37.98,114.23,3.25,2.39,103.01,310.17,7902,0.40,0.48,9.58,1.00,0.05,-0.03,-0.00,3.38,-5.69,-0.57,6,8,43,0,35.2901850,136.2528883,82.30, 0.04
3103563,0.15,-0.29,9.59,1.00,-0.01,-0.02,-0.00,-1.96,1.45,-0.44,10.60,0.00,0,2,1001.30,42.32,109.64,1001.31,40.98,109.14,0.40,1000.62,37.97,114.31,2.60,2.14,101.43,310.08,7903,0.91,0.99,9.65,1.00,0.05,-0.03,-0.00,3.37,-5.71,-0.59,6,8,43,0,35.2901850,136.2528883,82.30, 0.04
3103615,0.20,-0.31,9.67,1.00,-0.01,-0.02,-0.00,-1.94,1.47,-0.44,10.60,0.00,0,2,1001.30,42.32,109.62,1001.30,40.97,109.22,0.40,1000.63,37.96,114.26,3.00,2.30,100.37,310.08,7903,0.87,1.00,9.71,1.00,0.05,-0.03,-0.00,3.37,-5.72,-0.62,6,8,43,0,35.2901850,136.2528883,82.30, 0.04
3103669,0.18,-0.29,9.65,1.00,-0.01,-0.02,-0.00,-1.92,1.48,-0.43,10.61,0.00,0,2,1001.31,42.31,109.59,1001.30,40.98,109.17,0.40,1000.63,37.96,114.28,3.17,2.36,100.46,310.08,7903,0.18,0.88,9.67,1.00,0.05,-0.03,-0.00,3.37,-5.71,-0.62,6,8,43,0,35.2901850,136.2528883,82.30, 0.04
3103725,0.26,-0.29,9.61,1.00,-0.01,-0.02,-0.00,-1.90,1.48,-0.43,10.61,0.00,0,2,1001.31,42.32,109.60,1001.30,40.98,109.17,0.40,1000.63,37.96,114.24,3.43,2.46,100.37,310.08,7903,0.27,0.76,9.60,1.00,0.05,-0.03,-0.00,3.35,-5.65,-0.64,6,8,43,0,35.2901850,136.2528883,82.30, 0.04
3103782,0.25,-0.33,9.48,1.00,-0.01,-0.02,-0.00,-1.89,1.49,-0.43,10.60,0.00,0,2,1001.30,42.32,109.64,1001.31,40.98,109.13,0.40,1000.63,37.97,114.26,3.48,2.48,99.93,310.08,7902,0.40,0.63,9.49,1.00,0.05,-0.03,-0.00,3.34,-5.65,-0.65,6,8,43,0,35.2901850,136.2528883,82.30, 0.13
3103835,0.34,-0.22,9.39,1.00,-0.01,-0.02,-0.00,-1.88,1.50,-0.43,10.60,0.00,0,2,1001.31,42.32,109.57,1001.31,40.98,109.14,0.40,1000.63,37.97,114.26,2.85,2.24,99.67,310.08,7902,0.92,0.79,9.58,1.00,0.05,-0.03,-0.00,3.29,-5.60,-0.65,6,8,43,0,35.2901850,136.2528883,82.30, 0.13
3103892,0.30,-0.18,9.64,1.00,-0.01,-0.02,-0.00,-1.88,1.50,-0.43,10.60,0.00,0,2,1001.30,42.32,109.62,1001.30,40.98,109.17,0.40,1000.63,37.96,114.26,3.22,2.38,99.40,310.08,7903,0.46,0.49,9.60,1.00,0.05,-0.03,-0.00,3.27,-5.55,-0.65,6,8,44,0,35.2901867,136.2528900,82.30, 0.13
3103945,0.19,-0.33,9.57,1.00,-0.01,-0.02,-0.00,-1.87,1.50,-0.43,10.60,0.00,0,2,1001.30,42.31,109.65,1001.30,40.99,109.19,0.40,1000.63,37.96,114.23,3.10,2.34,99.58,310.08,7901,0.40,0.92,9.55,1.00,0.05,-0.03,-0.00,3.27,-5.55,-0.66,6,8,44,0,35.2901867,136.2528900,82.30, 0.13
3103997,0.16,-0.29,9.58,1.00,-0.01,-0.02,-0.00,-1.85,1.50,-0.43,10.62,0.00,0,2,1001.30,42.30,109.61,1001.30,40.99,109.19,0.40,1000.63,37.97,114.24,2.50,2.10,98.79,309.99,7902,0.58,0.73,9.53,1.00,0.05,-0.03,-0.00,3.27,-5.53,-0.66,6,8,44,0,35.2901867,136.2528900,82.30, 0.13
3104052,0.19,-0.29,9.57,1.00,-0.01,-0.02,-0.00,-1.83,1.52,-0.43,10.62,0.00,0,2,1001.30,42.31,109.62,1001.30,40.98,109.18,0.40,1000.63,37.96,114.24,3.03,2.31,99.05,309.90,7902,0.23,0.80,9.65,1.00,0.05,-0.03,-0.00,3.28,-5.51,-0.66,6,8,44,0,35.2901867,136.2528900,82.30, 0.13
3104109,0.24,-0.27,9.53,1.00,-0.01,-0.02,-0.00,-1.82,1.52,-0.43,10.61,0.00,0,2,1001.30,42.33,109.61,1001.30,40.98,109.16,0.40,1000.63,37.97,114.25,2.47,2.09,98.44,309.90,7903,0.51,0.85,9.62,1.00,0.05,-0.03,-0.00,3.26,-5.49,-0.66,6,8,44,0,35.2901867,136.2528900,82.30, 0.13
3104164,0.36,-0.25,9.61,1.00,-0.01,-0.02,-0.00,-1.82,1.52,-0.43,10.60,0.00,0,2,1001.30,42.31,109.64,1001.30,40.98,109.18,0.40,1000.63,37.98,114.22,2.22,1.98,97.91,309.90,7902,0.34,0.84,9.72,1.00,0.05,-0.03,-0.00,3.22,-5.44,-0.66,6,8,44,0,35.2901867,136.2528900,82.30, 0.13
3104222,0.26,-0.25,9.50,1.00,-0.01,-0.02,-0.00,-1.82,1.52,-0.43,10.60,0.00,0,2,1001.30,42.29,109.64,1001.30,40.99,109.18,0.40,1000.63,37.97,114.22,2.03,1.89,98.88,309.90,7903,0.28,0.46,9.48,1.00,0.05,-0.03,-0.00,3.20,-5.40,-0.66,6,8,44,0,35.2901867,136.2528900,82.30, 0.13
3104273,0.22,-0.25,9.57,1.00,-0.01,-0.02,-0.00,-1.83,1.52,-0.43,10.61,0.00,0,2,1001.30,42.31,109.63,1001.30,40.98,109.16,0.40,1000.63,37.97,114.24,1.40,1.57,99.14,309.90,7902,0.34,0.64,9.62,1.00,0.05,-0.03,-0.00,3.20,-5.42,-0.66,6,8,44,0,35.2901867,136.2528900,82.30, 0.13
3104331,0.20,-0.31,9.59,1.00,-0.01,-0.02,-0.00,-1.83,1.52,-0.43,10.60,0.00,0,2,1001.30,42.32,109.62,1001.31,40.97,109.14,0.40,1000.64,37.97,114.19,1.47,1.61,96.24,309.99,7903,0.49,0.85,9.60,1.00,0.05,-0.03,-0.00,3.19,-5.43,-0.66,6,8,44,0,35.2901867,136.2528900,82.30, 0.13
3104383,0.27,-0.27,9.61,1.00,-0.01,-0.02,-0.00,-1.83,1.52,-0.43,10.58,0.00,0,2,1001.30,42.31,109.65,1001.31,40.99,109.15,0.40,1000.64,37.97,114.19,2.22,1.98,95.01,309.99,7903,0.58,0.77,9.63,1.00,0.05,-0.03,-0.00,3.17,-5.38,-0.66,6,8,44,0,35.2901867,136.2528900,82.30, 0.13
3104441,0.31,-0.25,9.59,1.00,-0.01,-0.02,-0.00,-1.83,1.52,-0.43,10.57,0.00,0,2,1001.30,42.31,109.62,1001.30,40.98,109.16,0.40,1000.63,37.97,114.24,2.08,1.92,95.80,309.99,7903,0.49,0.64,9.63,1.00,0.05,-0.03,-0.00,3.14,-5.34,-0.66,6,8,44,0,35.2901867,136.2528900,82.30, 0.13
3104493,0.24,-0.34,9.58,1.00,-0.01,-0.02,-0.00,-1.83,1.52,-0.43,10.59,0.00,0,2,1001.30,42.31,109.63,1001.30,40.98,109.19,0.40,1000.63,37.96,114.24,2.35,2.04,98.61,309.99,7902,0.44,0.94,9.65,1.00,0.05,-0.03,-0.00,3.13,-5.34,-0.66,6,8,44,0,35.2901867,136.2528900,82.30, 0.13
3104550,0.32,-0.21,9.64,1.00,-0.01,-0.02,-0.00,-1.83,1.52,-0.43,10.61,0.00,0,2,1001.30,42.31,109.66,1001.30,40.98,109.16,0.40,1000.63,37.96,114.22,2.15,1.95,100.63,309.99,7903,0.59,0.83,9.63,1.00,0.05,-0.03,-0.00,3.12,-5.34,-0.66,6,8,44,0,35.2901867,136.2528900,82.30, 0.13
3104602,0.27,-0.28,9.67,1.00,-0.01,-0.02,-0.00,-1.83,1.52,-0.43,10.62,0.00,0,2,1001.30,42.30,109.66,1001.30,40.99,109.19,0.40,1000.63,37.96,114.23,2.02,1.89,103.27,309.99,7903,0.62,0.64,9.54,1.00,0.05,-0.03,-0.00,3.11,-5.32,-0.66,6,8,44,0,35.2901867,136.2528900,82.30, 0.13
3104660,0.28,-0.30,9.56,1.00,-0.01,-0.02,-0.00,-1.83,1.52,-0.43,10.62,0.00,0,2,1001.30,42.31,109.66,1001.30,40.99,109.18,0.40,1000.64,37.97,114.19,2.30,2.01,104.15,309.99,7903,0.46,0.56,9.55,1.00,0.05,-0.03,-0.00,3.09,-5.31,-0.66,6,8,44,0,35.2901867,136.2528900,82.30, 0.13
3104713,0.35,-0.12,9.55,1.00,-0.01,-0.02,-0.00,-1.83,1.52,-0.43,10.62,0.00,0,2,1001.30,42.30,109.61,1001.30,40.99,109.18,0.40,1000.63,37.96,114.26,2.17,1.96,101.69,309.99,7903,0.55,0.77,9.59,1.00,0.05,-0.03,-0.00,3.08,-5.30,-0.65,6,8,44,0,35.2901867,136.2528900,82.30, 0.12
3104770,0.24,-0.29,9.61,1.00,-0.01,-0.02,-0.00,-1.83,1.52,-0.43,10.60,0.00,0,2,1001.31,42.31,109.58,1001.30,40.98,109.17,0.40,1000.63,37.98,114.22,2.30,2.01,99.49,309.90,7903,0.62,0.91,9.67,1.00,0.05,-0.03,-0.00,3.05,-5.25,-0.65,6,8,44,0,35.2901867,136.2528900,82.30, 0.12
3104828,0.24,-0.32,9.50,1.00,-0.01,-0.02,-0.00,-1.83,1.52,-0.43,10.59,0.00,0,2,1001.30,42.31,109.63,1001.30,40.99,109.17,0.40,1000.64,37.96,114.19,1.97,1.86,93.52,309.55,7902,0.64,0.97,9.58,1.00,0.05,-0.03,-0.00,3.05,-5.24,-0.65,6,8,44,0,35.2901867,136.2528900,82.30, 0.12
3104880,0.33,-0.23,9.53,1.00,-0.01,-0.02,-0.00,-1.83,1.52,-0.43,10.59,0.00,0,2,1001.30,42.31,109.61,1001.30,40.98,109.16,0.40,1000.64,37.97,114.17,1.63,1.70,86.92,306.56,7903,0.50,0.71,9.57,1.00,0.05,-0.03,-0.00,3.04,-5.22,-0.65,6,8,44,0,35.2901867,136.2528900,82.30, 0.12
3104935,0.32,-0.35,9.50,1.00,-0.01,-0.02,-0.00,-1.83,1.52,-0.43,10.59,0.00,0,2,1001.31,42.31,109.59,1001.30,40.99,109.17,0.39,1000.64,37.97,114.19,1.17,1.43,87.54,306.56,7903,0.58,0.73,9.49,1.00,0.05,-0.03,-0.00,3.01,-5.20,-0.65,6,8,45,0,35.2901867,136.2528900,82.30, 0.12
3104991,0.32,-0.28,9.60,1.00,-0.01,-0.02,-0.00,-1.83,1.52,-0.43,10.58,0.00,0,2,1001.30,42.31,109.62,1001.30,40.98,109.14,0.39,1000.64,37.97,114.17,2.03,1.89,89.56,306.56,7903,0.40,0.71,9.65,1.00,0.05,-0.03,-0.00,3.00,-5.20,-0.65,6,8,45,0,35.2901867,136.2528900,82.30, 0.12
3105047,0.37,-0.21,9.52,1.00,-0.01,-0.02,-0.00,-1.83,1.52,-0.43,10.59,0.00,0,2,1001.30,42.31,109.63,1001.30,41.00,109.17,0.39,1000.64,37.96,114.20,2.47,2.09,95.36,306.56,7901,0.19,0.78,9.74,1.00,0.04,-0.03,-0.00,2.94,-5.14,-0.64,6,8,45,0,35.2901867,136.2528900,82.30, 0.12
3105100,0.35,-0.32,9.59,1.00,-0.01,-0.02,-0.00,-1.83,1.52,-0.43,10.59,0.00,0,2,1001.30,42.31,109.66,1001.30,41.00,109.15,0.39,1000.64,37.97,114.16,2.42,2.07,99.84,306.56,7903,0.21,0.88,9.69,1.00,0.04,-0.03,-0.00,2.90,-5.12,-0.65,6,8,45,0,35.2901867,136.2528900,82.30, 0.12
3105159,0.32,-0.29,9.54,1.00,-0.01,-0.02,-0.00,-1.83,1.52,-0.43,10.60,0.00,0,2,1001.30,42.31,109.66,1001.30,41.00,109.17,0.39,1000.64,37.96,114.14,2.70,2.18,101.34,306.56,7902,0.56,0.78,9.54,1.00,0.04,-0.03,-0.00,2.90,-5.12,-0.65,6,8,45,0,35.2901867,136.2528900,82.30, 0.12
3105211,0.31,-0.31,9.59,1.00,-0.01,-0.02,-0.00,-1.83,1.52,-0.43,10.60,0.00,0,2,1001.30,42.29,109.65,1001.31,40.99,109.19,0.39,1000.64,37.98,114.14,2.78,2.22,100.02,306.56,7903,0.45,0.63,9.54,1.00,0.04,-0.03,-0.00,2.88,-5.10,-0.65,6,8,45,0,35.2901867,136.2528900,82.30, 0.12
3105269,0.33,-0.24,9.52,1.00,-0.01,-0.02,-0.00,-1.83,1.52,-0.43,10.60,0.00,0,2,1001.30,42.31,109.61,1001.30,40.99,109.18,0.39,1000.64,37.97,114.19,2.63,2.16,99.32,306.56,7902,0.24,0.68,9.60,1.00,0.04,-0.03,-0.00,2.86,-5.08,-0.65,6,8,45,0,35.2901867,136.2528900,82.30, 0.12
3105321,0.30,-0.30,9.53,1.00,-0.01,-0.02,-0.00,-1.83,1.52,-0.43,10.59,0.00,0,2,1001.30,42.31,109.61,1001.30,40.99,109.16,0.39,1000.63,37.96,114.21,2.60,2.14,98.53,306.56,7902,0.50,0.89,9.69,1.00,0.04,-0.03,-0.00,2.84,-5.06,-0.65,6,8,45,0,35.2901867,136.2528900,82.30, 0.12
3105378,0.33,-0.35,9.62,1.00,-0.01,-0.02,-0.00,-1.83,1.52,-0.43,10.59,0.00,0,2,1001.30,42.29,109.67,1001.30,40.99,109.16,0.39,1000.64,37.97,114.19,2.62,2.15,98.26,306.56,7903,0.32,0.76,9.66,1.00,0.04,-0.03,-0.00,2.84,-5.06,-0.65,6,8,45,0,35.2901867,136.2528900,82.30, 0.12
3105431,0.31,-0.25,9.56,1.00,-0.01,-0.02,-0.00,-1.83,1.52,-0.43,10.60,0.00,0,2,1001.30,42.31,109.65,1001.30,40.99,109.17,0.39,1000.63,37.97,114.28,2.65,2.16,98.09,306.56,7903,0.29,0.66,9.56,1.00,0.04,-0.02,-0.00,2.83,-5.04,-0.65,6,8,45,0,35.2901867,136.2528900,82.30, 0.12
3105488,0.30,-0.29,9.51,1.00,-0.01,-0.02,-0.00,-1.83,1.52,-0.43,10.61,0.00,0,2,1001.30,42.29,109.64,1001.30,40.98,109.14,0.39,1000.63,37.96,114.26,2.65,2.16,98.00,306.56,7902,0.38,0.65,9.54,1.00,0.04,-0.02,-0.00,2.82,-5.03,-0.65,6,8,45,0,35.2901867,136.2528900,82.30, 0.12
3105540,0.31,-0.26,9.53,1.00,-0.01,-0.02,-0.00,-1.83,1.52,-0.43,10.60,0.00,0,2,1001.31,42.31,109.58,1001.30,40.99,109.17,0.39,1000.63,37.97,114.22,2.27,2.00,98.00,306.56,7902,0.38,0.68,9.60,1.00,0.04,-0.02,-0.00,2.81,-5.02,-0.65,6,8,45,0,35.2901867,136.2528900,82.30, 0.12
3105598,0.36,-0.29,9.62,1.00,-0.01,-0.02,-0.00,-1.83,1.52,-0.43,10.61,0.00,0,2,1001.31,42.30,109.60,1001.30,40.99,109.18,0.39,1000.63,37.97,114.20,2.40,2.06,98.00,306.56,7903,0.27,0.74,9.65,1.00,0.04,-0.02,-0.00,2.81,-5.01,-0.65,6,8,45,0,35.2901867,136.2528900,82.30, 0.12
3105655,0.38,-0.27,9.48,1.00,-0.01,-0.02,-0.00,-1.83,1.52,-0.43,10.61,0.00,0,2,1001.31,42.29,109.57,1001.30,41.00,109.18,0.39,1000.64,37.97,114.19,2.28,2.01,98.00,306.56,7903,0.27,0.83,9.65,1.00,0.04,-0.02,-0.00,2.79,-5.00,-0.65,6,8,45,0,35.2901867,136.2528900,82.30, 0.12
3105708,0.38,-0.27,9.54,1.00,-0.01,-0.02,-0.00,-1.83,1.52,-0.43,10.59,0.00,0,2,1001.30,42.30,109.60,1001.30,41.00,109.16,0.39,1000.64,37.97,114.15,1.05,1.36,97.91,306.56,7903,0.42,0.63,9.62,1.00,0.04,-0.02,-0.00,2.76,-4.98,-0.65,6,8,45,0,35.2901867,136.2528900,82.30, 0.12
3105762,0.32,-0.32,9.57,1.00,-0.01,-0.02,-0.00,-1.83,1.52,-0.43,10.56,0.00,0,2,1001.31,42.31,109.58,1001.30,41.00,109.17,0.39,1000.64,37.97,114.17,1.17,1.43,97.65,306.56,7903,0.29,0.96,9.67,1.00,0.04,-0.02,-0.00,2.74,-4.98,-0.64,6,8,45,0,35.2901867,136.2528900,82.30, 0.04
3105817,0.29,-0.26,9.56,1.00,-0.01,-0.02,-0.00,-1.83,1.52,-0.43,10.57,0.00,0,2,1001.31,42.30,109.59,1001.30,40.99,109.16,0.39,1000.64,37.96,114.19,1.75,1.76,97.73,306.56,7903,0.45,0.79,9.58,1.00,0.04,-0.02,-0.00,2.74,-4.97,-0.64,6,8,45,0,35.2901867,136.2528900,82.30, 0.04
3105874,0.30,-0.28,9.52,1.00,-0.01,-0.02,-0.00,-1.83,1.52,-0.43,10.58,0.00,0,2,1001.30,42.30,109.63,1001.30,40.99,109.16,0.39,1000.64,37.96,114.18,1.42,1.58,98.09,306.56,7903,0.51,0.73,9.64,1.00,0.04,-0.02,-0.00,2.74,-4.96,-0.64,6,8,46,0,35.2901883,136.2528900,82.30, 0.04
3105928,0.36,-0.30,9.54,1.00,-0.01,-0.02,-0.00,-1.83,1.52,-0.43,10.58,0.00,0,2,1001.30,42.30,109.64,1001.31,41.00,109.15,0.39,1000.64,37.97,114.17,0.93,1.28,98.09,306.56,7902,0.44,0.92,9.62,1.00,0.04,-0.02,-0.00,2.72,-4.94,-0.64,6,8,46,0,35.2901883,136.2528900,82.30, 0.04
3105985,0.39,-0.25,9.55,1.00,-0.01,-0.02,-0.00,-1.83,1.52,-0.43,10.59,0.00,0,2,1001.30,42.30,109.62,1001.30,41.00,109.17,0.39,1000.63,37.97,114.23,0.77,1.16,97.82,306.74,7903,0.22,0.70,9.61,1.00,0.04,-0.02,-0.00,2.71,-4.94,-0.64,6,8,46,0,35.2901883,136.2528900,82.30, 0.04
3106037,0.33,-0.34,9.52,1.00,-0.01,-0.02,-0.00,-1.83,1.52,-0.43,10.59,0.00,0,2,1001.31,42.30,109.60,1001.30,41.00,109.16,0.39,1000.64,37.97,114.18,1.80,1.78,97.65,308.32,7903,0.45,0.87,9.63,1.00,0.04,-0.02,-0.00,2.69,-4.93,-0.64,6,8,46,0,35.2901883,136.2528900,82.30, 0.04
3106093,0.28,-0.29,9.57,1.00,-0.01,-0.02,-0.00,-1.83,1.52,-0.43,10.59,0.00,0,2,1001.30,42.29,109.61,1001.30,41.02,109.16,0.39,1000.63,37.97,114.22,1.57,1.66,98.09,310.78,7902,0.53,0.82,9.66,1.00,0.04,-0.02,-0.00,2.68,-4.91,-0.64,6,8,46,0,35.2901883,136.2528900,82.30, 0.04
3106147,0.32,-0.29,9.49,1.00,-0.01,-0.02,-0.00,-1.83,1.52,-0.43,10.59,0.00,0,2,1001.31,42.30,109.58,1001.31,41.00,109.15,0.39,1000.64,37.98,114.20,1.93,1.85,98.61,311.04,7903,0.44,0.78,9.69,1.00,0.04,-0.02,-0.00,2.68,-4.90,-0.64,6,8,46,0,35.2901883,136.2528900,82.30, 0.04
3106205,0.40,-0.30,9.65,1.00,-0.01,-0.02,-0.00,-1.83,1.52,-0.43,10.59,0.00,0,2,1001.30,42.30,109.63,1001.31,41.00,109.15,0.39,1000.64,37.97,114.15,2.17,1.96,98.61,311.13,7903,0.39,0.80,9.57,1.00,0.04,-0.02,-0.00,2.67,-4.90,-0.64,6,8,46,0,35.2901883,136.2528900,82.30, 0.04
3106256,0.35,-0.30,9.63,1.00,-0.01,-0.02,-0.00,-1.83,1.52,-0.43,10.59,0.00,0,2,1001.30,42.29,109.61,1001.30,41.01,109.17,0.39,1000.64,37.96,114.18,2.12,1.93,99.58,311.13,7904,0.41,0.77,9.58,1.00,0.04,-0.02,-0.00,2.65,-4.89,-0.64,6,8,46,0,35.2901883,136.2528900,82.30, 0.04
3106309,0.30,-0.26,9.48,1.00,-0.01,-0.02,-0.00,-1.83,1.52,-0.43,10.59,0.00,0,2,1001.31,42.29,109.57,1001.31,40.99,109.14,0.39,1000.64,37.97,114.17,1.77,1.77,98.96,310.87,7903,0.45,0.70,9.61,1.00,0.04,-0.02,-0.00,2.65,-4.89,-0.64,6,8,46,0,35.2901883,136.2528900,82.30, 0.04
3106366,0.29,-0.28,9.60,1.00,-0.01,-0.02,-0.00,-1.83,1.52,-0.43,10.58,0.00,0,2,1001.31,42.29,109.55,1001.30,41.00,109.16,0.39,1000.64,37.97,114.15,1.77,1.77,97.65,309.90,7903,0.35,0.77,9.67,1.00,0.04,-0.02,-0.00,2.65,-4.87,-0.64,6,8,46,0,35.2901883,136.2528900,82.30, 0.04
3106424,0.33,-0.30,9.57,1.00,-0.01,-0.02,-0.00,-1.83,1.52,-0.43,10.58,0.00,0,2,1001.30,42.29,109.61,1001.31,40.99,109.14,0.39,1000.64,37.96,114.18,2.20,1.97,92.37,308.58,7901,0.50,0.75,9.56,1.00,0.04,-0.02,-0.00,2.65,-4.87,-0.64,6,8,46,0,35.2901883,136.2528900,82.30, 0.04
3106476,0.34,-0.35,9.54,1.00,-0.01,-0.02,-0.00,-1.83,1.52,-0.43,10.59,0.00,0,2,1001.30,42.29,109.61,1001.30,41.00,109.16,0.39,1000.63,37.97,114.21,2.63,2.16,87.28,308.50,7902,0.43,0.88,9.59,1.00,0.04,-0.02,-0.00,2.65,-4.87,-0.64,6,8,46,0,35.2901883,136.2528900,82.30, 0.04
3106532,0.33,-0.26,9.55,1.00,-0.01,-0.02,-0.00,-1.83,1.52,-0.43,10.60,0.00,0,2,1001.30,42.30,109.62,1001.30,41.00,109.17,0.39,1000.63,37.96,114.23,2.77,2.21,89.03,308.50,7903,0.32,0.71,9.66,1.00,0.04,-0.02,-0.00,2.63,-4.86,-0.64,6,8,46,0,35.2901883,136.2528900,82.30, 0.04
3106585,0.34,-0.23,9.57,1.00,-0.01,-0.02,-0.00,-1.83,1.52,-0.43,10.61,0.00,0,2,1001.31,42.29,109.59,1001.30,41.00,109.16,0.39,1000.63,37.97,114.20,2.75,2.20,91.05,308.41,7903,0.15,0.77,9.66,1.00,0.04,-0.02,-0.00,2.62,-4.85,-0.64,6,8,46,0,35.2901883,136.2528900,82.30, 0.04
3106643,0.33,-0.33,9.45,1.00,-0.01,-0.02,-0.00,-1.83,1.52,-0.43,10.61,0.00,0,2,1001.30,42.29,109.61,1001.30,41.00,109.17,0.39,1000.64,37.96,114.19,2.58,2.14,94.39,308.41,7903,0.43,0.76,9.61,1.00,0.04,-0.02,-0.00,2.61,-4.84,-0.64,6,8,46,0,35.2901883,136.2528900,82.30, 0.04
3106695,0.32,-0.31,9.54,1.00,-0.01,-0.02,-0.00,-1.83,1.52,-0.43,10.61,0.00,0,2,1001.30,42.29,109.62,1001.30,40.99,109.15,0.39,1000.63,37.97,114.20,2.98,2.29,95.45,308.41,7902,0.31,0.81,9.62,1.00,0.04,-0.02,-0.00,2.61,-4.84,-0.64,6,8,46,0,35.2901883,136.2528900,82.30, 0.05
3106753,0.34,-0.23,9.45,1.00,-0.01,-0.02,-0.00,-1.83,1.52,-0.43,10.60,0.00,0,2,1001.30,42.30,109.60,1001.31,41.00,109.18,0.39,1000.63,37.97,114.24,3.17,2.36,95.36,308.41,7902,0.31,0.68,9.54,1.00,0.04,-0.02,-0.00,2.60,-4.84,-0.63,6,8,46,0,35.2901883,136.2528900,82.30, 0.05
3106806,0.29,-0.34,9.55,1.00,-0.01,-0.02,-0.00,-1.83,1.52,-0.43,10.60,0.00,0,2,1001.30,42.29,109.62,1001.30,41.01,109.16,0.39,1000.63,37.97,114.26,3.03,2.31,95.36,308.41,7903,0.27,0.85,9.67,1.00,0.04,-0.02,-0.00,2.59,-4.84,-0.64,6,8,46,0,35.2901883,136.2528900,82.30, 0.05
3106859,0.31,-0.28,9.61,1.00,-0.01,-0.02,-0.00,-1.83,1.52,-0.43,10.59,0.00,0,2,1001.30,42.28,109.60,1001.31,41.00,109.15,0.39,1000.63,37.98,114.25,2.95,2.28,95.45,308.41,7902,0.34,0.66,9.60,1.00,0.04,-0.02,-0.00,2.59,-4.83,-0.64,6,8,47,0,35.2901867,136.2528917,82.30, 0.05
3106914,0.35,-0.28,9.61,1.00,-0.01,-0.02,-0.00,-1.83,1.52,-0.43,10.60,0.00,0,2,1001.30,42.28,109.63,1001.30,41.00,109.16,0.38,1000.63,37.98,114.25,3.03,2.31,95.36,308.41,7903,0.11,0.71,9.69,1.00,0.04,-0.02,-0.00,2.57,-4.82,-0.64,6,8,47,0,35.2901867,136.2528917,82.30, 0.05
3106973,0.66,-0.27,9.45,1.00,-0.01,-0.02,-0.00,-1.84,1.52,-0.43,10.60,0.00,0,2,1001.30,42.28,109.59,1001.31,41.01,109.14,0.39,1000.63,37.99,114.21,2.78,2.22,95.27,308.32,7902,0.14,0.34,9.67,1.00,0.04,-0.02,-0.00,2.57,-4.82,-0.65,6,8,47,0,35.2901867,136.2528917,82.30, 0.05
3107025,0.41,-0.33,9.53,1.00,-0.01,-0.02,-0.00,-1.85,1.52,-0.43,10.62,0.00,0,2,1001.30,42.28,109.61,1001.30,41.00,109.16,0.39,1000.64,37.98,114.20,2.80,2.22,95.19,308.32,7902,0.84,0.85,9.50,1.00,0.04,-0.02,-0.00,2.57,-4.82,-0.65,6,8,47,0,35.2901867,136.2528917,82.30, 0.05
3107080,0.24,-0.33,9.37,1.00,-0.01,-0.02,-0.00,-1.85,1.53,-0.43,10.61,0.00,0,2,1001.30,42.28,109.63,1001.30,41.01,109.20,0.39,1000.63,37.97,114.24,2.52,2.11,95.19,308.23,7903,0.43,0.58,9.55,1.00,0.04,-0.02,-0.00,2.57,-4.82,-0.65,6,8,47,0,35.2901867,136.2528917,82.30, 0.05
3107133,0.22,-0.31,9.41,1.00,-0.01,-0.02,-0.00,-1.85,1.53,-0.43,10.62,0.00,0,2,1001.30,42.28,109.63,1001.30,40.99,109.21,0.39,1000.63,37.98,114.25,2.77,2.21,95.36,308.23,7903,0.47,0.76,9.70,1.00,0.04,-0.02,-0.00,2.56,-4.82,-0.65,6,8,47,0,35.2901867,136.2528917,82.30, 0.05
3107191,0.36,-0.27,9.60,1.00,-0.01,-0.02,-0.00,-1.85,1.53,-0.43,10.63,0.00,0,2,1001.30,42.30,109.61,1001.30,41.01,109.22,0.39,1000.63,37.97,114.24,2.65,2.16,95.27,308.23,7902,0.18,0.70,9.57,1.00,0.04,-0.02,-0.00,2.56,-4.81,-0.65,6,8,47,0,35.2901867,136.2528917,82.30, 0.05
3107244,0.38,-0.29,9.64,1.00,-0.01,-0.02,-0.00,-1.86,1.53,-0.43,10.63,0.00,0,2,1001.31,42.28,109.59,1001.30,41.00,109.20,0.39,1000.63,37.96,114.25,2.52,2.11,95.10,308.23,7903,0.30,0.96,9.68,1.00,0.04,-0.02,-0.00,2.56,-4.81,-0.65,6,8,47,0,35.2901867,136.2528917,82.30, 0.05
3107301,0.35,-0.18,9.55,1.00,-0.01,-0.02,-0.00,-1.86,1.53,-0.43,10.62,0.00,0,2,1001.30,42.28,109.61,1001.30,41.00,109.17,0.39,1000.64,37.99,114.17,2.43,2.07,95.01,308.23,7903,0.36,0.65,9.55,1.00,0.04,-0.02,-0.00,2.54,-4.79,-0.65,6,8,47,0,35.2901867,136.2528917,82.30, 0.05
3107353,0.27,-0.30,9.51,1.00,-0.01,-0.02,-0.00,-1.86,1.53,-0.43,10.61,0.00,0,2,1001.30,42.28,109.64,1001.30,41.00,109.22,0.39,1000.64,37.97,114.19,2.72,2.19,95.01,308.23,7903,0.27,0.85,9.65,1.00,0.04,-0.02,-0.00,2.54,-4.79,-0.65,6,8,47,0,35.2901867,136.2528917,82.30, 0.05
3107411,0.29,-0.28,9.51,1.00,-0.01,-0.02,-0.00,-1.86,1.54,-0.43,10.61,0.00,0,2,1001.31,42.28,109.58,1001.30,41.00,109.20,0.39,1000.64,37.98,114.18,3.17,2.36,94.92,308.32,7902,0.31,0.78,9.64,1.00,0.04,-0.02,-0.00,2.54,-4.79,-0.65,6,8,47,0,35.2901867,136.2528917,82.30, 0.05
3107464,0.35,-0.27,9.67,1.00,-0.01,-0.02,-0.00,-1.86,1.54,-0.43,10.61,0.00,0,2,1001.30,42.28,109.60,1001.30,41.00,109.19,0.39,1000.63,37.98,114.23,2.58,2.14,94.83,308.32,7903,0.26,0.71,9.67,1.00,0.04,-0.02,-0.00,2.54,-4.78,-0.65,6,8,47,0,35.2901867,136.2528917,82.30, 0.05
3107521,0.34,-0.30,9.47,1.00,-0.01,-0.02,-0.00,-1.86,1.54,-0.43,10.60,0.00,0,2,1001.30,42.28,109.63,1001.30,41.00,109.18,0.39,1000.63,37.98,114.22,0.62,1.04,94.57,308.32,7903,0.29,0.67,9.54,1.00,0.04,-0.02,-0.00,2.53,-4.77,-0.65,6,8,47,0,35.2901867,136.2528917,82.30, 0.05
3107572,0.31,-0.31,9.56,1.00,-0.01,-0.02,-0.00,-1.87,1.55,-0.43,10.61,0.00,0,2,1001.30,42.28,109.63,1001.30,41.00,109.20,0.39,1000.64,37.98,114.18,2.13,1.94,95.10,308.32,7902,0.28,0.84,9.64,1.00,0.04,-0.02,-0.00,2.53,-4.77,-0.65,6,8,47,0,35.2901867,136.2528917,82.30, 0.05
3107631,0.27,-0.25,9.57,1.00,-0.01,-0.02,-0.00,-1.87,1.55,-0.43,10.62,0.00,0,2,1001.29,42.27,109.69,1001.30,41.01,109.18,0.39,1000.63,37.97,114.20,2.30,2.01,95.10,308.41,7903,0.54,0.81,9.66,1.00,0.04,-0.02,-0.00,2.52,-4.77,-0.65,6,8,47,0,35.2901867,136.2528917,82.30, 0.05
3107688,0.30,-0.31,9.47,1.00,-0.01,-0.02,-0.00,-1.87,1.55,-0.43,10.61,0.00,0,2,1001.30,42.28,109.66,1001.30,40.99,109.19,0.39,1000.63,37.98,114.24,1.42,1.58,95.54,308.67,7902,0.49,0.87,9.57,1.00,0.04,-0.02,-0.00,2.52,-4.77,-0.65,6,8,47,0,35.2901867,136.2528917,82.30, 0.05
3107742,0.35,-0.29,9.53,1.00,-0.01,-0.02,-0.00,-1.87,1.55,-0.43,10.61,0.00,0,2,1001.30,42.27,109.67,1001.30,41.00,109.18,0.39,1000.63,37.98,114.24,2.40,2.06,95.54,308.94,7903,0.30,0.82,9.61,1.00,0.04,-0.02,-0.00,2.52,-4.77,-0.65,6,8,47,0,35.2901867,136.2528917,82.30, 0.05
3107799,0.35,-0.23,9.60,1.00,-0.01,-0.02,-0.00,-1.87,1.55,-0.43,10.62,0.00,0,2,1001.30,42.27,109.62,1001.30,41.01,109.24,0.39,1000.63,37.97,114.20,3.02,2.31,96.50,308.58,7903,0.47,0.73,9.64,1.00,0.04,-0.02,-0.00,2.51,-4.75,-0.65,6,8,47,0,35.2901867,136.2528917,82.30, 0.05
3107853,0.28,-0.30,9.54,1.00,-0.01,-0.02,-0.00,-1.87,1.55,-0.43,10.62,0.00,0,2,1001.30,42.27,109.64,1001.30,40.98,109.21,0.39,1000.64,37.97,114.19,2.88,2.26,97.38,308.50,7903,0.47,0.76,9.54,1.00,0.04,-0.02,-0.00,2.51,-4.74,-0.65,6,8,47,0,35.2901867,136.2528917,82.30, 0.05
3107907,0.30,-0.29,9.54,1.00,-0.01,-0.02,-0.00,-1.87,1.55,-0.43,10.61,0.00,0,2,1001.31,42.27,109.59,1001.30,41.01,109.20,0.39,1000.64,37.97,114.15,2.68,2.18,99.32,308.50,7903,0.43,0.59,9.58,1.00,0.04,-0.02,-0.00,2.51,-4.74,-0.65,6,8,48,0,35.2901883,136.2528933,82.30, 0.05
3107961,0.32,-0.28,9.55,1.00,-0.01,-0.02,-0.00,-1.87,1.55,-0.43,10.60,0.00,0,2,1001.30,42.27,109.60,1001.30,41.02,109.17,0.39,1000.63,37.97,114.20,2.48,2.09,97.65,308.50,7903,0.45,0.91,9.63,1.00,0.04,-0.02,-0.00,2.51,-4.74,-0.65,6,8,48,0,35.2901883,136.2528933,82.30, 0.05
3108019,0.33,-0.30,9.62,1.00,-0.01,-0.02,-0.00,-1.87,1.55,-0.43,10.59,0.00,0,2,1001.31,42.27,109.59,1001.30,41.01,109.16,0.39,1000.63,37.97,114.22,2.50,2.10,96.68,308.23,7903,0.48,0.94,9.63,1.00,0.04,-0.02,-0.00,2.51,-4.74,-0.65,6,8,48,0,35.2901883,136.2528933,82.30, 0.05
3108072,0.38,-0.28,9.53,1.00,-0.01,-0.02,-0.00,-1.87,1.55,-0.43,10.59,0.00,0,2,1001.30,42.27,109.60,1001.30,41.01,109.17,0.39,1000.63,37.97,114.23,2.48,2.09,96.42,308.23,7902,0.30,0.88,9.64,1.00,0.04,-0.02,-0.00,2.51,-4.73,-0.65,6,8,48,0,35.2901883,136.2528933,82.30, 0.05
3108128,0.31,-0.25,9.44,1.00,-0.01,-0.02,-0.00,-1.87,1.55,-0.43,10.60,0.00,0,2,1001.31,42.28,109.58,1001.30,41.00,109.20,0.38,1000.63,37.98,114.24,2.45,2.08,96.24,308.23,7903,0.39,0.93,9.62,1.00,0.04,-0.02,-0.00,2.50,-4.72,-0.65,6,8,48,0,35.2901883,136.2528933,82.30, 0.05
3108180,0.30,-0.26,9.60,1.00,-0.01,-0.02,-0.00,-1.87,1.55,-0.43,10.61,0.00,0,2,1001.31,42.27,109.59,1001.30,41.02,109.19,0.39,1000.63,37.98,114.26,2.28,2.01,95.36,308.23,7902,0.55,0.99,9.70,1.00,0.04,-0.02,-0.00,2.49,-4.71,-0.65,6,8,48,0,35.2901883,136.2528933,82.30, 0.05
3108238,0.33,-0.30,9.51,1.00,-0.01,-0.02,-0.00,-1.87,1.55,-0.43,10.60,0.00,0,2,1001.31,42.26,109.57,1001.30,41.01,109.18,0.39,1000.63,37.99,114.25,2.63,2.16,94.92,308.23,7902,0.54,0.97,9.74,1.00,0.04,-0.02,-0.00,2.50,-4.71,-0.65,6,8,48,0,35.2901883,136.2528933,82.30, 0.05
3108291,0.31,-0.29,9.50,1.00,-0.01,-0.02,-0.00,-1.87,1.55,-0.43,10.60,0.00,0,2,1001.30,42.25,109.60,1001.30,41.01,109.15,0.39,1000.64,37.99,114.19,2.80,2.22,94.92,308.23,7903,0.20,0.97,9.68,1.00,0.04,-0.02,-0.00,2.49,-4.71,-0.65,6,8,48,0,35.2901883,136.2528933,82.30, 0.05
3108348,0.32,-0.30,9.56,1.00,-0.01,-0.02,-0.00,-1.87,1.55,-0.43,10.59,0.00,0,2,1001.31,42.27,109.59,1001.30,41.02,109.16,0.39,1000.64,37.99,114.19,2.70,2.18,94.66,308.23,7903,0.31,0.95,9.70,1.00,0.04,-0.02,-0.00,2.49,-4.71,-0.65,6,8,48,0,35.2901883,136.2528933,82.30, 0.05
3108400,0.28,-0.28,9.55,1.00,-0.01,-0.02,-0.00,-1.87,1.55,-0.43,10.58,0.00,0,2,1001.31,42.26,109.58,1001.30,41.01,109.18,0.39,1000.64,37.99,114.21,1.50,1.63,92.99,307.97,7902,0.58,0.70,9.59,1.00,0.04,-0.02,-0.00,2.50,-4.70,-0.64,6,8,48,0,35.2901883,136.2528933,82.30, 0.05
3108453,0.32,-0.28,9.61,1.00,-0.01,-0.02,-0.00,-1.87,1.55,-0.43,10.59,0.00,0,2,1001.30,42.26,109.61,1001.30,41.01,109.18,0.39,1000.63,37.97,114.24,2.28,2.01,89.56,307.97,7903,0.43,0.85,9.64,1.00,0.04,-0.02,-0.00,2.49,-4.69,-0.64,6,8,48,0,35.2901883,136.2528933,82.30, 0.05
3108510,0.33,-0.28,9.50,1.00,-0.01,-0.02,-0.00,-1.87,1.55,-0.43,10.59,0.00,0,2,1001.30,42.27,109.62,1001.30,41.01,109.17,0.38,1000.63,37.97,114.27,2.33,2.03,88.68,307.97,7903,0.26,0.77,9.63,1.00,0.04,-0.02,-0.00,2.49,-4.69,-0.64,6,8,48,0,35.2901883,136.2528933,82.30, 0.05
3108568,0.30,-0.23,9.56,1.00,-0.01,-0.02,-0.00,-1.87,1.55,-0.43,10.61,0.00,0,2,1001.30,42.26,109.64,1001.30,41.02,109.18,0.39,1000.64,37.99,114.21,2.75,2.20,89.47,307.97,7903,0.34,0.74,9.60,1.00,0.04,-0.02,-0.00,2.49,-4.69,-0.64,6,8,48,0,35.2901883,136.2528933,82.30, 0.05
3108619,0.34,-0.32,9.58,1.00,-0.01,-0.02,-0.00,-1.87,1.55,-0.43,10.60,0.00,0,2,1001.31,42.27,109.55,1001.30,41.01,109.19,0.39,1000.64,37.98,114.20,2.08,1.92,90.35,307.97,7903,0.45,0.91,9.66,1.00,0.04,-0.02,-0.00,2.49,-4.69,-0.64,6,8,48,0,35.2901883,136.2528933,82.30, 0.05
3108677,0.34,-0.29,9.52,1.00,-0.01,-0.02,-0.00,-1.87,1.55,-0.43,10.59,0.00,0,2,1001.30,42.26,109.59,1001.30,41.01,109.18,0.39,1000.64,37.97,114.19,2.35,2.04,89.74,307.97,7903,0.30,0.76,9.61,1.00,0.04,-0.02,-0.00,2.49,-4.69,-0.64,6,8,48,0,35.2901883,136.2528933,82.30, 0.05
3108730,0.38,-0.19,9.54,1.00,-0.01,-0.02,-0.00,-1.87,1.55,-0.43,10.59,0.00,0,2,1001.31,42.26,109.57,1001.31,41.02,109.15,0.39,1000.64,37.97,114.19,2.37,2.04,88.24,307.97,7903,0.22,0.65,9.61,1.00,0.04,-0.02,-0.00,2.48,-4.68,-0.65,6,8,48,0,35.2901883,136.2528933,82.30, 0.05
3108786,0.34,-0.26,9.51,1.00,-0.01,-0.02,-0.00,-1.87,1.55,-0.43,10.59,0.00,0,2,1001.30,42.26,109.59,1001.30,41.01,109.20,0.39,1000.63,37.97,114.22,2.35,2.04,87.80,307.97,7903,0.39,0.75,9.61,1.00,0.04,-0.02,-0.00,2.47,-4.67,-0.65,6,8,48,0,35.2901883,136.2528933,82.30, 0.05
3108839,0.32,-0.35,9.61,1.00,-0.01,-0.02,-0.00,-1.87,1.55,-0.43,10.59,0.00,0,2,1001.30,42.26,109.62,1001.30,41.02,109.18,0.39,1000.64,37.98,114.20,1.85,1.81,87.71,307.97,7903,0.27,0.88,9.74,1.00,0.04,-0.02,-0.00,2.47,-4.67,-0.65,6,8,49,0,35.2901900,136.2528917,82.30, 0.05
3108896,0.31,-0.22,9.54,1.00,-0.01,-0.02,-0.00,-1.87,1.55,-0.43,10.60,0.00,0,2,1001.30,42.27,109.62,1001.30,41.02,109.17,0.39,1000.63,37.98,114.21,1.88,1.82,88.07,307.97,7903,0.37,0.67,9.57,1.00,0.04,-0.02,-0.00,2.47,-4.67,-0.65,6,8,49,0,35.2901900,136.2528917,82.30, 0.05
3108950,0.32,-0.32,9.54,1.00,-0.01,-0.02,-0.00,-1.87,1.55,-0.43,10.59,0.00,0,2,1001.30,42.25,109.65,1001.30,41.01,109.18,0.39,1000.64,37.97,114.19,1.47,1.61,89.56,307.97,7902,0.37,0.74,9.57,1.00,0.04,-0.02,-0.00,2.46,-4.67,-0.65,6,8,49,0,35.2901900,136.2528917,82.30, 0.05
3109007,0.35,-0.29,9.49,1.00,-0.01,-0.02,-0.00,-1.87,1.55,-0.43,10.59,0.00,0,2,1001.30,42.26,109.66,1001.30,41.02,109.19,0.39,1000.64,37.98,114.17,1.65,1.71,91.05,307.97,7903,0.32,0.79,9.59,1.00,0.04,-0.02,-0.00,2.46,-4.67,-0.65,6,8,49,0,35.2901900,136.2528917,82.30, 0.05
3109064,0.31,-0.32,9.60,1.00,-0.01,-0.02,-0.00,-1.87,1.55,-0.43,10.59,0.00,0,2,1001.30,42.26,109.66,1001.30,41.01,109.19,0.39,1000.64,37.97,114.20,1.85,1.81,95.19,307.97,7903,0.25,0.80,9.73,1.00,0.04,-0.02,-0.00,2.45,-4.67,-0.65,6,8,49,0,35.2901900,136.2528917,82.30, 0.05
3109117,0.29,-0.25,9.51,1.00,-0.01,-0.02,-0.00,-1.87,1.55,-0.43,10.60,0.00,0,2,1001.30,42.27,109.60,1001.30,41.02,109.18,0.39,1000.64,37.97,114.17,2.28,2.01,97.65,307.97,7903,0.39,0.77,9.62,1.00,0.04,-0.02,-0.00,2.45,-4.67,-0.65,6,8,49,0,35.2901900,136.2528917,82.30, 0.05
3109173,0.34,-0.32,9.61,1.00,-0.01,-0.02,-0.00,-1.87,1.55,-0.43,10.61,0.00,0,2,1001.30,42.27,109.60,1001.30,41.01,109.19,0.39,1000.64,37.98,114.17,2.25,1.99,98.44,307.97,7902,0.45,0.73,9.57,1.00,0.04,-0.02,-0.00,2.45,-4.67,-0.65,6,8,49,0,35.2901900,136.2528917,82.30, 0.05
3109227,0.33,-0.24,9.46,1.00,-0.01,-0.02,-0.00,-1.87,1.55,-0.43,10.60,0.00,0,2,1001.30,42.26,109.63,1001.30,41.01,109.16,0.39,1000.64,37.97,114.14,2.10,1.93,98.09,307.97,7903,0.28,0.78,9.57,1.00,0.04,-0.02,-0.00,2.45,-4.67,-0.65,6,8,49,0,35.2901900,136.2528917,82.30, 0.05
3109283,0.34,-0.29,9.60,1.00,-0.01,-0.02,-0.00,-1.87,1.55,-0.43,10.60,0.00,0,2,1001.30,42.26,109.63,1001.30,41.03,109.20,0.39,1000.64,37.98,114.18,2.27,2.00,97.65,307.97,7903,0.30,0.91,9.67,1.00,0.04,-0.02,-0.00,2.45,-4.67,-0.65,6,8,49,0,35.2901900,136.2528917,82.30, 0.05
3109336,0.33,-0.29,9.60,1.00,-0.01,-0.02,-0.00,-1.87,1.55,-0.43,10.59,0.00,0,2,1001.30,42.26,109.62,1001.30,41.03,109.19,0.39,1000.64,37.98,114.15,2.30,2.01,97.65,307.97,7903,0.42,0.69,9.58,1.00,0.04,-0.02,-0.00,2.45,-4.67,-0.65,6,8,49,0,35.2901900,136.2528917,82.30, 0.05
3109393,0.32,-0.30,9.60,1.00,-0.01,-0.02,-0.00,-1.87,1.55,-0.43,10.60,0.00,0,2,1001.30,42.26,109.61,1001.30,41.03,109.21,0.39,1000.64,37.97,114.18,1.57,1.66,97.47,307.97,7902,0.45,0.49,9.56,1.00,0.04,-0.02,-0.00,2.45,-4.67,-0.65,6,8,49,0,35.2901900,136.2528917,82.30, 0.05
3109445,0.33,-0.29,9.48,1.00,-0.01,-0.02,-0.00,-1.87,1.55,-0.43,10.60,0.00,0,2,1001.31,42.27,109.58,1001.30,41.04,109.18,0.39,1000.64,37.97,114.20,2.60,2.14,97.47,307.97,7903,0.48,0.61,9.49,1.00,0.04,-0.02,-0.00,2.45,-4.67,-0.65,6,8,49,0,35.2901900,136.2528917,82.30, 0.05
3109498,0.34,-0.30,9.58,1.00,-0.01,-0.02,-0.00,-1.87,1.55,-0.43,10.60,0.00,0,2,1001.30,42.26,109.59,1001.30,41.02,109.20,0.39,1000.63,37.97,114.22,1.87,1.82,97.73,307.97,7903,0.36,0.91,9.68,1.00,0.04,-0.02,-0.00,2.45,-4.67,-0.65,6,8,49,0,35.2901900,136.2528917,82.30, 0.05
3109555,0.30,-0.30,9.53,1.00,-0.01,-0.02,-0.00,-1.87,1.55,-0.43,10.59,0.00,0,2,1001.30,42.26,109.61,1001.30,41.01,109.18,0.39,1000.64,37.97,114.18,1.83,1.80,98.53,307.97,7903,0.45,0.88,9.64,1.00,0.04,-0.02,-0.00,2.45,-4.67,-0.65,6,8,49,0,35.2901900,136.2528917,82.30, 0.05
3109614,0.31,-0.26,9.56,1.00,-0.01,-0.02,-0.00,-1.87,1.55,-0.43,10.60,0.00,0,2,1001.30,42.26,109.61,1001.30,41.02,109.18,0.40,1000.64,37.98,114.14,1.88,1.82,98.61,307.97,7903,0.51,0.85,9.63,1.00,0.04,-0.02,-0.00,2.45,-4.67,-0.65,6,8,49,0,35.2901900,136.2528917,82.30, 0.05
3109665,0.32,-0.32,9.54,1.00,-0.01,-0.02,-0.00,-1.87,1.55,-0.43,10.61,0.00,0,2,1001.30,42.25,109.64,1001.30,41.01,109.21,0.40,1000.64,37.97,114.17,2.13,1.94,98.53,307.97,7902,0.45,0.69,9.64,1.00,0.04,-0.02,-0.00,2.45,-4.67,-0.65,6,8,49,0,35.2901900,136.2528917,82.30, 0.20
3109723,0.34,-0.24,9.58,1.00,-0.01,-0.02,-0.00,-1.87,1.55,-0.43,10.61,0.00,0,2,1001.30,42.26,109.66,1001.30,41.02,109.19,0.40,1000.64,37.97,114.20,2.17,1.96,98.00,307.97,7903,0.45,0.80,9.65,1.00,0.04,-0.02,-0.00,2.45,-4.67,-0.65,6,8,49,0,35.2901900,136.2528917,82.30, 0.20
3109774,0.29,-0.25,9.59,1.00,-0.01,-0.02,-0.00,-1.87,1.55,-0.43,10.62,0.00,0,2,1001.30,42.27,109.62,1001.30,41.02,109.21,0.40,1000.64,37.98,114.20,2.07,1.91,97.73,307.97,7903,0.34,0.78,9.70,1.00,0.04,-0.02,-0.00,2.45,-4.67,-0.65,6,8,49,0,35.2901900,136.2528917,82.30, 0.20
3109832,0.32,-0.31,9.58,1.00,-0.01,-0.02,-0.00,-1.87,1.55,-0.43,10.62,0.00,0,2,1001.30,42.27,109.64,1001.30,41.01,109.17,0.40,1000.63,37.97,114.22,1.98,1.87,97.65,307.97,7903,0.56,0.84,9.63,1.00,0.04,-0.02,-0.00,2.45,-4.67,-0.65,6,8,49,0,35.2901900,136.2528917,82.30, 0.20
3109885,0.33,-0.28,9.48,1.00,-0.01,-0.02,-0.00,-1.87,1.55,-0.43,10.60,0.00,0,2,1001.31,42.26,109.56,1001.30,41.03,109.18,0.40,1000.64,37.97,114.18,1.57,1.66,97.56,307.97,7903,0.56,0.71,9.52,1.00,0.04,-0.02,-0.00,2.45,-4.67,-0.65,6,8,49,0,35.2901900,136.2528917,82.30, 0.20
3109941,0.30,-0.24,9.62,1.00,-0.01,-0.02,-0.00,-1.87,1.55,-0.43,10.60,0.00,0,2,1001.31,42.27,109.56,1001.30,41.03,109.18,0.40,1000.64,37.98,114.13,1.78,1.77,97.47,307.97,7903,0.45,0.94,9.68,1.00,0.04,-0.02,-0.00,2.45,-4.67,-0.65,6,8,50,0,35.2901917,136.2528883,82.40, 0.20
3109994,0.29,-0.24,9.63,1.00,-0.01,-0.02,-0.00,-1.87,1.55,-0.43,10.58,0.00,0,2,1001.30,42.26,109.61,1001.30,41.02,109.21,0.40,1000.64,37.97,114.19,1.93,1.85,96.50,307.97,7903,0.53,0.73,9.65,1.00,0.04,-0.02,-0.00,2.45,-4.67,-0.65,6,8,50,0,35.2901917,136.2528883,82.40, 0.20
3110052,0.22,-0.16,9.48,1.00,-0.01,-0.02,-0.00,-1.87,1.55,-0.43,10.58,0.00,0,2,1001.30,42.26,109.59,1001.30,41.03,109.18,0.40,1000.64,37.97,114.17,1.78,1.77,96.68,307.97,7903,0.60,0.86,9.55,1.00,0.04,-0.02,-0.00,2.45,-4.67,-0.65,6,8,50,0,35.2901917,136.2528883,82.40, 0.20
3110104,0.32,-0.22,9.70,1.00,-0.01,-0.02,-0.00,-1.87,1.55,-0.43,10.59,0.00,0,2,1001.31,42.27,109.59,1001.30,41.03,109.21,0.40,1000.64,37.97,114.17,1.47,1.61,97.56,308.06,7903,0.56,0.81,9.62,1.00,0.04,-0.02,-0.00,2.45,-4.67,-0.65,6,8,50,0,35.2901917,136.2528883,82.40, 0.20
3110160,0.31,-0.26,9.66,1.00,-0.01,-0.02,-0.00,-1.87,1.55,-0.43,10.59,0.00,0,2,1001.30,42.26,109.62,1001.30,41.02,109.19,0.40,1000.64,37.97,114.19,1.77,1.77,96.68,308.06,7902,0.38,0.85,9.63,1.00,0.04,-0.02,-0.00,2.45,-4.67,-0.65,6,8,50,0,35.2901917,136.2528883,82.40, 0.20
3110212,0.30,-0.26,9.62,1.00,-0.01,-0.02,-0.00,-1.87,1.55,-0.43,10.61,0.00,0,2,1001.30,42.26,109.66,1001.30,41.02,109.24,0.40,1000.64,37.97,114.19,1.18,1.45,95.80,308.06,7903,0.39,1.10,9.79,1.00,0.04,-0.02,-0.00,2.45,-4.67,-0.65,6,8,50,0,35.2901917,136.2528883,82.40, 0.20
3110269,0.26,-0.17,9.79,1.00,-0.01,-0.02,-0.00,-1.87,1.55,-0.43,10.61,0.00,0,2,1001.30,42.26,109.62,1001.30,41.03,109.20,0.40,1000.64,37.97,114.19,1.43,1.59,96.42,308.06,7903,0.24,0.70,9.69,1.00,0.04,-0.02,-0.00,2.45,-4.66,-0.65,6,8,50,0,35.2901917,136.2528883,82.40, 0.20
3110324,0.26,-0.19,9.30,1.00,-0.01,-0.02,-0.00,-1.87,1.55,-0.43,10.62,0.00,0,2,1001.30,42.26,109.62,1001.30,41.02,109.20,0.40,1000.64,37.97,114.17,1.93,1.85,97.12,308.06,7903,0.50,0.74,9.45,1.00,0.04,-0.02,-0.00,2.45,-4.66,-0.65,6,8,50,0,35.2901917,136.2528883,82.40, 0.20
3110381,0.24,-0.39,9.34,1.00,-0.01,-0.02,-0.00,-1.87,1.55,-0.43,10.61,0.00,0,2,1001.30,42.27,109.65,1001.30,41.03,109.20,0.39,1000.64,37.97,114.19,1.42,1.58,97.47,307.97,7903,0.45,0.99,9.48,1.00,0.04,-0.02,-0.00,2.45,-4.66,-0.65,6,8,50,0,35.2901917,136.2528883,82.40, 0.20
3110434,0.29,-0.30,9.59,1.00,-0.01,-0.02,-0.00,-1.87,1.55,-0.43,10.61,0.00,0,2,1001.30,42.26,109.66,1001.30,41.02,109.21,0.39,1000.64,37.98,114.18,1.78,1.77,97.29,307.97,7902,0.06,1.51,9.87,1.00,0.04,-0.02,-0.00,2.45,-4.65,-0.65,6,8,50,0,35.2901917,136.2528883,82.40, 0.20
3110491,0.30,-0.38,9.66,1.00,-0.01,-0.02,-0.00,-1.87,1.55,-0.43,10.60,0.00,0,2,1001.30,42.26,109.64,1001.30,41.03,109.20,0.39,1000.64,37.98,114.18,1.28,1.50,97.21,307.97,7902,0.09,1.70,9.90,1.00,0.04,-0.02,-0.00,2.45,-4.64,-0.64,6,8,50,0,35.2901917,136.2528883,82.40, 0.20
3110544,0.15,-0.22,9.67,1.00,-0.01,-0.02,-0.00,-1.87,1.55,-0.43,10.61,0.00,0,2,1001.30,42.27,109.63,1001.30,41.03,109.22,0.39,1000.63,37.98,114.21,1.22,1.47,96.06,307.97,7903,0.35,0.91,9.68,1.00,0.04,-0.02,-0.00,2.45,-4.64,-0.65,6,8,50,0,35.2901917,136.2528883,82.40, 0.20
3110602,0.26,-0.38,9.43,1.00,-0.01,-0.02,-0.00,-1.87,1.55,-0.43,10.61,0.00,0,2,1001.30,42.26,109.61,1001.30,41.03,109.21,0.39,1000.63,37.98,114.21,1.02,1.34,93.96,307.97,7903,0.43,0.95,9.59,1.00,0.04,-0.02,-0.00,2.45,-4.65,-0.65,6,8,50,0,35.2901917,136.2528883,82.40, 0.20
3110658,0.18,-0.23,9.69,1.00,-0.01,-0.02,-0.00,-1.87,1.55,-0.43,10.62,0.00,0,2,1001.30,42.26,109.61,1001.30,41.03,109.21,0.38,1000.64,37.98,114.18,1.07,1.37,91.14,307.97,7903,0.33,0.81,9.73,1.00,0.04,-0.02,-0.00,2.45,-4.64,-0.63,6,8,50,0,35.2901917,136.2528883,82.40, 0.20
3110712,0.25,-0.07,9.68,1.00,-0.01,-0.02,-0.00,-1.87,1.55,-0.43,10.61,0.00,0,2,1001.31,42.27,109.59,1001.30,41.04,109.22,0.40,1000.64,37.97,114.15,1.10,1.39,90.26,307.97,7903,0.32,1.25,9.79,1.00,0.04,-0.02,-0.00,2.47,-4.63,-0.62,6,8,50,0,35.2901917,136.2528883,82.40, 0.20
3110769,0.28,-0.31,9.47,1.00,-0.01,-0.02,-0.00,-1.87,1.55,-0.43,10.59,0.00,0,2,1001.30,42.26,109.59,1001.30,41.03,109.20,0.40,1000.64,37.96,114.19,1.10,1.39,90.18,307.97,7902,0.43,0.51,9.51,1.00,0.04,-0.02,-0.00,2.47,-4.63,-0.62,6,8,50,0,35.2901917,136.2528883,82.40, 0.11
3110821,0.30,-0.26,9.52,1.00,-0.01,-0.02,-0.00,-1.87,1.55,-0.43,10.58,0.00,0,2,1001.30,42.27,109.62,1001.30,41.03,109.18,0.40,1000.64,37.97,114.15,1.05,1.36,91.23,308.06,7902,0.06,0.68,9.64,1.00,0.04,-0.02,-0.00,2.47,-4.63,-0.62,6,8,50,0,35.2901917,136.2528883,82.40, 0.11
3110879,0.27,-0.24,9.57,1.00,-0.01,-0.02,-0.00,-1.87,1.55,-0.43,10.60,0.00,0,2,1001.30,42.27,109.62,1001.30,41.03,109.17,0.40,1000.64,37.98,114.17,1.48,1.62,91.49,308.06,7902,0.20,0.45,9.51,1.00,0.04,-0.02,-0.00,2.47,-4.62,-0.61,6,8,50,0,35.2901917,136.2528883,82.40, 0.11
3110932,0.14,-0.28,9.62,1.00,-0.01,-0.02,-0.00,-1.87,1.55,-0.43,10.60,0.00,0,2,1001.30,42.27,109.60,1001.30,41.04,109.19,0.40,1000.64,37.99,114.16,1.93,1.85,91.85,308.06,7902,0.87,0.79,9.54,1.00,0.04,-0.02,-0.00,2.48,-4.62,-0.60,6,8,50,0,35.2901917,136.2528883,82.40, 0.11
3110989,0.09,-0.23,9.57,1.00,-0.01,-0.02,-0.00,-1.83,1.56,-0.43,10.59,0.00,0,2,1001.30,42.28,109.60,1001.30,41.03,109.20,0.39,1000.64,37.99,114.14,2.12,1.93,91.93,307.97,7903,1.04,0.73,9.62,1.00,0.04,-0.02,-0.00,2.49,-4.63,-0.59,6,8,50,0,35.2901917,136.2528883,82.40, 0.11
3111042,0.22,-0.22,9.55,1.00,-0.01,-0.02,-0.00,-1.82,1.56,-0.43,10.60,0.00,0,2,1001.30,42.27,109.62,1001.29,41.02,109.26,0.40,1000.64,37.97,114.15,2.20,1.97,92.37,307.97,7902,-0.07,0.92,9.88,1.00,0.04,-0.02,-0.00,2.49,-4.62,-0.57,6,8,50,0,35.2901917,136.2528883,82.40, 0.11
3111099,0.34,-0.25,9.59,1.00,-0.01,-0.02,-0.00,-1.80,1.55,-0.43,10.61,0.00,0,2,1001.30,42.26,109.66,1001.30,41.03,109.24,0.40,1000.64,37.98,114.20,2.00,1.88,91.93,307.97,7903,0.11,0.93,9.67,1.00,0.04,-0.02,-0.00,2.50,-4.61,-0.56,6,8,50,0,35.2901917,136.2528883,82.40, 0.11
3111153,0.29,-0.28,9.42,1.00,-0.01,-0.02,-0.00,-1.80,1.56,-0.43,10.61,0.00,0,2,1001.30,42.27,109.60,1001.30,41.03,109.22,0.40,1000.64,37.98,114.20,2.45,2.08,92.11,307.97,7902,0.84,0.94,9.56,1.00,0.04,-0.02,-0.00,2.50,-4.61,-0.55,6,8,50,0,35.2901917,136.2528883,82.40, 0.11
3111209,0.19,-0.22,9.50,1.00,-0.01,-0.02,-0.00,-1.80,1.56,-0.43,10.62,0.00,0,2,1001.30,42.27,109.63,1001.30,41.03,109.22,0.40,1000.63,37.98,114.21,2.37,2.04,92.29,307.79,7903,0.67,1.13,9.79,1.00,0.04,-0.02,-0.00,2.50,-4.61,-0.53,6,8,50,0,35.2901917,136.2528883,82.40, 0.11
3111261,0.12,-0.21,9.59,1.00,-0.01,-0.02,-0.00,-1.78,1.55,-0.43,10.62,0.00,0,2,1001.30,42.27,109.66,1001.30,41.03,109.23,0.40,1000.64,37.98,114.18,1.95,1.86,92.72,307.79,7902,0.54,0.20,9.53,1.00,0.04,-0.02,-0.00,2.50,-4.60,-0.53,6,8,50,0,35.2901917,136.2528883,82.40, 0.11
3111318,0.21,-0.25,9.43,1.00,-0.01,-0.02,-0.00,-1.75,1.55,-0.43,10.62,0.00,0,2,1001.30,42.27,109.64,1001.30,41.02,109.19,0.40,1000.63,37.97,114.22,1.32,1.52,92.64,307.71,7902,0.70,0.40,9.43,1.00,0.04,-0.02,-0.00,2.51,-4.59,-0.51,6,8,50,0,35.2901917,136.2528883,82.40, 0.11
3111372,0.26,-0.27,9.59,1.00,-0.01,-0.02,-0.00,-1.75,1.55,-0.43,10.62,0.00,0,2,1001.30,42.27,109.66,1001.30,41.03,109.24,0.40,1000.63,37.97,114.22,1.38,1.56,92.55,307.27,7903,0.34,0.72,9.70,1.00,0.04,-0.02,-0.00,2.51,-4.59,-0.51,6,8,50,0,35.2901917,136.2528883,82.40, 0.11
3111428,0.27,-0.22,9.51,1.00,-0.01,-0.02,-0.00,-1.75,1.55,-0.43,10.63,0.00,0,2,1001.30,42.27,109.64,1001.30,41.05,109.18,0.40,1000.63,37.97,114.22,0.95,1.29,92.55,307.00,7903,0.35,0.63,9.63,1.00,0.04,-0.02,-0.00,2.51,-4.59,-0.49,6,8,50,0,35.2901917,136.2528883,82.40, 0.11
3111480,0.17,-0.22,9.53,1.00,-0.01,-0.02,-0.00,-1.75,1.55,-0.43,10.63,0.00,0,2,1001.30,42.26,109.64,1001.30,41.03,109.22,0.40,1000.63,37.97,114.27,1.12,1.40,91.41,307.00,7902,0.80,0.76,9.56,1.00,0.04,-0.02,-0.00,2.52,-4.59,-0.49,6,8,50,0,35.2901917,136.2528883,82.40, 0.11
3111537,0.18,-0.30,9.57,1.00,-0.01,-0.02,-0.00,-1.74,1.55,-0.43,10.62,0.00,0,2,1001.30,42.26,109.66,1001.30,41.03,109.20,0.40,1000.63,37.98,114.22,1.23,1.48,91.67,307.00,7903,0.87,0.99,9.66,1.00,0.04,-0.02,-0.00,2.54,-4.57,-0.48,6,8,50,0,35.2901917,136.2528883,82.40, 0.11
3111589,0.20,-0.22,9.68,1.00,-0.01,-0.02,-0.00,-1.73,1.55,-0.43,10.61,0.00,0,2,1001.30,42.27,109.60,1001.30,41.03,109.21,0.40,1000.63,37.96,114.25,1.22,1.47,92.20,307.00,7902,0.57,0.93,9.72,1.00,0.04,-0.02,-0.00,2.55,-4.57,-0.45,6,8,50,0,35.2901917,136.2528883,82.40, 0.11
3111643,0.22,-0.23,9.50,1.00,-0.01,-0.01,-0.00,-1.72,1.55,-0.43,10.60,0.00,0,2,1001.30,42.27,109.62,1001.30,41.03,109.19,0.40,1000.63,37.96,114.24,1.48,1.62,93.25,307.00,7903,0.63,0.48,9.48,1.00,0.04,-0.02,-0.00,2.55,-4.57,-0.45,6,8,50,0,35.2901917,136.2528883,82.40, 0.11
3111697,0.20,-0.28,9.51,1.00,-0.01,-0.01,-0.00,-1.71,1.55,-0.43,10.60,0.00,0,2,1001.30,42.26,109.64,1001.30,41.05,109.22,0.40,1000.64,37.97,114.20,1.18,1.45,93.78,307.00,7903,0.72,0.53,9.47,1.00,0.04,-0.02,-0.00,2.55,-4.57,-0.44,6,8,50,0,35.2901917,136.2528883,82.40, 0.11
3111755,0.22,-0.22,9.58,1.00,-0.01,-0.01,-0.00,-1.71,1.55,-0.43,10.61,0.00,0,2,1001.30,42.27,109.60,1001.30,41.03,109.21,0.40,1000.64,37.97,114.17,1.92,1.84,94.57,307.00,7903,0.61,0.56,9.51,1.00,0.04,-0.02,-0.00,2.56,-4.57,-0.44,6,8,51,0,35.2901900,136.2528883,82.40, 0.09
3111807,0.18,-0.28,9.55,1.00,-0.01,-0.01,-0.00,-1.70,1.55,-0.43,10.60,0.00,0,2,1001.30,42.26,109.64,1001.30,41.04,109.24,0.40,1000.64,37.98,114.18,1.70,1.73,95.27,307.00,7903,0.27,0.80,9.69,1.00,0.04,-0.02,-0.00,2.57,-4.57,-0.43,6,8,51,0,35.2901900,136.2528883,82.40, 0.09
3111864,0.20,-0.21,9.63,1.00,-0.01,-0.01,-0.00,-1.69,1.55,-0.43,10.61,0.00,0,2,1001.30,42.28,109.65,1001.29,41.03,109.24,0.40,1000.64,37.98,114.20,1.78,1.77,97.21,307.00,7903,0.24,0.68,9.68,1.00,0.04,-0.02,-0.00,2.57,-4.56,-0.40,6,8,51,0,35.2901900,136.2528883,82.40, 0.09
3111919,0.19,-0.20,9.62,1.00,-0.01,-0.01,-0.00,-1.68,1.54,-0.43,10.63,0.00,0,2,1001.30,42.26,109.66,1001.30,41.04,109.22,0.40,1000.64,37.98,114.18,1.87,1.82,100.11,307.00,7902,0.59,0.80,9.64,1.00,0.04,-0.02,-0.00,2.60,-4.56,-0.40,6,8,52,0,35.2901883,136.2528883,82.40, 0.09
3111975,0.17,-0.27,9.44,1.00,-0.01,-0.01,-0.00,-1.68,1.53,-0.43,10.61,0.00,0,2,1001.30,42.28,109.63,1001.29,41.04,109.26,0.40,1000.64,37.98,114.18,1.90,1.83,101.60,307.00,7902,0.36,0.65,9.48,1.00,0.04,-0.02,-0.00,2.61,-4.55,-0.40,6,8,52,0,35.2901883,136.2528883,82.40, 0.09
3112027,0.17,-0.24,9.56,1.00,-0.01,-0.01,-0.00,-1.67,1.54,-0.43,10.61,0.00,0,2,1001.30,42.28,109.63,1001.30,41.04,109.21,0.40,1000.63,37.99,114.25,2.37,2.04,102.92,307.00,7902,0.38,0.61,9.60,1.00,0.04,-0.02,-0.00,2.63,-4.56,-0.39,6,8,52,0,35.2901883,136.2528883,82.40, 0.09
3112084,0.19,-0.22,9.71,1.00,-0.01,-0.01,-0.00,-1.67,1.54,-0.43,10.61,0.00,0,2,1001.30,42.27,109.65,1001.30,41.04,109.24,0.40,1000.63,37.98,114.23,2.78,2.22,103.71,306.91,7903,0.68,0.91,9.72,1.00,0.04,-0.02,-0.00,2.64,-4.56,-0.39,6,8,52,0,35.2901883,136.2528883,82.40, 0.09
3112137,0.22,-0.24,9.60,1.00,-0.01,-0.01,-0.00,-1.67,1.54,-0.43,10.61,0.00,0,2,1001.30,42.26,109.64,1001.30,41.05,109.23,0.40,1000.62,37.98,114.32,3.30,2.41,103.18,306.91,7902,0.46,0.98,9.64,1.00,0.04,-0.02,-0.00,2.63,-4.56,-0.38,6,8,52,0,35.2901883,136.2528883,82.40, 0.09
3112190,0.19,-0.22,9.64,1.00,-0.01,-0.01,-0.00,-1.67,1.54,-0.43,10.62,0.00,0,2,1001.30,42.27,109.62,1001.29,41.04,109.26,0.40,1000.63,37.97,114.29,3.35,2.43,102.83,306.74,7902,0.37,0.89,9.71,1.00,0.04,-0.02,-0.00,2.60,-4.56,-0.38,6,8,52,0,35.2901883,136.2528883,82.40, 0.09
3112246,0.19,-0.18,9.55,1.00,-0.01,-0.01,-0.00,-1.67,1.54,-0.43,10.61,0.00,0,2,1001.30,42.27,109.63,1001.30,41.04,109.19,0.40,1000.63,37.98,114.27,2.95,2.28,101.87,306.04,7903,0.44,0.46,9.60,1.00,0.04,-0.02,-0.00,2.61,-4.55,-0.38,6,8,52,0,35.2901883,136.2528883,82.40, 0.09
3112303,0.20,-0.32,9.67,1.00,-0.01,-0.01,-0.00,-1.67,1.54,-0.43,10.60,0.00,0,2,1001.30,42.26,109.61,1001.30,41.05,109.21,0.40,1000.63,37.97,114.27,2.33,2.03,99.67,305.95,7902,0.58,0.63,9.69,1.00,0.04,-0.02,-0.00,2.62,-4.55,-0.38,6,8,52,0,35.2901883,136.2528883,82.40, 0.09
3112357,0.23,-0.28,9.43,1.00,-0.01,-0.01,-0.00,-1.67,1.54,-0.43,10.60,0.00,0,2,1001.29,42.26,109.68,1001.30,41.05,109.22,0.40,1000.63,37.99,114.30,2.00,1.88,100.37,305.77,7903,0.25,0.50,9.47,1.00,0.04,-0.02,-0.00,2.64,-4.56,-0.37,6,8,52,0,35.2901883,136.2528883,82.40, 0.09
3112415,0.18,-0.29,9.53,1.00,-0.01,-0.01,-0.00,-1.67,1.54,-0.43,10.60,0.00,0,2,1001.30,42.28,109.64,1001.30,41.05,109.24,0.40,1000.63,37.98,114.23,2.15,1.95,101.43,305.77,7903,0.33,0.72,9.63,1.00,0.04,-0.02,-0.00,2.64,-4.55,-0.36,6,8,52,0,35.2901883,136.2528883,82.40, 0.09
3112467,0.13,-0.17,9.42,1.00,-0.01,-0.01,-0.00,-1.67,1.54,-0.43,10.61,0.00,0,2,1001.30,42.28,109.66,1001.30,41.05,109.26,0.40,1000.64,37.98,114.20,1.93,1.85,105.56,305.77,7903,0.47,0.41,9.47,1.00,0.04,-0.02,-0.00,2.67,-4.56,-0.35,6,8,52,0,35.2901883,136.2528883,82.40, 0.09
3112524,0.13,-0.33,9.57,1.00,-0.01,-0.01,-0.00,-1.67,1.54,-0.43,10.62,0.00,0,2,1001.30,42.29,109.62,1001.30,41.05,109.24,0.40,1000.63,37.99,114.26,2.18,1.96,106.88,305.68,7903,0.22,1.03,9.77,1.00,0.04,-0.02,-0.00,2.66,-4.56,-0.34,6,8,52,0,35.2901883,136.2528883,82.40, 0.09
3112576,0.16,-0.21,9.75,1.00,-0.01,-0.01,-0.00,-1.67,1.54,-0.43,10.62,0.00,0,2,1001.30,42.28,109.66,1001.30,41.03,109.20,0.40,1000.63,37.99,114.24,2.43,2.07,106.88,305.60,7903,0.34,0.75,9.74,1.00,0.04,-0.02,-0.00,2.66,-4.56,-0.33,6,8,52,0,35.2901883,136.2528883,82.40, 0.09
3112634,0.20,-0.20,9.36,1.00,-0.01,-0.01,-0.00,-1.64,1.54,-0.43,10.61,0.00,0,2,1001.30,42.27,109.64,1001.30,41.05,109.19,0.40,1000.63,37.98,114.25,2.37,2.04,106.52,305.60,7902,0.80,1.05,9.56,1.00,0.04,-0.02,-0.00,2.66,-4.54,-0.32,6,8,52,0,35.2901883,136.2528883,82.40, 0.09
3112688,0.22,-0.23,9.71,1.00,-0.01,-0.01,-0.00,-1.64,1.54,-0.43,10.60,0.00,0,2,1001.30,42.28,109.60,1001.30,41.05,109.24,0.40,1000.63,37.98,114.28,2.65,2.16,104.50,305.60,7902,0.97,0.57,9.46,1.00,0.04,-0.02,-0.00,2.67,-4.51,-0.30,6,8,52,0,35.2901883,136.2528883,82.40, 0.09
3112745,0.18,-0.15,9.55,1.00,-0.01,-0.01,-0.00,-1.64,1.54,-0.43,10.59,0.00,0,2,1001.30,42.26,109.62,1001.30,41.04,109.21,0.40,1000.63,37.97,114.24,2.70,2.18,103.18,305.60,7903,0.44,0.57,9.46,1.00,0.04,-0.02,-0.00,2.67,-4.51,-0.29,6,8,52,0,35.2901883,136.2528883,82.40, 0.17
3112802,0.20,-0.20,9.84,1.00,-0.01,-0.01,-0.00,-1.64,1.54,-0.43,10.59,0.00,0,2,1001.30,42.28,109.60,1001.30,41.05,109.19,0.40,1000.63,37.98,114.23,3.00,2.30,103.01,305.60,7902,0.79,0.85,9.64,1.00,0.04,-0.02,-0.00,2.68,-4.51,-0.28,6,8,52,0,35.2901883,136.2528883,82.40, 0.17
3112856,0.21,-0.13,9.67,1.00,-0.01,-0.01,-0.00,-1.64,1.54,-0.43,10.60,0.00,0,2,1001.30,42.27,109.60,1001.29,41.03,109.25,0.40,1000.64,37.98,114.16,2.73,2.20,102.39,305.60,7902,0.59,1.24,9.95,1.00,0.04,-0.02,-0.00,2.68,-4.52,-0.28,6,8,53,0,35.2901883,136.2528900,82.40, 0.17
3112913,0.29,-0.08,9.88,1.00,-0.01,-0.01,-0.00,-1.64,1.54,-0.43,10.57,0.00,0,2,1001.30,42.26,109.61,1001.29,41.04,109.26,0.40,1000.64,37.99,114.19,2.57,2.13,101.34,305.51,7902,1.03,0.38,9.30,1.00,0.04,-0.02,-0.00,2.68,-4.49,-0.29,6,8,53,0,35.2901883,136.2528900,82.40, 0.17
3112971,0.36,0.00,9.79,1.00,-0.01,-0.01,-0.00,-1.63,1.54,-0.43,10.57,0.00,0,2,1001.30,42.27,109.62,1001.30,41.03,109.26,0.40,1000.64,37.99,114.21,2.12,1.93,98.26,305.33,7903,1.62,0.71,9.32,1.00,0.04,-0.02,-0.00,2.66,-4.53,-0.28,6,8,53,0,35.2901883,136.2528900,82.40, 0.17
3113025,0.21,-0.05,10.15,1.00,-0.01,-0.01,-0.00,-1.64,1.54,-0.43,10.58,0.00,0,2,1001.30,42.27,109.62,1001.30,41.05,109.23,0.40,1000.63,37.98,114.23,2.18,1.96,96.06,304.37,7902,0.15,1.09,9.97,1.00,0.04,-0.02,-0.00,2.64,-4.53,-0.27,6,8,53,0,35.2901883,136.2528900,82.40, 0.17
3113082,0.12,-0.19,9.33,1.00,-0.01,-0.01,-0.00,-1.63,1.54,-0.43,10.59,0.00,0,2,1001.30,42.28,109.63,1001.30,41.05,109.26,0.40,1000.64,37.99,114.19,2.38,2.05,95.80,304.10,7903,1.41,1.63,9.71,1.00,0.04,-0.02,-0.00,2.63,-4.51,-0.26,6,8,53,0,35.2901883,136.2528900,82.40, 0.17
3113135,0.11,-0.37,9.18,1.00,-0.01,-0.01,-0.00,-1.63,1.55,-0.43,10.59,0.00,0,2,1001.30,42.27,109.60,1001.30,41.05,109.20,0.40,1000.64,37.98,114.20,2.45,2.08,96.15,304.10,7903,1.38,0.55,9.38,1.00,0.04,-0.02,-0.00,2.61,-4.53,-0.26,6,8,53,0,35.2901883,136.2528900,82.40, 0.17
3113192,0.09,-0.23,9.39,1.00,-0.01,-0.01,-0.00,-1.63,1.55,-0.43,10.59,0.00,0,2,1001.30,42.26,109.63,1001.30,41.03,109.25,0.40,1000.64,37.98,114.18,2.45,2.08,96.77,304.10,7902,0.57,-0.16,9.40,1.00,0.04,-0.02,-0.00,2.58,-4.51,-0.24,6,8,53,0,35.2901883,136.2528900,82.40, 0.17
3113245,0.24,-0.19,9.92,1.00,-0.01,-0.01,-0.00,-1.63,1.55,-0.43,10.59,0.00,0,2,1001.30,42.26,109.61,1001.30,41.03,109.22,0.40,1000.63,37.98,114.21,1.98,1.87,97.03,304.10,7903,0.77,1.66,10.14,1.00,0.04,-0.02,-0.00,2.56,-4.55,-0.23,6,8,53,0,35.2901883,136.2528900,82.40, 0.17
3113302,0.15,-0.37,9.45,1.00,-0.01,-0.01,-0.00,-1.63,1.55,-0.43,10.59,0.00,0,2,1001.30,42.27,109.64,1001.30,41.05,109.20,0.40,1000.63,37.97,114.22,1.75,1.76,97.47,304.10,7903,0.76,1.54,9.69,1.00,0.04,-0.02,-0.00,2.55,-4.55,-0.23,6,8,53,0,35.2901883,136.2528900,82.40, 0.17
3113355,0.17,-0.17,9.56,1.00,-0.01,-0.01,-0.00,-1.63,1.55,-0.43,10.60,0.00,0,2,1001.29,42.27,109.69,1001.30,41.05,109.21,0.40,1000.63,37.98,114.26,1.73,1.75,97.38,304.10,7903,0.74,1.81,9.74,1.00,0.04,-0.02,-0.00,2.51,-4.55,-0.20,6,8,53,0,35.2901883,136.2528900,82.40, 0.17
3113411,0.11,-0.22,9.37,1.00,-0.01,-0.01,-0.00,-1.63,1.55,-0.43,10.60,0.00,0,2,1001.29,42.27,109.69,1001.30,41.04,109.24,0.40,1000.64,37.99,114.21,1.13,1.41,97.03,304.10,7901,0.24,1.23,9.76,1.00,0.04,-0.02,-0.00,2.50,-4.55,-0.20,6,8,53,0,35.2901883,136.2528900,82.40, 0.17
3113464,0.16,-0.28,9.69,1.00,-0.01,-0.01,-0.00,-1.64,1.55,-0.43,10.60,0.00,0,2,1001.30,42.26,109.68,1001.30,41.05,109.24,0.40,1000.63,37.98,114.23,0.87,1.24,96.24,304.10,7903,0.81,0.30,9.53,1.00,0.04,-0.02,-0.00,2.48,-4.55,-0.20,6,8,53,0,35.2901883,136.2528900,82.40, 0.17
3113521,0.28,-0.24,9.72,1.00,-0.01,-0.01,-0.00,-1.64,1.55,-0.43,10.60,0.00,0,2,1001.30,42.27,109.64,1001.30,41.05,109.20,0.40,1000.63,37.97,114.24,1.52,1.64,96.06,304.19,7902,0.27,0.54,9.60,1.00,0.04,-0.02,-0.00,2.44,-4.55,-0.19,6,8,53,0,35.2901883,136.2528900,82.40, 0.17
3113573,0.11,-0.12,9.68,1.00,-0.01,-0.01,-0.00,-1.63,1.54,-0.43,10.59,0.00,0,2,1001.30,42.26,109.65,1001.30,41.05,109.20,0.40,1000.64,37.97,114.21,1.97,1.86,96.77,304.19,7902,0.12,0.00,9.49,1.00,0.04,-0.02,-0.00,2.43,-4.53,-0.17,6,8,53,0,35.2901883,136.2528900,82.40, 0.17
3113630,0.28,-0.19,9.76,1.00,-0.01,-0.01,-0.00,-1.61,1.53,-0.43,10.59,0.00,0,2,1001.30,42.26,109.62,1001.30,41.04,109.24,0.40,1000.64,37.99,114.19,1.55,1.65,98.35,304.28,7902,0.08,0.34,9.63,1.00,0.04,-0.02,-0.00,2.42,-4.54,-0.15,6,8,53,0,35.2901883,136.2528900,82.40, 0.17
3113682,0.15,-0.23,9.68,1.00,-0.01,-0.01,-0.00,-1.60,1.53,-0.43,10.60,0.00,0,2,1001.30,42.26,109.66,1001.30,41.04,109.21,0.40,1000.63,37.98,114.27,2.47,2.09,99.58,304.37,7902,0.24,0.96,9.72,1.00,0.04,-0.02,-0.00,2.42,-4.55,-0.16,6,8,53,0,35.2901883,136.2528900,82.40, 0.13
3113737,0.14,-0.12,9.55,1.00,-0.01,-0.01,-0.00,-1.59,1.52,-0.43,10.60,0.00,0,2,1001.30,42.27,109.62,1001.30,41.03,109.21,0.40,1000.63,37.98,114.23,2.02,1.89,100.20,304.37,7902,0.23,0.93,9.63,1.00,0.04,-0.02,-0.00,2.42,-4.55,-0.15,6,8,53,0,35.2901883,136.2528900,82.40, 0.13
3113792,0.16,-0.23,9.60,1.00,-0.01,-0.01,-0.00,-1.57,1.51,-0.43,10.60,0.00,0,2,1001.30,42.26,109.61,1001.30,41.05,109.21,0.40,1000.64,37.98,114.20,2.32,2.02,100.28,304.37,7903,0.20,0.89,9.70,1.00,0.04,-0.02,-0.00,2.41,-4.55,-0.14,6,8,53,0,35.2901883,136.2528900,82.40, 0.13
3113850,0.16,-0.24,9.61,1.00,-0.01,-0.01,-0.00,-1.57,1.51,-0.43,10.58,0.00,0,2,1001.30,42.27,109.62,1001.30,41.03,109.21,0.40,1000.64,37.98,114.18,2.63,2.16,100.28,304.37,7903,0.76,0.57,9.58,1.00,0.04,-0.02,-0.00,2.41,-4.55,-0.14,6,8,53,0,35.2901883,136.2528900,82.40, 0.13
3113902,0.15,-0.26,9.45,1.00,-0.01,-0.01,-0.00,-1.55,1.51,-0.43,10.58,0.00,0,2,1001.31,42.27,109.59,1001.30,41.03,109.21,0.40,1000.64,37.98,114.18,2.37,2.04,99.93,304.37,7903,0.24,0.49,9.48,1.00,0.04,-0.02,-0.00,2.40,-4.54,-0.12,6,8,53,0,35.2901883,136.2528900,82.40, 0.13
3113959,0.19,-0.24,9.65,1.00,-0.01,-0.01,-0.00,-1.54,1.51,-0.43,10.58,0.00,0,2,1001.30,42.27,109.60,1001.30,41.04,109.23,0.40,1000.63,37.98,114.21,2.62,2.15,99.32,304.28,7902,0.15,0.36,9.53,1.00,0.04,-0.02,-0.00,2.40,-4.54,-0.11,6,8,54,0,35.2901883,136.2528917,82.40, 0.13
3114013,0.18,-0.25,9.60,1.00,-0.01,-0.01,-0.00,-1.54,1.51,-0.43,10.58,0.00,0,2,1001.30,42.26,109.59,1001.30,41.03,109.24,0.40,1000.63,37.99,114.21,2.80,2.22,98.96,304.28,7902,0.66,0.33,9.52,1.00,0.04,-0.02,-0.00,2.40,-4.53,-0.10,6,8,54,0,35.2901883,136.2528917,82.40, 0.13
3114069,0.10,-0.19,9.51,1.00,-0.01,-0.01,-0.00,-1.53,1.51,-0.43,10.60,0.00,0,2,1001.30,42.26,109.61,1001.30,41.03,109.21,0.41,1000.63,37.99,114.28,2.72,2.19,99.40,304.28,7903,0.54,0.97,9.72,1.00,0.04,-0.02,0.00,2.40,-4.53,-0.10,6,8,54,0,35.2901883,136.2528917,82.40, 0.13
3114121,-0.24,-0.33,9.88,1.00,-0.01,-0.01,-0.00,-1.50,1.50,-0.44,10.60,0.00,0,2,1001.30,42.26,109.61,1001.30,41.03,109.23,0.40,1000.63,37.99,114.25,2.20,1.97,98.88,304.28,7903,0.49,0.91,9.49,1.00,0.04,-0.02,0.00,2.43,-4.51,-0.07,6,8,54,0,35.2901883,136.2528917,82.40, 0.13
3114180,0.12,-0.20,9.67,1.00,-0.01,-0.01,-0.00,-1.50,1.49,-0.44,10.60,0.00,0,2,1001.30,42.25,109.63,1001.30,41.04,109.23,0.41,1000.63,37.98,114.29,2.50,2.10,98.96,304.28,7902,0.20,0.75,9.69,1.00,0.04,-0.02,0.00,2.43,-4.51,-0.07,6,8,54,0,35.2901883,136.2528917,82.40, 0.13
3114233,0.21,-0.12,9.73,1.00,-0.01,-0.01,-0.00,-1.50,1.49,-0.44,10.60,0.00,0,2,1001.30,42.26,109.63,1001.30,41.05,109.25,0.40,1000.63,37.98,114.25,2.42,2.07,98.88,304.28,7903,0.82,0.79,9.66,1.00,0.04,-0.02,0.00,2.43,-4.51,-0.06,6,8,54,0,35.2901883,136.2528917,82.40, 0.13
3114290,0.15,-0.24,9.51,1.00,-0.01,-0.01,-0.00,-1.49,1.48,-0.44,10.61,0.00,0,2,1001.30,42.26,109.59,1001.30,41.04,109.23,0.41,1000.63,37.98,114.24,2.92,2.27,98.79,304.28,7903,0.07,0.60,9.68,1.00,0.04,-0.02,0.00,2.43,-4.51,-0.04,6,8,54,0,35.2901883,136.2528917,82.40, 0.13
3114341,0.16,-0.30,9.48,1.00,-0.01,-0.01,-0.00,-1.48,1.48,-0.44,10.60,0.00,0,2,1001.30,42.26,109.61,1001.30,41.05,109.24,0.41,1000.63,37.98,114.25,2.70,2.18,98.79,304.10,7903,0.67,0.81,9.54,1.00,0.04,-0.02,0.00,2.44,-4.51,-0.03,6,8,54,0,35.2901883,136.2528917,82.40, 0.13
3114399,0.10,-0.23,9.49,1.00,-0.01,-0.01,-0.00,-1.47,1.48,-0.44,10.60,0.00,0,2,1001.30,42.26,109.66,1001.30,41.03,109.25,0.41,1000.63,37.97,114.26,2.60,2.14,99.05,304.19,7902,0.45,0.45,9.52,1.00,0.04,-0.02,0.00,2.45,-4.51,-0.03,6,8,54,0,35.2901883,136.2528917,82.40, 0.13
3114452,0.06,-0.23,9.49,1.00,-0.01,-0.01,-0.00,-1.45,1.47,-0.44,10.60,0.00,0,2,1001.30,42.26,109.63,1001.30,41.03,109.25,0.41,1000.62,37.98,114.32,2.42,2.07,98.53,304.19,7903,0.98,0.70,9.44,1.00,0.04,-0.02,0.00,2.44,-4.52,-0.01,6,8,54,0,35.2901883,136.2528917,82.40, 0.13
3114509,0.11,-0.23,9.56,1.00,-0.01,-0.01,-0.00,-1.43,1.48,-0.44,10.60,0.00,0,2,1001.30,42.27,109.60,1001.30,41.04,109.25,0.41,1000.63,37.99,114.30,2.18,1.96,95.80,304.19,7902,0.34,0.99,9.73,1.00,0.04,-0.02,0.00,2.43,-4.53,0.00,6,8,54,0,35.2901883,136.2528917,82.40, 0.13
3114561,0.17,-0.13,9.66,1.00,-0.01,-0.01,-0.00,-1.41,1.47,-0.44,10.61,0.00,0,2,1001.30,42.26,109.61,1001.30,41.03,109.23,0.41,1000.63,37.98,114.25,2.32,2.02,90.09,304.19,7902,0.89,0.73,9.64,1.00,0.04,-0.02,0.00,2.41,-4.53,0.01,6,8,54,0,35.2901883,136.2528917,82.40, 0.13
3114618,0.21,-0.18,9.52,1.00,-0.01,-0.01,-0.00,-1.40,1.46,-0.44,10.61,0.00,0,2,1001.30,42.26,109.59,1001.30,41.03,109.22,0.41,1000.64,37.97,114.20,2.45,2.08,85.17,304.19,7902,0.78,1.05,9.68,1.00,0.04,-0.02,0.00,2.40,-4.54,0.02,6,8,54,0,35.2901883,136.2528917,82.40, 0.13
3114672,0.16,-0.18,9.50,1.00,-0.01,-0.01,-0.00,-1.40,1.46,-0.44,10.59,0.00,0,2,1001.30,42.26,109.61,1001.30,41.03,109.18,0.41,1000.63,37.97,114.22,2.42,2.07,83.76,304.19,7902,0.77,0.82,9.62,1.00,0.04,-0.02,0.00,2.40,-4.54,0.03,6,8,54,0,35.2901883,136.2528917,82.40, 0.13
3114728,0.13,-0.24,9.54,1.00,-0.01,-0.01,-0.00,-1.40,1.46,-0.44,10.59,0.00,0,2,1001.30,42.28,109.61,1001.30,41.03,109.23,0.41,1000.63,37.97,114.24,2.78,2.22,84.11,304.28,7902,0.68,0.57,9.55,1.00,0.04,-0.02,0.00,2.39,-4.54,0.05,6,8,54,0,35.2901883,136.2528917,82.40, 0.13
3114781,0.15,-0.23,9.62,1.00,-0.01,-0.01,-0.00,-1.40,1.46,-0.44,10.59,0.00,0,2,1001.30,42.27,109.64,1001.30,41.05,109.25,0.41,1000.64,37.97,114.19,2.60,2.14,87.54,304.28,7903,0.74,0.59,9.58,1.00,0.04,-0.02,0.00,2.45,-4.52,0.06,6,8,54,0,35.2901883,136.2528917,82.40, 0.11
3114838,0.10,-0.15,9.57,1.00,-0.01,-0.01,-0.00,-1.40,1.46,-0.44,10.60,0.00,0,2,1001.30,42.27,109.63,1001.30,41.03,109.23,0.41,1000.63,37.98,114.23,1.62,1.69,87.71,304.28,7902,0.99,0.42,9.49,1.00,0.04,-0.02,0.00,2.45,-4.51,0.06,6,8,54,0,35.2901883,136.2528917,82.40, 0.11
3114895,0.15,-0.16,9.64,1.00,-0.01,-0.01,-0.00,-1.40,1.46,-0.44,10.60,0.00,0,2,1001.30,42.27,109.62,1001.30,41.03,109.24,0.41,1000.62,37.98,114.32,1.73,1.75,86.84,304.28,7903,0.46,0.38,9.46,1.00,0.04,-0.02,0.00,2.46,-4.51,0.08,6,8,54,0,35.2901883,136.2528917,82.40, 0.11
3114948,0.14,-0.33,9.53,1.00,-0.01,-0.01,-0.00,-1.40,1.46,-0.44,10.61,0.00,0,2,1001.30,42.27,109.67,1001.30,41.03,109.25,0.41,1000.62,37.98,114.33,0.45,0.89,85.43,304.28,7903,0.27,1.25,9.70,1.00,0.04,-0.02,0.00,2.46,-4.53,0.09,6,8,54,0,35.2901883,136.2528917,82.40, 0.11
3115005,0.17,-0.28,9.54,1.00,-0.01,-0.01,-0.00,-1.40,1.46,-0.44,10.62,0.00,0,2,1001.30,42.27,109.63,1001.30,41.03,109.25,0.41,1000.62,37.98,114.30,1.68,1.72,84.46,304.28,7902,0.76,0.36,9.48,1.00,0.04,-0.02,0.00,2.46,-4.51,0.09,6,8,55,0,35.2901883,136.2528950,82.40, 0.11
3115059,0.13,-0.23,9.61,1.00,-0.01,-0.01,-0.00,-1.40,1.46,-0.44,10.64,0.00,0,2,1001.29,42.26,109.69,1001.30,41.05,109.26,0.41,1000.63,37.99,114.25,1.88,1.82,83.32,304.28,7903,0.46,0.68,9.64,1.00,0.04,-0.02,0.00,2.46,-4.51,0.09,6,8,55,0,35.2901883,136.2528950,82.40, 0.11
3115116,0.10,-0.16,9.57,1.00,-0.01,-0.01,-0.00,-1.40,1.46,-0.44,10.61,0.00,0,2,1001.29,42.27,109.69,1001.30,41.04,109.25,0.41,1000.64,37.99,114.21,1.88,1.82,84.38,304.28,7902,0.54,0.07,9.40,1.00,0.04,-0.02,0.00,2.46,-4.50,0.10,6,8,55,0,35.2901883,136.2528950,82.40, 0.11
3115167,0.17,-0.20,9.53,1.00,-0.01,-0.01,-0.00,-1.40,1.46,-0.44,10.62,0.00,0,2,1001.29,42.27,109.69,1001.29,41.03,109.27,0.41,1000.63,37.99,114.25,1.93,1.85,87.10,304.19,7903,0.71,1.21,9.66,1.00,0.04,-0.02,0.00,2.46,-4.53,0.10,6,8,55,0,35.2901883,136.2528950,82.40, 0.11
3115226,0.10,-0.22,9.63,1.00,-0.01,-0.01,-0.00,-1.40,1.46,-0.44,10.62,0.00,0,2,1001.30,42.27,109.67,1001.29,41.04,109.26,0.41,1000.64,37.98,114.18,1.93,1.85,89.65,304.10,7903,0.58,1.08,9.77,1.00,0.04,-0.02,0.00,2.46,-4.53,0.10,6,8,55,0,35.2901883,136.2528950,82.40, 0.11
3115278,0.17,-0.25,9.60,1.00,-0.01,-0.01,-0.00,-1.40,1.46,-0.44,10.62,0.00,0,2,1001.30,42.27,109.67,1001.30,41.05,109.24,0.41,1000.63,37.98,114.22,2.15,1.95,92.64,304.10,7903,0.43,0.86,9.65,1.00,0.04,-0.02,0.00,2.46,-4.53,0.10,6,8,55,0,35.2901883,136.2528950,82.40, 0.11
3115337,0.15,-0.23,9.66,1.00,-0.01,-0.01,-0.00,-1.40,1.46,-0.44,10.62,0.00,0,2,1001.30,42.26,109.68,1001.30,41.03,109.25,0.41,1000.64,37.98,114.20,2.50,2.10,93.25,304.10,7903,0.48,1.18,9.80,1.00,0.04,-0.02,0.00,2.46,-4.53,0.10,6,8,55,0,35.2901883,136.2528950,82.40, 0.11
3115389,0.09,-0.22,9.54,1.00,-0.01,-0.01,-0.00,-1.39,1.46,-0.44,10.61,0.00,0,2,1001.30,42.26,109.67,1001.30,41.03,109.25,0.41,1000.64,37.98,114.20,2.12,1.93,93.52,304.10,7902,0.80,0.91,9.61,1.00,0.04,-0.02,0.00,2.46,-4.51,0.11,6,8,55,0,35.2901883,136.2528950,82.40, 0.11
3115446,0.12,-0.18,9.55,1.00,-0.01,-0.01,-0.00,-1.38,1.46,-0.44,10.62,0.00,0,2,1001.30,42.27,109.64,1001.30,41.03,109.25,0.41,1000.63,37.98,114.21,1.90,1.83,93.96,304.01,7902,0.51,0.48,9.48,1.00,0.04,-0.02,0.00,2.46,-4.51,0.12,6,8,55,0,35.2901883,136.2528950,82.40, 0.11
3115504,0.05,-0.21,9.48,1.00,-0.01,-0.01,-0.00,-1.38,1.46,-0.44,10.62,0.00,0,2,1001.30,42.27,109.65,1001.29,41.04,109.26,0.41,1000.64,37.98,114.20,1.80,1.78,97.03,304.01,7903,0.46,0.74,9.55,1.00,0.04,-0.02,0.00,2.49,-4.50,0.13,6,8,55,0,35.2901883,136.2528950,82.40, 0.11
3115557,0.14,-0.26,9.49,1.00,-0.01,-0.01,-0.00,-1.38,1.46,-0.44,10.61,0.00,0,2,1001.30,42.27,109.66,1001.30,41.04,109.22,0.41,1000.64,37.99,114.21,1.72,1.74,99.40,304.10,7902,0.71,0.64,9.55,1.00,0.04,-0.02,0.00,2.48,-4.49,0.13,6,8,55,0,35.2901883,136.2528950,82.40, 0.11
3115614,0.20,-0.17,9.61,1.00,-0.01,-0.01,-0.00,-1.39,1.46,-0.44,10.60,0.00,0,2,1001.30,42.27,109.64,1001.30,41.04,109.23,0.41,1000.64,37.99,114.21,1.58,1.67,100.63,304.10,7902,0.72,0.96,9.66,1.00,0.04,-0.02,0.00,2.46,-4.50,0.13,6,8,55,0,35.2901883,136.2528950,82.40, 0.11
3115666,0.14,-0.22,9.63,1.00,-0.01,-0.01,-0.00,-1.39,1.46,-0.44,10.59,0.00,0,2,1001.30,42.27,109.62,1001.30,41.03,109.25,0.41,1000.63,37.97,114.26,1.72,1.74,95.19,304.19,7903,0.25,0.53,9.61,1.00,0.04,-0.02,0.00,2.46,-4.50,0.13,6,8,55,0,35.2901883,136.2528950,82.40, 0.11
3115724,0.11,-0.22,9.53,1.00,-0.01,-0.01,-0.00,-1.39,1.46,-0.44,10.59,0.00,0,2,1001.30,42.26,109.63,1001.30,41.05,109.24,0.41,1000.63,37.98,114.21,1.18,1.45,88.07,304.89,7902,0.64,0.98,9.70,1.00,0.04,-0.02,0.00,2.46,-4.50,0.13,6,8,55,0,35.2901883,136.2528950,82.40, 0.11
3115777,0.07,-0.09,9.46,1.00,-0.01,-0.01,-0.00,-1.39,1.46,-0.44,10.59,0.00,0,2,1001.30,42.26,109.63,1001.30,41.04,109.24,0.41,1000.63,37.98,114.21,1.47,1.61,86.04,304.98,7902,0.78,0.75,9.55,1.00,0.04,-0.02,0.00,2.46,-4.49,0.13,6,8,55,0,35.2901883,136.2528950,82.40, 0.11
3115834,0.15,-0.20,9.57,1.00,-0.01,-0.01,-0.00,-1.39,1.46,-0.44,10.60,0.00,0,2,1001.30,42.24,109.67,1001.30,41.04,109.25,0.41,1000.63,37.98,114.22,1.42,1.58,87.36,304.98,7903,0.45,1.21,9.76,1.00,0.04,-0.02,0.00,2.46,-4.51,0.13,6,8,55,0,35.2901883,136.2528950,82.40, 0.12
3115887,0.17,-0.26,9.67,1.00,-0.01,-0.01,-0.00,-1.39,1.46,-0.44,10.61,0.00,0,2,1001.30,42.26,109.66,1001.30,41.05,109.26,0.41,1000.63,37.98,114.21,1.57,1.66,92.20,304.98,7902,0.45,1.46,9.85,1.00,0.04,-0.02,0.00,2.46,-4.51,0.13,6,8,55,0,35.2901883,136.2528950,82.40, 0.12
3115943,0.13,-0.17,9.56,1.00,-0.01,-0.01,-0.00,-1.39,1.46,-0.44,10.61,0.00,0,2,1001.30,42.26,109.64,1001.30,41.05,109.22,0.41,1000.63,37.98,114.21,2.27,2.00,96.86,304.98,7902,0.71,1.12,9.74,1.00,0.04,-0.02,0.00,2.46,-4.50,0.13,6,8,56,0,35.2901883,136.2528950,82.40, 0.12
3115995,0.11,-0.18,9.65,1.00,-0.01,-0.01,-0.00,-1.39,1.46,-0.44,10.61,0.00,0,2,1001.30,42.26,109.62,1001.29,41.03,109.27,0.41,1000.64,37.97,114.20,1.93,1.85,98.44,304.98,7902,0.79,0.98,9.67,1.00,0.04,-0.02,0.00,2.47,-4.50,0.13,6,8,56,0,35.2901883,136.2528950,82.40, 0.12
3116052,0.11,-0.28,9.46,1.00,-0.01,-0.01,-0.00,-1.39,1.46,-0.44,10.60,0.00,0,2,1001.30,42.27,109.64,1001.29,41.05,109.28,0.41,1000.63,37.98,114.25,1.88,1.82,99.49,304.98,7903,0.47,0.34,9.44,1.00,0.04,-0.02,0.00,2.47,-4.50,0.13,6,8,56,0,35.2901883,136.2528950,82.40, 0.12
3116105,0.16,-0.22,9.55,1.00,-0.01,-0.01,-0.00,-1.39,1.46,-0.44,10.60,0.00,0,2,1001.30,42.27,109.66,1001.29,41.04,109.26,0.41,1000.63,37.99,114.26,1.82,1.79,98.61,304.28,7903,0.63,0.39,9.47,1.00,0.04,-0.02,0.00,2.47,-4.50,0.13,6,8,56,0,35.2901883,136.2528950,82.40, 0.12
3116162,0.12,-0.18,9.47,1.00,-0.01,-0.01,-0.00,-1.39,1.46,-0.44,10.62,0.00,0,2,1001.30,42.27,109.65,1001.29,41.04,109.29,0.41,1000.63,38.00,114.27,1.48,1.62,99.23,303.66,7902,0.67,0.53,9.58,1.00,0.04,-0.02,0.00,2.48,-4.48,0.14,6,8,56,0,35.2901883,136.2528950,82.40, 0.12
3116215,0.06,-0.13,9.63,1.00,-0.01,-0.01,-0.00,-1.39,1.46,-0.44,10.61,0.00,0,2,1001.30,42.26,109.65,1001.30,41.05,109.25,0.41,1000.63,37.98,114.25,1.98,1.87,98.53,303.49,7903,0.77,0.47,9.59,1.00,0.04,-0.02,0.00,2.53,-4.44,0.14,6,8,56,0,35.2901883,136.2528950,82.40, 0.12
3116270,0.07,-0.27,9.52,1.00,-0.01,-0.01,-0.00,-1.39,1.46,-0.44,10.61,0.00,0,2,1001.30,42.25,109.67,1001.29,41.03,109.24,0.41,1000.64,37.98,114.18,1.45,1.60,95.10,303.31,7903,0.64,0.94,9.61,1.00,0.04,-0.02,0.00,2.53,-4.45,0.14,6,8,56,0,35.2901883,136.2528950,82.40, 0.12
3116323,0.11,-0.22,9.62,1.00,-0.01,-0.01,-0.00,-1.39,1.46,-0.44,10.60,0.00,0,2,1001.30,42.25,109.64,1001.30,41.05,109.25,0.41,1000.63,37.98,114.21,2.25,1.99,91.85,303.22,7902,0.71,0.61,9.50,1.00,0.04,-0.02,0.00,2.54,-4.44,0.14,6,8,56,0,35.2901883,136.2528950,82.40, 0.12
3116377,0.16,-0.18,9.61,1.00,-0.01,-0.01,-0.00,-1.39,1.46,-0.44,10.59,0.00,0,2,1001.30,42.25,109.65,1001.30,41.05,109.26,0.41,1000.63,38.00,114.22,2.47,2.09,89.21,303.22,7903,0.69,0.52,9.51,1.00,0.04,-0.02,0.00,2.57,-4.44,0.14,6,8,56,0,35.2901883,136.2528950,82.40, 0.12
3116432,0.12,-0.23,9.60,1.00,-0.01,-0.01,-0.00,-1.39,1.46,-0.44,10.58,0.00,0,2,1001.30,42.26,109.66,1001.30,41.04,109.21,0.41,1000.64,37.99,114.21,1.78,1.77,88.86,303.22,7903,0.48,0.80,9.64,1.00,0.04,-0.02,0.00,2.57,-4.44,0.14,6,8,56,0,35.2901883,136.2528950,82.40, 0.12
3116485,0.07,-0.13,9.52,1.00,-0.01,-0.01,-0.00,-1.39,1.46,-0.44,10.60,0.00,0,2,1001.30,42.26,109.66,1001.30,41.03,109.23,0.41,1000.63,37.98,114.24,2.18,1.96,90.35,303.22,7902,0.61,0.53,9.52,1.00,0.04,-0.02,0.00,2.58,-4.43,0.14,6,8,56,0,35.2901883,136.2528950,82.40, 0.12
3116542,0.12,-0.23,9.53,1.00,-0.01,-0.01,-0.00,-1.39,1.46,-0.44,10.59,0.00,0,2,1001.30,42.26,109.66,1001.30,41.05,109.30,0.41,1000.63,37.98,114.21,2.63,2.16,93.16,303.22,7902,0.67,0.74,9.63,1.00,0.04,-0.02,0.00,2.61,-4.43,0.14,6,8,56,0,35.2901883,136.2528950,82.40, 0.12
3116600,0.15,-0.27,9.59,1.00,-0.01,-0.01,-0.00,-1.39,1.46,-0.44,10.61,0.00,0,2,1001.30,42.25,109.67,1001.29,41.05,109.22,0.41,1000.64,37.98,114.20,2.70,2.18,95.10,303.22,7903,0.54,0.84,9.62,1.00,0.04,-0.02,0.00,2.63,-4.43,0.14,6,8,56,0,35.2901883,136.2528950,82.40, 0.12
3116653,0.11,-0.17,9.56,1.00,-0.01,-0.01,-0.00,-1.39,1.46,-0.44,10.61,0.00,0,2,1001.29,42.25,109.68,1001.29,41.05,109.27,0.41,1000.63,37.99,114.21,2.60,2.14,95.19,303.22,7903,0.59,0.64,9.57,1.00,0.04,-0.02,0.00,2.67,-4.41,0.14,6,8,56,0,35.2901883,136.2528950,82.40, 0.12
3116710,0.07,-0.17,9.60,1.00,-0.01,-0.01,-0.00,-1.39,1.46,-0.44,10.61,0.00,0,2,1001.29,42.26,109.68,1001.29,41.05,109.27,0.41,1000.64,37.99,114.21,2.68,2.18,95.10,303.22,7903,0.66,0.76,9.64,1.00,0.04,-0.02,0.00,2.68,-4.41,0.14,6,8,56,0,35.2901883,136.2528950,82.40, 0.12
3116762,0.09,-0.21,9.55,1.00,-0.01,-0.01,-0.00,-1.39,1.46,-0.44,10.61,0.00,0,2,1001.30,42.25,109.65,1001.29,41.04,109.28,0.41,1000.63,37.98,114.23,2.63,2.16,95.19,303.22,7902,0.55,0.91,9.69,1.00,0.04,-0.02,0.00,2.72,-4.39,0.14,6,8,56,0,35.2901883,136.2528950,82.40, 0.11
3116820,0.08,-0.22,9.54,1.00,-0.01,-0.01,-0.00,-1.39,1.46,-0.44,10.61,0.00,0,2,1001.30,42.25,109.65,1001.29,41.05,109.27,0.41,1000.63,37.99,114.22,2.65,2.16,95.27,303.22,7903,0.56,0.87,9.62,1.00,0.04,-0.02,0.00,2.74,-4.40,0.14,6,8,56,0,35.2901883,136.2528950,82.40, 0.11
3116873,0.11,-0.23,9.58,1.00,-0.01,-0.01,-0.00,-1.39,1.46,-0.44,10.62,0.00,0,2,1001.30,42.25,109.66,1001.29,41.05,109.25,0.41,1000.63,37.98,114.25,2.63,2.16,95.19,303.22,7903,0.55,0.52,9.51,1.00,0.04,-0.02,0.00,2.74,-4.39,0.14,6,8,56,0,35.2901883,136.2528950,82.40, 0.11
3116924,0.14,-0.25,9.54,1.00,-0.01,-0.01,-0.00,-1.39,1.46,-0.44,10.62,0.00,0,2,1001.30,42.26,109.65,1001.29,41.04,109.28,0.41,1000.62,37.98,114.30,2.55,2.12,95.10,303.22,7903,0.61,0.92,9.62,1.00,0.04,-0.02,0.00,2.74,-4.39,0.14,6,8,57,0,35.2901900,136.2528933,82.40, 0.11
3116981,0.13,-0.14,9.61,1.00,-0.01,-0.01,-0.00,-1.39,1.46,-0.44,10.61,0.00,0,2,1001.30,42.26,109.63,1001.29,41.05,109.26,0.41,1000.63,37.98,114.29,2.35,2.04,95.19,303.22,7902,0.48,0.90,9.71,1.00,0.04,-0.02,0.00,2.75,-4.38,0.15,6,8,57,0,35.2901900,136.2528933,82.40, 0.11
3117039,0.13,-0.19,9.58,1.00,-0.01,-0.01,-0.00,-1.39,1.46,-0.44,10.61,0.00,0,2,1001.30,42.26,109.62,1001.29,41.05,109.28,0.41,1000.63,37.97,114.29,2.35,2.04,95.10,303.22,7903,0.47,0.97,9.63,1.00,0.04,-0.02,0.00,2.77,-4.37,0.15,6,8,57,0,35.2901900,136.2528933,82.40, 0.11
3117091,0.08,-0.27,9.50,1.00,-0.01,-0.01,-0.00,-1.39,1.46,-0.44,10.60,0.00,0,2,1001.30,42.26,109.62,1001.30,41.03,109.26,0.41,1000.62,37.98,114.30,2.73,2.20,95.10,303.22,7903,0.70,0.92,9.66,1.00,0.04,-0.02,0.00,2.76,-4.36,0.15,6,8,57,0,35.2901900,136.2528933,82.40, 0.11
3117147,0.08,-0.23,9.40,1.00,-0.01,-0.01,-0.00,-1.39,1.46,-0.44,10.60,0.00,0,2,1001.30,42.25,109.62,1001.29,41.04,109.28,0.41,1000.63,37.99,114.29,1.97,1.86,95.19,303.22,7903,0.40,0.52,9.48,1.00,0.04,-0.02,0.00,2.78,-4.37,0.15,6,8,57,0,35.2901900,136.2528933,82.40, 0.11
3117200,0.00,0.05,9.61,1.00,-0.01,-0.01,-0.00,-1.38,1.41,-0.44,10.61,0.00,0,2,1001.30,42.26,109.63,1001.29,41.05,109.28,0.41,1000.62,37.99,114.31,1.85,1.81,95.71,303.22,7903,0.76,0.21,9.58,1.00,0.04,-0.02,0.00,2.78,-4.34,0.15,6,8,57,0,35.2901900,136.2528933,82.40, 0.11
3117258,0.16,-0.45,9.68,1.00,-0.01,-0.01,-0.00,-1.38,1.40,-0.44,10.60,0.00,0,2,1001.30,42.25,109.63,1001.30,41.04,109.22,0.41,1000.63,37.99,114.26,1.67,1.72,96.59,303.22,7901,0.84,0.45,9.47,1.00,0.04,-0.02,0.00,2.77,-4.35,0.15,6,8,57,0,35.2901900,136.2528933,82.40, 0.11
3117311,0.00,-0.22,9.69,1.00,-0.01,-0.01,-0.00,-1.33,1.43,-0.44,10.60,0.00,0,2,1001.30,42.26,109.65,1001.30,41.05,109.24,0.41,1000.62,37.99,114.32,1.95,1.86,97.03,303.22,7902,0.44,1.34,9.87,1.00,0.04,-0.02,0.00,2.76,-4.36,0.16,6,8,57,0,35.2901900,136.2528933,82.40, 0.11
3117367,-0.01,-0.23,9.51,1.00,-0.01,-0.01,-0.00,-1.31,1.41,-0.44,10.59,0.00,0,2,1001.30,42.25,109.63,1001.30,41.07,109.23,0.41,1000.63,37.98,114.27,2.37,2.04,96.77,303.22,7902,0.95,1.44,9.69,1.00,0.04,-0.02,0.00,2.76,-4.36,0.15,6,8,57,0,35.2901900,136.2528933,82.40, 0.11
3117420,0.11,-0.24,9.42,1.00,-0.01,-0.01,-0.00,-1.27,1.42,-0.44,10.59,0.00,0,2,1001.30,42.25,109.62,1001.30,41.05,109.25,0.41,1000.63,37.98,114.25,2.35,2.04,96.42,303.22,7903,0.70,0.92,9.61,1.00,0.04,-0.02,0.00,2.76,-4.36,0.17,6,8,57,0,35.2901900,136.2528933,82.40, 0.11
3117474,0.15,-0.15,9.61,1.00,-0.01,-0.01,-0.00,-1.26,1.42,-0.44,10.60,0.00,0,2,1001.30,42.24,109.63,1001.29,41.05,109.28,0.41,1000.63,37.98,114.24,2.23,1.99,95.98,303.22,7902,0.87,0.63,9.55,1.00,0.04,-0.02,0.00,2.75,-4.36,0.18,6,8,57,0,35.2901900,136.2528933,82.40, 0.11
3117528,0.15,-0.07,9.61,1.00,-0.01,-0.01,-0.00,-1.25,1.39,-0.44,10.60,0.00,0,2,1001.30,42.26,109.63,1001.30,41.05,109.26,0.41,1000.63,37.98,114.23,2.43,2.07,95.71,303.22,7903,0.44,0.65,9.63,1.00,0.04,-0.02,0.00,2.75,-4.36,0.19,6,8,57,0,35.2901900,136.2528933,82.40, 0.11
3117585,0.03,-0.21,9.47,1.00,-0.01,-0.01,-0.00,-1.23,1.34,-0.44,10.59,0.00,0,2,1001.30,42.25,109.61,1001.29,41.06,109.25,0.41,1000.63,37.98,114.24,2.12,1.93,95.71,303.22,7903,0.88,0.76,9.60,1.00,0.04,-0.02,0.00,2.75,-4.36,0.20,6,8,57,0,35.2901900,136.2528933,82.40, 0.11
3117638,0.10,-0.48,9.46,1.00,-0.01,-0.01,-0.00,-1.23,1.34,-0.44,10.59,0.00,0,2,1001.30,42.25,109.62,1001.30,41.05,109.22,0.41,1000.63,37.99,114.22,2.07,1.91,95.54,303.31,7904,0.74,1.02,9.65,1.00,0.04,-0.02,0.00,2.74,-4.36,0.20,6,8,57,0,35.2901900,136.2528933,82.40, 0.11
3117697,0.05,-0.13,9.73,1.00,-0.01,-0.01,-0.00,-1.20,1.37,-0.43,10.59,0.00,0,2,1001.30,42.26,109.61,1001.29,41.05,109.27,0.41,1000.63,38.00,114.24,1.83,1.80,95.45,303.40,7902,0.73,0.59,9.62,1.00,0.04,-0.02,0.00,2.74,-4.36,0.20,6,8,57,0,35.2901900,136.2528933,82.40, 0.11
3117747,0.11,-0.10,9.57,1.00,-0.01,-0.01,-0.00,-1.19,1.35,-0.43,10.59,0.00,0,2,1001.30,42.25,109.63,1001.29,41.06,109.29,0.41,1000.63,37.98,114.26,1.98,1.87,95.36,303.40,7902,0.48,0.65,9.57,1.00,0.04,-0.02,0.00,2.75,-4.35,0.21,6,8,57,0,35.2901900,136.2528933,82.40, 0.11
3117805,0.13,-0.27,9.59,1.00,-0.01,-0.01,-0.00,-1.17,1.34,-0.43,10.60,0.00,0,2,1001.30,42.25,109.65,1001.29,41.05,109.25,0.41,1000.63,37.99,114.26,1.47,1.61,95.19,303.22,7903,0.74,0.94,9.75,1.00,0.04,-0.02,0.00,2.79,-4.35,0.23,6,8,57,0,35.2901900,136.2528933,82.40, 0.11
3117859,0.13,-0.21,9.57,1.00,-0.01,-0.01,-0.00,-1.17,1.34,-0.43,10.61,0.00,0,2,1001.30,42.25,109.63,1001.29,41.06,109.22,0.41,1000.63,37.98,114.23,1.95,1.86,93.60,303.22,7902,0.77,1.02,9.61,1.00,0.04,-0.02,0.00,2.80,-4.35,0.24,6,8,57,0,35.2901900,136.2528933,82.40, 0.11
3117916,0.13,-0.22,9.55,1.00,-0.01,-0.01,-0.00,-1.17,1.34,-0.43,10.59,0.00,0,2,1001.30,42.25,109.64,1001.30,41.06,109.25,0.41,1000.63,37.99,114.25,2.12,1.93,91.41,303.13,7902,0.79,0.80,9.60,1.00,0.04,-0.02,0.00,2.80,-4.35,0.24,6,8,57,0,35.2901900,136.2528933,82.40, 0.11
3117968,0.07,-0.29,9.40,1.00,-0.01,-0.01,-0.00,-1.16,1.33,-0.43,10.59,0.00,0,2,1001.30,42.25,109.62,1001.29,41.05,109.27,0.41,1000.63,37.99,114.25,1.72,1.74,87.89,303.05,7902,0.53,0.61,9.43,1.00,0.04,-0.02,0.00,2.81,-4.35,0.24,6,8,58,0,35.2901900,136.2528917,82.40, 0.11
3118023,0.03,-0.22,9.60,1.00,-0.01,-0.01,-0.00,-1.14,1.34,-0.43,10.60,0.00,0,2,1001.30,42.26,109.61,1001.29,41.06,109.26,0.41,1000.63,37.97,114.26,0.97,1.31,87.98,302.78,7903,0.80,0.48,9.55,1.00,0.04,-0.02,0.00,2.87,-4.36,0.23,6,8,58,0,35.2901900,136.2528917,82.40, 0.11
3118077,0.04,-0.14,9.52,1.00,-0.01,-0.01,-0.00,-1.11,1.33,-0.43,10.60,0.00,0,2,1001.29,42.24,109.68,1001.30,41.07,109.24,0.41,1000.63,37.98,114.23,1.30,1.51,88.07,302.78,7902,0.70,0.89,9.66,1.00,0.04,-0.02,0.00,2.87,-4.36,0.23,6,8,58,0,35.2901900,136.2528917,82.40, 0.11
3118135,0.08,-0.24,9.64,1.00,-0.01,-0.01,-0.00,-1.10,1.32,-0.44,10.60,0.00,0,2,1001.30,42.25,109.63,1001.30,41.07,109.24,0.41,1000.63,37.98,114.26,2.23,1.99,87.80,302.78,7902,0.49,0.58,9.58,1.00,0.04,-0.02,0.00,2.87,-4.36,0.23,6,8,58,0,35.2901900,136.2528917,82.40, 0.11
3118187,0.10,-0.21,9.58,1.00,-0.01,-0.01,-0.00,-1.08,1.33,-0.44,10.59,0.00,0,2,1001.30,42.25,109.67,1001.30,41.07,109.26,0.41,1000.63,37.99,114.26,1.83,1.80,85.34,302.70,7902,0.54,0.74,9.56,1.00,0.04,-0.02,0.00,2.87,-4.36,0.23,6,8,58,0,35.2901900,136.2528917,82.40, 0.11
3118239,0.04,-0.24,9.53,1.00,-0.01,-0.01,-0.00,-1.07,1.33,-0.44,10.60,0.00,0,2,1001.30,42.26,109.66,1001.29,41.08,109.28,0.41,1000.63,37.98,114.25,0.73,1.14,84.55,302.52,7903,0.80,0.75,9.64,1.00,0.04,-0.03,0.00,2.91,-4.35,0.23,6,8,58,0,35.2901900,136.2528917,82.40, 0.11
3118298,0.06,-0.17,9.59,1.00,-0.01,-0.01,-0.00,-1.05,1.33,-0.44,10.60,0.00,0,2,1001.30,42.26,109.65,1001.30,41.06,109.26,0.41,1000.63,37.98,114.25,1.22,1.47,82.62,302.61,7902,0.90,0.34,9.43,1.00,0.04,-0.03,0.00,2.92,-4.35,0.23,6,8,58,0,35.2901900,136.2528917,82.40, 0.11
3118354,0.04,-0.21,9.52,1.00,-0.01,-0.01,-0.00,-1.04,1.33,-0.44,10.60,0.00,0,2,1001.29,42.24,109.70,1001.30,41.08,109.28,0.41,1000.63,37.97,114.22,1.28,1.50,81.74,302.61,7902,0.78,0.36,9.44,1.00,0.04,-0.03,0.00,2.92,-4.34,0.24,6,8,58,0,35.2901900,136.2528917,82.40, 0.11
3118406,0.08,-0.24,9.60,1.00,-0.01,-0.01,-0.00,-1.03,1.33,-0.44,10.59,0.00,0,2,1001.29,42.23,109.70,1001.30,41.05,109.25,0.41,1000.63,37.98,114.25,1.25,1.49,82.18,302.61,7902,0.81,1.12,9.66,1.00,0.04,-0.03,0.00,2.92,-4.34,0.24,6,8,58,0,35.2901900,136.2528917,82.40, 0.11
3118460,0.06,-0.23,9.65,1.00,-0.01,-0.01,-0.00,-1.02,1.33,-0.44,10.60,0.00,0,2,1001.29,42.23,109.70,1001.30,41.05,109.25,0.41,1000.63,37.98,114.25,1.75,1.76,85.61,302.61,7903,0.69,1.11,9.71,1.00,0.04,-0.03,0.00,2.92,-4.34,0.24,6,8,58,0,35.2901900,136.2528917,82.40, 0.11
3118516,0.07,-0.23,9.55,1.00,-0.01,-0.01,-0.00,-1.01,1.33,-0.44,10.59,0.00,0,2,1001.29,42.24,109.67,1001.30,41.08,109.20,0.41,1000.63,37.99,114.23,2.00,1.88,88.86,302.61,7903,0.76,0.81,9.59,1.00,0.04,-0.03,0.00,2.92,-4.35,0.25,6,8,58,0,35.2901900,136.2528917,82.40, 0.11
3118570,0.09,-0.17,9.52,1.00,-0.01,-0.01,-0.00,-1.00,1.33,-0.44,10.59,0.00,0,2,1001.29,42.24,109.70,1001.30,41.07,109.24,0.41,1000.64,37.98,114.20,1.98,1.87,90.88,302.61,7903,0.81,0.24,9.44,1.00,0.04,-0.03,0.00,2.92,-4.33,0.25,6,8,58,0,35.2901900,136.2528917,82.40, 0.11
3118624,0.11,-0.17,9.59,1.00,-0.01,-0.01,-0.00,-0.99,1.33,-0.44,10.58,0.00,0,2,1001.29,42.24,109.69,1001.29,41.05,109.27,0.41,1000.64,37.97,114.21,1.75,1.76,94.04,302.61,7902,0.78,0.55,9.58,1.00,0.04,-0.03,0.00,2.92,-4.34,0.25,6,8,58,0,35.2901900,136.2528917,82.40, 0.11
3118680,0.07,-0.16,9.62,1.00,-0.01,-0.01,-0.00,-0.99,1.33,-0.44,10.60,0.00,0,2,1001.29,42.24,109.69,1001.29,41.07,109.28,0.41,1000.64,37.99,114.16,2.33,2.03,98.17,302.61,7902,0.61,0.64,9.57,1.00,0.04,-0.03,0.00,2.92,-4.34,0.27,6,8,58,0,35.2901900,136.2528917,82.40, 0.11
3118735,0.05,-0.22,9.59,1.00,-0.01,-0.01,-0.00,-0.99,1.33,-0.44,10.60,0.00,0,2,1001.29,42.23,109.70,1001.30,41.06,109.25,0.41,1000.63,37.98,114.25,2.63,2.16,102.39,302.61,7902,0.57,1.11,9.66,1.00,0.04,-0.03,0.00,2.92,-4.35,0.27,6,8,58,0,35.2901900,136.2528917,82.40, 0.11
3118793,0.00,-0.23,9.51,1.00,-0.01,-0.01,-0.00,-0.99,1.33,-0.44,10.61,0.00,0,2,1001.30,42.25,109.62,1001.30,41.08,109.26,0.41,1000.64,37.99,114.21,2.95,2.28,104.77,302.61,7903,0.89,0.63,9.53,1.00,0.04,-0.03,0.00,2.92,-4.35,0.27,6,8,58,0,35.2901900,136.2528917,82.40, 0.11
3118846,0.01,-0.22,9.50,1.00,-0.01,-0.01,-0.00,-0.99,1.33,-0.44,10.61,0.00,0,2,1001.30,42.25,109.67,1001.29,41.06,109.30,0.41,1000.63,37.98,114.27,3.20,2.38,107.31,302.61,7902,0.94,0.23,9.44,1.00,0.04,-0.03,0.00,2.92,-4.35,0.28,6,8,58,0,35.2901900,136.2528917,82.40, 0.14
3118901,0.04,-0.27,9.53,1.00,-0.01,-0.01,-0.00,-0.99,1.33,-0.44,10.62,0.00,0,2,1001.29,42.24,109.69,1001.30,41.07,109.26,0.41,1000.63,37.99,114.23,2.93,2.28,109.34,302.61,7903,0.50,0.42,9.54,1.00,0.04,-0.03,0.00,2.92,-4.35,0.29,6,8,58,0,35.2901900,136.2528917,82.40, 0.14
3118954,0.11,-0.18,9.63,1.00,-0.01,-0.01,-0.00,-0.99,1.33,-0.44,10.63,0.00,0,2,1001.29,42.23,109.70,1001.29,41.05,109.29,0.41,1000.63,37.99,114.25,2.63,2.16,109.60,302.61,7903,0.56,0.54,9.56,1.00,0.04,-0.03,0.00,2.94,-4.35,0.30,6,8,58,0,35.2901900,136.2528917,82.40, 0.14
3119011,0.08,-0.21,9.48,1.00,-0.01,-0.01,-0.00,-0.99,1.33,-0.44,10.62,0.00,0,2,1001.29,42.23,109.68,1001.30,41.06,109.25,0.41,1000.63,37.98,114.21,2.02,1.89,109.34,302.61,7902,0.35,0.47,9.62,1.00,0.04,-0.03,0.00,2.95,-4.35,0.31,6,8,58,0,35.2901900,136.2528917,82.40, 0.14
3119065,0.04,-0.14,9.55,1.00,-0.01,-0.01,-0.00,-0.99,1.33,-0.44,10.61,0.00,0,2,1001.30,42.25,109.65,1001.30,41.08,109.30,0.41,1000.63,37.99,114.25,2.57,2.13,107.40,302.52,7903,0.56,0.78,9.60,1.00,0.04,-0.03,0.00,2.97,-4.35,0.31,6,8,58,0,35.2901900,136.2528917,82.40, 0.14
3119117,0.09,-0.16,9.60,1.00,-0.01,-0.01,-0.00,-0.99,1.33,-0.44,10.61,0.00,0,2,1001.30,42.25,109.67,1001.30,41.07,109.28,0.41,1000.62,37.98,114.38,2.38,2.05,106.26,302.52,7903,0.44,0.66,9.65,1.00,0.04,-0.03,0.00,3.01,-4.34,0.32,6,8,58,0,35.2901900,136.2528917,82.40, 0.14
3119173,0.09,-0.32,9.62,1.00,-0.01,-0.01,-0.00,-0.99,1.33,-0.44,10.61,0.00,0,2,1001.30,42.25,109.65,1001.29,41.06,109.26,0.41,1000.62,37.99,114.33,2.32,2.02,106.17,302.43,7902,0.42,1.19,9.72,1.00,0.04,-0.03,0.00,3.03,-4.32,0.33,6,8,58,0,35.2901900,136.2528917,82.40, 0.14
3119230,0.07,-0.25,9.58,1.00,-0.01,-0.01,-0.00,-0.99,1.33,-0.44,10.61,0.00,0,2,1001.30,42.26,109.65,1001.29,41.06,109.27,0.41,1000.62,38.00,114.34,2.07,1.91,105.21,302.43,7902,0.65,1.14,9.67,1.00,0.04,-0.03,0.00,3.03,-4.31,0.33,6,8,58,0,35.2901900,136.2528917,82.40, 0.14
3119283,-0.01,-0.09,9.71,1.00,-0.01,-0.01,-0.00,-0.98,1.33,-0.44,10.62,0.00,0,2,1001.29,42.25,109.68,1001.29,41.06,109.32,0.41,1000.62,37.97,114.38,2.12,1.93,101.60,302.34,7903,0.60,0.17,9.58,1.00,0.04,-0.03,0.00,3.03,-4.30,0.35,6,8,58,0,35.2901900,136.2528917,82.40, 0.14
3119341,0.02,-0.19,9.65,1.00,-0.01,-0.01,-0.00,-0.94,1.31,-0.44,10.62,0.00,0,2,1001.30,42.25,109.63,1001.29,41.06,109.28,0.42,1000.62,37.99,114.35,2.00,1.88,95.54,302.34,7903,0.51,0.62,9.57,1.00,0.04,-0.03,0.00,3.03,-4.30,0.36,6,8,58,0,35.2901900,136.2528917,82.40, 0.14
3119394,0.02,-0.14,9.52,1.00,-0.01,-0.01,-0.00,-0.92,1.31,-0.44,10.63,0.00,0,2,1001.30,42.26,109.64,1001.29,41.07,109.30,0.42,1000.62,37.99,114.37,1.72,1.74,93.96,302.61,7902,0.58,0.68,9.62,1.00,0.04,-0.03,0.00,3.07,-4.30,0.38,6,8,58,0,35.2901900,136.2528917,82.40, 0.14
3119451,0.07,-0.21,9.67,1.00,-0.01,-0.01,-0.00,-0.91,1.31,-0.44,10.62,0.00,0,2,1001.30,42.24,109.66,1001.29,41.07,109.29,0.42,1000.62,37.99,114.37,1.72,1.74,91.05,302.96,7902,0.65,0.87,9.71,1.00,0.04,-0.03,0.00,3.08,-4.30,0.39,6,8,58,0,35.2901900,136.2528917,82.40, 0.14
3119503,0.21,-0.23,9.57,1.00,-0.01,-0.01,-0.00,-0.91,1.31,-0.44,10.62,0.00,0,2,1001.30,42.25,109.65,1001.29,41.06,109.30,0.42,1000.62,38.00,114.33,1.87,1.82,87.54,303.57,7903,0.65,0.79,9.54,1.00,0.04,-0.03,0.00,3.09,-4.31,0.39,6,8,58,0,35.2901900,136.2528917,82.40, 0.14
3119561,0.12,-0.13,9.61,1.00,-0.01,-0.01,-0.00,-0.90,1.31,-0.44,10.62,0.00,0,2,1001.30,42.25,109.67,1001.29,41.07,109.28,0.42,1000.62,37.99,114.31,1.23,1.48,88.24,303.49,7902,0.55,0.62,9.65,1.00,0.04,-0.03,0.00,3.09,-4.31,0.40,6,8,58,0,35.2901900,136.2528917,82.40, 0.14
3119614,0.05,-0.14,9.66,1.00,-0.01,-0.01,-0.00,-0.88,1.28,-0.44,10.61,0.00,0,2,1001.30,42.26,109.64,1001.29,41.05,109.27,0.42,1000.62,37.99,114.31,0.88,1.25,88.59,303.49,7903,0.86,0.26,9.65,1.00,0.04,-0.03,0.00,3.09,-4.30,0.42,6,8,58,0,35.2901900,136.2528917,82.40, 0.14
3119671,-0.11,-0.14,9.63,1.00,-0.01,-0.01,-0.00,-0.83,1.26,-0.44,10.61,0.00,0,2,1001.30,42.26,109.63,1001.29,41.07,109.27,0.42,1000.63,37.99,114.30,1.17,1.43,88.42,303.57,7903,0.91,0.26,9.44,1.00,0.04,-0.03,0.00,3.09,-4.32,0.43,6,8,58,0,35.2901900,136.2528917,82.40, 0.14
3119723,-0.03,-0.29,9.58,1.00,-0.01,-0.01,-0.00,-0.78,1.28,-0.44,10.61,0.00,0,2,1001.30,42.25,109.60,1001.29,41.07,109.33,0.42,1000.63,37.99,114.26,2.10,1.93,88.59,303.57,7902,0.63,1.38,9.78,1.00,0.04,-0.03,0.00,3.09,-4.32,0.44,6,8,58,0,35.2901900,136.2528917,82.40, 0.14
3119781,-0.10,-0.33,10.33,1.00,-0.01,-0.01,-0.00,-0.81,1.28,-0.44,10.59,0.00,0,2,1001.30,42.26,109.61,1001.29,41.08,109.28,0.42,1000.63,37.99,114.24,1.50,1.63,89.03,303.57,7903,0.67,0.71,10.32,1.00,0.04,-0.03,0.01,3.03,-4.24,0.48,6,8,59,0,35.2901917,136.2528933,82.40, 0.13
3119840,0.10,-0.25,9.94,1.00,-0.01,-0.01,-0.00,-0.88,1.24,-0.44,10.58,0.00,0,2,1001.30,42.24,109.65,1001.30,41.08,109.27,0.42,1000.63,37.98,114.25,0.83,1.21,89.38,303.57,7902,0.73,-0.93,9.71,1.00,0.04,-0.03,0.01,2.94,-4.12,0.52,6,8,59,0,35.2901917,136.2528933,82.40, 0.13
3119892,0.08,-0.10,9.92,1.00,-0.01,-0.01,-0.00,-0.97,1.18,-0.43,10.59,0.00,0,2,1001.29,42.26,109.68,1001.29,41.08,109.34,0.43,1000.63,37.99,114.23,2.73,2.20,90.26,303.66,7903,0.72,0.49,10.13,1.00,0.04,-0.02,0.01,2.86,-4.07,0.54,6,8,59,0,35.2901917,136.2528933,82.40, 0.13
3119950,0.13,0.02,9.67,1.00,-0.01,-0.01,-0.00,-1.01,1.13,-0.43,10.61,0.00,0,2,1001.29,42.25,109.68,1001.29,41.08,109.31,0.43,1000.63,37.99,114.26,1.37,1.55,90.53,303.66,7902,0.18,0.31,9.75,1.00,0.04,-0.02,0.01,2.83,-4.04,0.57,6,9,0,0,35.2901917,136.2528933,82.40, 0.13
3120002,0.26,-0.07,9.67,1.00,-0.01,-0.01,-0.00,-1.06,1.09,-0.43,10.62,0.00,0,2,1001.30,42.24,109.67,1001.29,41.07,109.30,0.44,1000.63,38.00,114.25,1.87,1.82,92.81,303.66,7902,0.00,-0.52,9.47,1.00,0.04,-0.02,0.01,2.78,-4.02,0.57,6,9,0,0,35.2901917,136.2528933,82.40, 0.13
3120058,0.25,-0.31,9.72,1.00,-0.01,-0.01,-0.00,-1.10,1.08,-0.43,10.62,0.00,0,2,1001.29,42.25,109.70,1001.29,41.08,109.35,0.45,1000.62,37.99,114.31,2.15,1.95,96.68,303.57,7902,0.22,0.37,9.46,1.00,0.03,-0.02,0.01,2.74,-3.97,0.58,6,9,0,0,35.2901917,136.2528933,82.40, 0.13
3120111,0.26,-0.07,9.76,1.00,-0.01,-0.01,-0.00,-1.14,1.05,-0.43,10.63,0.00,0,2,1001.29,42.25,109.73,1001.29,41.09,109.31,0.46,1000.63,37.99,114.30,2.17,1.96,99.23,303.66,7902,0.15,1.88,9.93,1.00,0.03,-0.02,0.01,2.71,-3.93,0.60,6,9,0,0,35.2901917,136.2528933,82.40, 0.13
3120163,0.16,0.00,9.55,1.00,-0.01,-0.01,-0.00,-1.17,1.01,-0.43,10.63,0.00,0,2,1001.29,42.25,109.73,1001.29,41.08,109.32,0.47,1000.63,37.99,114.30,2.08,1.92,102.13,304.01,7903,0.15,0.35,9.61,1.00,0.03,-0.02,0.01,2.68,-3.92,0.61,6,9,0,0,35.2901917,136.2528933,82.40, 0.13
3120219,0.07,-0.02,9.70,1.00,-0.01,-0.01,-0.00,-1.19,0.94,-0.43,10.64,0.00,0,2,1001.29,42.25,109.75,1001.29,41.10,109.31,0.47,1000.62,37.99,114.33,1.88,1.82,100.55,304.28,7903,1.05,0.71,9.87,1.00,0.03,-0.02,0.01,2.65,-3.88,0.62,6,9,0,0,35.2901917,136.2528933,82.40, 0.13
3120278,0.10,-0.05,9.74,1.00,-0.01,-0.01,-0.00,-1.21,0.92,-0.43,10.65,0.00,0,2,1001.29,42.25,109.70,1001.29,41.08,109.30,0.48,1000.62,37.99,114.36,2.17,1.96,99.58,304.37,7902,1.05,2.41,10.16,1.00,0.03,-0.02,0.01,2.61,-3.86,0.62,6,9,0,0,35.2901917,136.2528933,82.40, 0.13
3120330,0.07,-0.05,9.67,1.00,-0.01,-0.01,-0.00,-1.21,0.90,-0.43,10.66,0.00,0,2,1001.29,42.25,109.75,1001.28,41.07,109.36,0.50,1000.61,37.99,114.40,2.42,2.07,100.46,304.45,7903,0.00,-1.38,9.20,1.00,0.03,-0.02,0.01,2.58,-3.81,0.66,6,9,0,0,35.2901917,136.2528933,82.40, 0.13
3120388,0.01,-0.12,9.43,1.00,-0.01,-0.01,-0.00,-1.18,0.89,-0.43,10.65,0.00,0,2,1001.29,42.26,109.76,1001.28,41.07,109.37,0.50,1000.62,38.00,114.36,2.60,2.14,101.34,304.45,7902,0.94,-0.13,9.31,1.00,0.03,-0.02,0.01,2.58,-3.79,0.67,6,9,0,0,35.2901917,136.2528933,82.40, 0.13
3120440,0.06,-0.35,9.51,1.00,-0.01,-0.01,-0.00,-1.16,0.89,-0.43,10.67,0.00,0,2,1001.28,42.23,109.76,1001.28,41.07,109.38,0.50,1000.62,38.00,114.34,3.15,2.36,101.25,304.37,7902,0.94,0.13,9.38,1.00,0.03,-0.02,0.01,2.56,-3.78,0.68,6,9,0,0,35.2901917,136.2528933,82.40, 0.13
3120498,0.08,-0.26,9.42,1.00,-0.01,-0.01,-0.00,-1.15,0.88,-0.43,10.67,0.00,0,2,1001.28,42.24,109.78,1001.29,41.08,109.34,0.51,1000.62,38.00,114.36,3.60,2.52,101.16,304.45,7904,1.11,0.31,9.26,1.00,0.03,-0.02,0.01,2.52,-3.76,0.69,6,9,0,0,35.2901917,136.2528933,82.40, 0.13
3120549,0.06,-0.10,9.23,1.00,-0.01,-0.01,-0.00,-1.14,0.88,-0.43,10.67,0.00,0,2,1001.29,42.26,109.73,1001.29,41.09,109.35,0.52,1000.61,37.99,114.40,3.88,2.62,101.43,304.45,7902,0.11,1.40,9.60,1.00,0.03,-0.02,0.01,2.50,-3.74,0.73,6,9,0,0,35.2901917,136.2528933,82.40, 0.13
3120607,0.01,-0.09,9.13,1.00,-0.01,-0.01,-0.00,-1.12,0.86,-0.43,10.67,0.00,0,2,1001.28,42.25,109.78,1001.28,41.07,109.36,0.53,1000.61,37.99,114.43,2.82,2.23,100.37,304.45,7902,0.76,1.66,9.52,1.00,0.03,-0.02,0.01,2.50,-3.71,0.74,6,9,0,0,35.2901917,136.2528933,82.40, 0.13
3120660,0.01,-0.07,9.11,1.00,-0.01,-0.01,-0.00,-1.08,0.80,-0.43,10.67,0.00,0,2,1001.28,42.25,109.80,1001.28,41.08,109.37,0.54,1000.61,38.00,114.48,1.90,1.83,95.01,304.54,7903,1.09,1.65,9.46,1.00,0.03,-0.02,0.01,2.50,-3.68,0.75,6,9,0,0,35.2901917,136.2528933,82.40, 0.13
3120714,-0.03,-0.10,9.36,1.00,-0.01,-0.01,-0.00,-1.05,0.79,-0.43,10.67,0.00,0,2,1001.29,42.25,109.75,1001.28,41.07,109.41,0.54,1000.61,38.01,114.42,1.62,1.69,91.93,304.54,7902,0.97,1.70,9.48,1.00,0.03,-0.02,0.01,2.50,-3.66,0.77,6,9,0,0,35.2901917,136.2528933,82.40, 0.13
3120768,-0.01,-0.10,9.04,1.00,-0.01,-0.01,-0.00,-1.02,0.78,-0.43,10.67,0.00,0,2,1001.28,42.25,109.78,1001.28,41.09,109.37,0.54,1000.62,38.00,114.38,1.85,1.81,86.04,304.54,7903,0.32,-0.07,8.89,1.00,0.03,-0.02,0.01,2.50,-3.63,0.80,6,9,0,0,35.2901917,136.2528933,82.40, 0.18
3120826,0.11,-0.22,8.86,1.00,-0.01,-0.01,-0.00,-1.02,0.81,-0.43,10.67,0.00,0,2,1001.28,42.23,109.76,1001.28,41.09,109.40,0.55,1000.62,38.01,114.36,1.82,1.79,80.16,304.54,7902,1.01,1.00,9.15,1.00,0.03,-0.02,0.01,2.48,-3.69,0.80,6,9,0,0,35.2901917,136.2528933,82.40, 0.18
3120878,0.06,0.00,9.35,1.00,-0.01,-0.01,-0.00,-1.02,0.81,-0.43,10.65,0.00,0,2,1001.29,42.24,109.76,1001.28,41.08,109.40,0.55,1000.62,38.01,114.32,2.45,2.08,80.16,304.54,7901,0.87,0.59,9.36,1.00,0.03,-0.02,0.01,2.48,-3.66,0.82,6,9,0,0,35.2901917,136.2528933,82.40, 0.18
3120934,0.12,-0.15,9.84,1.00,-0.01,-0.01,-0.00,-1.02,0.81,-0.43,10.66,0.00,0,2,1001.28,42.23,109.76,1001.28,41.08,109.39,0.55,1000.62,38.01,114.37,2.68,2.18,81.12,304.54,7903,1.15,0.89,9.87,1.00,0.03,-0.02,0.01,2.48,-3.67,0.84,6,9,1,0,35.2901917,136.2528933,82.40, 0.18
3120987,0.01,0.00,9.76,1.00,-0.01,-0.01,-0.00,-1.02,0.79,-0.43,10.66,0.00,0,2,1001.28,42.23,109.78,1001.28,41.07,109.43,0.55,1000.62,38.00,114.36,2.50,2.10,83.85,304.54,7902,0.97,0.05,9.73,1.00,0.03,-0.02,0.01,2.48,-3.63,0.85,6,9,1,0,35.2901917,136.2528933,82.40, 0.18
3121039,0.16,-0.19,9.37,1.00,-0.01,-0.01,-0.00,-1.02,0.81,-0.43,10.66,0.00,0,2,1001.28,42.23,109.80,1001.28,41.07,109.41,0.55,1000.62,37.99,114.31,2.47,2.09,90.79,304.54,7903,0.86,0.43,9.56,1.00,0.03,-0.02,0.01,2.46,-3.67,0.86,6,9,1,0,35.2901917,136.2528933,82.40, 0.18
3121096,0.15,-0.18,9.35,1.00,-0.01,-0.01,-0.00,-1.02,0.86,-0.43,10.67,0.00,0,2,1001.28,42.25,109.80,1001.28,41.09,109.45,0.55,1000.62,38.00,114.32,2.88,2.26,97.91,304.54,7902,1.12,2.04,9.79,1.00,0.03,-0.02,0.01,2.46,-3.74,0.88,6,9,1,0,35.2901917,136.2528933,82.40, 0.18
3121148,0.10,0.00,9.31,1.00,-0.01,-0.01,-0.00,-1.01,0.87,-0.43,10.67,0.00,0,2,1001.28,42.23,109.85,1001.28,41.07,109.41,0.55,1000.62,38.01,114.37,2.95,2.28,101.34,304.54,7903,0.87,-1.06,8.91,1.00,0.03,-0.02,0.01,2.46,-3.72,0.88,6,9,1,0,35.2901917,136.2528933,82.40, 0.18
3121205,0.13,-0.10,9.53,1.00,-0.01,-0.01,-0.00,-1.01,0.92,-0.43,10.65,0.00,0,2,1001.28,42.24,109.84,1001.28,41.10,109.38,0.55,1000.61,38.00,114.41,2.53,2.11,104.50,304.45,7902,1.10,-1.19,8.98,1.00,0.03,-0.02,0.01,2.44,-3.79,0.89,6,9,1,0,35.2901917,136.2528933,82.40, 0.18
3121257,0.01,-0.07,9.33,1.00,-0.01,-0.01,-0.00,-1.00,0.97,-0.43,10.64,0.00,0,2,1001.27,42.24,109.86,1001.28,41.09,109.42,0.55,1000.61,37.99,114.42,2.52,2.11,105.64,304.28,7902,0.96,-1.42,8.72,1.00,0.03,-0.02,0.01,2.42,-3.84,0.89,6,9,1,0,35.2901917,136.2528933,82.40, 0.18
3121315,0.08,-0.10,9.62,1.00,-0.01,-0.01,-0.00,-1.01,0.98,-0.43,10.67,0.00,0,2,1001.27,42.24,109.87,1001.28,41.09,109.38,0.55,1000.61,37.99,114.47,2.42,2.07,105.64,304.01,7902,0.94,0.55,9.97,1.00,0.03,-0.02,0.01,2.39,-3.89,0.90,6,9,1,0,35.2901917,136.2528933,82.40, 0.18
3121367,0.04,-0.11,9.46,1.00,-0.01,-0.01,-0.00,-1.03,1.01,-0.43,10.70,0.00,0,2,1001.27,42.24,109.89,1001.28,41.08,109.42,0.55,1000.60,38.00,114.52,2.33,2.03,105.47,302.52,7902,1.13,1.79,9.90,1.00,0.03,-0.02,0.01,2.38,-3.91,0.89,6,9,1,0,35.2901917,136.2528933,82.40, 0.18
3121419,-0.04,-0.24,9.57,1.00,-0.01,-0.01,-0.00,-1.00,1.02,-0.43,10.69,0.00,0,2,1001.28,42.23,109.85,1001.28,41.08,109.44,0.55,1000.60,37.99,114.58,2.42,2.07,106.52,302.08,7903,1.01,1.21,9.63,1.00,0.03,-0.02,0.01,2.38,-3.93,0.89,6,9,1,0,35.2901917,136.2528933,82.40, 0.18
3121475,-0.04,-0.34,9.41,1.00,-0.01,-0.01,-0.00,-0.96,1.09,-0.43,10.69,0.00,0,2,1001.28,42.24,109.85,1001.28,41.09,109.40,0.55,1000.61,38.00,114.45,2.55,2.12,107.23,301.03,7903,-0.03,2.25,10.03,1.00,0.04,-0.02,0.01,2.36,-4.01,0.93,6,9,1,0,35.2901917,136.2528933,82.40, 0.18
3121532,0.08,-0.27,9.59,1.00,-0.01,-0.01,-0.00,-0.95,1.16,-0.43,10.66,0.00,0,2,1001.28,42.23,109.83,1001.28,41.09,109.44,0.55,1000.62,38.01,114.37,2.83,2.24,107.84,299.79,7903,0.12,-0.97,9.26,1.00,0.04,-0.02,0.01,2.34,-4.06,0.94,6,9,1,0,35.2901917,136.2528933,82.40, 0.18
3121587,0.17,-0.23,9.46,1.00,-0.01,-0.01,-0.00,-0.94,1.25,-0.43,10.64,0.00,0,2,1001.28,42.23,109.79,1001.28,41.09,109.42,0.54,1000.61,37.99,114.42,2.93,2.28,107.31,299.09,7903,1.01,1.52,9.65,1.00,0.04,-0.02,0.01,2.34,-4.13,0.91,6,9,1,0,35.2901917,136.2528933,82.40, 0.18
3121642,0.17,-0.14,9.79,1.00,-0.01,-0.01,-0.00,-0.94,1.28,-0.43,10.63,0.00,0,2,1001.28,42.23,109.81,1001.28,41.09,109.42,0.54,1000.62,38.00,114.36,3.00,2.30,106.35,298.92,7903,0.98,1.40,9.91,1.00,0.04,-0.02,0.01,2.31,-4.18,0.94,6,9,1,0,35.2901917,136.2528933,82.40, 0.18
3121695,0.20,-0.17,9.57,1.00,-0.01,-0.01,-0.00,-0.94,1.34,-0.43,10.61,0.00,0,2,1001.28,42.23,109.83,1001.28,41.10,109.42,0.54,1000.61,38.00,114.40,3.30,2.41,105.64,298.92,7903,0.09,1.13,9.86,1.00,0.04,-0.02,0.01,2.29,-4.21,0.97,6,9,1,0,35.2901917,136.2528933,82.40, 0.18
3121753,0.14,-0.22,9.50,1.00,-0.01,-0.01,-0.00,-0.94,1.37,-0.43,10.62,0.00,0,2,1001.28,42.23,109.83,1001.28,41.09,109.44,0.54,1000.61,38.00,114.45,3.18,2.37,105.73,299.09,7903,-0.03,1.26,9.80,1.00,0.04,-0.02,0.01,2.28,-4.27,0.98,6,9,1,0,35.2901917,136.2528933,82.40, 0.09
3121806,0.11,-0.25,9.51,1.00,-0.01,-0.01,-0.00,-0.94,1.42,-0.43,10.63,0.00,0,2,1001.28,42.24,109.82,1001.27,41.09,109.48,0.54,1000.61,38.01,114.46,2.75,2.20,104.68,300.67,7903,0.17,0.54,9.53,1.00,0.04,-0.02,0.01,2.27,-4.28,0.97,6,9,1,0,35.2901917,136.2528933,82.40, 0.09
3121859,0.07,-0.27,9.57,1.00,-0.01,-0.01,-0.00,-0.93,1.49,-0.43,10.64,0.00,0,2,1001.28,42.25,109.80,1001.28,41.09,109.44,0.54,1000.60,37.99,114.56,2.48,2.09,98.96,300.50,7903,0.04,0.47,9.52,1.00,0.04,-0.02,0.01,2.23,-4.40,0.99,6,9,2,0,35.2901917,136.2528950,82.40, 0.09
3121913,0.03,-0.32,9.64,1.00,-0.01,-0.01,-0.00,-0.92,1.59,-0.43,10.65,0.00,0,2,1001.28,42.23,109.85,1001.27,41.08,109.46,0.54,1000.61,38.00,114.46,2.45,2.08,93.25,300.50,7903,0.07,0.71,9.63,1.00,0.04,-0.02,0.01,2.21,-4.49,0.99,6,9,2,0,35.2901917,136.2528950,82.40, 0.09
3121968,0.05,-0.23,9.73,1.00,-0.01,-0.01,-0.00,-0.93,1.68,-0.43,10.63,0.00,0,2,1001.28,42.23,109.81,1001.28,41.09,109.44,0.54,1000.60,38.00,114.50,2.45,2.08,90.88,300.59,7903,0.35,-0.12,9.54,1.00,0.04,-0.02,0.01,2.17,-4.62,0.98,6,9,2,0,35.2901917,136.2528950,82.40, 0.09
3122023,0.08,-0.37,9.36,1.00,-0.02,-0.01,-0.00,-0.92,1.79,-0.43,10.63,0.00,0,2,1001.28,42.23,109.79,1001.27,41.08,109.46,0.54,1000.61,37.99,114.42,1.82,1.79,87.80,300.85,7902,0.71,1.91,9.75,1.00,0.04,-0.02,0.01,2.17,-4.68,0.98,6,9,2,0,35.2901917,136.2528950,82.40, 0.09
3122080,0.03,-0.41,9.60,1.00,-0.02,-0.01,-0.00,-0.92,1.86,-0.43,10.63,0.00,0,2,1001.28,42.23,109.79,1001.27,41.08,109.42,0.54,1000.61,38.00,114.47,1.93,1.85,87.98,300.85,7903,0.03,2.20,10.20,1.00,0.04,-0.02,0.01,2.14,-4.80,1.00,6,9,2,0,35.2901917,136.2528950,82.40, 0.09
3122134,0.07,-0.25,9.78,1.00,-0.02,-0.01,-0.00,-0.92,1.91,-0.43,10.62,0.00,0,2,1001.29,42.24,109.76,1001.28,41.08,109.42,0.53,1000.61,38.01,114.43,1.95,1.86,88.95,300.85,7902,0.64,1.32,9.93,1.00,0.04,-0.02,0.01,2.14,-4.82,1.01,6,9,2,0,35.2901917,136.2528950,82.40, 0.09
3122192,0.00,-0.32,9.40,1.00,-0.02,-0.01,-0.00,-0.91,1.96,-0.43,10.59,0.00,0,2,1001.28,42.25,109.82,1001.28,41.09,109.39,0.54,1000.62,38.01,114.37,2.00,1.88,92.11,300.85,7902,0.25,0.18,9.30,1.00,0.04,-0.02,0.01,2.13,-4.84,1.01,6,9,2,0,35.2901917,136.2528950,82.40, 0.09
3122243,0.10,-0.21,9.56,1.00,-0.02,-0.01,-0.00,-0.90,1.98,-0.43,10.57,0.00,0,2,1001.29,42.24,109.76,1001.28,41.09,109.41,0.48,1000.62,38.01,114.35,2.20,1.97,95.10,300.85,7903,0.22,0.99,9.66,1.00,0.04,-0.02,0.01,2.09,-4.89,1.00,6,9,2,0,35.2901917,136.2528950,82.40, 0.09
3122302,0.11,-0.27,9.58,1.00,-0.02,-0.01,-0.00,-0.90,1.98,-0.43,10.57,0.00,0,2,1001.29,42.24,109.76,1001.28,41.09,109.43,0.52,1000.62,38.02,114.33,2.12,1.93,96.86,300.85,7903,0.55,0.57,9.62,1.00,0.04,-0.02,0.01,2.09,-4.92,1.01,6,9,2,0,35.2901917,136.2528950,82.40, 0.09
3122355,0.06,-0.44,9.42,1.00,-0.02,-0.01,-0.00,-0.89,2.00,-0.43,10.56,0.00,0,2,1001.28,42.23,109.78,1001.28,41.08,109.42,0.46,1000.62,38.01,114.38,2.07,1.91,97.56,300.85,7903,0.65,1.45,9.71,1.00,0.04,-0.02,0.01,2.07,-4.97,1.02,6,9,2,0,35.2901917,136.2528950,82.40, 0.09
3122411,0.09,-0.30,9.53,1.00,-0.02,-0.01,-0.00,-0.88,2.05,-0.42,10.58,0.00,0,2,1001.28,42.25,109.82,1001.28,41.10,109.42,0.45,1000.62,38.02,114.40,2.10,1.93,100.20,300.76,7903,0.92,1.29,9.63,1.00,0.04,-0.02,0.01,2.05,-5.03,1.02,6,9,2,0,35.2901917,136.2528950,82.40, 0.09
3122463,0.10,-0.24,9.53,1.00,-0.02,-0.01,-0.00,-0.88,2.09,-0.42,10.59,0.00,0,2,1001.28,42.24,109.81,1001.28,41.09,109.44,0.47,1000.61,37.99,114.40,1.75,1.76,102.57,300.67,7902,0.31,0.49,9.46,1.00,0.04,-0.02,0.01,2.05,-5.04,1.04,6,9,2,0,35.2901917,136.2528950,82.40, 0.09
3122520,0.07,-0.42,9.60,1.00,-0.02,-0.01,-0.00,-0.88,2.14,-0.42,10.60,0.00,0,2,1001.28,42.23,109.83,1001.28,41.09,109.43,0.45,1000.61,38.00,114.41,2.50,2.10,102.13,300.59,7902,0.37,1.06,9.67,1.00,0.04,-0.02,0.01,2.03,-5.10,1.04,6,9,2,0,35.2901917,136.2528950,82.40, 0.09
3122573,0.04,-0.45,9.52,1.00,-0.02,-0.01,-0.00,-0.88,2.17,-0.42,10.60,0.00,0,2,1001.28,42.24,109.82,1001.28,41.10,109.40,0.46,1000.62,37.99,114.38,2.48,2.09,102.13,300.50,7903,0.85,1.57,9.75,1.00,0.05,-0.02,0.01,1.97,-5.15,1.05,6,9,2,0,35.2901917,136.2528950,82.40, 0.09
3122631,0.08,-0.36,9.56,1.00,-0.02,-0.01,-0.00,-0.88,2.17,-0.42,10.59,0.00,0,2,1001.28,42.24,109.79,1001.28,41.10,109.41,0.45,1000.62,38.00,114.40,1.98,1.87,103.01,300.50,7902,0.80,0.92,9.56,1.00,0.05,-0.02,0.01,1.95,-5.16,1.06,6,9,2,0,35.2901917,136.2528950,82.40, 0.09
3122682,0.06,-0.33,9.50,1.00,-0.02,-0.01,-0.00,-0.88,2.17,-0.42,10.59,0.00,0,2,1001.28,42.25,109.82,1001.28,41.07,109.43,0.45,1000.62,38.00,114.39,1.58,1.67,105.64,300.50,7903,0.68,0.35,9.45,1.00,0.05,-0.02,0.01,1.95,-5.17,1.06,6,9,2,0,35.2901917,136.2528950,82.40, 0.18
3122739,0.09,-0.32,9.40,1.00,-0.02,-0.01,-0.00,-0.88,2.17,-0.42,10.59,0.00,0,2,1001.28,42.25,109.79,1001.28,41.09,109.40,0.45,1000.61,37.99,114.43,1.12,1.40,107.58,300.41,7903,-0.22,0.94,10.28,1.00,0.05,-0.02,0.01,1.93,-5.22,1.08,6,9,2,0,35.2901917,136.2528950,82.40, 0.18
3122793,0.02,-0.55,8.53,1.00,-0.02,-0.01,-0.00,-0.90,2.21,-0.42,10.59,0.00,0,2,1001.28,42.24,109.79,1001.28,41.10,109.40,0.45,1000.61,38.00,114.45,1.35,1.54,107.84,300.23,7902,1.36,2.22,9.72,1.00,0.05,-0.02,0.01,1.90,-5.27,1.08,6,9,2,0,35.2901917,136.2528950,82.40, 0.18
3122851,0.00,-0.45,9.50,1.00,-0.02,-0.01,-0.00,-0.92,2.23,-0.42,10.59,0.00,0,2,1001.28,42.24,109.81,1001.28,41.10,109.47,0.45,1000.61,38.01,114.42,1.73,1.75,107.67,300.50,7902,0.77,1.74,10.03,1.00,0.05,-0.02,0.01,1.89,-5.27,1.07,6,9,3,0,35.2901933,136.2528967,82.40, 0.18
3122903,0.08,-0.51,9.45,1.00,-0.02,-0.01,-0.00,-0.92,2.25,-0.42,10.57,0.00,0,2,1001.29,42.24,109.76,1001.28,41.10,109.39,0.46,1000.61,38.00,114.41,1.90,1.83,107.23,300.15,7902,-0.24,0.24,9.43,1.00,0.05,-0.02,0.01,1.88,-5.27,1.10,6,9,3,0,35.2901933,136.2528967,82.40, 0.18
3122960,-0.02,-0.40,9.76,1.00,-0.02,-0.01,-0.00,-0.92,2.26,-0.42,10.57,0.00,0,2,1001.29,42.24,109.76,1001.28,41.08,109.41,0.47,1000.61,37.98,114.44,2.02,1.89,103.45,300.15,7902,0.73,0.38,9.41,1.00,0.05,-0.02,0.01,1.84,-5.29,1.11,6,9,3,0,35.2901933,136.2528967,82.40, 0.18
3123013,0.04,-0.36,9.54,1.00,-0.02,-0.01,-0.00,-0.94,2.26,-0.42,10.57,0.00,0,2,1001.29,42.23,109.75,1001.28,41.09,109.40,0.48,1000.61,38.00,114.43,2.03,1.89,96.59,300.23,7902,0.28,0.01,9.39,1.00,0.05,-0.02,0.01,1.82,-5.32,1.10,6,9,3,0,35.2901933,136.2528967,82.40, 0.18
3123070,0.09,-0.34,9.61,1.00,-0.02,-0.01,-0.00,-0.95,2.26,-0.42,10.58,0.00,0,2,1001.29,42.24,109.76,1001.28,41.10,109.42,0.47,1000.61,38.00,114.43,1.43,1.59,92.81,300.32,7903,1.26,-0.37,9.13,1.00,0.05,-0.02,0.01,1.79,-5.36,1.09,6,9,3,0,35.2901933,136.2528967,82.40, 0.18
3123126,0.17,-0.27,9.74,1.00,-0.02,-0.01,-0.00,-0.96,2.26,-0.42,10.57,0.00,0,2,1001.28,42.23,109.78,1001.28,41.10,109.44,0.47,1000.61,37.99,114.40,1.75,1.76,85.78,300.41,7903,-0.08,2.10,10.15,1.00,0.05,-0.01,0.01,1.77,-5.41,1.12,6,9,3,0,35.2901933,136.2528967,82.40, 0.18
3123179,0.00,-0.51,8.99,1.00,-0.02,-0.01,-0.00,-0.96,2.31,-0.42,10.59,0.00,0,2,1001.28,42.25,109.80,1001.28,41.10,109.40,0.45,1000.62,38.01,114.36,1.87,1.82,81.56,300.50,7902,1.01,2.49,9.69,1.00,0.05,-0.01,0.01,1.77,-5.48,1.11,6,9,3,0,35.2901933,136.2528967,82.40, 0.18
3123239,0.11,-0.45,9.61,1.00,-0.02,-0.01,-0.00,-0.97,2.35,-0.42,10.58,0.00,0,2,1001.28,42.23,109.76,1001.28,41.10,109.38,0.45,1000.62,37.99,114.34,1.65,1.71,83.50,300.76,7902,0.85,1.28,9.70,1.00,0.05,-0.01,0.01,1.73,-5.54,1.11,6,9,3,0,35.2901933,136.2528967,82.40, 0.18
3123291,0.08,-0.40,9.55,1.00,-0.02,-0.01,-0.00,-0.96,2.41,-0.42,10.58,0.00,0,2,1001.28,42.22,109.81,1001.28,41.08,109.39,0.46,1000.62,37.99,114.34,1.87,1.82,86.13,301.20,7902,0.04,-0.13,9.48,1.00,0.05,-0.01,0.01,1.72,-5.54,1.14,6,9,3,0,35.2901933,136.2528967,82.40, 0.18
3123347,0.13,-0.43,9.74,1.00,-0.02,-0.01,-0.00,-0.96,2.46,-0.42,10.58,0.00,0,2,1001.28,42.24,109.78,1001.28,41.10,109.40,0.45,1000.62,37.98,114.34,2.05,1.90,93.08,301.29,7902,1.17,-0.18,9.34,1.00,0.05,-0.01,0.01,1.69,-5.61,1.11,6,9,3,0,35.2901933,136.2528967,82.40, 0.18
3123399,0.20,-0.45,9.63,1.00,-0.02,-0.01,-0.00,-0.96,2.50,-0.42,10.59,0.00,0,2,1001.28,42.23,109.76,1001.28,41.09,109.43,0.45,1000.62,37.99,114.31,2.15,1.95,98.09,301.38,7903,0.77,1.25,9.69,1.00,0.05,-0.01,0.01,1.67,-5.66,1.13,6,9,3,0,35.2901933,136.2528967,82.40, 0.18
3123454,0.10,-0.46,9.39,1.00,-0.02,-0.01,-0.00,-0.96,2.51,-0.43,10.58,0.00,0,2,1001.28,42.23,109.78,1001.28,41.09,109.44,0.46,1000.62,37.99,114.35,2.37,2.04,100.63,301.11,7902,1.10,1.26,9.64,1.00,0.05,-0.01,0.01,1.67,-5.69,1.13,6,9,3,0,35.2901933,136.2528967,82.40, 0.18
3123509,0.09,-0.50,9.39,1.00,-0.02,-0.01,-0.00,-0.96,2.56,-0.43,10.58,0.00,0,2,1001.28,42.23,109.76,1001.28,41.09,109.39,0.46,1000.62,37.98,114.30,2.50,2.10,101.16,301.11,7903,0.84,1.16,9.57,1.00,0.05,-0.01,0.01,1.66,-5.72,1.14,6,9,3,0,35.2901933,136.2528967,82.40, 0.18
3123565,0.09,-0.46,9.49,1.00,-0.02,-0.01,-0.00,-0.98,2.59,-0.43,10.58,0.00,0,2,1001.28,42.23,109.77,1001.28,41.08,109.41,0.47,1000.62,37.99,114.38,2.27,2.00,100.99,301.11,7902,0.98,1.41,9.56,1.00,0.05,-0.01,0.01,1.63,-5.79,1.13,6,9,3,0,35.2901933,136.2528967,82.40, 0.18
3123619,0.33,-0.14,9.98,1.00,-0.02,-0.01,-0.00,-1.00,2.65,-0.42,10.58,0.00,0,2,1001.28,42.22,109.84,1001.28,41.09,109.42,0.47,1000.61,37.99,114.44,2.38,2.05,102.13,300.59,7902,0.85,-1.43,9.10,1.00,0.05,-0.01,0.01,1.59,-5.82,1.13,6,9,3,0,35.2901933,136.2528967,82.40, 0.18
3123676,0.09,-0.56,9.30,1.00,-0.02,-0.01,-0.00,-1.02,2.69,-0.42,10.59,0.00,0,2,1001.28,42.21,109.81,1001.28,41.09,109.40,0.48,1000.61,38.00,114.47,2.75,2.20,103.45,300.50,7901,0.20,-0.82,9.17,1.00,0.05,-0.01,0.01,1.56,-5.87,1.15,6,9,3,0,35.2901933,136.2528967,82.40, 0.18
3123729,0.06,-0.64,9.23,1.00,-0.02,-0.01,-0.00,-1.04,2.71,-0.42,10.62,0.00,0,2,1001.28,42.22,109.77,1001.28,41.09,109.42,0.47,1000.61,38.00,114.43,2.58,2.14,103.27,300.06,7902,2.16,2.80,9.97,1.00,0.05,-0.01,0.01,1.54,-5.94,1.12,6,9,3,0,35.2901933,136.2528967,82.40, 0.21
3123785,0.11,-0.47,9.77,1.00,-0.02,-0.01,-0.00,-1.04,2.71,-0.42,10.61,0.00,0,2,1001.28,42.21,109.78,1001.28,41.09,109.42,0.48,1000.61,38.00,114.49,2.27,2.00,100.02,302.87,7903,-0.18,1.81,10.07,1.00,0.05,-0.01,0.01,1.52,-5.95,1.14,6,9,3,0,35.2901933,136.2528967,82.40, 0.21
3123839,0.13,-0.53,9.37,1.00,-0.02,-0.01,-0.00,-1.04,2.71,-0.42,10.60,0.00,0,2,1001.28,42.21,109.80,1001.28,41.10,109.40,0.48,1000.60,37.99,114.52,2.27,2.00,96.50,304.72,7902,0.37,1.79,9.78,1.00,0.05,-0.01,0.01,1.50,-5.95,1.13,6,9,3,0,35.2901933,136.2528967,82.40, 0.21
3123897,0.08,-0.45,9.80,1.00,-0.02,-0.01,-0.00,-1.04,2.72,-0.42,10.60,0.00,0,2,1001.28,42.22,109.77,1001.28,41.09,109.37,0.48,1000.61,38.00,114.45,1.90,1.83,94.92,304.63,7902,-0.75,2.75,10.08,1.00,0.05,-0.01,0.01,1.47,-5.96,1.19,6,9,3,0,35.2901933,136.2528967,82.40, 0.21
3123949,0.14,-0.41,10.00,1.00,-0.02,-0.01,-0.00,-1.04,2.72,-0.42,10.60,0.00,0,2,1001.28,42.21,109.79,1001.28,41.10,109.42,0.48,1000.61,37.99,114.42,1.97,1.86,94.04,304.72,7901,2.08,0.36,9.48,1.00,0.05,-0.01,0.01,1.47,-5.93,1.14,6,9,4,0,35.2901933,136.2528967,82.40, 0.21
3124006,0.13,-0.55,9.45,1.00,-0.02,-0.01,-0.00,-1.04,2.75,-0.42,10.60,0.00,0,2,1001.28,42.22,109.79,1001.28,41.10,109.40,0.48,1000.61,37.99,114.43,1.80,1.78,93.08,305.95,7903,0.54,1.01,9.51,1.00,0.05,-0.01,0.01,1.45,-5.96,1.16,6,9,4,0,35.2901933,136.2528967,82.40, 0.21
3124058,0.08,-0.56,9.42,1.00,-0.02,-0.01,-0.00,-1.03,2.75,-0.42,10.60,0.00,0,2,1001.28,42.20,109.78,1001.28,41.10,109.40,0.47,1000.61,37.99,114.40,2.10,1.93,89.74,306.04,7902,-0.65,0.97,9.62,1.00,0.05,-0.01,0.01,1.41,-5.98,1.19,6,9,4,0,35.2901933,136.2528967,82.40, 0.21
3124116,0.09,-0.47,9.52,1.00,-0.02,-0.01,-0.00,-1.04,2.76,-0.42,10.60,0.00,0,2,1001.29,42.22,109.75,1001.28,41.10,109.41,0.48,1000.62,37.99,114.38,2.07,1.91,88.77,306.04,7903,1.66,0.76,9.27,1.00,0.05,-0.01,0.01,1.40,-5.96,1.17,6,9,4,0,35.2901933,136.2528967,82.40, 0.21
3124167,0.15,-0.53,9.34,1.00,-0.02,-0.01,-0.00,-1.05,2.77,-0.42,10.59,0.00,0,2,1001.28,42.22,109.78,1001.28,41.10,109.44,0.48,1000.62,37.99,114.36,2.12,1.93,89.21,306.04,7904,-0.62,0.98,9.66,1.00,0.05,-0.01,0.01,1.33,-5.99,1.23,6,9,4,0,35.2901933,136.2528967,82.40, 0.21
3124225,0.05,-0.64,9.24,1.00,-0.02,-0.01,-0.00,-1.08,2.78,-0.41,10.59,0.00,0,2,1001.28,42.22,109.76,1001.28,41.09,109.42,0.47,1000.62,38.00,114.33,2.22,1.98,91.23,305.95,7902,-0.54,2.10,9.63,1.00,0.05,-0.01,0.01,1.29,-6.02,1.23,6,9,4,0,35.2901933,136.2528967,82.40, 0.21
3124276,0.10,-0.39,9.83,1.00,-0.02,-0.01,-0.00,-1.10,2.77,-0.41,10.58,0.00,0,2,1001.29,42.21,109.73,1001.28,41.12,109.38,0.47,1000.62,37.99,114.31,2.33,2.03,93.25,305.95,7903,-0.47,1.00,9.90,1.00,0.05,-0.01,0.01,1.25,-6.00,1.25,6,9,4,0,35.2901933,136.2528967,82.40, 0.21
3124334,0.06,-0.44,9.67,1.00,-0.02,-0.01,-0.00,-1.13,2.77,-0.41,10.59,0.00,0,2,1001.28,42.21,109.78,1001.28,41.09,109.42,0.47,1000.63,37.99,114.30,1.87,1.82,93.96,306.04,7902,0.04,1.55,9.74,1.00,0.05,-0.01,0.01,1.21,-6.04,1.25,6,9,4,0,35.2901933,136.2528967,82.40, 0.21
3124386,0.07,-0.52,9.48,1.00,-0.02,-0.01,-0.00,-1.12,2.79,-0.41,10.60,0.00,0,2,1001.29,42.22,109.75,1001.28,41.09,109.40,0.47,1000.62,38.00,114.36,1.98,1.87,92.81,305.95,7903,-0.38,0.31,9.46,1.00,0.05,-0.01,0.01,1.20,-6.05,1.25,6,9,4,0,35.2901933,136.2528967,82.40, 0.21
3124443,0.16,-0.42,9.51,1.00,-0.02,-0.01,-0.00,-1.12,2.79,-0.41,10.60,0.00,0,2,1001.28,42.21,109.77,1001.28,41.09,109.40,0.46,1000.61,38.00,114.45,1.38,1.56,92.46,305.95,7903,-0.14,0.84,9.52,1.00,0.05,-0.01,0.01,1.18,-6.08,1.27,6,9,4,0,35.2901933,136.2528967,82.40, 0.21
3124497,0.08,-0.45,9.66,1.00,-0.02,-0.01,-0.00,-1.12,2.79,-0.41,10.60,0.00,0,2,1001.28,42.22,109.77,1001.28,41.09,109.39,0.46,1000.61,38.00,114.41,1.82,1.79,93.16,305.95,7903,0.95,1.47,9.68,1.00,0.05,-0.01,0.01,1.15,-6.10,1.25,6,9,4,0,35.2901933,136.2528967,82.40, 0.21
3124549,0.09,-0.53,9.52,1.00,-0.02,-0.01,-0.00,-1.12,2.80,-0.41,10.60,0.00,0,2,1001.29,42.23,109.75,1001.28,41.08,109.41,0.48,1000.62,37.99,114.35,2.17,1.96,94.57,305.77,7902,1.30,1.24,9.57,1.00,0.05,-0.01,0.01,1.14,-6.10,1.25,6,9,4,0,35.2901933,136.2528967,82.40, 0.21
3124606,0.13,-0.50,9.55,1.00,-0.02,-0.01,-0.00,-1.09,2.81,-0.41,10.59,0.00,0,2,1001.29,42.22,109.72,1001.28,41.09,109.38,0.47,1000.62,38.00,114.36,2.07,1.91,94.48,305.51,7903,-0.02,0.87,9.54,1.00,0.05,-0.01,0.01,1.13,-6.10,1.29,6,9,4,0,35.2901933,136.2528967,82.40, 0.21
3124658,0.06,-0.56,9.47,1.00,-0.02,-0.01,-0.00,-1.07,2.82,-0.41,10.58,0.00,0,2,1001.29,42.22,109.73,1001.28,41.08,109.43,0.46,1000.61,37.99,114.40,2.30,2.01,94.48,304.19,7902,0.17,1.02,9.54,1.00,0.05,-0.01,0.01,1.11,-6.11,1.28,6,9,4,0,35.2901933,136.2528967,82.40, 0.21
3124714,0.10,-0.53,9.48,1.00,-0.02,-0.01,-0.00,-1.06,2.84,-0.41,10.60,0.00,0,2,1001.28,42.23,109.77,1001.28,41.09,109.41,0.46,1000.62,38.00,114.39,2.15,1.95,94.57,304.10,7902,0.99,1.29,9.61,1.00,0.05,-0.01,0.01,1.09,-6.13,1.29,6,9,4,0,35.2901933,136.2528967,82.40, 0.21
3124772,0.11,-0.52,9.56,1.00,-0.02,-0.01,-0.00,-1.06,2.85,-0.41,10.60,0.00,0,2,1001.29,42.24,109.72,1001.28,41.09,109.38,0.46,1000.61,38.00,114.40,1.95,1.86,94.75,304.10,7903,1.26,1.05,9.60,1.00,0.05,-0.01,0.01,1.07,-6.14,1.28,6,9,4,0,35.2901933,136.2528967,82.40, 0.21
3124825,0.17,-0.48,9.40,1.00,-0.03,-0.01,-0.00,-1.05,2.89,-0.41,10.59,0.00,0,2,1001.28,42.22,109.77,1001.28,41.09,109.37,0.47,1000.62,38.00,114.38,1.88,1.82,95.10,304.10,7902,-0.02,0.62,9.50,1.00,0.05,-0.01,0.01,1.05,-6.16,1.32,6,9,4,0,35.2901933,136.2528967,82.40, 0.09
3124883,0.14,-0.38,9.53,1.00,-0.03,-0.01,-0.00,-1.05,2.90,-0.41,10.59,0.00,0,2,1001.29,42.23,109.75,1001.28,41.08,109.41,0.47,1000.61,38.00,114.41,1.85,1.81,95.01,304.01,7902,0.89,1.13,9.51,1.00,0.05,-0.01,0.01,1.03,-6.19,1.31,6,9,4,0,35.2901933,136.2528967,82.40, 0.09
3124934,0.14,-0.57,9.46,1.00,-0.03,-0.01,-0.00,-1.05,2.92,-0.41,10.59,0.00,0,2,1001.28,42.23,109.76,1001.28,41.09,109.40,0.48,1000.61,38.00,114.43,1.48,1.62,94.57,304.10,7900,1.03,1.27,9.50,1.00,0.05,-0.01,0.01,1.00,-6.21,1.30,6,9,5,0,35.2901950,136.2528967,82.40, 0.09
3124993,0.18,-0.61,9.45,1.00,-0.03,-0.01,-0.00,-1.07,2.93,-0.41,10.60,0.00,0,2,1001.29,42.23,109.73,1001.28,41.09,109.39,0.48,1000.61,37.99,114.42,1.43,1.59,94.48,304.10,7903,0.91,1.05,9.52,1.00,0.05,-0.01,0.01,1.02,-6.26,1.32,6,9,5,0,35.2901950,136.2528967,82.40, 0.09
3125045,0.10,-0.44,9.50,1.00,-0.03,-0.01,-0.00,-1.08,2.95,-0.41,10.59,0.00,0,2,1001.29,42.24,109.74,1001.28,41.09,109.38,0.49,1000.62,37.99,114.38,1.23,1.48,94.48,304.10,7902,0.34,1.01,9.63,1.00,0.05,-0.01,0.01,1.00,-6.29,1.33,6,9,5,0,35.2901950,136.2528967,82.40, 0.09
3125103,0.10,-0.50,9.53,1.00,-0.03,-0.01,-0.00,-1.07,2.95,-0.41,10.59,0.00,0,2,1001.28,42.23,109.76,1001.28,41.09,109.39,0.49,1000.62,38.00,114.36,-0.02,0.17,94.48,304.10,7902,1.06,1.00,9.51,1.00,0.06,-0.01,0.01,0.98,-6.32,1.33,6,9,5,0,35.2901950,136.2528967,82.40, 0.09
3125161,0.06,-0.56,9.48,1.00,-0.03,-0.01,-0.00,-1.07,2.95,-0.41,10.59,0.00,0,2,1001.29,42.24,109.74,1001.28,41.09,109.37,0.49,1000.61,38.00,114.43,0.97,1.31,94.75,304.10,7903,1.00,1.02,9.47,1.00,0.06,-0.01,0.01,1.06,-6.36,1.34,6,9,5,0,35.2901950,136.2528967,82.40, 0.09
3125213,0.15,-0.60,9.41,1.00,-0.03,-0.01,-0.00,-1.07,2.95,-0.41,10.58,0.00,0,2,1001.29,42.24,109.73,1001.28,41.10,109.38,0.49,1000.62,37.99,114.36,0.95,1.29,95.19,304.10,7902,0.84,0.93,9.37,1.00,0.06,-0.01,0.01,1.05,-6.39,1.34,6,9,5,0,35.2901950,136.2528967,82.40, 0.09
3125270,0.05,-0.57,9.53,1.00,-0.03,-0.01,-0.00,-1.07,2.97,-0.41,10.58,0.00,0,2,1001.29,42.23,109.71,1001.29,41.10,109.36,0.48,1000.62,38.00,114.34,3.13,2.35,93.52,304.10,7903,0.94,0.91,9.46,1.00,0.06,-0.01,0.01,1.14,-6.43,1.34,6,9,5,0,35.2901950,136.2528967,82.40, 0.09
3125323,0.03,-0.62,9.41,1.00,-0.03,-0.01,-0.00,-1.07,3.05,-0.41,10.58,0.00,0,2,1001.29,42.22,109.74,1001.28,41.10,109.40,0.48,1000.62,38.00,114.38,1.17,1.43,90.35,304.10,7903,0.77,0.82,9.38,1.00,0.06,-0.01,0.01,1.13,-6.52,1.35,6,9,5,0,35.2901950,136.2528967,82.40, 0.09
3125381,0.05,-0.56,9.41,1.00,-0.03,-0.01,-0.00,-1.07,3.12,-0.41,10.57,0.00,0,2,1001.29,42.23,109.72,1001.28,41.10,109.39,0.48,1000.62,38.00,114.32,1.42,1.58,88.77,304.10,7902,0.79,0.78,9.37,1.00,0.06,-0.01,0.01,1.15,-6.63,1.36,6,9,5,0,35.2901950,136.2528967,82.40, 0.09
3125434,0.14,-0.63,9.74,1.00,-0.03,-0.01,-0.00,-1.07,3.19,-0.41,10.56,0.00,0,2,1001.29,42.23,109.70,1001.29,41.09,109.38,0.48,1000.62,37.99,114.31,1.30,1.51,87.98,304.10,7902,0.18,1.62,9.77,1.00,0.06,-0.01,0.01,1.13,-6.73,1.38,6,9,5,0,35.2901950,136.2528967,82.40, 0.09
3125492,0.11,-0.70,9.56,1.00,-0.03,-0.01,-0.00,-1.07,3.24,-0.41,10.56,0.00,0,2,1001.29,42.23,109.73,1001.28,41.10,109.34,0.47,1000.62,38.00,114.33,1.20,1.46,87.54,304.10,7902,0.87,0.95,9.47,1.00,0.06,-0.01,0.01,1.13,-6.75,1.38,6,9,5,0,35.2901950,136.2528967,82.40, 0.09
3125544,0.09,-0.65,9.54,1.00,-0.03,-0.01,-0.00,-1.07,3.25,-0.41,10.57,0.00,0,2,1001.29,42.23,109.71,1001.29,41.10,109.36,0.47,1000.62,37.99,114.38,1.48,1.62,86.40,304.10,7902,0.80,0.67,9.35,1.00,0.06,-0.01,0.01,1.10,-6.78,1.37,6,9,5,0,35.2901950,136.2528967,82.40, 0.09
3125601,0.14,-0.63,9.41,1.00,-0.03,-0.01,-0.00,-1.07,3.25,-0.41,10.57,0.00,0,2,1001.29,42.23,109.72,1001.29,41.10,109.35,0.47,1000.63,38.01,114.30,1.33,1.53,84.81,304.19,7902,0.36,0.99,9.43,1.00,0.06,-0.01,0.01,1.08,-6.80,1.39,6,9,5,0,35.2901950,136.2528967,82.40, 0.09
3125654,0.14,-0.65,9.40,1.00,-0.03,-0.01,-0.00,-1.07,3.25,-0.41,10.57,0.00,0,2,1001.29,42.24,109.74,1001.28,41.09,109.37,0.47,1000.63,38.00,114.28,1.10,1.39,84.99,304.19,7903,0.10,1.32,9.65,1.00,0.06,-0.01,0.01,1.11,-6.80,1.41,6,9,5,0,35.2901950,136.2528967,82.40, 0.09
3125711,0.11,-0.66,9.44,1.00,-0.03,-0.01,-0.00,-1.07,3.25,-0.41,10.57,0.00,0,2,1001.29,42.23,109.75,1001.29,41.09,109.38,0.46,1000.62,38.00,114.31,1.47,1.61,85.78,304.19,7903,0.74,1.29,9.58,1.00,0.06,-0.01,0.01,1.11,-6.80,1.41,6,9,5,0,35.2901950,136.2528967,82.40, 0.09
3125762,0.17,-0.66,9.51,1.00,-0.03,-0.01,-0.00,-1.07,3.25,-0.41,10.58,0.00,0,2,1001.29,42.23,109.73,1001.29,41.10,109.35,0.46,1000.63,38.01,114.28,1.37,1.55,87.63,304.10,7902,0.70,0.67,9.39,1.00,0.06,-0.01,0.01,1.08,-6.82,1.42,6,9,5,0,35.2901950,136.2528967,82.40, 0.11
3125820,0.14,-0.74,9.50,1.00,-0.03,-0.01,-0.00,-1.07,3.26,-0.41,10.57,0.00,0,2,1001.29,42.25,109.73,1001.28,41.09,109.37,0.46,1000.63,37.99,114.26,1.18,1.45,89.47,304.10,7902,0.18,1.35,9.65,1.00,0.06,-0.01,0.01,1.08,-6.84,1.43,6,9,5,0,35.2901950,136.2528967,82.40, 0.11
3125873,0.06,-0.64,9.57,1.00,-0.03,-0.01,-0.00,-1.05,3.28,-0.41,10.57,0.00,0,2,1001.29,42.23,109.75,1001.29,41.11,109.35,0.45,1000.63,38.00,114.27,1.52,1.64,89.91,304.10,7902,-0.06,1.52,9.66,1.00,0.06,-0.01,0.01,1.07,-6.84,1.45,6,9,5,0,35.2901950,136.2528967,82.40, 0.11
3125930,0.14,-0.67,9.70,1.00,-0.03,-0.01,-0.00,-1.04,3.26,-0.41,10.57,0.00,0,2,1001.28,42.23,109.76,1001.29,41.12,109.32,0.45,1000.63,38.00,114.29,1.70,1.73,91.49,304.10,7902,0.84,0.84,9.55,1.00,0.06,-0.01,0.01,1.07,-6.80,1.45,6,9,6,0,35.2901967,136.2528983,82.40, 0.11
3125981,0.01,-0.63,9.62,1.00,-0.03,-0.01,-0.00,-1.03,3.21,-0.41,10.56,0.00,0,2,1001.29,42.23,109.73,1001.29,41.10,109.35,0.45,1000.63,38.00,114.29,1.72,1.74,92.20,304.10,7902,0.13,0.98,9.70,1.00,0.06,-0.01,0.01,1.07,-6.75,1.46,6,9,6,0,35.2901967,136.2528983,82.40, 0.11
3126039,0.15,-0.60,9.55,1.00,-0.03,-0.01,-0.00,-1.02,3.13,-0.41,10.56,0.00,0,2,1001.29,42.23,109.72,1001.29,41.10,109.35,0.45,1000.63,38.01,114.25,1.88,1.82,92.55,304.10,7903,0.45,1.52,9.62,1.00,0.06,-0.01,0.01,1.07,-6.67,1.49,6,9,6,0,35.2901967,136.2528983,82.40, 0.11
3126092,0.00,-0.35,9.51,1.00,-0.03,-0.01,-0.00,-0.97,3.02,-0.41,10.57,0.00,0,2,1001.29,42.22,109.76,1001.29,41.11,109.36,0.44,1000.63,38.00,114.27,1.75,1.76,93.34,304.10,7903,0.55,0.92,9.57,1.00,0.06,-0.01,0.01,1.08,-6.57,1.48,6,9,6,0,35.2901967,136.2528983,82.40, 0.11
3126147,0.10,-0.44,9.60,1.00,-0.03,-0.01,-0.00,-0.95,2.91,-0.41,10.58,0.00,0,2,1001.29,42.23,109.73,1001.29,41.10,109.35,0.44,1000.63,38.02,114.26,1.70,1.73,95.71,304.10,7902,0.50,0.84,9.62,1.00,0.06,-0.01,0.01,1.08,-6.54,1.47,6,9,6,0,35.2901967,136.2528983,82.40, 0.11
3126200,0.16,-0.47,9.71,1.00,-0.02,-0.01,-0.00,-0.92,2.79,-0.41,10.58,0.00,0,2,1001.29,42.23,109.72,1001.29,41.09,109.35,0.44,1000.63,38.01,114.30,0.67,1.08,98.00,304.10,7903,0.43,0.82,9.66,1.00,0.06,-0.01,0.01,1.09,-6.40,1.49,6,9,6,0,35.2901967,136.2528983,82.40, 0.11
3126253,0.19,-0.56,9.79,1.00,-0.02,-0.01,-0.00,-0.90,2.68,-0.41,10.58,0.00,0,2,1001.29,42.23,109.73,1001.29,41.10,109.36,0.43,1000.63,38.00,114.25,1.53,1.65,98.17,304.10,7903,0.17,1.03,9.77,1.00,0.05,-0.01,0.01,1.19,-6.26,1.51,6,9,6,0,35.2901967,136.2528983,82.40, 0.11
3126309,0.11,-0.56,9.61,1.00,-0.02,-0.01,-0.00,-0.90,2.57,-0.41,10.58,0.00,0,2,1001.29,42.22,109.72,1001.29,41.10,109.31,0.43,1000.63,38.00,114.25,1.35,1.54,97.91,304.10,7902,0.34,1.11,9.73,1.00,0.05,-0.01,0.01,1.21,-6.20,1.53,6,9,6,0,35.2901967,136.2528983,82.40, 0.11
3126362,0.11,-0.69,9.49,1.00,-0.02,-0.01,-0.00,-0.90,2.49,-0.41,10.58,0.00,0,2,1001.29,42.23,109.70,1001.29,41.10,109.33,0.43,1000.63,38.00,114.25,1.37,1.55,99.32,304.10,7902,0.41,1.39,9.63,1.00,0.05,-0.01,0.01,1.28,-6.06,1.56,6,9,6,0,35.2901967,136.2528983,82.40, 0.11
3126419,0.14,-0.50,9.61,1.00,-0.02,-0.01,-0.00,-0.89,2.41,-0.42,10.57,0.00,0,2,1001.29,42.22,109.74,1001.29,41.10,109.31,0.43,1000.63,38.00,114.27,1.85,1.81,101.25,304.10,7902,0.19,1.03,9.70,1.00,0.05,-0.01,0.01,1.29,-5.97,1.57,6,9,6,0,35.2901967,136.2528983,82.40, 0.11
3126472,0.11,-0.45,9.51,1.00,-0.02,-0.01,-0.00,-0.89,2.33,-0.42,10.57,0.00,0,2,1001.29,42.25,109.68,1001.29,41.11,109.34,0.43,1000.63,38.02,114.24,2.08,1.92,101.78,304.01,7902,0.73,0.90,9.57,1.00,0.05,-0.01,0.01,1.36,-5.85,1.58,6,9,6,0,35.2901967,136.2528983,82.40, 0.11
3126527,0.05,-0.34,9.50,1.00,-0.02,-0.01,-0.00,-0.88,2.24,-0.41,10.57,0.00,0,2,1001.29,42.23,109.71,1001.29,41.10,109.31,0.43,1000.62,37.99,114.31,2.07,1.91,101.51,304.10,7902,0.25,0.77,9.59,1.00,0.05,-0.01,0.01,1.36,-5.79,1.59,6,9,6,0,35.2901967,136.2528983,82.40, 0.11
3126578,0.12,-0.37,9.58,1.00,-0.02,-0.01,-0.00,-0.88,2.12,-0.41,10.58,0.00,0,2,1001.29,42.24,109.73,1001.29,41.11,109.33,0.43,1000.62,38.00,114.33,2.33,2.03,100.99,304.10,7902,0.26,0.88,9.64,1.00,0.05,-0.01,0.01,1.38,-5.66,1.61,6,9,6,0,35.2901967,136.2528983,82.40, 0.11
3126638,0.10,-0.41,9.50,1.00,-0.02,-0.01,-0.00,-0.87,2.05,-0.41,10.59,0.00,0,2,1001.29,42.23,109.71,1001.29,41.10,109.35,0.42,1000.63,38.00,114.29,1.88,1.82,101.34,304.10,7902,0.63,0.87,9.54,1.00,0.05,-0.01,0.01,1.40,-5.59,1.63,6,9,6,0,35.2901967,136.2528983,82.40, 0.11
3126690,0.04,-0.33,9.57,1.00,-0.02,-0.01,-0.00,-0.87,1.97,-0.41,10.60,0.00,0,2,1001.29,42.21,109.75,1001.29,41.10,109.35,0.42,1000.62,37.99,114.32,2.05,1.90,101.43,304.10,7901,0.38,0.73,9.57,1.00,0.05,-0.01,0.01,1.51,-5.51,1.64,6,9,6,0,35.2901967,136.2528983,82.40, 0.11
3126743,0.04,-0.47,9.42,1.00,-0.02,-0.01,-0.00,-0.87,1.92,-0.41,10.60,0.00,0,2,1001.29,42.22,109.74,1001.29,41.10,109.33,0.42,1000.63,38.00,114.29,1.53,1.65,101.78,304.10,7903,0.58,1.02,9.55,1.00,0.05,-0.01,0.02,1.56,-5.43,1.65,6,9,6,0,35.2901967,136.2528983,82.40, 0.11
3126798,0.03,-0.45,9.66,1.00,-0.02,-0.01,-0.00,-0.85,1.86,-0.41,10.60,0.00,0,2,1001.29,42.23,109.72,1001.29,41.11,109.32,0.42,1000.62,38.02,114.33,1.82,1.79,101.69,304.10,7902,0.72,1.02,9.70,1.00,0.05,-0.01,0.02,1.72,-5.36,1.66,6,9,6,0,35.2901967,136.2528983,82.40, 0.19
3126852,0.02,-0.44,9.61,1.00,-0.02,-0.01,-0.00,-0.82,1.81,-0.41,10.60,0.00,0,2,1001.29,42.23,109.72,1001.29,41.10,109.33,0.42,1000.62,38.01,114.35,1.90,1.83,101.51,304.10,7902,0.93,1.04,9.71,1.00,0.05,-0.02,0.02,1.90,-5.29,1.67,6,9,6,0,35.2901967,136.2528983,82.40, 0.19
3126908,0.01,-0.48,9.52,1.00,-0.02,-0.01,-0.00,-0.80,1.77,-0.41,10.59,0.00,0,2,1001.29,42.22,109.71,1001.29,41.12,109.35,0.42,1000.63,38.00,114.27,1.33,1.53,101.60,304.10,7902,0.64,0.84,9.58,1.00,0.05,-0.02,0.02,1.97,-5.26,1.67,6,9,7,0,35.2901950,136.2528967,82.40, 0.19
3126960,0.04,-0.50,9.68,1.00,-0.02,-0.01,-0.00,-0.77,1.77,-0.41,10.58,0.00,0,2,1001.29,42.22,109.67,1001.29,41.11,109.29,0.42,1000.63,38.01,114.25,1.48,1.62,101.60,304.10,7901,0.74,0.88,9.58,1.00,0.05,-0.02,0.02,2.13,-5.24,1.69,6,9,7,0,35.2901950,136.2528967,82.40, 0.19
3127017,0.10,-0.40,9.55,1.00,-0.02,-0.01,-0.00,-0.75,1.74,-0.41,10.57,0.00,0,2,1001.29,42.22,109.67,1001.29,41.10,109.29,0.42,1000.63,38.01,114.25,1.70,1.73,101.51,304.10,7903,0.86,0.86,9.54,1.00,0.05,-0.02,0.02,2.24,-5.19,1.70,6,9,7,0,35.2901950,136.2528967,82.40, 0.19
3127075,0.10,-0.37,9.53,1.00,-0.01,-0.01,-0.00,-0.75,1.69,-0.41,10.56,0.00,0,2,1001.30,42.23,109.66,1001.29,41.10,109.34,0.41,1000.63,38.01,114.25,1.58,1.67,101.43,304.10,7902,0.76,1.05,9.58,1.00,0.04,-0.02,0.02,2.32,-5.12,1.71,6,9,7,0,35.2901950,136.2528967,82.40, 0.19
3127127,0.03,-0.29,9.63,1.00,-0.01,-0.01,-0.00,-0.73,1.63,-0.41,10.57,0.00,0,2,1001.29,42.23,109.68,1001.29,41.09,109.30,0.42,1000.63,38.01,114.25,1.90,1.83,101.34,304.10,7903,0.93,0.76,9.57,1.00,0.04,-0.02,0.02,2.37,-5.07,1.71,6,9,7,0,35.2901950,136.2528967,82.40, 0.19
3127184,0.01,-0.39,9.58,1.00,-0.01,-0.01,-0.00,-0.73,1.57,-0.41,10.57,0.00,0,2,1001.29,42.22,109.67,1001.29,41.09,109.30,0.42,1000.63,38.00,114.23,1.02,1.34,101.34,304.10,7902,0.81,1.04,9.67,1.00,0.04,-0.02,0.02,2.43,-4.99,1.72,6,9,7,0,35.2901950,136.2528967,82.40, 0.19
3127236,0.06,-0.34,9.60,1.00,-0.01,-0.01,-0.00,-0.72,1.51,-0.41,10.58,0.00,0,2,1001.29,42.22,109.69,1001.29,41.10,109.33,0.42,1000.64,38.02,114.22,1.05,1.36,101.25,304.10,7903,0.83,1.05,9.67,1.00,0.04,-0.02,0.02,2.48,-4.90,1.74,6,9,7,0,35.2901950,136.2528967,82.40, 0.19
3127289,0.08,-0.34,9.59,1.00,-0.01,-0.01,-0.00,-0.71,1.46,-0.41,10.57,0.00,0,2,1001.29,42.21,109.69,1001.29,41.10,109.31,0.42,1000.63,38.00,114.22,1.38,1.56,100.81,304.10,7902,0.68,0.73,9.62,1.00,0.04,-0.02,0.02,2.52,-4.79,1.75,6,9,7,0,35.2901950,136.2528967,82.40, 0.19
3127344,0.05,-0.28,9.67,1.00,-0.01,-0.01,-0.00,-0.70,1.40,-0.41,10.56,0.00,0,2,1001.30,42.23,109.66,1001.29,41.10,109.27,0.42,1000.63,37.99,114.25,1.43,1.59,100.63,304.10,7902,0.66,0.77,9.74,1.00,0.04,-0.02,0.02,2.56,-4.72,1.75,6,9,7,0,35.2901950,136.2528967,82.40, 0.19
3127396,0.05,-0.24,9.55,1.00,-0.01,-0.01,-0.00,-0.70,1.33,-0.41,10.57,0.00,0,2,1001.29,42.23,109.70,1001.29,41.09,109.33,0.42,1000.63,38.01,114.25,1.00,1.33,101.43,304.10,7903,0.79,0.88,9.60,1.00,0.04,-0.02,0.02,2.61,-4.60,1.77,6,9,7,0,35.2901950,136.2528967,82.40, 0.19
3127450,0.05,-0.27,9.39,1.00,-0.01,-0.01,-0.00,-0.70,1.28,-0.41,10.57,0.00,0,2,1001.29,42.22,109.70,1001.30,41.10,109.27,0.42,1000.63,38.01,114.25,1.12,1.40,102.22,304.10,7902,0.77,0.61,9.44,1.00,0.04,-0.02,0.02,2.67,-4.49,1.79,6,9,7,0,35.2901950,136.2528967,82.40, 0.19
3127506,0.09,-0.19,9.70,1.00,-0.01,-0.01,-0.00,-0.70,1.21,-0.41,10.58,0.00,0,2,1001.29,42.22,109.69,1001.29,41.09,109.29,0.41,1000.63,38.02,114.24,0.62,1.04,102.57,304.10,7902,0.89,0.53,9.64,1.00,0.04,-0.02,0.02,2.70,-4.43,1.79,6,9,7,0,35.2901950,136.2528967,82.40, 0.19
3127564,0.06,-0.04,9.47,1.00,-0.01,-0.01,-0.00,-0.70,1.21,-0.41,10.58,0.00,0,2,1001.29,42.23,109.72,1001.29,41.10,109.29,0.41,1000.63,38.01,114.25,1.08,1.38,101.95,304.10,7902,0.79,0.19,9.47,1.00,0.04,-0.02,0.02,2.72,-4.41,1.79,6,9,7,0,35.2901950,136.2528967,82.40, 0.19
3127616,0.13,-0.23,9.26,1.00,-0.01,-0.01,-0.00,-0.68,1.26,-0.41,10.58,0.00,0,2,1001.29,42.23,109.70,1001.30,41.10,109.31,0.41,1000.63,37.99,114.24,0.95,1.29,102.66,304.10,7903,0.76,0.62,9.27,1.00,0.04,-0.02,0.02,2.74,-4.44,1.80,6,9,7,0,35.2901950,136.2528967,82.40, 0.19
3127674,0.01,-0.14,9.63,1.00,-0.01,-0.01,-0.00,-0.63,1.30,-0.41,10.57,0.00,0,2,1001.29,42.22,109.69,1001.29,41.10,109.33,0.41,1000.63,38.00,114.22,1.00,1.33,103.10,304.10,7902,1.31,0.77,10.15,1.00,0.04,-0.02,0.02,2.79,-4.46,1.80,6,9,7,0,35.2901950,136.2528967,82.40, 0.19
3127725,0.18,-0.19,10.19,1.00,-0.01,-0.01,-0.00,-0.63,1.31,-0.41,10.58,0.00,0,2,1001.29,42.23,109.68,1001.29,41.10,109.31,0.41,1000.63,38.01,114.23,0.93,1.28,102.92,304.10,7902,1.09,0.38,9.93,1.00,0.04,-0.02,0.02,2.79,-4.41,1.82,6,9,7,0,35.2901950,136.2528967,82.40, 0.19
3127783,0.14,-0.29,9.43,1.00,-0.01,-0.01,-0.00,-0.63,1.33,-0.41,10.59,0.00,0,2,1001.29,42.22,109.69,1001.29,41.09,109.33,0.41,1000.64,38.01,114.22,0.23,0.64,102.57,304.10,7902,0.44,1.62,9.59,1.00,0.04,-0.02,0.02,2.79,-4.46,1.84,6,9,7,0,35.2901950,136.2528967,82.40, 0.19
3127835,0.08,-0.23,9.70,1.00,-0.01,-0.01,-0.00,-0.63,1.33,-0.41,10.58,0.00,0,2,1001.29,42.22,109.67,1001.29,41.10,109.31,0.41,1000.63,38.01,114.23,1.05,1.36,103.01,304.10,7902,0.21,1.83,10.10,1.00,0.04,-0.02,0.02,2.79,-4.45,1.86,6,9,7,0,35.2901950,136.2528967,82.40, 0.19
3127888,0.08,-0.16,9.63,1.00,-0.01,-0.01,-0.00,-0.63,1.33,-0.41,10.59,0.00,0,2,1001.29,42.22,109.70,1001.29,41.10,109.29,0.41,1000.63,38.00,114.22,0.93,1.28,103.10,304.10,7902,1.00,1.53,9.86,1.00,0.04,-0.02,0.02,2.79,-4.43,1.87,6,9,7,0,35.2901950,136.2528967,82.40, 0.19
3127944,0.06,-0.29,9.59,1.00,-0.01,-0.01,-0.00,-0.63,1.33,-0.41,10.59,0.00,0,2,1001.29,42.22,109.69,1001.29,41.10,109.28,0.41,1000.64,38.00,114.20,1.38,1.56,102.74,304.10,7902,0.45,-0.10,9.34,1.00,0.04,-0.02,0.02,2.79,-4.41,1.90,6,9,7,0,35.2901950,136.2528967,82.40, 0.19
3127996,0.07,-0.23,9.52,1.00,-0.01,-0.01,-0.00,-0.63,1.33,-0.41,10.58,0.00,0,2,1001.29,42.21,109.69,1001.29,41.09,109.29,0.41,1000.64,38.01,114.22,1.10,1.39,102.13,304.10,7902,0.30,0.07,9.38,1.00,0.04,-0.02,0.02,2.78,-4.39,1.92,6,9,7,0,35.2901950,136.2528967,82.40, 0.19
3128054,0.03,-0.17,9.73,1.00,-0.01,-0.01,-0.00,-0.62,1.33,-0.41,10.58,0.00,0,2,1001.29,42.23,109.70,1001.29,41.10,109.31,0.41,1000.64,38.01,114.21,1.13,1.41,101.51,304.10,7902,0.91,-0.08,9.39,1.00,0.04,-0.02,0.02,2.79,-4.38,1.93,6,9,7,0,35.2901950,136.2528967,82.40, 0.19
3128111,0.00,-0.22,9.47,1.00,-0.01,-0.01,-0.00,-0.61,1.33,-0.41,10.59,0.00,0,2,1001.29,42.22,109.69,1001.29,41.11,109.30,0.41,1000.64,38.01,114.22,1.65,1.71,101.87,304.10,7902,0.99,0.12,9.34,1.00,0.04,-0.02,0.02,2.79,-4.39,1.94,6,9,7,0,35.2901950,136.2528967,82.40, 0.19
3128163,-0.01,-0.15,9.58,1.00,-0.01,-0.01,-0.00,-0.61,1.33,-0.41,10.60,0.00,0,2,1001.29,42.23,109.70,1001.29,41.09,109.32,0.41,1000.63,37.99,114.25,2.00,1.88,103.18,304.10,7902,0.90,0.57,9.55,1.00,0.04,-0.02,0.02,2.79,-4.40,1.97,6,9,7,0,35.2901950,136.2528967,82.40, 0.19
3128217,0.07,-0.24,9.56,1.00,-0.01,-0.01,-0.00,-0.60,1.33,-0.41,10.61,0.00,0,2,1001.29,42.23,109.69,1001.29,41.09,109.32,0.41,1000.63,38.01,114.23,1.98,1.87,103.71,304.10,7903,0.68,1.13,9.65,1.00,0.04,-0.02,0.02,2.79,-4.41,1.99,6,9,7,0,35.2901950,136.2528967,82.40, 0.19
3128273,0.08,-0.27,9.65,1.00,-0.01,-0.01,-0.00,-0.60,1.33,-0.41,10.61,0.00,0,2,1001.29,42.23,109.68,1001.29,41.10,109.31,0.41,1000.64,38.01,114.21,1.73,1.75,103.62,304.10,7902,0.83,1.00,9.61,1.00,0.04,-0.02,0.02,2.79,-4.40,2.01,6,9,7,0,35.2901950,136.2528967,82.40, 0.19
3128331,0.06,-0.24,9.60,1.00,-0.01,-0.01,-0.00,-0.60,1.33,-0.41,10.60,0.00,0,2,1001.30,42.23,109.67,1001.29,41.10,109.29,0.41,1000.63,38.00,114.27,1.30,1.51,101.95,304.10,7902,0.86,0.30,9.45,1.00,0.04,-0.02,0.02,2.79,-4.39,2.04,6,9,7,0,35.2901950,136.2528967,82.40, 0.19
3128382,0.00,-0.21,9.50,1.00,-0.01,-0.01,-0.00,-0.60,1.33,-0.40,10.59,0.00,0,2,1001.29,42.23,109.68,1001.29,41.09,109.33,0.40,1000.63,38.01,114.23,1.45,1.60,100.63,304.10,7902,0.58,1.05,9.70,1.00,0.04,-0.02,0.02,2.80,-4.39,2.05,6,9,7,0,35.2901950,136.2528967,82.40, 0.19
3128436,-0.11,-0.19,9.51,1.00,-0.01,-0.01,-0.00,-0.60,1.33,-0.40,10.60,0.00,0,2,1001.29,42.23,109.72,1001.29,41.11,109.28,0.41,1000.63,38.02,114.24,1.32,1.52,99.14,304.10,7903,0.91,0.86,9.63,1.00,0.04,-0.02,0.02,2.80,-4.37,2.07,6,9,7,0,35.2901950,136.2528967,82.40, 0.19
3128492,0.05,-0.21,9.64,1.00,-0.01,-0.01,-0.00,-0.60,1.33,-0.40,10.60,0.00,0,2,1001.29,42.22,109.70,1001.29,41.09,109.31,0.41,1000.63,38.00,114.25,1.25,1.49,100.46,304.10,7903,0.91,0.81,9.55,1.00,0.04,-0.02,0.02,2.85,-4.36,2.09,6,9,7,0,35.2901950,136.2528967,82.40, 0.19
3128550,0.05,-0.29,9.59,1.00,-0.01,-0.01,-0.00,-0.60,1.33,-0.40,10.61,0.00,0,2,1001.29,42.23,109.73,1001.29,41.11,109.29,0.41,1000.63,38.01,114.25,1.42,1.58,100.90,304.10,7903,0.75,0.85,9.58,1.00,0.04,-0.02,0.02,2.87,-4.37,2.12,6,9,7,0,35.2901950,136.2528967,82.40, 0.19
3128602,0.04,-0.23,9.58,1.00,-0.01,-0.01,-0.00,-0.60,1.33,-0.40,10.62,0.00,0,2,1001.29,42.22,109.72,1001.29,41.11,109.33,0.41,1000.63,38.01,114.28,1.00,1.33,101.07,304.10,7903,0.76,0.60,9.57,1.00,0.04,-0.02,0.02,2.87,-4.37,2.12,6,9,7,0,35.2901950,136.2528967,82.40, 0.19
3128658,0.03,-0.29,9.62,1.00,-0.01,-0.01,-0.00,-0.60,1.33,-0.40,10.62,0.00,0,2,1001.29,42.24,109.69,1001.29,41.10,109.30,0.41,1000.63,38.02,114.26,1.03,1.35,100.81,304.10,7903,0.85,0.61,9.53,1.00,0.04,-0.02,0.02,2.90,-4.36,2.14,6,9,7,0,35.2901950,136.2528967,82.40, 0.19
3128711,-0.03,-0.20,9.55,1.00,-0.01,-0.01,-0.00,-0.60,1.33,-0.40,10.62,0.00,0,2,1001.29,42.25,109.73,1001.30,41.11,109.27,0.41,1000.63,38.00,114.25,0.68,1.10,100.81,304.10,7903,0.65,0.70,9.63,1.00,0.04,-0.03,0.02,2.97,-4.35,2.16,6,9,8,0,35.2901967,136.2528900,82.40, 0.44
3128769,-0.03,-0.11,9.62,1.00,-0.01,-0.01,-0.00,-0.60,1.33,-0.40,10.61,0.00,0,2,1001.29,42.24,109.69,1001.29,41.11,109.30,0.41,1000.63,38.02,114.26,0.90,1.26,100.90,304.10,7902,0.70,0.58,9.54,1.00,0.04,-0.03,0.02,3.04,-4.31,2.19,6,9,8,0,35.2901967,136.2528900,82.40, 0.44
3128822,-0.02,-0.35,9.56,1.00,-0.01,-0.01,-0.00,-0.60,1.33,-0.40,10.60,0.00,0,2,1001.30,42.25,109.67,1001.29,41.11,109.29,0.41,1000.64,38.02,114.19,1.68,1.72,100.72,304.10,7903,0.86,1.02,9.63,1.00,0.04,-0.03,0.02,3.05,-4.32,2.20,6,9,8,0,35.2901967,136.2528900,82.40, 0.44
3128877,0.05,-0.27,9.60,1.00,-0.01,-0.01,-0.00,-0.60,1.33,-0.40,10.60,0.00,0,2,1001.30,42.25,109.64,1001.29,41.10,109.31,0.41,1000.63,38.02,114.24,2.02,1.89,101.43,304.10,7903,0.73,0.86,9.58,1.00,0.04,-0.03,0.02,3.08,-4.33,2.22,6,9,8,0,35.2901967,136.2528900,82.40, 0.44
3128931,0.01,-0.09,9.57,1.00,-0.01,-0.01,-0.00,-0.60,1.33,-0.40,10.59,0.00,0,2,1001.30,42.24,109.67,1001.29,41.09,109.31,0.41,1000.64,38.01,114.21,2.53,2.11,101.95,304.01,7902,0.68,0.67,9.64,1.00,0.04,-0.03,0.02,3.10,-4.32,2.24,6,9,8,0,35.2901967,136.2528900,82.40, 0.44
3128985,0.03,-0.10,9.54,1.00,-0.01,-0.01,-0.00,-0.60,1.33,-0.40,10.58,0.00,0,2,1001.29,42.23,109.68,1001.29,41.10,109.32,0.41,1000.63,38.01,114.23,2.53,2.11,102.83,304.10,7902,0.63,0.78,9.63,1.00,0.04,-0.03,0.02,3.14,-4.28,2.26,6,9,8,0,35.2901967,136.2528900,82.40, 0.44
3129041,0.02,-0.30,9.58,1.00,-0.01,-0.01,-0.00,-0.60,1.33,-0.40,10.60,0.00,0,2,1001.30,42.24,109.67,1001.29,41.11,109.29,0.41,1000.63,38.01,114.27,2.35,2.04,103.45,304.01,7903,0.79,0.68,9.60,1.00,0.04,-0.03,0.02,3.15,-4.28,2.27,6,9,8,0,35.2901967,136.2528900,82.40, 0.44
3129092,0.04,-0.11,9.54,1.00,-0.01,-0.01,-0.00,-0.60,1.33,-0.40,10.60,0.00,0,2,1001.29,42.24,109.71,1001.29,41.11,109.30,0.41,1000.63,38.01,114.30,2.32,2.02,103.54,304.10,7902,0.72,0.44,9.50,1.00,0.04,-0.03,0.02,3.17,-4.26,2.30,6,9,8,0,35.2901967,136.2528900,82.40, 0.44
3129150,0.01,-0.31,9.64,1.00,-0.01,-0.01,-0.00,-0.60,1.33,-0.40,10.60,0.00,0,2,1001.29,42.25,109.68,1001.29,41.10,109.33,0.41,1000.63,38.02,114.26,2.32,2.02,103.45,304.01,7903,0.70,0.62,9.54,1.00,0.04,-0.03,0.02,3.21,-4.25,2.33,6,9,8,0,35.2901967,136.2528900,82.40, 0.44
3129207,0.00,-0.37,9.51,1.00,-0.01,-0.01,-0.00,-0.60,1.33,-0.40,10.61,0.00,0,2,1001.29,42.24,109.72,1001.29,41.12,109.30,0.41,1000.63,38.02,114.24,2.47,2.09,103.45,304.01,7902,0.71,0.74,9.56,1.00,0.04,-0.03,0.02,3.25,-4.28,2.34,6,9,8,0,35.2901967,136.2528900,82.40, 0.44
3129260,-0.04,-0.06,9.62,1.00,-0.01,-0.01,-0.00,-0.60,1.33,-0.40,10.62,0.00,0,2,1001.29,42.25,109.70,1001.29,41.10,109.35,0.41,1000.62,38.01,114.32,2.32,2.02,103.62,304.01,7902,0.88,0.51,9.61,1.00,0.04,-0.03,0.02,3.29,-4.28,2.34,6,9,8,0,35.2901967,136.2528900,82.40, 0.44
3129317,-0.13,-0.14,9.58,1.00,-0.01,-0.01,-0.00,-0.59,1.32,-0.40,10.62,0.00,0,2,1001.29,42.25,109.68,1001.29,41.11,109.34,0.41,1000.63,38.01,114.28,2.53,2.11,103.36,304.01,7903,0.91,0.61,9.52,1.00,0.04,-0.03,0.02,3.34,-4.26,2.35,6,9,8,0,35.2901967,136.2528900,82.40, 0.44
3129369,0.01,-0.33,9.48,1.00,-0.01,-0.00,-0.00,-0.56,1.33,-0.40,10.62,0.00,0,2,1001.29,42.25,109.68,1001.29,41.12,109.34,0.41,1000.63,38.01,114.28,2.80,2.22,103.89,304.01,7902,0.67,0.70,9.47,1.00,0.04,-0.03,0.02,3.36,-4.27,2.35,6,9,8,0,35.2901967,136.2528900,82.40, 0.44
3129427,0.05,-0.29,9.53,1.00,-0.01,-0.00,-0.00,-0.56,1.34,-0.40,10.62,0.00,0,2,1001.29,42.23,109.70,1001.29,41.11,109.33,0.41,1000.63,38.02,114.29,2.35,2.04,103.97,304.01,7903,0.65,1.00,9.62,1.00,0.04,-0.03,0.02,3.38,-4.29,2.35,6,9,8,0,35.2901967,136.2528900,82.40, 0.44
3129478,0.08,-0.12,9.57,1.00,-0.01,-0.00,-0.00,-0.56,1.34,-0.40,10.61,0.00,0,2,1001.29,42.25,109.70,1001.29,41.11,109.29,0.41,1000.63,38.02,114.26,2.37,2.04,103.54,304.01,7903,0.70,0.84,9.64,1.00,0.04,-0.03,0.02,3.39,-4.28,2.35,6,9,8,0,35.2901967,136.2528900,82.40, 0.44
3129532,0.06,-0.23,9.62,1.00,-0.01,-0.00,-0.00,-0.55,1.33,-0.40,10.61,0.00,0,2,1001.30,42.25,109.67,1001.29,41.12,109.31,0.41,1000.63,38.00,114.27,2.25,1.99,104.50,304.01,7902,0.63,0.95,9.67,1.00,0.04,-0.03,0.02,3.41,-4.26,2.35,6,9,8,0,35.2901967,136.2528900,82.40, 0.44
3129588,-0.01,-0.22,9.57,1.00,-0.01,-0.00,-0.00,-0.54,1.33,-0.40,10.61,0.00,0,2,1001.29,42.25,109.73,1001.29,41.11,109.34,0.41,1000.63,38.01,114.27,2.22,1.98,104.77,304.01,7903,0.69,0.71,9.58,1.00,0.04,-0.03,0.02,3.41,-4.26,2.35,6,9,8,0,35.2901967,136.2528900,82.40, 0.44
3129640,-0.05,-0.24,9.62,1.00,-0.01,-0.00,-0.00,-0.53,1.34,-0.40,10.61,0.00,0,2,1001.30,42.25,109.66,1001.29,41.12,109.32,0.41,1000.62,38.02,114.33,2.27,2.00,104.85,304.01,7903,0.88,0.64,9.59,1.00,0.04,-0.03,0.02,3.44,-4.26,2.34,6,9,8,0,35.2901967,136.2528900,82.40, 0.44
3129697,0.00,-0.28,9.55,1.00,-0.01,-0.00,-0.00,-0.52,1.34,-0.40,10.61,0.00,0,2,1001.29,42.26,109.70,1001.29,41.10,109.33,0.41,1000.63,38.01,114.30,2.38,2.05,104.41,304.01,7902,0.67,0.50,9.50,1.00,0.04,-0.03,0.02,3.45,-4.26,2.34,6,9,8,0,35.2901967,136.2528900,82.40, 0.44
3129749,0.06,-0.21,9.63,1.00,-0.01,-0.00,-0.00,-0.51,1.34,-0.40,10.62,0.00,0,2,1001.29,42.25,109.70,1001.29,41.11,109.34,0.41,1000.63,38.02,114.30,2.38,2.05,103.71,304.01,7902,0.59,0.59,9.58,1.00,0.04,-0.03,0.02,3.45,-4.26,2.34,6,9,9,0,35.2901967,136.2528850,82.40, 0.35
3129807,0.05,-0.14,9.55,1.00,-0.01,-0.00,-0.00,-0.51,1.34,-0.40,10.62,0.00,0,2,1001.29,42.25,109.70,1001.29,41.10,109.34,0.41,1000.62,38.00,114.32,2.30,2.01,102.74,304.01,7902,0.77,0.57,9.53,1.00,0.04,-0.03,0.02,3.45,-4.26,2.34,6,9,9,0,35.2901967,136.2528850,82.40, 0.35
3129858,0.07,-0.18,9.57,1.00,-0.01,-0.00,-0.00,-0.51,1.33,-0.40,10.62,0.00,0,2,1001.30,42.27,109.67,1001.29,41.10,109.37,0.41,1000.62,38.02,114.31,1.82,1.79,102.57,304.01,7902,0.68,0.58,9.62,1.00,0.04,-0.03,0.02,3.47,-4.24,2.34,6,9,9,0,35.2901967,136.2528850,82.40, 0.35
3129916,0.00,-0.32,9.55,1.00,-0.01,-0.00,-0.00,-0.50,1.34,-0.40,10.63,0.00,0,2,1001.29,42.24,109.72,1001.29,41.11,109.33,0.41,1000.62,38.00,114.35,1.87,1.82,102.66,304.01,7903,0.68,0.88,9.64,1.00,0.04,-0.03,0.02,3.48,-4.24,2.34,6,9,9,0,35.2901967,136.2528850,82.40, 0.35
3129967,0.00,-0.12,9.60,1.00,-0.01,-0.00,-0.00,-0.47,1.35,-0.40,10.63,0.00,0,2,1001.29,42.26,109.69,1001.29,41.11,109.36,0.41,1000.63,38.00,114.31,2.18,1.96,102.83,304.01,7903,0.67,0.57,9.56,1.00,0.04,-0.03,0.02,3.52,-4.25,2.35,6,9,9,0,35.2901967,136.2528850,82.40, 0.35
3130025,0.05,-0.20,9.56,1.00,-0.01,-0.00,-0.00,-0.47,1.34,-0.40,10.62,0.00,0,2,1001.29,42.25,109.70,1001.29,41.12,109.35,0.41,1000.63,38.01,114.29,2.32,2.02,102.74,304.01,7902,0.78,0.67,9.60,1.00,0.04,-0.03,0.02,3.53,-4.25,2.35,6,9,9,0,35.2901967,136.2528850,82.40, 0.35
3130078,0.00,-0.30,9.59,1.00,-0.01,-0.00,-0.00,-0.46,1.34,-0.40,10.61,0.00,0,2,1001.29,42.27,109.72,1001.29,41.11,109.33,0.41,1000.63,38.01,114.29,2.48,2.09,102.74,304.01,7903,0.75,0.82,9.60,1.00,0.04,-0.03,0.02,3.55,-4.25,2.35,6,9,9,0,35.2901967,136.2528850,82.40, 0.35
3130135,0.00,-0.21,9.55,1.00,-0.01,-0.00,-0.00,-0.45,1.36,-0.40,10.61,0.00,0,2,1001.29,42.25,109.70,1001.29,41.12,109.38,0.41,1000.63,38.01,114.29,1.82,1.79,102.48,304.01,7903,0.65,0.60,9.52,1.00,0.04,-0.03,0.02,3.58,-4.25,2.35,6,9,9,0,35.2901967,136.2528850,82.40, 0.35
3130189,0.11,-0.22,9.73,1.00,-0.01,-0.00,-0.00,-0.45,1.35,-0.40,10.62,0.00,0,2,1001.29,42.26,109.74,1001.29,41.10,109.34,0.41,1000.63,38.02,114.29,1.93,1.85,102.57,304.01,7903,0.71,0.98,9.70,1.00,0.04,-0.03,0.02,3.59,-4.25,2.35,6,9,9,0,35.2901967,136.2528850,82.40, 0.35
3130245,-0.03,-0.25,9.52,1.00,-0.01,-0.00,-0.00,-0.45,1.35,-0.40,10.61,0.00,0,2,1001.29,42.25,109.70,1001.29,41.11,109.32,0.41,1000.63,38.01,114.27,1.73,1.75,103.89,304.01,7902,0.70,1.11,9.69,1.00,0.04,-0.03,0.02,3.60,-4.26,2.35,6,9,9,0,35.2901967,136.2528850,82.40, 0.35
3130298,-0.11,-0.16,9.57,1.00,-0.01,-0.00,-0.00,-0.45,1.35,-0.40,10.62,0.00,0,2,1001.29,42.25,109.71,1001.29,41.11,109.34,0.41,1000.63,38.01,114.30,1.62,1.69,103.97,304.01,7902,0.75,0.47,9.52,1.00,0.04,-0.03,0.02,3.60,-4.26,2.35,6,9,9,0,35.2901967,136.2528850,82.40, 0.35
3130355,-0.06,-0.22,9.54,1.00,-0.01,-0.00,-0.00,-0.45,1.35,-0.40,10.61,0.00,0,2,1001.29,42.25,109.70,1001.29,41.11,109.34,0.41,1000.62,38.01,114.32,2.02,1.89,103.89,304.01,7902,0.84,0.58,9.50,1.00,0.04,-0.03,0.02,3.60,-4.27,2.35,6,9,9,0,35.2901967,136.2528850,82.40, 0.35
3130413,0.06,-0.26,9.66,1.00,-0.01,-0.00,-0.00,-0.45,1.35,-0.40,10.62,0.00,0,2,1001.29,42.26,109.73,1001.29,41.12,109.32,0.41,1000.63,38.01,114.29,1.68,1.72,103.62,303.93,7903,0.68,0.44,9.52,1.00,0.04,-0.03,0.02,3.60,-4.27,2.35,6,9,9,0,35.2901967,136.2528850,82.40, 0.35
3130466,0.09,-0.23,9.55,1.00,-0.01,-0.00,-0.00,-0.45,1.35,-0.40,10.61,0.00,0,2,1001.29,42.26,109.69,1001.29,41.10,109.34,0.41,1000.63,38.03,114.31,1.70,1.73,103.62,304.01,7902,0.65,0.69,9.63,1.00,0.04,-0.03,0.02,3.60,-4.27,2.35,6,9,9,0,35.2901967,136.2528850,82.40, 0.35
3130524,-0.02,-0.22,9.55,1.00,-0.01,-0.00,-0.00,-0.45,1.35,-0.40,10.61,0.00,0,2,1001.29,42.26,109.71,1001.29,41.11,109.37,0.41,1000.62,38.02,114.33,1.75,1.76,103.97,304.01,7902,0.75,0.57,9.50,1.00,0.04,-0.03,0.02,3.60,-4.26,2.35,6,9,9,0,35.2901967,136.2528850,82.40, 0.35
3130576,-0.07,-0.22,9.61,1.00,-0.01,-0.00,-0.00,-0.45,1.35,-0.40,10.61,0.00,0,2,1001.29,42.26,109.69,1001.29,41.12,109.34,0.41,1000.63,38.02,114.30,2.25,1.99,103.71,304.01,7903,0.79,0.56,9.52,1.00,0.04,-0.03,0.02,3.62,-4.25,2.34,6,9,9,0,35.2901967,136.2528850,82.40, 0.35
3130628,0.03,-0.11,9.52,1.00,-0.01,-0.00,-0.00,-0.45,1.35,-0.40,10.61,0.00,0,2,1001.29,42.27,109.72,1001.28,41.10,109.31,0.41,1000.63,38.02,114.28,1.57,1.66,103.62,304.01,7903,0.59,0.36,9.55,1.00,0.04,-0.03,0.02,3.62,-4.26,2.34,6,9,9,0,35.2901967,136.2528850,82.40, 0.35
3130685,-0.05,-0.32,9.56,1.00,-0.01,-0.00,-0.00,-0.45,1.35,-0.40,10.60,0.00,0,2,1001.30,42.26,109.65,1001.29,41.13,109.33,0.41,1000.63,38.01,114.30,1.53,1.65,103.62,304.01,7903,0.78,1.12,9.73,1.00,0.04,-0.03,0.02,3.62,-4.27,2.34,6,9,9,0,35.2901967,136.2528850,82.40, 0.35
3130737,0.04,-0.17,9.54,1.00,-0.01,-0.00,-0.00,-0.45,1.35,-0.40,10.59,0.00,0,2,1001.30,42.28,109.68,1001.29,41.11,109.33,0.41,1000.63,38.01,114.25,1.58,1.67,104.85,304.01,7902,0.75,1.04,9.66,1.00,0.04,-0.03,0.02,3.62,-4.27,2.34,6,9,10,0,35.2901967,136.2528850,82.40, 0.13
3130795,0.07,-0.20,9.61,1.00,-0.01,-0.00,-0.00,-0.45,1.35,-0.40,10.59,0.00,0,2,1001.29,42.25,109.70,1001.29,41.12,109.34,0.41,1000.63,38.02,114.30,1.73,1.75,106.35,303.93,7903,0.69,1.08,9.74,1.00,0.04,-0.03,0.02,3.62,-4.27,2.34,6,9,10,0,35.2901967,136.2528850,82.40, 0.13
3130852,0.01,-0.36,9.39,1.00,-0.01,-0.00,-0.00,-0.45,1.35,-0.40,10.59,0.00,0,2,1001.30,42.27,109.67,1001.29,41.13,109.31,0.41,1000.63,38.03,114.30,1.87,1.82,105.03,304.01,7902,0.69,0.70,9.51,1.00,0.04,-0.03,0.02,3.62,-4.27,2.34,6,9,11,0,35.2901983,136.2528817,82.50, 0.13
3130905,0.00,-0.19,9.70,1.00,-0.01,-0.00,-0.00,-0.45,1.35,-0.40,10.59,0.00,0,2,1001.29,42.26,109.69,1001.29,41.13,109.34,0.41,1000.63,38.01,114.27,2.12,1.93,102.92,304.01,7902,0.76,0.43,9.61,1.00,0.04,-0.03,0.02,3.62,-4.27,2.34,6,9,11,0,35.2901983,136.2528817,82.50, 0.13
3130963,-0.02,-0.21,9.46,1.00,-0.01,-0.00,-0.00,-0.45,1.35,-0.40,10.60,0.00,0,2,1001.29,42.25,109.71,1001.29,41.13,109.33,0.40,1000.62,38.01,114.34,1.88,1.82,101.60,303.93,7903,0.76,0.63,9.54,1.00,0.04,-0.03,0.02,3.62,-4.27,2.34,6,9,11,0,35.2901983,136.2528817,82.50, 0.13
3131014,0.08,-0.19,9.54,1.00,-0.01,-0.00,-0.00,-0.45,1.35,-0.40,10.60,0.00,0,2,1001.30,42.26,109.68,1001.29,41.13,109.34,0.41,1000.63,38.01,114.29,1.97,1.86,99.84,303.93,7903,0.65,0.83,9.63,1.00,0.04,-0.03,0.02,3.64,-4.25,2.35,6,9,11,0,35.2901983,136.2528817,82.50, 0.13
3131073,0.03,-0.25,9.59,1.00,-0.01,-0.00,-0.00,-0.45,1.35,-0.40,10.60,0.00,0,2,1001.29,42.25,109.73,1001.29,41.12,109.34,0.41,1000.63,38.01,114.30,2.00,1.88,99.14,303.93,7903,0.72,0.87,9.62,1.00,0.04,-0.03,0.02,3.64,-4.25,2.35,6,9,11,0,35.2901983,136.2528817,82.50, 0.13
3131126,-0.06,-0.29,9.62,1.00,-0.01,-0.00,-0.00,-0.45,1.35,-0.40,10.59,0.00,0,2,1001.30,42.26,109.66,1001.29,41.12,109.33,0.41,1000.63,38.01,114.30,2.07,1.91,97.29,303.93,7902,0.75,0.91,9.61,1.00,0.04,-0.03,0.02,3.65,-4.26,2.35,6,9,11,0,35.2901983,136.2528817,82.50, 0.13
3131179,0.01,-0.22,9.49,1.00,-0.01,-0.00,-0.00,-0.45,1.35,-0.40,10.60,0.00,0,2,1001.29,42.25,109.68,1001.29,41.11,109.34,0.41,1000.62,38.02,114.33,2.15,1.95,96.06,303.93,7903,0.63,0.50,9.48,1.00,0.04,-0.03,0.02,3.67,-4.26,2.35,6,9,11,0,35.2901983,136.2528817,82.50, 0.13
3131233,0.05,-0.19,9.63,1.00,-0.01,-0.00,-0.00,-0.45,1.35,-0.40,10.59,0.00,0,2,1001.30,42.25,109.67,1001.29,41.11,109.34,0.41,1000.63,38.01,114.29,2.22,1.98,95.98,303.93,7902,0.69,0.39,9.55,1.00,0.04,-0.03,0.02,3.68,-4.25,2.35,6,9,11,0,35.2901983,136.2528817,82.50, 0.13
3131291,0.05,-0.17,9.57,1.00,-0.01,-0.00,-0.00,-0.45,1.35,-0.40,10.61,0.00,0,2,1001.29,42.25,109.70,1001.29,41.12,109.37,0.41,1000.63,38.00,114.25,2.28,2.01,95.98,303.93,7902,0.69,0.45,9.48,1.00,0.04,-0.03,0.02,3.68,-4.25,2.35,6,9,11,0,35.2901983,136.2528817,82.50, 0.13
3131344,0.03,-0.20,9.59,1.00,-0.01,-0.00,-0.00,-0.45,1.35,-0.40,10.60,0.00,0,2,1001.29,42.26,109.71,1001.29,41.11,109.33,0.41,1000.63,37.99,114.30,2.40,2.06,96.24,303.93,7902,0.62,0.99,9.66,1.00,0.04,-0.03,0.02,3.68,-4.25,2.35,6,9,11,0,35.2901983,136.2528817,82.50, 0.13
3131400,-0.01,-0.23,9.55,1.00,-0.01,-0.00,-0.00,-0.45,1.35,-0.40,10.59,0.00,0,2,1001.29,42.25,109.71,1001.29,41.12,109.35,0.41,1000.63,38.01,114.30,2.22,1.98,96.77,303.93,7903,0.67,0.79,9.62,1.00,0.04,-0.03,0.02,3.68,-4.25,2.35,6,9,11,0,35.2901983,136.2528817,82.50, 0.13
3131452,-0.02,-0.26,9.55,1.00,-0.01,-0.00,-0.00,-0.45,1.35,-0.40,10.60,0.00,0,2,1001.29,42.26,109.73,1001.29,41.12,109.35,0.41,1000.63,38.01,114.25,2.38,2.05,96.42,303.93,7903,0.75,0.79,9.63,1.00,0.04,-0.03,0.02,3.69,-4.25,2.35,6,9,11,0,35.2901983,136.2528817,82.50, 0.13
3131508,0.03,-0.27,9.50,1.00,-0.01,-0.00,-0.00,-0.45,1.35,-0.40,10.59,0.00,0,2,1001.29,42.26,109.71,1001.29,41.11,109.34,0.41,1000.63,38.01,114.30,2.53,2.11,96.33,303.93,7901,0.75,0.60,9.50,1.00,0.04,-0.03,0.02,3.69,-4.25,2.35,6,9,11,0,35.2901983,136.2528817,82.50, 0.13
3131563,0.00,-0.15,9.55,1.00,-0.01,-0.00,-0.00,-0.45,1.35,-0.40,10.61,0.00,0,2,1001.29,42.25,109.75,1001.29,41.12,109.37,0.41,1000.63,38.00,114.29,2.28,2.01,96.33,303.93,7902,0.76,0.44,9.52,1.00,0.04,-0.03,0.02,3.69,-4.25,2.35,6,9,11,0,35.2901983,136.2528817,82.50, 0.13
3131620,0.02,-0.22,9.58,1.00,-0.01,-0.00,-0.00,-0.45,1.35,-0.40,10.61,0.00,0,2,1001.29,42.26,109.71,1001.29,41.11,109.34,0.41,1000.63,38.02,114.26,2.30,2.01,96.24,303.93,7903,0.70,0.69,9.60,1.00,0.04,-0.03,0.02,3.70,-4.24,2.35,6,9,11,0,35.2901983,136.2528817,82.50, 0.13
3131671,0.00,-0.26,9.63,1.00,-0.01,-0.00,-0.00,-0.45,1.35,-0.40,10.62,0.00,0,2,1001.29,42.25,109.75,1001.29,41.11,109.36,0.41,1000.63,38.01,114.29,2.07,1.91,96.86,303.93,7902,0.78,0.79,9.60,1.00,0.04,-0.03,0.02,3.71,-4.24,2.35,6,9,11,0,35.2901983,136.2528817,82.50, 0.13
3131724,-0.03,-0.19,9.53,1.00,-0.01,-0.00,-0.00,-0.45,1.35,-0.40,10.61,0.00,0,2,1001.29,42.26,109.71,1001.29,41.12,109.35,0.41,1000.62,38.02,114.33,2.08,1.92,97.47,303.93,7903,0.83,0.86,9.52,1.00,0.04,-0.03,0.02,3.73,-4.24,2.35,6,9,11,0,35.2901983,136.2528817,82.50, 0.10
3131782,0.04,-0.21,9.61,1.00,-0.01,-0.00,-0.00,-0.45,1.35,-0.40,10.62,0.00,0,2,1001.29,42.26,109.73,1001.29,41.12,109.34,0.41,1000.62,38.01,114.33,2.63,2.16,96.77,303.93,7903,0.69,0.53,9.54,1.00,0.04,-0.03,0.02,3.74,-4.24,2.35,6,9,11,0,35.2901983,136.2528817,82.50, 0.10
3131839,0.07,-0.22,9.62,1.00,-0.01,-0.00,-0.00,-0.45,1.35,-0.40,10.62,0.00,0,2,1001.29,42.24,109.70,1001.29,41.12,109.32,0.41,1000.62,38.01,114.32,2.10,1.93,95.01,303.93,7902,0.74,0.57,9.57,1.00,0.04,-0.03,0.02,3.75,-4.23,2.35,6,9,11,0,35.2901983,136.2528817,82.50, 0.10
3131890,0.02,-0.22,9.57,1.00,-0.01,-0.00,-0.00,-0.45,1.35,-0.40,10.61,0.00,0,2,1001.29,42.26,109.70,1001.29,41.12,109.35,0.41,1000.62,38.02,114.33,1.83,1.80,93.78,303.93,7901,0.74,0.62,9.54,1.00,0.04,-0.03,0.02,3.76,-4.22,2.35,6,9,11,0,35.2901983,136.2528817,82.50, 0.10
3131949,0.02,-0.22,9.54,1.00,-0.01,-0.00,-0.00,-0.45,1.35,-0.40,10.60,0.00,0,2,1001.29,42.24,109.69,1001.29,41.12,109.34,0.41,1000.63,38.01,114.30,2.33,2.03,93.43,303.93,7902,0.64,0.65,9.59,1.00,0.04,-0.03,0.02,3.76,-4.22,2.35,6,9,12,0,35.2901983,136.2528800,82.50, 0.10
3132000,0.02,-0.20,9.57,1.00,-0.01,-0.00,-0.00,-0.45,1.35,-0.40,10.59,0.00,0,2,1001.29,42.25,109.70,1001.29,41.12,109.33,0.41,1000.63,38.02,114.29,2.35,2.04,93.16,303.93,7902,0.73,0.73,9.62,1.00,0.04,-0.03,0.02,3.77,-4.22,2.35,6,9,12,0,35.2901983,136.2528800,82.50, 0.10
3132058,0.00,-0.24,9.57,1.00,-0.01,-0.00,-0.00,-0.45,1.35,-0.40,10.59,0.00,0,2,1001.29,42.26,109.68,1001.29,41.13,109.32,0.41,1000.62,38.01,114.32,2.37,2.04,93.08,303.93,7903,0.74,0.69,9.62,1.00,0.04,-0.03,0.02,3.78,-4.21,2.35,6,9,12,0,35.2901983,136.2528800,82.50, 0.10
3132110,0.08,-0.34,9.69,1.00,-0.01,-0.00,-0.00,-0.45,1.35,-0.40,10.59,0.00,0,2,1001.29,42.24,109.74,1001.29,41.11,109.35,0.41,1000.62,38.00,114.32,2.23,1.99,93.60,303.93,7903,0.65,0.68,9.57,1.00,0.04,-0.03,0.02,3.79,-4.21,2.35,6,9,12,0,35.2901983,136.2528800,82.50, 0.10
3132167,-0.03,-0.30,9.40,1.00,-0.01,-0.00,-0.00,-0.45,1.35,-0.40,10.60,0.00,0,2,1001.29,42.25,109.72,1001.29,41.13,109.37,0.41,1000.63,38.00,114.31,2.10,1.93,94.48,303.93,7902,0.62,0.81,9.55,1.00,0.04,-0.03,0.02,3.81,-4.21,2.35,6,9,12,0,35.2901983,136.2528800,82.50, 0.10
3132219,0.06,-0.15,9.72,1.00,-0.01,-0.00,-0.00,-0.45,1.35,-0.40,10.61,0.00,0,2,1001.29,42.23,109.73,1001.29,41.12,109.31,0.41,1000.63,38.01,114.30,1.38,1.56,94.57,303.93,7903,0.79,0.50,9.60,1.00,0.04,-0.03,0.02,3.81,-4.21,2.35,6,9,12,0,35.2901983,136.2528800,82.50, 0.10
3132275,0.08,-0.26,9.46,1.00,-0.01,-0.00,-0.00,-0.45,1.35,-0.40,10.61,0.00,0,2,1001.29,42.25,109.73,1001.29,41.11,109.33,0.41,1000.63,38.00,114.29,1.55,1.65,94.75,303.93,7903,0.68,0.77,9.59,1.00,0.04,-0.03,0.02,3.81,-4.21,2.35,6,9,12,0,35.2901983,136.2528800,82.50, 0.10
3132331,0.01,-0.19,9.54,1.00,-0.01,-0.00,-0.00,-0.45,1.35,-0.40,10.61,0.00,0,2,1001.29,42.24,109.74,1001.29,41.12,109.34,0.41,1000.63,38.01,114.30,2.20,1.97,95.27,303.93,7902,0.54,0.63,9.55,1.00,0.04,-0.03,0.02,3.81,-4.21,2.35,6,9,12,0,35.2901983,136.2528800,82.50, 0.10
3132388,0.03,-0.26,9.59,1.00,-0.01,-0.00,-0.00,-0.45,1.35,-0.40,10.61,0.00,0,2,1001.29,42.25,109.68,1001.29,41.12,109.38,0.41,1000.62,38.01,114.32,1.80,1.78,95.27,303.93,7902,0.60,0.64,9.66,1.00,0.04,-0.03,0.02,3.81,-4.21,2.35,6,9,12,0,35.2901983,136.2528800,82.50, 0.10
3132440,0.00,-0.22,9.53,1.00,-0.01,-0.00,-0.00,-0.45,1.35,-0.40,10.61,0.00,0,2,1001.29,42.25,109.72,1001.29,41.13,109.31,0.41,1000.62,38.01,114.35,2.02,1.89,94.66,303.93,7903,0.64,0.65,9.56,1.00,0.04,-0.03,0.02,3.81,-4.21,2.35,6,9,12,0,35.2901983,136.2528800,82.50, 0.10
3132498,0.06,-0.21,9.52,1.00,-0.01,-0.00,-0.00,-0.45,1.35,-0.40,10.60,0.00,0,2,1001.29,42.24,109.71,1001.29,41.13,109.34,0.41,1000.62,38.02,114.35,1.38,1.56,94.75,303.93,7903,0.65,0.68,9.57,1.00,0.04,-0.03,0.02,3.81,-4.21,2.35,6,9,12,0,35.2901983,136.2528800,82.50, 0.10
3132551,0.02,-0.22,9.67,1.00,-0.01,-0.00,-0.00,-0.45,1.35,-0.40,10.61,0.00,0,2,1001.29,42.24,109.69,1001.29,41.12,109.34,0.41,1000.63,38.03,114.31,1.82,1.79,94.83,303.93,7903,0.55,0.46,9.55,1.00,0.04,-0.03,0.02,3.83,-4.23,2.36,6,9,12,0,35.2901983,136.2528800,82.50, 0.10
3132608,0.00,-0.16,9.53,1.00,-0.01,-0.00,-0.00,-0.45,1.35,-0.40,10.62,0.00,0,2,1001.29,42.24,109.74,1001.29,41.13,109.34,0.41,1000.62,38.01,114.33,1.40,1.57,94.92,303.93,7903,0.88,0.95,9.62,1.00,0.04,-0.03,0.02,3.83,-4.23,2.36,6,9,12,0,35.2901983,136.2528800,82.50, 0.10
3132659,0.03,-0.23,9.58,1.00,-0.01,-0.00,-0.00,-0.45,1.35,-0.40,10.62,0.00,0,2,1001.29,42.25,109.73,1001.29,41.13,109.35,0.41,1000.62,38.02,114.33,1.88,1.82,95.01,303.93,7903,0.75,0.71,9.59,1.00,0.04,-0.03,0.02,3.84,-4.22,2.37,6,9,12,0,35.2901983,136.2528800,82.50, 0.10
3132717,0.00,-0.22,9.63,1.00,-0.01,-0.00,-0.00,-0.45,1.35,-0.40,10.61,0.00,0,2,1001.29,42.25,109.73,1001.29,41.13,109.31,0.41,1000.63,38.00,114.31,1.33,1.53,95.10,303.93,7902,0.47,0.83,9.67,1.00,0.04,-0.03,0.02,3.85,-4.21,2.36,6,9,12,0,35.2901983,136.2528800,82.50, 0.10
3132768,-0.04,-0.14,9.64,1.00,-0.01,-0.00,-0.00,-0.45,1.35,-0.40,10.61,0.00,0,2,1001.29,42.25,109.75,1001.29,41.13,109.36,0.41,1000.63,38.04,114.28,2.52,2.11,96.33,303.93,7902,0.68,0.50,9.52,1.00,0.04,-0.03,0.02,3.85,-4.21,2.36,6,9,12,0,35.2901983,136.2528800,82.50, 0.20
3132823,0.03,-0.24,9.67,1.00,-0.01,-0.00,-0.00,-0.45,1.35,-0.40,10.60,0.00,0,2,1001.29,42.24,109.76,1001.29,41.12,109.38,0.41,1000.63,38.02,114.30,2.00,1.88,96.68,303.93,7903,0.97,0.74,9.59,1.00,0.04,-0.03,0.02,3.88,-4.19,2.36,6,9,12,0,35.2901983,136.2528800,82.50, 0.20
3132877,0.07,-0.21,9.60,1.00,-0.01,-0.00,-0.00,-0.45,1.35,-0.40,10.61,0.00,0,2,1001.29,42.24,109.73,1001.29,41.12,109.32,0.41,1000.62,38.01,114.33,2.07,1.91,97.03,303.93,7903,0.26,0.88,9.68,1.00,0.04,-0.03,0.02,3.88,-4.19,2.38,6,9,13,0,35.2901967,136.2528783,82.50, 0.20
3132935,0.04,-0.12,9.63,1.00,-0.01,-0.00,-0.00,-0.45,1.35,-0.40,10.62,0.00,0,2,1001.29,42.25,109.75,1001.29,41.13,109.38,0.41,1000.62,38.00,114.34,1.72,1.74,95.27,303.93,7903,0.37,0.30,9.54,1.00,0.04,-0.03,0.02,3.88,-4.19,2.38,6,9,13,0,35.2901967,136.2528783,82.50, 0.20
3132987,0.00,-0.23,9.59,1.00,-0.01,-0.00,-0.00,-0.45,1.35,-0.40,10.61,0.00,0,2,1001.29,42.26,109.76,1001.29,41.13,109.34,0.41,1000.63,38.02,114.29,1.80,1.78,93.87,303.93,7903,0.35,0.39,9.53,1.00,0.04,-0.03,0.02,3.88,-4.19,2.39,6,9,13,0,35.2901967,136.2528783,82.50, 0.20
3133044,0.00,-0.22,9.54,1.00,-0.01,-0.00,-0.00,-0.45,1.35,-0.40,10.61,0.00,0,2,1001.29,42.26,109.71,1001.29,41.12,109.34,0.41,1000.62,38.01,114.33,2.02,1.89,94.75,303.93,7902,1.02,0.54,9.47,1.00,0.04,-0.03,0.02,3.88,-4.19,2.39,6,9,13,0,35.2901967,136.2528783,82.50, 0.20
3133098,0.00,-0.24,9.56,1.00,-0.01,-0.00,-0.00,-0.45,1.35,-0.40,10.61,0.00,0,2,1001.29,42.26,109.71,1001.29,41.13,109.33,0.41,1000.63,38.01,114.30,2.00,1.88,95.10,303.93,7902,0.48,0.68,9.62,1.00,0.04,-0.03,0.02,3.88,-4.19,2.41,6,9,13,0,35.2901967,136.2528783,82.50, 0.20
3133154,0.07,-0.19,9.58,1.00,-0.01,-0.00,-0.00,-0.45,1.35,-0.40,10.61,0.00,0,2,1001.29,42.26,109.69,1001.28,41.12,109.36,0.41,1000.62,38.03,114.34,2.38,2.05,94.66,303.93,7903,0.39,0.80,9.64,1.00,0.04,-0.03,0.02,3.88,-4.19,2.41,6,9,13,0,35.2901967,136.2528783,82.50, 0.20
3133207,0.02,-0.22,9.57,1.00,-0.01,-0.00,-0.00,-0.45,1.35,-0.40,10.61,0.00,0,2,1001.30,42.26,109.68,1001.28,41.12,109.38,0.41,1000.63,38.02,114.31,2.57,2.13,94.39,303.93,7902,0.87,0.87,9.60,1.00,0.04,-0.03,0.02,3.88,-4.19,2.42,6,9,13,0,35.2901967,136.2528783,82.50, 0.20
3133264,0.00,-0.25,9.59,1.00,-0.01,-0.00,-0.00,-0.45,1.35,-0.40,10.61,0.00,0,2,1001.30,42.26,109.66,1001.29,41.12,109.34,0.41,1000.62,38.02,114.32,2.45,2.08,94.57,303.93,7902,1.05,0.70,9.58,1.00,0.04,-0.03,0.02,3.90,-4.20,2.43,6,9,13,0,35.2901967,136.2528783,82.50, 0.20
3133317,0.01,-0.20,9.55,1.00,-0.01,-0.00,-0.00,-0.45,1.35,-0.40,10.59,0.00,0,2,1001.30,42.26,109.66,1001.29,41.13,109.38,0.41,1000.63,38.01,114.30,2.37,2.04,94.83,303.93,7902,0.46,0.58,9.58,1.00,0.04,-0.03,0.02,3.91,-4.19,2.44,6,9,13,0,35.2901967,136.2528783,82.50, 0.20
3133370,0.02,-0.28,9.57,1.00,-0.01,-0.00,-0.00,-0.45,1.35,-0.40,10.59,0.00,0,2,1001.29,42.26,109.70,1001.29,41.13,109.34,0.41,1000.63,38.01,114.30,2.13,1.94,94.75,303.93,7902,0.59,0.72,9.59,1.00,0.04,-0.03,0.02,3.93,-4.19,2.45,6,9,13,0,35.2901967,136.2528783,82.50, 0.20
3133426,0.04,-0.17,9.55,1.00,-0.01,-0.00,-0.00,-0.45,1.35,-0.40,10.59,0.00,0,2,1001.29,42.25,109.70,1001.29,41.12,109.35,0.41,1000.62,38.00,114.33,2.45,2.08,94.66,303.93,7903,0.96,0.60,9.52,1.00,0.04,-0.03,0.02,3.93,-4.19,2.48,6,9,13,0,35.2901967,136.2528783,82.50, 0.20
3133478,-0.02,-0.19,9.54,1.00,-0.01,-0.00,-0.00,-0.45,1.35,-0.40,10.60,0.00,0,2,1001.29,42.26,109.71,1001.29,41.14,109.34,0.41,1000.62,38.01,114.37,2.30,2.01,94.39,303.93,7903,1.03,0.69,9.51,1.00,0.04,-0.03,0.02,3.94,-4.19,2.48,6,9,13,0,35.2901967,136.2528783,82.50, 0.20
3133536,0.00,-0.23,9.54,1.00,-0.01,-0.00,-0.00,-0.45,1.35,-0.40,10.61,0.00,0,2,1001.29,42.26,109.73,1001.29,41.12,109.35,0.41,1000.62,38.01,114.32,2.38,2.05,94.48,303.93,7902,0.68,0.67,9.54,1.00,0.04,-0.03,0.02,3.94,-4.19,2.50,6,9,13,0,35.2901967,136.2528783,82.50, 0.20
3133593,-0.04,-0.17,9.56,1.00,-0.01,-0.00,-0.00,-0.45,1.35,-0.40,10.61,0.00,0,2,1001.29,42.26,109.71,1001.29,41.13,109.34,0.41,1000.62,38.02,114.36,2.40,2.06,94.31,303.93,7903,0.93,0.55,9.54,1.00,0.04,-0.03,0.02,3.95,-4.19,2.50,6,9,13,0,35.2901967,136.2528783,82.50, 0.20
3133646,0.05,-0.16,9.60,1.00,-0.01,-0.00,-0.00,-0.45,1.35,-0.40,10.61,0.00,0,2,1001.29,42.26,109.70,1001.29,41.12,109.39,0.41,1000.62,38.00,114.36,2.42,2.07,94.31,303.93,7903,0.67,0.52,9.53,1.00,0.04,-0.03,0.02,3.96,-4.18,2.50,6,9,13,0,35.2901967,136.2528783,82.50, 0.20
3133704,0.04,-0.23,9.60,1.00,-0.01,-0.00,-0.00,-0.45,1.35,-0.40,10.61,0.00,0,2,1001.29,42.26,109.71,1001.29,41.12,109.33,0.41,1000.62,38.02,114.33,2.38,2.05,94.48,303.93,7902,0.56,0.71,9.57,1.00,0.04,-0.03,0.02,3.96,-4.17,2.52,6,9,13,0,35.2901967,136.2528783,82.50, 0.20
3133755,-0.01,-0.27,9.56,1.00,-0.01,-0.00,-0.00,-0.45,1.35,-0.40,10.61,0.00,0,2,1001.29,42.26,109.71,1001.29,41.13,109.34,0.41,1000.62,38.01,114.36,2.32,2.02,94.39,303.93,7902,0.90,0.77,9.54,1.00,0.04,-0.03,0.02,3.96,-4.18,2.51,6,9,13,0,35.2901967,136.2528783,82.50, 0.21
3133814,-0.04,-0.23,9.59,1.00,-0.01,-0.00,-0.00,-0.45,1.35,-0.40,10.60,0.00,0,2,1001.29,42.26,109.73,1001.29,41.13,109.34,0.41,1000.62,38.02,114.34,2.22,1.98,94.31,303.93,7902,0.79,0.77,9.64,1.00,0.04,-0.03,0.02,3.99,-4.18,2.52,6,9,13,0,35.2901967,136.2528783,82.50, 0.21
3133867,0.02,-0.23,9.55,1.00,-0.01,-0.00,-0.00,-0.45,1.35,-0.40,10.61,0.00,0,2,1001.30,42.26,109.68,1001.29,41.12,109.38,0.41,1000.62,38.01,114.32,2.13,1.94,94.39,303.93,7903,0.67,0.68,9.57,1.00,0.04,-0.03,0.02,4.00,-4.18,2.52,6,9,13,0,35.2901967,136.2528783,82.50, 0.21
3133923,0.04,-0.18,9.51,1.00,-0.01,-0.00,-0.00,-0.45,1.35,-0.40,10.61,0.00,0,2,1001.29,42.26,109.69,1001.29,41.15,109.31,0.41,1000.62,38.02,114.33,2.30,2.01,94.48,303.93,7903,0.77,0.70,9.56,1.00,0.04,-0.03,0.02,4.00,-4.18,2.52,6,9,13,0,35.2901967,136.2528783,82.50, 0.21
3133981,0.00,-0.21,9.57,1.00,-0.01,-0.00,-0.00,-0.45,1.35,-0.40,10.60,0.00,0,2,1001.29,42.25,109.70,1001.29,41.13,109.36,0.41,1000.62,38.01,114.39,2.17,1.96,94.31,303.93,7902,0.80,0.66,9.57,1.00,0.04,-0.03,0.02,4.01,-4.18,2.52,6,9,14,0,35.2901967,136.2528817,82.40, 0.21
3134034,-0.01,-0.22,9.55,1.00,-0.01,-0.00,-0.00,-0.45,1.35,-0.40,10.60,0.00,0,2,1001.29,42.25,109.71,1001.28,41.13,109.38,0.41,1000.62,38.02,114.33,2.38,2.05,94.31,303.93,7902,0.90,0.83,9.56,1.00,0.04,-0.03,0.02,4.03,-4.18,2.51,6,9,14,0,35.2901967,136.2528817,82.40, 0.21
3134092,0.07,-0.25,9.55,1.00,-0.01,-0.00,-0.00,-0.45,1.35,-0.40,10.62,0.00,0,2,1001.29,42.26,109.71,1001.29,41.13,109.36,0.41,1000.62,38.01,114.38,2.38,2.05,94.31,303.93,7902,0.52,0.82,9.64,1.00,0.04,-0.03,0.02,4.03,-4.18,2.52,6,9,14,0,35.2901967,136.2528817,82.40, 0.21
3134144,0.03,-0.21,9.53,1.00,-0.01,-0.00,-0.00,-0.45,1.35,-0.40,10.61,0.00,0,2,1001.29,42.26,109.72,1001.29,41.13,109.36,0.41,1000.62,38.01,114.36,2.33,2.03,94.31,303.93,7903,0.84,0.56,9.54,1.00,0.04,-0.03,0.02,4.02,-4.18,2.52,6,9,14,0,35.2901967,136.2528817,82.40, 0.21
3134200,0.00,-0.22,9.56,1.00,-0.01,-0.00,-0.00,-0.45,1.35,-0.40,10.60,0.00,0,2,1001.30,42.26,109.65,1001.29,41.12,109.38,0.41,1000.62,38.02,114.36,2.33,2.03,94.22,304.01,7903,0.90,0.65,9.54,1.00,0.04,-0.03,0.02,4.03,-4.18,2.52,6,9,14,0,35.2901967,136.2528817,82.40, 0.21
3134253,0.00,-0.24,9.56,1.00,-0.01,-0.00,-0.00,-0.45,1.35,-0.40,10.60,0.00,0,2,1001.29,42.25,109.68,1001.29,41.13,109.34,0.41,1000.62,38.02,114.35,2.23,1.99,93.60,304.01,7902,0.74,0.69,9.58,1.00,0.04,-0.03,0.02,4.05,-4.18,2.52,6,9,14,0,35.2901967,136.2528817,82.40, 0.21
3134311,0.00,-0.21,9.60,1.00,-0.01,-0.00,-0.00,-0.45,1.35,-0.40,10.61,0.00,0,2,1001.30,42.26,109.66,1001.28,41.13,109.40,0.41,1000.62,38.01,114.38,2.23,1.99,93.34,304.01,7902,0.60,0.59,9.55,1.00,0.04,-0.03,0.02,4.06,-4.18,2.52,6,9,14,0,35.2901967,136.2528817,82.40, 0.21
3134364,0.04,-0.17,9.58,1.00,-0.01,-0.00,-0.00,-0.45,1.35,-0.40,10.61,0.00,0,2,1001.30,42.26,109.67,1001.29,41.14,109.36,0.41,1000.62,38.02,114.37,2.40,2.06,93.34,304.01,7903,0.65,0.67,9.60,1.00,0.04,-0.03,0.02,4.06,-4.17,2.52,6,9,14,0,35.2901967,136.2528817,82.40, 0.21
3134422,0.05,-0.22,9.49,1.00,-0.01,-0.00,-0.00,-0.45,1.35,-0.40,10.61,0.00,0,2,1001.30,42.26,109.66,1001.29,41.12,109.34,0.41,1000.63,38.02,114.31,2.25,1.99,93.16,304.01,7902,0.66,0.64,9.57,1.00,0.04,-0.03,0.02,4.07,-4.17,2.52,6,9,14,0,35.2901967,136.2528817,82.40, 0.21
3134473,0.03,-0.26,9.60,1.00,-0.01,-0.00,-0.00,-0.45,1.35,-0.40,10.60,0.00,0,2,1001.29,42.25,109.70,1001.29,41.13,109.38,0.41,1000.61,38.01,114.40,2.45,2.08,93.08,304.01,7902,0.56,0.67,9.60,1.00,0.04,-0.03,0.02,4.07,-4.17,2.53,6,9,14,0,35.2901967,136.2528817,82.40, 0.21
3134531,0.00,-0.19,9.59,1.00,-0.01,-0.00,-0.00,-0.45,1.35,-0.40,10.59,0.00,0,2,1001.29,42.25,109.70,1001.29,41.13,109.33,0.41,1000.62,38.02,114.35,2.32,2.02,93.08,304.01,7903,0.82,0.58,9.57,1.00,0.04,-0.03,0.02,4.08,-4.17,2.53,6,9,14,0,35.2901967,136.2528817,82.40, 0.21
3134584,0.03,-0.26,9.56,1.00,-0.01,-0.00,-0.00,-0.45,1.35,-0.40,10.60,0.00,0,2,1001.29,42.25,109.70,1001.29,41.13,109.36,0.41,1000.62,38.01,114.35,2.32,2.02,93.08,304.01,7902,0.90,0.74,9.61,1.00,0.04,-0.03,0.02,4.08,-4.17,2.53,6,9,14,0,35.2901967,136.2528817,82.40, 0.21
3134641,0.04,-0.24,9.57,1.00,-0.01,-0.00,-0.00,-0.45,1.35,-0.40,10.59,0.00,0,2,1001.30,42.25,109.67,1001.29,41.13,109.34,0.41,1000.62,38.01,114.38,2.32,2.02,93.08,304.01,7903,0.56,0.77,9.63,1.00,0.04,-0.03,0.02,4.08,-4.17,2.53,6,9,14,0,35.2901967,136.2528817,82.40, 0.21
3134692,0.01,-0.16,9.59,1.00,-0.01,-0.00,-0.00,-0.45,1.35,-0.40,10.60,0.00,0,2,1001.29,42.24,109.67,1001.28,41.13,109.35,0.41,1000.62,38.02,114.39,2.18,1.96,93.16,304.01,7903,0.56,0.71,9.62,1.00,0.04,-0.03,0.02,4.08,-4.17,2.53,6,9,14,0,35.2901967,136.2528817,82.40, 0.21
3134750,0.00,-0.26,9.56,1.00,-0.01,-0.00,-0.00,-0.45,1.35,-0.40,10.60,0.00,0,2,1001.29,42.24,109.69,1001.29,41.12,109.35,0.41,1000.62,38.01,114.37,2.25,1.99,93.08,304.01,7904,0.79,0.81,9.64,1.00,0.04,-0.03,0.02,4.09,-4.17,2.53,6,9,14,0,35.2901967,136.2528817,82.40, 0.21
3134803,0.00,-0.21,9.58,1.00,-0.01,-0.00,-0.00,-0.45,1.35,-0.40,10.60,0.00,0,2,1001.29,42.23,109.70,1001.29,41.13,109.36,0.41,1000.62,38.01,114.36,2.15,1.95,93.08,304.01,7902,0.84,0.74,9.58,1.00,0.04,-0.03,0.02,4.10,-4.17,2.53,6,9,14,0,35.2901967,136.2528817,82.40, 0.08
3134861,0.06,-0.19,9.56,1.00,-0.01,-0.00,-0.00,-0.45,1.35,-0.40,10.60,0.00,0,2,1001.29,42.24,109.70,1001.29,41.12,109.35,0.41,1000.62,38.01,114.37,2.20,1.97,93.08,304.01,7903,0.52,0.52,9.57,1.00,0.04,-0.03,0.02,4.10,-4.16,2.53,6,9,14,0,35.2901967,136.2528817,82.40, 0.08
3134912,0.00,-0.23,9.56,1.00,-0.01,-0.00,-0.00,-0.45,1.35,-0.40,10.60,0.00,0,2,1001.30,42.25,109.67,1001.29,41.12,109.38,0.41,1000.62,38.02,114.31,1.97,1.86,93.16,304.01,7903,0.59,0.68,9.58,1.00,0.04,-0.03,0.02,4.10,-4.16,2.53,6,9,15,0,35.2901950,136.2528833,82.40, 0.08
3134969,0.00,-0.20,9.57,1.00,-0.01,-0.00,-0.00,-0.45,1.35,-0.40,10.60,0.00,0,2,1001.29,42.24,109.67,1001.29,41.12,109.37,0.41,1000.62,38.00,114.35,2.07,1.91,93.08,304.01,7903,0.78,0.68,9.58,1.00,0.04,-0.03,0.02,4.10,-4.16,2.53,6,9,15,0,35.2901950,136.2528833,82.40, 0.08
3135020,-0.01,-0.26,9.57,1.00,-0.01,-0.00,-0.00,-0.45,1.35,-0.40,10.59,0.00,0,2,1001.29,42.24,109.67,1001.29,41.14,109.35,0.41,1000.62,38.02,114.33,1.78,1.77,92.90,304.01,7902,0.64,0.77,9.61,1.00,0.04,-0.04,0.02,4.11,-4.16,2.53,6,9,15,0,35.2901950,136.2528833,82.40, 0.08
3135073,0.00,-0.18,9.57,1.00,-0.01,-0.00,-0.00,-0.45,1.35,-0.40,10.59,0.00,0,2,1001.29,42.22,109.75,1001.29,41.13,109.34,0.41,1000.62,38.02,114.33,1.92,1.84,92.90,303.93,7903,0.75,0.69,9.58,1.00,0.04,-0.04,0.02,4.11,-4.16,2.53,6,9,15,0,35.2901950,136.2528833,82.40, 0.08
3135130,0.05,-0.21,9.55,1.00,-0.01,-0.00,-0.00,-0.45,1.35,-0.40,10.60,0.00,0,2,1001.29,42.23,109.68,1001.29,41.13,109.36,0.41,1000.62,38.02,114.33,2.35,2.04,92.72,303.93,7902,0.73,0.70,9.63,1.00,0.04,-0.04,0.02,4.11,-4.16,2.53,6,9,15,0,35.2901950,136.2528833,82.40, 0.08
3135182,0.05,-0.19,9.58,1.00,-0.01,-0.00,-0.00,-0.45,1.35,-0.40,10.60,0.00,0,2,1001.29,42.21,109.72,1001.29,41.13,109.35,0.41,1000.62,38.01,114.37,1.98,1.87,93.25,304.01,7903,0.81,0.66,9.55,1.00,0.04,-0.04,0.02,4.11,-4.16,2.53,6,9,15,0,35.2901950,136.2528833,82.40, 0.08
3135240,-0.02,-0.23,9.57,1.00,-0.01,-0.00,-0.00,-0.45,1.35,-0.40,10.60,0.00,0,2,1001.29,42.23,109.68,1001.29,41.12,109.37,0.41,1000.62,38.01,114.33,1.97,1.86,92.46,303.93,7903,0.80,0.67,9.54,1.00,0.04,-0.04,0.02,4.11,-4.16,2.53,6,9,15,0,35.2901950,136.2528833,82.40, 0.08
3135292,-0.07,-0.29,9.55,1.00,-0.01,-0.00,-0.00,-0.45,1.35,-0.40,10.60,0.00,0,2,1001.29,42.22,109.67,1001.29,41.13,109.36,0.41,1000.62,38.03,114.34,1.92,1.84,91.41,304.01,7902,0.78,0.76,9.59,1.00,0.04,-0.04,0.02,4.11,-4.16,2.53,6,9,15,0,35.2901950,136.2528833,82.40, 0.08
3135350,0.00,-0.17,9.56,1.00,-0.01,-0.00,-0.00,-0.45,1.35,-0.40,10.60,0.00,0,2,1001.29,42.22,109.70,1001.29,41.14,109.32,0.41,1000.62,38.01,114.36,2.02,1.89,91.05,303.93,7902,0.82,0.63,9.56,1.00,0.04,-0.04,0.02,4.11,-4.16,2.53,6,9,15,0,35.2901950,136.2528833,82.40, 0.08
3135402,0.08,-0.15,9.55,1.00,-0.01,-0.00,-0.00,-0.45,1.35,-0.40,10.60,0.00,0,2,1001.29,42.22,109.67,1001.29,41.15,109.37,0.41,1000.62,38.01,114.32,2.00,1.88,91.14,303.93,7902,0.70,0.69,9.60,1.00,0.04,-0.04,0.02,4.11,-4.16,2.53,6,9,15,0,35.2901950,136.2528833,82.40, 0.08
3135458,0.03,-0.24,9.53,1.00,-0.01,-0.00,-0.00,-0.45,1.35,-0.40,10.60,0.00,0,2,1001.29,42.23,109.68,1001.29,41.14,109.37,0.41,1000.62,38.01,114.34,1.57,1.66,91.41,303.93,7902,0.65,0.74,9.57,1.00,0.04,-0.04,0.02,4.11,-4.16,2.53,6,9,15,0,35.2901950,136.2528833,82.40, 0.08
3135512,-0.02,-0.21,9.56,1.00,-0.01,-0.00,-0.00,-0.45,1.35,-0.40,10.60,0.00,0,2,1001.29,42.22,109.69,1001.29,41.13,109.38,0.41,1000.62,38.02,114.34,1.28,1.51,91.23,304.01,7902,0.84,0.73,9.56,1.00,0.04,-0.04,0.02,4.11,-4.16,2.53,6,9,15,0,35.2901950,136.2528833,82.40, 0.08
3135569,0.00,-0.26,9.58,1.00,-0.01,-0.00,-0.00,-0.45,1.35,-0.40,10.61,0.00,0,2,1001.29,42.20,109.73,1001.29,41.13,109.38,0.41,1000.62,38.04,114.34,1.95,1.86,91.14,303.93,7902,0.72,0.84,9.61,1.00,0.04,-0.04,0.02,4.11,-4.16,2.53,6,9,15,0,35.2901950,136.2528833,82.40, 0.08
3135628,0.01,-0.20,9.53,1.00,-0.01,-0.00,-0.00,-0.45,1.35,-0.40,10.62,0.00,0,2,1001.29,42.20,109.73,1001.28,41.14,109.42,0.41,1000.62,38.01,114.34,2.22,1.98,91.23,304.01,7903,0.75,0.72,9.58,1.00,0.04,-0.04,0.02,4.11,-4.16,2.53,6,9,15,0,35.2901950,136.2528833,82.40, 0.08
3135679,0.04,-0.18,9.55,1.00,-0.01,-0.00,-0.00,-0.45,1.35,-0.40,10.63,0.00,0,2,1001.29,42.21,109.73,1001.28,41.14,109.40,0.41,1000.62,38.02,114.36,2.35,2.04,91.67,304.01,7902,0.77,0.59,9.57,1.00,0.04,-0.04,0.02,4.11,-4.16,2.53,6,9,15,0,35.2901950,136.2528833,82.40, 0.08
3135737,0.00,-0.23,9.57,1.00,-0.01,-0.00,-0.00,-0.45,1.35,-0.40,10.63,0.00,0,2,1001.29,42.21,109.69,1001.29,41.13,109.38,0.41,1000.62,38.01,114.32,2.93,2.28,91.32,304.01,7903,0.74,0.55,9.57,1.00,0.04,-0.04,0.02,4.11,-4.16,2.53,6,9,15,0,35.2901950,136.2528833,82.40, 0.08
3135788,0.00,-0.24,9.55,1.00,-0.01,-0.00,-0.00,-0.45,1.35,-0.40,10.62,0.00,0,2,1001.29,42.23,109.68,1001.29,41.14,109.37,0.41,1000.62,38.02,114.35,2.83,2.24,91.41,304.01,7903,0.72,0.67,9.54,1.00,0.04,-0.04,0.02,4.11,-4.16,2.53,6,9,15,0,35.2901950,136.2528833,82.40, 0.09
3135845,0.00,-0.24,9.54,1.00,-0.01,-0.00,-0.00,-0.45,1.35,-0.40,10.60,0.00,0,2,1001.29,42.20,109.71,1001.29,41.13,109.36,0.41,1000.62,38.01,114.32,2.53,2.11,91.58,304.01,7903,0.64,0.62,9.61,1.00,0.04,-0.04,0.02,4.11,-4.16,2.53,6,9,15,0,35.2901950,136.2528833,82.40, 0.09
3135898,0.03,-0.21,9.57,1.00,-0.01,-0.00,-0.00,-0.45,1.35,-0.40,10.59,0.00,0,2,1001.30,42.22,109.66,1001.28,41.13,109.39,0.41,1000.62,38.01,114.32,2.30,2.01,91.41,304.01,7902,0.73,0.65,9.56,1.00,0.04,-0.04,0.02,4.11,-4.16,2.53,6,9,15,0,35.2901950,136.2528833,82.40, 0.09
3135954,0.00,-0.22,9.56,1.00,-0.01,-0.00,-0.00,-0.45,1.35,-0.40,10.60,0.00,0,2,1001.29,42.20,109.70,1001.29,41.13,109.35,0.41,1000.62,38.02,114.37,2.08,1.92,91.49,304.01,7903,0.68,0.69,9.58,1.00,0.04,-0.04,0.02,4.11,-4.16,2.53,6,9,16,0,35.2901933,136.2528817,82.40, 0.09
3136007,0.00,-0.22,9.60,1.00,-0.01,-0.00,-0.00,-0.45,1.35,-0.40,10.60,0.00,0,2,1001.29,42.20,109.72,1001.29,41.13,109.38,0.41,1000.62,38.02,114.36,1.48,1.62,91.41,304.01,7903,0.68,0.67,9.60,1.00,0.04,-0.04,0.02,4.11,-4.16,2.53,6,9,16,0,35.2901933,136.2528817,82.40, 0.09
3136061,0.02,-0.22,9.57,1.00,-0.01,-0.00,-0.00,-0.45,1.35,-0.40,10.61,0.00,0,2,1001.29,42.19,109.74,1001.29,41.14,109.37,0.41,1000.62,38.01,114.35,1.57,1.66,91.32,304.01,7902,0.77,0.63,9.59,1.00,0.04,-0.04,0.02,4.11,-4.16,2.53,6,9,16,0,35.2901933,136.2528817,82.40, 0.09
3136117,0.04,-0.22,9.58,1.00,-0.01,-0.00,-0.00,-0.45,1.35,-0.40,10.61,0.00,0,2,1001.29,42.20,109.70,1001.28,41.12,109.41,0.41,1000.62,38.02,114.38,2.55,2.12,88.86,304.01,7903,0.64,0.68,9.61,1.00,0.04,-0.04,0.02,4.11,-4.16,2.53,6,9,16,0,35.2901933,136.2528817,82.40, 0.09
3136174,0.05,-0.18,9.58,1.00,-0.01,-0.00,-0.00,-0.45,1.35,-0.40,10.62,0.00,0,2,1001.29,42.20,109.70,1001.28,41.14,109.38,0.41,1000.62,38.02,114.37,2.38,2.05,86.04,304.01,7902,0.67,0.60,9.57,1.00,0.04,-0.04,0.02,4.11,-4.16,2.53,6,9,16,0,35.2901933,136.2528817,82.40, 0.09
3136227,0.00,-0.19,9.55,1.00,-0.01,-0.00,-0.00,-0.45,1.35,-0.40,10.61,0.00,0,2,1001.29,42.19,109.70,1001.29,41.13,109.38,0.41,1000.62,38.02,114.37,2.78,2.22,85.52,304.01,7903,0.71,0.68,9.58,1.00,0.04,-0.04,0.02,4.11,-4.16,2.53,6,9,16,0,35.2901933,136.2528817,82.40, 0.09
3136284,-0.01,-0.21,9.59,1.00,-0.01,-0.00,-0.00,-0.45,1.35,-0.40,10.60,0.00,0,2,1001.29,42.18,109.70,1001.28,41.13,109.38,0.41,1000.62,38.01,114.32,2.20,1.97,86.66,304.01,7902,0.76,0.55,9.55,1.00,0.04,-0.04,0.02,4.11,-4.16,2.53,6,9,16,0,35.2901933,136.2528817,82.40, 0.09
3136337,0.04,-0.17,9.57,1.00,-0.01,-0.00,-0.00,-0.45,1.35,-0.40,10.60,0.00,0,2,1001.29,42.18,109.70,1001.28,41.13,109.40,0.41,1000.62,38.00,114.34,2.00,1.88,86.40,304.01,7903,0.69,0.70,9.61,1.00,0.04,-0.04,0.02,4.11,-4.16,2.53,6,9,16,0,35.2901933,136.2528817,82.40, 0.09
3136393,0.06,-0.22,9.57,1.00,-0.01,-0.00,-0.00,-0.45,1.35,-0.40,10.60,0.00,0,2,1001.29,42.19,109.71,1001.29,41.13,109.36,0.41,1000.63,38.02,114.26,2.10,1.93,87.36,304.01,7903,0.62,0.79,9.61,1.00,0.04,-0.04,0.02,4.11,-4.16,2.53,6,9,16,0,35.2901933,136.2528817,82.40, 0.09
3136446,0.03,-0.27,9.54,1.00,-0.01,-0.00,-0.00,-0.45,1.35,-0.40,10.59,0.00,0,2,1001.29,42.18,109.71,1001.29,41.11,109.37,0.41,1000.63,38.02,114.27,1.13,1.41,88.59,304.01,7903,0.73,0.83,9.57,1.00,0.04,-0.04,0.02,4.11,-4.16,2.53,6,9,16,0,35.2901933,136.2528817,82.40, 0.09
3136503,0.02,-0.20,9.60,1.00,-0.01,-0.00,-0.00,-0.45,1.35,-0.40,10.59,0.00,0,2,1001.29,42.20,109.71,1001.29,41.14,109.36,0.41,1000.63,38.01,114.30,2.67,2.17,90.44,304.01,7902,0.75,0.74,9.56,1.00,0.04,-0.04,0.02,4.11,-4.16,2.53,6,9,16,0,35.2901933,136.2528817,82.40, 0.09
3136556,-0.01,-0.24,9.54,1.00,-0.01,-0.00,-0.00,-0.45,1.35,-0.40,10.59,0.00,0,2,1001.29,42.20,109.69,1001.29,41.13,109.36,0.41,1000.63,38.01,114.28,2.98,2.29,91.05,304.01,7902,0.68,0.66,9.56,1.00,0.04,-0.04,0.02,4.11,-4.16,2.53,6,9,16,0,35.2901933,136.2528817,82.40, 0.09
3136611,0.00,-0.17,9.60,1.00,-0.01,-0.00,-0.00,-0.45,1.35,-0.40,10.59,0.00,0,2,1001.29,42.20,109.70,1001.29,41.12,109.34,0.41,1000.63,38.02,114.28,3.03,2.31,91.23,304.01,7903,0.68,0.60,9.55,1.00,0.04,-0.04,0.02,4.11,-4.16,2.53,6,9,16,0,35.2901933,136.2528817,82.40, 0.09
3136666,0.06,-0.17,9.61,1.00,-0.01,-0.00,-0.00,-0.45,1.35,-0.40,10.59,0.00,0,2,1001.29,42.19,109.73,1001.29,41.13,109.33,0.41,1000.63,38.02,114.29,3.10,2.34,91.85,304.01,7903,0.77,0.57,9.56,1.00,0.04,-0.04,0.02,4.11,-4.16,2.53,6,9,16,0,35.2901933,136.2528817,82.40, 0.09
3136724,0.06,-0.25,9.56,1.00,-0.01,-0.00,-0.00,-0.45,1.35,-0.40,10.58,0.00,0,2,1001.29,42.20,109.71,1001.29,41.14,109.35,0.41,1000.63,38.03,114.29,3.05,2.32,92.37,304.01,7902,0.75,0.76,9.57,1.00,0.04,-0.04,0.02,4.11,-4.16,2.53,6,9,16,0,35.2901933,136.2528817,82.40, 0.09
3136776,0.00,-0.19,9.57,1.00,-0.01,-0.00,-0.00,-0.45,1.35,-0.40,10.58,0.00,0,2,1001.29,42.18,109.72,1001.29,41.13,109.36,0.41,1000.62,38.02,114.37,3.58,2.51,92.20,304.01,7902,0.65,0.66,9.59,1.00,0.04,-0.04,0.02,4.11,-4.16,2.53,6,9,16,0,35.2901933,136.2528817,82.40, 0.10
3136833,0.00,-0.16,9.57,1.00,-0.01,-0.00,-0.00,-0.45,1.35,-0.40,10.60,0.00,0,2,1001.29,42.18,109.72,1001.28,41.13,109.41,0.41,1000.62,38.03,114.37,3.30,2.41,92.20,304.01,7902,0.76,0.72,9.61,1.00,0.04,-0.04,0.02,4.11,-4.16,2.53,6,9,16,0,35.2901933,136.2528817,82.40, 0.10
3136886,-0.02,-0.24,9.55,1.00,-0.01,-0.00,-0.00,-0.45,1.35,-0.40,10.61,0.00,0,2,1001.29,42.19,109.73,1001.29,41.14,109.35,0.41,1000.63,38.02,114.31,2.78,2.22,92.29,304.01,7902,0.74,0.64,9.55,1.00,0.04,-0.04,0.02,4.11,-4.16,2.53,6,9,16,0,35.2901933,136.2528817,82.40, 0.10
3136941,0.02,-0.20,9.51,1.00,-0.01,-0.00,-0.00,-0.45,1.35,-0.40,10.61,0.00,0,2,1001.29,42.18,109.71,1001.29,41.14,109.38,0.41,1000.62,38.02,114.33,2.35,2.04,93.60,303.93,7903,0.72,0.80,9.60,1.00,0.04,-0.04,0.02,4.11,-4.16,2.53,6,9,17,0,35.2901917,136.2528783,82.40, 0.10
3136994,0.05,-0.21,9.57,1.00,-0.01,-0.00,-0.00,-0.45,1.35,-0.40,10.60,0.00,0,2,1001.29,42.19,109.73,1001.29,41.13,109.38,0.41,1000.63,38.03,114.29,2.25,1.99,95.10,304.01,7901,0.69,0.72,9.61,1.00,0.04,-0.04,0.02,4.11,-4.16,2.53,6,9,17,0,35.2901917,136.2528783,82.40, 0.10
3137049,0.00,-0.21,9.53,1.00,-0.01,-0.00,-0.00,-0.45,1.35,-0.40,10.60,0.00,0,2,1001.29,42.18,109.73,1001.29,41.13,109.36,0.41,1000.62,38.01,114.36,2.45,2.08,95.54,303.93,7902,0.76,0.67,9.55,1.00,0.04,-0.04,0.02,4.11,-4.16,2.53,6,9,17,0,35.2901917,136.2528783,82.40, 0.10
3137104,-0.03,-0.16,9.56,1.00,-0.01,-0.00,-0.00,-0.45,1.35,-0.40,10.61,0.00,0,2,1001.29,42.18,109.72,1001.29,41.13,109.34,0.41,1000.62,38.01,114.35,2.50,2.10,95.62,303.93,7903,0.81,0.68,9.59,1.00,0.04,-0.04,0.02,4.11,-4.16,2.53,6,9,17,0,35.2901917,136.2528783,82.40, 0.10
3137155,0.00,-0.16,9.59,1.00,-0.01,-0.00,-0.00,-0.45,1.35,-0.40,10.60,0.00,0,2,1001.29,42.19,109.70,1001.29,41.14,109.38,0.41,1000.62,38.01,114.37,2.72,2.19,95.62,304.01,7904,0.68,0.63,9.55,1.00,0.04,-0.04,0.02,4.11,-4.16,2.53,6,9,17,0,35.2901917,136.2528783,82.40, 0.10
3137212,0.02,-0.21,9.61,1.00,-0.01,-0.00,-0.00,-0.45,1.35,-0.40,10.59,0.00,0,2,1001.29,42.19,109.71,1001.29,41.12,109.34,0.41,1000.62,38.02,114.33,3.40,2.45,95.19,304.01,7903,0.64,0.58,9.54,1.00,0.04,-0.04,0.02,4.11,-4.16,2.53,6,9,17,0,35.2901917,136.2528783,82.40, 0.10
3137270,0.01,-0.25,9.58,1.00,-0.01,-0.00,-0.00,-0.45,1.35,-0.40,10.60,0.00,0,2,1001.29,42.19,109.67,1001.28,41.13,109.39,0.41,1000.61,38.01,114.41,2.35,2.04,94.66,304.01,7903,0.71,0.65,9.57,1.00,0.04,-0.04,0.02,4.11,-4.16,2.53,6,9,17,0,35.2901917,136.2528783,82.40, 0.10
3137324,0.00,-0.19,9.51,1.00,-0.01,-0.00,-0.00,-0.45,1.35,-0.40,10.60,0.00,0,2,1001.29,42.19,109.69,1001.29,41.13,109.36,0.41,1000.62,38.01,114.39,2.27,2.00,94.75,304.01,7903,0.74,0.70,9.60,1.00,0.04,-0.04,0.02,4.11,-4.16,2.53,6,9,17,0,35.2901917,136.2528783,82.40, 0.10
3137381,0.02,-0.19,9.59,1.00,-0.01,-0.00,-0.00,-0.45,1.35,-0.40,10.60,0.00,0,2,1001.29,42.20,109.67,1001.28,41.14,109.39,0.41,1000.62,38.01,114.39,2.88,2.26,94.83,304.01,7903,0.69,0.75,9.61,1.00,0.04,-0.04,0.02,4.11,-4.16,2.53,6,9,17,0,35.2901917,136.2528783,82.40, 0.10
3137432,0.06,-0.16,9.56,1.00,-0.01,-0.00,-0.00,-0.45,1.35,-0.40,10.60,0.00,0,2,1001.29,42.18,109.71,1001.29,41.14,109.35,0.41,1000.62,38.02,114.40,2.20,1.97,94.13,304.01,7902,0.67,0.73,9.62,1.00,0.04,-0.04,0.02,4.11,-4.16,2.53,6,9,17,0,35.2901917,136.2528783,82.40, 0.10
3137491,0.00,-0.19,9.57,1.00,-0.01,-0.00,-0.00,-0.45,1.35,-0.40,10.60,0.00,0,2,1001.29,42.20,109.69,1001.29,41.14,109.34,0.41,1000.62,38.02,114.40,2.38,2.05,94.04,304.01,7903,0.74,0.69,9.60,1.00,0.04,-0.04,0.02,4.11,-4.16,2.53,6,9,17,0,35.2901917,136.2528783,82.40, 0.10
3137543,0.00,-0.23,9.54,1.00,-0.01,-0.00,-0.00,-0.45,1.35,-0.40,10.59,0.00,0,2,1001.29,42.20,109.67,1001.29,41.13,109.38,0.41,1000.62,38.03,114.36,1.23,1.48,93.96,304.01,7903,0.79,0.85,9.62,1.00,0.04,-0.04,0.02,4.11,-4.16,2.53,6,9,17,0,35.2901917,136.2528783,82.40, 0.10
3137601,-0.03,-0.20,9.57,1.00,-0.01,-0.00,-0.00,-0.45,1.35,-0.40,10.60,0.00,0,2,1001.29,42.19,109.66,1001.29,41.14,109.35,0.40,1000.61,38.01,114.40,0.43,0.87,93.25,304.01,7903,0.75,0.50,9.55,1.00,0.04,-0.04,0.02,4.11,-4.16,2.53,6,9,17,0,35.2901917,136.2528783,82.40, 0.10
3137654,0.01,-0.18,9.57,1.00,-0.01,-0.00,-0.00,-0.45,1.35,-0.40,10.61,0.00,0,2,1001.29,42.20,109.70,1001.28,41.14,109.40,0.41,1000.62,38.02,114.35,1.10,1.39,89.03,304.01,7902,0.83,0.50,9.49,1.00,0.04,-0.04,0.02,4.11,-4.16,2.53,6,9,17,0,35.2901917,136.2528783,82.40, 0.10
3137707,0.05,-0.20,9.58,1.00,-0.01,-0.00,-0.00,-0.45,1.35,-0.40,10.61,0.00,0,2,1001.29,42.20,109.72,1001.29,41.14,109.36,0.41,1000.61,38.00,114.41,0.98,1.32,85.78,304.01,7903,0.64,0.59,9.56,1.00,0.04,-0.04,0.02,4.11,-4.16,2.53,6,9,17,0,35.2901917,136.2528783,82.40, 0.10
3137761,0.00,-0.29,9.63,1.00,-0.01,-0.00,-0.00,-0.45,1.35,-0.40,10.61,0.00,0,2,1001.29,42.19,109.73,1001.28,41.13,109.39,0.41,1000.62,38.02,114.34,0.92,1.27,84.90,304.01,7903,0.73,0.58,9.54,1.00,0.04,-0.04,0.02,4.11,-4.16,2.53,6,9,17,0,35.2901917,136.2528783,82.40, 0.10
3137820,-0.04,-0.14,9.64,1.00,-0.01,-0.00,-0.00,-0.45,1.35,-0.40,10.61,0.00,0,2,1001.28,42.20,109.77,1001.29,41.14,109.37,0.41,1000.62,38.01,114.36,1.72,1.74,86.92,304.01,7903,0.77,0.66,9.62,1.00,0.04,-0.04,0.02,4.11,-4.16,2.53,6,9,17,0,35.2901917,136.2528783,82.40, 0.10
3137872,0.06,-0.12,9.63,1.00,-0.01,-0.00,-0.00,-0.45,1.35,-0.40,10.61,0.00,0,2,1001.29,42.20,109.71,1001.29,41.13,109.39,0.41,1000.62,38.01,114.34,0.77,1.16,88.68,304.01,7902,0.79,0.75,9.57,1.00,0.04,-0.04,0.02,4.11,-4.16,2.53,6,9,17,0,35.2901917,136.2528783,82.40, 0.10
3137928,0.03,-0.25,9.53,1.00,-0.01,-0.00,-0.00,-0.45,1.35,-0.40,10.61,0.00,0,2,1001.29,42.19,109.72,1001.29,41.15,109.36,0.41,1000.62,38.02,114.33,1.05,1.36,90.09,304.01,7903,0.81,0.78,9.61,1.00,0.04,-0.04,0.02,4.11,-4.16,2.53,6,9,17,0,35.2901917,136.2528783,82.40, 0.10
3137981,-0.03,-0.22,9.57,1.00,-0.01,-0.00,-0.00,-0.45,1.35,-0.40,10.60,0.00,0,2,1001.29,42.20,109.71,1001.29,41.15,109.37,0.41,1000.62,38.03,114.32,1.27,1.50,90.97,304.01,7902,0.83,0.66,9.54,1.00,0.04,-0.04,0.02,4.11,-4.16,2.53,6,9,17,0,35.2901917,136.2528783,82.40, 0.10
3138033,0.00,-0.21,9.56,1.00,-0.01,-0.00,-0.00,-0.45,1.35,-0.40,10.61,0.00,0,2,1001.28,42.18,109.75,1001.29,41.14,109.36,0.41,1000.62,38.03,114.32,2.32,2.02,91.67,304.10,7903,0.78,0.67,9.59,1.00,0.04,-0.04,0.02,4.11,-4.16,2.53,6,9,17,0,35.2901917,136.2528783,82.40, 0.10
3138090,0.06,-0.19,9.33,1.00,-0.01,-0.00,-0.00,-0.43,1.35,-0.40,10.61,0.00,0,2,1001.29,42.18,109.73,1001.28,41.14,109.39,0.41,1000.62,38.03,114.39,2.43,2.07,93.52,304.10,7902,0.12,0.24,9.50,1.00,0.04,-0.03,0.02,4.10,-4.16,2.54,6,9,17,0,35.2901917,136.2528783,82.40, 0.10
3138148,0.11,-0.26,9.59,1.00,-0.01,-0.00,-0.00,-0.42,1.35,-0.40,10.61,0.00,0,2,1001.29,42.19,109.71,1001.29,41.15,109.41,0.41,1000.62,38.02,114.38,2.55,2.12,94.57,304.10,7902,0.27,0.36,9.50,1.00,0.04,-0.04,0.02,4.11,-4.15,2.54,6,9,17,0,35.2901917,136.2528783,82.40, 0.10
3138200,0.01,-0.19,9.60,1.00,-0.01,-0.00,-0.00,-0.42,1.35,-0.40,10.62,0.00,0,2,1001.29,42.18,109.70,1001.28,41.14,109.39,0.41,1000.62,38.02,114.31,2.92,2.27,96.50,304.10,7902,0.71,0.96,9.72,1.00,0.04,-0.04,0.02,4.11,-4.15,2.53,6,9,17,0,35.2901917,136.2528783,82.40, 0.10
3138254,-0.04,-0.27,9.54,1.00,-0.01,-0.00,-0.00,-0.42,1.35,-0.40,10.61,0.00,0,2,1001.29,42.18,109.71,1001.29,41.13,109.38,0.41,1000.63,38.03,114.27,3.12,2.35,96.15,304.10,7902,0.15,1.27,9.76,1.00,0.04,-0.04,0.02,4.11,-4.16,2.55,6,9,17,0,35.2901917,136.2528783,82.40, 0.10
3138310,0.01,-0.17,9.55,1.00,-0.01,-0.00,-0.00,-0.41,1.35,-0.40,10.60,0.00,0,2,1001.29,42.19,109.69,1001.28,41.13,109.43,0.41,1000.62,38.02,114.34,3.28,2.41,95.62,304.10,7902,0.17,0.92,9.72,1.00,0.04,-0.04,0.02,4.11,-4.14,2.55,6,9,17,0,35.2901917,136.2528783,82.40, 0.10
3138368,0.04,-0.19,9.58,1.00,-0.01,-0.00,-0.00,-0.41,1.35,-0.40,10.59,0.00,0,2,1001.29,42.19,109.71,1001.29,41.14,109.37,0.41,1000.62,38.01,114.39,2.83,2.24,95.54,304.10,7902,1.00,0.90,9.61,1.00,0.04,-0.04,0.02,4.11,-4.15,2.54,6,9,17,0,35.2901917,136.2528783,82.40, 0.10
3138419,0.00,-0.22,9.61,1.00,-0.01,-0.00,-0.00,-0.41,1.35,-0.40,10.61,0.00,0,2,1001.29,42.19,109.74,1001.28,41.14,109.38,0.41,1000.62,38.02,114.40,2.83,2.24,95.54,304.10,7903,0.17,0.48,9.59,1.00,0.04,-0.04,0.02,4.11,-4.14,2.55,6,9,17,0,35.2901917,136.2528783,82.40, 0.10
3138477,0.00,-0.24,9.54,1.00,-0.01,-0.00,-0.00,-0.40,1.35,-0.39,10.62,0.00,0,2,1001.28,42.19,109.76,1001.28,41.14,109.40,0.41,1000.61,38.01,114.48,3.05,2.32,95.62,304.01,7903,0.79,0.35,9.47,1.00,0.04,-0.04,0.02,4.11,-4.13,2.55,6,9,17,0,35.2901917,136.2528783,82.40, 0.10
3138529,0.00,-0.22,9.55,1.00,-0.01,-0.00,-0.00,-0.40,1.35,-0.39,10.63,0.00,0,2,1001.29,42.19,109.73,1001.28,41.13,109.41,0.41,1000.61,38.00,114.41,3.07,2.33,95.45,304.01,7903,0.92,0.72,9.55,1.00,0.04,-0.04,0.02,4.11,-4.14,2.54,6,9,17,0,35.2901917,136.2528783,82.40, 0.10
3138582,0.00,-0.19,9.57,1.00,-0.01,-0.00,-0.00,-0.40,1.35,-0.39,10.63,0.00,0,2,1001.29,42.19,109.74,1001.28,41.14,109.38,0.41,1000.61,38.02,114.43,3.10,2.34,95.45,304.01,7903,0.29,0.53,9.59,1.00,0.04,-0.04,0.02,4.11,-4.13,2.56,6,9,17,0,35.2901917,136.2528783,82.40, 0.10
3138638,0.00,-0.22,9.52,1.00,-0.01,-0.00,-0.00,-0.39,1.35,-0.39,10.63,0.00,0,2,1001.29,42.18,109.73,1001.29,41.14,109.39,0.41,1000.62,38.01,114.39,3.32,2.42,95.45,304.01,7902,0.24,0.31,9.51,1.00,0.04,-0.04,0.02,4.11,-4.13,2.56,6,9,17,0,35.2901917,136.2528783,82.40, 0.10
3138689,0.03,-0.23,9.58,1.00,-0.01,-0.00,-0.00,-0.39,1.35,-0.39,10.63,0.00,0,2,1001.28,42.18,109.75,1001.28,41.13,109.39,0.41,1000.62,38.02,114.40,3.27,2.40,95.45,304.01,7902,0.38,0.33,9.55,1.00,0.04,-0.04,0.02,4.11,-4.13,2.55,6,9,17,0,35.2901917,136.2528783,82.40, 0.10
3138746,0.03,-0.20,9.56,1.00,-0.01,-0.00,-0.00,-0.38,1.35,-0.39,10.63,0.00,0,2,1001.29,42.19,109.71,1001.28,41.14,109.39,0.41,1000.61,38.02,114.42,3.13,2.35,95.45,304.01,7903,1.17,0.46,9.46,1.00,0.04,-0.04,0.02,4.11,-4.13,2.54,6,9,18,0,35.2901933,136.2528750,82.40, 0.29
3138799,0.02,-0.24,9.57,1.00,-0.01,-0.00,-0.00,-0.38,1.35,-0.39,10.61,0.00,0,2,1001.29,42.18,109.71,1001.29,41.15,109.36,0.41,1000.61,38.01,114.40,3.03,2.31,95.36,304.01,7903,0.25,0.91,9.70,1.00,0.04,-0.04,0.02,4.11,-4.13,2.56,6,9,18,0,35.2901933,136.2528750,82.40, 0.29
3138850,0.00,-0.20,9.61,1.00,-0.01,-0.00,-0.00,-0.38,1.35,-0.39,10.61,0.00,0,2,1001.29,42.20,109.68,1001.28,41.14,109.40,0.41,1000.62,38.04,114.40,3.12,2.35,95.36,304.01,7903,0.37,0.88,9.69,1.00,0.04,-0.04,0.02,4.11,-4.13,2.56,6,9,18,0,35.2901933,136.2528750,82.40, 0.29
3138907,0.14,-0.17,9.74,1.00,-0.01,-0.00,-0.00,-0.38,1.36,-0.39,10.61,0.00,0,2,1001.29,42.19,109.72,1001.28,41.14,109.40,0.41,1000.61,38.02,114.45,3.12,2.35,95.27,304.01,7901,1.22,0.91,9.59,1.00,0.04,-0.04,0.02,4.12,-4.14,2.54,6,9,18,0,35.2901933,136.2528750,82.40, 0.29
3138960,0.01,-0.18,9.62,1.00,-0.01,-0.00,-0.00,-0.37,1.36,-0.39,10.60,0.00,0,2,1001.29,42.19,109.69,1001.29,41.15,109.36,0.41,1000.62,38.02,114.40,3.15,2.36,95.19,304.01,7903,1.03,0.68,9.54,1.00,0.04,-0.04,0.02,4.12,-4.14,2.54,6,9,19,0,35.2901917,136.2528733,82.50, 0.29
3139017,-0.04,-0.24,9.43,1.00,-0.01,-0.00,-0.00,-0.36,1.36,-0.39,10.60,0.00,0,2,1001.29,42.21,109.71,1001.28,41.14,109.39,0.41,1000.62,38.03,114.39,3.12,2.35,95.10,304.01,7902,0.35,0.58,9.57,1.00,0.04,-0.04,0.02,4.13,-4.14,2.56,6,9,19,0,35.2901917,136.2528733,82.50, 0.29
3139069,0.02,-0.24,9.54,1.00,-0.01,-0.00,-0.00,-0.35,1.34,-0.39,10.60,0.00,0,2,1001.29,42.18,109.69,1001.29,41.15,109.40,0.41,1000.61,38.02,114.41,2.83,2.24,94.75,304.01,7902,0.82,0.60,9.56,1.00,0.04,-0.04,0.02,4.13,-4.14,2.56,6,9,19,0,35.2901917,136.2528733,82.50, 0.29
3139126,0.04,-0.24,9.55,1.00,-0.01,-0.00,-0.00,-0.35,1.34,-0.39,10.61,0.00,0,2,1001.29,42.19,109.72,1001.29,41.17,109.39,0.41,1000.61,38.01,114.42,2.42,2.07,93.34,304.01,7903,0.92,0.51,9.52,1.00,0.04,-0.04,0.02,4.11,-4.14,2.55,6,9,19,0,35.2901917,136.2528733,82.50, 0.29
3139179,0.11,-0.20,9.59,1.00,-0.01,-0.00,-0.00,-0.35,1.34,-0.39,10.60,0.00,0,2,1001.29,42.20,109.69,1001.29,41.14,109.37,0.41,1000.61,38.03,114.44,1.70,1.73,89.65,304.01,7902,0.84,0.73,9.57,1.00,0.04,-0.04,0.02,4.11,-4.14,2.57,6,9,19,0,35.2901917,136.2528733,82.50, 0.29
3139236,0.01,-0.18,9.56,1.00,-0.01,-0.00,-0.00,-0.35,1.34,-0.39,10.59,0.00,0,2,1001.28,42.20,109.76,1001.28,41.16,109.40,0.41,1000.61,38.02,114.46,1.23,1.48,85.52,304.28,7902,0.80,0.62,9.56,1.00,0.04,-0.04,0.02,4.11,-4.14,2.57,6,9,19,0,35.2901917,136.2528733,82.50, 0.29
3139288,0.00,-0.27,9.61,1.00,-0.01,-0.00,-0.00,-0.35,1.34,-0.39,10.60,0.00,0,2,1001.28,42.18,109.75,1001.29,41.15,109.34,0.41,1000.62,38.02,114.40,1.95,1.86,85.25,304.37,7902,1.14,0.54,9.49,1.00,0.04,-0.03,0.02,4.10,-4.14,2.56,6,9,19,0,35.2901917,136.2528733,82.50, 0.29
3139343,0.19,-0.07,10.06,1.00,-0.01,-0.00,-0.00,-0.35,1.34,-0.39,10.62,0.00,0,2,1001.29,42.18,109.73,1001.28,41.15,109.41,0.41,1000.61,38.03,114.41,1.35,1.54,85.52,304.89,7902,1.12,0.51,9.57,1.00,0.04,-0.04,0.02,4.13,-4.13,2.58,6,9,19,0,35.2901917,136.2528733,82.50, 0.29
3139397,-0.05,-0.24,9.49,1.00,-0.01,-0.00,-0.00,-0.35,1.33,-0.39,10.61,0.00,0,2,1001.28,42.18,109.75,1001.28,41.16,109.39,0.41,1000.62,38.01,114.37,2.50,2.10,85.43,305.07,7902,0.75,0.81,9.60,1.00,0.04,-0.04,0.02,4.13,-4.13,2.58,6,9,19,0,35.2901917,136.2528733,82.50, 0.29
3139449,0.05,-0.21,9.68,1.00,-0.01,-0.00,-0.00,-0.35,1.33,-0.39,10.61,0.00,0,2,1001.29,42.20,109.72,1001.29,41.15,109.37,0.41,1000.62,38.02,114.36,2.75,2.20,87.54,305.07,7903,0.98,0.92,9.62,1.00,0.04,-0.04,0.02,4.13,-4.14,2.57,6,9,19,0,35.2901917,136.2528733,82.50, 0.29
3139506,0.08,-0.19,9.61,1.00,-0.01,-0.00,-0.00,-0.35,1.32,-0.39,10.60,0.00,0,2,1001.29,42.18,109.72,1001.28,41.16,109.39,0.41,1000.62,38.02,114.33,2.77,2.21,89.91,305.07,7902,0.88,0.84,9.60,1.00,0.04,-0.04,0.02,4.13,-4.14,2.57,6,9,19,0,35.2901917,136.2528733,82.50, 0.29
3139564,0.06,-0.14,9.69,1.00,-0.01,-0.00,-0.00,-0.35,1.30,-0.39,10.59,0.00,0,2,1001.29,42.18,109.72,1001.29,41.15,109.37,0.41,1000.62,38.03,114.34,2.68,2.18,91.41,305.07,7903,0.74,0.75,9.61,1.00,0.04,-0.04,0.02,4.14,-4.12,2.57,6,9,19,0,35.2901917,136.2528733,82.50, 0.29
3139615,0.04,-0.28,9.17,1.00,-0.01,-0.00,-0.00,-0.35,1.31,-0.39,10.58,0.00,0,2,1001.29,42.18,109.71,1001.29,41.16,109.39,0.41,1000.61,37.99,114.40,2.80,2.22,90.26,305.16,7903,0.87,0.69,9.52,1.00,0.04,-0.04,0.02,4.14,-4.12,2.57,6,9,19,0,35.2901917,136.2528733,82.50, 0.29
3139673,0.11,0.04,10.51,1.00,-0.01,-0.00,-0.00,-0.35,1.30,-0.39,10.58,0.00,0,2,1001.28,42.18,109.75,1001.29,41.17,109.37,0.41,1000.62,38.02,114.39,2.88,2.26,90.00,305.16,7903,0.61,0.61,9.56,1.00,0.04,-0.04,0.02,4.15,-4.12,2.57,6,9,19,0,35.2901917,136.2528733,82.50, 0.29
3139725,-0.01,-0.27,9.27,1.00,-0.01,-0.00,-0.00,-0.34,1.31,-0.39,10.59,0.00,0,2,1001.29,42.16,109.72,1001.29,41.16,109.37,0.41,1000.62,38.01,114.39,2.72,2.19,90.00,305.16,7902,0.78,0.74,9.55,1.00,0.04,-0.04,0.02,4.15,-4.12,2.58,6,9,19,0,35.2901917,136.2528733,82.50, 0.29
3139783,0.00,-0.30,9.30,1.00,-0.01,-0.00,-0.00,-0.34,1.31,-0.39,10.60,0.00,0,2,1001.28,42.17,109.79,1001.28,41.15,109.38,0.41,1000.62,38.02,114.40,2.62,2.15,90.00,305.16,7902,0.45,0.88,9.66,1.00,0.04,-0.04,0.02,4.15,-4.11,2.58,6,9,19,0,35.2901917,136.2528733,82.50, 0.15
3139835,0.03,-0.25,9.59,1.00,-0.01,-0.00,-0.00,-0.34,1.29,-0.39,10.61,0.00,0,2,1001.28,42.16,109.78,1001.28,41.15,109.40,0.41,1000.61,38.01,114.42,2.62,2.15,89.65,305.16,7902,1.05,0.55,9.55,1.00,0.04,-0.04,0.02,4.15,-4.11,2.58,6,9,19,0,35.2901917,136.2528733,82.50, 0.15
3139893,-0.01,-0.08,9.64,1.00,-0.01,-0.00,-0.00,-0.34,1.29,-0.39,10.62,0.00,0,2,1001.29,42.19,109.73,1001.28,41.14,109.40,0.41,1000.61,38.01,114.42,2.77,2.21,89.56,305.16,7903,0.49,0.78,9.65,1.00,0.04,-0.04,0.02,4.16,-4.11,2.59,6,9,19,0,35.2901917,136.2528733,82.50, 0.15
3139945,0.08,-0.22,9.55,1.00,-0.01,-0.00,-0.00,-0.34,1.29,-0.39,10.61,0.00,0,2,1001.29,42.17,109.72,1001.28,41.15,109.41,0.41,1000.61,38.00,114.41,2.48,2.09,90.70,305.16,7902,0.60,0.55,9.50,1.00,0.04,-0.04,0.02,4.16,-4.11,2.59,6,9,20,0,35.2901883,136.2528717,82.50, 0.15
3139997,-0.02,-0.22,9.50,1.00,-0.01,-0.00,-0.00,-0.34,1.29,-0.39,10.61,0.00,0,2,1001.28,42.16,109.78,1001.28,41.15,109.40,0.41,1000.61,38.01,114.41,2.47,2.09,90.79,305.16,7902,0.51,0.40,9.54,1.00,0.04,-0.04,0.02,4.17,-4.12,2.60,6,9,20,0,35.2901883,136.2528717,82.50, 0.15
3140055,-0.08,-0.25,9.61,1.00,-0.01,-0.00,-0.00,-0.34,1.29,-0.39,10.60,0.00,0,2,1001.28,42.17,109.74,1001.29,41.15,109.40,0.41,1000.62,38.01,114.38,2.48,2.09,90.53,305.16,7902,1.05,0.94,9.67,1.00,0.04,-0.04,0.02,4.17,-4.12,2.59,6,9,20,0,35.2901883,136.2528717,82.50, 0.15
3140111,0.01,-0.20,9.42,1.00,-0.01,-0.00,-0.00,-0.34,1.29,-0.39,10.60,0.00,0,2,1001.28,42.16,109.74,1001.29,41.17,109.41,0.41,1000.62,38.02,114.36,2.57,2.13,90.62,305.16,7902,0.47,0.93,9.62,1.00,0.04,-0.04,0.02,4.17,-4.12,2.60,6,9,20,0,35.2901883,136.2528717,82.50, 0.15
3140165,0.11,-0.12,9.63,1.00,-0.01,-0.00,-0.00,-0.34,1.28,-0.39,10.61,0.00,0,2,1001.29,42.17,109.72,1001.28,41.14,109.42,0.41,1000.62,38.03,114.40,2.52,2.11,90.62,305.16,7902,0.48,0.87,9.66,1.00,0.04,-0.04,0.02,4.17,-4.12,2.61,6,9,20,0,35.2901883,136.2528717,82.50, 0.15
3140221,0.03,-0.25,9.54,1.00,-0.01,-0.00,-0.00,-0.34,1.26,-0.39,10.60,0.00,0,2,1001.29,42.17,109.72,1001.28,41.16,109.41,0.41,1000.62,38.03,114.38,2.42,2.07,90.18,305.16,7904,0.59,0.93,9.59,1.00,0.04,-0.04,0.02,4.17,-4.12,2.61,6,9,20,0,35.2901883,136.2528717,82.50, 0.15
3140274,0.06,-0.27,9.45,1.00,-0.01,-0.00,-0.00,-0.34,1.26,-0.39,10.60,0.00,0,2,1001.29,42.16,109.73,1001.28,41.16,109.41,0.41,1000.62,38.01,114.38,2.48,2.09,90.70,305.16,7902,0.96,0.60,9.45,1.00,0.04,-0.04,0.02,4.17,-4.12,2.60,6,9,20,0,35.2901883,136.2528717,82.50, 0.15
3140326,-0.05,-0.44,9.56,1.00,-0.01,-0.00,-0.00,-0.34,1.26,-0.39,10.61,0.00,0,2,1001.28,42.16,109.76,1001.28,41.17,109.39,0.41,1000.62,38.01,114.37,2.57,2.13,90.70,305.16,7902,0.68,0.50,9.56,1.00,0.04,-0.04,0.02,4.18,-4.13,2.61,6,9,20,0,35.2901883,136.2528717,82.50, 0.15
3140382,-0.11,-0.33,9.61,1.00,-0.01,-0.00,-0.00,-0.34,1.26,-0.39,10.61,0.00,0,2,1001.28,42.17,109.76,1001.28,41.14,109.42,0.41,1000.62,38.04,114.37,2.57,2.13,90.44,305.16,7903,0.64,0.42,9.55,1.00,0.04,-0.04,0.02,4.17,-4.12,2.62,6,9,20,0,35.2901883,136.2528717,82.50, 0.15
3140440,0.06,-0.22,9.40,1.00,-0.01,-0.00,-0.00,-0.34,1.26,-0.39,10.61,0.00,0,2,1001.29,42.17,109.74,1001.28,41.16,109.39,0.41,1000.61,38.00,114.43,2.52,2.11,90.70,305.16,7902,0.69,0.70,9.63,1.00,0.04,-0.04,0.02,4.17,-4.12,2.62,6,9,20,0,35.2901883,136.2528717,82.50, 0.15
3140493,0.00,-0.17,9.51,1.00,-0.01,-0.00,-0.00,-0.34,1.27,-0.39,10.60,0.00,0,2,1001.28,42.16,109.75,1001.28,41.16,109.39,0.41,1000.61,38.03,114.43,2.57,2.13,90.88,305.16,7902,0.48,0.75,9.63,1.00,0.04,-0.04,0.02,4.17,-4.11,2.62,6,9,20,0,35.2901883,136.2528717,82.50, 0.15
3140547,0.09,-0.11,9.67,1.00,-0.01,-0.00,-0.00,-0.34,1.26,-0.39,10.61,0.00,0,2,1001.28,42.16,109.75,1001.29,41.17,109.41,0.40,1000.62,38.03,114.38,2.88,2.26,91.23,305.16,7902,0.49,0.65,9.52,1.00,0.04,-0.04,0.02,4.18,-4.11,2.62,6,9,20,0,35.2901883,136.2528717,82.50, 0.15
3140602,0.01,-0.22,9.64,1.00,-0.01,-0.00,-0.00,-0.34,1.26,-0.39,10.63,0.00,0,2,1001.28,42.16,109.80,1001.28,41.16,109.43,0.41,1000.61,38.01,114.47,2.73,2.20,91.14,305.16,7902,0.57,0.41,9.55,1.00,0.04,-0.04,0.02,4.18,-4.13,2.63,6,9,20,0,35.2901883,136.2528717,82.50, 0.15
3140660,0.04,-0.12,9.67,1.00,-0.01,-0.00,-0.00,-0.34,1.26,-0.39,10.64,0.00,0,2,1001.28,42.16,109.77,1001.28,41.16,109.41,0.41,1000.61,38.01,114.42,2.93,2.28,91.41,305.16,7903,0.88,0.56,9.52,1.00,0.04,-0.04,0.02,4.18,-4.13,2.62,6,9,20,0,35.2901883,136.2528717,82.50, 0.15
3140712,0.12,-0.26,9.59,1.00,-0.01,-0.00,-0.00,-0.34,1.26,-0.39,10.64,0.00,0,2,1001.28,42.15,109.79,1001.28,41.17,109.41,0.41,1000.61,38.04,114.44,3.03,2.31,93.25,305.16,7902,0.42,0.84,9.64,1.00,0.04,-0.04,0.02,4.19,-4.13,2.62,6,9,20,0,35.2901883,136.2528717,82.50, 0.15
3140770,0.05,-0.15,9.59,1.00,-0.01,-0.00,-0.00,-0.34,1.26,-0.39,10.63,0.00,0,2,1001.28,42.15,109.77,1001.29,41.15,109.38,0.41,1000.61,38.02,114.47,2.72,2.19,93.78,305.07,7902,0.50,0.79,9.62,1.00,0.04,-0.04,0.02,4.19,-4.13,2.62,6,9,20,0,35.2901883,136.2528717,82.50, 0.37
3140822,0.04,-0.19,9.60,1.00,-0.01,-0.00,-0.00,-0.34,1.26,-0.39,10.61,0.00,0,2,1001.29,42.15,109.71,1001.29,41.15,109.42,0.41,1000.61,38.01,114.42,2.50,2.10,93.69,305.16,7902,0.77,0.79,9.62,1.00,0.04,-0.04,0.02,4.19,-4.11,2.62,6,9,20,0,35.2901883,136.2528717,82.50, 0.37
3140878,0.05,-0.23,9.52,1.00,-0.01,-0.00,-0.00,-0.34,1.26,-0.39,10.60,0.00,0,2,1001.28,42.14,109.74,1001.28,41.15,109.42,0.41,1000.62,38.03,114.39,1.63,1.70,93.69,304.72,7902,0.54,0.63,9.51,1.00,0.04,-0.04,0.02,4.20,-4.12,2.62,6,9,20,0,35.2901883,136.2528717,82.50, 0.37
3140931,0.03,-0.15,9.57,1.00,-0.01,-0.00,-0.00,-0.34,1.26,-0.39,10.60,0.00,0,2,1001.28,42.14,109.75,1001.29,41.16,109.37,0.41,1000.61,38.03,114.43,1.65,1.71,93.16,303.93,7902,0.39,0.57,9.57,1.00,0.04,-0.04,0.02,4.20,-4.12,2.62,6,9,21,0,35.2901867,136.2528683,82.50, 0.37
3140988,0.00,-0.22,9.59,1.00,-0.01,-0.00,-0.00,-0.34,1.26,-0.39,10.61,0.00,0,2,1001.28,42.15,109.75,1001.28,41.15,109.43,0.41,1000.61,38.02,114.42,1.68,1.72,92.72,303.93,7903,0.60,0.73,9.58,1.00,0.04,-0.04,0.02,4.21,-4.11,2.62,6,9,21,0,35.2901867,136.2528683,82.50, 0.37
3141042,0.07,-0.16,9.54,1.00,-0.01,-0.00,-0.00,-0.34,1.26,-0.39,10.61,0.00,0,2,1001.28,42.15,109.75,1001.28,41.17,109.42,0.41,1000.62,38.01,114.39,2.13,1.94,94.75,303.93,7902,0.85,0.59,9.60,1.00,0.04,-0.04,0.02,4.20,-4.10,2.63,6,9,21,0,35.2901867,136.2528683,82.50, 0.37
3141099,0.04,-0.26,9.64,1.00,-0.01,-0.00,-0.00,-0.34,1.26,-0.39,10.61,0.00,0,2,1001.28,42.14,109.74,1001.28,41.16,109.41,0.41,1000.62,38.02,114.40,2.23,1.99,95.62,303.93,7902,0.74,0.72,9.66,1.00,0.04,-0.04,0.02,4.21,-4.10,2.64,6,9,21,0,35.2901867,136.2528683,82.50, 0.37
3141151,0.00,-0.14,9.53,1.00,-0.01,-0.00,-0.00,-0.34,1.26,-0.39,10.59,0.00,0,2,1001.29,42.15,109.72,1001.28,41.16,109.43,0.41,1000.62,38.02,114.36,2.47,2.09,96.06,303.93,7903,0.48,0.66,9.65,1.00,0.04,-0.04,0.02,4.21,-4.11,2.64,6,9,21,0,35.2901867,136.2528683,82.50, 0.37
3141208,-0.01,-0.26,9.55,1.00,-0.01,-0.00,-0.00,-0.34,1.26,-0.39,10.58,0.00,0,2,1001.28,42.15,109.74,1001.28,41.15,109.42,0.41,1000.62,38.02,114.38,2.32,2.02,95.98,303.93,7903,0.85,0.90,9.59,1.00,0.04,-0.04,0.02,4.23,-4.10,2.62,6,9,21,0,35.2901867,136.2528683,82.50, 0.37
3141261,0.03,-0.20,9.64,1.00,-0.01,-0.00,-0.00,-0.34,1.26,-0.39,10.58,0.00,0,2,1001.29,42.15,109.71,1001.29,41.18,109.39,0.41,1000.62,38.01,114.37,2.28,2.01,95.98,303.93,7902,1.00,0.71,9.52,1.00,0.04,-0.04,0.02,4.23,-4.10,2.62,6,9,21,0,35.2901867,136.2528683,82.50, 0.37
3141317,0.00,-0.20,9.55,1.00,-0.01,-0.00,-0.00,-0.34,1.26,-0.39,10.59,0.00,0,2,1001.28,42.15,109.74,1001.28,41.18,109.39,0.41,1000.62,38.02,114.40,2.20,1.97,96.33,303.93,7902,0.80,0.50,9.52,1.00,0.04,-0.04,0.02,4.23,-4.10,2.64,6,9,21,0,35.2901867,136.2528683,82.50, 0.37
3141369,0.05,-0.18,9.54,1.00,-0.01,-0.00,-0.00,-0.34,1.26,-0.39,10.59,0.00,0,2,1001.28,42.13,109.75,1001.28,41.16,109.39,0.41,1000.61,38.03,114.41,2.27,2.00,96.24,303.93,7903,0.85,0.57,9.53,1.00,0.04,-0.04,0.02,4.24,-4.10,2.64,6,9,21,0,35.2901867,136.2528683,82.50, 0.37
3141427,0.05,-0.25,9.54,1.00,-0.01,-0.00,-0.00,-0.34,1.26,-0.39,10.60,0.00,0,2,1001.28,42.14,109.74,1001.28,41.16,109.39,0.41,1000.62,38.02,114.38,2.52,2.11,96.24,303.93,7903,1.00,0.72,9.55,1.00,0.04,-0.04,0.02,4.24,-4.09,2.62,6,9,21,0,35.2901867,136.2528683,82.50, 0.37
3141480,0.00,-0.12,9.47,1.00,-0.01,-0.00,-0.00,-0.34,1.26,-0.39,10.60,0.00,0,2,1001.28,42.13,109.73,1001.28,41.16,109.39,0.41,1000.62,38.02,114.38,2.77,2.21,96.24,303.93,7903,1.00,0.66,9.52,1.00,0.04,-0.04,0.02,4.25,-4.09,2.63,6,9,21,0,35.2901867,136.2528683,82.50, 0.37
3141538,0.11,-0.18,9.63,1.00,-0.01,-0.00,-0.00,-0.34,1.26,-0.39,10.59,0.00,0,2,1001.28,42.14,109.74,1001.29,41.17,109.38,0.41,1000.62,38.02,114.39,2.88,2.26,96.33,304.01,7903,0.89,0.85,9.56,1.00,0.04,-0.04,0.02,4.25,-4.09,2.63,6,9,21,0,35.2901867,136.2528683,82.50, 0.37
3141589,0.12,-0.04,9.50,1.00,-0.01,-0.00,-0.00,-0.34,1.26,-0.39,10.59,0.00,0,2,1001.28,42.15,109.75,1001.29,41.17,109.39,0.41,1000.62,38.02,114.38,2.87,2.25,96.24,304.01,7901,1.07,0.64,9.55,1.00,0.04,-0.04,0.02,4.25,-4.09,2.63,6,9,21,0,35.2901867,136.2528683,82.50, 0.37
3141645,0.03,-0.27,9.77,1.00,-0.01,-0.00,-0.00,-0.35,1.24,-0.39,10.59,0.00,0,2,1001.28,42.13,109.76,1001.28,41.16,109.36,0.41,1000.61,38.01,114.42,2.62,2.15,96.15,304.10,7902,0.99,0.79,9.57,1.00,0.04,-0.04,0.02,4.25,-4.10,2.64,6,9,21,0,35.2901867,136.2528683,82.50, 0.37
3141699,0.04,-0.10,9.64,1.00,-0.01,-0.00,-0.00,-0.36,1.23,-0.39,10.59,0.00,0,2,1001.28,42.14,109.74,1001.29,41.16,109.36,0.41,1000.62,38.02,114.38,2.55,2.12,96.06,304.10,7903,0.87,0.64,9.62,1.00,0.04,-0.04,0.02,4.25,-4.10,2.65,6,9,21,0,35.2901867,136.2528683,82.50, 0.37
3141756,0.02,-0.28,9.68,1.00,-0.01,-0.00,-0.00,-0.36,1.22,-0.39,10.59,0.00,0,2,1001.29,42.13,109.70,1001.29,41.18,109.37,0.41,1000.62,38.02,114.40,2.52,2.11,95.89,304.10,7903,0.65,0.78,9.59,1.00,0.04,-0.04,0.02,4.25,-4.11,2.65,6,9,21,0,35.2901867,136.2528683,82.50, 0.37
3141809,-0.01,-0.13,9.69,1.00,-0.01,-0.00,-0.00,-0.37,1.21,-0.39,10.59,0.00,0,2,1001.28,42.13,109.73,1001.29,41.17,109.39,0.41,1000.61,38.03,114.43,2.70,2.18,95.19,304.10,7902,0.78,0.53,9.65,1.00,0.04,-0.04,0.02,4.25,-4.11,2.65,6,9,21,0,35.2901867,136.2528683,82.50, 0.29
3141866,0.04,-0.19,9.42,1.00,-0.01,-0.00,-0.00,-0.40,1.18,-0.39,10.59,0.00,0,2,1001.28,42.14,109.74,1001.28,41.18,109.38,0.41,1000.61,38.02,114.42,2.87,2.25,94.22,304.19,7902,0.74,0.63,9.55,1.00,0.04,-0.04,0.02,4.25,-4.10,2.65,6,9,21,0,35.2901867,136.2528683,82.50, 0.29
3141918,0.00,-0.25,9.57,1.00,-0.01,-0.00,-0.00,-0.40,1.17,-0.39,10.60,0.00,0,2,1001.28,42.12,109.77,1001.29,41.18,109.39,0.41,1000.62,38.02,114.40,3.07,2.33,91.85,304.45,7903,0.70,0.61,9.55,1.00,0.04,-0.04,0.02,4.25,-4.11,2.65,6,9,21,0,35.2901867,136.2528683,82.50, 0.29
3141974,0.00,-0.18,9.58,1.00,-0.01,-0.00,-0.00,-0.40,1.15,-0.39,10.60,0.00,0,2,1001.28,42.13,109.75,1001.28,41.17,109.42,0.41,1000.61,38.02,114.42,2.37,2.04,88.24,304.45,7902,0.71,0.58,9.54,1.00,0.04,-0.04,0.02,4.26,-4.11,2.65,6,9,22,0,35.2901867,136.2528700,82.60, 0.29
3142028,0.07,-0.18,9.55,1.00,-0.01,-0.00,-0.00,-0.40,1.12,-0.39,10.61,0.00,0,2,1001.29,42.12,109.70,1001.28,41.18,109.41,0.41,1000.61,38.01,114.41,2.88,2.26,89.82,304.45,7903,0.75,0.77,9.62,1.00,0.04,-0.04,0.02,4.26,-4.11,2.65,6,9,22,0,35.2901867,136.2528700,82.60, 0.29
3142085,0.08,-0.15,9.72,1.00,-0.01,-0.00,-0.00,-0.40,1.10,-0.39,10.60,0.00,0,2,1001.28,42.13,109.74,1001.29,41.18,109.38,0.41,1000.61,38.01,114.40,2.97,2.29,92.29,304.54,7902,0.73,0.76,9.64,1.00,0.04,-0.04,0.02,4.26,-4.11,2.65,6,9,22,0,35.2901867,136.2528700,82.60, 0.29
3142138,0.06,-0.18,9.51,1.00,-0.01,-0.00,-0.00,-0.40,1.10,-0.39,10.59,0.00,0,2,1001.28,42.13,109.75,1001.28,41.18,109.39,0.41,1000.62,38.02,114.38,3.07,2.33,95.98,304.54,7903,0.67,0.79,9.60,1.00,0.04,-0.04,0.02,4.26,-4.11,2.65,6,9,22,0,35.2901867,136.2528700,82.60, 0.29
3142192,0.05,-0.18,9.59,1.00,-0.01,-0.00,-0.00,-0.40,1.10,-0.39,10.59,0.00,0,2,1001.28,42.12,109.76,1001.29,41.18,109.38,0.41,1000.62,38.02,114.38,3.32,2.42,96.42,304.54,7902,0.82,0.63,9.53,1.00,0.04,-0.04,0.02,4.26,-4.11,2.65,6,9,22,0,35.2901867,136.2528700,82.60, 0.29
3142248,0.06,-0.12,9.60,1.00,-0.01,-0.00,-0.00,-0.40,1.10,-0.39,10.60,0.00,0,2,1001.28,42.13,109.73,1001.28,41.17,