20.68,10.59,0.00,0,2,1000.73,38.94,113.67,1000.74,36.86,112.81,0.76,1000.15,37.05,118.30,-0.05,0.30,105.64,275.19,6463,0.82,1.43,9.63,0.88,0.04,-0.05,0.47,7.81,-1.40,56.31,23,4,23,0,35.2941550,136.2544783,93.50, 0.03
1262118,-0.88,-0.26,9.76,0.98,-0.03,0.04,0.18,5.18,2.09,20.68,10.59,0.00,0,2,1000.74,38.95,113.62,1000.74,36.86,112.81,0.76,1000.14,37.04,118.34,-0.05,0.30,105.56,275.27,6466,0.34,-0.08,9.12,0.88,0.04,-0.05,0.47,7.81,-1.37,56.33,23,4,23,0,35.2941550,136.2544783,93.50, 0.03
1262175,-0.99,-0.55,9.62,0.98,-0.03,0.04,0.18,5.18,2.09,20.68,10.59,0.00,0,2,1000.73,38.93,113.64,1000.74,36.86,112.81,0.76,1000.15,37.04,118.30,-0.07,0.34,105.64,275.27,6466,0.79,0.35,9.23,0.88,0.04,-0.05,0.47,7.79,-1.35,56.33,23,4,23,0,35.2941550,136.2544783,93.50, 0.03
1262228,-1.10,-0.64,9.94,0.98,-0.03,0.04,0.18,5.20,2.16,20.67,10.59,0.00,0,2,1000.73,38.93,113.67,1000.74,36.86,112.81,0.76,1000.15,37.04,118.32,-0.05,0.30,105.64,275.19,6465,0.88,1.00,9.74,0.88,0.04,-0.05,0.47,7.81,-1.32,56.34,23,4,23,0,35.2941550,136.25447831262281,-0.88,-0.52,9.60,0.98,-0.03,0.04,0.18,5.22,2.18,20.69,10.58,0.00,0,2,1000.73,38.94,113.67,1000.74,36.86,112.83,0.76,1000.15,37.05,118.25,-0.07,0.34,105.64,275.27,6465,0.88,1.00,9.74,0.88,0.04,-0.05,0.47,7.81,-1.32,56.34,23,4,23,0,35.2941550,136.2544783,93.50, 0.03
1262337,-0.99,-0.25,9.80,0.98,-0.03,0.04,0.18,5.22,2.17,20.69,10.59,0.00,0,2,1000.73,38.94,113.69,1000.74,36.86,112.81,0.76,1000.15,37.05,118.25,-0.07,0.34,105.64,275.27,6463,0.88,1.00,9.74,0.88,0.04,-0.05,0.47,7.81,-1.32,56.34,23,4,23,0,35.2941550,136.2544783,93.50, 0.03
1262390,-0.90,-0.15,9.51,0.98,-0.03,0.04,0.18,5.22,2.16,20.69,10.59,0.00,0,2,1000.73,38.94,113.67,1000.74,36.87,112.83,0.76,1000.15,37.05,118.25,-0.07,0.34,105.64,275.27,6465,0.88,1.00,9.74,0.88,0.04,-0.05,0.47,7.81,-1.32,56.34,23,4,23,0,35.2941550,136.2544783,93.50, 0.03
1262448,-0.83,-0.44,9.36,0.98,-0.03,0.04,0.18,5.21,2.15,20.69,10.59,0.00,0,2,1000.73,38.94,113.67,1000.74,36.88,112.81,0.76,1000.15,37.05,118.25,-0.07,0.34,105.64,275.27,6466,0.88,1.00,9.74,0.88,0.04,-0.05,0.47,7.81,-1.32,56.34,23,4,23,0,35.2941550,136.2544783,93.50, 0.03
1262503,-0.76,-0.62,9.85,0.98,-0.03,0.04,0.18,5.16,2.17,20.70,10.60,0.00,0,2,1000.73,38.94,113.67,1000.74,36.87,112.81,0.75,1000.15,37.05,118.25,-0.07,0.34,105.64,275.27,6465,0.00,1.07,10.00,0.88,0.04,-0.05,0.47,7.72,-1.40,56.34,23,4,23,0,35.2941550,136.2544783,93.50, 0.03
1262557,-0.76,-0.69,9.44,0.98,-0.03,0.04,0.18,5.14,2.18,20.69,10.59,0.00,0,2,1000.73,38.95,113.66,1000.75,36.88,112.76,0.75,1000.15,37.04,118.27,-0.05,0.30,105.56,275.27,6464,1.65,0.33,9.06,0.88,0.04,-0.05,0.47,7.71,-1.42,56.26,23,4,23,0,35.2941550,136.2544783,93.50, 0.03
1262614,-0.52,-0.33,10.23,0.98,-0.03,0.04,0.18,5.13,2.13,20.70,10.58,0.00,0,2,1000.74,38.95,113.63,1000.74,36.86,112.85,0.75,1000.15,37.05,118.30,-0.07,0.34,105.47,275.27,6465,1.53,0.21,9.67,0.88,0.04,-0.05,0.47,7.69,-1.37,56.24,23,4,23,0,35.2941550,136.2544783,93.50, 0.64
1262667,-0.71,-0.40,10.25,0.98,-0.03,0.04,0.18,5.13,2.07,20.69,10.57,0.00,0,2,1000.74,38.94,113.62,1000.74,36.88,112.84,0.75,1000.15,37.04,118.23,-0.05,0.30,105.64,275.27,6466,2.15,0.19,9.23,0.88,0.04,-0.05,0.47,7.67,-1.31,56.24,23,4,23,0,35.2941550,136.2544783,93.50, 0.64
1262725,-0.91,-0.20,9.51,0.98,-0.03,0.04,0.18,5.13,2.00,20.70,10.57,0.00,0,2,1000.74,38.95,113.64,1000.75,36.87,112.79,0.75,1000.15,37.04,118.28,-0.05,0.30,105.64,275.27,6466,1.43,1.49,9.61,0.88,0.04,-0.05,0.47,7.60,-1.28,56.26,23,4,23,0,35.2941550,136.2544783,93.50, 0.64
1262778,-1.07,-0.26,9.62,0.98,-0.02,0.04,0.18,5.13,1.89,20.70,10.58,0.00,0,2,1000.74,38.96,113.64,1000.74,36.86,112.83,0.75,1000.15,37.04,118.30,-0.05,0.30,105.56,275.27,6465,1.01,-0.21,9.26,0.88,0.04,-0.05,0.47,7.60,-1.20,56.28,23,4,23,0,35.2941550,136.2544783,93.50, 0.64
1262834,-1.04,-0.43,9.89,0.98,-0.02,0.04,0.18,5.12,1.83,20.70,10.59,0.00,0,2,1000.74,38.96,113.61,1000.75,36.88,112.78,0.75,1000.15,37.04,118.24,-0.07,0.34,105.56,275.27,6465,1.82,0.47,9.38,0.88,0.04,-0.05,0.47,7.59,-1.14,56.25,23,4,23,0,35.2941550,136.2544783,93.50, 0.64
1262886,-1.00,-0.45,9.86,0.98,-0.02,0.04,0.18,5.15,1.81,20.70,10.59,0.00,0,2,1000.74,38.94,113.62,1000.74,36.87,112.81,0.74,1000.15,37.03,118.29,-0.05,0.30,105.64,275.27,6465,1.94,-0.25,9.12,0.88,0.04,-0.05,0.47,7.59,-1.07,56.22,23,4,23,0,35.2941550,136.2544783,93.50, 0.64
1262941,-0.97,-0.80,9.80,0.98,-0.02,0.04,0.18,5.17,1.85,20.69,10.58,0.00,0,2,1000.74,38.94,113.58,1000.74,36.86,112.81,0.74,1000.15,37.04,118.24,-0.07,0.34,105.64,275.27,6465,2.30,0.88,9.36,0.88,0.04,-0.05,0.47,7.60,-1.10,56.19,23,4,23,0,35.2941550,136.2544783,93.50, 0.64
1262997,-1.08,-0.73,9.71,0.98,-0.02,0.04,0.18,5.15,1.85,20.69,10.58,0.00,0,2,1000.74,38.94,113.61,1000.74,36.87,112.80,0.74,1000.15,37.05,118.31,-0.05,0.30,105.56,275.27,6463,0.89,3.08,10.65,0.88,0.04,-0.05,0.47,7.58,-1.17,56.21,23,4,24,0,35.2941500,136.2544783,93.50, 0.64
1263057,-0.91,-0.72,9.28,0.98,-0.02,0.04,0.18,5.14,1.92,20.70,10.57,0.00,0,2,1000.74,38.94,113.62,1000.74,36.87,112.82,0.74,1000.15,37.06,118.29,-0.07,0.34,105.56,275.36,6466,1.39,-1.58,8.43,0.88,0.04,-0.05,0.47,7.58,-1.14,56.21,23,4,24,0,35.2941500,136.2544783,93.50, 0.64
1263114,-0.71,-0.55,9.60,0.98,-0.03,0.04,0.18,5.14,2.03,20.69,10.58,0.00,0,2,1000.74,38.94,113.62,1000.74,36.86,112.83,0.74,1000.15,37.05,118.32,-0.05,0.30,105.64,275.27,6465,1.91,-1.62,8.27,0.88,0.04,-0.05,0.47,7.61,-1.24,56.19,23,4,24,0,35.2941500,136.2544783,93.50, 0.64
1263166,-0.70,-0.34,9.35,0.98,-0.03,0.04,0.18,5.10,2.09,20.69,10.58,0.00,0,2,1000.74,38.93,113.61,1000.75,36.86,112.80,0.74,1000.16,37.06,118.22,-0.05,0.30,105.82,275.27,6463,1.54,-1.44,8.61,0.88,0.04,-0.05,0.47,7.59,-1.27,56.22,23,4,24,0,35.2941500,136.2544783,93.50, 0.64
1263218,-0.85,-0.26,9.70,0.98,-0.03,0.04,0.18,5.08,2.05,20.69,10.58,0.00,0,2,1000.74,38.94,113.61,1000.74,36.87,112.87,0.74,1000.16,37.06,118.22,-0.07,0.34,105.82,275.27,6464,0.11,2.50,9.93,0.88,0.04,-0.05,0.47,7.59,-1.29,56.23,23,4,24,0,35.2941500,136.2544783,93.50, 0.64
1263275,-0.89,-0.39,9.70,0.98,-0.02,0.04,0.18,5.07,1.95,20.69,10.59,0.00,0,2,1000.74,38.93,113.62,1000.74,36.85,112.83,0.74,1000.15,37.05,118.24,-0.05,0.30,105.73,275.27,6466,0.59,1.73,9.64,0.88,0.04,-0.05,0.47,7.60,-1.17,56.21,23,4,24,0,35.2941500,136.2544783,93.50, 0.64
1263332,-0.85,-0.16,10.16,0.98,-0.02,0.04,0.18,5.06,1.86,20.69,10.59,0.00,0,2,1000.74,38.93,113.63,1000.74,36.87,112.80,0.74,1000.15,37.03,118.24,-0.07,0.34,105.73,275.27,6464,0.51,0.33,10.10,0.88,0.04,-0.05,0.47,7.61,-1.12,56.21,23,4,24,0,35.2941500,136.2544783,93.50, 0.64
1263386,-1.08,-0.36,9.80,0.98,-0.02,0.04,0.18,5.06,1.87,20.69,10.60,0.00,0,2,1000.74,38.93,113.58,1000.74,36.87,112.84,0.73,1000.15,37.04,118.32,-0.05,0.30,105.64,275.27,6465,2.26,0.61,9.34,0.88,0.04,-0.05,0.47,7.63,-1.11,56.12,23,4,24,0,35.2941500,136.2544783,93.50, 0.64
1263443,-1.10,-0.33,10.14,0.98,-0.02,0.04,0.18,5.06,1.87,20.69,10.60,0.00,0,2,1000.74,38.93,113.58,1000.74,36.87,112.81,0.73,1000.15,37.05,118.29,-0.07,0.34,105.64,275.27,6465,2.93,-0.30,9.44,0.88,0.04,-0.05,0.47,7.65,-1.10,56.08,23,4,24,0,35.2941500,136.2544783,93.50, 0.64
1263495,-0.82,-0.12,9.33,0.98,-0.02,0.04,0.18,5.06,1.82,20.69,10.59,0.00,0,2,1000.73,38.92,113.65,1000.75,36.86,112.80,0.73,1000.15,37.04,118.32,-0.07,0.34,105.56,275.27,6464,2.68,-2.27,8.16,0.88,0.04,-0.05,0.47,7.69,-1.01,56.10,23,4,24,0,35.2941500,136.2544783,93.50, 0.64
1263550,-0.89,-0.46,9.31,0.98,-0.02,0.04,0.18,5.06,1.77,20.70,10.59,0.00,0,2,1000.74,38.92,113.62,1000.74,36.86,112.81,0.73,1000.15,37.05,118.26,-0.07,0.34,105.56,275.27,6466,0.97,2.24,9.79,0.88,0.04,-0.06,0.47,7.73,-0.97,56.10,23,4,24,0,35.2941500,136.2544783,93.50, 0.64
1263605,-0.87,-0.40,9.91,0.98,-0.02,0.04,0.18,5.09,1.67,20.69,10.59,0.00,0,2,1000.74,38.93,113.59,1000.75,36.87,112.80,0.73,1000.14,37.06,118.33,-0.03,0.24,105.56,275.27,6465,1.33,0.99,9.58,0.88,0.04,-0.06,0.47,7.77,-0.94,56.13,23,4,24,0,35.2941500,136.2544783,93.50, 0.64
1263662,-1.08,-0.53,9.99,0.98,-0.02,0.04,0.18,5.10,1.66,20.70,10.58,0.00,0,2,1000.74,38.92,113.61,1000.75,36.88,112.78,0.72,1000.15,37.05,118.29,-0.05,0.30,105.64,275.19,6466,0.76,0.90,9.82,0.88,0.04,-0.06,0.47,7.78,-0.91,56.15,23,4,24,0,35.2941500,136.2544783,93.50, 0.64
1263714,-1.13,-0.66,9.93,0.98,-0.02,0.04,0.18,5.12,1.65,20.69,10.58,0.00,0,2,1000.74,38.92,113.62,1000.74,36.87,112.83,0.72,1000.15,37.06,118.27,-0.05,0.30,105.64,275.19,6467,1.69,0.45,9.51,0.88,0.04,-0.06,0.47,7.84,-0.90,56.14,23,4,24,0,35.2941500,136.2544783,93.50, 0.64
1263772,-0.98,-0.54,10.41,0.98,-0.02,0.04,0.18,5.16,1.64,20.70,10.58,0.00,0,2,1000.75,38.91,113.54,1000.75,36.87,112.78,0.72,1000.15,37.04,118.27,-0.07,0.34,105.64,275.19,6466,0.61,1.16,9.86,0.88,0.04,-0.06,0.47,7.89,-0.82,56.15,23,4,24,0,35.2941500,136.2544783,93.50, 0.64
1263825,-0.65,-0.51,9.56,0.98,-0.02,0.04,0.18,5.16,1.56,20.71,10.58,0.00,0,2,1000.74,38.90,113.58,1000.74,36.87,112.79,0.72,1000.15,37.04,118.27,-0.07,0.34,105.64,275.19,6464,1.10,1.06,9.44,0.88,0.04,-0.06,0.47,7.90,-0.77,56.14,23,4,24,0,35.2941500,136.2544783,93.50, 0.64
1263881,-0.80,-0.32,9.67,0.98,-0.02,0.04,0.18,5.16,1.47,20.72,10.58,0.00,0,2,1000.74,38.91,113.61,1000.75,36.87,112.79,0.72,1000.15,37.04,118.27,-0.05,0.30,105.64,275.19,6465,-0.14,2.08,9.86,0.88,0.04,-0.06,0.47,7.89,-0.68,56.17,23,4,25,0,35.2941517,136.2544817,93.50, 0.64
1263933,-0.96,-0.30,9.40,0.98,-0.02,0.04,0.18,5.16,1.37,20.72,10.58,0.00,0,2,1000.74,38.90,113.58,1000.75,36.87,112.76,0.72,1000.15,37.04,118.25,-0.05,0.30,105.64,275.19,6466,0.04,1.85,9.86,0.88,0.04,-0.06,0.47,7.91,-0.57,56.18,23,4,25,0,35.2941517,136.2544817,93.50, 0.64
1263986,-1.02,-0.17,10.01,0.98,-0.02,0.04,0.18,5.15,1.28,20.72,10.58,0.00,0,2,1000.74,38.90,113.55,1000.75,36.87,112.74,0.72,1000.15,37.05,118.25,-0.07,0.34,105.73,275.19,6465,-0.04,1.53,9.94,0.88,0.04,-0.06,0.47,7.91,-0.47,56.20,23,4,25,0,35.2941517,136.2544817,93.50, 0.64
1264045,-1.05,-0.44,9.76,0.98,-0.02,0.04,0.18,5.18,1.24,20.71,10.58,0.00,0,2,1000.74,38.90,113.61,1000.74,36.87,112.76,0.72,1000.15,37.05,118.30,-0.05,0.30,105.64,275.19,6466,1.73,0.41,9.34,0.88,0.04,-0.06,0.47,7.94,-0.41,56.11,23,4,25,0,35.2941517,136.2544817,93.50, 0.64
1264098,-0.89,-0.42,9.87,0.98,-0.02,0.04,0.18,5.21,1.23,20.71,10.59,0.00,0,2,1000.74,38.90,113.58,1000.75,36.88,112.76,0.72,1000.15,37.05,118.25,-0.05,0.30,105.73,275.19,6465,2.89,0.47,9.30,0.88,0.03,-0.06,0.47,7.96,-0.29,56.13,23,4,25,0,35.2941517,136.2544817,93.50, 0.64
1264153,-1.06,-0.20,10.00,0.98,-0.02,0.04,0.18,5.21,1.08,20.71,10.58,0.00,0,2,1000.74,38.90,113.58,1000.75,36.88,112.80,0.72,1000.15,37.05,118.28,-0.05,0.30,105.64,275.19,6466,2.23,-0.40,9.10,0.88,0.03,-0.06,0.47,8.00,-0.13,56.09,23,4,25,0,35.2941517,136.2544817,93.50, 0.64
1264210,-0.89,-0.51,9.74,0.98,-0.02,0.04,0.18,5.19,0.97,20.70,10.58,0.00,0,2,1000.74,38.89,113.57,1000.75,36.88,112.78,0.72,1000.15,37.05,118.28,-0.07,0.34,105.64,275.19,6464,2.16,1.58,9.53,0.88,0.03,-0.06,0.47,7.97,-0.03,56.13,23,4,25,0,35.2941517,136.2544817,93.50, 0.64
1264264,-0.95,0.03,9.73,0.98,-0.02,0.04,0.18,5.14,0.81,20.70,10.58,0.00,0,2,1000.74,38.90,113.56,1000.74,36.88,112.82,0.72,1000.15,37.05,118.24,-0.05,0.30,105.56,275.19,6466,0.21,0.12,9.10,0.88,0.03,-0.06,0.47,7.95,0.10,56.21,23,4,25,0,35.2941517,136.2544817,93.50, 0.64
1264322,-1.12,0.00,9.49,0.98,-0.01,0.04,0.18,5.09,0.73,20.71,10.58,0.00,0,2,1000.74,38.88,113.61,1000.75,36.88,112.80,0.72,1000.15,37.05,118.26,-0.07,0.34,105.64,275.19,6465,0.84,1.23,9.51,0.88,0.03,-0.06,0.47,7.91,0.19,56.19,23,4,25,0,35.2941517,136.2544817,93.50, 0.64
1264373,-0.94,-0.28,10.33,0.98,-0.01,0.04,0.18,5.03,0.62,20.70,10.59,0.00,0,2,1000.74,38.89,113.55,1000.75,36.88,112.78,0.72,1000.15,37.05,118.24,-0.03,0.24,105.56,275.19,6464,0.38,1.20,10.25,0.88,0.03,-0.06,0.47,7.90,0.25,56.21,23,4,25,0,35.2941517,136.2544817,93.50, 0.64
1264431,-0.93,-0.10,9.96,0.98,-0.01,0.04,0.18,5.03,0.54,20.71,10.59,0.00,0,2,1000.74,38.87,113.60,1000.74,36.89,112.81,0.72,1000.15,37.05,118.28,-0.07,0.34,105.47,275.10,6464,0.19,1.63,10.16,0.88,0.03,-0.06,0.47,7.91,0.41,56.23,23,4,25,0,35.2941517,136.2544817,93.50, 0.64
1264482,-1.01,-0.10,9.92,0.98,-0.01,0.04,0.18,5.03,0.44,20.71,10.59,0.00,0,2,1000.74,38.89,113.55,1000.74,36.86,112.83,0.72,1000.15,37.05,118.26,-0.05,0.30,105.47,275.10,6466,2.39,0.06,9.52,0.88,0.03,-0.06,0.47,7.91,0.45,56.16,23,4,25,0,35.2941517,136.2544817,93.50, 0.64
1264537,-0.94,-0.09,9.62,0.98,-0.01,0.04,0.18,5.03,0.37,20.71,10.60,0.00,0,2,1000.74,38.89,113.57,1000.75,36.88,112.80,0.72,1000.15,37.04,118.27,-0.05,0.30,105.47,275.19,6465,0.57,0.03,9.34,0.88,0.03,-0.06,0.47,7.90,0.55,56.17,23,4,25,0,35.2941517,136.2544817,93.50, 0.64
1264591,-1.06,-0.08,9.65,0.98,-0.01,0.04,0.18,5.04,0.30,20.71,10.59,0.00,0,2,1000.74,38.90,113.57,1000.74,36.88,112.80,0.71,1000.15,37.06,118.26,-0.05,0.30,105.56,275.19,6466,1.25,0.60,9.49,0.88,0.03,-0.06,0.47,7.88,0.58,56.19,23,4,25,0,35.2941517,136.2544817,93.50, 0.64
1264645,-0.99,-0.04,9.48,0.98,-0.01,0.04,0.18,5.08,0.30,20.71,10.59,0.00,0,2,1000.74,38.90,113.58,1000.74,36.88,112.81,0.72,1000.15,37.05,118.26,-0.05,0.30,105.56,275.19,6466,0.94,0.00,9.40,0.88,0.03,-0.06,0.47,7.85,0.59,56.22,23,4,25,0,35.2941517,136.2544817,93.50, 0.40
1264699,-0.89,0.11,9.84,0.98,-0.01,0.04,0.18,5.06,0.34,20.72,10.59,0.00,0,2,1000.74,38.89,113.59,1000.75,36.90,112.77,0.72,1000.15,37.05,118.28,-0.07,0.34,105.56,275.19,6465,0.56,0.29,9.61,0.88,0.03,-0.06,0.47,7.84,0.52,56.22,23,4,25,0,35.2941517,136.2544817,93.50, 0.40
1264753,-0.90,0.00,9.76,0.98,-0.01,0.04,0.18,5.05,0.43,20.72,10.60,0.00,0,2,1000.74,38.88,113.56,1000.75,36.88,112.77,0.72,1000.15,37.05,118.28,-0.05,0.30,105.56,275.19,6465,1.62,0.11,9.37,0.88,0.03,-0.06,0.47,7.85,0.40,56.21,23,4,25,0,35.2941517,136.2544817,93.50, 0.40
1264811,-0.75,-0.19,10.07,0.98,-0.01,0.04,0.18,5.05,0.52,20.72,10.59,0.00,0,2,1000.74,38.88,113.56,1000.75,36.87,112.78,0.72,1000.15,37.06,118.24,-0.05,0.30,105.56,275.19,6465,1.33,0.14,9.64,0.88,0.03,-0.06,0.47,7.83,0.31,56.23,23,4,25,0,35.2941517,136.2544817,93.50, 0.40
1264863,-0.67,-0.47,9.87,0.98,-0.01,0.04,0.18,4.98,0.61,20.71,10.58,0.00,0,2,1000.74,38.86,113.57,1000.74,36.88,112.82,0.72,1000.16,37.07,118.22,-0.03,0.24,105.56,275.19,6466,1.36,0.18,9.18,0.88,0.03,-0.06,0.47,7.82,0.30,56.21,23,4,25,0,35.2941517,136.2544817,93.50, 0.40
1264920,-1.05,-0.44,9.67,0.98,-0.01,0.04,0.18,4.98,0.63,20.72,10.58,0.00,0,2,1000.74,38.88,113.58,1000.75,36.88,112.78,0.72,1000.15,37.06,118.27,-0.05,0.30,105.56,275.19,6466,0.90,0.96,9.41,0.88,0.03,-0.06,0.47,7.82,0.30,56.25,23,4,25,0,35.2941517,136.2544817,93.50, 0.40
1264972,-1.08,-0.44,9.38,0.98,-0.01,0.04,0.18,4.99,0.65,20.71,10.59,0.00,0,2,1000.74,38.88,113.59,1000.75,36.87,112.77,0.71,1000.15,37.05,118.25,-0.05,0.30,105.56,275.10,6463,1.01,1.36,9.46,0.88,0.03,-0.06,0.47,7.82,0.36,56.27,23,4,26,0,35.2941483,136.2544833,93.40, 0.40
1265030,-1.08,-0.26,10.01,0.98,-0.01,0.04,0.18,4.96,0.64,20.71,10.60,0.00,0,2,1000.74,38.87,113.60,1000.74,36.87,112.81,0.72,1000.15,37.06,118.29,-0.05,0.30,105.56,275.19,6465,0.83,0.86,9.83,0.88,0.03,-0.06,0.47,7.80,0.42,56.28,23,4,26,0,35.2941483,136.2544833,93.40, 0.40
1265082,-0.94,0.07,10.09,0.98,-0.01,0.04,0.18,4.93,0.59,20.71,10.60,0.00,0,2,1000.74,38.87,113.61,1000.75,36.87,112.79,0.72,1000.15,37.05,118.26,-0.07,0.34,105.56,275.19,6466,1.35,-0.34,9.63,0.88,0.03,-0.06,0.47,7.79,0.45,56.27,23,4,26,0,35.2941483,136.2544833,93.40, 0.40
1265135,-0.75,-0.15,9.66,0.98,-0.01,0.04,0.18,4.93,0.59,20.71,10.61,0.00,0,2,1000.74,38.87,113.61,1000.75,36.88,112.80,0.72,1000.15,37.07,118.29,-0.07,0.34,105.56,275.19,6466,0.93,-0.15,9.34,0.88,0.03,-0.06,0.47,7.78,0.48,56.30,23,4,26,0,35.2941483,136.2544833,93.40, 0.40
1265191,-0.78,-0.17,10.03,0.98,-0.01,0.04,0.18,4.86,0.55,20.71,10.61,0.00,0,2,1000.74,38.87,113.55,1000.74,36.87,112.81,0.72,1000.15,37.06,118.27,-0.05,0.30,105.47,275.19,6465,1.34,-0.77,9.53,0.88,0.03,-0.06,0.47,7.75,0.53,56.27,23,4,26,0,35.2941483,136.2544833,93.40, 0.40
1265246,-0.84,-0.11,9.99,0.98,-0.01,0.04,0.18,4.80,0.52,20.72,10.60,0.00,0,2,1000.74,38.87,113.58,1000.74,36.88,112.80,0.72,1000.16,37.06,118.22,-0.07,0.34,105.56,275.19,6465,1.37,-0.58,9.52,0.88,0.03,-0.06,0.47,7.71,0.58,56.29,23,4,26,0,35.2941483,136.2544833,93.40, 0.40
1265301,-0.86,-0.34,9.94,0.98,-0.01,0.04,0.18,4.73,0.48,20.77,10.59,0.00,0,2,1000.74,38.86,113.58,1000.74,36.88,112.79,0.73,1000.15,37.05,118.24,-0.05,0.30,105.64,275.10,6465,0.34,1.40,10.19,0.88,0.03,-0.06,0.47,7.68,0.56,56.35,23,4,26,0,35.2941483,136.2544833,93.40, 0.40
1265358,-0.92,-0.11,9.85,0.98,-0.01,0.04,0.18,4.67,0.45,20.78,10.61,0.00,0,2,1000.74,38.86,113.61,1000.74,36.88,112.81,0.73,1000.15,37.06,118.27,-0.05,0.30,105.56,275.10,6465,0.63,0.77,9.56,0.88,0.03,-0.06,0.47,7.62,0.65,56.37,23,4,26,0,35.2941483,136.2544833,93.40, 0.40
1265411,-0.86,0.12,9.84,0.98,-0.01,0.04,0.18,4.59,0.37,20.83,10.61,0.00,0,2,1000.74,38.86,113.61,1000.74,36.88,112.83,0.73,1000.15,37.06,118.25,-0.07,0.34,105.64,275.19,6466,0.86,1.16,9.88,0.88,0.03,-0.06,0.47,7.53,0.73,56.40,23,4,26,0,35.2941483,136.2544833,93.40, 0.40
1265468,-0.92,0.01,10.39,0.98,-0.01,0.04,0.18,4.47,0.26,20.84,10.62,0.00,0,2,1000.74,38.86,113.59,1000.74,36.87,112.86,0.74,1000.15,37.06,118.24,-0.05,0.30,105.64,275.19,6466,0.93,1.40,10.35,0.88,0.02,-0.06,0.47,7.38,0.83,56.41,23,4,26,0,35.2941483,136.2544833,93.40, 0.40
1265521,-0.76,0.08,10.33,0.98,-0.01,0.04,0.18,4.35,0.10,20.84,10.61,0.00,0,2,1000.74,38.85,113.58,1000.74,36.88,112.83,0.74,1000.15,37.06,118.27,-0.07,0.34,105.56,275.19,6464,0.75,-0.45,9.83,0.88,0.02,-0.06,0.47,7.31,0.94,56.44,23,4,26,0,35.2941483,136.2544833,93.40, 0.40
1265578,-0.93,-0.22,9.92,0.98,-0.01,0.04,0.18,4.28,-0.07,20.84,10.61,0.00,0,2,1000.74,38.84,113.59,1000.74,36.89,112.83,0.75,1000.15,37.07,118.28,-0.07,0.34,105.56,275.19,6464,0.64,0.25,9.65,0.88,0.02,-0.06,0.47,7.14,1.07,56.45,23,4,26,0,35.2941483,136.2544833,93.40, 0.40
1265630,-0.96,-0.23,9.66,0.98,-0.00,0.04,0.18,4.22,-0.22,20.83,10.61,0.00,0,2,1000.74,38.85,113.58,1000.74,36.89,112.85,0.76,1000.15,37.07,118.30,-0.07,0.34,105.56,275.19,6464,0.96,-0.95,8.97,0.88,0.02,-0.06,0.47,7.03,1.30,56.44,23,4,26,0,35.2941483,136.2544833,93.40, 0.40
1265684,-1.03,-0.14,9.57,0.98,-0.00,0.04,0.18,4.27,-0.24,20.82,10.61,0.00,0,2,1000.73,38.84,113.61,1000.74,36.87,112.86,0.76,1000.15,37.07,118.25,-0.05,0.30,105.64,275.10,6466,1.20,-1.92,8.45,0.88,0.02,-0.06,0.47,6.87,1.46,56.40,23,4,26,0,35.2941483,136.2544833,93.40, 0.40
1265741,-0.98,-0.16,9.18,0.98,-0.00,0.04,0.18,4.22,-0.38,20.82,10.62,0.00,0,2,1000.73,38.83,113.61,1000.74,36.89,112.83,0.77,1000.15,37.06,118.29,-0.07,0.34,105.47,275.19,6465,0.30,2.23,9.99,0.88,0.02,-0.06,0.47,6.76,1.43,56.40,23,4,26,0,35.2941483,136.2544833,93.40, 0.28
1265794,-0.71,0.21,9.92,0.98,-0.00,0.04,0.18,4.11,-0.54,20.82,10.64,0.00,0,2,1000.73,38.83,113.68,1000.74,36.90,112.88,0.78,1000.15,37.07,118.32,-0.05,0.30,105.64,275.19,6466,0.22,0.80,9.66,0.88,0.01,-0.06,0.47,6.65,1.64,56.40,23,4,26,0,35.2941483,136.2544833,93.40, 0.28
1265849,-0.70,-0.02,9.39,0.98,-0.00,0.04,0.18,4.02,-0.67,20.82,10.65,0.00,0,2,1000.73,38.84,113.62,1000.74,36.88,112.85,0.78,1000.15,37.06,118.33,-0.05,0.30,105.64,275.19,6465,1.23,0.41,9.16,0.88,0.01,-0.06,0.47,6.56,1.73,56.38,23,4,26,0,35.2941483,136.2544833,93.40, 0.28
1265902,-0.64,0.04,9.42,0.98,0.00,0.03,0.18,3.86,-0.72,20.81,10.66,0.00,0,2,1000.73,38.82,113.64,1000.74,36.89,112.88,0.79,1000.15,37.06,118.32,-0.07,0.34,105.64,275.19,6465,1.65,-0.24,9.17,0.88,0.01,-0.06,0.47,6.37,1.83,56.38,23,4,27,0,35.2941567,136.2544833,93.50, 0.28
1265958,-0.40,0.05,9.76,0.98,0.00,0.03,0.18,3.68,-0.78,20.82,10.66,0.00,0,2,1000.73,38.82,113.63,1000.74,36.89,112.90,0.79,1000.14,37.05,118.34,-0.07,0.34,105.64,275.27,6465,-0.06,0.76,9.73,0.88,0.01,-0.06,0.47,6.29,1.84,56.44,23,4,27,0,35.2941567,136.2544833,93.50, 0.28
1266011,-0.52,-0.15,9.70,0.98,0.00,0.03,0.18,3.57,-0.78,20.83,10.66,0.00,0,2,1000.73,38.82,113.67,1000.74,36.88,112.86,0.79,1000.14,37.06,118.36,-0.05,0.30,105.56,275.27,6465,0.68,-0.05,9.00,0.88,0.01,-0.06,0.47,6.21,1.91,56.45,23,4,27,0,35.2941567,136.2544833,93.50, 0.28
1266068,-0.71,0.13,9.64,0.98,0.00,0.03,0.18,3.52,-0.83,20.88,10.66,0.00,0,2,1000.73,38.83,113.64,1000.73,36.89,112.91,0.79,1000.15,37.06,118.31,-0.05,0.30,105.64,275.19,6464,0.40,-0.52,9.18,0.88,0.01,-0.06,0.47,6.14,2.00,56.48,23,4,27,0,35.2941567,136.2544833,93.50, 0.28
1266119,-0.71,0.23,9.92,0.98,0.00,0.03,0.18,3.42,-0.90,20.91,10.66,0.00,0,2,1000.73,38.82,113.63,1000.74,36.90,112.89,0.80,1000.14,37.07,118.36,-0.05,0.30,105.64,275.19,6466,0.66,-0.35,9.40,0.88,0.01,-0.06,0.47,6.09,2.06,56.50,23,4,27,0,35.2941567,136.2544833,93.50, 0.28
1266176,-0.76,0.25,10.22,0.98,0.00,0.03,0.18,3.39,-0.96,20.96,10.66,0.00,0,2,1000.73,38.82,113.63,1000.74,36.89,112.88,0.80,1000.15,37.06,118.32,-0.05,0.30,105.56,275.19,6463,1.56,0.91,9.89,0.88,0.01,-0.06,0.47,6.07,2.07,56.53,23,4,27,0,35.2941567,136.2544833,93.50, 0.28
1266230,-0.71,0.01,9.97,0.98,0.00,0.03,0.18,3.34,-1.03,21.00,10.65,0.00,0,2,1000.73,38.82,113.67,1000.74,36.89,112.93,0.79,1000.15,37.06,118.33,-0.05,0.30,105.56,275.27,6465,-0.18,1.72,10.09,0.88,0.01,-0.05,0.47,5.98,2.12,56.57,23,4,27,0,35.2941567,136.2544833,93.50, 0.28
1266288,-0.56,-0.08,9.82,0.98,0.00,0.03,0.18,3.25,-1.10,21.04,10.64,0.00,0,2,1000.73,38.82,113.65,1000.74,36.89,112.83,0.80,1000.14,37.06,118.34,-0.05,0.30,105.47,275.27,6465,0.79,0.94,9.72,0.88,0.01,-0.05,0.47,5.92,2.19,56.60,23,4,27,0,35.2941567,136.2544833,93.50, 0.28
1266340,-0.77,-0.18,9.79,0.98,0.00,0.03,0.18,3.24,-1.09,21.07,10.64,0.00,0,2,1000.73,38.83,113.64,1000.73,36.88,112.92,0.80,1000.14,37.07,118.34,-0.07,0.34,105.47,275.27,6465,1.32,0.27,9.68,0.88,0.01,-0.05,0.47,5.92,2.26,56.61,23,4,27,0,35.2941567,136.2544833,93.50, 0.28
1266397,-0.56,-0.05,9.79,0.98,0.00,0.03,0.18,3.23,-1.09,21.09,10.64,0.00,0,2,1000.73,38.81,113.66,1000.74,36.89,112.86,0.80,1000.14,37.05,118.37,-0.05,0.30,105.56,275.27,6465,0.22,0.41,9.43,0.88,0.01,-0.05,0.47,5.88,2.28,56.65,23,4,27,0,35.2941567,136.2544833,93.50, 0.28
1266449,-1.14,-0.01,9.39,0.98,0.00,0.03,0.18,3.24,-1.07,21.11,10.64,0.00,0,2,1000.72,38.81,113.71,1000.73,36.88,112.91,0.81,1000.14,37.07,118.39,-0.05,0.30,105.47,275.27,6464,1.05,0.19,9.45,0.88,0.01,-0.06,0.47,5.91,2.35,56.66,23,4,27,0,35.2941567,136.2544833,93.50, 0.28
1266506,-0.82,0.04,9.23,0.98,0.00,0.03,0.18,3.25,-1.12,21.14,10.65,0.00,0,2,1000.73,38.80,113.65,1000.74,36.89,112.91,0.81,1000.14,37.06,118.35,-0.07,0.34,105.47,275.27,6466,1.38,0.09,9.31,0.88,0.01,-0.06,0.47,5.90,2.41,56.67,23,4,27,0,35.2941567,136.2544833,93.50, 0.28
1266558,-0.77,0.13,9.92,0.98,0.01,0.03,0.18,3.21,-1.23,21.17,10.65,0.00,0,2,1000.73,38.81,113.63,1000.73,36.89,112.95,0.81,1000.14,37.05,118.34,-0.07,0.34,105.56,275.27,6466,0.21,0.56,9.94,0.88,0.01,-0.06,0.47,5.88,2.48,56.73,23,4,27,0,35.2941567,136.2544833,93.50, 0.28
1266615,-0.88,0.64,9.99,0.98,0.01,0.03,0.18,3.18,-1.33,21.17,10.65,0.00,0,2,1000.72,38.82,113.70,1000.73,36.88,112.92,0.81,1000.14,37.06,118.35,-0.05,0.30,105.56,275.27,6466,0.91,0.63,9.59,0.88,0.00,-0.06,0.47,5.87,2.60,56.71,23,4,27,0,35.2941567,136.2544833,93.50, 0.28
1266668,-0.67,0.32,9.56,0.98,0.01,0.03,0.18,3.15,-1.40,21.17,10.66,0.00,0,2,1000.73,38.81,113.66,1000.73,36.89,112.93,0.81,1000.13,37.05,118.45,-0.05,0.30,105.47,275.27,6464,0.89,2.08,10.04,0.88,0.00,-0.06,0.47,5.84,2.66,56.73,23,4,27,0,35.2941567,136.2544833,93.50, 0.17
1266724,-0.55,-0.01,9.23,0.98,0.01,0.03,0.18,3.15,-1.44,21.17,10.66,0.00,0,2,1000.73,38.81,113.68,1000.73,36.89,112.96,0.82,1000.14,37.06,118.36,-0.05,0.30,105.56,275.27,6465,1.27,-0.10,8.99,0.88,0.00,-0.06,0.47,5.84,2.73,56.71,23,4,27,0,35.2941567,136.2544833,93.50, 0.17
1266777,-0.26,0.02,10.00,0.98,0.01,0.03,0.18,3.07,-1.42,21.17,10.65,0.00,0,2,1000.73,38.81,113.68,1000.74,36.90,112.93,0.81,1000.15,37.05,118.31,-0.05,0.30,105.47,275.36,6466,-0.36,1.56,10.04,0.88,0.00,-0.06,0.47,5.79,2.72,56.77,23,4,27,0,35.2941567,136.2544833,93.50, 0.17
1266832,-0.15,-0.12,10.14,0.98,0.01,0.03,0.18,3.00,-1.41,21.17,10.63,0.00,0,2,1000.73,38.81,113.64,1000.74,36.89,112.90,0.81,1000.15,37.06,118.31,-0.05,0.30,105.64,275.27,6465,-0.20,2.28,10.28,0.88,0.00,-0.06,0.47,5.76,2.67,56.72,23,4,27,0,35.2941567,136.2544833,93.50, 0.17
1266887,-0.22,0.14,10.16,0.98,0.01,0.03,0.18,2.91,-1.44,21.18,10.62,0.00,0,2,1000.73,38.81,113.62,1000.74,36.88,112.87,0.81,1000.14,37.05,118.37,-0.07,0.34,105.64,275.36,6466,0.07,1.50,10.08,0.88,0.00,-0.06,0.47,5.70,2.73,56.74,23,4,28,0,35.2941583,136.2544850,93.50, 0.17
1266946,-0.59,0.08,9.53,0.98,0.01,0.03,0.18,2.91,-1.45,21.20,10.61,0.00,0,2,1000.73,38.81,113.66,1000.74,36.91,112.89,0.82,1000.14,37.07,118.41,-0.05,0.30,105.56,275.36,32895,1.18,1.25,9.44,0.88,0.00,-0.06,0.47,5.70,2.75,56.73,23,4,28,0,35.2941583,136.2544850,93.50, 0.17
1266999,-0.84,0.06,9.10,0.98,0.01,0.03,0.18,2.89,-1.42,21.22,10.61,0.00,0,2,1000.73,38.79,113.62,1000.73,36.91,112.89,0.82,1000.14,37.05,118.42,-0.07,0.34,105.38,275.36,6465,-0.30,3.08,10.35,0.88,0.00,-0.05,0.47,5.63,2.65,56.76,23,4,28,0,35.2941583,136.2544850,93.50, 0.17
1267058,-0.71,0.26,9.77,0.98,0.01,0.03,0.18,2.83,-1.41,21.24,10.61,0.00,0,2,1000.72,38.80,113.70,1000.73,36.90,112.91,0.82,1000.14,37.05,118.40,-0.07,0.34,105.56,275.36,6464,-0.42,-0.23,9.52,0.88,0.00,-0.05,0.47,5.62,2.72,56.77,23,4,28,0,35.2941583,136.2544850,93.50, 0.17
1267115,-0.70,0.29,10.25,0.98,0.01,0.03,0.18,2.75,-1.40,21.24,10.61,0.00,0,2,1000.73,38.79,113.67,1000.73,36.90,112.96,0.81,1000.15,37.06,118.31,-0.07,0.34,105.64,275.45,6465,-0.05,-1.14,9.91,0.88,0.00,-0.05,0.47,5.56,2.67,56.80,23,4,28,0,35.2941583,136.2544850,93.50, 0.17
1267167,-0.58,-0.01,9.78,0.98,0.01,0.03,0.18,2.73,-1.33,21.28,10.62,0.00,0,2,1000.73,38.80,113.66,1000.74,36.90,112.89,0.81,1000.15,37.06,118.31,-0.05,0.30,105.73,275.27,6466,0.39,1.38,9.44,0.88,0.00,-0.05,0.47,5.57,2.57,56.83,23,4,28,0,35.2941583,136.2544850,93.50, 0.17
1267224,-0.44,0.04,9.54,0.98,0.01,0.03,0.18,2.72,-1.31,21.33,10.61,0.00,0,2,1000.73,38.79,113.62,1000.74,36.91,112.90,0.81,1000.13,37.06,118.43,-0.05,0.30,105.56,275.36,6465,-1.43,3.38,10.65,0.88,0.00,-0.05,0.47,5.56,2.53,56.90,23,4,28,0,35.2941583,136.2544850,93.50, 0.17
1267278,-0.25,0.14,9.75,0.98,0.01,0.02,0.18,2.66,-1.30,21.37,10.61,0.00,0,2,1000.73,38.79,113.67,1000.74,36.90,112.93,0.81,1000.14,37.06,118.38,-0.07,0.34,105.47,275.45,6466,2.38,-2.48,8.78,0.88,0.00,-0.05,0.47,5.57,2.59,56.77,23,4,28,0,35.2941583,136.2544850,93.50, 0.17
1267332,-0.25,0.12,10.61,0.98,0.01,0.02,0.19,2.60,-1.29,21.40,10.60,0.00,0,2,1000.73,38.80,113.64,1000.73,36.92,112.86,0.81,1000.14,37.06,118.36,-0.07,0.34,105.47,275.36,6466,2.55,-1.69,9.36,0.88,0.00,-0.05,0.47,5.54,2.55,56.80,23,4,28,0,35.2941583,136.2544850,93.50, 0.17
1267387,-0.51,-0.21,9.47,0.98,0.01,0.02,0.19,2.58,-1.29,21.46,10.60,0.00,0,2,1000.73,38.78,113.66,1000.74,36.91,112.90,0.81,1000.14,37.05,118.37,-0.07,0.34,105.56,275.27,6465,2.50,0.22,9.24,0.88,0.00,-0.05,0.47,5.51,2.52,56.85,23,4,28,0,35.2941583,136.2544850,93.50, 0.17
1267445,-0.30,0.31,9.51,0.98,0.01,0.02,0.19,2.55,-1.32,21.52,10.60,0.00,0,2,1000.72,38.78,113.68,1000.74,36.90,112.89,0.81,1000.14,37.06,118.35,-0.05,0.30,105.64,275.45,6465,-0.99,0.25,9.34,0.88,0.00,-0.05,0.48,5.47,2.55,56.98,23,4,28,0,35.2941583,136.2544850,93.50, 0.17
1267501,-0.21,0.14,9.57,0.98,0.01,0.02,0.19,2.52,-1.25,21.58,10.60,0.00,0,2,1000.73,38.78,113.66,1000.73,36.92,112.92,0.81,1000.14,37.05,118.37,-0.05,0.30,105.73,275.54,6465,1.99,-1.62,9.04,0.88,0.00,-0.05,0.48,5.50,2.49,56.97,23,4,28,0,35.2941583,136.2544850,93.50, 0.17
1267557,-0.31,0.08,9.67,0.98,0.01,0.02,0.19,2.51,-1.19,21.64,10.60,0.00,0,2,1000.73,38.80,113.63,1000.74,36.91,112.88,0.80,1000.14,37.06,118.39,-0.07,0.34,105.56,275.54,6465,-1.75,1.36,9.90,0.88,0.00,-0.05,0.48,5.50,2.43,57.10,23,4,28,0,35.2941583,136.2544850,93.50, 0.43
1267614,-0.93,-0.38,9.91,0.98,0.00,0.02,0.19,2.52,-1.06,21.69,10.59,0.00,0,2,1000.73,38.78,113.61,1000.74,36.91,112.89,0.80,1000.15,37.06,118.31,-0.05,0.30,105.64,275.27,6465,1.24,1.42,10.29,0.88,0.01,-0.05,0.48,5.57,2.30,57.05,23,4,28,0,35.2941583,136.2544850,93.50, 0.43
1267667,-0.69,0.00,10.07,0.98,0.01,0.02,0.19,2.45,-1.06,21.73,10.59,0.00,0,2,1000.73,38.77,113.63,1000.73,36.89,112.93,0.80,1000.14,37.06,118.34,-0.07,0.34,105.56,275.45,6465,0.99,2.60,10.31,0.88,0.01,-0.05,0.48,5.57,2.28,57.10,23,4,28,0,35.2941583,136.2544850,93.50, 0.43
1267724,-0.61,-0.08,10.02,0.98,0.00,0.02,0.19,2.46,-0.99,21.79,10.58,0.00,0,2,1000.73,38.78,113.63,1000.74,36.90,112.89,0.80,1000.15,37.06,118.32,-0.07,0.34,105.56,275.27,6466,-0.71,0.90,10.11,0.88,0.01,-0.05,0.48,5.56,2.28,57.21,23,4,28,0,35.2941583,136.2544850,93.50, 0.43
1267775,-0.65,0.18,9.80,0.98,0.00,0.02,0.19,2.51,-0.93,21.83,10.58,0.00,0,2,1000.73,38.77,113.60,1000.74,36.91,112.88,0.80,1000.15,37.07,118.30,-0.05,0.30,105.56,275.27,6463,-0.81,1.82,10.36,0.88,0.01,-0.05,0.48,5.55,2.32,57.24,23,4,28,0,35.2941583,136.2544850,93.50, 0.43
1267829,-0.73,-0.08,10.04,0.98,0.00,0.02,0.19,2.49,-0.95,21.87,10.59,0.00,0,2,1000.73,38.77,113.65,1000.73,36.89,112.94,0.80,1000.15,37.06,118.32,-0.05,0.30,105.47,275.19,6465,0.14,2.64,10.48,0.88,0.01,-0.05,0.48,5.53,2.34,57.24,23,4,28,0,35.2941583,136.2544850,93.50, 0.43
1267885,-0.72,-0.12,10.21,0.98,0.00,0.02,0.19,2.42,-1.02,21.91,10.60,0.00,0,2,1000.73,38.78,113.63,1000.74,36.91,112.88,0.80,1000.14,37.07,118.34,-0.05,0.30,105.47,275.27,6464,1.51,-0.48,9.56,0.88,0.00,-0.05,0.48,5.50,2.44,57.20,23,4,28,0,35.2941583,136.2544850,93.50, 0.43
1267937,-0.44,-0.01,9.86,0.98,0.01,0.02,0.19,2.38,-1.09,21.94,10.60,0.00,0,2,1000.73,38.77,113.60,1000.73,36.90,112.94,0.81,1000.14,37.07,118.35,-0.07,0.34,105.56,275.27,6465,1.09,0.27,9.78,0.88,0.00,-0.05,0.48,5.42,2.51,57.22,23,4,29,0,35.2941583,136.2544867,93.50, 0.43
1267994,-0.62,0.52,9.77,0.98,0.01,0.02,0.19,2.29,-1.22,21.97,10.58,0.00,0,2,1000.73,38.77,113.63,1000.73,36.90,112.92,0.81,1000.14,37.07,118.34,-0.07,0.34,105.38,275.27,6464,1.31,-0.86,9.29,0.88,0.00,-0.05,0.48,5.31,2.66,57.23,23,4,29,0,35.2941583,136.2544867,93.50, 0.43
1268052,-0.79,0.34,8.98,0.98,0.01,0.02,0.19,2.30,-1.27,22.02,10.60,0.00,0,2,1000.73,38.77,113.65,1000.73,36.90,112.90,0.82,1000.14,37.07,118.37,-0.07,0.34,105.56,275.19,6465,2.62,0.62,8.72,0.88,0.00,-0.05,0.48,5.27,2.70,57.25,23,4,29,0,35.2941583,136.2544867,93.50, 0.43
1268107,-0.34,0.22,9.53,0.98,0.01,0.02,0.19,2.21,-1.33,22.07,10.60,0.00,0,2,1000.73,38.78,113.61,1000.73,36.90,112.91,0.81,1000.14,37.06,118.41,-0.03,0.24,105.56,275.54,6465,0.80,1.96,10.14,0.88,0.00,-0.05,0.48,5.18,2.72,57.35,23,4,29,0,35.2941583,136.2544867,93.50, 0.43
1268163,-0.33,0.13,9.70,0.98,0.01,0.02,0.19,2.16,-1.36,22.12,10.61,0.00,0,2,1000.73,38.76,113.65,1000.73,36.90,112.95,0.82,1000.14,37.07,118.39,-0.05,0.30,105.56,275.54,6466,0.14,-1.06,9.23,0.88,0.00,-0.05,0.48,5.17,2.78,57.36,23,4,29,0,35.2941583,136.2544867,93.50, 0.43
1268216,-0.22,0.10,9.63,0.98,0.01,0.02,0.19,2.08,-1.38,22.14,10.61,0.00,0,2,1000.73,38.76,113.66,1000.73,36.90,112.95,0.82,1000.14,37.07,118.36,-0.07,0.34,105.56,275.54,6466,0.07,-0.05,9.50,0.88,-0.00,-0.05,0.48,5.11,2.82,57.43,23,4,29,0,35.2941583,136.2544867,93.50, 0.43
1268273,-0.23,0.09,9.55,0.98,0.01,0.02,0.19,1.96,-1.43,22.16,10.61,0.00,0,2,1000.73,38.76,113.65,1000.73,36.90,112.93,0.82,1000.14,37.07,118.40,-0.08,0.38,105.56,275.62,6465,-0.59,-1.33,8.92,0.88,-0.00,-0.05,0.48,5.09,2.89,57.44,23,4,29,0,35.2941583,136.2544867,93.50, 0.43
1268326,-0.43,0.22,10.22,0.98,0.01,0.02,0.19,1.94,-1.44,22.21,10.60,0.00,0,2,1000.73,38.77,113.67,1000.74,36.90,112.95,0.82,1000.15,37.08,118.30,-0.07,0.34,105.64,275.19,6466,-0.34,-1.90,9.00,0.88,-0.00,-0.05,0.48,5.08,2.90,57.47,23,4,29,0,35.2941583,136.2544867,93.50, 0.43
1268382,-0.43,-0.31,9.12,0.98,0.01,0.02,0.19,1.91,-1.40,22.28,10.60,0.00,0,2,1000.73,38.77,113.67,1000.74,36.90,112.93,0.82,1000.14,37.06,118.38,-0.05,0.30,105.38,275.89,6466,0.19,0.66,8.96,0.88,-0.00,-0.05,0.48,5.05,2.89,57.53,23,4,29,0,35.2941583,136.2544867,93.50, 0.43
1268435,-0.62,0.39,10.63,0.98,0.01,0.02,0.19,1.85,-1.40,22.33,10.61,0.00,0,2,1000.72,38.75,113.67,1000.73,36.90,112.90,0.81,1000.14,37.07,118.37,-0.08,0.38,105.56,275.27,6466,0.06,-1.81,9.46,0.88,-0.00,-0.05,0.48,5.02,2.87,57.57,23,4,29,0,35.2941583,136.2544867,93.50, 0.43
1268493,-0.56,0.09,9.71,0.98,0.01,0.02,0.19,1.81,-1.36,22.38,10.60,0.00,0,2,1000.73,38.75,113.65,1000.74,36.87,112.89,0.81,1000.14,37.06,118.34,-0.05,0.30,105.64,275.19,6465,0.64,1.23,10.25,0.88,-0.00,-0.05,0.48,4.99,2.83,57.59,23,4,29,0,35.2941583,136.2544867,93.50, 0.43
1268550,-0.08,0.03,10.60,0.98,0.01,0.02,0.19,1.70,-1.41,22.42,10.59,0.00,0,2,1000.73,38.75,113.65,1000.73,36.90,112.91,0.81,1000.14,37.07,118.35,-0.05,0.30,105.56,275.19,6464,0.11,1.57,10.29,0.88,-0.00,-0.05,0.48,4.90,2.86,57.62,23,4,29,0,35.2941583,136.2544867,93.50, 0.43
1268605,-0.21,0.14,9.98,0.98,0.01,0.02,0.19,1.60,-1.50,22.45,10.59,0.00,0,2,1000.73,38.74,113.66,1000.72,36.89,113.00,0.81,1000.14,37.07,118.33,-0.07,0.34,105.56,275.19,6465,0.27,-0.01,9.66,0.88,-0.00,-0.05,0.48,4.84,2.94,57.63,23,4,29,0,35.2941583,136.2544867,93.50, 0.43
1268662,-0.20,0.08,10.56,0.98,0.01,0.02,0.19,1.47,-1.63,22.47,10.59,0.00,0,2,1000.73,38.75,113.62,1000.73,36.90,112.89,0.82,1000.15,37.07,118.31,-0.05,0.30,105.56,275.19,6465,0.76,1.43,10.45,0.88,-0.00,-0.05,0.48,4.74,3.02,57.63,23,4,29,0,35.2941583,136.2544867,93.50, 0.08
1268714,-0.01,-0.07,9.23,0.98,0.01,0.01,0.19,1.37,-1.78,22.50,10.60,0.00,0,2,1000.73,38.75,113.65,1000.73,36.90,112.95,0.82,1000.14,37.07,118.40,-0.05,0.30,105.38,275.27,6465,-0.44,-0.05,9.32,0.88,-0.01,-0.05,0.48,4.52,3.21,57.65,23,4,29,0,35.2941583,136.2544867,93.50, 0.08
1268772,-0.01,0.10,10.04,0.98,0.01,0.01,0.20,1.26,-1.93,22.55,10.59,0.00,0,2,1000.73,38.74,113.62,1000.73,36.90,112.91,0.82,1000.15,37.06,118.33,-0.05,0.30,105.73,275.19,6465,1.40,-3.56,7.76,0.88,-0.01,-0.05,0.48,4.40,3.34,57.63,23,4,29,0,35.2941583,136.2544867,93.50, 0.08
1268823,-0.67,0.10,8.64,0.98,0.02,0.01,0.20,1.20,-2.05,22.60,10.61,0.00,0,2,1000.73,38.74,113.65,1000.73,36.90,112.94,0.83,1000.14,37.08,118.38,-0.05,0.30,105.64,275.54,6465,-0.66,1.24,9.21,0.88,-0.01,-0.05,0.48,4.31,3.33,57.74,23,4,29,0,35.2941583,136.2544867,93.50, 0.08
1268876,-0.68,0.33,8.91,0.98,0.02,0.01,0.20,1.13,-2.09,22.64,10.62,0.00,0,2,1000.72,38.74,113.70,1000.73,36.90,112.91,0.83,1000.14,37.06,118.41,-0.07,0.34,105.47,275.45,6465,1.70,-0.45,8.57,0.88,-0.01,-0.05,0.48,4.30,3.45,57.67,23,4,29,0,35.2941583,136.2544867,93.50, 0.08
1268932,-0.33,0.16,10.75,0.98,0.02,0.01,0.20,1.02,-2.07,22.71,10.63,0.00,0,2,1000.72,38.74,113.67,1000.74,36.90,112.89,0.83,1000.14,37.06,118.36,-0.05,0.30,105.64,275.45,6465,1.40,2.16,10.57,0.88,-0.01,-0.05,0.48,4.19,3.40,57.76,23,4,30,0,35.2941550,136.2544917,93.50, 0.08
1268988,-0.16,0.03,10.02,0.98,0.02,0.01,0.20,0.96,-2.08,22.78,10.62,0.00,0,2,1000.73,38.73,113.63,1000.74,36.90,112.88,0.82,1000.14,37.06,118.36,-0.05,0.30,105.47,275.89,6465,0.02,1.09,10.53,0.87,-0.01,-0.05,0.48,4.12,3.43,57.86,23,4,30,0,35.2941550,136.2544917,93.50, 0.08
1269042,-0.61,0.35,9.61,0.98,0.02,0.01,0.20,0.88,-2.10,22.85,10.61,0.00,0,2,1000.73,38.73,113.63,1000.73,36.88,112.99,0.82,1000.14,37.07,118.33,-0.07,0.34,105.56,275.62,6465,0.79,0.71,9.99,0.87,-0.01,-0.05,0.48,4.11,3.43,57.89,23,4,30,0,35.2941550,136.2544917,93.50, 0.08
1269100,-0.48,0.30,10.18,0.98,0.02,0.01,0.20,0.82,-2.13,22.90,10.61,0.00,0,2,1000.73,38.75,113.62,1000.74,36.91,112.90,0.82,1000.15,37.08,118.26,-0.08,0.38,105.64,275.19,6466,2.06,1.45,9.53,0.87,-0.01,-0.05,0.48,4.05,3.42,57.90,23,4,30,0,35.2941550,136.2544917,93.50, 0.08
1269153,-0.20,0.10,9.32,0.98,0.02,0.01,0.20,0.76,-2.14,22.96,10.61,0.00,0,2,1000.73,38.73,113.65,1000.73,36.91,112.86,0.82,1000.15,37.08,118.24,-0.03,0.24,105.56,275.89,6465,0.26,5.75,11.27,0.87,-0.01,-0.04,0.48,3.95,3.36,58.02,23,4,30,0,35.2941550,136.2544917,93.50, 0.08
1269211,-0.33,0.20,9.25,0.98,0.02,0.01,0.20,0.73,-2.13,23.03,10.59,0.00,0,2,1000.73,38.73,113.66,1000.73,36.91,112.88,0.82,1000.14,37.08,118.40,-0.07,0.34,105.47,275.98,6465,-1.14,3.09,9.97,0.87,-0.01,-0.04,0.48,3.94,3.44,58.08,23,4,30,0,35.2941550,136.2544917,93.50, 0.08
1269262,-0.16,0.08,9.96,0.98,0.02,0.01,0.20,0.68,-2.08,23.09,10.60,0.00,0,2,1000.73,38.74,113.65,1000.74,36.91,112.90,0.82,1000.15,37.07,118.32,-0.07,0.34,105.47,275.62,6465,0.00,-0.56,9.44,0.87,-0.01,-0.04,0.48,3.94,3.47,58.10,23,4,30,0,35.2941550,136.2544917,93.50, 0.08
1269320,0.06,-0.01,9.70,0.98,0.02,0.01,0.20,0.64,-2.02,23.16,10.59,0.00,0,2,1000.72,38.74,113.67,1000.74,36.92,112.90,0.82,1000.14,37.06,118.36,-0.07,0.34,105.47,275.54,6465,-0.74,-0.06,9.80,0.87,-0.01,-0.04,0.48,3.91,3.33,58.12,23,4,30,0,35.2941550,136.2544917,93.50, 0.08
1269373,-0.17,-0.09,9.59,0.98,0.02,0.01,0.20,0.59,-1.98,23.20,10.60,0.00,0,2,1000.73,38.75,113.63,1000.73,36.91,112.94,0.82,1000.14,37.07,118.37,-0.05,0.30,105.47,275.71,6465,0.72,-0.33,9.51,0.87,-0.01,-0.04,0.48,3.93,3.34,58.12,23,4,30,0,35.2941550,136.2544917,93.50, 0.08
1269431,-0.35,-0.16,9.69,0.98,0.02,0.01,0.20,0.60,-1.89,23.26,10.60,0.00,0,2,1000.73,38.74,113.62,1000.74,36.91,112.87,0.82,1000.14,37.07,118.35,-0.05,0.30,105.56,275.80,6465,2.46,0.85,9.39,0.87,-0.01,-0.04,0.48,3.98,3.23,58.14,23,4,30,0,35.2941550,136.2544917,93.50, 0.08
1269483,-0.31,0.03,9.55,0.98,0.01,0.01,0.20,0.61,-1.83,23.32,10.60,0.00,0,2,1000.73,38.73,113.66,1000.73,36.91,112.95,0.82,1000.14,37.07,118.41,-0.07,0.34,105.29,275.54,6465,-0.80,-0.75,9.17,0.87,-0.01,-0.04,0.49,3.95,3.31,58.24,23,4,30,0,35.2941550,136.2544917,93.50, 0.08
1269540,-0.54,0.26,9.80,0.98,0.01,0.01,0.20,0.57,-1.78,23.39,10.59,0.00,0,2,1000.73,38.74,113.61,1000.74,36.91,112.90,0.81,1000.14,37.06,118.41,-0.03,0.24,105.47,275.45,6466,0.52,-0.73,9.42,0.87,-0.01,-0.04,0.49,3.90,3.29,58.28,23,4,30,0,35.2941550,136.2544917,93.50, 0.08
1269597,0.04,0.15,10.55,0.98,0.01,0.01,0.20,0.54,-1.76,23.44,10.60,0.00,0,2,1000.72,38.73,113.68,1000.73,36.91,112.93,0.81,1000.14,37.06,118.40,-0.07,0.34,105.47,275.54,6466,-0.18,-1.29,9.69,0.87,-0.01,-0.04,0.49,3.84,3.27,58.35,23,4,30,0,35.2941550,136.2544917,93.50, 0.08
1269653,-0.39,0.02,9.66,0.98,0.01,0.01,0.20,0.52,-1.74,23.51,10.60,0.00,0,2,1000.72,38.73,113.68,1000.73,36.92,112.91,0.82,1000.14,37.06,118.36,-0.05,0.30,105.47,275.36,6464,-0.04,-1.08,9.14,0.87,-0.01,-0.04,0.49,3.84,3.27,58.38,23,4,30,0,35.2941550,136.2544917,93.50, 0.51
1269710,-0.34,0.10,9.35,0.98,0.01,0.01,0.20,0.48,-1.74,23.57,10.60,0.00,0,2,1000.72,38.72,113.67,1000.74,36.91,112.91,0.82,1000.14,37.06,118.36,-0.05,0.30,105.56,275.45,6465,0.17,0.33,9.17,0.87,-0.01,-0.04,0.49,3.83,3.25,58.41,23,4,30,0,35.2941550,136.2544917,93.50, 0.51
1269762,-0.61,0.07,9.51,0.98,0.01,0.01,0.20,0.45,-1.72,23.61,10.62,0.00,0,2,1000.73,38.73,113.66,1000.73,36.91,112.94,0.81,1000.14,37.06,118.41,-0.05,0.30,105.56,275.45,6464,0.38,0.66,9.28,0.87,-0.01,-0.04,0.49,3.82,3.23,58.43,23,4,30,0,35.2941550,136.2544917,93.50, 0.51
1269819,-0.24,0.11,10.11,0.98,0.01,0.01,0.20,0.38,-1.70,23.66,10.62,0.00,0,2,1000.73,38.74,113.64,1000.73,36.90,112.92,0.81,1000.14,37.07,118.36,-0.05,0.30,105.56,275.36,6466,0.05,1.80,10.47,0.87,-0.01,-0.04,0.49,3.80,3.19,58.49,23,4,31,0,35.2941517,136.2544967,93.50, 0.51
1269871,0.03,0.12,10.11,0.98,0.01,0.01,0.21,0.31,-1.69,23.71,10.61,0.00,0,2,1000.73,38.75,113.64,1000.74,36.91,112.88,0.81,1000.14,37.07,118.36,-0.07,0.34,105.47,275.54,6466,-0.17,0.83,9.81,0.87,-0.01,-0.04,0.49,3.79,3.22,58.56,23,4,31,0,35.2941517,136.2544967,93.50, 0.51
1269926,-0.21,0.18,9.49,0.98,0.01,0.01,0.21,0.31,-1.69,23.78,10.60,0.00,0,2,1000.72,38.73,113.66,1000.74,36.93,112.93,0.81,1000.14,37.07,118.33,-0.07,0.34,105.56,275.54,6465,-0.06,-0.94,9.06,0.87,-0.01,-0.04,0.49,3.82,3.24,58.58,23,4,31,0,35.2941517,136.2544967,93.50, 0.51
1269980,0.20,0.10,10.42,0.98,0.01,0.01,0.21,0.23,-1.73,23.81,10.59,0.00,0,2,1000.73,38.73,113.63,1000.74,36.93,112.88,0.81,1000.15,37.08,118.30,-0.07,0.34,105.64,275.45,6466,-0.04,2.28,10.80,0.87,-0.01,-0.04,0.49,3.79,3.21,58.59,23,4,31,0,35.2941517,136.2544967,93.50, 0.51
1270038,0.20,0.04,9.65,0.98,0.01,0.00,0.21,0.19,-1.73,23.85,10.59,0.00,0,2,1000.73,38.73,113.63,1000.73,36.91,112.92,0.81,1000.15,37.06,118.32,-0.05,0.30,105.56,275.54,6466,0.19,1.99,10.11,0.87,-0.01,-0.04,0.49,3.79,3.22,58.60,23,4,31,0,35.2941517,136.2544967,93.50, 0.51
1270090,0.05,0.12,10.64,0.98,0.01,0.00,0.21,0.15,-1.78,23.87,10.59,0.00,0,2,1000.73,38.74,113.61,1000.73,36.92,112.93,0.81,1000.14,37.08,118.37,-0.05,0.30,105.47,275.62,6466,0.44,0.82,10.00,0.87,-0.01,-0.04,0.49,3.78,3.29,58.63,23,4,31,0,35.2941517,136.2544967,93.50, 0.51
1270147,-0.39,0.07,9.39,0.98,0.02,0.00,0.21,0.14,-1.79,23.92,10.59,0.00,0,2,1000.73,38.74,113.65,1000.74,36.91,112.87,0.81,1000.14,37.08,118.38,-0.05,0.30,105.47,275.62,6466,0.09,-0.60,9.04,0.87,-0.01,-0.04,0.49,3.78,3.34,58.68,23,4,31,0,35.2941517,136.2544967,93.50, 0.51
1270200,-0.20,0.08,9.75,0.98,0.02,0.00,0.21,0.10,-1.80,23.97,10.59,0.00,0,2,1000.73,38.73,113.64,1000.73,36.92,112.86,0.81,1000.14,37.07,118.37,-0.05,0.30,105.56,275.80,6466,-0.08,1.24,9.89,0.87,-0.01,-0.04,0.49,3.75,3.35,58.73,23,4,31,0,35.2941517,136.2544967,93.50, 0.51
1270257,-0.41,0.15,9.15,0.98,0.02,0.00,0.21,0.11,-1.78,24.01,10.59,0.00,0,2,1000.72,38.73,113.70,1000.74,36.92,112.93,0.81,1000.15,37.06,118.30,-0.07,0.34,105.64,275.45,6466,-0.19,-1.91,8.88,0.87,-0.01,-0.04,0.49,3.77,3.36,58.77,23,4,31,0,35.2941517,136.2544967,93.50, 0.51
1270310,-0.36,0.01,10.18,0.98,0.01,0.00,0.21,0.10,-1.74,24.06,10.60,0.00,0,2,1000.73,38.73,113.61,1000.73,36.92,112.91,0.80,1000.14,37.07,118.34,-0.05,0.30,105.56,275.54,6464,0.49,-0.78,9.51,0.87,-0.01,-0.04,0.49,3.77,3.28,58.79,23,4,31,0,35.2941517,136.2544967,93.50, 0.51
1270368,-0.28,0.18,9.73,0.98,0.01,0.00,0.21,0.08,-1.75,24.07,10.60,0.00,0,2,1000.72,38.72,113.68,1000.73,36.92,112.91,0.80,1000.15,37.08,118.33,-0.05,0.30,105.56,275.54,6465,0.56,1.35,9.95,0.87,-0.01,-0.04,0.49,3.75,3.26,58.78,23,4,31,0,35.2941517,136.2544967,93.50, 0.51
1270419,-0.32,0.21,9.93,0.98,0.02,0.00,0.21,0.04,-1.77,24.09,10.59,0.00,0,2,1000.73,38.74,113.62,1000.73,36.92,112.91,0.81,1000.14,37.06,118.36,-0.05,0.30,105.56,275.54,6466,1.34,1.00,9.95,0.87,-0.01,-0.04,0.49,3.75,3.30,58.79,23,4,31,0,35.2941517,136.2544967,93.50, 0.51
1270473,0.09,0.08,9.68,0.98,0.01,0.00,0.21,0.02,-1.74,24.10,10.60,0.00,0,2,1000.73,38.72,113.62,1000.74,36.92,112.89,0.81,1000.14,37.06,118.38,-0.07,0.34,105.56,275.71,6466,0.53,1.07,9.63,0.87,-0.01,-0.04,0.49,3.72,3.31,58.83,23,4,31,0,35.2941517,136.2544967,93.50, 0.51
1270528,-0.07,0.07,9.43,0.98,0.01,0.00,0.21,0.01,-1.69,24.11,10.60,0.00,0,2,1000.73,38.73,113.66,1000.74,36.92,112.90,0.81,1000.14,37.07,118.39,-0.07,0.34,105.56,275.71,6465,-0.15,0.34,9.32,0.87,-0.01,-0.04,0.49,3.72,3.29,58.86,23,4,31,0,35.2941517,136.2544967,93.50, 0.32
1270581,-0.44,0.20,9.31,0.98,0.01,0.00,0.21,0.04,-1.60,24.14,10.59,0.00,0,2,1000.73,38.73,113.63,1000.74,36.93,112.91,0.81,1000.14,37.06,118.38,-0.05,0.30,105.56,275.62,6465,0.56,-0.10,9.04,0.87,-0.01,-0.04,0.49,3.75,3.25,58.84,23,4,31,0,35.2941517,136.2544967,93.50, 0.32
1270638,-0.37,0.19,9.39,0.98,0.01,0.00,0.21,0.15,-1.49,24.17,10.60,0.00,0,2,1000.72,38.73,113.66,1000.74,36.92,112.88,0.80,1000.14,37.08,118.36,-0.07,0.34,105.56,275.62,6464,0.44,0.64,9.43,0.87,-0.01,-0.04,0.49,3.78,3.16,58.89,23,4,31,0,35.2941517,136.2544967,93.50, 0.32
1270691,0.00,0.18,10.75,0.98,0.01,0.00,0.21,0.07,-1.49,24.17,10.59,0.00,0,2,1000.73,38.72,113.63,1000.74,36.92,112.92,0.80,1000.15,37.07,118.34,-0.07,0.34,105.56,275.62,6466,-0.48,-0.09,10.78,0.87,-0.01,-0.04,0.49,3.74,3.20,58.90,23,4,31,0,35.2941517,136.2544967,93.50, 0.32
1270747,0.16,0.06,10.68,0.98,0.01,0.00,0.21,-0.02,-1.57,24.16,10.58,0.00,0,2,1000.73,38.73,113.57,1000.74,36.92,112.89,0.80,1000.15,37.07,118.30,-0.05,0.30,105.47,275.71,6465,-0.24,1.26,10.75,0.87,-0.01,-0.04,0.49,3.72,3.26,58.89,23,4,31,0,35.2941517,136.2544967,93.50, 0.32
1270799,0.01,0.10,10.18,0.98,0.01,0.00,0.21,-0.02,-1.63,24.16,10.57,0.00,0,2,1000.73,38.73,113.59,1000.73,36.91,112.92,0.80,1000.15,37.08,118.33,-0.05,0.30,105.47,275.71,6465,0.56,0.09,9.95,0.87,-0.01,-0.04,0.49,3.71,3.32,58.89,23,4,31,0,35.2941517,136.2544967,93.50, 0.32
1270857,0.04,0.19,9.61,0.98,0.02,0.00,0.21,-0.08,-1.74,24.16,10.57,0.00,0,2,1000.73,38.72,113.65,1000.74,36.93,112.89,0.80,1000.14,37.06,118.36,-0.07,0.34,105.47,275.71,6465,0.29,-0.06,9.27,0.87,-0.01,-0.04,0.49,3.65,3.44,58.88,23,4,31,0,35.2941517,136.2544967,93.50, 0.32
1270910,0.27,-0.02,9.61,0.98,0.02,0.00,0.21,-0.16,-1.83,24.16,10.58,0.00,0,2,1000.73,38.72,113.60,1000.73,36.92,112.84,0.81,1000.14,37.07,118.35,-0.05,0.30,105.47,275.71,6465,-0.72,0.39,9.63,0.87,-0.01,-0.04,0.49,3.56,3.51,58.91,23,4,32,0,35.2941533,136.2544950,93.50, 0.32
1270966,0.06,0.14,9.50,0.98,0.02,0.00,0.21,-0.22,-1.82,24.16,10.58,0.00,0,2,1000.72,38.73,113.66,1000.73,36.92,112.90,0.81,1000.14,37.07,118.35,-0.07,0.34,105.56,275.71,6464,-0.20,-1.06,9.02,0.87,-0.01,-0.04,0.49,3.51,3.65,58.91,23,4,32,0,35.2941533,136.2544950,93.50, 0.32
1271018,0.21,0.21,9.30,0.98,0.02,0.00,0.21,-0.30,-1.92,24.16,10.59,0.00,0,2,1000.73,38.72,113.63,1000.74,36.92,112.88,0.81,1000.14,37.07,118.39,-0.07,0.34,105.56,275.71,6466,-0.12,0.50,9.44,0.87,-0.01,-0.04,0.49,3.48,3.65,58.89,23,4,32,0,35.2941533,136.2544950,93.50, 0.32
1271072,-0.25,0.53,9.28,0.98,0.02,0.00,0.21,-0.34,-1.99,24.17,10.60,0.00,0,2,1000.72,38.72,113.67,1000.73,36.91,112.93,0.82,1000.14,37.07,118.36,-0.05,0.30,105.47,275.80,6465,-0.11,-0.91,9.24,0.87,-0.01,-0.04,0.49,3.43,3.75,58.90,23,4,32,0,35.2941533,136.2544950,93.50, 0.32
1271129,-0.25,0.60,9.07,0.98,0.02,0.00,0.21,-0.37,-2.02,24.19,10.60,0.00,0,2,1000.73,38.71,113.64,1000.73,36.93,112.89,0.82,1000.14,37.07,118.40,-0.05,0.30,105.56,275.80,6466,0.13,-1.31,8.81,0.87,-0.01,-0.04,0.49,3.39,3.75,58.91,23,4,32,0,35.2941533,136.2544950,93.50, 0.32
1271187,-0.12,-0.06,9.56,0.98,0.02,0.00,0.21,-0.40,-1.97,24.21,10.61,0.00,0,2,1000.73,38.71,113.64,1000.74,36.95,112.90,0.81,1000.14,37.07,118.34,-0.05,0.30,105.56,275.71,6465,1.65,-1.30,9.02,0.87,-0.01,-0.04,0.49,3.38,3.72,58.89,23,4,32,0,35.2941533,136.2544950,93.50, 0.32
1271238,-0.30,0.15,9.47,0.98,0.02,-0.00,0.21,-0.42,-1.93,24.24,10.61,0.00,0,2,1000.72,38.71,113.67,1000.73,36.92,112.91,0.81,1000.14,37.06,118.39,-0.05,0.30,105.29,275.80,6466,-0.62,0.17,9.37,0.87,-0.01,-0.04,0.49,3.34,3.64,58.98,23,4,32,0,35.2941533,136.2544950,93.50, 0.32
1271297,-0.44,-0.12,9.04,0.98,0.02,-0.00,0.21,-0.44,-1.87,24.25,10.60,0.00,0,2,1000.73,38.71,113.61,1000.73,36.92,112.93,0.81,1000.14,37.07,118.41,-0.05,0.30,105.47,275.80,6465,0.75,-2.74,8.60,0.87,-0.01,-0.04,0.49,3.34,3.66,58.91,23,4,32,0,35.2941533,136.2544950,93.50, 0.32
1271353,0.03,0.18,10.73,0.98,0.02,-0.00,0.21,-0.49,-1.83,24.29,10.60,0.00,0,2,1000.73,38.72,113.60,1000.74,36.93,112.87,0.81,1000.15,37.08,118.30,-0.05,0.30,105.56,275.80,6465,2.56,-3.03,8.60,0.87,-0.01,-0.04,0.49,3.31,3.67,58.94,23,4,32,0,35.2941533,136.2544950,93.50, 0.32
1271408,-0.06,-0.23,9.79,0.98,0.02,-0.00,0.21,-0.53,-1.83,24.33,10.59,0.00,0,2,1000.73,38.70,113.61,1000.74,36.94,112.83,0.81,1000.14,37.05,118.40,-0.05,0.30,105.21,276.06,6465,1.65,1.34,9.68,0.87,-0.01,-0.04,0.49,3.30,3.53,58.98,23,4,32,0,35.2941533,136.2544950,93.50, 0.32
1271466,-0.07,0.03,9.56,0.98,0.02,-0.00,0.21,-0.54,-1.82,24.36,10.59,0.00,0,2,1000.73,38.72,113.63,1000.73,36.93,112.89,0.81,1000.14,37.08,118.42,-0.05,0.30,105.29,275.62,6464,-0.75,-1.48,8.87,0.87,-0.01,-0.04,0.49,3.25,3.58,59.07,23,4,32,0,35.2941533,136.2544950,93.50, 0.32
1271516,0.08,0.13,10.50,0.98,0.02,-0.00,0.21,-0.61,-1.81,24.38,10.59,0.00,0,2,1000.73,38.71,113.64,1000.74,36.92,112.88,0.81,1000.14,37.06,118.39,-0.05,0.30,105.47,275.36,6465,0.62,-1.55,9.14,0.87,-0.01,-0.04,0.49,3.23,3.59,59.04,23,4,32,0,35.2941533,136.2544950,93.50, 0.32
1271575,-0.03,-0.18,9.20,0.98,0.02,-0.00,0.21,-0.67,-1.80,24.43,10.59,0.00,0,2,1000.73,38.72,113.60,1000.74,36.93,112.88,0.81,1000.15,37.06,118.33,-0.05,0.30,105.56,275.45,6465,-1.17,0.88,10.07,0.87,-0.01,-0.04,0.49,3.17,3.52,59.12,23,4,32,0,35.2941533,136.2544950,93.50, 0.32
1271627,-0.17,0.14,9.73,0.98,0.02,-0.00,0.21,-0.68,-1.83,24.46,10.59,0.00,0,2,1000.73,38.71,113.64,1000.73,36.93,112.96,0.81,1000.14,37.08,118.35,-0.07,0.34,105.47,275.19,6466,-1.07,0.05,9.80,0.87,-0.01,-0.04,0.49,3.14,3.58,59.16,23,4,32,0,35.2941533,136.2544950,93.50, 0.32
1271683,-0.05,0.39,10.28,0.98,0.02,-0.00,0.21,-0.75,-1.85,24.49,10.60,0.00,0,2,1000.73,38.71,113.62,1000.74,36.92,112.91,0.81,1000.15,37.07,118.32,-0.05,0.30,105.56,275.19,6466,1.69,1.97,10.11,0.87,-0.01,-0.04,0.49,3.14,3.58,59.07,23,4,32,0,35.2941533,136.2544950,93.50, 0.32
1271736,0.09,-0.06,9.84,0.98,0.02,-0.00,0.21,-0.83,-1.87,24.55,10.60,0.00,0,2,1000.73,38.72,113.64,1000.74,36.93,112.88,0.81,1000.15,37.07,118.28,-0.03,0.24,105.56,275.36,6465,0.25,3.90,11.08,0.87,-0.01,-0.04,0.49,3.05,3.56,59.14,23,4,32,0,35.2941533,136.2544950,93.50, 0.32
1271793,-0.19,0.06,9.21,0.98,0.02,-0.00,0.21,-0.85,-1.92,24.57,10.60,0.00,0,2,1000.73,38.71,113.64,1000.73,36.93,112.94,0.81,1000.14,37.08,118.35,-0.05,0.30,105.47,275.71,6465,-0.03,1.72,9.92,0.87,-0.01,-0.04,0.49,3.01,3.68,59.17,23,4,32,0,35.2941533,136.2544950,93.50, 0.32
1271846,-0.09,0.00,9.83,0.98,0.02,-0.00,0.21,-0.91,-1.95,24.62,10.59,0.00,0,2,1000.73,38.71,113.61,1000.74,36.92,112.89,0.81,1000.15,37.07,118.32,-0.07,0.34,105.56,275.62,6465,1.28,-0.98,8.39,0.87,-0.02,-0.04,0.49,2.98,3.73,59.18,23,4,32,0,35.2941533,136.2544950,93.50, 0.32
1271904,-0.11,-0.01,8.48,0.98,0.02,-0.00,0.21,-0.95,-1.94,24.68,10.60,0.00,0,2,1000.73,38.70,113.64,1000.74,36.92,112.88,0.81,1000.14,37.07,118.34,-0.05,0.30,105.56,275.62,6465,-1.43,1.65,9.10,0.87,-0.02,-0.04,0.49,2.93,3.67,59.29,23,4,32,0,35.2941533,136.2544950,93.50, 0.32
1271956,-0.22,0.18,9.51,0.98,0.02,-0.00,0.21,-1.00,-1.91,24.72,10.60,0.00,0,2,1000.73,38.71,113.64,1000.74,36.93,112.93,0.81,1000.14,37.08,118.36,-0.07,0.34,105.56,275.62,6466,-0.42,0.00,9.29,0.87,-0.02,-0.04,0.49,2.91,3.65,59.28,23,4,32,0,35.2941533,136.2544950,93.50, 0.32
1272013,0.09,-0.14,10.20,0.98,0.02,-0.01,0.21,-1.08,-1.83,24.76,10.61,0.00,0,2,1000.73,38.71,113.64,1000.74,36.93,112.89,0.80,1000.15,37.07,118.31,-0.07,0.34,105.56,275.62,6466,0.62,0.49,10.80,0.87,-0.01,-0.04,0.49,2.90,3.57,59.30,23,4,33,0,35.2941533,136.2544917,93.60, 0.32
1272065,-0.05,0.57,9.93,0.98,0.02,-0.01,0.21,-1.13,-1.82,24.81,10.60,0.00,0,2,1000.73,38.70,113.61,1000.73,36.92,112.96,0.80,1000.15,37.08,118.33,-0.05,0.30,105.38,275.71,6465,0.17,-1.57,9.84,0.87,-0.02,-0.04,0.49,2.88,3.62,59.32,23,4,33,0,35.2941533,136.2544917,93.60, 0.32
1272118,0.15,0.02,10.76,0.98,0.02,-0.01,0.22,-1.17,-1.81,24.86,10.60,0.00,0,2,1000.73,38.70,113.61,1000.74,36.93,112.89,0.80,1000.15,37.08,118.30,-0.07,0.34,105.56,275.62,6466,0.18,-0.11,9.59,0.87,-0.01,-0.04,0.49,2.86,3.60,59.35,23,4,33,0,35.2941533,136.2544917,93.60, 0.32
1272177,0.07,-0.14,9.03,0.98,0.02,-0.01,0.22,-1.18,-1.80,24.91,10.60,0.00,0,2,1000.73,38.70,113.61,1000.74,36.91,112.90,0.80,1000.15,37.08,118.28,-0.03,0.24,105.56,275.80,6466,-0.35,3.27,10.22,0.87,-0.01,-0.04,0.49,2.84,3.49,59.43,23,4,33,0,35.2941533,136.2544917,93.60, 0.32
1272234,-0.01,0.12,9.43,0.98,0.02,-0.01,0.22,-1.21,-1.79,24.96,10.60,0.00,0,2,1000.73,38.72,113.60,1000.73,36.92,112.86,0.80,1000.14,37.08,118.40,-0.07,0.34,105.47,275.98,6466,-1.95,2.08,10.21,0.87,-0.01,-0.04,0.50,2.81,3.45,59.48,23,4,33,0,35.2941533,136.2544917,93.60, 0.32
1272287,0.19,0.10,10.24,0.98,0.02,-0.01,0.22,-1.25,-1.72,25.00,10.59,0.00,0,2,1000.73,38.72,113.63,1000.74,36.93,112.92,0.80,1000.15,37.07,118.32,-0.05,0.30,105.47,275.80,6464,-1.27,0.26,9.81,0.87,-0.01,-0.04,0.50,2.82,3.54,59.51,23,4,33,0,35.2941533,136.2544917,93.60, 0.32
1272345,0.10,0.14,9.85,0.98,0.02,-0.01,0.22,-1.29,-1.72,25.06,10.59,0.00,0,2,1000.72,38.72,113.67,1000.74,36.93,112.84,0.80,1000.15,37.08,118.31,-0.05,0.30,105.56,275.80,6465,1.04,1.23,9.80,0.87,-0.01,-0.04,0.49,2.82,3.53,59.45,23,4,33,0,35.2941533,136.2544917,93.60, 0.32
1272403,0.01,0.14,9.65,0.98,0.02,-0.01,0.22,-1.31,-1.72,25.11,10.60,0.00,0,2,1000.72,38.71,113.66,1000.73,36.92,112.93,0.80,1000.15,37.08,118.33,-0.07,0.34,105.56,275.98,6465,0.01,2.22,10.10,0.87,-0.01,-0.04,0.50,2.80,3.53,59.50,23,4,33,0,35.2941533,136.2544917,93.60, 0.32
1272456,-0.04,0.18,9.74,0.98,0.02,-0.01,0.22,-1.33,-1.73,25.15,10.60,0.00,0,2,1000.73,38.71,113.63,1000.74,36.93,112.91,0.80,1000.15,37.09,118.32,-0.05,0.30,105.47,276.24,6465,0.07,0.50,9.58,0.87,-0.02,-0.04,0.50,2.80,3.58,59.54,23,4,33,0,35.2941533,136.2544917,93.60, 0.32
1272513,0.03,-0.08,10.08,0.98,0.02,-0.01,0.22,-1.29,-1.65,25.21,10.60,0.00,0,2,1000.73,38.70,113.61,1000.73,36.92,112.86,0.80,1000.14,37.07,118.37,-0.03,0.24,105.47,276.24,6466,0.05,0.60,9.87,0.87,-0.02,-0.04,0.50,2.80,3.59,59.58,23,4,33,0,35.2941533,136.2544917,93.60, 0.32
1272565,0.04,0.07,10.02,0.98,0.02,-0.01,0.22,-1.28,-1.63,25.25,10.59,0.00,0,2,1000.73,38.71,113.64,1000.73,36.92,112.89,0.80,1000.14,37.07,118.35,-0.05,0.30,105.56,276.24,6466,-0.23,0.89,10.11,0.87,-0.02,-0.04,0.50,2.80,3.59,59.62,23,4,33,0,35.2941533,136.2544917,93.60, 0.32
1272623,0.17,0.13,9.60,0.98,0.02,-0.01,0.22,-1.31,-1.64,25.29,10.60,0.00,0,2,1000.73,38.71,113.63,1000.73,36.92,112.91,0.80,1000.14,37.07,118.39,-0.07,0.34,105.29,276.33,6465,-0.04,-1.40,8.95,0.87,-0.02,-0.04,0.50,2.80,3.67,59.63,23,4,33,0,35.2941533,136.2544917,93.60, 0.32
1272675,0.08,0.03,9.56,0.98,0.02,-0.01,0.22,-1.30,-1.63,25.33,10.60,0.00,0,2,1000.73,38.72,113.60,1000.74,36.94,112.90,0.80,1000.14,37.08,118.36,-0.07,0.34,105.47,276.50,6466,0.20,-2.34,8.69,0.87,-0.02,-0.04,0.50,2.79,3.71,59.67,23,4,33,0,35.2941533,136.2544917,93.60, 0.32
1272731,0.16,0.02,9.62,0.98,0.02,-0.01,0.22,-1.28,-1.57,25.39,10.59,0.00,0,2,1000.73,38.70,113.63,1000.74,36.92,112.88,0.79,1000.15,37.08,118.31,-0.05,0.30,105.56,276.33,6466,0.05,1.59,9.80,0.87,-0.02,-0.04,0.50,2.79,3.61,59.70,23,4,33,0,35.2941533,136.2544917,93.60, 0.30
1272783,0.10,-0.02,9.96,0.98,0.02,-0.01,0.22,-1.26,-1.52,25.44,10.59,0.00,0,2,1000.73,38.71,113.61,1000.74,36.94,112.90,0.79,1000.14,37.08,118.35,-0.07,0.34,105.47,276.42,6466,0.40,1.70,10.04,0.87,-0.02,-0.04,0.50,2.79,3.63,59.73,23,4,33,0,35.2941533,136.2544917,93.60, 0.30
1272840,0.11,0.28,9.87,0.98,0.02,-0.01,0.22,-1.29,-1.50,25.49,10.60,0.00,0,2,1000.73,38.71,113.61,1000.74,36.93,112.89,0.80,1000.14,37.07,118.37,-0.05,0.30,105.47,276.68,6466,0.38,0.26,9.96,0.87,-0.02,-0.04,0.50,2.77,3.68,59.78,23,4,33,0,35.2941533,136.2544917,93.60, 0.30
1272894,-0.08,0.54,10.18,0.98,0.02,-0.01,0.22,-1.28,-1.55,25.56,10.60,0.00,0,2,1000.73,38.71,113.64,1000.73,36.93,112.92,0.80,1000.15,37.07,118.32,-0.05,0.30,105.47,276.68,6465,0.98,-1.07,9.70,0.87,-0.02,-0.04,0.50,2.80,3.77,59.82,23,4,33,0,35.2941533,136.2544917,93.60, 0.30
1272951,-0.01,0.13,9.81,0.97,0.02,-0.01,0.22,-1.23,-1.61,25.65,10.60,0.00,0,2,1000.73,38.71,113.59,1000.74,36.93,112.91,0.79,1000.15,37.06,118.33,-0.05,0.30,105.47,276.68,6465,-0.48,0.47,9.93,0.87,-0.02,-0.04,0.50,2.80,3.78,59.91,23,4,34,0,35.2941500,136.2544917,93.60, 0.30
1273004,0.07,0.27,9.40,0.97,0.02,-0.01,0.22,-1.26,-1.63,25.72,10.61,0.00,0,2,1000.73,38.71,113.61,1000.74,36.93,112.91,0.80,1000.14,37.07,118.37,-0.05,0.30,105.47,276.68,6466,-0.74,-0.10,9.38,0.87,-0.02,-0.04,0.50,2.75,3.81,59.98,23,4,34,0,35.2941500,136.2544917,93.60, 0.30
1273062,0.03,0.10,9.82,0.97,0.02,-0.01,0.22,-1.26,-1.63,25.79,10.61,0.00,0,2,1000.73,38.70,113.64,1000.73,36.93,112.93,0.80,1000.15,37.08,118.31,-0.05,0.30,105.56,276.50,6465,-0.11,0.47,9.85,0.87,-0.02,-0.04,0.50,2.75,3.80,60.03,23,4,34,0,35.2941500,136.2544917,93.60, 0.30
1273114,0.23,0.07,9.59,0.97,0.02,-0.01,0.22,-1.32,-1.64,25.89,10.61,0.00,0,2,1000.73,38.69,113.62,1000.74,36.93,112.90,0.80,1000.14,37.07,118.39,-0.07,0.34,105.47,276.59,6466,-0.43,1.38,9.76,0.87,-0.02,-0.04,0.50,2.71,3.82,60.11,23,4,34,0,35.2941500,136.2544917,93.60, 0.30
1273170,0.05,0.32,9.56,0.97,0.02,-0.01,0.22,-1.33,-1.62,25.98,10.61,0.00,0,2,1000.73,38.70,113.64,1000.73,36.93,112.94,0.80,1000.14,37.07,118.39,-0.05,0.30,105.47,276.59,6465,0.12,-0.79,9.10,0.87,-0.02,-0.04,0.50,2.71,3.86,60.14,23,4,34,0,35.2941500,136.2544917,93.60, 0.30
1273224,0.01,0.23,9.73,0.97,0.02,-0.01,0.23,-1.36,-1.66,26.09,10.62,0.00,0,2,1000.73,38.71,113.63,1000.73,36.93,112.93,0.79,1000.14,37.08,118.39,-0.07,0.34,105.47,276.59,6466,0.04,-0.91,9.20,0.86,-0.02,-0.04,0.50,2.69,3.90,60.23,23,4,34,0,35.2941500,136.2544917,93.60, 0.30
1273282,0.04,0.15,10.03,0.97,0.02,-0.01,0.23,-1.42,-1.67,26.21,10.62,0.00,0,2,1000.73,38.71,113.59,1000.73,36.92,112.92,0.79,1000.14,37.07,118.37,-0.07,0.34,105.47,276.77,6465,-0.34,-1.36,9.35,0.86,-0.02,-0.04,0.50,2.65,3.92,60.36,23,4,34,0,35.2941500,136.2544917,93.60, 0.30
1273335,-0.28,0.11,10.09,0.97,0.02,-0.01,0.23,-1.32,-1.57,26.32,10.61,0.00,0,2,1000.73,38.70,113.63,1000.73,36.92,112.95,0.79,1000.14,37.07,118.34,-0.05,0.30,105.56,276.59,6466,0.04,-1.36,9.54,0.86,-0.02,-0.04,0.50,2.64,3.92,60.48,23,4,34,0,35.2941500,136.2544917,93.60, 0.30
1273393,-0.24,-0.11,10.19,0.97,0.01,-0.01,0.23,-1.12,-1.48,26.47,10.60,0.00,0,2,1000.73,38.70,113.60,1000.74,36.92,112.90,0.80,1000.14,37.06,118.35,-0.07,0.34,105.47,276.50,6465,-0.37,0.55,9.79,0.86,-0.02,-0.04,0.50,2.58,4.00,60.64,23,4,34,0,35.2941500,136.2544917,93.60, 0.30
1273450,0.07,0.00,9.65,0.97,0.02,-0.01,0.23,-1.14,-1.51,26.62,10.60,0.00,0,2,1000.73,38.70,113.58,1000.74,36.94,112.92,0.80,1000.14,37.06,118.36,-0.07,0.34,105.47,276.68,6465,0.22,-1.51,8.91,0.86,-0.02,-0.04,0.50,2.56,4.04,60.66,23,4,34,0,35.2941500,136.2544917,93.60, 0.30
1273502,-0.01,0.45,9.64,0.97,0.02,-0.01,0.23,-1.17,-1.51,26.75,10.59,0.00,0,2,1000.73,38.70,113.63,1000.74,36.94,112.90,0.79,1000.14,37.06,118.39,-0.07,0.34,105.47,276.68,6465,0.37,-1.05,9.03,0.86,-0.02,-0.04,0.51,2.52,4.03,60.82,23,4,34,0,35.2941500,136.2544917,93.60, 0.30
1273561,-0.25,0.46,9.07,0.97,0.01,-0.01,0.23,-1.18,-1.46,26.88,10.60,0.00,0,2,1000.72,38.70,113.66,1000.74,36.94,112.92,0.80,1000.14,37.07,118.37,-0.07,0.34,105.47,276.68,6464,0.85,-0.01,8.97,0.86,-0.02,-0.04,0.51,2.50,3.93,60.94,23,4,34,0,35.2941500,136.2544917,93.60, 0.30
1273613,0.16,-0.04,9.05,0.97,0.01,-0.01,0.23,-1.26,-1.37,27.07,10.60,0.00,0,2,1000.73,38.70,113.60,1000.74,36.93,112.87,0.80,1000.14,37.07,118.37,-0.05,0.30,105.47,276.68,6464,0.34,0.03,8.94,0.86,-0.02,-0.04,0.51,2.43,3.86,61.15,23,4,34,0,35.2941500,136.2544917,93.60, 0.30
1273670,0.11,-0.12,9.56,0.97,0.01,-0.01,0.24,-1.31,-1.32,27.25,10.60,0.00,0,2,1000.73,38.71,113.59,1000.74,36.93,112.91,0.80,1000.14,37.08,118.35,-0.07,0.34,105.47,276.68,6466,-0.38,0.13,9.40,0.86,-0.02,-0.04,0.51,2.42,3.85,61.23,23,4,34,0,35.2941500,136.2544917,93.60, 0.30
1273722,0.41,-0.03,9.65,0.97,0.01,-0.01,0.24,-1.39,-1.32,27.40,10.60,0.00,0,2,1000.73,38.70,113.64,1000.74,36.91,112.87,0.80,1000.14,37.07,118.35,-0.07,0.34,105.56,276.86,6465,-0.83,-0.95,9.13,0.86,-0.02,-0.03,0.51,2.36,3.88,61.42,23,4,34,0,35.2941500,136.2544917,93.60, 0.30
1273781,0.18,0.24,9.38,0.97,0.01,-0.01,0.24,-1.44,-1.32,27.58,10.60,0.00,0,2,1000.72,38.69,113.65,1000.74,36.93,112.91,0.79,1000.15,37.08,118.31,-0.07,0.34,105.56,276.77,6465,-0.11,-1.71,8.60,0.86,-0.02,-0.03,0.51,2.33,3.89,61.58,23,4,34,0,35.2941500,136.2544917,93.60, 0.30
1273835,0.02,0.10,9.36,0.97,0.01,-0.01,0.24,-1.44,-1.29,27.75,10.59,0.00,0,2,1000.73,38.70,113.60,1000.74,36.93,112.93,0.79,1000.14,37.07,118.33,-0.05,0.30,105.56,276.86,6465,-0.50,0.32,10.00,0.86,-0.02,-0.03,0.51,2.32,3.81,61.75,23,4,34,0,35.2941500,136.2544917,93.60, 0.30
1273891,-0.04,0.25,10.57,0.97,0.01,-0.01,0.24,-1.53,-1.33,27.93,10.60,0.00,0,2,1000.73,38.69,113.57,1000.73,36.92,112.86,0.79,1000.14,37.07,118.35,-0.05,0.30,105.56,276.77,6465,0.88,0.29,10.45,0.86,-0.02,-0.03,0.51,2.32,3.86,61.80,23,4,34,0,35.2941500,136.2544917,93.60, 0.30
1273948,-0.10,-0.23,10.50,0.97,0.01,-0.01,0.24,-1.59,-1.33,28.08,10.60,0.00,0,2,1000.73,38.68,113.57,1000.73,36.92,112.91,0.79,1000.15,37.07,118.29,-0.07,0.34,105.47,276.68,6464,0.28,1.45,10.60,0.86,-0.02,-0.03,0.51,2.27,3.86,62.01,23,4,35,0,35.2941433,136.2544917,93.60, 0.30
1274001,0.07,-0.20,9.72,0.97,0.01,-0.01,0.24,-1.64,-1.30,28.26,10.58,0.00,0,2,1000.73,38.69,113.60,1000.74,36.94,112.89,0.79,1000.15,37.08,118.31,-0.05,0.30,105.47,276.68,6465,0.77,1.97,9.90,0.86,-0.02,-0.03,0.52,2.26,3.84,62.16,23,4,35,0,35.2941433,136.2544917,93.60, 0.30
1274059,0.19,0.01,9.52,0.97,0.01,-0.01,0.25,-1.72,-1.28,28.41,10.58,0.00,0,2,1000.73,38.70,113.61,1000.74,36.93,112.89,0.79,1000.15,37.07,118.30,-0.05,0.30,105.56,277.03,6464,0.23,0.91,9.92,0.86,-0.02,-0.03,0.52,2.22,3.84,62.34,23,4,35,0,35.2941433,136.2544917,93.60, 0.30
1274113,0.58,-0.13,9.82,0.97,0.01,-0.01,0.25,-1.80,-1.19,28.61,10.59,0.00,0,2,1000.73,38.69,113.59,1000.74,36.92,112.90,0.79,1000.14,37.07,118.34,-0.05,0.30,105.47,277.03,6466,-0.45,0.64,9.82,0.85,-0.02,-0.03,0.52,2.17,3.74,62.54,23,4,35,0,35.2941433,136.2544917,93.60, 0.30
1274168,0.77,0.17,9.70,0.97,0.01,-0.01,0.25,-1.96,-1.09,28.78,10.60,0.00,0,2,1000.73,38.68,113.61,1000.73,36.93,112.87,0.79,1000.14,37.07,118.34,-0.05,0.30,105.47,277.21,6463,-1.16,-0.56,9.42,0.85,-0.02,-0.03,0.52,2.17,3.74,62.70,23,4,35,0,35.2941433,136.2544917,93.60, 0.30
1274221,0.52,0.04,9.18,0.97,0.01,-0.02,0.25,-2.08,-1.01,28.98,10.59,0.00,0,2,1000.73,38.69,113.60,1000.74,36.93,112.91,0.78,1000.14,37.07,118.35,-0.05,0.30,105.56,277.29,6466,-1.30,0.64,9.34,0.85,-0.02,-0.03,0.52,2.18,3.69,62.89,23,4,35,0,35.2941433,136.2544917,93.60, 0.30
1274274,0.39,-0.03,9.37,0.97,0.01,-0.02,0.25,-2.11,-1.01,29.13,10.59,0.00,0,2,1000.73,38.68,113.60,1000.74,36.94,112.89,0.78,1000.14,37.07,118.37,-0.05,0.30,105.56,277.38,6466,-0.99,0.31,9.56,0.85,-0.02,-0.03,0.52,2.26,3.72,63.03,23,4,35,0,35.2941433,136.2544917,93.60, 0.30
1274332,0.36,-0.16,10.06,0.97,0.01,-0.02,0.25,-2.18,-1.00,29.32,10.59,0.00,0,2,1000.73,38.68,113.56,1000.74,36.93,112.88,0.78,1000.14,37.07,118.35,-0.05,0.30,105.47,277.29,6465,-0.10,1.81,10.42,0.85,-0.02,-0.03,0.52,2.31,3.70,63.18,23,4,35,0,35.2941433,136.2544917,93.60, 0.30
1274389,0.30,-0.34,10.38,0.97,0.01,-0.02,0.25,-2.26,-0.98,29.49,10.59,0.00,0,2,1000.73,38.68,113.57,1000.74,36.92,112.87,0.78,1000.14,37.07,118.35,-0.05,0.30,105.47,277.29,6466,0.00,-0.46,9.98,0.85,-0.02,-0.03,0.52,2.28,3.72,63.27,23,4,35,0,35.2941433,136.2544917,93.60, 0.30
1274442,0.13,-0.54,9.71,0.97,0.01,-0.02,0.26,-2.32,-0.96,29.64,10.58,0.00,0,2,1000.73,38.69,113.62,1000.74,36.94,112.89,0.78,1000.16,37.08,118.24,-0.05,0.30,105.56,277.03,6464,-0.33,-0.80,9.15,0.85,-0.02,-0.03,0.52,2.27,3.73,63.46,23,4,35,0,35.2941433,136.2544917,93.60, 0.30
1274498,0.09,-0.22,9.67,0.97,0.01,-0.02,0.26,-2.33,-0.96,29.83,10.57,0.00,0,2,1000.73,38.69,113.63,1000.75,36.95,112.81,0.78,1000.15,37.07,118.30,-0.07,0.34,105.56,277.12,6465,0.20,-0.19,9.36,0.85,-0.02,-0.03,0.53,2.24,3.73,63.60,23,4,35,0,35.2941433,136.2544917,93.60, 0.30
1274549,0.48,0.13,9.58,0.97,0.01,-0.02,0.26,-2.41,-0.96,29.99,10.58,0.00,0,2,1000.73,38.68,113.61,1000.74,36.94,112.90,0.78,1000.15,37.08,118.33,-0.05,0.30,105.47,277.21,6465,-1.09,-0.35,9.29,0.85,-0.02,-0.03,0.53,2.20,3.74,63.72,23,4,35,0,35.2941433,136.2544917,93.60, 0.30
1274606,0.46,0.33,9.76,0.97,0.01,-0.02,0.26,-2.44,-0.94,30.15,10.59,0.00,0,2,1000.73,38.68,113.60,1000.74,36.93,112.87,0.79,1000.14,37.07,118.35,-0.07,0.34,105.38,277.47,6465,-0.88,-1.36,9.29,0.85,-0.02,-0.03,0.53,2.19,3.71,63.87,23,4,35,0,35.2941433,136.2544917,93.60, 0.30
1274659,0.59,0.11,9.76,0.96,0.01,-0.02,0.26,-2.47,-0.94,30.34,10.60,0.00,0,2,1000.72,38.67,113.65,1000.73,36.93,112.92,0.79,1000.15,37.07,118.30,-0.07,0.34,105.47,277.29,6465,-1.12,-0.89,9.09,0.85,-0.02,-0.03,0.53,2.17,3.72,64.08,23,4,35,0,35.2941433,136.2544917,93.60, 0.44
1274716,0.52,-0.13,9.37,0.96,0.01,-0.02,0.26,-2.51,-0.98,30.49,10.60,0.00,0,2,1000.73,38.69,113.61,1000.74,36.93,112.89,0.79,1000.14,37.07,118.35,-0.05,0.30,105.56,277.65,6466,-0.39,1.23,9.64,0.85,-0.02,-0.03,0.53,2.16,3.75,64.24,23,4,35,0,35.2941433,136.2544917,93.60, 0.44
1274769,0.26,0.28,9.68,0.96,0.01,-0.02,0.26,-2.55,-1.06,30.68,10.60,0.00,0,2,1000.73,38.68,113.61,1000.73,36.93,112.92,0.78,1000.14,37.07,118.35,-0.05,0.30,105.38,277.73,6465,0.00,-0.88,9.23,0.85,-0.02,-0.03,0.53,2.15,3.86,64.33,23,4,35,0,35.2941433,136.2544917,93.60, 0.44
1274822,0.27,0.00,10.19,0.96,0.02,-0.02,0.27,-2.57,-1.08,30.84,10.60,0.00,0,2,1000.73,38.68,113.59,1000.74,36.93,112.87,0.78,1000.15,37.08,118.31,-0.05,0.30,105.56,277.65,6466,0.11,0.51,10.05,0.85,-0.02,-0.03,0.53,2.14,3.85,64.48,23,4,35,0,35.2941433,136.2544917,93.60, 0.44
1274879,0.11,0.09,10.06,0.96,0.01,-0.02,0.27,-2.54,-1.05,31.03,10.59,0.00,0,2,1000.73,38.67,113.60,1000.74,36.93,112.92,0.78,1000.14,37.07,118.35,-0.05,0.30,105.47,277.73,6465,0.26,1.61,10.26,0.84,-0.02,-0.03,0.53,2.13,3.84,64.69,23,4,36,0,35.2941450,136.2544933,93.70, 0.44
1274932,-0.06,0.16,9.77,0.96,0.01,-0.02,0.27,-2.37,-1.04,31.20,10.60,0.00,0,2,1000.74,38.70,113.53,1000.74,36.95,112.88,0.78,1000.14,37.08,118.35,-0.07,0.34,105.47,277.73,6464,0.41,2.76,10.30,0.84,-0.02,-0.03,0.54,2.11,3.81,64.88,23,4,36,0,35.2941450,136.2544933,93.70, 0.44
1274988,0.17,0.01,9.46,0.96,0.01,-0.02,0.27,-2.30,-1.05,31.41,10.60,0.00,0,2,1000.73,38.68,113.61,1000.74,36.94,112.90,0.78,1000.14,37.08,118.40,-0.07,0.34,105.47,277.82,6465,-0.33,-1.61,8.78,0.84,-0.02,-0.03,0.54,2.10,3.91,64.99,23,4,36,0,35.2941450,136.2544933,93.70, 0.44
1275044,0.09,-0.01,9.92,0.96,0.01,-0.02,0.27,-2.32,-1.08,31.57,10.60,0.00,0,2,1000.73,38.67,113.60,1000.74,36.93,112.87,0.78,1000.14,37.07,118.37,-0.07,0.34,105.56,277.73,6464,-0.15,0.35,9.75,0.84,-0.02,-0.03,0.54,2.08,3.94,65.17,23,4,36,0,35.2941450,136.2544933,93.70, 0.44
1275100,0.14,0.04,9.17,0.96,0.01,-0.02,0.27,-2.34,-1.09,31.78,10.60,0.00,0,2,1000.73,38.68,113.61,1000.74,36.94,112.89,0.78,1000.14,37.07,118.39,-0.05,0.30,105.38,277.82,6466,-0.51,0.39,9.19,0.84,-0.02,-0.03,0.54,2.07,3.96,65.40,23,4,36,0,35.2941450,136.2544933,93.70, 0.44
1275157,0.20,0.20,9.64,0.96,0.01,-0.02,0.28,-2.35,-1.06,32.02,10.60,0.00,0,2,1000.73,38.69,113.64,1000.74,36.95,112.92,0.78,1000.15,37.06,118.32,-0.05,0.30,105.47,277.82,6465,-0.81,0.00,9.74,0.84,-0.02,-0.03,0.54,2.04,3.91,65.61,23,4,36,0,35.2941450,136.2544933,93.70, 0.44
1275209,0.35,0.27,9.85,0.96,0.01,-0.02,0.28,-2.43,-0.99,32.21,10.60,0.00,0,2,1000.73,38.67,113.60,1000.74,36.94,112.85,0.78,1000.15,37.07,118.30,-0.03,0.24,105.47,277.82,6464,0.01,1.14,9.97,0.84,-0.02,-0.03,0.54,2.02,3.86,65.73,23,4,36,0,35.2941450,136.2544933,93.70, 0.44
1275262,0.34,0.19,9.88,0.96,0.01,-0.02,0.28,-2.45,-0.93,32.39,10.60,0.00,0,2,1000.73,38.68,113.59,1000.74,36.94,112.89,0.77,1000.15,37.08,118.33,-0.05,0.30,105.47,277.73,6467,-0.16,1.83,10.34,0.84,-0.02,-0.03,0.54,2.01,3.78,65.92,23,4,36,0,35.2941450,136.2544933,93.70, 0.44
1275319,0.09,-0.13,9.86,0.96,0.01,-0.02,0.28,-2.47,-0.89,32.62,10.60,0.00,0,2,1000.73,38.68,113.56,1000.74,36.95,112.91,0.77,1000.15,37.07,118.32,-0.07,0.34,105.47,277.73,6465,0.05,1.84,10.02,0.84,-0.02,-0.03,0.54,1.99,3.75,66.16,23,4,36,0,35.2941450,136.2544933,93.70, 0.44
1275377,0.10,-0.38,9.77,0.96,0.01,-0.02,0.28,-2.48,-0.81,32.86,10.60,0.00,0,2,1000.73,38.67,113.56,1000.74,36.95,112.89,0.78,1000.15,37.06,118.31,-0.07,0.34,105.47,277.65,6465,-0.07,1.30,9.92,0.84,-0.02,-0.03,0.55,1.97,3.73,66.38,23,4,36,0,35.2941450,136.2544933,93.70, 0.44
1275428,0.16,-0.11,10.37,0.96,0.01,-0.02,0.28,-2.42,-0.63,33.06,10.58,0.00,0,2,1000.73,38.68,113.60,1000.74,36.94,112.88,0.77,1000.15,37.09,118.29,-0.07,0.34,105.47,277.65,6466,0.20,0.81,10.10,0.84,-0.02,-0.03,0.55,1.96,3.76,66.47,23,4,36,0,35.2941450,136.2544933,93.70, 0.44
1275486,0.60,0.02,10.05,0.96,0.01,-0.02,0.29,-2.52,-0.71,33.30,10.58,0.00,0,2,1000.73,38.66,113.57,1000.74,36.94,112.85,0.77,1000.15,37.07,118.30,-0.05,0.30,105.47,277.65,6465,-0.61,0.29,9.98,0.83,-0.02,-0.03,0.55,1.88,3.86,66.75,23,4,36,0,35.2941450,136.2544933,93.70, 0.44
1275543,0.51,0.01,9.68,0.96,0.01,-0.02,0.29,-2.54,-0.71,33.51,10.59,0.00,0,2,1000.73,38.68,113.58,1000.74,36.95,112.88,0.78,1000.14,37.08,118.36,-0.05,0.30,105.47,277.65,6467,-0.10,0.31,9.43,0.83,-0.02,-0.03,0.55,1.86,3.89,66.93,23,4,36,0,35.2941450,136.2544933,93.70, 0.44
1275597,0.38,0.03,9.50,0.96,0.01,-0.02,0.29,-2.57,-0.70,33.76,10.59,0.00,0,2,1000.73,38.67,113.57,1000.74,36.94,112.88,0.78,1000.14,37.07,118.34,-0.05,0.30,105.47,277.65,6465,-0.18,-0.12,9.17,0.83,-0.02,-0.03,0.55,1.84,3.91,67.22,23,4,36,0,35.2941450,136.2544933,93.70, 0.15
1275656,0.32,-0.29,9.36,0.96,0.01,-0.02,0.29,-2.58,-0.70,33.97,10.60,0.00,0,2,1000.73,38.68,113.58,1000.74,36.94,112.89,0.78,1000.14,37.07,118.35,-0.05,0.30,105.47,277.65,6465,-0.24,1.86,9.67,0.83,-0.02,-0.03,0.55,1.83,3.88,67.35,23,4,36,0,35.2941450,136.2544933,93.70, 0.15
1275707,0.29,0.12,10.30,0.96,0.01,-0.02,0.29,-2.66,-0.78,34.23,10.59,0.00,0,2,1000.73,38.67,113.55,1000.74,36.93,112.90,0.78,1000.15,37.07,118.32,-0.07,0.34,105.47,277.65,6466,0.00,0.16,10.03,0.83,-0.02,-0.03,0.56,1.80,3.99,67.60,23,4,36,0,35.2941450,136.2544933,93.70, 0.15
1275762,0.01,-0.15,9.44,0.95,0.01,-0.02,0.30,-2.71,-0.78,34.44,10.60,0.00,0,2,1000.73,38.66,113.56,1000.73,36.93,112.94,0.78,1000.15,37.08,118.33,-0.07,0.34,105.47,277.65,6465,-0.01,-0.38,9.11,0.83,-0.02,-0.03,0.56,1.74,4.01,67.86,23,4,36,0,35.2941450,136.2544933,93.70, 0.15
1275817,0.15,-0.23,10.00,0.95,0.01,-0.02,0.30,-2.80,-0.72,34.69,10.59,0.00,0,2,1000.73,38.67,113.57,1000.74,36.93,112.91,0.78,1000.15,37.08,118.30,-0.05,0.30,105.47,277.65,6466,0.15,0.94,9.69,0.83,-0.02,-0.03,0.56,1.73,3.97,67.93,23,4,36,0,35.2941450,136.2544933,93.70, 0.15
1275871,0.31,0.15,9.87,0.95,0.01,-0.02,0.30,-2.86,-0.69,34.90,10.59,0.00,0,2,1000.74,38.68,113.55,1000.74,36.95,112.91,0.78,1000.15,37.08,118.33,-0.05,0.30,105.47,277.65,6464,-0.39,-0.61,9.61,0.83,-0.02,-0.03,0.56,1.70,3.94,68.31,23,4,36,0,35.2941450,136.2544933,93.70, 0.15
1275927,0.46,-0.02,10.18,0.95,0.01,-0.02,0.30,-2.95,-0.64,35.17,10.59,0.00,0,2,1000.73,38.67,113.59,1000.74,36.94,112.91,0.78,1000.15,37.07,118.28,-0.05,0.30,105.47,277.65,6466,-0.12,2.22,10.63,0.83,-0.02,-0.03,0.56,1.66,3.87,68.47,23,4,36,0,35.2941450,136.2544933,93.70, 0.15
1275984,0.71,-0.10,9.66,0.95,0.01,-0.02,0.30,-3.00,-0.67,35.45,10.60,0.00,0,2,1000.73,38.66,113.59,1000.74,36.95,112.88,0.78,1000.14,37.07,118.37,-0.05,0.30,105.38,277.82,6466,-0.55,1.79,9.90,0.82,-0.02,-0.03,0.56,1.61,3.93,68.77,23,4,37,0,35.2941433,136.2544933,93.80, 0.15
1276037,0.60,0.02,9.35,0.95,0.01,-0.02,0.31,-3.09,-0.71,35.67,10.60,0.00,0,2,1000.73,38.67,113.61,1000.74,36.95,112.87,0.78,1000.14,37.07,118.37,-0.07,0.34,105.47,277.82,6466,-0.24,0.43,9.34,0.82,-0.02,-0.03,0.57,1.56,4.06,69.01,23,4,37,0,35.2941433,136.2544933,93.80, 0.15
1276093,0.73,0.02,9.56,0.95,0.01,-0.02,0.31,-3.18,-0.74,35.87,10.60,0.00,0,2,1000.73,38.67,113.61,1000.73,36.94,112.92,0.78,1000.14,37.07,118.37,-0.05,0.30,105.47,277.82,6466,-0.72,0.72,9.47,0.82,-0.02,-0.03,0.57,1.53,4.10,69.17,23,4,37,0,35.2941433,136.2544933,93.80, 0.15
1276145,0.70,0.09,9.54,0.95,0.02,-0.03,0.31,-3.28,-0.77,36.13,10.61,0.00,0,2,1000.73,38.66,113.61,1000.74,36.95,112.86,0.78,1000.14,37.08,118.34,-0.05,0.30,105.47,277.82,6465,-0.99,0.06,9.34,0.82,-0.02,-0.03,0.57,1.51,4.16,69.38,23,4,37,0,35.2941433,136.2544933,93.80, 0.15
1276198,0.56,0.02,9.74,0.95,0.02,-0.03,0.31,-3.30,-0.80,36.35,10.61,0.00,0,2,1000.73,38.66,113.63,1000.74,36.93,112.89,0.78,1000.14,37.08,118.35,-0.07,0.34,105.47,277.91,6465,-0.67,0.00,9.55,0.82,-0.02,-0.03,0.57,1.49,4.20,69.62,23,4,37,0,35.2941433,136.2544933,93.80, 0.15
1276254,0.54,-0.08,9.96,0.95,0.02,-0.03,0.31,-3.33,-0.79,36.58,10.60,0.00,0,2,1000.73,38.67,113.55,1000.74,36.97,112.85,0.78,1000.15,37.07,118.28,-0.05,0.30,105.47,277.82,6464,-0.38,0.22,9.88,0.82,-0.02,-0.03,0.57,1.48,4.24,69.91,23,4,37,0,35.2941433,136.2544933,93.80, 0.15
1276305,0.43,-0.07,10.13,0.95,0.02,-0.03,0.32,-3.35,-0.75,36.84,10.59,0.00,0,2,1000.73,38.66,113.59,1000.73,36.94,112.93,0.78,1000.15,37.07,118.32,-0.05,0.30,105.47,277.91,6467,-0.09,1.28,10.26,0.82,-0.02,-0.03,0.57,1.46,4.23,70.02,23,4,37,0,35.2941433,136.2544933,93.80, 0.15
1276360,0.36,0.10,9.77,0.95,0.02,-0.03,0.32,-3.35,-0.72,37.04,10.59,0.00,0,2,1000.74,38.66,113.54,1000.74,36.95,112.88,0.78,1000.15,37.07,118.31,-0.05,0.30,105.47,277.91,6464,0.02,1.06,9.87,0.82,-0.02,-0.03,0.57,1.45,4.25,70.24,23,4,37,0,35.2941433,136.2544933,93.80, 0.15
1276415,0.39,-0.24,9.76,0.95,0.01,-0.03,0.32,-3.33,-0.65,37.30,10.60,0.00,0,2,1000.73,38.66,113.61,1000.74,36.94,112.92,0.78,1000.14,37.08,118.35,-0.05,0.30,105.47,277.91,6465,-0.30,0.79,9.45,0.82,-0.02,-0.03,0.58,1.40,4.24,70.52,23,4,37,0,35.2941433,136.2544933,93.80, 0.15
1276468,0.40,-0.01,9.74,0.95,0.01,-0.03,0.32,-3.32,-0.59,37.51,10.59,0.00,0,2,1000.73,38.65,113.58,1000.74,36.94,112.85,0.78,1000.14,37.07,118.33,-0.05,0.30,105.47,277.91,6465,-0.05,0.13,9.57,0.82,-0.02,-0.03,0.58,1.40,4.25,70.63,23,4,37,0,35.2941433,136.2544933,93.80, 0.15
1276524,0.50,-0.23,9.45,0.95,0.01,-0.03,0.32,-3.32,-0.53,37.77,10.60,0.00,0,2,1000.73,38.66,113.59,1000.74,36.94,112.86,0.78,1000.15,37.08,118.33,-0.05,0.30,105.47,277.82,6466,-0.34,0.96,9.44,0.81,-0.02,-0.03,0.58,1.37,4.22,70.89,23,4,37,0,35.2941433,136.2544933,93.80, 0.15
1276579,0.47,-0.01,9.33,0.95,0.01,-0.03,0.33,-3.31,-0.47,37.98,10.60,0.00,0,2,1000.73,38.66,113.62,1000.74,36.95,112.86,0.78,1000.14,37.07,118.33,-0.05,0.30,105.47,277.91,6465,-0.07,0.24,9.34,0.81,-0.02,-0.03,0.58,1.36,4.25,71.16,23,4,37,0,35.2941433,136.2544933,93.80, 0.15
1276637,0.29,0.35,9.72,0.94,0.01,-0.03,0.33,-3.30,-0.45,38.24,10.60,0.00,0,2,1000.73,38.66,113.61,1000.74,36.95,112.86,0.77,1000.15,37.08,118.27,-0.05,0.30,105.47,277.91,6465,-0.09,-1.03,9.46,0.81,-0.02,-0.03,0.58,1.38,4.24,71.40,23,4,37,0,35.2941433,136.2544933,93.80, 0.15
1276693,0.34,0.10,9.92,0.94,0.01,-0.03,0.33,-3.30,-0.37,38.50,10.60,0.00,0,2,1000.73,38.65,113.60,1000.74,36.95,112.87,0.76,1000.14,37.08,118.34,-0.07,0.34,105.47,277.91,6465,0.10,-0.32,9.66,0.81,-0.02,-0.03,0.58,1.40,4.21,71.47,23,4,37,0,35.2941433,136.2544933,93.80, 0.15
1276745,0.38,0.14,9.73,0.94,0.01,-0.03,0.33,-3.29,-0.37,38.70,10.59,0.00,0,2,1000.73,38.66,113.58,1000.74,36.95,112.84,0.77,1000.15,37.08,118.33,-0.05,0.30,105.38,277.91,6466,0.34,-0.93,9.17,0.81,-0.02,-0.03,0.59,1.40,4.16,71.74,23,4,37,0,35.2941433,136.2544933,93.80, 0.15
1276803,0.26,-0.30,9.79,0.94,0.01,-0.03,0.33,-3.33,-0.36,38.90,10.59,0.00,0,2,1000.73,38.65,113.60,1000.74,36.95,112.88,0.77,1000.15,37.08,118.31,-0.05,0.30,105.47,277.91,6465,-0.25,1.73,10.07,0.81,-0.02,-0.03,0.59,1.39,4.11,71.85,23,4,37,0,35.2941433,136.2544933,93.80, 0.15
1276855,0.41,0.09,9.86,0.94,0.01,-0.03,0.33,-3.37,-0.41,39.15,10.58,0.00,0,2,1000.73,38.65,113.61,1000.74,36.94,112.89,0.76,1000.15,37.08,118.31,-0.07,0.34,105.47,277.91,6465,-0.16,0.57,9.65,0.81,-0.02,-0.03,0.59,1.34,4.15,72.15,23,4,37,0,35.2941433,136.2544933,93.80, 0.15
1276909,0.45,0.06,9.81,0.94,0.01,-0.03,0.34,-3.40,-0.42,39.34,10.59,0.00,0,2,1000.73,38.65,113.58,1000.74,36.95,112.91,0.77,1000.15,37.06,118.32,-0.05,0.30,105.47,277.91,6464,-0.58,1.05,9.84,0.81,-0.02,-0.03,0.59,1.32,4.17,72.31,23,4,37,0,35.2941433,136.2544933,93.80, 0.15
1276963,0.40,-0.29,9.80,0.94,0.01,-0.03,0.34,-3.40,-0.43,39.57,10.59,0.00,0,2,1000.73,38.66,113.58,1000.75,36.96,112.82,0.76,1000.15,37.07,118.32,-0.07,0.34,105.47,277.91,6466,-0.17,-0.35,9.44,0.81,-0.02,-0.03,0.59,1.30,4.24,72.50,23,4,37,0,35.2941433,136.2544933,93.80, 0.15
1277016,0.53,-0.13,9.99,0.94,0.01,-0.03,0.34,-3.46,-0.45,39.76,10.60,0.00,0,2,1000.73,38.65,113.56,1000.74,36.96,112.92,0.76,1000.15,37.07,118.32,-0.07,0.34,105.47,277.91,6465,-0.52,-1.62,9.53,0.80,-0.02,-0.03,0.59,1.27,4.30,72.76,23,4,37,0,35.2941433,136.2544933,93.80, 0.15
1277073,0.55,-0.15,9.90,0.94,0.01,-0.03,0.34,-3.50,-0.44,39.97,10.59,0.00,0,2,1000.73,38.65,113.57,1000.74,36.95,112.86,0.77,1000.15,37.07,118.30,-0.05,0.30,105.56,277.82,6466,-0.25,2.33,10.60,0.80,-0.02,-0.03,0.59,1.26,4.17,72.88,23,4,37,0,35.2941433,136.2544933,93.80, 0.15
1277130,0.51,-0.11,9.63,0.94,0.01,-0.03,0.34,-3.50,-0.43,40.15,10.60,0.00,0,2,1000.73,38.64,113.54,1000.74,36.93,112.87,0.76,1000.14,37.07,118.37,-0.07,0.34,105.29,278.17,6467,-0.16,-0.93,9.18,0.80,-0.02,-0.03,0.59,1.24,4.29,73.07,23,4,37,0,35.2941433,136.2544933,93.80, 0.15
1277183,0.58,-0.12,9.64,0.94,0.01,-0.03,0.34,-3.50,-0.47,40.39,10.59,0.00,0,2,1000.73,38.64,113.56,1000.74,36.96,112.84,0.77,1000.14,37.08,118.35,-0.07,0.34,105.38,278.17,6464,-0.20,-0.80,9.29,0.80,-0.02,-0.03,0.60,1.23,4.38,73.29,23,4,38,0,35.2941433,136.2544933,93.70, 0.15
1277240,0.70,0.05,9.49,0.94,0.02,-0.03,0.35,-3.50,-0.54,40.59,10.59,0.00,0,2,1000.74,38.64,113.54,1000.74,36.95,112.91,0.77,1000.14,37.08,118.35,-0.05,0.30,105.47,278.26,6465,-0.14,-0.82,9.05,0.80,-0.02,-0.03,0.60,1.21,4.45,73.51,23,4,38,0,35.2941433,136.2544933,93.70, 0.15
1277292,0.56,0.00,9.44,0.94,0.02,-0.03,0.35,-3.53,-0.63,40.83,10.59,0.00,0,2,1000.74,38.65,113.53,1000.74,36.95,112.86,0.77,1000.15,37.08,118.30,-0.05,0.30,105.47,278.35,6466,-0.38,-0.67,9.07,0.80,-0.03,-0.03,0.60,1.19,4.56,73.74,23,4,38,0,35.2941433,136.2544933,93.70, 0.15
1277346,0.44,-0.02,9.54,0.94,0.02,-0.03,0.35,-3.53,-0.65,41.03,10.59,0.00,0,2,1000.73,38.64,113.57,1000.74,36.96,112.86,0.77,1000.15,37.08,118.31,-0.05,0.30,105.47,278.35,6465,-0.36,1.83,9.89,0.80,-0.03,-0.03,0.60,1.18,4.59,73.89,23,4,38,0,35.2941433,136.2544933,93.70, 0.15
1277402,0.39,-0.04,9.88,0.94,0.02,-0.03,0.35,-3.49,-0.73,41.22,10.60,0.00,0,2,1000.73,38.64,113.57,1000.74,36.94,112.92,0.77,1000.14,37.09,118.36,-0.07,0.34,105.38,278.35,6466,-0.49,2.37,10.53,0.80,-0.03,-0.03,0.60,1.16,4.71,74.11,23,4,38,0,35.2941433,136.2544933,93.70, 0.15
1277455,0.27,0.16,10.20,0.93,0.02,-0.03,0.35,-3.50,-0.85,41.45,10.60,0.00,0,2,1000.73,38.64,113.54,1000.74,36.97,112.85,0.77,1000.14,37.07,118.35,-0.07,0.34,105.29,278.53,6464,-0.25,2.78,10.44,0.80,-0.03,-0.03,0.60,1.15,4.81,74.32,23,4,38,0,35.2941433,136.2544933,93.70, 0.15
1277511,0.20,-0.33,9.89,0.93,0.02,-0.03,0.36,-3.52,-0.89,41.68,10.59,0.00,0,2,1000.73,38.64,113.59,1000.74,36.95,112.84,0.77,1000.15,37.08,118.31,-0.08,0.38,105.38,278.17,6465,0.57,-0.62,9.34,0.80,-0.03,-0.03,0.60,1.14,4.86,74.41,23,4,38,0,35.2941433,136.2544933,93.70, 0.15
1277564,0.31,-0.55,9.85,0.93,0.02,-0.03,0.36,-3.46,-0.72,41.92,10.59,0.00,0,2,1000.73,38.63,113.56,1000.74,36.95,112.86,0.77,1000.15,37.08,118.28,-0.05,0.30,105.38,278.17,6465,0.27,1.55,9.86,0.79,-0.03,-0.03,0.61,1.11,4.87,74.70,23,4,38,0,35.2941433,136.2544933,93.70, 0.15
1277622,0.53,0.00,9.67,0.93,0.02,-0.03,0.36,-3.40,-0.59,42.19,10.59,0.00,0,2,1000.73,38.64,113.57,1000.74,36.95,112.88,0.78,1000.14,37.07,118.36,-0.07,0.34,105.38,278.44,6465,-0.72,-1.14,9.25,0.79,-0.03,-0.03,0.61,1.08,4.95,74.97,23,4,38,0,35.2941433,136.2544933,93.70, 0.11
1277678,0.46,0.33,9.85,0.93,0.02,-0.03,0.36,-3.40,-0.56,42.41,10.60,0.00,0,2,1000.73,38.64,113.61,1000.74,36.96,112.91,0.78,1000.14,37.07,118.39,-0.07,0.34,105.47,278.44,6465,-0.89,0.36,9.80,0.79,-0.03,-0.03,0.61,1.07,4.93,75.20,23,4,38,0,35.2941433,136.2544933,93.70, 0.11
1277733,0.35,0.11,9.66,0.93,0.02,-0.03,0.36,-3.39,-0.60,42.66,10.61,0.00,0,2,1000.73,38.64,113.55,1000.73,36.96,112.93,0.78,1000.14,37.08,118.34,-0.05,0.30,105.29,278.53,6465,0.42,-0.32,9.33,0.79,-0.03,-0.03,0.61,1.09,4.97,75.29,23,4,38,0,35.2941433,136.2544933,93.70, 0.11
1277789,0.40,-0.06,8.87,0.93,0.02,-0.03,0.37,-3.39,-0.61,42.88,10.61,0.00,0,2,1000.73,38.63,113.58,1000.74,36.95,112.88,0.78,1000.14,37.09,118.36,-0.05,0.30,105.38,278.53,6466,-0.37,0.17,9.07,0.79,-0.03,-0.03,0.61,1.06,4.97,75.59,23,4,38,0,35.2941433,136.2544933,93.70, 0.11
1277843,0.36,-0.06,9.36,0.93,0.02,-0.03,0.37,-3.41,-0.63,43.14,10.61,0.00,0,2,1000.73,38.63,113.61,1000.74,36.95,112.90,0.78,1000.15,37.07,118.31,-0.07,0.34,105.38,278.44,6465,0.70,0.65,9.24,0.79,-0.03,-0.03,0.61,1.04,4.99,75.81,23,4,38,0,35.2941433,136.2544933,93.70, 0.11
1277899,0.40,0.11,9.70,0.93,0.02,-0.03,0.37,-3.43,-0.65,43.36,10.60,0.00,0,2,1000.73,38.62,113.58,1000.74,36.94,112.90,0.78,1000.15,37.08,118.31,-0.07,0.34,105.38,278.53,6466,0.63,0.27,9.48,0.79,-0.03,-0.03,0.62,1.01,5.03,76.05,23,4,39,0,35.2941433,136.2544933,93.70, 0.11
1277951,0.50,0.10,9.76,0.93,0.02,-0.03,0.37,-3.43,-0.66,43.62,10.62,0.00,0,2,1000.73,38.63,113.59,1000.74,36.95,112.90,0.77,1000.15,37.08,118.31,-0.05,0.30,105.38,278.61,6465,-1.23,0.31,9.69,0.79,-0.03,-0.03,0.62,0.99,5.03,76.23,23,4,39,0,35.2941433,136.2544933,93.70, 0.11
1278005,0.55,0.14,10.07,0.93,0.02,-0.03,0.37,-3.43,-0.66,43.84,10.62,0.00,0,2,1000.73,38.63,113.58,1000.74,36.95,112.84,0.77,1000.15,37.09,118.33,-0.05,0.30,105.38,278.79,6465,-1.33,-0.57,9.71,0.78,-0.03,-0.03,0.62,0.96,5.08,76.47,23,4,39,0,35.2941433,136.2544933,93.70, 0.11
1278062,0.59,0.00,10.15,0.93,0.02,-0.03,0.38,-3.45,-0.66,44.10,10.61,0.00,0,2,1000.73,38.64,113.61,1000.73,36.96,112.93,0.77,1000.15,37.08,118.33,-0.05,0.30,105.38,278.61,6466,-1.05,-0.48,9.70,0.78,-0.03,-0.03,0.62,0.94,5.08,76.76,23,4,39,0,35.2941433,136.2544933,93.70, 0.11
1278116,0.32,-0.02,9.96,0.93,0.02,-0.03,0.38,-3.43,-0.62,44.32,10.59,0.00,0,2,1000.73,38.63,113.55,1000.74,36.95,112.90,0.77,1000.15,37.08,118.29,-0.07,0.34,105.38,278.88,6466,-0.30,1.54,10.12,0.78,-0.03,-0.03,0.62,0.92,4.99,76.97,23,4,39,0,35.2941433,136.2544933,93.70, 0.11
1278171,0.27,0.32,9.86,0.92,0.02,-0.03,0.38,-3.40,-0.62,44.57,10.60,0.00,0,2,1000.73,38.62,113.57,1000.74,36.95,112.87,0.77,1000.15,37.09,118.34,-0.05,0.30,105.29,278.79,6466,0.33,-1.97,9.08,0.78,-0.03,-0.03,0.62,0.91,5.10,77.06,23,4,39,0,35.2941433,136.2544933,93.70, 0.11
1278228,0.28,0.13,9.37,0.92,0.02,-0.03,0.38,-3.38,-0.62,44.79,10.60,0.00,0,2,1000.73,38.63,113.56,1000.73,36.93,112.92,0.77,1000.15,37.08,118.31,-0.05,0.30,105.47,278.70,6465,0.28,2.10,9.84,0.78,-0.03,-0.03,0.62,0.92,5.02,77.32,23,4,39,0,35.2941433,136.2544933,93.70, 0.11
1278280,0.37,0.04,9.39,0.92,0.02,-0.03,0.38,-3.38,-0.65,45.06,10.60,0.00,0,2,1000.73,38.63,113.58,1000.74,36.94,112.86,0.77,1000.15,37.08,118.31,-0.07,0.34,105.47,279.05,6465,-0.17,2.50,10.00,0.78,-0.03,-0.03,0.63,0.90,5.08,77.59,23,4,39,0,35.2941433,136.2544933,93.70, 0.11
1278338,0.32,0.00,9.43,0.92,0.02,-0.03,0.38,-3.37,-0.60,45.31,10.62,0.00,0,2,1000.73,38.63,113.61,1000.73,36.96,112.94,0.76,1000.15,37.08,118.33,-0.07,0.34,105.38,279.32,6465,-0.13,0.62,9.59,0.78,-0.03,-0.03,0.63,0.89,5.02,77.86,23,4,39,0,35.2941433,136.2544933,93.70, 0.11
1278391,0.67,0.19,9.98,0.92,0.02,-0.03,0.39,-3.44,-0.50,45.53,10.62,0.00,0,2,1000.73,38.62,113.58,1000.74,36.94,112.88,0.77,1000.15,37.07,118.30,-0.05,0.30,105.47,279.32,6465,-0.75,-0.72,9.65,0.78,-0.03,-0.03,0.63,0.85,4.95,77.97,23,4,39,0,35.2941433,136.2544933,93.70, 0.11
1278449,0.54,0.10,9.93,0.92,0.02,-0.03,0.39,-3.50,-0.40,45.76,10.61,0.00,0,2,1000.74,38.63,113.53,1000.74,36.95,112.86,0.76,1000.15,37.08,118.26,-0.05,0.30,105.47,279.49,6465,0.11,2.83,10.53,0.78,-0.03,-0.03,0.63,0.79,4.79,78.26,23,4,39,0,35.2941433,136.2544933,93.70, 0.11
1278501,0.61,-0.03,9.88,0.92,0.01,-0.03,0.39,-3.54,-0.30,46.03,10.60,0.00,0,2,1000.73,38.62,113.56,1000.74,36.95,112.84,0.76,1000.15,37.07,118.30,-0.03,0.24,105.38,279.93,6465,-0.11,3.11,10.48,0.77,-0.03,-0.03,0.63,0.75,4.74,78.46,23,4,39,0,35.2941433,136.2544933,93.70, 0.11
1278553,0.60,-0.08,9.69,0.92,0.01,-0.03,0.39,-3.54,-0.27,46.26,10.60,0.00,0,2,1000.73,38.63,113.56,1000.73,36.93,112.94,0.76,1000.15,37.08,118.31,-0.07,0.34,105.38,280.02,6466,-0.53,1.21,9.81,0.77,-0.03,-0.03,0.63,0.73,4.77,78.77,23,4,39,0,35.2941433,136.2544933,93.70, 0.11
1278609,0.61,-0.04,9.73,0.92,0.01,-0.03,0.39,-3.57,-0.24,46.54,10.60,0.00,0,2,1000.73,38.62,113.58,1000.73,36.95,112.96,0.76,1000.15,37.08,118.26,-0.07,0.34,105.47,280.20,6465,-0.45,2.06,10.06,0.77,-0.03,-0.03,0.63,0.72,4.71,78.94,23,4,39,0,35.2941433,136.2544933,93.70, 0.19
1278663,0.73,-0.04,9.81,0.92,0.01,-0.03,0.40,-3.61,-0.20,46.79,10.60,0.00,0,2,1000.73,38.62,113.57,1000.74,36.94,112.93,0.76,1000.16,37.09,118.24,-0.07,0.34,105.38,280.28,6465,-0.64,2.38,10.24,0.77,-0.03,-0.03,0.64,0.70,4.67,79.17,23,4,39,0,35.2941433,136.2544933,93.70, 0.19
1278720,0.77,-0.44,9.99,0.92,0.01,-0.03,0.40,-3.71,-0.04,47.09,10.60,0.00,0,2,1000.73,38.62,113.57,1000.75,36.96,112.82,0.76,1000.14,37.09,118.34,-0.07,0.34,105.38,280.46,6465,-0.90,2.81,10.43,0.77,-0.03,-0.03,0.64,0.62,4.63,79.50,23,4,39,0,35.2941433,136.2544933,93.70, 0.19
1278773,0.71,-0.44,9.89,0.92,0.01,-0.03,0.40,-3.79,0.16,47.33,10.59,0.00,0,2,1000.73,38.62,113.59,1000.74,36.94,112.88,0.76,1000.15,37.09,118.31,-0.07,0.34,105.38,280.28,6466,-1.01,-0.49,9.72,0.77,-0.03,-0.03,0.64,0.59,4.78,79.76,23,4,39,0,35.2941433,136.2544933,93.70, 0.19
1278829,0.59,-0.04,9.99,0.91,0.01,-0.03,0.40,-3.84,0.14,47.61,10.59,0.00,0,2,1000.73,38.63,113.55,1000.74,36.96,112.88,0.76,1000.15,37.07,118.30,-0.05,0.30,105.38,280.46,6463,-0.03,1.11,10.29,0.77,-0.03,-0.03,0.64,0.58,4.78,79.85,23,4,39,0,35.2941433,136.2544933,93.70, 0.19
1278887,0.43,0.33,9.71,0.91,0.01,-0.03,0.40,-3.88,0.10,47.83,10.59,0.00,0,2,1000.73,38.63,113.54,1000.74,36.95,112.93,0.76,1000.15,37.09,118.29,-0.07,0.34,105.38,280.55,6466,0.34,0.11,9.51,0.76,-0.03,-0.03,0.64,0.54,4.84,80.10,23,4,39,0,35.2941433,136.2544933,93.70, 0.19
1278940,0.53,0.14,9.69,0.91,0.01,-0.03,0.41,-3.92,0.11,48.10,10.59,0.00,0,2,1000.73,38.63,113.56,1000.74,36.95,112.84,0.76,1000.14,37.07,118.36,-0.05,0.30,105.38,280.63,6465,-0.12,1.74,10.01,0.76,-0.03,-0.03,0.64,0.49,4.77,80.40,23,4,39,0,35.2941433,136.2544933,93.70, 0.19
1278997,0.54,0.10,9.48,0.91,0.01,-0.03,0.41,-3.89,0.09,48.35,10.60,0.00,0,2,1000.73,38.62,113.58,1000.73,36.96,112.94,0.76,1000.15,37.08,118.33,-0.05,0.30,105.38,280.63,6465,-0.23,0.79,9.60,0.76,-0.03,-0.03,0.65,0.46,4.82,80.68,23,4,40,0,35.2941417,136.2544933,93.70, 0.19
1279048,0.59,-0.76,9.79,0.91,0.01,-0.03,0.41,-3.89,0.09,48.63,10.59,0.00,0,2,1000.73,38.64,113.56,1000.74,36.94,112.85,0.76,1000.15,37.08,118.26,-0.07,0.34,105.47,280.20,6464,-0.42,3.21,10.27,0.76,-0.03,-0.03,0.65,0.45,4.76,80.86,23,4,40,0,35.2941417,136.2544933,93.70, 0.19
1279103,0.54,-0.84,9.62,0.91,0.01,-0.03,0.41,-3.93,0.02,48.87,10.59,0.00,0,2,1000.73,38.63,113.56,1000.74,36.95,112.86,0.76,1000.15,37.08,118.31,-0.03,0.24,105.38,280.28,6464,-0.46,2.60,9.98,0.76,-0.03,-0.03,0.65,0.43,4.87,81.09,23,4,40,0,35.2941417,136.2544933,93.70, 0.19
1279160,0.55,-0.26,9.71,0.91,0.01,-0.03,0.42,-3.92,0.24,49.16,10.58,0.00,0,2,1000.73,38.63,113.60,1000.74,36.95,112.86,0.76,1000.14,37.07,118.39,-0.05,0.30,105.29,280.81,6465,-0.24,-0.69,9.32,0.76,-0.03,-0.03,0.65,0.41,5.05,81.35,23,4,40,0,35.2941417,136.2544933,93.70, 0.19
1279217,0.22,-0.05,9.74,0.91,0.01,-0.03,0.42,-3.92,0.15,49.42,10.59,0.00,0,2,1000.73,38.62,113.53,1000.74,36.95,112.86,0.76,1000.15,37.07,118.32,-0.07,0.34,105.38,280.46,6465,-0.16,2.13,10.13,0.76,-0.03,-0.03,0.65,0.39,5.00,81.48,23,4,40,0,35.2941417,136.2544933,93.70, 0.19
1279270,0.35,0.10,9.98,0.91,0.01,-0.03,0.42,-3.85,0.08,49.65,10.60,0.00,0,2,1000.73,38.62,113.60,1000.74,36.95,112.91,0.76,1000.15,37.08,118.31,-0.07,0.34,105.38,280.63,6463,-0.53,0.90,9.96,0.76,-0.03,-0.03,0.65,0.37,5.05,81.78,23,4,40,0,35.2941417,136.2544933,93.70, 0.19
1279326,0.60,0.03,9.72,0.91,0.01,-0.03,0.42,-3.88,0.02,49.92,10.60,0.00,0,2,1000.73,38.64,113.55,1000.73,36.96,112.92,0.76,1000.15,37.09,118.29,-0.07,0.34,105.38,280.72,6465,-0.84,0.60,9.79,0.75,-0.03,-0.03,0.66,0.33,5.13,82.04,23,4,40,0,35.2941417,136.2544933,93.70, 0.19
1279380,0.53,0.07,10.15,0.91,0.01,-0.03,0.42,-3.93,-0.05,50.15,10.61,0.00,0,2,1000.73,38.61,113.58,1000.74,36.97,112.91,0.76,1000.15,37.08,118.31,-0.05,0.30,105.38,280.72,6465,-0.48,-0.07,10.03,0.75,-0.03,-0.03,0.66,0.29,5.23,82.31,23,4,40,0,35.2941417,136.2544933,93.70, 0.19
1279437,0.55,-0.19,10.15,0.90,0.02,-0.03,0.42,-3.95,-0.11,50.40,10.59,0.00,0,2,1000.73,38.62,113.57,1000.74,36.95,112.89,0.77,1000.15,37.08,118.33,-0.07,0.34,105.38,280.72,6466,-0.55,0.42,10.04,0.75,-0.03,-0.03,0.66,0.28,5.24,82.43,23,4,40,0,35.2941417,136.2544933,93.70, 0.19
1279489,0.16,0.33,9.83,0.90,0.02,-0.03,0.43,-3.93,-0.22,50.62,10.60,0.00,0,2,1000.73,38.62,113.57,1000.74,36.96,112.89,0.77,1000.15,37.09,118.30,-0.07,0.34,105.29,280.90,6465,-0.01,-1.47,9.49,0.75,-0.03,-0.03,0.66,0.30,5.45,82.66,23,4,40,0,35.2941417,136.2544933,93.70, 0.19
1279546,0.37,0.02,9.89,0.90,0.02,-0.03,0.43,-3.93,-0.32,50.84,10.59,0.00,0,2,1000.73,38.62,113.57,1000.74,36.96,112.85,0.78,1000.15,37.09,118.25,-0.05,0.30,105.47,280.37,6465,0.11,3.08,10.29,0.75,-0.03,-0.03,0.66,0.32,5.48,82.91,23,4,40,0,35.2941417,136.2544933,93.70, 0.19
1279599,0.40,0.16,9.37,0.90,0.02,-0.03,0.43,-3.93,-0.48,51.10,10.61,0.00,0,2,1000.73,38.63,113.54,1000.74,36.96,112.91,0.78,1000.14,37.08,118.40,-0.05,0.30,105.38,280.72,6466,-1.49,2.58,10.08,0.75,-0.04,-0.03,0.66,0.26,5.62,83.21,23,4,40,0,35.2941417,136.2544933,93.70, 0.19
1279652,0.36,-0.02,9.27,0.90,0.02,-0.03,0.43,-3.90,-0.53,51.31,10.62,0.00,0,2,1000.72,38.61,113.63,1000.74,36.98,112.90,0.78,1000.15,37.09,118.32,-0.07,0.34,105.38,280.90,6467,-1.15,-2.21,8.11,0.75,-0.04,-0.04,0.66,0.24,5.76,83.45,23,4,40,0,35.2941417,136.2544933,93.70, 0.19
1279706,0.76,-0.12,8.82,0.90,0.02,-0.03,0.43,-3.96,-0.54,51.55,10.63,0.00,0,2,1000.73,38.61,113.61,1000.74,36.96,112.88,0.79,1000.14,37.09,118.34,-0.05,0.30,105.47,281.16,6465,-0.24,2.83,9.57,0.75,-0.04,-0.03,0.67,0.22,5.65,83.53,23,4,40,0,35.2941417,136.2544933,93.70, 0.17
1279759,0.85,0.62,9.54,0.90,0.02,-0.03,0.44,-4.01,-0.52,51.76,10.63,0.00,0,2,1000.73,38.62,113.60,1000.74,36.96,112.92,0.79,1000.14,37.08,118.40,-0.07,0.34,105.38,281.69,6464,-0.03,0.87,9.87,0.74,-0.04,-0.03,0.67,0.19,5.65,83.76,23,4,40,0,35.2941417,136.2544933,93.70, 0.17
1279817,0.49,0.21,9.64,0.90,0.02,-0.03,0.44,-4.01,-0.54,52.01,10.63,0.00,0,2,1000.73,38.61,113.59,1000.74,36.96,112.92,0.78,1000.14,37.09,118.36,-0.05,0.30,105.38,281.78,6465,0.19,-0.63,9.40,0.74,-0.04,-0.03,0.67,0.19,5.67,84.00,23,4,40,0,35.2941417,136.2544933,93.70, 0.17
1279873,0.64,0.28,9.88,0.90,0.02,-0.03,0.44,-4.04,-0.53,52.22,10.62,0.00,0,2,1000.73,38.62,113.54,1000.74,36.97,112.91,0.78,1000.15,37.09,118.31,-0.05,0.30,105.47,281.78,6463,-0.52,1.55,10.08,0.74,-0.04,-0.03,0.67,0.15,5.64,84.20,23,4,40,0,35.2941417,136.2544933,93.70, 0.17
1279926,0.32,0.03,9.73,0.90,0.02,-0.03,0.44,-3.97,-0.58,52.47,10.63,0.00,0,2,1000.73,38.59,113.60,1000.73,36.98,112.85,0.78,1000.14,37.08,118.38,-0.05,0.30,105.38,281.87,6466,-0.64,1.44,10.18,0.74,-0.04,-0.03,0.67,0.16,5.62,84.43,23,4,40,0,35.2941417,136.2544933,93.70, 0.17
1279983,0.31,-0.15,9.74,0.90,0.02,-0.03,0.44,-3.91,-0.56,52.68,10.62,0.00,0,2,1000.73,38.59,113.61,1000.74,36.97,112.92,0.78,1000.14,37.08,118.38,-0.08,0.38,105.29,281.95,6466,0.11,-1.54,8.82,0.74,-0.04,-0.03,0.67,0.22,5.68,84.64,23,4,41,0,35.2941417,136.2544917,93.60, 0.17
1280037,0.27,-0.02,9.89,0.89,0.02,-0.03,0.45,-3.85,-0.55,52.92,10.62,0.00,0,2,1000.73,38.60,113.60,1000.74,36.98,112.90,0.78,1000.15,37.08,118.31,-0.05,0.30,105.47,281.51,6465,0.30,-0.71,9.17,0.74,-0.04,-0.04,0.67,0.24,5.70,84.85,23,4,41,0,35.2941417,136.2544917,93.60, 0.17
1280093,0.57,-0.06,9.77,0.89,0.02,-0.03,0.45,-3.83,-0.57,53.12,10.62,0.00,0,2,1000.73,38.59,113.59,1000.74,36.97,112.86,0.78,1000.14,37.09,118.36,-0.07,0.34,105.29,281.95,6465,-0.87,-0.16,9.38,0.74,-0.04,-0.04,0.67,0.24,5.68,85.00,23,4,41,0,35.2941417,136.2544917,93.60, 0.17
1280146,0.81,0.13,9.91,0.89,0.02,-0.03,0.45,-3.80,-0.57,53.37,10.61,0.00,0,2,1000.72,38.60,113.61,1000.74,36.97,112.90,0.78,1000.14,37.09,118.41,-0.05,0.30,105.29,282.22,6464,-1.04,-2.36,8.81,0.73,-0.04,-0.04,0.68,0.24,5.78,85.27,23,4,41,0,35.2941417,136.2544917,93.60, 0.17
1280198,0.76,-0.06,9.54,0.89,0.02,-0.03,0.45,-3.81,-0.56,53.60,10.62,0.00,0,2,1000.72,38.60,113.62,1000.74,36.98,112.88,0.78,1000.14,37.08,118.35,-0.05,0.30,105.47,282.39,6465,-1.08,-0.09,9.39,0.73,-0.04,-0.04,0.68,0.22,5.78,85.52,23,4,41,0,35.2941417,136.2544917,93.60, 0.17
1280256,0.87,0.07,9.82,0.89,0.02,-0.03,0.45,-3.87,-0.58,53.87,10.62,0.00,0,2,1000.73,38.59,113.60,1000.74,36.99,112.85,0.78,1000.14,37.08,118.40,-0.05,0.30,105.29,282.74,6466,-1.00,1.66,10.00,0.73,-0.04,-0.04,0.68,0.23,5.77,85.79,23,4,41,0,35.2941417,136.2544917,93.60, 0.17
1280308,0.58,-0.30,9.84,0.89,0.02,-0.03,0.45,-3.83,-0.57,54.09,10.62,0.00,0,2,1000.72,38.58,113.64,1000.74,36.97,112.93,0.77,1000.14,37.08,118.39,-0.07,0.34,105.38,282.74,6464,0.29,-0.46,9.33,0.73,-0.04,-0.04,0.68,0.26,5.84,85.92,23,4,41,0,35.2941417,136.2544917,93.60, 0.17
1280366,0.77,-0.30,10.12,0.89,0.02,-0.03,0.46,-3.84,-0.67,54.35,10.60,0.00,0,2,1000.73,38.59,113.57,1000.74,36.99,112.91,0.78,1000.15,37.09,118.31,-0.07,0.34,105.38,282.74,6466,0.05,0.44,9.81,0.73,-0.04,-0.04,0.68,0.25,5.95,86.16,23,4,41,0,35.2941417,136.2544917,93.60, 0.17
1280423,0.68,-0.39,10.50,0.89,0.02,-0.03,0.46,-3.86,-0.76,54.55,10.59,0.00,0,2,1000.73,38.60,113.58,1000.74,36.99,112.89,0.78,1000.15,37.07,118.33,-0.05,0.30,105.47,282.66,6466,-0.27,1.10,10.45,0.73,-0.04,-0.04,0.68,0.23,6.00,86.36,23,4,41,0,35.2941417,136.2544917,93.60, 0.17
1280477,0.40,-0.53,9.92,0.89,0.02,-0.03,0.46,-3.87,-0.82,54.80,10.59,0.00,0,2,1000.73,38.59,113.57,1000.74,37.00,112.86,0.78,1000.15,37.10,118.34,-0.07,0.34,105.47,282.74,6465,0.02,0.86,9.88,0.73,-0.04,-0.04,0.68,0.20,6.09,86.64,23,4,41,0,35.2941417,136.2544917,93.60, 0.17
1280534,0.41,0.18,9.93,0.89,0.02,-0.03,0.46,-3.89,-0.83,55.07,10.59,0.00,0,2,1000.73,38.59,113.60,1000.74,36.99,112.88,0.78,1000.15,37.08,118.31,-0.05,0.30,105.38,282.66,6465,-0.03,1.00,10.00,0.73,-0.04,-0.04,0.69,0.17,6.11,86.78,23,4,41,0,35.2941417,136.2544917,93.60, 0.17
1280586,0.66,0.48,9.64,0.89,0.02,-0.03,0.46,-3.92,-0.88,55.31,10.60,0.00,0,2,1000.73,38.59,113.59,1000.74,36.98,112.89,0.79,1000.14,37.07,118.37,-0.05,0.30,105.47,282.74,6466,-0.44,1.02,9.87,0.72,-0.04,-0.04,0.69,0.12,6.17,87.08,23,4,41,0,35.2941417,136.2544917,93.60, 0.17
1280644,0.62,0.17,9.17,0.88,0.02,-0.03,0.47,-3.94,-0.96,55.52,10.61,0.00,0,2,1000.73,38.60,113.58,1000.74,36.98,112.88,0.79,1000.14,37.07,118.40,-0.05,0.30,105.47,282.83,6466,-0.82,-0.09,9.09,0.72,-0.04,-0.04,0.69,0.09,6.23,87.33,23,4,41,0,35.2941417,136.2544917,93.60, 0.17
1280696,0.53,0.10,9.21,0.88,0.02,-0.03,0.47,-3.95,-1.02,55.79,10.61,0.00,0,2,1000.73,38.60,113.60,1000.74,36.99,112.90,0.79,1000.15,37.08,118.33,-0.07,0.34,105.56,282.74,6466,-0.47,-2.09,8.53,0.72,-0.04,-0.04,0.69,0.06,6.34,87.59,23,4,41,0,35.2941417,136.2544917,93.60, 0.20
1280749,0.64,-0.05,9.43,0.88,0.02,-0.03,0.47,-3.96,-0.99,56.02,10.61,0.00,0,2,1000.73,38.60,113.60,1000.74,36.99,112.88,0.79,1000.14,37.09,118.36,-0.05,0.30,105.47,282.66,6465,-0.14,2.48,10.03,0.72,-0.04,-0.04,0.69,0.05,6.23,87.69,23,4,41,0,35.2941417,136.2544917,93.60, 0.20
1280804,0.68,-0.12,9.69,0.88,0.02,-0.03,0.47,-4.02,-0.91,56.30,10.61,0.00,0,2,1000.73,38.61,113.60,1000.74,36.97,112.92,0.79,1000.14,37.09,118.38,-0.05,0.30,105.47,283.01,6465,-0.06,1.13,9.92,0.72,-0.04,-0.04,0.69,0.03,6.23,88.00,23,4,41,0,35.2941417,136.2544917,93.60, 0.20
1280859,0.74,0.08,10.06,0.88,0.02,-0.03,0.47,-4.02,-0.87,56.54,10.61,0.00,0,2,1000.73,38.60,113.60,1000.74,36.99,112.93,0.79,1000.15,37.10,118.34,-0.08,0.38,105.38,283.18,6466,-0.61,-2.00,9.32,0.72,-0.04,-0.04,0.70,0.01,6.28,88.27,23,4,41,0,35.2941417,136.2544917,93.60, 0.20
1280916,0.67,0.03,10.12,0.88,0.02,-0.03,0.48,-4.03,-0.84,56.83,10.60,0.00,0,2,1000.73,38.60,113.60,1000.74,36.98,112.98,0.78,1000.15,37.10,118.30,-0.05,0.30,105.47,282.92,6465,-0.37,2.56,10.67,0.72,-0.04,-0.04,0.70,-0.01,6.14,88.40,23,4,42,0,35.2941417,136.2544933,93.60, 0.20
1280971,0.63,0.16,10.06,0.88,0.02,-0.03,0.48,-4.03,-0.83,57.08,10.60,0.00,0,2,1000.73,38.60,113.58,1000.74,36.96,112.90,0.78,1000.14,37.09,118.36,-0.05,0.30,105.29,283.18,6466,-0.40,-0.62,9.68,0.71,-0.04,-0.04,0.70,-0.04,6.21,88.68,23,4,42,0,35.2941417,136.2544933,93.60, 0.20
1281025,0.64,0.14,9.47,0.88,0.02,-0.03,0.48,-4.03,-0.81,57.38,10.60,0.00,0,2,1000.72,38.59,113.62,1000.74,36.99,112.92,0.78,1000.14,37.09,118.41,-0.07,0.34,105.38,283.36,6465,-0.26,-1.57,8.95,0.71,-0.04,-0.04,0.70,-0.06,6.25,89.01,23,4,42,0,35.2941417,136.2544933,93.60, 0.20
1281082,0.49,0.16,9.72,0.88,0.02,-0.03,0.48,-4.03,-0.80,57.69,10.61,0.00,0,2,1000.73,38.60,113.60,1000.74,36.99,112.88,0.79,1000.14,37.08,118.34,-0.05,0.30,105.56,283.18,6466,-0.14,-1.41,9.23,0.71,-0.04,-0.04,0.70,-0.05,6.24,89.30,23,4,42,0,35.2941417,136.2544933,93.60, 0.20
1281135,0.36,0.21,9.39,0.87,0.02,-0.03,0.48,-3.99,-0.80,57.94,10.61,0.00,0,2,1000.72,38.61,113.63,1000.74,36.99,112.89,0.79,1000.14,37.09,118.39,-0.05,0.30,105.38,283.27,6465,-0.43,-0.04,9.60,0.71,-0.04,-0.04,0.70,-0.07,6.22,89.59,23,4,42,0,35.2941417,136.2544933,93.60, 0.20
1281191,0.36,0.24,9.95,0.87,0.02,-0.03,0.49,-3.97,-0.81,58.19,10.61,0.00,0,2,1000.73,38.59,113.59,1000.74,36.97,112.87,0.78,1000.14,37.08,118.38,-0.05,0.30,105.47,283.36,6466,0.04,-0.92,9.52,0.71,-0.04,-0.04,0.70,-0.07,6.23,89.72,23,4,42,0,35.2941417,136.2544933,93.60, 0.20
1281243,0.54,0.31,9.51,0.87,0.02,-0.03,0.49,-3.94,-0.83,58.49,10.61,0.00,0,2,1000.73,38.60,113.61,1000.73,36.98,112.93,0.79,1000.14,37.09,118.37,-0.07,0.34,105.47,283.36,6655,-0.05,-1.91,8.83,0.71,-0.04,-0.04,0.71,-0.10,6.24,90.06,23,4,42,0,35.2941417,136.2544933,93.60, 0.20
1281297,0.45,0.09,9.77,0.87,0.02,-0.03,0.49,-3.90,-0.78,58.76,10.61,0.00,0,2,1000.73,38.61,113.61,1000.74,36.98,112.91,0.79,1000.14,37.08,118.37,-0.05,0.30,105.56,283.36,6466,-0.16,0.67,9.80,0.70,-0.04,-0.04,0.71,-0.13,6.12,90.36,23,4,42,0,35.2941417,136.2544933,93.60, 0.20
1281352,0.41,0.05,9.75,0.87,0.02,-0.03,0.49,-3.88,-0.71,59.08,10.61,0.00,0,2,1000.73,38.61,113.60,1000.74,36.99,112.95,0.79,1000.14,37.09,118.36,-0.05,0.30,105.47,283.36,6465,-0.56,0.12,9.63,0.70,-0.04,-0.04,0.71,-0.14,6.06,90.52,23,4,42,0,35.2941417,136.2544933,93.60, 0.20
1281405,0.70,0.03,9.51,0.87,0.02,-0.03,0.49,-3.86,-0.59,59.35,10.62,0.00,0,2,1000.73,38.60,113.57,1000.74,36.98,112.85,0.79,1000.14,37.08,118.38,-0.07,0.34,105.47,283.45,6465,-0.74,-0.85,9.14,0.70,-0.04,-0.04,0.71,-0.18,5.97,90.82,23,4,42,0,35.2941417,136.2544933,93.60, 0.20
1281462,0.59,0.01,9.32,0.87,0.02,-0.03,0.50,-3.87,-0.49,59.67,10.60,0.00,0,2,1000.73,38.61,113.59,1000.74,36.99,112.89,0.79,1000.14,37.08,118.38,-0.05,0.30,105.56,283.36,6466,-0.72,-0.38,9.04,0.70,-0.04,-0.04,0.71,-0.18,5.88,91.17,23,4,42,0,35.2941417,136.2544933,93.60, 0.20
1281516,0.37,0.07,9.44,0.87,0.02,-0.03,0.50,-3.84,-0.46,59.95,10.60,0.00,0,2,1000.73,38.62,113.61,1000.74,36.99,112.89,0.79,1000.14,37.08,118.38,-0.07,0.34,105.56,283.36,6463,-0.07,0.62,9.59,0.70,-0.04,-0.04,0.72,-0.18,5.89,91.47,23,4,42,0,35.2941417,136.2544933,93.60, 0.20
1281572,0.42,0.10,9.79,0.86,0.02,-0.03,0.50,-3.83,-0.47,60.27,10.60,0.00,0,2,1000.73,38.60,113.58,1000.74,36.99,112.90,0.78,1000.14,37.07,118.39,-0.07,0.34,105.56,283.36,6466,-0.03,0.33,9.67,0.70,-0.04,-0.04,0.72,-0.20,5.91,91.61,23,4,42,0,35.2941417,136.2544933,93.60, 0.20
1281624,0.42,0.22,9.93,0.86,0.02,-0.03,0.50,-3.83,-0.53,60.52,10.60,0.00,0,2,1000.73,38.60,113.60,1000.74,36.99,112.90,0.78,1000.14,37.08,118.38,-0.07,0.34,105.56,283.36,6465,-0.11,-0.72,9.67,0.69,-0.04,-0.04,0.72,-0.24,5.97,91.91,23,4,42,0,35.2941417,136.2544933,93.60, 0.21
1281681,0.40,0.16,9.97,0.86,0.02,-0.03,0.51,-3.82,-0.58,60.81,10.60,0.00,0,2,1000.73,38.62,113.59,1000.74,36.98,112.91,0.78,1000.14,37.08,118.34,-0.05,0.30,105.56,283.36,6466,-0.13,-0.30,9.46,0.69,-0.04,-0.04,0.72,-0.27,6.01,92.21,23,4,42,0,35.2941417,136.2544933,93.60, 0.21
1281733,0.32,0.04,9.84,0.86,0.02,-0.03,0.51,-3.81,-0.58,61.05,10.60,0.00,0,2,1000.73,38.60,113.58,1000.74,36.98,112.91,0.78,1000.15,37.08,118.33,-0.07,0.34,105.47,283.36,6465,-0.39,1.67,10.14,0.69,-0.04,-0.04,0.72,-0.31,5.96,92.48,23,4,42,0,35.2941417,136.2544933,93.60, 0.21
1281788,0.32,0.01,9.96,0.86,0.02,-0.03,0.51,-3.70,-0.55,61.28,10.60,0.00,0,2,1000.73,38.61,113.58,1000.74,36.99,112.87,0.78,1000.14,37.09,118.36,-0.05,0.30,105.29,283.45,6466,-0.07,-1.37,9.24,0.69,-0.04,-0.04,0.72,-0.32,5.98,92.62,23,4,42,0,35.2941417,136.2544933,93.60, 0.21
1281842,0.40,-0.29,9.98,0.86,0.02,-0.03,0.51,-3.66,-0.41,61.52,10.59,0.00,0,2,1000.73,38.62,113.57,1000.74,36.99,112.85,0.77,1000.15,37.08,118.33,-0.05,0.30,105.47,283.36,6466,0.17,0.08,9.67,0.69,-0.04,-0.03,0.72,-0.34,5.83,92.86,23,4,42,0,35.2941417,136.2544933,93.60, 0.21
1281894,0.71,-0.22,9.43,0.86,0.02,-0.03,0.51,-3.66,-0.24,61.81,10.58,0.00,0,2,1000.73,38.61,113.60,1000.74,36.98,112.86,0.77,1000.14,37.08,118.34,-0.05,0.30,105.47,283.45,6466,-0.12,1.62,9.92,0.69,-0.04,-0.03,0.73,-0.37,5.71,93.12,23,4,42,0,35.2941417,136.2544933,93.60, 0.21
1281951,0.94,-0.12,9.94,0.86,0.02,-0.03,0.52,-3.72,-0.19,62.04,10.59,0.00,0,2,1000.73,38.62,113.55,1000.74,36.98,112.86,0.78,1000.14,37.07,118.39,-0.07,0.34,105.38,283.54,6464,-0.86,-1.13,9.22,0.69,-0.04,-0.03,0.73,-0.39,5.78,93.29,23,4,42,0,35.2941417,136.2544933,93.60, 0.21
1282003,0.99,-0.21,9.73,0.86,0.02,-0.03,0.52,-3.84,-0.10,62.30,10.58,0.00,0,2,1000.73,38.61,113.60,1000.74,36.98,112.93,0.77,1000.15,37.09,118.32,-0.05,0.30,105.47,283.54,6464,-1.49,-0.40,9.35,0.68,-0.04,-0.03,0.73,-0.42,5.79,93.58,23,4,43,0,35.2941417,136.2544917,93.60, 0.21
1282061,0.95,0.09,9.60,0.85,0.02,-0.03,0.52,-3.97,-0.14,62.56,10.59,0.00,0,2,1000.73,38.62,113.54,1000.74,36.99,112.87,0.77,1000.15,37.07,118.26,-0.05,0.30,105.47,283.54,6465,-1.16,0.75,9.93,0.68,-0.04,-0.03,0.73,-0.43,5.84,93.80,23,4,43,0,35.2941417,136.2544917,93.60, 0.21
1282116,0.80,0.10,9.92,0.85,0.02,-0.03,0.52,-4.02,-0.24,62.77,10.58,0.00,0,2,1000.72,38.61,113.64,1000.74,36.99,112.89,0.78,1000.14,37.08,118.40,-0.05,0.30,105.47,283.54,6466,-0.32,0.90,9.82,0.68,-0.04,-0.04,0.73,-0.46,5.96,94.02,23,4,43,0,35.2941417,136.2544917,93.60, 0.21
1282172,0.78,-0.01,9.77,0.85,0.02,-0.03,0.52,-4.07,-0.34,63.03,10.58,0.00,0,2,1000.73,38.62,113.59,1000.74,36.98,112.87,0.78,1000.15,37.08,118.31,-0.07,0.34,105.47,283.54,6464,-0.45,0.11,9.33,0.68,-0.04,-0.04,0.73,-0.50,6.15,94.32,23,4,43,0,35.2941417,136.2544917,93.60, 0.21
1282229,0.34,-0.13,9.37,0.85,0.02,-0.03,0.52,-4.08,-0.44,63.25,10.58,0.00,0,2,1000.73,38.62,113.59,1000.74,37.00,112.88,0.78,1000.14,37.08,118.35,-0.05,0.30,105.47,283.54,6465,-0.12,0.77,10.02,0.68,-0.04,-0.04,0.73,-0.51,6.17,94.44,23,4,43,0,35.2941417,136.2544917,93.60, 0.21
1282281,0.31,-0.23,9.77,0.85,0.02,-0.03,0.53,-4.10,-0.45,63.51,10.59,0.00,0,2,1000.73,38.61,113.54,1000.74,36.99,112.86,0.77,1000.14,37.07,118.35,-0.05,0.30,105.47,283.45,6465,0.00,1.91,10.31,0.68,-0.04,-0.04,0.73,-0.54,6.15,94.67,23,4,43,0,35.2941417,136.2544917,93.60, 0.21
1282339,0.28,-0.12,9.72,0.85,0.02,-0.03,0.53,-4.04,-0.38,63.73,10.60,0.00,0,2,1000.73,38.62,113.56,1000.74,36.99,112.87,0.77,1000.14,37.08,118.38,-0.07,0.34,105.38,283.45,6465,0.07,-0.45,9.43,0.67,-0.04,-0.04,0.74,-0.57,6.13,94.91,23,4,43,0,35.2941417,136.2544917,93.60, 0.21
1282392,0.27,0.00,10.08,0.85,0.02,-0.03,0.53,-3.93,-0.25,64.00,10.59,0.00,0,2,1000.73,38.62,113.61,1000.74,36.98,112.89,0.78,1000.15,37.07,118.27,-0.05,0.30,105.56,283.18,6466,-0.21,3.07,10.52,0.67,-0.04,-0.04,0.74,-0.58,6.02,95.04,23,4,43,0,35.2941417,136.2544917,93.60, 0.21
1282445,0.40,-0.16,9.65,0.85,0.02,-0.03,0.53,-3.90,-0.22,64.22,10.59,0.00,0,2,1000.73,38.62,113.57,1000.74,36.97,112.87,0.78,1000.14,37.07,118.35,-0.03,0.24,105.47,283.27,6463,-0.42,3.68,10.64,0.67,-0.04,-0.04,0.74,-0.61,6.01,95.33,23,4,43,0,35.2941417,136.2544917,93.60, 0.21
1282502,0.65,-0.11,9.54,0.85,0.02,-0.03,0.53,-3.87,-0.22,64.48,10.59,0.00,0,2,1000.73,38.61,113.57,1000.74,36.97,112.92,0.77,1000.13,37.07,118.42,-0.05,0.30,105.38,283.80,6464,-0.56,-2.26,8.60,0.67,-0.04,-0.04,0.74,-0.63,6.16,95.57,23,4,43,0,35.2941417,136.2544917,93.60, 0.21
1282559,0.55,-0.15,9.61,0.84,0.02,-0.03,0.53,-3.87,-0.27,64.73,10.60,0.00,0,2,1000.73,38.62,113.62,1000.74,36.97,112.90,0.78,1000.15,37.07,118.32,-0.05,0.30,105.56,283.36,6465,-0.27,-2.56,8.70,0.67,-0.04,-0.04,0.74,-0.66,6.25,95.84,23,4,43,0,35.2941417,136.2544917,93.60, 0.21
1282613,0.60,-0.52,9.56,0.84,0.02,-0.03,0.54,-3.87,-0.24,64.93,10.61,0.00,0,2,1000.73,38.61,113.61,1000.74,36.99,112.87,0.78,1000.14,37.08,118.40,-0.05,0.30,105.38,283.80,6463,-0.25,3.82,10.29,0.67,-0.04,-0.04,0.74,-0.68,6.12,96.02,23,4,43,0,35.2941417,136.2544917,93.60, 0.21
1282671,0.43,0.06,9.49,0.84,0.02,-0.03,0.54,-3.88,-0.26,65.18,10.61,0.00,0,2,1000.73,38.62,113.60,1000.74,36.97,112.86,0.77,1000.14,37.08,118.40,-0.05,0.30,105.38,284.15,6466,-0.05,0.08,9.48,0.67,-0.04,-0.04,0.74,-0.71,6.24,96.20,23,4,43,0,35.2941417,136.2544917,93.60, 0.21
1282728,0.42,0.04,9.43,0.84,0.02,-0.03,0.54,-3.87,-0.25,65.40,10.61,0.00,0,2,1000.73,38.63,113.62,1000.74,36.98,112.89,0.77,1000.15,37.09,118.34,-0.07,0.34,105.29,284.24,6465,-0.11,-2.20,8.78,0.67,-0.04,-0.04,0.74,-0.73,6.24,96.42,23,4,43,0,35.2941417,136.2544917,93.60, 0.26
1282781,0.58,0.07,9.86,0.84,0.02,-0.03,0.54,-3.86,-0.23,65.59,10.61,0.00,0,2,1000.73,38.63,113.59,1000.74,36.97,112.85,0.77,1000.14,37.07,118.39,-0.05,0.30,105.38,284.24,6464,-0.39,1.42,9.96,0.66,-0.04,-0.04,0.75,-0.75,6.14,96.60,23,4,43,0,35.2941417,136.2544917,93.60, 0.26
1282833,0.50,0.02,10.05,0.84,0.02,-0.03,0.54,-3.85,-0.22,65.77,10.60,0.00,0,2,1000.73,38.64,113.56,1000.74,36.97,112.92,0.77,1000.14,37.09,118.38,-0.05,0.30,105.38,284.33,6466,-0.46,2.14,10.41,0.66,-0.04,-0.04,0.75,-0.76,6.12,96.80,23,4,43,0,35.2941417,136.2544917,93.60, 0.26
1282889,0.48,0.10,9.94,0.84,0.02,-0.03,0.54,-3.83,-0.18,65.99,10.60,0.00,0,2,1000.73,38.63,113.58,1000.74,36.98,112.89,0.77,1000.15,37.09,118.33,-0.05,0.30,105.38,284.33,6466,0.10,-0.52,9.63,0.66,-0.04,-0.04,0.75,-0.77,6.15,96.88,23,4,43,0,35.2941417,136.2544917,93.60, 0.26
1282942,0.61,0.08,9.59,0.84,0.02,-0.03,0.55,-3.83,-0.11,66.18,10.60,0.00,0,2,1000.73,38.63,113.59,1000.74,36.98,112.90,0.77,1000.14,37.08,118.35,-0.05,0.30,105.47,284.33,6464,-0.11,0.25,9.72,0.66,-0.04,-0.03,0.75,-0.80,6.04,97.11,23,4,44,0,35.2941400,136.2544900,93.50, 0.26
1282999,0.67,-0.01,10.00,0.84,0.02,-0.03,0.55,-3.82,-0.07,66.39,10.60,0.00,0,2,1000.73,38.64,113.57,1000.74,36.99,112.87,0.77,1000.14,37.08,118.37,-0.05,0.30,105.29,284.33,6466,-0.13,2.32,10.42,0.66,-0.04,-0.03,0.75,-0.81,5.97,97.29,23,4,44,0,35.2941400,136.2544900,93.50, 0.26
1283052,0.57,-0.13,9.80,0.84,0.02,-0.03,0.55,-3.82,-0.05,66.57,10.60,0.00,0,2,1000.73,38.62,113.60,1000.74,36.99,112.89,0.77,1000.14,37.08,118.36,-0.05,0.30,105.38,284.33,6465,-0.24,1.81,10.03,0.66,-0.04,-0.03,0.75,-0.81,5.97,97.49,23,4,44,0,35.2941400,136.2544900,93.50, 0.26
1283110,0.61,-0.11,9.44,0.83,0.02,-0.03,0.55,-3.82,-0.05,66.77,10.59,0.00,0,2,1000.73,38.64,113.58,1000.74,36.99,112.89,0.77,1000.14,37.08,118.37,-0.07,0.34,105.38,284.33,6466,-0.48,-0.97,8.92,0.66,-0.04,-0.03,0.75,-0.82,6.03,97.63,23,4,44,0,35.2941400,136.2544900,93.50, 0.26
1283163,0.60,0.12,9.31,0.83,0.02,-0.03,0.55,-3.82,-0.04,66.93,10.61,0.00,0,2,1000.73,38.63,113.61,1000.74,36.98,112.89,0.77,1000.14,37.08,118.34,-0.05,0.30,105.47,284.33,6464,-0.51,1.54,9.66,0.66,-0.04,-0.03,0.75,-0.84,6.00,97.82,23,4,44,0,35.2941400,136.2544900,93.50, 0.26
1283219,0.60,0.11,9.68,0.83,0.02,-0.03,0.55,-3.82,-0.04,67.14,10.61,0.00,0,2,1000.73,38.64,113.57,1000.74,36.99,112.89,0.77,1000.14,37.07,118.39,-0.05,0.30,105.47,284.33,6464,-0.77,1.66,10.10,0.65,-0.04,-0.03,0.75,-0.87,5.96,98.03,23,4,44,0,35.2941400,136.2544900,93.50, 0.26
1283271,0.45,-0.11,9.56,0.83,0.02,-0.03,0.55,-3.80,-0.03,67.30,10.61,0.00,0,2,1000.73,38.63,113.61,1000.74,36.98,112.88,0.76,1000.14,37.09,118.36,-0.07,0.34,105.38,284.33,6465,-0.34,2.20,10.38,0.65,-0.04,-0.03,0.75,-0.87,5.92,98.17,23,4,44,0,35.2941400,136.2544900,93.50, 0.26
1283327,0.44,0.14,10.24,0.83,0.02,-0.03,0.55,-3.82,-0.02,67.51,10.60,0.00,0,2,1000.73,38.63,113.56,1000.73,36.98,112.93,0.76,1000.15,37.09,118.31,-0.07,0.34,105.38,284.33,6466,-0.09,-2.07,9.19,0.65,-0.04,-0.03,0.76,-0.88,5.97,98.29,23,4,44,0,35.2941400,136.2544900,93.50, 0.26
1283381,0.67,-0.16,9.62,0.83,0.02,-0.03,0.56,-3.82,0.03,67.68,10.60,0.00,0,2,1000.73,38.64,113.59,1000.74,36.99,112.94,0.76,1000.15,37.09,118.31,-0.05,0.30,105.47,284.24,6464,-0.46,3.39,10.54,0.65,-0.04,-0.03,0.76,-0.91,5.83,98.44,23,4,44,0,35.2941400,136.2544900,93.50, 0.26
1283437,0.96,0.08,10.15,0.83,0.02,-0.03,0.56,-3.82,0.03,67.85,10.59,0.00,0,2,1000.73,38.63,113.56,1000.74,36.98,112.87,0.76,1000.14,37.08,118.38,-0.05,0.30,105.29,284.59,6465,-0.81,2.37,10.60,0.65,-0.04,-0.03,0.76,-0.92,5.82,98.67,23,4,44,0,35.2941400,136.2544900,93.50, 0.26
1283489,0.88,-0.14,9.97,0.83,0.02,-0.03,0.56,-3.81,0.01,68.06,10.59,0.00,0,2,1000.73,38.62,113.57,1000.74,36.98,112.91,0.77,1000.15,37.09,118.31,-0.05,0.30,105.56,284.41,6463,-1.00,-0.90,9.35,0.65,-0.04,-0.03,0.76,-0.91,5.91,98.79,23,4,44,0,35.2941400,136.2544900,93.50, 0.26
1283543,0.88,0.00,9.81,0.83,0.02,-0.03,0.56,-3.85,-0.04,68.23,10.59,0.00,0,2,1000.73,38.64,113.57,1000.74,37.00,112.90,0.76,1000.15,37.09,118.29,-0.07,0.34,105.47,284.50,6464,-1.01,0.45,9.58,0.65,-0.04,-0.03,0.76,-0.87,5.98,99.01,23,4,44,0,35.2941400,136.2544900,93.50, 0.26
1283599,0.69,-0.01,9.24,0.83,0.02,-0.03,0.56,-3.84,-0.15,68.44,10.59,0.00,0,2,1000.73,38.62,113.60,1000.74,36.98,112.87,0.77,1000.14,37.08,118.40,-0.05,0.30,105.29,284.59,6466,-0.90,2.69,9.83,0.65,-0.04,-0.04,0.76,-0.86,6.08,99.20,23,4,44,0,35.2941400,136.2544900,93.50, 0.26
1283652,0.66,0.12,9.71,0.83,0.02,-0.03,0.56,-3.85,-0.29,68.62,10.59,0.00,0,2,1000.73,38.64,113.59,1000.74,36.98,112.89,0.77,1000.14,37.09,118.34,-0.05,0.30,105.38,284.59,6466,-0.40,-1.56,8.90,0.65,-0.04,-0.04,0.76,-0.88,6.32,99.42,23,4,44,0,35.2941400,136.2544900,93.50, 0.26
1283708,0.29,0.18,9.71,0.82,0.02,-0.03,0.56,-3.87,-0.39,68.83,10.60,0.00,0,2,1000.73,38.62,113.59,1000.74,36.98,112.93,0.76,1000.15,37.08,118.33,-0.05,0.30,105.38,284.59,6465,0.00,1.13,9.85,0.64,-0.04,-0.04,0.76,-0.89,6.32,99.48,23,4,44,0,35.2941400,136.2544900,93.50, 0.26
1283765,0.10,0.10,9.65,0.82,0.02,-0.03,0.57,-3.91,-0.37,69.00,10.60,0.00,0,2,1000.73,38.63,113.58,1000.74,36.99,112.93,0.77,1000.15,37.08,118.31,-0.07,0.34,105.38,284.59,6465,-0.01,0.34,9.62,0.64,-0.04,-0.04,0.76,-0.91,6.31,99.70,23,4,44,0,35.2941400,136.2544900,93.50, 0.26
1283819,0.00,-0.01,9.64,0.82,0.02,-0.02,0.57,-3.59,-0.21,69.22,10.61,0.00,0,2,1000.72,38.63,113.63,1000.74,36.99,112.89,0.76,1000.15,37.08,118.31,-0.05,0.30,105.47,284.59,6465,-0.07,0.62,9.57,0.64,-0.04,-0.04,0.76,-0.95,6.18,99.90,23,4,44,0,35.2941400,136.2544900,93.50, 0.26
1283876,0.42,-0.17,9.90,0.82,0.02,-0.02,0.57,-3.45,-0.06,69.45,10.60,0.00,0,2,1000.73,38.62,113.60,1000.74,36.99,112.85,0.76,1000.14,37.08,118.38,-0.07,0.34,105.38,284.59,6465,-0.27,1.62,10.06,0.64,-0.04,-0.03,0.77,-0.97,6.02,100.10,23,4,44,0,35.2941400,136.2544900,93.50, 0.26
1283928,0.43,-0.52,10.55,0.82,0.02,-0.02,0.57,-3.42,0.03,69.64,10.59,0.00,0,2,1000.73,38.63,113.56,1000.74,36.99,112.87,0.76,1000.14,37.09,118.34,-0.07,0.34,105.47,284.41,6465,-0.11,0.96,10.31,0.64,-0.04,-0.03,0.77,-0.98,6.03,100.20,23,4,44,0,35.2941400,136.2544900,93.50, 0.26
1283986,0.39,-0.56,9.86,0.82,0.02,-0.02,0.57,-3.41,0.03,69.84,10.58,0.00,0,2,1000.73,38.64,113.59,1000.74,36.99,112.85,0.76,1000.15,37.08,118.33,-0.07,0.34,105.47,284.33,6466,-0.11,1.71,9.99,0.64,-0.04,-0.03,0.77,-0.97,6.03,100.44,23,4,45,0,35.2941417,136.2544883,93.50, 0.26
1284038,0.37,-0.39,9.41,0.82,0.02,-0.02,0.57,-3.37,-0.01,70.06,10.59,0.00,0,2,1000.72,38.63,113.63,1000.74,36.98,112.88,0.76,1000.14,37.08,118.36,-0.07,0.34,105.47,284.41,6466,-0.01,1.46,9.39,0.64,-0.04,-0.04,0.77,-0.95,6.08,100.65,23,4,45,0,35.2941417,136.2544883,93.50, 0.26
1284095,0.26,-0.19,9.26,0.82,0.02,-0.02,0.57,-3.35,-0.04,70.26,10.60,0.00,0,2,1000.73,38.64,113.59,1000.74,36.98,112.89,0.76,1000.14,37.09,118.34,-0.05,0.30,105.47,284.33,6465,-0.34,0.55,9.24,0.64,-0.04,-0.04,0.77,-0.95,6.11,100.79,23,4,45,0,35.2941417,136.2544883,93.50, 0.26
1284148,0.49,0.04,10.29,0.82,0.02,-0.02,0.58,-3.36,-0.09,70.50,10.59,0.00,0,2,1000.73,38.63,113.59,1000.74,36.99,112.88,0.76,1000.15,37.09,118.32,-0.05,0.30,105.47,284.33,6464,-0.49,0.73,10.14,0.63,-0.04,-0.04,0.77,-0.96,6.16,101.01,23,4,45,0,35.2941417,136.2544883,93.50, 0.26
1284200,0.59,0.12,9.71,0.82,0.02,-0.02,0.58,-3.38,-0.12,70.70,10.59,0.00,0,2,1000.73,38.63,113.61,1000.74,36.99,112.90,0.76,1000.15,37.08,118.33,-0.07,0.34,105.47,284.50,6465,-0.84,-0.49,9.32,0.63,-0.04,-0.04,0.77,-0.98,6.24,101.25,23,4,45,0,35.2941417,136.2544883,93.50, 0.26
1284257,0.47,-0.12,9.91,0.81,0.02,-0.02,0.58,-3.37,-0.12,70.91,10.60,0.00,0,2,1000.73,38.64,113.57,1000.74,37.00,112.89,0.76,1000.15,37.09,118.31,-0.05,0.30,105.47,284.33,6467,-0.97,0.00,9.76,0.63,-0.04,-0.04,0.77,-0.98,6.22,101.49,23,4,45,0,35.2941417,136.2544883,93.50, 0.26
1284310,0.44,0.10,9.74,0.81,0.02,-0.02,0.58,-3.37,-0.13,71.09,10.60,0.00,0,2,1000.73,38.63,113.60,1000.74,37.00,112.88,0.76,1000.14,37.09,118.36,-0.05,0.30,105.47,284.41,6465,0.00,0.92,9.96,0.63,-0.04,-0.04,0.77,-0.98,6.20,101.54,23,4,45,0,35.2941417,136.2544883,93.50, 0.26
1284367,0.53,-0.46,9.75,0.81,0.02,-0.02,0.58,-3.37,-0.11,71.32,10.60,0.00,0,2,1000.73,38.64,113.61,1000.74,37.00,112.85,0.76,1000.14,37.09,118.35,-0.07,0.34,105.47,284.41,6466,0.01,1.33,9.76,0.63,-0.04,-0.04,0.77,-1.00,6.18,101.75,23,4,45,0,35.2941417,136.2544883,93.50, 0.26
1284424,0.70,-0.55,9.43,0.81,0.02,-0.02,0.58,-3.37,-0.12,71.50,10.60,0.00,0,2,1000.73,38.64,113.62,1000.74,36.98,112.90,0.76,1000.15,37.10,118.32,-0.07,0.34,105.47,284.41,6463,-0.48,0.12,9.04,0.63,-0.04,-0.04,0.78,-1.00,6.20,102.01,23,4,45,0,35.2941417,136.2544883,93.50, 0.26
1284477,0.63,-0.29,9.57,0.81,0.02,-0.02,0.59,-3.41,-0.03,71.74,10.60,0.00,0,2,1000.73,38.64,113.57,1000.74,36.99,112.88,0.76,1000.14,37.09,118.36,-0.07,0.34,105.47,284.41,6463,-0.34,-0.54,9.16,0.63,-0.04,-0.04,0.78,-1.00,6.24,102.22,23,4,45,0,35.2941417,136.2544883,93.50, 0.26
1284529,0.73,-0.11,9.98,0.81,0.02,-0.02,0.59,-3.45,0.08,71.92,10.61,0.00,0,2,1000.72,38.62,113.62,1000.74,37.00,112.90,0.76,1000.14,37.09,118.38,-0.05,0.30,105.47,284.41,6466,-0.87,0.61,9.71,0.63,-0.04,-0.04,0.78,-0.99,6.19,102.35,23,4,45,0,35.2941417,136.2544883,93.50, 0.26
1284585,0.76,0.09,9.99,0.81,0.02,-0.02,0.59,-3.45,0.09,72.10,10.61,0.00,0,2,1000.73,38.63,113.58,1000.74,36.99,112.92,0.76,1000.15,37.10,118.34,-0.07,0.34,105.38,284.41,6463,-1.30,-0.08,9.79,0.62,-0.04,-0.04,0.78,-0.97,6.19,102.54,23,4,45,0,35.2941417,136.2544883,93.50, 0.26
1284636,0.66,0.12,10.37,0.81,0.02,-0.03,0.59,-3.48,0.09,72.31,10.60,0.00,0,2,1000.73,38.63,113.60,1000.74,36.99,112.89,0.76,1000.15,37.10,118.30,-0.07,0.34,105.47,284.41,6464,-0.59,0.17,10.21,0.62,-0.04,-0.04,0.78,-0.97,6.13,102.71,23,4,45,0,35.2941417,136.2544883,93.50, 0.26
1284695,0.63,0.15,9.95,0.81,0.02,-0.03,0.59,-3.49,0.10,72.52,10.60,0.00,0,2,1000.73,38.64,113.60,1000.74,37.00,112.90,0.76,1000.15,37.10,118.34,-0.07,0.34,105.38,284.41,6465,-0.27,-0.28,9.50,0.62,-0.04,-0.04,0.78,-0.99,6.15,102.90,23,4,45,0,35.2941417,136.2544883,93.50, 0.14
1284747,0.29,0.00,9.60,0.81,0.02,-0.03,0.59,-3.49,0.10,72.70,10.60,0.00,0,2,1000.73,38.64,113.57,1000.74,36.99,112.90,0.76,1000.14,37.10,118.35,-0.05,0.30,105.38,284.33,6465,0.55,0.60,9.86,0.62,-0.04,-0.04,0.78,-1.00,6.15,103.08,23,4,45,0,35.2941417,136.2544883,93.50, 0.14
1284805,0.22,-0.10,9.36,0.80,0.02,-0.02,0.59,-3.40,0.02,72.90,10.60,0.00,0,2,1000.73,38.64,113.57,1000.74,36.98,112.87,0.76,1000.14,37.10,118.37,-0.05,0.30,105.38,284.41,6465,-0.31,0.19,9.27,0.62,-0.04,-0.04,0.78,-1.03,6.21,103.24,23,4,45,0,35.2941417,136.2544883,93.50, 0.14
1284858,0.42,-0.20,9.64,0.80,0.02,-0.02,0.59,-3.40,-0.04,73.08,10.60,0.00,0,2,1000.73,38.64,113.62,1000.74,36.99,112.87,0.77,1000.15,37.09,118.30,-0.05,0.30,105.47,284.33,6466,-0.55,-0.05,9.49,0.62,-0.04,-0.04,0.78,-1.02,6.30,103.46,23,4,45,0,35.2941417,136.2544883,93.50, 0.14
1284915,0.22,0.05,9.74,0.80,0.02,-0.02,0.60,-3.31,-0.07,73.29,10.60,0.00,0,2,1000.73,38.64,113.61,1000.74,36.99,112.90,0.77,1000.14,37.08,118.36,-0.07,0.34,105.47,284.24,6465,-0.93,-0.12,9.42,0.62,-0.04,-0.04,0.79,-1.03,6.36,103.66,23,4,45,0,35.2941417,136.2544883,93.50, 0.14
1284967,0.37,-0.12,9.73,0.80,0.02,-0.02,0.60,-3.23,-0.11,73.47,10.61,0.00,0,2,1000.73,38.66,113.59,1000.74,36.99,112.88,0.77,1000.14,37.09,118.35,-0.07,0.34,105.47,284.24,6465,-1.13,0.73,9.76,0.62,-0.04,-0.04,0.79,-1.05,6.39,103.85,23,4,45,0,35.2941417,136.2544883,93.50, 0.14
1285023,0.60,0.01,9.85,0.80,0.02,-0.02,0.60,-3.22,-0.15,73.69,10.61,0.00,0,2,1000.73,38.65,113.60,1000.74,36.98,112.88,0.77,1000.14,37.08,118.36,-0.05,0.30,105.38,284.33,6466,0.35,-0.09,9.48,0.61,-0.04,-0.04,0.79,-1.05,6.45,103.94,23,4,45,0,35.2941417,136.2544883,93.50, 0.14
1285076,0.60,0.02,9.78,0.80,0.02,-0.02,0.60,-3.23,-0.14,73.87,10.62,0.00,0,2,1000.73,38.66,113.63,1000.73,36.99,112.89,0.77,1000.14,37.08,118.35,-0.05,0.30,105.38,284.33,6464,0.18,-0.43,9.31,0.61,-0.04,-0.04,0.79,-1.07,6.42,104.15,23,4,45,0,35.2941417,136.2544883,93.50, 0.14
1285134,0.65,0.01,9.63,0.80,0.02,-0.02,0.60,-3.23,-0.14,74.05,10.61,0.00,0,2,1000.73,38.65,113.61,1000.74,36.99,112.91,0.77,1000.15,37.09,118.32,-0.05,0.30,105.47,284.33,6464,-1.12,0.20,9.51,0.61,-0.04,-0.04,0.79,-1.10,6.39,104.29,23,4,45,0,35.2941417,136.2544883,93.50, 0.14
1285186,0.88,0.11,9.29,0.80,0.02,-0.02,0.60,-3.26,-0.15,74.29,10.62,0.00,0,2,1000.73,38.66,113.61,1000.74,37.00,112.92,0.77,1000.14,37.09,118.38,-0.05,0.30,105.47,284.50,6465,-1.46,-0.89,9.13,0.61,-0.04,-0.04,0.79,-1.12,6.42,104.55,23,4,45,0,35.2941417,136.2544883,93.50, 0.14
1285241,0.69,0.01,9.78,0.80,0.02,-0.02,0.60,-3.27,-0.14,74.50,10.62,0.00,0,2,1000.73,38.65,113.60,1000.74,37.01,112.89,0.77,1000.15,37.09,118.32,-0.07,0.34,105.47,284.41,6465,-0.82,1.18,10.04,0.61,-0.04,-0.04,0.79,-1.14,6.40,104.77,23,4,45,0,35.2941417,136.2544883,93.50, 0.14
1285296,0.58,-0.01,9.70,0.79,0.02,-0.02,0.61,-3.28,-0.21,74.74,10.62,0.00,0,2,1000.73,38.66,113.60,1000.74,36.99,112.94,0.77,1000.15,37.08,118.33,-0.05,0.30,105.47,284.41,6466,-0.50,1.27,9.82,0.61,-0.04,-0.04,0.79,-1.15,6.47,104.98,23,4,45,0,35.2941417,136.2544883,93.50, 0.14
1285354,0.37,0.06,9.55,0.79,0.02,-0.02,0.61,-3.28,-0.31,74.98,10.61,0.00,0,2,1000.73,38.65,113.60,1000.73,37.00,112.94,0.77,1000.14,37.10,118.39,-0.05,0.30,105.47,284.41,6465,-0.17,0.25,9.39,0.61,-0.04,-0.04,0.79,-1.16,6.62,105.25,23,4,45,0,35.2941417,136.2544883,93.50, 0.14
1285411,0.30,0.06,9.72,0.79,0.02,-0.02,0.61,-3.27,-0.39,75.19,10.62,0.00,0,2,1000.73,38.66,113.61,1000.74,37.01,112.91,0.77,1000.14,37.09,118.36,-0.07,0.34,105.38,284.41,6464,0.01,1.35,9.36,0.60,-0.04,-0.04,0.79,-1.18,6.61,105.42,23,4,45,0,35.2941417,136.2544883,93.50, 0.14
1285464,0.23,-0.09,9.39,0.79,0.02,-0.02,0.61,-3.27,-0.36,75.45,10.62,0.00,0,2,1000.73,38.66,113.59,1000.74,37.00,112.90,0.77,1000.14,37.08,118.37,-0.05,0.30,105.47,284.41,6465,0.04,-0.68,9.14,0.60,-0.04,-0.04,0.80,-1.20,6.58,105.60,23,4,45,0,35.2941417,136.2544883,93.50, 0.14
1285522,0.21,0.05,9.93,0.79,0.02,-0.02,0.61,-3.25,-0.29,75.73,10.61,0.00,0,2,1000.73,38.66,113.59,1000.74,37.00,112.91,0.76,1000.14,37.10,118.35,-0.05,0.30,105.38,284.41,6465,-0.07,2.05,10.21,0.60,-0.04,-0.04,0.80,-1.23,6.45,105.87,23,4,45,0,35.2941417,136.2544883,93.50, 0.14
1285575,0.12,0.01,9.98,0.79,0.02,-0.02,0.61,-3.19,-0.22,75.96,10.61,0.00,0,2,1000.73,38.67,113.59,1000.74,37.01,112.91,0.76,1000.14,37.08,118.38,-0.07,0.34,105.38,284.41,6465,-0.04,1.50,10.29,0.60,-0.04,-0.04,0.80,-1.27,6.41,106.10,23,4,45,0,35.2941417,136.2544883,93.50, 0.14
1285631,0.26,-0.28,10.03,0.79,0.02,-0.02,0.62,-3.15,-0.12,76.19,10.60,0.00,0,2,1000.73,38.65,113.61,1000.74,37.01,112.89,0.76,1000.15,37.09,118.30,-0.07,0.34,105.47,284.33,6464,0.24,1.49,10.22,0.60,-0.04,-0.04,0.80,-1.29,6.36,106.27,23,4,46,0,35.2941400,136.2544883,93.50, 0.32
1285682,0.39,-0.24,9.91,0.79,0.02,-0.02,0.62,-3.15,-0.06,76.47,10.60,0.00,0,2,1000.73,38.66,113.61,1000.74,37.00,112.89,0.76,1000.14,37.09,118.35,-0.05,0.30,105.47,284.33,6465,-0.07,1.09,10.04,0.60,-0.04,-0.04,0.80,-1.32,6.32,106.53,23,4,46,0,35.2941400,136.2544883,93.50, 0.32
1285737,0.58,-0.41,10.13,0.78,0.02,-0.02,0.62,-3.15,-0.07,76.69,10.59,0.00,0,2,1000.73,38.67,113.57,1000.74,37.00,112.88,0.76,1000.15,37.09,118.32,-0.05,0.30,105.47,284.33,6465,-0.32,1.31,10.10,0.59,-0.04,-0.04,0.80,-1.35,6.32,106.78,23,4,46,0,35.2941400,136.2544883,93.50, 0.32
1285793,0.51,-0.14,9.75,0.78,0.02,-0.02,0.62,-3.17,-0.09,76.98,10.59,0.00,0,2,1000.73,38.66,113.59,1000.74,37.01,112.88,0.76,1000.15,37.08,118.33,-0.05,0.30,105.47,284.33,6465,-0.36,0.32,9.52,0.59,-0.04,-0.04,0.80,-1.37,6.38,106.92,23,4,46,0,35.2941400,136.2544883,93.50, 0.32
1285846,0.59,0.15,9.98,0.78,0.02,-0.02,0.62,-3.21,-0.21,77.21,10.59,0.00,0,2,1000.73,38.66,113.61,1000.74,37.00,112.90,0.76,1000.15,37.08,118.33,-0.05,0.30,105.47,284.33,6465,-0.55,-0.15,9.66,0.59,-0.04,-0.04,0.80,-1.42,6.52,107.24,23,4,47,0,35.2941383,136.2544867,93.40, 0.32
1285904,0.56,0.11,9.31,0.78,0.02,-0.02,0.63,-3.21,-0.28,77.49,10.60,0.00,0,2,1000.73,38.67,113.60,1000.74,37.00,112.93,0.76,1000.14,37.08,118.36,-0.05,0.30,105.47,284.33,6465,-0.48,0.75,9.42,0.59,-0.04,-0.04,0.81,-1.45,6.57,107.50,23,4,47,0,35.2941383,136.2544867,93.40, 0.32
1285961,0.41,-0.03,9.85,0.78,0.02,-0.02,0.63,-3.24,-0.31,77.75,10.61,0.00,0,2,1000.73,38.67,113.61,1000.74,36.99,112.89,0.76,1000.14,37.09,118.39,-0.07,0.34,105.38,284.33,6466,-0.37,1.79,9.98,0.59,-0.04,-0.04,0.81,-1.50,6.55,107.78,23,4,47,0,35.2941383,136.2544867,93.40, 0.32
1286013,0.43,0.02,9.67,0.78,0.02,-0.02,0.63,-3.29,-0.29,77.96,10.61,0.00,0,2,1000.73,38.67,113.62,1000.73,36.99,112.94,0.76,1000.14,37.08,118.38,-0.05,0.30,105.38,284.33,6464,-0.35,-0.51,9.58,0.59,-0.04,-0.04,0.81,-1.53,6.59,107.98,23,4,47,0,35.2941383,136.2544867,93.40, 0.32
1286070,0.55,-0.43,9.81,0.78,0.02,-0.02,0.63,-3.33,-0.28,78.22,10.60,0.00,0,2,1000.73,38.67,113.60,1000.74,37.00,112.88,0.76,1000.15,37.10,118.30,-0.05,0.30,105.47,284.33,6463,-0.49,-0.45,9.09,0.58,-0.04,-0.04,0.81,-1.56,6.56,108.21,23,4,47,0,35.2941383,136.2544867,93.40, 0.32
1286123,0.63,-0.27,9.64,0.77,0.02,-0.02,0.63,-3.34,-0.29,78.43,10.60,0.00,0,2,1000.72,38.66,113.66,1000.74,37.00,112.91,0.76,1000.14,37.08,118.40,-0.05,0.30,105.47,284.41,6466,-0.50,0.77,9.61,0.58,-0.04,-0.04,0.81,-1.58,6.56,108.34,23,4,47,0,35.2941383,136.2544867,93.40, 0.32
1286180,0.69,-0.33,9.47,0.77,0.02,-0.02,0.63,-3.36,-0.18,78.65,10.60,0.00,0,2,1000.73,38.68,113.61,1000.75,37.01,112.93,0.76,1000.15,37.09,118.32,-0.05,0.30,105.47,284.41,6466,-0.71,-0.03,9.36,0.58,-0.04,-0.04,0.81,-1.61,6.49,108.61,23,4,47,0,35.2941383,136.2544867,93.40, 0.32
1286232,0.67,-0.01,9.70,0.77,0.02,-0.02,0.63,-3.38,-0.08,78.90,10.60,0.00,0,2,1000.73,38.68,113.60,1000.74,37.00,112.89,0.76,1000.15,37.09,118.32,-0.05,0.30,105.47,284.41,6463,-0.08,0.93,9.73,0.58,-0.04,-0.04,0.81,-1.62,6.43,108.70,23,4,47,0,35.2941383,136.2544867,93.40, 0.32
1286287,0.55,0.12,9.85,0.77,0.02,-0.02,0.64,-3.39,-0.00,79.10,10.59,0.00,0,2,1000.73,38.68,113.56,1000.74,37.01,112.89,0.76,1000.15,37.10,118.33,-0.07,0.34,105.47,284.41,6466,-0.21,0.79,9.93,0.58,-0.04,-0.04,0.81,-1.65,6.34,108.93,23,4,47,0,35.2941383,136.2544867,93.40, 0.32
1286342,0.56,0.14,9.89,0.77,0.02,-0.02,0.64,-3.45,0.02,79.33,10.58,0.00,0,2,1000.73,38.68,113.59,1000.74,37.00,112.92,0.76,1000.15,37.09,118.34,-0.05,0.30,105.38,284.41,6466,-0.73,-0.58,9.54,0.58,-0.04,-0.04,0.81,-1.71,6.32,109.15,23,4,47,0,35.2941383,136.2544867,93.40, 0.32
1286396,0.32,-0.01,9.61,0.77,0.02,-0.02,0.64,-3.46,0.03,79.52,10.59,0.00,0,2,1000.73,38.68,113.58,1000.74,37.01,112.92,0.76,1000.14,37.08,118.36,-0.05,0.30,105.47,284.41,6465,-0.27,0.09,9.56,0.58,-0.04,-0.04,0.82,-1.75,6.27,109.39,23,4,47,0,35.2941383,136.2544867,93.40, 0.32
1286452,0.49,0.10,9.61,0.77,0.02,-0.02,0.64,-3.47,0.02,79.74,10.60,0.00,0,2,1000.73,38.68,113.63,1000.74,37.00,112.92,0.76,1000.14,37.10,118.35,-0.05,0.30,105.47,284.41,6465,-0.11,-0.13,9.46,0.58,-0.04,-0.04,0.82,-1.78,6.28,109.48,23,4,47,0,35.2941383,136.2544867,93.40, 0.32
1286505,0.63,-0.17,9.48,0.77,0.02,-0.02,0.64,-3.51,0.02,79.92,10.61,0.00,0,2,1000.73,38.69,113.60,1000.74,37.00,112.93,0.76,1000.14,37.09,118.36,-0.05,0.30,105.47,284.41,6464,-0.54,0.53,9.49,0.57,-0.04,-0.04,0.82,-1.81,6.26,109.68,23,4,47,0,35.2941383,136.2544867,93.40, 0.32
1286562,0.67,-0.10,9.60,0.77,0.02,-0.02,0.64,-3.53,0.01,80.14,10.61,0.00,0,2,1000.73,38.67,113.60,1000.74,37.00,112.91,0.76,1000.14,37.08,118.34,-0.05,0.30,105.47,284.41,6464,-0.59,0.84,9.69,0.57,-0.04,-0.04,0.82,-1.83,6.27,109.89,23,4,47,0,35.2941383,136.2544867,93.40, 0.24
1286620,0.72,0.01,9.54,0.76,0.02,-0.02,0.64,-3.52,-0.00,80.36,10.61,0.00,0,2,1000.73,38.68,113.63,1000.73,37.00,112.95,0.76,1000.14,37.09,118.34,-0.05,0.30,105.47,284.41,6465,-0.36,0.49,9.75,0.57,-0.04,-0.04,0.82,-1.85,6.30,110.12,23,4,47,0,35.2941383,136.2544867,93.40, 0.24
1286673,0.84,-0.25,9.65,0.76,0.02,-0.02,0.65,-3.54,-0.02,80.55,10.61,0.00,0,2,1000.73,38.67,113.60,1000.74,37.00,112.87,0.76,1000.14,37.09,118.36,-0.05,0.30,105.47,284.41,6466,-0.77,0.32,9.60,0.57,-0.04,-0.04,0.82,-1.86,6.32,110.22,23,4,47,0,35.2941383,136.2544867,93.40, 0.24
1286730,0.72,-0.50,9.73,0.76,0.02,-0.02,0.65,-3.55,-0.04,80.73,10.60,0.00,0,2,1000.73,38.68,113.63,1000.74,36.99,112.91,0.76,1000.14,37.08,118.35,-0.05,0.30,105.47,284.41,6466,-0.66,1.07,9.90,0.57,-0.05,-0.04,0.82,-1.89,6.37,110.47,23,4,47,0,35.2941383,136.2544867,93.40, 0.24
1286782,0.47,-0.36,10.50,0.76,0.02,-0.02,0.65,-3.56,-0.12,80.95,10.59,0.00,0,2,1000.73,38.69,113.56,1000.75,37.00,112.85,0.76,1000.14,37.09,118.36,-0.07,0.34,105.47,284.41,6466,-0.12,-0.28,9.73,0.57,-0.05,-0.04,0.82,-1.91,6.47,110.67,23,4,47,0,35.2941383,136.2544867,93.40, 0.24
1286839,0.07,-0.44,9.50,0.76,0.02,-0.02,0.65,-3.54,-0.17,81.17,10.59,0.00,0,2,1000.73,38.68,113.61,1000.74,37.00,112.92,0.76,1000.14,37.09,118.34,-0.05,0.30,105.47,284.24,6465,0.18,-1.48,9.02,0.57,-0.05,-0.04,0.82,-1.90,6.54,110.85,23,4,47,0,35.2941383,136.2544867,93.40, 0.24
1286893,-0.02,-0.26,9.52,0.76,0.02,-0.02,0.65,-3.38,-0.01,81.36,10.59,0.00,0,2,1000.73,38.68,113.58,1000.74,37.01,112.87,0.76,1000.14,37.08,118.38,-0.07,0.34,105.47,284.15,6464,0.26,1.61,9.20,0.56,-0.05,-0.04,0.82,-1.92,6.42,111.05,23,4,47,0,35.2941383,136.2544867,93.40, 0.24
1286952,0.28,0.05,9.50,0.76,0.02,-0.02,0.65,-3.41,0.02,81.59,10.60,0.00,0,2,1000.73,38.68,113.61,1000.74,37.00,112.95,0.76,1000.14,37.09,118.39,-0.07,0.34,105.38,284.41,6463,-0.04,2.56,10.67,0.56,-0.05,-0.04,0.82,-1.95,6.36,111.28,23,4,48,0,35.2941383,136.2544850,93.40, 0.24
1287009,0.66,0.14,10.31,0.76,0.02,-0.02,0.65,-3.44,0.03,81.84,10.60,0.00,0,2,1000.73,38.70,113.60,1000.74,37.01,112.88,0.75,1000.15,37.08,118.33,-0.05,0.30,105.38,284.41,6466,-0.85,-1.86,9.30,0.56,-0.05,-0.04,0.83,-1.97,6.42,111.45,23,4,48,0,35.2941383,136.2544850,93.40, 0.24
1287062,0.78,-0.15,9.50,0.75,0.02,-0.02,0.66,-3.44,0.04,82.03,10.61,0.00,0,2,1000.72,38.69,113.65,1000.74,37.00,112.93,0.76,1000.15,37.09,118.34,-0.05,0.30,105.47,284.41,6465,-0.66,2.45,10.02,0.56,-0.05,-0.04,0.83,-1.99,6.34,111.65,23,4,48,0,35.2941383,136.2544850,93.40, 0.24
1287118,0.77,-0.10,9.74,0.75,0.02,-0.02,0.66,-3.47,0.06,82.25,10.60,0.00,0,2,1000.73,38.69,113.61,1000.74,37.01,112.89,0.76,1000.14,37.08,118.35,-0.05,0.30,105.38,284.50,6465,-0.44,1.59,10.01,0.56,-0.05,-0.04,0.83,-2.02,6.37,111.85,23,4,48,0,35.2941383,136.2544850,93.40, 0.24
1287170,0.67,-0.34,9.88,0.75,0.02,-0.02,0.66,-3.51,0.10,82.42,10.60,0.00,0,2,1000.73,38.69,113.59,1000.75,37.00,112.85,0.75,1000.14,37.07,118.35,-0.07,0.34,105.38,284.50,6466,-0.67,-0.25,9.77,0.56,-0.05,-0.04,0.83,-2.03,6.38,111.94,23,4,48,0,35.2941383,136.2544850,93.40, 0.24
1287227,0.45,-0.48,10.79,0.75,0.02,-0.02,0.66,-3.52,0.12,82.60,10.59,0.00,0,2,1000.74,38.71,113.54,1000.74,37.00,112.87,0.76,1000.15,37.08,118.29,-0.05,0.30,105.47,284.33,6465,-0.05,2.07,10.79,0.56,-0.05,-0.04,0.83,-2.03,6.31,112.13,23,4,48,0,35.2941383,136.2544850,93.40, 0.24
1287280,0.64,-0.28,9.78,0.75,0.02,-0.02,0.66,-3.50,0.18,82.84,10.58,0.00,0,2,1000.73,38.69,113.59,1000.75,37.00,112.85,0.76,1000.15,37.10,118.34,-0.05,0.30,105.38,284.33,6465,-0.64,1.44,9.86,0.55,-0.05,-0.04,0.83,-2.06,6.32,112.37,23,4,48,0,35.2941383,136.2544850,93.40, 0.24
1287336,0.87,-0.42,9.90,0.75,0.02,-0.02,0.66,-3.50,0.14,83.02,10.58,0.00,0,2,1000.73,38.70,113.62,1000.74,37.01,112.88,0.76,1000.14,37.09,118.34,-0.07,0.34,105.38,284.41,6465,-0.28,1.13,9.87,0.55,-0.05,-0.04,0.83,-2.05,6.37,112.57,23,4,48,0,35.2941383,136.2544850,93.40, 0.24
1287390,0.65,-0.21,9.32,0.75,0.02,-0.02,0.66,-3.52,0.12,83.22,10.59,0.00,0,2,1000.73,38.71,113.61,1000.74,37.01,112.86,0.76,1000.15,37.10,118.34,-0.05,0.30,105.38,284.41,6465,-0.75,0.05,9.14,0.55,-0.05,-0.04,0.83,-2.06,6.39,112.70,23,4,48,0,35.2941383,136.2544850,93.40, 0.24
1287449,0.60,-0.22,9.14,0.75,0.02,-0.02,0.66,-3.52,0.13,83.41,10.60,0.00,0,2,1000.73,38.70,113.63,1000.74,37.00,112.86,0.76,1000.14,37.09,118.41,-0.05,0.30,105.38,284.41,6465,-0.86,0.86,9.14,0.55,-0.05,-0.04,0.83,-2.06,6.34,112.89,23,4,48,0,35.2941383,136.2544850,93.40, 0.24
1287504,0.60,-0.39,9.06,0.75,0.02,-0.02,0.67,-3.53,0.27,83.58,10.61,0.00,0,2,1000.73,38.70,113.65,1000.74,36.99,112.90,0.77,1000.14,37.08,118.36,-0.07,0.34,105.47,284.41,6465,-0.73,1.13,9.36,0.55,-0.05,-0.04,0.83,-2.06,6.29,113.06,23,4,48,0,35.2941383,136.2544850,93.40, 0.24
1287560,0.52,-0.23,10.03,0.74,0.02,-0.02,0.67,-3.53,0.33,83.77,10.62,0.00,0,2,1000.73,38.71,113.59,1000.74,36.99,112.92,0.76,1000.14,37.09,118.34,-0.07,0.34,105.47,284.41,6465,-0.41,0.52,9.90,0.55,-0.04,-0.04,0.83,-2.03,6.29,113.23,23,4,48,0,35.2941383,136.2544850,93.40, 0.24
1287616,0.58,-0.20,9.69,0.74,0.02,-0.02,0.67,-3.52,0.33,83.92,10.60,0.00,0,2,1000.73,38.69,113.62,1000.74,37.01,112.88,0.76,1000.15,37.10,118.32,-0.05,0.30,105.47,284.41,6465,-0.08,0.89,9.73,0.55,-0.05,-0.04,0.83,-2.04,6.30,113.29,23,4,48,0,35.2941383,136.2544850,93.40, 0.24
1287668,0.52,-0.16,9.86,0.74,0.02,-0.02,0.67,-3.52,0.32,84.09,10.62,0.00,0,2,1000.73,38.70,113.63,1000.74,37.00,112.92,0.76,1000.15,37.10,118.32,-0.05,0.30,105.47,284.41,6466,-0.04,1.01,9.90,0.55,-0.05,-0.04,0.84,-2.06,6.32,113.47,23,4,48,0,35.2941383,136.2544850,93.40, 0.27
1287727,0.44,-0.23,9.85,0.74,0.02,-0.02,0.67,-3.50,0.36,84.21,10.60,0.00,0,2,1000.73,38.70,113.63,1000.74,37.00,112.86,0.76,1000.15,37.10,118.33,-0.07,0.34,105.47,284.41,6464,0.23,1.27,10.02,0.55,-0.04,-0.04,0.84,-2.04,6.30,113.60,23,4,48,0,35.2941383,136.2544850,93.40, 0.27
1287779,0.39,-0.42,10.05,0.74,0.02,-0.02,0.67,-3.42,0.48,84.37,10.60,0.00,0,2,1000.73,38.70,113.61,1000.74,37.00,112.88,0.76,1000.15,37.09,118.32,-0.07,0.34,105.38,284.41,6465,-0.43,0.46,9.91,0.55,-0.04,-0.04,0.84,-2.05,6.30,113.67,23,4,48,0,35.2941383,136.2544850,93.40, 0.27
1287832,0.44,-0.35,9.69,0.74,0.02,-0.03,0.67,-3.37,0.59,84.49,10.59,0.00,0,2,1000.73,38.70,113.61,1000.74,36.99,112.88,0.76,1000.15,37.10,118.32,-0.05,0.30,105.47,284.33,6465,-0.30,1.22,9.70,0.54,-0.04,-0.04,0.84,-2.05,6.26,113.79,23,4,49,0,35.2941433,136.2544800,93.30, 0.27
1287888,0.46,-0.20,9.55,0.74,0.02,-0.03,0.67,-3.36,0.60,84.63,10.60,0.00,0,2,1000.73,38.70,113.63,1000.74,37.01,112.92,0.76,1000.15,37.10,118.34,-0.05,0.30,105.47,284.33,6464,-0.46,1.25,9.60,0.54,-0.04,-0.04,0.84,-2.07,6.26,113.94,23,4,49,0,35.2941433,136.2544800,93.30, 0.27
1287942,0.46,-0.27,9.49,0.74,0.02,-0.03,0.67,-3.35,0.64,84.74,10.60,0.00,0,2,1000.73,38.70,113.58,1000.74,37.02,112.89,0.76,1000.15,37.10,118.34,-0.05,0.30,105.38,284.33,6465,-0.48,0.78,9.52,0.54,-0.04,-0.04,0.84,-2.08,6.24,114.05,23,4,49,0,35.2941433,136.2544800,93.30, 0.27
1288000,0.38,-0.14,9.86,0.74,0.02,-0.03,0.67,-3.32,0.67,84.85,10.60,0.00,0,2,1000.73,38.70,113.58,1000.74,37.01,112.85,0.76,1000.14,37.10,118.35,-0.07,0.34,105.38,284.41,6466,-0.11,-0.11,9.50,0.54,-0.04,-0.04,0.84,-2.07,6.24,114.13,23,4,49,0,35.2941433,136.2544800,93.30, 0.27
1288056,0.38,-0.04,9.77,0.74,0.02,-0.03,0.67,-3.30,0.68,84.94,10.59,0.00,0,2,1000.73,38.70,113.62,1000.74,37.01,112.89,0.76,1000.15,37.10,118.30,-0.07,0.34,105.38,284.33,6465,-0.15,0.96,9.92,0.54,-0.04,-0.04,0.84,-2.08,6.20,114.18,23,4,49,0,35.2941433,136.2544800,93.30, 0.27
1288108,0.47,-0.10,9.71,0.74,0.01,-0.03,0.68,-3.27,0.68,85.03,10.60,0.00,0,2,1000.73,38.71,113.61,1000.74,37.01,112.91,0.76,1000.14,37.10,118.35,-0.05,0.30,105.38,284.33,6466,-0.29,1.35,9.89,0.54,-0.04,-0.04,0.84,-2.09,6.16,114.27,23,4,49,0,35.2941433,136.2544800,93.30, 0.27
1288166,0.43,-0.13,9.70,0.74,0.01,-0.03,0.68,-3.26,0.69,85.13,10.60,0.00,0,2,1000.73,38.71,113.62,1000.74,37.01,112.86,0.76,1000.15,37.11,118.33,-0.07,0.34,105.47,284.33,6465,-0.33,0.42,9.56,0.54,-0.04,-0.04,0.84,-2.09,6.16,114.35,23,4,49,0,35.2941433,136.2544800,93.30, 0.27
1288218,0.47,-0.06,9.74,0.74,0.01,-0.02,0.68,-3.24,0.68,85.20,10.60,0.00,0,2,1000.73,38.71,113.64,1000.74,37.02,112.91,0.76,1000.14,37.11,118.37,-0.05,0.30,105.47,284.41,6465,-0.18,0.10,9.53,0.54,-0.04,-0.04,0.84,-2.10,6.18,114.41,23,4,49,0,35.2941433,136.2544800,93.30, 0.27
1288275,0.56,-0.19,9.73,0.74,0.01,-0.02,0.68,-3.24,0.68,85.28,10.59,0.00,0,2,1000.73,38.72,113.63,1000.74,37.02,112.93,0.76,1000.15,37.10,118.30,-0.05,0.30,105.47,284.33,6465,-0.43,-0.19,9.40,0.54,-0.04,-0.04,0.84,-2.10,6.18,114.48,23,4,49,0,35.2941433,136.2544800,93.30, 0.27
1288327,0.54,-0.25,9.63,0.74,0.01,-0.02,0.68,-3.24,0.68,85.32,10.60,0.00,0,2,1000.73,38.72,113.60,1000.74,37.00,112.88,0.76,1000.15,37.10,118.30,-0.05,0.30,105.47,284.41,6466,-0.11,0.96,9.63,0.54,-0.04,-0.04,0.84,-2.10,6.17,114.49,23,4,49,0,35.2941433,136.2544800,93.30, 0.27
1288382,0.52,-0.28,9.77,0.73,0.01,-0.02,0.68,-3.24,0.69,85.36,10.59,0.00,0,2,1000.73,38.72,113.60,1000.74,37.00,112.93,0.76,1000.15,37.11,118.31,-0.05,0.30,105.47,284.41,6465,-0.22,0.70,9.71,0.54,-0.04,-0.04,0.84,-2.10,6.19,114.54,23,4,49,0,35.2941433,136.2544800,93.30, 0.27
1288438,0.62,-0.29,10.02,0.73,0.01,-0.03,0.68,-3.24,0.72,85.41,10.59,0.00,0,2,1000.73,38.71,113.62,1000.74,37.01,112.90,0.76,1000.15,37.09,118.29,-0.03,0.24,105.47,284.41,6464,-0.24,0.59,9.80,0.54,-0.04,-0.04,0.84,-2.10,6.19,114.59,23,4,49,0,35.2941433,136.2544800,93.30, 0.27
1288496,0.60,-0.35,9.65,0.73,0.01,-0.03,0.68,-3.24,0.77,85.47,10.59,0.00,0,2,1000.73,38.72,113.60,1000.74,37.02,112.89,0.76,1000.15,37.10,118.30,-0.05,0.30,105.38,284.33,6465,-0.53,0.89,9.74,0.54,-0.04,-0.04,0.84,-2.10,6.19,114.62,23,4,49,0,35.2941433,136.2544800,93.30, 0.27
1288546,0.54,-0.23,9.76,0.73,0.01,-0.03,0.68,-3.25,0.78,85.49,10.60,0.00,0,2,1000.73,38.73,113.65,1000.74,37.01,112.89,0.76,1000.15,37.10,118.33,-0.05,0.30,105.47,284.33,6465,-0.45,0.67,9.63,0.54,-0.04,-0.04,0.84,-2.10,6.17,114.66,23,4,49,0,35.2941433,136.2544800,93.30, 0.48
1288604,0.58,-0.17,9.64,0.73,0.01,-0.03,0.68,-3.25,0.79,85.50,10.60,0.00,0,2,1000.73,38.72,113.64,1000.74,37.00,112.92,0.75,1000.15,37.10,118.32,-0.05,0.30,105.47,284.41,6465,-0.43,0.87,9.67,0.54,-0.04,-0.04,0.84,-2.11,6.17,114.67,23,4,49,0,35.2941433,136.2544800,93.30, 0.48
1288656,0.51,-0.24,9.75,0.73,0.01,-0.03,0.68,-3.25,0.79,85.50,10.61,0.00,0,2,1000.73,38.73,113.63,1000.74,37.01,112.92,0.75,1000.15,37.10,118.33,-0.05,0.30,105.38,284.33,6466,-0.12,0.09,9.51,0.54,-0.04,-0.04,0.84,-2.10,6.19,114.67,23,4,49,0,35.2941433,136.2544800,93.30, 0.48
1288714,0.43,-0.19,9.77,0.73,0.01,-0.03,0.68,-3.24,0.80,85.50,10.60,0.00,0,2,1000.73,38.74,113.58,1000.74,37.01,112.93,0.75,1000.15,37.09,118.34,-0.05,0.30,105.47,284.33,6466,-0.05,0.44,9.63,0.54,-0.04,-0.04,0.84,-2.10,6.17,114.70,23,4,49,0,35.2941433,136.2544800,93.30, 0.48
1288767,0.42,-0.17,9.70,0.73,0.01,-0.03,0.68,-3.22,0.81,85.51,10.60,0.00,0,2,1000.73,38.73,113.63,1000.74,37.01,112.86,0.76,1000.15,37.10,118.34,-0.07,0.34,105.38,284.33,6464,-0.15,1.05,9.70,0.54,-0.04,-0.04,0.84,-2.11,6.16,114.73,23,4,49,0,35.2941433,136.2544800,93.30, 0.48
1288824,0.37,-0.10,9.71,0.73,0.01,-0.03,0.68,-3.21,0.82,85.51,10.60,0.00,0,2,1000.73,38.73,113.58,1000.74,37.02,112.90,0.76,1000.15,37.10,118.34,-0.07,0.34,105.47,284.33,6464,-0.22,1.08,9.76,0.54,-0.04,-0.04,0.84,-2.11,6.17,114.75,23,4,49,0,35.2941433,136.2544800,93.30, 0.48
1288876,0.41,-0.22,9.60,0.73,0.01,-0.03,0.68,-3.18,0.82,85.51,10.60,0.00,0,2,1000.73,38.72,113.64,1000.74,37.02,112.90,0.75,1000.15,37.09,118.32,-0.07,0.34,105.38,284.41,6465,-0.03,0.89,9.67,0.54,-0.04,-0.04,0.84,-2.11,6.17,114.76,23,4,49,0,35.2941433,136.2544800,93.30, 0.48
1288929,0.43,-0.14,9.85,0.73,0.01,-0.03,0.68,-3.15,0.84,85.51,10.60,0.00,0,2,1000.73,38.73,113.61,1000.74,37.02,112.91,0.75,1000.15,37.10,118.34,-0.05,0.30,105.47,284.41,6465,-0.41,0.84,9.84,0.54,-0.04,-0.04,0.84,-2.11,6.13,114.76,23,4,50,0,35.2941400,136.2544783,93.20, 0.48
1288986,0.54,-0.09,9.99,0.73,0.01,-0.03,0.68,-3.15,0.84,85.51,10.60,0.00,0,2,1000.73,38.74,113.59,1000.74,37.02,112.89,0.75,1000.15,37.08,118.31,-0.05,0.30,105.38,284.33,6466,-0.19,1.84,10.23,0.54,-0.04,-0.04,0.84,-2.11,6.12,114.76,23,4,50,0,35.2941400,136.2544783,93.20, 0.48
1289044,0.57,-0.26,9.62,0.73,0.01,-0.03,0.68,-3.15,0.84,85.51,10.60,0.00,0,2,1000.73,38.73,113.59,1000.74,37.02,112.89,0.75,1000.14,37.08,118.34,-0.05,0.30,105.29,284.41,6466,-0.04,1.57,10.07,0.54,-0.04,-0.04,0.84,-2.11,6.15,114.77,23,4,50,0,35.2941400,136.2544783,93.20, 0.48
1289096,0.63,-0.16,9.74,0.73,0.01,-0.03,0.68,-3.15,0.84,85.51,10.59,0.00,0,2,1000.73,38.72,113.62,1000.74,37.02,112.87,0.75,1000.15,37.10,118.32,-0.07,0.34,105.38,284.41,6463,-0.43,-0.65,9.43,0.54,-0.04,-0.04,0.84,-2.11,6.19,114.79,23,4,50,0,35.2941400,136.2544783,93.20, 0.48
1289153,0.56,-0.13,9.78,0.73,0.01,-0.03,0.68,-3.16,0.85,85.51,10.60,0.00,0,2,1000.73,38.72,113.60,1000.74,37.02,112.91,0.75,1000.15,37.08,118.29,-0.05,0.30,105.47,284.33,6466,-0.11,1.71,10.16,0.54,-0.04,-0.04,0.84,-2.11,6.12,114.80,23,4,50,0,35.2941400,136.2544783,93.20, 0.48
1289206,0.70,0.02,9.59,0.73,0.01,-0.03,0.68,-3.21,0.82,85.51,10.60,0.00,0,2,1000.73,38.73,113.63,1000.74,37.02,112.89,0.75,1000.15,37.08,118.33,-0.05,0.30,105.38,284.50,6465,-1.16,0.83,9.61,0.54,-0.05,-0.04,0.84,-2.14,6.24,114.81,23,4,50,0,35.2941400,136.2544783,93.20, 0.48
1289264,0.32,-0.22,9.59,0.73,0.01,-0.03,0.68,-3.22,0.82,85.50,10.60,0.00,0,2,1000.73,38.73,113.61,1000.74,37.02,112.92,0.75,1000.15,37.10,118.33,-0.05,0.30,105.38,284.24,6466,-1.21,-0.08,9.56,0.54,-0.05,-0.04,0.84,-2.15,6.27,114.82,23,4,50,0,35.2941400,136.2544783,93.20, 0.48
1289316,0.53,-0.12,9.71,0.73,0.01,-0.03,0.68,-3.24,0.83,85.49,10.60,0.00,0,2,1000.73,38.73,113.59,1000.75,37.01,112.88,0.75,1000.15,37.10,118.32,-0.05,0.30,105.38,284.33,6465,-1.20,1.01,9.67,0.54,-0.05,-0.04,0.84,-2.14,6.27,114.82,23,4,50,0,35.2941400,136.2544783,93.20, 0.48
1289373,0.44,-0.44,9.38,0.73,0.01,-0.03,0.68,-3.24,0.83,85.49,10.60,0.00,0,2,1000.73,38.73,113.61,1000.74,37.03,112.91,0.75,1000.15,37.12,118.34,-0.05,0.30,105.38,284.33,6466,0.68,0.53,9.26,0.54,-0.04,-0.04,0.84,-2.10,6.24,114.73,23,4,50,0,35.2941400,136.2544783,93.20, 0.48
1289428,0.53,-0.12,9.80,0.73,0.01,-0.03,0.68,-3.21,0.87,85.50,10.59,0.00,0,2,1000.73,38.73,113.61,1000.74,37.02,112.87,0.75,1000.15,37.12,118.29,-0.05,0.30,105.38,284.33,6465,0.16,-0.08,9.29,0.54,-0.04,-0.04,0.84,-2.10,6.24,114.76,23,4,50,0,35.2941400,136.2544783,93.20, 0.48
1289485,0.48,-0.27,9.69,0.73,0.01,-0.03,0.68,-3.21,0.87,85.50,10.60,0.00,0,2,1000.73,38.73,113.61,1000.74,37.03,112.91,0.75,1000.15,37.10,118.34,-0.05,0.30,105.38,284.33,6465,0.58,0.06,9.58,0.54,-0.04,-0.04,0.84,-2.10,6.24,114.74,23,4,50,0,35.2941400,136.2544783,93.20, 0.48
1289543,0.49,-0.26,9.67,0.73,0.01,-0.03,0.68,-3.20,0.89,85.50,10.60,0.00,0,2,1000.73,38.73,113.60,1000.74,37.05,112.89,0.75,1000.14,37.10,118.36,-0.05,0.30,105.38,284.33,6466,-0.32,1.26,9.93,0.54,-0.04,-0.04,0.84,-2.09,6.22,114.74,23,4,50,0,35.2941400,136.2544783,93.20, 0.48
1289595,0.43,-0.34,9.95,0.73,0.01,-0.03,0.68,-3.19,0.92,85.50,10.61,0.00,0,2,1000.73,38.74,113.62,1000.74,37.03,112.93,0.75,1000.15,37.09,118.34,-0.07,0.34,105.38,284.33,6465,-0.03,-0.02,9.57,0.54,-0.04,-0.04,0.84,-2.09,6.25,114.76,23,4,50,0,35.2941400,136.2544783,93.20, 0.48
1289652,0.53,-0.46,9.77,0.73,0.01,-0.03,0.68,-3.18,0.96,85.50,10.61,0.00,0,2,1000.73,38.74,113.59,1000.74,37.03,112.90,0.75,1000.14,37.08,118.34,-0.05,0.30,105.38,284.33,6465,-0.59,0.70,9.66,0.54,-0.04,-0.04,0.84,-2.07,6.23,114.74,23,4,50,0,35.2941400,136.2544783,93.20, 0.23
1289704,0.53,-0.29,9.65,0.73,0.01,-0.03,0.68,-3.18,1.00,85.50,10.60,0.00,0,2,1000.73,38.73,113.63,1000.74,37.02,112.89,0.75,1000.14,37.10,118.35,-0.07,0.34,105.38,284.33,6465,-0.09,-0.36,9.25,0.54,-0.04,-0.04,0.84,-2.08,6.25,114.73,23,4,50,0,35.2941400,136.2544783,93.20, 0.23
1289762,0.39,-0.29,9.87,0.73,0.01,-0.03,0.68,-3.18,1.01,85.50,10.60,0.00,0,2,1000.73,38.73,113.63,1000.74,37.02,112.87,0.75,1000.15,37.10,118.32,-0.07,0.34,105.38,284.24,6466,0.02,1.96,10.20,0.54,-0.04,-0.04,0.84,-2.07,6.20,114.70,23,4,50,0,35.2941400,136.2544783,93.20, 0.23
1289814,0.45,-0.14,9.50,0.73,0.01,-0.03,0.68,-3.17,1.02,85.50,10.60,0.00,0,2,1000.73,38.73,113.59,1000.74,37.02,112.87,0.75,1000.15,37.10,118.33,-0.05,0.30,105.38,284.33,6465,-0.86,0.60,9.51,0.54,-0.04,-0.04,0.84,-2.08,6.25,114.73,23,4,50,0,35.2941400,136.2544783,93.20, 0.23
1289871,0.51,-0.14,9.71,0.73,0.01,-0.03,0.68,-3.17,1.00,85.50,10.59,0.00,0,2,1000.73,38.74,113.61,1000.74,37.03,112.87,0.75,1000.14,37.10,118.37,-0.05,0.30,105.38,284.41,6465,-0.94,-0.27,9.34,0.54,-0.04,-0.04,0.84,-2.06,6.28,114.71,23,4,50,0,35.2941400,136.2544783,93.20, 0.23
1289924,0.48,-0.45,9.44,0.73,0.01,-0.03,0.68,-3.16,1.03,85.49,10.60,0.00,0,2,1000.73,38.73,113.63,1000.74,37.02,112.88,0.75,1000.15,37.11,118.32,-0.07,0.34,105.38,284.41,6465,-0.75,-0.41,9.13,0.54,-0.04,-0.04,0.84,-2.06,6.30,114.70,23,4,50,0,35.2941400,136.2544783,93.20, 0.23
1289979,0.43,-0.26,9.77,0.73,0.01,-0.03,0.68,-3.15,1.05,85.49,10.60,0.00,0,2,1000.73,38.75,113.61,1000.74,37.03,112.89,0.74,1000.15,37.11,118.31,-0.05,0.30,105.38,284.33,6465,0.11,1.73,10.00,0.54,-0.04,-0.04,0.84,-2.06,6.26,114.65,23,4,51,0,35.2941400,136.2544783,93.20, 0.23
1290033,0.56,-0.16,9.78,0.73,0.01,-0.03,0.68,-3.15,1.06,85.49,10.60,0.00,0,2,1000.73,38.74,113.61,1000.74,37.02,112.92,0.74,1000.15,37.10,118.32,-0.05,0.30,105.47,284.33,6464,-0.16,0.27,9.54,0.54,-0.04,-0.04,0.84,-2.05,6.28,114.65,23,4,51,0,35.2941400,136.2544783,93.20, 0.23
1290091,0.61,0.08,9.79,0.73,0.01,-0.03,0.68,-3.15,1.05,85.47,10.60,0.00,0,2,1000.73,38.75,113.64,1000.74,37.03,112.92,0.74,1000.14,37.11,118.37,-0.05,0.30,105.47,284.41,6466,-0.08,-0.22,9.50,0.54,-0.04,-0.04,0.84,-2.04,6.32,114.63,23,4,51,0,35.2941400,136.2544783,93.20, 0.23
1290144,0.66,-0.11,9.70,0.73,0.01,-0.03,0.68,-3.19,0.97,85.47,10.60,0.00,0,2,1000.73,38.76,113.59,1000.74,37.03,112.90,0.74,1000.15,37.11,118.33,-0.07,0.34,105.38,284.41,6466,-0.23,-0.28,9.26,0.54,-0.04,-0.04,0.84,-2.04,6.36,114.62,23,4,51,0,35.2941400,136.2544783,93.20, 0.23
1290201,0.55,-0.38,9.63,0.73,0.01,-0.03,0.68,-3.19,0.98,85.47,10.60,0.00,0,2,1000.73,38.75,113.62,1000.74,37.03,112.90,0.74,1000.15,37.10,118.32,-0.05,0.30,105.47,284.33,6465,-0.29,0.43,9.52,0.54,-0.05,-0.04,0.84,-2.04,6.38,114.61,23,4,51,0,35.2941400,136.2544783,93.20, 0.23
1290253,0.14,-0.49,9.63,0.73,0.01,-0.03,0.68,-3.17,1.02,85.47,10.60,0.00,0,2,1000.73,38.75,113.62,1000.74,37.02,112.93,0.74,1000.14,37.11,118.35,-0.05,0.30,105.47,284.33,6465,-0.24,1.40,9.80,0.54,-0.04,-0.04,0.84,-2.04,6.36,114.60,23,4,51,0,35.2941400,136.2544783,93.20, 0.23
1290311,0.27,-0.35,10.10,0.73,0.01,-0.03,0.68,-3.17,1.02,85.47,10.61,0.00,0,2,1000.73,38.73,113.61,1000.74,37.02,112.87,0.74,1000.14,37.10,118.35,-0.05,0.30,105.29,284.33,6465,-0.23,-0.59,9.44,0.54,-0.05,-0.04,0.84,-2.03,6.43,114.57,23,4,51,0,35.2941400,136.2544783,93.20, 0.23
1290368,0.09,-0.23,9.63,0.73,0.01,-0.03,0.68,-3.13,1.04,85.47,10.61,0.00,0,2,1000.73,38.74,113.66,1000.74,37.02,112.92,0.74,1000.15,37.10,118.28,-0.05,0.30,105.47,284.15,6465,-0.02,-1.19,9.09,0.54,-0.05,-0.04,0.84,-2.03,6.43,114.55,23,4,51,0,35.2941400,136.2544783,93.20, 0.23
1290421,-0.13,-0.07,9.46,0.73,0.01,-0.02,0.68,-2.90,0.99,85.47,10.61,0.00,0,2,1000.73,38.73,113.63,1000.74,37.02,112.91,0.74,1000.15,37.10,118.33,-0.03,0.24,105.47,284.24,6465,0.43,0.73,9.33,0.54,-0.04,-0.04,0.84,-2.02,6.39,114.53,23,4,51,0,35.2941400,136.2544783,93.20, 0.23
1290474,-0.01,-0.11,9.71,0.73,0.01,-0.02,0.68,-2.61,0.97,85.47,10.61,0.00,0,2,1000.73,38.75,113.63,1000.74,37.03,112.94,0.74,1000.15,37.11,118.34,-0.05,0.30,105.47,284.15,6466,-0.02,1.99,10.08,0.54,-0.04,-0.04,0.84,-2.03,6.37,114.53,23,4,51,0,35.2941400,136.2544783,93.20, 0.23
1290531,0.26,-0.14,9.64,0.73,0.01,-0.02,0.68,-2.47,0.87,85.47,10.61,0.00,0,2,1000.73,38.74,113.64,1000.74,37.03,112.88,0.74,1000.14,37.09,118.38,-0.05,0.30,105.38,284.15,6466,-0.08,-0.29,9.30,0.54,-0.05,-0.04,0.84,-2.02,6.48,114.52,23,4,51,0,35.2941400,136.2544783,93.20, 0.23
1290586,0.38,-0.23,10.23,0.73,0.01,-0.02,0.68,-2.46,0.77,85.47,10.61,0.00,0,2,1000.73,38.75,113.61,1000.74,37.01,112.90,0.74,1000.15,37.10,118.33,-0.05,0.30,105.47,284.15,6465,-0.02,-0.57,9.83,0.54,-0.05,-0.04,0.84,-2.00,6.64,114.50,23,4,51,0,35.2941400,136.2544783,93.20, 0.23
1290640,0.64,-0.36,9.79,0.73,0.01,-0.02,0.68,-2.43,0.74,85.46,10.60,0.00,0,2,1000.73,38.74,113.62,1000.74,37.04,112.90,0.74,1000.15,37.10,118.33,-0.05,0.30,105.38,284.24,6466,-0.12,1.42,9.64,0.54,-0.05,-0.04,0.84,-1.98,6.60,114.47,23,4,51,0,35.2941400,136.2544783,93.20, 0.23
1290695,0.72,-0.38,9.41,0.73,0.01,-0.02,0.68,-2.42,0.76,85.46,10.60,0.00,0,2,1000.73,38.74,113.60,1000.74,37.03,112.90,0.74,1000.14,37.09,118.37,-0.05,0.30,105.29,284.41,6464,-0.90,-0.74,9.16,0.54,-0.05,-0.04,0.84,-1.98,6.62,114.48,23,4,51,0,35.2941400,136.2544783,93.20, 0.26
1290751,0.60,-0.54,9.47,0.73,0.01,-0.02,0.68,-2.44,0.87,85.47,10.60,0.00,0,2,1000.73,38.75,113.61,1000.75,37.04,112.84,0.74,1000.15,37.10,118.33,-0.07,0.34,105.38,284.33,6465,-0.36,0.18,9.23,0.54,-0.05,-0.04,0.84,-1.98,6.54,114.45,23,4,51,0,35.2941400,136.2544783,93.20, 0.26
1290809,0.58,-0.38,10.08,0.73,0.01,-0.02,0.68,-2.47,1.02,85.47,10.60,0.00,0,2,1000.73,38.75,113.60,1000.75,37.04,112.81,0.73,1000.14,37.10,118.36,-0.05,0.30,105.38,284.33,6464,-0.06,1.98,10.30,0.54,-0.04,-0.04,0.84,-1.94,6.44,114.42,23,4,51,0,35.2941400,136.2544783,93.20, 0.26
1290862,0.29,-0.38,8.97,0.73,0.01,-0.02,0.68,-2.43,1.09,85.46,10.60,0.00,0,2,1000.72,38.74,113.69,1000.74,37.04,112.86,0.73,1000.14,37.10,118.37,-0.07,0.34,105.47,284.24,6465,-0.45,0.68,8.90,0.54,-0.04,-0.04,0.84,-1.92,6.42,114.41,23,4,51,0,35.2941400,136.2544783,93.20, 0.26
1290919,0.21,-0.09,9.54,0.73,0.01,-0.02,0.68,-2.42,1.14,85.47,10.60,0.00,0,2,1000.73,38.75,113.60,1000.74,37.04,112.87,0.73,1000.15,37.10,118.32,-0.07,0.34,105.47,284.15,6465,0.41,0.81,9.69,0.54,-0.04,-0.04,0.84,-1.91,6.38,114.37,23,4,52,0,35.2941400,136.2544800,93.30, 0.26
1290971,0.30,-0.12,10.34,0.73,0.01,-0.02,0.68,-2.42,1.21,85.47,10.61,0.00,0,2,1000.73,38.74,113.64,1000.74,37.03,112.91,0.70,1000.15,37.11,118.34,-0.05,0.30,105.47,284.15,6465,0.31,1.02,10.23,0.54,-0.04,-0.04,0.84,-1.89,6.36,114.35,23,4,52,0,35.2941400,136.2544800,93.30, 0.26
1291029,0.43,-0.23,10.39,0.73,0.01,-0.02,0.68,-2.42,1.26,85.47,10.60,0.00,0,2,1000.74,38.76,113.56,1000.74,37.03,112.88,0.72,1000.15,37.11,118.31,-0.05,0.30,105.47,284.15,6464,-0.09,0.95,10.10,0.54,-0.04,-0.04,0.84,-1.89,6.33,114.35,23,4,52,0,35.2941400,136.2544800,93.30, 0.26
1291087,0.24,-0.32,9.60,0.73,0.01,-0.02,0.68,-2.42,1.28,85.47,10.59,0.00,0,2,1000.73,38.75,113.61,1000.74,37.04,112.91,0.73,1000.15,37.11,118.31,-0.05,0.30,105.47,284.15,6464,-0.43,-0.57,9.20,0.54,-0.04,-0.04,0.84,-1.88,6.38,114.35,23,4,52,0,35.2941400,136.2544800,93.30, 0.26
1291141,0.50,-0.24,9.97,0.73,0.01,-0.02,0.68,-2.40,1.27,85.47,10.58,0.00,0,2,1000.73,38.76,113.59,1000.74,37.03,112.92,0.72,1000.15,37.09,118.31,-0.05,0.30,105.47,284.06,6466,0.15,1.47,9.96,0.54,-0.04,-0.04,0.84,-1.86,6.34,114.33,23,4,52,0,35.2941400,136.2544800,93.30, 0.26
1291199,0.72,-0.28,9.82,0.73,0.01,-0.02,0.68,-2.48,1.23,85.47,10.59,0.00,0,2,1000.73,38.77,113.60,1000.75,37.05,112.91,0.72,1000.14,37.10,118.35,-0.05,0.30,105.38,284.33,6465,-1.15,0.77,9.87,0.54,-0.04,-0.04,0.84,-1.89,6.42,114.33,23,4,52,0,35.2941400,136.2544800,93.30, 0.26
1291250,0.95,0.01,9.93,0.73,0.01,-0.02,0.68,-2.49,1.16,85.47,10.58,0.00,0,2,1000.73,38.75,113.61,1000.75,37.03,112.83,0.72,1000.14,37.10,118.37,-0.05,0.30,105.29,284.41,6465,-0.59,-1.28,9.18,0.54,-0.04,-0.04,0.84,-1.88,6.54,114.31,23,4,52,0,35.2941400,136.2544800,93.30, 0.26
1291306,0.94,-0.37,9.20,0.73,0.01,-0.02,0.68,-2.48,1.13,85.47,10.59,0.00,0,2,1000.73,38.75,113.60,1000.74,37.03,112.86,0.72,1000.14,37.09,118.34,-0.07,0.34,105.47,284.41,6465,-0.48,0.11,9.40,0.54,-0.04,-0.04,0.84,-1.85,6.57,114.29,23,4,52,0,35.2941400,136.2544800,93.30, 0.26
1291361,0.88,-0.11,9.88,0.73,0.01,-0.02,0.68,-2.47,1.09,85.47,10.59,0.00,0,2,1000.73,38.76,113.59,1000.74,37.03,112.86,0.73,1000.14,37.10,118.36,-0.05,0.30,105.47,284.41,6465,-0.91,0.74,9.87,0.54,-0.04,-0.04,0.84,-1.85,6.59,114.30,23,4,52,0,35.2941400,136.2544800,93.30, 0.26
1291418,0.73,-0.32,9.67,0.73,0.01,-0.02,0.68,-2.53,1.08,85.47,10.61,0.00,0,2,1000.73,38.75,113.63,1000.74,37.04,112.93,0.73,1000.14,37.09,118.37,-0.05,0.30,105.47,284.41,6464,-0.82,0.90,9.65,0.54,-0.05,-0.04,0.84,-1.85,6.66,114.30,23,4,52,0,35.2941400,136.2544800,93.30, 0.26
1291469,0.65,-0.34,9.77,0.73,0.01,-0.02,0.68,-2.63,1.08,85.47,10.61,0.00,0,2,1000.74,38.77,113.57,1000.75,37.05,112.85,0.73,1000.15,37.10,118.32,-0.07,0.34,105.38,284.41,6465,-0.61,-0.67,9.34,0.54,-0.05,-0.04,0.84,-1.85,6.75,114.27,23,4,52,0,35.2941400,136.2544800,93.30, 0.26
1291523,0.33,-0.48,9.53,0.73,0.01,-0.02,0.68,-2.65,1.12,85.47,10.60,0.00,0,2,1000.73,38.75,113.60,1000.74,37.05,112.92,0.73,1000.15,37.11,118.33,-0.03,0.24,105.47,284.33,6466,0.01,0.48,9.59,0.54,-0.05,-0.04,0.84,-1.81,6.74,114.25,23,4,52,0,35.2941400,136.2544800,93.30, 0.26
1291578,0.21,-0.26,9.95,0.73,0.01,-0.02,0.68,-2.63,1.18,85.47,10.59,0.00,0,2,1000.73,38.77,113.60,1000.74,37.03,112.88,0.73,1000.14,37.09,118.35,-0.05,0.30,105.38,284.33,6464,0.08,-0.23,9.37,0.54,-0.05,-0.04,0.84,-1.81,6.74,114.25,23,4,52,0,35.2941400,136.2544800,93.30, 0.26
1291636,0.27,-0.31,9.21,0.73,0.01,-0.02,0.68,-2.60,1.24,85.47,10.60,0.00,0,2,1000.73,38.77,113.60,1000.74,37.05,112.87,0.73,1000.14,37.10,118.35,-0.07,0.34,105.29,284.24,6463,-0.13,-1.17,8.76,0.54,-0.05,-0.04,0.84,-1.82,6.71,114.24,23,4,52,0,35.2941400,136.2544800,93.30, 0.26
1291689,0.37,-0.36,10.06,0.73,0.01,-0.02,0.68,-2.66,1.28,85.48,10.60,0.00,0,2,1000.73,38.76,113.61,1000.74,37.05,112.89,0.72,1000.15,37.10,118.32,-0.05,0.30,105.47,284.24,6464,-0.11,0.98,10.11,0.54,-0.04,-0.04,0.84,-1.85,6.61,114.24,23,4,52,0,35.2941400,136.2544800,93.30, 0.26
1291747,0.26,-0.33,9.60,0.73,0.01,-0.02,0.68,-2.69,1.29,85.48,10.59,0.00,0,2,1000.73,38.77,113.58,1000.74,37.03,112.88,0.73,1000.15,37.11,118.33,-0.07,0.34,105.38,284.24,6465,-0.24,2.48,10.10,0.54,-0.04,-0.04,0.84,-1.86,6.61,114.23,23,4,52,0,35.2941400,136.2544800,93.30, 0.26
1291798,0.28,-0.42,10.07,0.73,0.01,-0.02,0.68,-2.71,1.28,85.48,10.59,0.00,0,2,1000.73,38.76,113.59,1000.74,37.04,112.89,0.73,1000.15,37.10,118.33,-0.07,0.34,105.38,284.24,6465,0.00,-0.14,9.63,0.54,-0.05,-0.04,0.84,-1.87,6.71,114.23,23,4,52,0,35.2941400,136.2544800,93.30, 0.26
1291856,0.02,-0.37,9.85,0.73,0.01,-0.02,0.68,-2.72,1.22,85.48,10.59,0.00,0,2,1000.73,38.76,113.63,1000.74,37.03,112.90,0.73,1000.15,37.10,118.34,-0.05,0.30,105.38,284.06,6464,0.07,1.07,9.95,0.54,-0.05,-0.04,0.84,-1.88,6.81,114.22,23,4,52,0,35.2941400,136.2544800,93.30, 0.26
1291908,0.10,-0.30,10.45,0.73,0.01,-0.02,0.68,-2.76,1.12,85.48,10.59,0.00,0,2,1000.74,38.77,113.57,1000.74,37.04,112.85,0.73,1000.15,37.10,118.27,-0.05,0.30,105.47,283.89,6464,0.37,2.13,10.58,0.54,-0.05,-0.04,0.84,-1.94,6.90,114.20,23,4,52,0,35.2941400,136.2544800,93.30, 0.26
1291965,0.26,-0.27,9.70,0.73,0.01,-0.02,0.68,-2.83,1.00,85.48,10.59,0.00,0,2,1000.73,38.77,113.63,1000.75,37.05,112.91,0.74,1000.14,37.10,118.35,-0.05,0.30,105.29,284.24,6466,-0.49,-1.32,9.08,0.54,-0.05,-0.04,0.84,-1.99,7.06,114.22,23,4,53,0,35.2941400,136.2544800,93.30, 0.25
1292018,0.23,-0.28,9.97,0.73,0.01,-0.02,0.68,-2.84,0.87,85.48,10.60,0.00,0,2,1000.73,38.76,113.59,1000.74,37.03,112.95,0.73,1000.15,37.10,118.33,-0.07,0.34,105.38,284.06,6465,-0.44,0.79,9.94,0.54,-0.05,-0.04,0.84,-2.03,7.17,114.23,23,4,53,0,35.2941400,136.2544800,93.30, 0.25
1292073,0.30,-0.25,9.54,0.73,0.01,-0.02,0.68,-2.80,0.77,85.48,10.60,0.00,0,2,1000.73,38.77,113.62,1000.74,37.04,112.91,0.74,1000.15,37.10,118.34,-0.05,0.30,105.47,283.97,6464,-0.29,1.82,9.84,0.54,-0.05,-0.04,0.84,-2.06,7.34,114.23,23,4,53,0,35.2941400,136.2544800,93.30, 0.25
1292129,0.30,-0.01,9.84,0.73,0.01,-0.02,0.68,-2.84,0.62,85.48,10.61,0.00,0,2,1000.74,38.77,113.58,1000.74,37.05,112.87,0.74,1000.14,37.09,118.39,-0.05,0.30,105.38,283.97,6466,-0.34,1.45,9.79,0.54,-0.05,-0.04,0.84,-2.10,7.47,114.21,23,4,53,0,35.2941400,136.2544800,93.30, 0.25
1292187,0.37,-0.07,9.09,0.73,0.01,-0.02,0.68,-2.83,0.52,85.48,10.61,0.00,0,2,1000.73,38.77,113.60,1000.74,37.06,112.89,0.75,1000.14,37.10,118.40,-0.07,0.34,105.38,283.97,6465,-0.14,0.91,9.31,0.54,-0.05,-0.05,0.84,-2.11,7.56,114.21,23,4,53,0,35.2941400,136.2544800,93.30, 0.25
1292239,0.36,-0.27,9.48,0.73,0.01,-0.02,0.68,-2.84,0.53,85.49,10.62,0.00,0,2,1000.73,38.77,113.64,1000.73,37.04,112.85,0.75,1000.14,37.10,118.35,-0.05,0.30,105.47,283.97,6464,-0.09,-0.19,9.03,0.54,-0.05,-0.05,0.84,-2.11,7.59,114.22,23,4,53,0,35.2941400,136.2544800,93.30, 0.25
1292296,0.51,-0.34,9.35,0.73,0.01,-0.02,0.68,-2.85,0.57,85.49,10.63,0.00,0,2,1000.73,38.78,113.60,1000.74,37.05,112.93,0.75,1000.14,37.09,118.35,-0.05,0.30,105.47,283.97,6465,-0.70,1.57,9.75,0.54,-0.05,-0.05,0.84,-2.12,7.56,114.23,23,4,53,0,35.2941400,136.2544800,93.30, 0.25
1292348,0.54,-0.34,9.91,0.73,0.01,-0.02,0.68,-2.86,0.62,85.49,10.62,0.00,0,2,1000.73,38.78,113.63,1000.74,37.04,112.89,0.75,1000.15,37.10,118.28,-0.05,0.30,105.47,283.97,6465,-0.39,2.29,10.19,0.54,-0.05,-0.05,0.84,-2.11,7.56,114.23,23,4,53,0,35.2941400,136.2544800,93.30, 0.25
1292406,0.58,-0.33,9.26,0.73,0.01,-0.02,0.68,-2.86,0.62,85.49,10.62,0.00,0,2,1000.73,38.77,113.64,1000.74,37.05,112.88,0.75,1000.14,37.11,118.41,-0.07,0.34,105.29,284.33,6465,-0.03,2.80,9.82,0.54,-0.05,-0.05,0.84,-2.11,7.54,114.22,23,4,53,0,35.2941400,136.2544800,93.30, 0.25
1292458,0.53,0.05,9.27,0.73,0.01,-0.02,0.68,-2.88,0.61,85.49,10.62,0.00,0,2,1000.73,38.77,113.65,1000.74,37.05,112.93,0.75,1000.14,37.11,118.38,-0.07,0.34,105.29,284.24,6465,-0.51,-1.29,8.78,0.54,-0.05,-0.05,0.84,-2.11,7.62,114.22,23,4,53,0,35.2941400,136.2544800,93.30, 0.25
1292516,0.59,-0.28,9.50,0.73,0.01,-0.02,0.68,-2.90,0.67,85.49,10.64,0.00,0,2,1000.73,38.77,113.63,1000.74,37.06,112.90,0.74,1000.15,37.11,118.33,-0.05,0.30,105.38,284.06,6464,-0.22,3.04,10.30,0.54,-0.05,-0.04,0.84,-2.11,7.49,114.21,23,4,53,0,35.2941400,136.2544800,93.30, 0.25
1292569,0.96,0.11,10.48,0.73,0.01,-0.02,0.68,-2.97,0.67,85.49,10.63,0.00,0,2,1000.73,38.79,113.59,1000.74,37.06,112.93,0.75,1000.15,37.11,118.34,-0.05,0.30,105.29,284.33,6463,-0.82,1.99,10.71,0.54,-0.05,-0.04,0.84,-2.18,7.49,114.21,23,4,53,0,35.2941400,136.2544800,93.30, 0.25
1292626,0.97,-0.04,9.63,0.73,0.01,-0.02,0.68,-3.01,0.70,85.49,10.61,0.00,0,2,1000.73,38.77,113.60,1000.74,37.05,112.94,0.75,1000.15,37.11,118.33,-0.07,0.34,105.21,284.41,6464,-0.57,0.67,9.79,0.54,-0.05,-0.04,0.84,-2.21,7.49,114.18,23,4,53,0,35.2941400,136.2544800,93.30, 0.25
1292680,0.94,0.05,9.39,0.73,0.01,-0.02,0.68,-3.05,0.79,85.49,10.61,0.00,0,2,1000.73,38.77,113.60,1000.74,37.05,112.89,0.75,1000.15,37.10,118.33,-0.05,0.30,105.38,284.41,6465,-0.97,1.14,9.57,0.54,-0.05,-0.04,0.84,-2.20,7.42,114.18,23,4,53,0,35.2941400,136.2544800,93.30, 0.23
1292736,0.77,-0.01,9.63,0.73,0.01,-0.03,0.68,-3.05,0.92,85.49,10.62,0.00,0,2,1000.73,38.77,113.63,1000.74,37.05,112.90,0.74,1000.15,37.10,118.34,-0.03,0.24,105.38,284.41,6464,-0.59,1.41,10.08,0.54,-0.05,-0.04,0.84,-2.21,7.28,114.16,23,4,53,0,35.2941400,136.2544800,93.30, 0.23
1292795,0.89,0.00,10.30,0.73,0.01,-0.03,0.68,-3.05,0.96,85.49,10.61,0.00,0,2,1000.73,38.78,113.61,1000.74,37.05,112.90,0.74,1000.15,37.11,118.33,-0.05,0.30,105.38,284.41,6467,-0.93,1.55,10.12,0.54,-0.05,-0.04,0.84,-2.20,7.25,114.17,23,4,53,0,35.2941400,136.2544800,93.30, 0.23
1292852,0.92,-0.30,9.67,0.73,0.01,-0.03,0.68,-3.06,0.96,85.49,10.61,0.00,0,2,1000.73,38.78,113.63,1000.74,37.06,112.91,0.73,1000.15,37.11,118.31,-0.05,0.30,105.38,284.41,6465,-1.01,1.83,9.88,0.54,-0.05,-0.04,0.84,-2.22,7.25,114.16,23,4,53,0,35.2941400,136.2544800,93.30, 0.23
1292905,0.87,0.08,9.69,0.73,0.01,-0.03,0.68,-3.06,0.92,85.49,10.60,0.00,0,2,1000.73,38.77,113.60,1000.74,37.05,112.90,0.74,1000.15,37.11,118.29,-0.05,0.30,105.47,284.50,6465,-0.64,0.62,9.76,0.54,-0.05,-0.04,0.84,-2.22,7.32,114.14,23,4,54,0,35.2941367,136.2544783,93.40, 0.23
1292963,0.63,0.00,9.98,0.73,0.01,-0.03,0.68,-3.07,0.92,85.49,10.60,0.00,0,2,1000.73,38.77,113.59,1000.74,37.05,112.88,0.74,1000.15,37.10,118.26,-0.07,0.34,105.56,284.15,6465,-0.43,3.04,10.81,0.54,-0.05,-0.04,0.84,-2.21,7.29,114.14,23,4,54,0,35.2941367,136.2544783,93.40, 0.23
1293016,0.59,-0.04,10.17,0.73,0.01,-0.03,0.68,-3.10,0.97,85.49,10.59,0.00,0,2,1000.73,38.78,113.60,1000.74,37.05,112.90,0.74,1000.15,37.11,118.26,-0.05,0.30,105.56,284.06,6465,-0.80,4.23,11.02,0.54,-0.05,-0.04,0.84,-2.25,7.21,114.17,23,4,54,0,35.2941367,136.2544783,93.40, 0.23
1293069,0.83,0.02,9.83,0.73,0.01,-0.03,0.68,-3.11,0.96,85.49,10.59,0.00,0,2,1000.73,38.78,113.60,1000.74,37.06,112.85,0.74,1000.14,37.10,118.36,-0.05,0.30,105.29,284.77,6465,-0.96,1.46,10.00,0.54,-0.05,-0.04,0.84,-2.25,7.28,114.20,23,4,54,0,35.2941367,136.2544783,93.40, 0.23
1293125,0.76,-0.12,9.85,0.73,0.01,-0.03,0.68,-3.11,0.96,85.49,10.59,0.00,0,2,1000.74,38.77,113.57,1000.74,37.05,112.88,0.74,1000.16,37.10,118.25,-0.07,0.34,105.38,284.59,6464,-0.35,-0.18,9.56,0.54,-0.05,-0.04,0.84,-2.25,7.40,114.19,23,4,54,0,35.2941367,136.2544783,93.40, 0.23
1293182,0.87,-0.13,9.52,0.73,0.01,-0.03,0.68,-3.13,0.94,85.49,10.59,0.00,0,2,1000.73,38.78,113.60,1000.74,37.07,112.88,0.74,1000.15,37.10,118.27,-0.05,0.30,105.47,284.85,6465,-0.76,3.69,10.41,0.54,-0.05,-0.04,0.84,-2.25,7.28,114.19,23,4,54,0,35.2941367,136.2544783,93.40, 0.23
1293236,0.83,-0.04,9.72,0.73,0.01,-0.03,0.68,-3.19,0.93,85.48,10.58,0.00,0,2,1000.73,38.78,113.59,1000.74,37.05,112.88,0.74,1000.15,37.10,118.32,-0.05,0.30,105.38,285.29,6464,-0.66,0.16,9.51,0.54,-0.05,-0.04,0.84,-2.25,7.30,114.19,23,4,54,0,35.2941367,136.2544783,93.40, 0.23
1293294,0.73,-0.23,9.70,0.73,0.01,-0.03,0.68,-3.22,0.96,85.49,10.59,0.00,0,2,1000.73,38.77,113.62,1000.74,37.06,112.95,0.73,1000.15,37.11,118.27,-0.07,0.34,105.38,285.29,6465,-0.35,0.27,9.66,0.54,-0.05,-0.04,0.84,-2.24,7.31,114.20,23,4,54,0,35.2941367,136.2544783,93.40, 0.23
1293347,0.75,-0.23,9.89,0.73,0.01,-0.03,0.68,-3.24,0.98,85.49,10.59,0.00,0,2,1000.73,38.77,113.63,1000.75,37.05,112.85,0.74,1000.15,37.11,118.26,-0.05,0.30,105.38,285.29,6465,-0.45,-0.22,9.43,0.54,-0.05,-0.04,0.84,-2.25,7.30,114.22,23,4,54,0,35.2941367,136.2544783,93.40, 0.23
1293403,0.84,-0.25,9.60,0.73,0.01,-0.03,0.68,-3.33,1.02,85.49,10.59,0.00,0,2,1000.73,38.77,113.60,1000.74,37.06,112.90,0.74,1000.15,37.10,118.34,-0.05,0.30,105.38,285.29,6465,-0.81,1.71,9.86,0.54,-0.05,-0.04,0.84,-2.25,7.28,114.23,23,4,54,0,35.2941367,136.2544783,93.40, 0.23
1293455,0.68,-0.24,9.75,0.73,0.01,-0.03,0.68,-3.37,1.02,85.49,10.58,0.00,0,2,1000.73,38.78,113.59,1000.75,37.06,112.86,0.74,1000.15,37.11,118.31,-0.05,0.30,105.38,285.29,6464,-0.45,1.35,9.90,0.54,-0.05,-0.04,0.84,-2.25,7.31,114.23,23,4,54,0,35.2941367,136.2544783,93.40, 0.23
1293514,0.67,-0.13,9.80,0.73,0.01,-0.03,0.68,-3.40,1.02,85.49,10.59,0.00,0,2,1000.73,38.78,113.61,1000.74,37.07,112.89,0.74,1000.15,37.12,118.31,-0.07,0.34,105.38,285.29,6464,-0.38,0.88,9.91,0.54,-0.05,-0.04,0.84,-2.26,7.38,114.23,23,4,54,0,35.2941367,136.2544783,93.40, 0.23
1293565,0.51,-0.25,9.65,0.73,0.01,-0.03,0.68,-3.40,1.01,85.49,10.59,0.00,0,2,1000.73,38.78,113.61,1000.74,37.06,112.91,0.74,1000.15,37.10,118.32,-0.07,0.34,105.38,285.29,6463,-0.24,0.14,9.31,0.54,-0.05,-0.04,0.84,-2.25,7.40,114.23,23,4,54,0,35.2941367,136.2544783,93.40, 0.23
1293623,0.59,-0.19,9.65,0.73,0.01,-0.03,0.68,-3.40,1.02,85.49,10.60,0.00,0,2,1000.73,38.78,113.61,1000.74,37.08,112.92,0.74,1000.15,37.11,118.33,-0.07,0.34,105.38,285.29,6465,-0.39,1.29,9.71,0.54,-0.05,-0.04,0.84,-2.25,7.37,114.23,23,4,54,0,35.2941367,136.2544783,93.40, 0.32
1293678,0.69,-0.13,9.43,0.73,0.01,-0.03,0.68,-3.41,1.02,85.49,10.61,0.00,0,2,1000.73,38.78,113.63,1000.74,37.06,112.90,0.74,1000.14,37.10,118.36,-0.05,0.30,105.38,285.29,6464,-0.56,1.01,9.81,0.54,-0.05,-0.04,0.84,-2.26,7.39,114.25,23,4,54,0,35.2941367,136.2544783,93.40, 0.32
1293734,0.80,-0.16,9.63,0.73,0.01,-0.03,0.68,-3.42,1.01,85.49,10.61,0.00,0,2,1000.73,38.78,113.65,1000.74,37.06,112.91,0.74,1000.15,37.11,118.35,-0.07,0.34,105.38,285.29,6465,-0.80,0.44,9.57,0.54,-0.05,-0.04,0.84,-2.26,7.40,114.28,23,4,54,0,35.2941367,136.2544783,93.40, 0.32
1293792,0.77,-0.10,9.44,0.73,0.01,-0.03,0.68,-3.47,1.00,85.49,10.62,0.00,0,2,1000.73,38.78,113.64,1000.74,37.06,112.90,0.75,1000.14,37.10,118.35,-0.05,0.30,105.38,285.29,6465,-0.72,0.04,9.24,0.54,-0.05,-0.04,0.84,-2.26,7.44,114.28,23,4,54,0,35.2941367,136.2544783,93.40, 0.32
1293844,0.74,-0.18,9.56,0.73,0.01,-0.03,0.68,-3.50,0.97,85.49,10.61,0.00,0,2,1000.73,38.77,113.65,1000.74,37.06,112.91,0.75,1000.15,37.10,118.34,-0.05,0.30,105.38,285.29,6465,-0.65,0.61,9.57,0.54,-0.05,-0.04,0.84,-2.26,7.43,114.28,23,4,54,0,35.2941367,136.2544783,93.40, 0.32
1293901,0.69,-0.16,9.81,0.73,0.01,-0.03,0.68,-3.52,0.99,85.49,10.61,0.00,0,2,1000.73,38.77,113.65,1000.74,37.05,112.89,0.74,1000.15,37.10,118.33,-0.07,0.34,105.38,285.29,6466,-0.04,0.87,9.69,0.54,-0.05,-0.04,0.84,-2.25,7.42,114.28,23,4,54,0,35.2941367,136.2544783,93.40, 0.32
1293954,0.67,-0.31,9.92,0.73,0.01,-0.03,0.68,-3.52,0.99,85.49,10.61,0.00,0,2,1000.73,38.78,113.61,1000.74,37.06,112.93,0.74,1000.15,37.11,118.31,-0.07,0.34,105.38,285.29,6465,-0.23,0.75,9.85,0.54,-0.05,-0.04,0.84,-2.24,7.42,114.29,23,4,55,0,35.2941383,136.2544783,93.30, 0.32
1294011,0.74,-0.46,9.69,0.73,0.01,-0.03,0.68,-3.55,1.05,85.49,10.60,0.00,0,2,1000.73,38.77,113.63,1000.74,37.08,112.92,0.74,1000.15,37.11,118.33,-0.05,0.30,105.38,285.29,6464,-0.11,0.33,9.63,0.54,-0.05,-0.04,0.84,-2.25,7.46,114.30,23,4,55,0,35.2941383,136.2544783,93.30, 0.32
1294063,0.67,-0.22,9.83,0.73,0.01,-0.03,0.68,-3.58,1.09,85.49,10.60,0.00,0,2,1000.73,38.77,113.65,1000.74,37.06,112.88,0.74,1000.15,37.10,118.31,-0.07,0.34,105.38,285.29,6465,-0.90,0.86,9.85,0.54,-0.05,-0.04,0.84,-2.25,7.46,114.32,23,4,55,0,35.2941383,136.2544783,93.30, 0.32
1294117,0.61,-0.18,9.76,0.73,0.01,-0.03,0.68,-3.57,1.09,85.49,10.59,0.00,0,2,1000.73,38.79,113.61,1000.74,37.06,112.93,0.74,1000.15,37.10,118.33,-0.05,0.30,105.38,285.29,6465,-0.43,0.56,9.57,0.54,-0.05,-0.04,0.84,-2.24,7.47,114.31,23,4,55,0,35.2941383,136.2544783,93.30, 0.32
1294173,0.69,-0.10,9.80,0.73,0.01,-0.03,0.68,-3.58,1.09,85.49,10.60,0.00,0,2,1000.73,38.78,113.63,1000.74,37.07,112.88,0.74,1000.15,37.11,118.33,-0.07,0.34,105.38,285.29,6464,-0.33,0.39,9.66,0.54,-0.05,-0.04,0.84,-2.24,6.87,114.34,23,4,55,0,35.2941383,136.2544783,93.30, 0.32
1294230,0.58,-0.11,9.68,0.73,0.01,-0.03,0.68,-3.58,1.09,85.49,10.60,0.00,0,2,1000.73,38.77,113.65,1000.74,37.05,112.90,0.74,1000.14,37.12,118.36,-0.05,0.30,105.38,285.29,6464,-0.62,0.56,9.48,0.54,-0.04,-0.03,0.84,-2.34,4.99,114.41,23,4,55,0,35.2941383,136.2544783,93.30, 0.32
1294283,0.75,-0.29,9.78,0.73,0.01,-0.03,0.68,-3.57,1.09,85.49,10.60,0.00,0,2,1000.73,38.77,113.65,1000.75,37.07,112.86,0.74,1000.15,37.10,118.33,-0.05,0.30,105.38,285.29,6466,-0.27,0.76,9.63,0.54,-0.04,-0.03,0.84,-2.33,4.99,114.39,23,4,55,0,35.2941383,136.2544783,93.30, 0.32
1294341,0.61,-0.15,9.60,0.73,0.01,-0.03,0.68,-3.59,1.11,85.49,10.61,0.00,0,2,1000.73,38.79,113.62,1000.74,37.06,112.92,0.74,1000.15,37.11,118.34,-0.05,0.30,105.38,285.29,6464,-0.19,0.82,9.72,0.54,-0.04,-0.02,0.84,-2.32,4.71,114.39,23,4,55,0,35.2941383,136.2544783,93.30, 0.32
1294393,0.52,-0.19,9.75,0.73,0.01,-0.03,0.68,-3.59,1.11,85.49,10.61,0.00,0,2,1000.73,38.79,113.62,1000.74,37.05,112.92,0.74,1000.15,37.11,118.32,-0.05,0.30,105.38,285.29,6465,-0.54,0.17,9.63,0.54,-0.04,-0.02,0.84,-2.32,4.71,114.40,23,4,55,0,35.2941383,136.2544783,93.30, 0.32
1294445,0.53,-0.27,9.70,0.73,0.01,-0.03,0.68,-3.58,1.13,85.49,10.61,0.00,0,2,1000.73,38.79,113.59,1000.74,37.07,112.89,0.74,1000.15,37.12,118.32,-0.07,0.34,105.38,285.29,6464,-0.25,1.13,9.73,0.54,-0.04,-0.02,0.84,-2.32,4.69,114.39,23,4,55,0,35.2941383,136.2544783,93.30, 0.32
1294501,0.56,-0.17,9.89,0.73,0.01,-0.03,0.68,-3.58,1.18,85.50,10.60,0.00,0,2,1000.73,38.79,113.62,1000.74,37.07,112.92,0.75,1000.15,37.12,118.32,-0.05,0.30,105.38,285.29,6464,-0.39,0.85,9.79,0.54,-0.04,-0.02,0.84,-2.31,4.64,114.38,23,4,55,0,35.2941383,136.2544783,93.30, 0.32
1294552,0.51,-0.37,9.68,0.73,0.01,-0.03,0.68,-3.56,1.27,85.50,10.60,0.00,0,2,1000.73,38.79,113.62,1000.74,37.07,112.90,0.74,1000.14,37.10,118.35,-0.07,0.34,105.38,285.29,6466,-0.46,0.65,9.65,0.54,-0.04,-0.02,0.84,-2.31,4.59,114.36,23,4,55,0,35.2941383,136.2544783,93.30, 0.32
1294610,0.48,-0.20,9.83,0.73,0.01,-0.03,0.68,-3.54,1.37,85.50,10.61,0.00,0,2,1000.73,38.79,113.61,1000.74,37.06,112.89,0.74,1000.15,37.11,118.33,-0.05,0.30,105.38,285.29,6465,-0.08,0.63,9.72,0.54,-0.03,-0.02,0.84,-2.26,3.75,114.38,23,4,55,0,35.2941383,136.2544783,93.30, 0.32
1294661,0.51,-0.16,9.94,0.73,0.01,-0.03,0.68,-3.54,1.48,85.50,10.61,0.00,0,2,1000.73,38.79,113.62,1000.74,37.06,112.93,0.74,1000.15,37.12,118.31,-0.05,0.30,105.38,285.29,6466,-0.43,0.60,9.86,0.54,-0.03,-0.02,0.84,-2.25,3.71,114.37,23,4,55,0,35.2941383,136.2544783,93.30, 0.32
1294715,0.57,-0.18,9.77,0.73,0.01,-0.03,0.68,-3.52,1.56,85.49,10.60,0.00,0,2,1000.73,38.77,113.63,1000.74,37.07,112.89,0.75,1000.15,37.10,118.28,-0.05,0.30,105.38,285.29,6465,-0.67,0.96,9.75,0.54,-0.03,-0.02,0.84,-2.25,3.61,114.35,23,4,55,0,35.2941383,136.2544783,93.30, 0.13
1294773,0.61,-0.14,9.45,0.73,0.01,-0.03,0.68,-3.51,1.65,85.49,10.61,0.00,0,2,1000.73,38.79,113.64,1000.74,37.07,112.92,0.75,1000.14,37.11,118.36,-0.03,0.24,105.38,285.29,6465,-0.38,1.05,9.41,0.54,-0.03,-0.02,0.84,-2.24,3.54,114.33,23,4,55,0,35.2941383,136.2544783,93.30, 0.13
1294830,0.53,-0.21,9.54,0.73,0.01,-0.03,0.68,-3.49,1.71,85.50,10.61,0.00,0,2,1000.73,38.78,113.61,1000.74,37.07,112.92,0.75,1000.15,37.11,118.34,-0.05,0.30,105.38,285.29,6465,-0.42,0.17,9.40,0.54,-0.03,-0.02,0.84,-2.23,3.51,114.32,23,4,55,0,35.2941383,136.2544783,93.30, 0.13
1294881,0.58,-0.27,9.54,0.73,0.01,-0.03,0.68,-3.48,1.73,85.50,10.61,0.00,0,2,1000.73,38.79,113.67,1000.74,37.08,112.92,0.75,1000.15,37.11,118.33,-0.05,0.30,105.38,285.29,6465,-0.27,0.99,9.59,0.54,-0.03,-0.01,0.84,-2.23,3.48,114.31,23,4,55,0,35.2941383,136.2544783,93.30, 0.13
1294939,0.60,-0.25,9.81,0.73,0.01,-0.03,0.68,-3.48,1.74,85.50,10.61,0.00,0,2,1000.73,38.79,113.62,1000.74,37.07,112.89,0.74,1000.15,37.10,118.33,-0.07,0.34,105.38,285.29,6465,-0.12,0.81,9.67,0.54,-0.03,-0.02,0.84,-2.21,3.48,114.30,23,4,55,0,35.2941383,136.2544783,93.30, 0.13
1294992,0.61,-0.35,9.63,0.73,0.01,-0.03,0.68,-3.48,1.74,85.50,10.61,0.00,0,2,1000.73,38.80,113.63,1000.74,37.07,112.96,0.75,1000.15,37.10,118.34,-0.05,0.30,105.38,285.29,6466,-0.05,0.56,9.59,0.54,-0.03,-0.02,0.84,-2.18,3.51,114.28,23,4,55,0,35.2941383,136.2544783,93.30, 0.13
1295050,0.61,-0.48,9.76,0.73,0.01,-0.03,0.68,-3.48,1.75,85.50,10.61,0.00,0,2,1000.73,38.79,113.62,1000.74,37.08,112.90,0.74,1000.15,37.10,118.34,-0.05,0.30,105.38,285.29,6464,-0.15,0.76,9.61,0.54,-0.03,-0.02,0.84,-2.17,3.54,114.27,23,4,55,0,35.2941383,136.2544783,93.30, 0.13
1295102,0.45,-0.48,9.80,0.73,0.01,-0.03,0.68,-3.45,1.77,85.50,10.61,0.00,0,2,1000.73,38.80,113.62,1000.74,37.08,112.92,0.75,1000.14,37.10,118.39,-0.07,0.34,105.38,285.29,6655,-0.54,0.79,9.94,0.54,-0.03,-0.02,0.84,-2.14,3.59,114.26,23,4,55,0,35.2941383,136.2544783,93.30, 0.13
1295159,0.53,-0.32,10.07,0.73,0.01,-0.03,0.68,-3.44,1.74,85.50,10.60,0.00,0,2,1000.73,38.78,113.65,1000.74,37.07,112.94,0.75,1000.15,37.10,118.33,-0.05,0.30,105.38,285.29,6464,-0.19,0.69,9.78,0.54,-0.03,-0.02,0.84,-2.14,3.60,114.26,23,4,55,0,35.2941383,136.2544783,93.30, 0.13
1295213,0.48,-0.37,9.60,0.73,0.01,-0.03,0.68,-3.42,1.74,85.50,10.60,0.00,0,2,1000.73,38.78,113.66,1000.74,37.07,112.91,0.75,1000.14,37.10,118.35,-0.05,0.30,105.38,285.29,6465,-0.19,0.62,9.56,0.54,-0.03,-0.02,0.84,-2.11,3.64,114.26,23,4,55,0,35.2941383,136.2544783,93.30, 0.13
1295271,0.44,-0.50,9.57,0.73,0.01,-0.03,0.68,-3.42,1.74,85.50,10.61,0.00,0,2,1000.73,38.79,113.64,1000.74,37.08,112.89,0.75,1000.14,37.10,118.36,-0.05,0.30,105.38,285.29,6466,-0.54,0.71,9.56,0.54,-0.03,-0.02,0.84,-2.10,3.64,114.25,23,4,55,0,35.2941383,136.2544783,93.30, 0.13
1295328,0.50,-0.37,9.91,0.73,0.01,-0.03,0.68,-3.42,1.71,85.49,10.62,0.00,0,2,1000.73,38.80,113.64,1000.74,37.08,112.90,0.75,1000.14,37.10,118.35,-0.07,0.34,105.38,285.29,6465,-0.24,1.00,9.81,0.54,-0.03,-0.02,0.84,-2.08,3.66,114.24,23,4,55,0,35.2941383,136.2544783,93.30, 0.13
1295381,0.50,-0.39,9.74,0.73,0.01,-0.03,0.68,-3.42,1.70,85.49,10.60,0.00,0,2,1000.73,38.79,113.60,1000.75,37.07,112.92,0.75,1000.14,37.09,118.34,-0.05,0.30,105.38,285.29,6466,-0.45,1.03,9.74,0.54,-0.03,-0.02,0.84,-2.08,3.68,114.24,23,4,55,0,35.2941383,136.2544783,93.30, 0.13
1295438,0.53,-0.24,9.74,0.73,0.01,-0.03,0.68,-3.41,1.63,85.50,10.59,0.00,0,2,1000.73,38.80,113.62,1000.74,37.07,112.91,0.75,1000.15,37.10,118.33,-0.05,0.30,105.38,285.29,6464,-0.20,0.68,9.64,0.54,-0.03,-0.02,0.84,-2.05,3.77,114.23,23,4,55,0,35.2941383,136.2544783,93.30, 0.13
1295495,0.61,-0.12,9.80,0.73,0.01,-0.03,0.68,-3.41,1.59,85.50,10.60,0.00,0,2,1000.73,38.80,113.68,1000.74,37.08,112.92,0.75,1000.15,37.11,118.35,-0.05,0.30,105.38,285.29,6464,-0.15,-0.19,9.46,0.54,-0.03,-0.02,0.84,-2.03,3.84,114.19,23,4,55,0,35.2941383,136.2544783,93.30, 0.13
1295550,0.74,-0.26,9.64,0.73,0.01,-0.03,0.68,-3.40,1.58,85.50,10.61,0.00,0,2,1000.73,38.81,113.66,1000.74,37.07,112.91,0.75,1000.14,37.10,118.35,-0.07,0.34,105.38,285.29,6465,-0.74,0.15,9.48,0.54,-0.03,-0.02,0.84,-2.01,3.83,114.18,23,4,55,0,35.2941383,136.2544783,93.30, 0.13
1295608,0.70,-0.32,9.90,0.73,0.01,-0.03,0.68,-3.39,1.60,85.50,10.61,0.00,0,2,1000.73,38.79,113.62,1000.74,37.08,112.89,0.75,1000.15,37.10,118.33,-0.05,0.30,105.47,285.29,6466,-0.41,1.47,10.11,0.54,-0.03,-0.02,0.84,-2.00,3.79,114.15,23,4,56,0,35.2941350,136.2544783,93.30, 0.43
1295659,0.66,-0.25,9.58,0.73,0.01,-0.03,0.68,-3.38,1.61,85.50,10.61,0.00,0,2,1000.73,38.80,113.66,1000.74,37.08,112.92,0.75,1000.14,37.10,118.39,-0.05,0.30,105.38,285.29,6464,-0.26,0.00,9.41,0.54,-0.03,-0.02,0.84,-1.98,3.83,114.14,23,4,56,0,35.2941350,136.2544783,93.30, 0.43
1295717,0.58,-0.31,9.57,0.73,0.01,-0.03,0.68,-3.35,1.63,85.50,10.60,0.00,0,2,1000.73,38.78,113.61,1000.74,37.08,112.88,0.75,1000.15,37.11,118.33,-0.07,0.34,105.38,285.29,6466,-0.43,-0.30,8.85,0.54,-0.03,-0.02,0.84,-1.94,3.81,114.13,23,4,56,0,35.2941350,136.2544783,93.30, 0.43
1295770,0.34,-0.23,9.46,0.73,0.01,-0.03,0.68,-3.29,1.67,85.49,10.61,0.00,0,2,1000.73,38.79,113.67,1000.74,37.06,112.91,0.75,1000.14,37.10,118.37,-0.05,0.30,105.38,285.29,6464,-0.21,0.90,9.18,0.54,-0.03,-0.02,0.84,-1.92,3.78,114.13,23,4,56,0,35.2941350,136.2544783,93.30, 0.43
1295827,0.40,-0.14,10.02,0.73,0.01,-0.03,0.68,-3.29,1.68,85.49,10.61,0.00,0,2,1000.73,38.79,113.64,1000.74,37.07,112.92,0.74,1000.14,37.10,118.37,-0.07,0.34,105.38,285.29,6466,-0.40,0.06,9.84,0.54,-0.03,-0.02,0.84,-1.89,3.78,114.11,23,4,56,0,35.2941350,136.2544783,93.30, 0.43
1295878,0.54,-0.26,9.81,0.73,0.01,-0.03,0.68,-3.28,1.68,85.49,10.60,0.00,0,2,1000.73,38.81,113.62,1000.75,37.08,112.98,0.74,1000.15,37.12,118.32,-0.05,0.30,105.38,285.29,6463,-0.35,1.60,10.01,0.54,-0.03,-0.02,0.84,-1.89,3.75,114.11,23,4,56,0,35.2941350,136.2544783,93.30, 0.43
1295936,0.54,-0.28,9.86,0.73,0.01,-0.03,0.68,-3.27,1.67,85.49,10.60,0.00,0,2,1000.73,38.81,113.64,1000.74,37.07,112.89,0.74,1000.14,37.11,118.36,-0.05,0.30,105.38,285.29,6464,-0.30,1.17,9.83,0.54,-0.03,-0.02,0.84,-1.89,3.80,114.12,23,4,56,0,35.2941350,136.2544783,93.30, 0.43
1295988,0.60,-0.26,9.59,0.73,0.01,-0.03,0.68,-3.28,1.68,85.49,10.60,0.00,0,2,1000.73,38.80,113.65,1000.74,37.06,112.93,0.74,1000.15,37.12,118.32,-0.07,0.34,105.38,285.29,6465,-0.57,0.09,9.34,0.54,-0.03,-0.02,0.84,-1.89,3.83,114.12,23,4,56,0,35.2941350,136.2544783,93.30, 0.43
1296045,0.57,-0.51,9.85,0.73,0.01,-0.03,0.68,-3.28,1.68,85.49,10.60,0.00,0,2,1000.73,38.81,113.63,1000.74,37.08,112.90,0.74,1000.15,37.11,118.31,-0.05,0.30,105.47,285.29,6465,-0.22,1.78,9.95,0.54,-0.03,-0.02,0.84,-1.89,3.79,114.11,23,4,56,0,35.2941350,136.2544783,93.30, 0.43
1296098,0.57,-0.35,9.54,0.73,0.01,-0.03,0.68,-3.28,1.70,85.50,10.59,0.00,0,2,1000.73,38.80,113.63,1000.74,37.06,112.96,0.74,1000.15,37.12,118.34,-0.05,0.30,105.38,285.29,6464,-0.21,0.70,9.44,0.54,-0.03,-0.02,0.84,-1.89,3.84,114.11,23,4,56,0,35.2941350,136.2544783,93.30, 0.43
1296156,0.63,-0.34,9.83,0.73,0.01,-0.03,0.68,-3.29,1.71,85.49,10.60,0.00,0,2,1000.73,38.81,113.64,1000.75,37.08,112.92,0.74,1000.15,37.11,118.34,-0.05,0.30,105.38,285.29,6463,-0.09,0.42,9.63,0.54,-0.03,-0.02,0.84,-1.89,3.85,114.11,23,4,56,0,35.2941350,136.2544783,93.30, 0.43
1296208,0.68,-0.11,9.64,0.73,0.01,-0.03,0.68,-3.30,1.70,85.49,10.60,0.00,0,2,1000.73,38.80,113.61,1000.74,37.09,112.90,0.74,1000.15,37.11,118.33,-0.07,0.34,105.38,285.29,6465,-0.60,0.35,9.44,0.54,-0.03,-0.02,0.84,-1.87,3.85,114.11,23,4,56,0,35.2941350,136.2544783,93.30, 0.43
1296260,0.56,-0.12,9.77,0.73,0.01,-0.03,0.68,-3.30,1.67,85.49,10.60,0.00,0,2,1000.73,38.80,113.65,1000.74,37.07,112.93,0.74,1000.15,37.11,118.31,-0.07,0.34,105.38,285.29,6464,-0.41,0.69,9.74,0.54,-0.03,-0.02,0.84,-1.86,3.86,114.11,23,4,56,0,35.2941350,136.2544783,93.30, 0.43
1296317,0.54,-0.21,9.64,0.73,0.01,-0.03,0.68,-3.31,1.66,85.49,10.59,0.00,0,2,1000.74,38.82,113.60,1000.74,37.10,112.91,0.74,1000.15,37.12,118.32,-0.07,0.34,105.38,285.29,6465,-0.56,0.68,9.69,0.54,-0.03,-0.01,0.84,-1.86,3.17,114.13,23,4,56,0,35.2941350,136.2544783,93.30, 0.43
1296375,0.49,-0.12,9.56,0.73,0.01,-0.03,0.68,-3.31,1.65,85.49,10.59,0.00,0,2,1000.73,38.80,113.62,1000.74,37.08,112.90,0.74,1000.14,37.11,118.35,-0.07,0.34,105.38,285.29,6465,-0.28,0.60,9.39,0.54,-0.03,-0.01,0.84,-1.92,2.81,114.17,23,4,56,0,35.2941350,136.2544783,93.30, 0.43
1296428,0.43,-0.13,9.28,0.73,0.01,-0.03,0.68,-3.30,1.64,85.49,10.59,0.00,0,2,1000.73,38.80,113.64,1000.74,37.07,112.91,0.74,1000.14,37.10,118.37,-0.07,0.34,105.38,285.29,6466,-0.05,0.58,9.27,0.54,-0.03,-0.01,0.84,-1.92,2.81,114.17,23,4,56,0,35.2941350,136.2544783,93.30, 0.43
1296484,0.27,-0.15,9.64,0.73,0.01,-0.03,0.68,-3.28,1.63,85.49,10.61,0.00,0,2,1000.73,38.82,113.65,1000.73,37.07,112.98,0.74,1000.14,37.10,118.35,-0.07,0.34,105.38,285.29,6465,-0.03,0.49,9.69,0.54,-0.03,-0.01,0.84,-1.92,2.81,114.18,23,4,56,0,35.2941350,136.2544783,93.30, 0.43
1296537,0.42,-0.24,9.95,0.73,0.01,-0.03,0.68,-3.28,1.66,85.49,10.61,0.00,0,2,1000.73,38.81,113.66,1000.74,37.07,112.91,0.74,1000.15,37.10,118.34,-0.05,0.30,105.38,285.29,6466,-0.63,1.03,10.05,0.54,-0.03,-0.01,0.84,-1.92,2.77,114.20,23,4,56,0,35.2941350,136.2544783,93.30, 0.43
1296595,0.52,-0.38,10.03,0.73,0.01,-0.03,0.68,-3.28,1.69,85.49,10.61,0.00,0,2,1000.73,38.80,113.62,1000.74,37.09,112.91,0.74,1000.15,37.11,118.33,-0.05,0.30,105.38,285.29,6466,-0.56,0.71,9.99,0.54,-0.03,-0.01,0.84,-1.92,2.76,114.22,23,4,56,0,35.2941350,136.2544783,93.30, 0.43
1296648,0.45,-0.27,9.80,0.73,0.01,-0.03,0.68,-3.26,1.70,85.50,10.60,0.00,0,2,1000.73,38.81,113.64,1000.74,37.08,112.92,0.73,1000.15,37.10,118.33,-0.05,0.30,105.38,285.29,6465,-0.02,0.67,9.83,0.54,-0.03,-0.01,0.84,-1.92,2.77,114.21,23,4,56,0,35.2941350,136.2544783,93.30, 0.43
1296705,0.46,-0.52,9.54,0.73,0.01,-0.03,0.68,-3.21,1.77,85.50,10.59,0.00,0,2,1000.73,38.82,113.60,1000.75,37.08,112.89,0.73,1000.15,37.11,118.29,-0.07,0.34,105.38,285.29,6464,0.00,1.34,9.67,0.54,-0.03,-0.01,0.84,-1.90,2.70,114.24,23,4,57,0,35.2941300,136.2544767,93.30, 0.60
1296757,0.26,-0.32,9.97,0.73,0.01,-0.03,0.68,-3.17,1.83,85.50,10.59,0.00,0,2,1000.73,38.81,113.63,1000.74,37.08,112.92,0.73,1000.14,37.10,118.37,-0.05,0.30,105.38,285.29,6465,0.13,1.06,10.00,0.54,-0.03,-0.01,0.84,-1.88,2.69,114.25,23,4,57,0,35.2941300,136.2544767,93.30, 0.60
1296815,0.44,-0.41,9.96,0.73,0.01,-0.03,0.68,-3.16,1.83,85.51,10.58,0.00,0,2,1000.73,38.82,113.62,1000.74,37.08,112.92,0.73,1000.15,37.10,118.30,-0.07,0.34,105.38,285.29,6465,-0.23,0.99,9.69,0.54,-0.03,-0.01,0.84,-1.89,2.70,114.29,23,4,57,0,35.2941300,136.2544767,93.30, 0.60
1296870,0.68,-0.28,9.57,0.73,0.01,-0.03,0.68,-3.16,1.83,85.51,10.59,0.00,0,2,1000.73,38.82,113.63,1000.74,37.08,112.91,0.73,1000.15,37.11,118.30,-0.03,0.24,105.38,285.29,6466,-0.76,0.41,9.33,0.54,-0.03,-0.01,0.84,-1.87,2.70,114.32,23,4,57,0,35.2941300,136.2544767,93.30, 0.60
1296925,0.22,-0.30,9.71,0.73,0.01,-0.03,0.68,-3.13,1.83,85.51,10.59,0.00,0,2,1000.73,38.82,113.60,1000.74,37.06,112.93,0.73,1000.15,37.11,118.32,-0.08,0.38,105.38,285.29,6465,-0.18,0.57,9.38,0.54,-0.03,-0.01,0.84,-1.85,2.71,114.34,23,4,58,0,35.2941283,136.2544750,93.40, 0.60
1296983,0.24,-0.23,10.03,0.73,0.01,-0.03,0.68,-3.12,1.83,85.51,10.59,0.00,0,2,1000.73,38.83,113.61,1000.74,37.07,112.90,0.73,1000.15,37.11,118.32,-0.07,0.34,105.38,285.29,6463,0.06,0.79,9.98,0.54,-0.03,-0.01,0.84,-1.83,2.71,114.36,23,4,58,0,35.2941283,136.2544750,93.40, 0.60
1297036,0.44,-0.38,9.71,0.73,0.01,-0.03,0.68,-3.11,1.83,85.53,10.59,0.00,0,2,1000.73,38.81,113.61,1000.74,37.08,112.89,0.73,1000.14,37.11,118.35,-0.05,0.30,105.38,285.29,6465,-0.33,1.19,9.88,0.54,-0.03,-0.01,0.84,-1.82,2.70,114.41,23,4,58,0,35.2941283,136.2544750,93.40, 0.60
1297094,0.53,-0.32,9.53,0.73,0.01,-0.03,0.68,-3.10,1.84,85.53,10.59,0.00,0,2,1000.73,38.82,113.63,1000.74,37.08,112.92,0.73,1000.15,37.12,118.32,-0.05,0.30,105.38,285.29,6465,-0.21,1.33,9.67,0.54,-0.03,-0.01,0.84,-1.80,2.70,114.43,23,4,58,0,35.2941283,136.2544750,93.40, 0.60
1297146,0.51,-0.42,9.65,0.73,0.01,-0.03,0.68,-3.12,1.84,85.53,10.59,0.00,0,2,1000.73,38.83,113.63,1000.74,37.09,112.89,0.73,1000.15,37.11,118.33,-0.07,0.34,105.38,285.29,6463,-0.28,0.09,9.41,0.54,-0.03,-0.01,0.84,-1.79,2.73,114.44,23,4,58,0,35.2941283,136.2544750,93.40, 0.60
1297203,0.52,-0.29,10.07,0.73,0.01,-0.03,0.68,-3.12,1.84,85.53,10.59,0.00,0,2,1000.73,38.82,113.63,1000.74,37.09,112.91,0.73,1000.15,37.12,118.28,-0.05,0.30,105.47,285.29,6466,-0.35,1.36,9.97,0.54,-0.03,-0.01,0.84,-1.79,2.72,114.46,23,4,58,0,35.2941283,136.2544750,93.40, 0.60
1297255,0.81,-0.21,9.85,0.73,0.01,-0.03,0.68,-3.12,1.83,85.56,10.59,0.00,0,2,1000.73,38.82,113.65,1000.74,37.09,112.90,0.73,1000.15,37.11,118.33,-0.05,0.30,105.47,285.29,6465,-0.07,1.52,10.01,0.54,-0.03,-0.01,0.84,-1.79,2.74,114.51,23,4,58,0,35.2941283,136.2544750,93.40, 0.60
1297307,0.49,-0.42,9.58,0.73,0.01,-0.03,0.68,-3.12,1.83,85.57,10.60,0.00,0,2,1000.73,38.81,113.64,1000.74,37.08,112.92,0.73,1000.15,37.11,118.33,-0.07,0.34,105.47,285.29,6464,-1.43,0.60,9.53,0.54,-0.03,-0.01,0.84,-1.79,2.81,114.55,23,4,58,0,35.2941283,136.2544750,93.40, 0.60
1297365,0.44,-0.35,9.33,0.73,0.01,-0.03,0.68,-3.10,1.83,85.58,10.59,0.00,0,2,1000.73,38.83,113.64,1000.74,37.08,112.89,0.73,1000.15,37.12,118.32,-0.05,0.30,105.38,285.21,6464,-0.09,0.50,9.37,0.54,-0.03,-0.01,0.84,-1.77,2.83,114.55,23,4,58,0,35.2941283,136.2544750,93.40, 0.60
1297423,0.50,-0.30,9.70,0.73,0.01,-0.03,0.68,-3.10,1.83,85.58,10.59,0.00,0,2,1000.73,38.81,113.64,1000.74,37.08,112.90,0.73,1000.15,37.10,118.33,-0.07,0.34,105.38,285.21,6465,0.09,1.24,9.73,0.54,-0.03,-0.01,0.84,-1.77,2.83,114.59,23,4,58,0,35.2941283,136.2544750,93.40, 0.60
1297475,0.50,-0.48,9.68,0.73,0.01,-0.03,0.68,-3.11,1.86,85.58,10.60,0.00,0,2,1000.73,38.83,113.61,1000.74,37.09,112.92,0.73,1000.15,37.12,118.34,-0.05,0.30,105.38,285.29,6465,-0.22,1.99,10.08,0.54,-0.03,-0.01,0.84,-1.77,2.84,114.64,23,4,58,0,35.2941283,136.2544750,93.40, 0.60
1297532,0.42,-0.23,9.80,0.73,0.01,-0.03,0.68,-3.11,1.86,85.58,10.60,0.00,0,2,1000.73,38.83,113.64,1000.74,37.09,112.91,0.73,1000.14,37.11,118.35,-0.07,0.34,105.38,285.21,6464,-0.08,-0.35,9.48,0.54,-0.03,-0.01,0.84,-1.77,2.90,114.66,23,4,58,0,35.2941283,136.2544750,93.40, 0.60
1297584,0.54,-0.30,9.89,0.73,0.01,-0.03,0.68,-3.10,1.85,85.58,10.60,0.00,0,2,1000.73,38.83,113.62,1000.74,37.08,112.90,0.73,1000.15,37.12,118.29,-0.07,0.34,105.38,285.21,6465,-0.13,-0.06,9.47,0.54,-0.03,-0.01,0.84,-1.78,2.88,114.70,23,4,58,0,35.2941283,136.2544750,93.40, 0.60
1297642,0.49,-0.39,9.46,0.73,0.01,-0.03,0.68,-3.10,1.85,85.58,10.60,0.00,0,2,1000.73,38.83,113.65,1000.74,37.08,112.92,0.73,1000.15,37.12,118.31,-0.05,0.30,105.47,285.21,6466,-0.40,2.10,9.97,0.54,-0.03,-0.01,0.84,-1.78,2.88,114.73,23,4,58,0,35.2941283,136.2544750,93.40, 0.41
1297694,0.46,-0.43,9.60,0.73,0.01,-0.03,0.68,-3.11,1.86,85.58,10.60,0.00,0,2,1000.73,38.84,113.62,1000.74,37.08,112.89,0.73,1000.14,37.11,118.35,-0.08,0.38,105.38,285.21,6466,-0.67,1.44,9.65,0.54,-0.03,-0.01,0.84,-1.79,2.93,114.74,23,4,58,0,35.2941283,136.2544750,93.40, 0.41
1297752,0.52,-0.51,9.68,0.73,0.01,-0.03,0.68,-3.11,1.89,85.58,10.60,0.00,0,2,1000.74,38.83,113.59,1000.74,37.08,112.89,0.73,1000.15,37.12,118.32,-0.05,0.30,105.47,285.21,6465,-0.41,1.01,9.68,0.54,-0.03,-0.01,0.84,-1.79,2.91,114.76,23,4,58,0,35.2941283,136.2544750,93.40, 0.41
1297804,0.54,-0.38,9.92,0.73,0.01,-0.03,0.68,-3.10,1.89,85.58,10.60,0.00,0,2,1000.73,38.83,113.65,1000.74,37.08,112.94,0.73,1000.15,37.12,118.34,-0.07,0.34,105.38,285.21,6466,-0.73,1.45,10.08,0.54,-0.03,-0.01,0.84,-1.78,2.93,114.80,23,4,58,0,35.2941283,136.2544750,93.40, 0.41
1297858,0.49,-0.36,9.65,0.73,0.01,-0.03,0.68,-3.10,1.90,85.58,10.61,0.00,0,2,1000.73,38.84,113.62,1000.74,37.07,112.94,0.73,1000.15,37.13,118.32,-0.05,0.30,105.38,285.21,6465,-0.61,0.99,9.58,0.54,-0.03,-0.01,0.84,-1.78,2.95,114.84,23,4,58,0,35.2941283,136.2544750,93.40, 0.41
1297914,0.62,-0.25,9.74,0.73,0.01,-0.03,0.68,-3.10,1.90,85.58,10.60,0.00,0,2,1000.73,38.82,113.65,1000.74,37.08,112.90,0.73,1000.15,37.13,118.32,-0.05,0.30,105.38,285.21,6465,-0.52,-0.25,9.43,0.54,-0.03,-0.01,0.84,-1.79,2.98,114.87,23,4,58,0,35.2941283,136.2544750,93.40, 0.41
1297971,0.48,-0.14,9.74,0.73,0.01,-0.03,0.68,-3.10,1.92,85.58,10.60,0.00,0,2,1000.73,38.84,113.64,1000.74,37.10,112.93,0.73,1000.15,37.11,118.33,-0.05,0.30,105.38,285.21,6464,-0.35,1.18,10.00,0.54,-0.03,-0.01,0.84,-1.79,2.94,114.88,23,4,59,0,35.2941283,136.2544717,93.40, 0.41
1298023,0.45,-0.38,9.82,0.73,0.01,-0.03,0.68,-3.09,1.94,85.59,10.60,0.00,0,2,1000.74,38.83,113.60,1000.74,37.08,112.89,0.73,1000.15,37.13,118.32,-0.07,0.34,105.38,285.21,6466,-0.12,0.31,9.43,0.54,-0.03,-0.01,0.84,-1.79,2.93,114.89,23,4,59,0,35.2941283,136.2544717,93.40, 0.41
1298080,0.40,-0.25,9.37,0.73,0.01,-0.03,0.68,-3.10,1.99,85.59,10.61,0.00,0,2,1000.73,38.83,113.61,1000.74,37.08,112.92,0.73,1000.15,37.12,118.34,-0.07,0.34,105.47,285.21,6466,0.32,0.30,9.08,0.54,-0.03,-0.01,0.84,-1.79,2.90,114.92,23,4,59,0,35.2941283,136.2544717,93.40, 0.41
1298135,0.51,-0.28,9.68,0.73,0.01,-0.03,0.68,-3.14,2.04,85.58,10.60,0.00,0,2,1000.73,38.84,113.66,1000.75,37.09,112.86,0.72,1000.15,37.12,118.32,-0.05,0.30,105.38,285.21,6464,0.03,1.01,9.63,0.54,-0.03,-0.01,0.84,-1.81,2.86,114.97,23,4,59,0,35.2941283,136.2544717,93.40, 0.41
1298192,0.47,-0.38,9.88,0.73,0.01,-0.03,0.68,-3.18,2.10,85.59,10.60,0.00,0,2,1000.73,38.82,113.62,1000.74,37.08,112.90,0.72,1000.15,37.12,118.30,-0.07,0.34,105.47,285.21,6465,-0.41,0.47,9.69,0.54,-0.03,-0.01,0.84,-1.82,2.85,114.98,23,4,59,0,35.2941283,136.2544717,93.40, 0.41
1298244,0.46,-0.54,9.77,0.73,0.01,-0.03,0.68,-3.18,2.16,85.59,10.59,0.00,0,2,1000.73,38.83,113.65,1000.74,37.08,112.89,0.72,1000.15,37.11,118.32,-0.05,0.30,105.38,285.21,6466,-0.20,0.56,9.59,0.54,-0.03,-0.01,0.84,-1.85,2.83,115.02,23,4,59,0,35.2941283,136.2544717,93.40, 0.41
1298301,0.73,-0.48,9.80,0.73,0.01,-0.03,0.68,-3.25,2.21,85.60,10.59,0.00,0,2,1000.73,38.83,113.63,1000.74,37.09,112.89,0.72,1000.15,37.12,118.32,-0.05,0.30,105.47,285.21,6465,-0.67,1.26,9.75,0.54,-0.03,-0.01,0.84,-1.90,2.77,115.04,23,4,59,0,35.2941283,136.2544717,93.40, 0.41
1298354,0.54,-0.59,9.81,0.73,0.01,-0.03,0.68,-3.31,2.28,85.59,10.59,0.00,0,2,1000.73,38.81,113.62,1000.75,37.09,112.87,0.56,1000.15,37.11,118.31,-0.07,0.34,105.47,285.21,6463,-0.81,1.38,10.17,0.54,-0.03,-0.01,0.84,-1.93,2.76,115.08,23,4,59,0,35.2941283,136.2544717,93.40, 0.41
1298412,0.55,-0.31,9.99,0.73,0.01,-0.03,0.68,-3.35,2.29,85.59,10.60,0.00,0,2,1000.73,38.84,113.61,1000.74,37.09,112.91,0.56,1000.15,37.10,118.34,-0.07,0.34,105.38,285.21,6466,0.08,0.63,9.89,0.54,-0.03,-0.01,0.84,-1.93,2.78,115.06,23,4,59,0,35.2941283,136.2544717,93.40, 0.41
1298468,0.67,-0.36,9.52,0.73,0.01,-0.03,0.68,-3.35,2.29,85.59,10.60,0.00,0,2,1000.73,38.82,113.65,1000.74,37.08,112.92,0.72,1000.15,37.11,118.33,-0.05,0.30,105.38,285.21,6466,-0.08,1.49,9.61,0.54,-0.03,-0.01,0.84,-1.93,2.80,115.09,23,4,59,0,35.2941283,136.2544717,93.40, 0.41
1298522,0.59,-0.21,9.69,0.73,0.01,-0.04,0.68,-3.38,2.28,85.59,10.60,0.00,0,2,1000.73,38.83,113.63,1000.74,37.09,112.89,0.72,1000.15,37.11,118.33,-0.05,0.30,105.38,285.21,6466,-0.30,0.56,9.55,0.54,-0.03,-0.01,0.84,-1.94,2.86,115.12,23,4,59,0,35.2941283,136.2544717,93.40, 0.41
1298580,0.55,-0.20,9.97,0.73,0.01,-0.04,0.68,-3.39,2.26,85.59,10.61,0.00,0,2,1000.73,38.83,113.66,1000.74,37.09,112.91,0.52,1000.15,37.11,118.31,-0.05,0.30,105.38,285.21,6466,-0.07,1.13,10.14,0.54,-0.03,-0.01,0.84,-1.95,2.57,115.14,23,4,59,0,35.2941283,136.2544717,93.40, 0.41
1298631,0.45,-0.19,10.03,0.73,0.01,-0.04,0.68,-3.41,2.25,85.59,10.60,0.00,0,2,1000.73,38.82,113.63,1000.75,37.10,112.88,0.52,1000.15,37.12,118.32,-0.05,0.30,105.38,285.29,6466,-0.55,0.04,9.71,0.54,-0.03,-0.01,0.84,-1.96,2.59,115.16,23,4,59,0,35.2941283,136.2544717,93.40, 0.41
1298690,0.52,-0.45,9.30,0.73,0.01,-0.03,0.68,-3.41,2.22,85.59,10.60,0.00,0,2,1000.73,38.82,113.65,1000.75,37.09,112.88,0.49,1000.15,37.11,118.31,-0.07,0.34,105.38,285.29,6465,-0.90,1.89,9.74,0.54,-0.03,-0.01,0.84,-1.96,2.62,115.18,23,4,59,0,35.2941283,136.2544717,93.40, 0.42
1298742,0.56,-0.47,9.48,0.73,0.01,-0.03,0.68,-3.41,2.22,85.59,10.60,0.00,0,2,1000.73,38.84,113.61,1000.74,37.09,112.86,0.54,1000.15,37.11,118.33,-0.05,0.30,105.47,285.29,6465,-0.98,1.84,9.76,0.54,-0.03,-0.01,0.84,-1.96,2.67,115.20,23,4,59,0,35.2941283,136.2544717,93.40, 0.42
1298799,0.55,-0.35,9.61,0.73,0.01,-0.04,0.68,-3.41,2.23,85.60,10.60,0.00,0,2,1000.73,38.83,113.64,1000.74,37.08,112.90,0.72,1000.15,37.12,118.34,-0.05,0.30,105.38,285.29,6464,0.02,0.29,9.28,0.54,-0.03,-0.01,0.84,-1.95,2.69,115.19,23,4,59,0,35.2941283,136.2544717,93.40, 0.42
1298851,0.60,-0.57,9.51,0.73,0.01,-0.04,0.68,-3.41,2.30,85.60,10.60,0.00,0,2,1000.73,38.82,113.65,1000.74,37.10,112.89,0.72,1000.14,37.11,118.37,-0.05,0.30,105.38,285.29,6463,-0.48,0.66,9.32,0.54,-0.03,-0.01,0.84,-1.95,2.67,115.20,23,4,59,0,35.2941283,136.2544717,93.40, 0.42
1298906,0.61,-0.26,9.30,0.73,0.01,-0.04,0.68,-3.43,2.36,85.60,10.61,0.00,0,2,1000.73,38.83,113.63,1000.74,37.09,112.88,0.72,1000.14,37.11,118.35,-0.07,0.34,105.38,285.29,6466,-0.47,-0.20,9.09,0.54,-0.03,-0.01,0.84,-1.96,2.62,115.20,23,5,0,0,35.2941267,136.2544700,93.40, 0.42
1298961,0.59,-0.33,9.71,0.73,0.00,-0.04,0.68,-3.45,2.43,85.60,10.62,0.00,0,2,1000.73,38.83,113.66,1000.74,37.08,112.91,0.71,1000.15,37.11,118.33,-0.05,0.30,105.47,285.29,6464,-0.35,2.14,10.17,0.54,-0.03,-0.01,0.84,-1.95,2.50,115.19,23,5,0,0,35.2941267,136.2544700,93.40, 0.42
1299019,0.67,-0.16,9.57,0.73,0.00,-0.04,0.68,-3.50,2.48,85.60,10.61,0.00,0,2,1000.74,38.83,113.59,1000.74,37.09,112.91,0.71,1000.15,37.10,118.34,-0.05,0.30,105.47,285.21,6466,-0.11,1.64,9.73,0.54,-0.03,-0.01,0.84,-1.95,2.48,115.19,23,5,0,0,35.2941267,136.2544700,93.40, 0.42
1299074,0.54,-0.23,9.90,0.73,0.00,-0.04,0.68,-3.51,2.49,85.60,10.60,0.00,0,2,1000.73,38.84,113.62,1000.74,37.09,112.90,0.70,1000.15,37.11,118.27,-0.07,0.34,105.47,285.29,6465,1.85,1.38,9.12,0.54,-0.03,-0.01,0.84,-1.96,2.48,115.18,23,5,0,0,35.2941267,136.2544700,93.40, 0.42
1299130,0.75,-0.47,9.82,0.73,0.01,-0.04,0.68,-3.55,2.50,85.60,10.59,0.00,0,2,1000.73,38.84,113.61,1000.74,37.09,112.93,0.70,1000.15,37.11,118.32,-0.07,0.34,105.47,285.12,6464,1.35,0.17,9.99,0.54,-0.03,-0.01,0.84,-1.97,2.46,115.13,23,5,0,0,35.2941267,136.2544700,93.40, 0.42
1299187,0.34,-0.39,10.09,0.73,0.01,-0.04,0.68,-3.58,2.52,85.60,10.60,0.00,0,2,1000.73,38.84,113.65,1000.74,37.09,112.90,0.70,1000.15,37.11,118.27,-0.07,0.34,105.38,285.03,6464,1.63,0.60,10.06,0.54,-0.03,-0.01,0.84,-1.97,2.47,115.08,23,5,0,0,35.2941267,136.2544700,93.40, 0.42
1299241,0.43,-0.57,9.62,0.73,0.00,-0.04,0.68,-3.60,2.60,85.60,10.59,0.00,0,2,1000.73,38.84,113.65,1000.74,37.10,112.89,0.69,1000.15,37.10,118.30,-0.07,0.34,105.38,285.56,6466,0.76,1.96,10.10,0.54,-0.03,-0.01,0.84,-2.00,2.40,115.14,23,5,0,0,35.2941267,136.2544700,93.40, 0.42
1299299,0.21,-0.78,9.14,0.73,0.00,-0.04,0.68,-3.60,2.72,85.60,10.57,0.00,0,2,1000.74,38.84,113.56,1000.75,37.09,112.88,0.48,1000.15,37.11,118.31,-0.07,0.34,105.38,285.47,6467,0.05,2.44,9.96,0.54,-0.03,-0.01,0.84,-1.97,2.30,115.09,23,5,0,0,35.2941267,136.2544700,93.40, 0.42
1299351,0.36,-0.71,9.36,0.73,0.00,-0.04,0.68,-3.61,2.84,85.60,10.57,0.00,0,2,1000.74,38.84,113.59,1000.75,37.09,112.88,0.69,1000.15,37.12,118.27,-0.05,0.30,105.47,285.29,6466,-0.80,0.00,9.61,0.54,-0.03,-0.01,0.84,-1.97,2.27,115.13,23,5,0,0,35.2941267,136.2544700,93.40, 0.42
1299407,0.61,-0.42,9.92,0.73,0.00,-0.04,0.68,-3.60,2.97,85.60,10.58,0.00,0,2,1000.74,38.84,113.58,1000.75,37.09,112.86,0.69,1000.16,37.12,118.22,-0.05,0.30,105.47,285.29,6465,-1.26,1.99,10.19,0.54,-0.02,-0.01,0.84,-1.96,2.12,115.09,23,5,0,0,35.2941267,136.2544700,93.40, 0.42
1299462,0.55,-0.47,9.48,0.73,0.00,-0.04,0.68,-3.60,3.12,85.59,10.56,0.00,0,2,1000.74,38.85,113.60,1000.75,37.10,112.84,0.68,1000.15,37.12,118.29,-0.07,0.34,105.38,285.29,6464,-1.02,1.96,9.80,0.54,-0.02,-0.01,0.84,-1.97,1.97,115.08,23,5,0,0,35.2941267,136.2544700,93.40, 0.42
1299518,0.63,-0.44,9.63,0.73,0.00,-0.04,0.68,-3.60,3.28,85.60,10.56,0.00,0,2,1000.74,38.84,113.61,1000.75,37.09,112.84,0.67,1000.15,37.11,118.29,-0.05,0.30,105.38,285.29,6464,-1.39,1.82,9.82,0.54,-0.02,-0.00,0.84,-1.96,1.83,115.07,23,5,0,0,35.2941267,136.2544700,93.40, 0.42
1299571,0.59,-0.53,9.70,0.73,-0.00,-0.04,0.68,-3.60,3.43,85.59,10.57,0.00,0,2,1000.74,38.84,113.60,1000.75,37.09,112.87,0.67,1000.15,37.11,118.27,-0.05,0.30,105.47,285.29,6465,-0.68,0.37,9.60,0.54,-0.02,-0.00,0.84,-1.95,1.71,115.04,23,5,0,0,35.2941267,136.2544700,93.40, 0.42
1299629,0.73,-0.56,9.85,0.73,-0.00,-0.04,0.68,-3.63,3.59,85.60,10.56,0.00,0,2,1000.74,38.85,113.57,1000.75,37.10,112.85,0.67,1000.16,37.11,118.24,-0.05,0.30,105.47,285.29,6466,-0.32,1.50,9.89,0.54,-0.02,-0.00,0.84,-1.95,1.62,115.00,23,5,0,0,35.2941267,136.2544700,93.40, 0.33
1299687,0.61,-0.42,9.94,0.73,-0.00,-0.05,0.68,-3.64,3.70,85.59,10.56,0.00,0,2,1000.74,38.85,113.56,1000.75,37.10,112.85,0.66,1000.15,37.12,118.27,-0.05,0.30,105.47,285.38,6464,0.05,1.12,10.10,0.54,-0.02,-0.00,0.84,-1.95,1.52,114.97,23,5,0,0,35.2941267,136.2544700,93.40, 0.33
1299740,0.62,-0.41,10.01,0.73,-0.00,-0.05,0.68,-3.68,3.78,85.60,10.56,0.00,0,2,1000.74,38.85,113.54,1000.75,37.09,112.87,0.66,1000.15,37.11,118.28,-0.05,0.30,105.47,285.38,6464,-0.13,1.32,9.85,0.54,-0.02,-0.00,0.84,-1.97,1.43,114.96,23,5,0,0,35.2941267,136.2544700,93.40, 0.33
1299796,0.45,-0.68,9.77,0.73,-0.00,-0.05,0.68,-3.66,3.86,85.59,10.56,0.00,0,2,1000.74,38.84,113.59,1000.75,37.11,112.89,0.66,1000.16,37.12,118.24,-0.05,0.30,105.38,285.29,6465,-0.37,1.01,9.72,0.54,-0.02,-0.00,0.84,-1.97,1.40,114.98,23,5,0,0,35.2941267,136.2544700,93.40, 0.33
1299847,0.57,-0.49,10.17,0.73,-0.00,-0.05,0.68,-3.64,3.97,85.60,10.56,0.00,0,2,1000.74,38.83,113.56,1000.75,37.11,112.85,0.65,1000.15,37.12,118.27,-0.07,0.34,105.38,285.21,6465,-0.38,1.62,9.95,0.54,-0.02,-0.00,0.84,-1.96,1.31,114.97,23,5,1,0,35.2941267,136.2544667,93.50, 0.33
1299901,0.61,-0.53,10.09,0.73,-0.00,-0.05,0.68,-3.64,4.04,85.59,10.56,0.00,0,2,1000.74,38.85,113.58,1000.75,37.10,112.82,0.53,1000.15,37.12,118.31,-0.05,0.30,105.38,285.38,6465,0.08,2.22,10.42,0.54,-0.02,0.00,0.84,-1.93,1.21,114.96,23,5,1,0,35.2941267,136.2544667,93.50, 0.33
1299958,0.73,-0.49,9.80,0.73,-0.00,-0.05,0.68,-3.64,4.09,85.59,10.56,0.00,0,2,1000.74,38.86,113.56,1000.75,37.10,112.86,0.55,1000.15,37.11,118.27,-0.07,0.34,105.38,285.29,6466,0.07,1.63,9.84,0.54,-0.02,0.00,0.84,-1.93,1.17,114.95,23,5,1,0,35.2941267,136.2544667,93.50, 0.33
1300011,0.65,-0.56,9.76,0.73,-0.00,-0.05,0.68,-3.64,4.14,85.59,10.56,0.00,0,2,1000.74,38.85,113.58,1000.75,37.10,112.88,0.65,1000.16,37.12,118.22,-0.05,0.30,105.38,285.12,6466,-0.06,-0.41,9.28,0.54,-0.02,0.00,0.84,-1.93,1.19,114.95,23,5,1,0,35.2941267,136.2544667,93.50, 0.33
1300068,0.52,-0.70,9.85,0.73,-0.01,-0.05,0.68,-3.64,4.17,85.59,10.56,0.00,0,2,1000.74,38.86,113.58,1000.75,37.10,112.87,0.65,1000.16,37.12,118.20,-0.05,0.30,105.47,285.12,6466,-0.57,3.17,10.42,0.54,-0.02,0.00,0.84,-1.93,1.12,114.97,23,5,1,0,35.2941267,136.2544667,93.50, 0.33
1300125,0.77,-0.67,9.86,0.73,-0.01,-0.05,0.68,-3.65,4.17,85.59,10.57,0.00,0,2,1000.74,38.86,113.58,1000.75,37.10,112.81,0.65,1000.15,37.12,118.29,-0.05,0.30,105.29,285.29,6463,-0.87,2.96,10.28,0.54,-0.02,0.00,0.84,-1.93,1.10,114.99,23,5,1,0,35.2941267,136.2544667,93.50, 0.33
1300179,0.65,-0.63,9.54,0.73,-0.00,-0.05,0.68,-3.68,4.16,85.59,10.57,0.00,0,2,1000.74,38.85,113.56,1000.75,37.10,112.83,0.65,1000.16,37.11,118.25,-0.05,0.30,105.38,285.38,6465,-0.92,0.75,9.44,0.54,-0.02,0.00,0.84,-1.92,1.15,115.01,23,5,1,0,35.2941267,136.2544667,93.50, 0.33
1300236,0.55,-0.63,9.74,0.73,-0.00,-0.05,0.68,-3.67,4.17,85.59,10.57,0.00,0,2,1000.74,38.87,113.55,1000.75,37.10,112.85,0.65,1000.16,37.11,118.21,-0.07,0.34,105.47,285.21,6466,0.08,2.33,10.03,0.54,-0.02,0.00,0.84,-1.91,1.11,114.97,23,5,1,0,35.2941267,136.2544667,93.50, 0.33
1300288,0.44,-0.58,9.96,0.73,-0.01,-0.05,0.68,-3.63,4.16,85.59,10.57,0.00,0,2,1000.74,38.85,113.59,1000.75,37.11,112.80,0.65,1000.16,37.12,118.23,-0.05,0.30,105.47,285.03,6466,0.09,2.54,10.23,0.54,-0.02,0.00,0.84,-1.90,1.10,114.99,23,5,1,0,35.2941267,136.2544667,93.50, 0.33
1300344,0.43,-0.64,9.44,0.73,-0.01,-0.05,0.68,-3.59,4.18,85.59,10.57,0.00,0,2,1000.74,38.85,113.58,1000.75,37.12,112.84,0.65,1000.16,37.12,118.25,-0.03,0.24,105.29,284.94,6466,-0.02,2.03,9.98,0.54,-0.02,0.00,0.84,-1.89,1.10,115.02,23,5,1,0,35.2941267,136.2544667,93.50, 0.33
1300397,-0.06,-1.40,8.14,0.73,-0.01,-0.05,0.68,-3.60,4.19,85.59,10.56,0.00,0,2,1000.74,38.85,113.59,1000.76,37.10,112.87,0.65,1000.16,37.12,118.18,-0.07,0.34,105.56,284.59,6465,-0.91,-4.08,7.40,0.54,-0.02,-0.00,0.84,-1.87,1.23,115.02,23,5,1,0,35.2941267,136.2544667,93.50, 0.33
1300455,0.54,-0.56,10.19,0.73,-0.01,-0.05,0.68,-3.63,4.16,85.59,10.58,0.00,0,2,1000.74,38.86,113.54,1000.75,37.11,112.87,0.65,1000.16,37.11,118.22,-0.05,0.30,105.47,284.33,6466,-1.23,6.51,11.40,0.54,-0.02,0.00,0.84,-1.88,1.07,115.05,23,5,1,0,35.2941267,136.2544667,93.50, 0.33
1300507,0.58,-0.66,9.82,0.73,-0.00,-0.05,0.68,-3.66,4.15,85.59,10.58,0.00,0,2,1000.74,38.85,113.55,1000.75,37.11,112.82,0.65,1000.16,37.13,118.21,-0.05,0.30,105.47,284.50,6466,0.59,3.13,10.56,0.54,-0.02,0.00,0.84,-1.89,1.11,115.09,23,5,1,0,35.2941267,136.2544667,93.50, 0.33
1300565,0.60,-0.79,9.85,0.73,-0.00,-0.05,0.68,-3.68,4.14,85.59,10.59,0.00,0,2,1000.73,38.85,113.63,1000.75,37.11,112.85,0.65,1000.15,37.13,118.33,-0.07,0.34,105.29,284.85,6466,-0.41,-0.68,8.72,0.54,-0.02,-0.00,0.84,-1.89,1.30,115.06,23,5,1,0,35.2941267,136.2544667,93.50, 0.33
1300617,0.49,-0.71,9.79,0.73,-0.00,-0.05,0.68,-3.68,4.16,85.59,10.58,0.00,0,2,1000.74,38.87,113.55,1000.75,37.12,112.82,0.65,1000.17,37.12,118.13,-0.05,0.30,105.47,284.50,6464,0.16,-2.60,8.50,0.54,-0.02,-0.00,0.84,-1.88,1.30,115.09,23,5,1,0,35.2941267,136.2544667,93.50, 0.33
1300674,0.57,-0.61,9.69,0.73,-0.00,-0.05,0.68,-3.68,4.17,85.59,10.60,0.00,0,2,1000.74,38.86,113.58,1000.74,37.10,112.91,0.65,1000.16,37.14,118.24,-0.05,0.30,105.47,284.59,6462,-1.14,4.63,10.57,0.54,-0.02,-0.00,0.84,-1.87,1.20,115.08,23,5,1,0,35.2941267,136.2544667,93.50, 0.33
1300727,0.67,-0.65,9.72,0.73,-0.01,-0.05,0.68,-3.67,4.18,85.60,10.59,0.00,0,2,1000.75,38.86,113.51,1000.75,37.10,112.82,0.65,1000.16,37.12,118.20,-0.05,0.30,105.38,284.85,6464,-1.52,3.10,10.22,0.54,-0.02,-0.00,0.84,-1.87,1.20,115.18,23,5,1,0,35.2941267,136.2544667,93.50, 0.33
1300785,0.57,-0.76,9.30,0.73,-0.01,-0.05,0.68,-3.67,4.18,85.60,10.60,0.00,0,2,1000.74,38.86,113.57,1000.75,37.10,112.85,0.65,1000.15,37.12,118.26,-0.07,0.34,105.29,284.50,6467,-0.74,2.48,9.87,0.54,-0.02,-0.00,0.84,-1.86,1.24,115.20,23,5,1,0,35.2941267,136.2544667,93.50, 0.33
1300838,0.56,-0.65,9.73,0.73,-0.01,-0.05,0.68,-3.67,4.19,85.60,10.58,0.00,0,2,1000.74,38.86,113.58,1000.75,37.10,112.84,0.65,1000.16,37.12,118.18,-0.07,0.34,105.38,284.33,6464,-1.24,-2.06,8.71,0.54,-0.02,-0.00,0.84,-1.87,1.31,115.23,23,5,1,0,35.2941267,136.2544667,93.50, 0.33
1300895,0.55,-0.59,9.71,0.73,-0.01,-0.05,0.68,-3.69,4.22,85.60,10.60,0.00,0,2,1000.74,38.85,113.54,1000.75,37.10,112.84,0.65,1000.16,37.13,118.23,-0.05,0.30,105.47,284.41,6466,0.40,3.98,10.60,0.54,-0.02,0.00,0.84,-1.87,1.18,115.17,23,5,1,0,35.2941267,136.2544667,93.50, 0.33
1300948,0.58,-0.77,9.70,0.73,-0.00,-0.05,0.68,-3.73,4.23,85.60,10.60,0.00,0,2,1000.74,38.86,113.57,1000.75,37.10,112.83,0.65,1000.15,37.12,118.26,-0.03,0.24,105.21,284.68,6465,0.25,0.60,9.44,0.54,-0.02,-0.00,0.84,-1.88,1.23,115.20,23,5,2,0,35.2941267,136.2544650,93.50, 0.33
1301006,0.60,-0.72,9.84,0.73,-0.01,-0.05,0.68,-3.72,4.23,85.60,10.60,0.00,0,2,1000.74,38.85,113.55,1000.75,37.10,112.84,0.65,1000.15,37.11,118.29,-0.07,0.34,105.21,284.68,6464,0.76,-1.06,8.95,0.54,-0.02,-0.00,0.84,-1.85,1.29,115.22,23,5,2,0,35.2941267,136.2544650,93.50, 0.33
1301063,0.58,-0.58,9.73,0.73,-0.00,-0.05,0.68,-3.73,4.22,85.60,10.60,0.00,0,2,1000.74,38.85,113.58,1000.75,37.12,112.84,0.65,1000.16,37.11,118.20,-0.05,0.30,105.29,284.77,6466,0.79,-1.47,8.65,0.54,-0.02,-0.00,0.84,-1.84,1.32,115.24,23,5,2,0,35.2941267,136.2544650,93.50, 0.33
1301116,0.53,-0.78,9.61,0.73,-0.01,-0.05,0.68,-3.71,4.22,85.60,10.60,0.00,0,2,1000.74,38.86,113.59,1000.75,37.10,112.88,0.64,1000.15,37.11,118.26,-0.05,0.30,105.12,284.77,6466,-1.36,3.61,10.31,0.53,-0.02,-0.00,0.84,-1.84,1.20,115.32,23,5,2,0,35.2941267,136.2544650,93.50, 0.33
1301168,0.56,-0.75,9.52,0.73,-0.01,-0.05,0.68,-3.71,4.23,85.60,10.61,0.00,0,2,1000.74,38.86,113.57,1000.76,37.12,112.83,0.65,1000.15,37.12,118.29,-0.05,0.30,105.03,284.77,6463,-0.77,-0.22,9.06,0.53,-0.02,-0.00,0.84,-1.83,1.29,115.33,23,5,2,0,35.2941267,136.2544650,93.50, 0.33
1301225,0.52,-0.65,9.56,0.73,-0.01,-0.05,0.68,-3.70,4.24,85.60,10.61,0.00,0,2,1000.74,38.83,113.59,1000.75,37.10,112.82,0.64,1000.16,37.12,118.21,-0.05,0.30,105.21,284.68,6465,-1.08,-0.23,9.36,0.53,-0.02,-0.00,0.85,-1.82,1.28,115.37,23,5,2,0,35.2941267,136.2544650,93.50, 0.33
1301282,0.54,-0.59,9.89,0.73,-0.01,-0.05,0.68,-3.70,4.23,85.60,10.59,0.00,0,2,1000.74,38.85,113.56,1000.75,37.10,112.87,0.64,1000.16,37.11,118.20,-0.07,0.34,105.21,284.59,6466,-0.03,0.56,9.66,0.53,-0.02,-0.00,0.85,-1.83,1.31,115.38,23,5,2,0,35.2941267,136.2544650,93.50, 0.33
1301335,0.62,-0.93,9.50,0.73,-0.01,-0.05,0.68,-3.71,4.26,85.60,10.59,0.00,0,2,1000.74,38.85,113.53,1000.75,37.10,112.80,0.65,1000.16,37.11,118.24,-0.05,0.30,105.21,284.85,6465,-0.31,1.91,9.73,0.53,-0.02,-0.00,0.84,-1.82,1.24,115.35,23,5,2,0,35.2941267,136.2544650,93.50, 0.33
1301392,0.61,-0.60,9.73,0.73,-0.01,-0.05,0.68,-3.72,4.25,85.60,10.59,0.00,0,2,1000.74,38.85,113.54,1000.75,37.11,112.84,0.65,1000.15,37.11,118.26,-0.05,0.30,105.12,285.12,6464,-0.47,-0.41,9.20,0.53,-0.02,-0.00,0.85,-1.82,1.29,115.40,23,5,2,0,35.2941267,136.2544650,93.50, 0.33
1301445,0.54,-0.58,9.58,0.73,-0.01,-0.05,0.68,-3.71,4.25,85.60,10.59,0.00,0,2,1000.74,38.85,113.60,1000.75,37.11,112.81,0.65,1000.16,37.11,118.20,-0.05,0.30,105.29,284.94,6464,-0.16,-0.31,9.40,0.53,-0.02,-0.00,0.85,-1.81,1.28,115.43,23,5,2,0,35.2941267,136.2544650,93.50, 0.33
1301503,0.66,-0.76,9.68,0.73,-0.01,-0.05,0.68,-3.70,4.26,85.59,10.59,0.00,0,2,1000.74,38.85,113.54,1000.76,37.10,112.79,0.64,1000.16,37.12,118.22,-0.03,0.24,105.21,284.94,6466,-0.91,1.29,9.59,0.53,-0.02,-0.00,0.85,-1.80,1.26,115.47,23,5,2,0,35.2941267,136.2544650,93.50, 0.33
1301555,0.64,-0.71,9.53,0.73,-0.01,-0.05,0.68,-3.70,4.26,85.59,10.59,0.00,0,2,1000.74,38.86,113.58,1000.75,37.10,112.86,0.64,1000.16,37.12,118.23,-0.05,0.30,105.21,284.94,6466,-0.41,1.28,9.55,0.53,-0.02,-0.00,0.85,-1.80,1.24,115.47,23,5,2,0,35.2941267,136.2544650,93.50, 0.33
1301611,0.62,-0.88,9.58,0.73,-0.01,-0.05,0.68,-3.70,4.30,85.59,10.58,0.00,0,2,1000.74,38.85,113.57,1000.76,37.11,112.80,0.64,1000.16,37.11,118.20,-0.07,0.34,105.21,284.94,6466,-0.41,1.54,9.75,0.53,-0.02,-0.00,0.85,-1.78,1.21,115.51,23,5,2,0,35.2941267,136.2544650,93.50, 0.33
1301665,0.64,-0.72,9.68,0.73,-0.01,-0.05,0.68,-3.70,4.31,85.60,10.58,0.00,0,2,1000.74,38.87,113.57,1000.75,37.10,112.81,0.64,1000.16,37.12,118.25,-0.05,0.30,105.21,284.94,6466,-0.82,0.87,9.52,0.53,-0.02,-0.00,0.85,-1.78,1.24,115.56,23,5,2,0,35.2941267,136.2544650,93.50, 0.33
1301721,0.71,-0.70,9.67,0.73,-0.01,-0.05,0.68,-3.70,4.37,85.60,10.58,0.00,0,2,1000.75,38.86,113.52,1000.76,37.11,112.83,0.64,1000.16,37.12,118.20,-0.05,0.30,105.38,284.94,6465,0.11,0.07,9.25,0.53,-0.02,-0.00,0.85,-1.75,1.22,115.58,23,5,2,0,35.2941267,136.2544650,93.50, 0.33
1301775,0.61,-0.57,9.59,0.73,-0.01,-0.05,0.68,-3.71,4.42,85.60,10.58,0.00,0,2,1000.75,38.87,113.52,1000.75,37.12,112.83,0.64,1000.16,37.11,118.24,-0.05,0.30,105.21,284.85,6465,-1.00,2.34,9.86,0.53,-0.02,-0.00,0.85,-1.75,1.14,115.62,23,5,2,0,35.2941267,136.2544650,93.50, 0.33
1301833,0.54,-0.64,9.51,0.73,-0.01,-0.05,0.68,-3.71,4.48,85.60,10.59,0.00,0,2,1000.74,38.86,113.54,1000.75,37.11,112.82,0.64,1000.15,37.10,118.28,-0.05,0.30,105.21,284.85,6464,-0.85,1.04,9.53,0.53,-0.02,-0.00,0.85,-1.74,1.15,115.64,23,5,2,0,35.2941267,136.2544650,93.50, 0.33
1301886,0.51,-0.69,9.66,0.73,-0.01,-0.05,0.68,-3.71,4.54,85.60,10.59,0.00,0,2,1000.74,38.86,113.56,1000.75,37.10,112.82,0.63,1000.16,37.12,118.25,-0.07,0.34,105.21,284.85,6463,-0.83,-0.18,9.28,0.53,-0.02,-0.00,0.85,-1.72,1.12,115.68,23,5,2,0,35.2941267,136.2544650,93.50, 0.33
1301943,0.54,-0.72,9.62,0.73,-0.01,-0.05,0.68,-3.70,4.60,85.61,10.60,0.00,0,2,1000.74,38.87,113.53,1000.75,37.10,112.81,0.63,1000.16,37.12,118.21,-0.05,0.30,105.21,284.77,6464,-0.79,0.62,9.49,0.53,-0.02,0.00,0.85,-1.69,1.05,115.70,23,5,3,0,35.2941217,136.2544633,93.50, 0.33
1301996,0.56,-0.71,9.61,0.73,-0.01,-0.05,0.68,-3.70,4.67,85.60,10.59,0.00,0,2,1000.74,38.85,113.54,1000.75,37.10,112.82,0.63,1000.16,37.11,118.26,-0.05,0.30,105.29,284.85,6465,-0.28,1.00,9.51,0.53,-0.02,0.00,0.85,-1.68,1.01,115.69,23,5,3,0,35.2941217,136.2544633,93.50, 0.33
1302052,0.55,-0.69,9.74,0.73,-0.01,-0.05,0.68,-3.71,4.75,85.60,10.59,0.00,0,2,1000.74,38.85,113.56,1000.75,37.10,112.86,0.62,1000.15,37.11,118.26,-0.07,0.34,105.29,284.85,6465,-0.04,0.86,9.47,0.53,-0.02,0.00,0.85,-1.67,0.96,115.71,23,5,3,0,35.2941217,136.2544633,93.50, 0.33
1302106,0.45,-0.76,9.58,0.73,-0.01,-0.05,0.68,-3.70,4.83,85.60,10.60,0.00,0,2,1000.74,38.86,113.54,1000.75,37.10,112.86,0.62,1000.16,37.11,118.21,-0.05,0.30,105.29,284.85,6465,-0.13,0.37,9.22,0.53,-0.02,0.00,0.85,-1.65,0.90,115.73,23,5,3,0,35.2941217,136.2544633,93.50, 0.33
1302164,0.51,-0.80,9.59,0.73,-0.01,-0.05,0.68,-3.70,4.93,85.60,10.59,0.00,0,2,1000.74,38.87,113.54,1000.75,37.11,112.80,0.62,1000.16,37.12,118.20,-0.05,0.30,105.29,284.77,6466,-0.58,0.72,9.37,0.53,-0.02,0.00,0.85,-1.64,0.83,115.76,23,5,3,0,35.2941217,136.2544633,93.50, 0.33
1302220,0.48,-0.84,9.56,0.73,-0.01,-0.05,0.68,-3.70,5.02,85.60,10.58,0.00,0,2,1000.74,38.88,113.55,1000.76,37.12,112.81,0.62,1000.16,37.11,118.22,-0.05,0.30,105.29,284.77,6464,-0.43,1.95,9.61,0.53,-0.02,0.00,0.85,-1.63,0.75,115.77,23,5,3,0,35.2941217,136.2544633,93.50, 0.33
1302273,0.47,-0.88,9.69,0.73,-0.01,-0.05,0.68,-3.71,5.14,85.60,10.58,0.00,0,2,1000.74,38.87,113.57,1000.76,37.12,112.78,0.61,1000.16,37.12,118.25,-0.07,0.34,105.29,284.77,6466,-0.42,0.39,9.37,0.53,-0.02,0.00,0.85,-1.62,0.69,115.77,23,5,3,0,35.2941217,136.2544633,93.50, 0.33
1302331,0.51,-0.82,9.54,0.73,-0.01,-0.05,0.68,-3.70,5.23,85.61,10.58,0.00,0,2,1000.74,38.86,113.58,1000.76,37.12,112.79,0.61,1000.16,37.12,118.22,-0.05,0.30,105.21,284.85,6466,-0.28,-0.58,8.93,0.53,-0.01,0.00,0.85,-1.61,0.62,115.77,23,5,3,0,35.2941217,136.2544633,93.50, 0.33
1302384,0.48,-0.82,9.65,0.73,-0.01,-0.06,0.68,-3.70,5.36,85.60,10.58,0.00,0,2,1000.75,38.88,113.52,1000.76,37.13,112.79,0.60,1000.16,37.12,118.18,-0.05,0.30,105.29,284.77,6464,-0.11,0.11,9.31,0.53,-0.01,0.00,0.85,-1.60,0.52,115.79,23,5,3,0,35.2941217,136.2544633,93.50, 0.33
1302441,0.48,-0.75,9.70,0.73,-0.01,-0.06,0.68,-3.70,5.43,85.60,10.57,0.00,0,2,1000.75,38.88,113.53,1000.75,37.11,112.82,0.60,1000.16,37.11,118.19,-0.05,0.30,105.21,284.77,6465,-0.46,-0.12,9.20,0.53,-0.01,0.00,0.85,-1.60,0.44,115.79,23,5,3,0,35.2941217,136.2544633,93.50, 0.33
1302492,0.44,-0.72,9.64,0.73,-0.01,-0.06,0.68,-3.67,5.47,85.60,10.56,0.00,0,2,1000.75,38.88,113.49,1000.75,37.12,112.80,0.59,1000.16,37.11,118.26,-0.03,0.24,105.21,284.77,6465,-0.17,-0.07,9.15,0.53,-0.01,0.00,0.85,-1.57,0.39,115.79,23,5,3,0,35.2941217,136.2544633,93.50, 0.33
1302547,0.47,-0.53,9.69,0.73,-0.01,-0.06,0.68,-3.63,5.45,85.59,10.56,0.00,0,2,1000.75,38.89,113.49,1000.76,37.12,112.79,0.59,1000.16,37.12,118.20,-0.08,0.38,105.21,284.85,6464,-0.79,-0.27,9.26,0.53,-0.01,0.00,0.85,-1.56,0.33,115.81,23,5,3,0,35.2941217,136.2544633,93.50, 0.33
1302603,0.57,-0.90,9.78,0.73,-0.01,-0.06,0.68,-3.59,5.41,85.59,10.57,0.00,0,2,1000.75,38.88,113.50,1000.76,37.12,112.78,0.58,1000.16,37.11,118.21,-0.05,0.30,105.29,284.77,6464,0.18,1.70,9.80,0.53,-0.01,0.01,0.85,-1.55,0.24,115.79,23,5,3,0,35.2941217,136.2544633,93.50, 0.33
1302659,0.50,-0.95,9.35,0.73,-0.01,-0.06,0.68,-3.59,5.42,85.59,10.56,0.00,0,2,1000.74,38.87,113.53,1000.76,37.12,112.76,0.58,1000.16,37.12,118.20,-0.05,0.30,105.21,284.77,6465,0.15,0.11,8.94,0.53,-0.01,0.01,0.85,-1.54,0.28,115.79,23,5,3,0,35.2941217,136.2544633,93.50, 0.33
1302711,0.57,-0.97,9.52,0.73,-0.01,-0.06,0.68,-3.58,5.43,85.59,10.56,0.00,0,2,1000.75,38.89,113.50,1000.76,37.12,112.74,0.57,1000.16,37.12,118.18,-0.07,0.34,105.21,284.77,6464,-0.02,-0.05,9.02,0.53,-0.01,0.00,0.85,-1.52,0.29,115.79,23,5,3,0,35.2941217,136.2544633,93.50, 0.33
1302768,0.53,-0.89,9.54,0.73,-0.01,-0.06,0.68,-3.58,5.43,85.59,10.56,0.00,0,2,1000.75,38.88,113.47,1000.76,37.11,112.75,0.56,1000.16,37.12,118.20,-0.05,0.30,105.21,284.77,6466,0.28,0.13,9.07,0.53,-0.01,0.01,0.85,-1.52,0.26,115.78,23,5,3,0,35.2941217,136.2544633,93.50, 0.29
1302822,0.58,-0.94,9.61,0.73,-0.01,-0.06,0.68,-3.58,5.44,85.59,10.55,0.00,0,2,1000.75,38.89,113.49,1000.76,37.12,112.76,0.56,1000.16,37.12,118.18,-0.05,0.30,105.29,284.77,6465,0.14,1.46,9.47,0.53,-0.01,0.01,0.85,-1.51,0.23,115.78,23,5,3,0,35.2941217,136.2544633,93.50, 0.29
1302880,0.61,-0.85,9.58,0.73,-0.01,-0.06,0.68,-3.58,5.44,85.59,10.55,0.00,0,2,1000.75,38.87,113.47,1000.76,37.12,112.73,0.55,1000.16,37.11,118.19,-0.07,0.34,105.21,284.94,6464,-1.25,0.17,9.16,0.53,-0.01,0.01,0.85,-1.50,0.23,115.83,23,5,4,0,35.2941283,136.2544633,93.50, 0.29
1302932,0.59,-0.87,9.74,0.73,-0.01,-0.06,0.68,-3.58,5.46,85.58,10.55,0.00,0,2,1000.76,38.89,113.44,1000.76,37.12,112.70,0.54,1000.17,37.12,118.15,-0.07,0.34,105.21,284.85,6464,-0.70,-0.15,9.17,0.53,-0.01,0.01,0.85,-1.48,0.23,115.83,23,5,4,0,35.2941283,136.2544633,93.50, 0.29
1302987,0.45,-0.80,9.80,0.73,-0.01,-0.06,0.68,-3.57,5.49,85.58,10.54,0.00,0,2,1000.75,38.89,113.46,1000.76,37.11,112.73,0.54,1000.17,37.12,118.16,-0.07,0.34,105.21,284.85,6465,-0.92,0.17,9.52,0.53,-0.01,0.01,0.85,-1.47,0.19,115.82,23,5,4,0,35.2941283,136.2544633,93.50, 0.29
1303041,0.52,-0.90,10.09,0.73,-0.01,-0.06,0.68,-3.53,5.49,85.59,10.54,0.00,0,2,1000.75,38.88,113.45,1000.76,37.12,112.77,0.53,1000.17,37.13,118.16,-0.05,0.30,105.29,284.68,6465,0.26,1.47,9.81,0.53,-0.01,0.01,0.85,-1.47,0.15,115.78,23,5,4,0,35.2941283,136.2544633,93.50, 0.29
1303095,0.43,-0.96,9.76,0.73,-0.01,-0.06,0.68,-3.52,5.53,85.58,10.54,0.00,0,2,1000.76,38.88,113.41,1000.77,37.12,112.69,0.51,1000.17,37.12,118.15,-0.05,0.30,105.21,284.77,6465,-0.25,0.00,9.27,0.53,-0.01,0.01,0.85,-1.47,0.15,115.80,23,5,4,0,35.2941283,136.2544633,93.50, 0.29
1303151,0.43,-1.12,9.78,0.73,-0.02,-0.06,0.68,-3.50,5.60,85.59,10.52,0.00,0,2,1000.76,38.90,113.42,1000.77,37.12,112.69,0.50,1000.17,37.12,118.13,-0.05,0.30,105.21,284.77,6464,0.12,0.00,9.25,0.53,-0.01,0.01,0.85,-1.47,0.10,115.80,23,5,4,0,35.2941283,136.2544633,93.50, 0.29
1303207,0.44,-1.07,9.68,0.73,-0.02,-0.06,0.68,-3.47,5.70,85.59,10.51,0.00,0,2,1000.76,38.89,113.39,1000.77,37.12,112.71,0.50,1000.17,37.12,118.11,-0.05,0.30,105.29,284.77,6463,-0.95,2.97,10.02,0.53,-0.01,0.01,0.85,-1.47,-0.01,115.83,23,5,4,0,35.2941283,136.2544633,93.50, 0.29
1303260,0.55,-0.75,9.96,0.73,-0.02,-0.06,0.68,-3.46,5.76,85.59,10.51,0.00,0,2,1000.76,38.89,113.39,1000.77,37.13,112.67,0.50,1000.17,37.13,118.14,-0.07,0.34,105.21,284.77,6463,-0.53,2.17,9.80,0.53,-0.01,0.01,0.85,-1.45,-0.05,115.83,23,5,4,0,35.2941283,136.2544633,93.50, 0.29
1303317,0.52,-1.01,9.63,0.73,-0.02,-0.06,0.68,-3.47,5.80,85.59,10.52,0.00,0,2,1000.75,38.88,113.45,1000.77,37.13,112.70,0.50,1000.17,37.12,118.11,-0.05,0.30,105.21,284.77,6466,-0.95,0.99,9.55,0.53,-0.01,0.01,0.85,-1.45,-0.05,115.84,23,5,4,0,35.2941283,136.2544633,93.50, 0.29
1303371,0.52,-0.91,9.41,0.73,-0.02,-0.06,0.68,-3.47,5.81,85.59,10.52,0.00,0,2,1000.76,38.89,113.41,1000.77,37.12,112.67,0.49,1000.17,37.13,118.10,-0.05,0.30,105.21,284.77,6464,-0.56,1.06,9.42,0.53,-0.01,0.01,0.85,-1.42,-0.05,115.84,23,5,4,0,35.2941283,136.2544633,93.50, 0.29
1303427,0.56,-0.91,9.44,0.73,-0.02,-0.06,0.68,-3.47,5.82,85.59,10.52,0.00,0,2,1000.76,38.88,113.40,1000.77,37.12,112.67,0.48,1000.17,37.12,118.11,-0.05,0.30,105.29,284.77,6464,0.44,0.85,9.28,0.53,-0.01,0.01,0.85,-1.40,-0.06,115.83,23,5,4,0,35.2941283,136.2544633,93.50, 0.29
1303480,0.39,-0.69,9.67,0.73,-0.02,-0.06,0.68,-3.43,5.78,85.59,10.53,0.00,0,2,1000.76,38.89,113.40,1000.77,37.12,112.71,0.48,1000.17,37.12,118.10,-0.05,0.30,105.29,284.77,6465,0.66,1.10,9.72,0.53,-0.01,0.01,0.85,-1.37,-0.07,115.82,23,5,4,0,35.2941283,136.2544633,93.50, 0.29
1303536,0.41,-1.07,10.07,0.73,-0.02,-0.06,0.68,-3.42,5.79,85.59,10.54,0.00,0,2,1000.76,38.90,113.40,1000.77,37.12,112.69,0.47,1000.18,37.11,118.07,-0.07,0.34,105.21,284.68,6466,-1.07,1.42,10.02,0.53,-0.01,0.01,0.85,-1.38,-0.10,115.88,23,5,4,0,35.2941283,136.2544633,93.50, 0.29
1303589,0.32,-1.62,10.64,0.73,-0.02,-0.06,0.68,-3.38,5.83,85.65,10.53,0.00,0,2,1000.76,38.89,113.37,1000.77,37.12,112.66,0.47,1000.18,37.12,118.05,-0.05,0.30,105.21,284.50,6465,-0.22,1.77,10.44,0.53,-0.01,0.01,0.85,-1.27,-0.05,115.94,23,5,4,0,35.2941283,136.2544633,93.50, 0.26
1303645,0.30,-1.25,10.18,0.73,-0.02,-0.06,0.68,-3.24,5.88,85.68,10.50,0.00,0,2,1000.77,38.89,113.34,1000.77,37.13,112.64,0.47,1000.18,37.12,118.04,-0.07,0.34,105.12,284.50,6465,-0.27,2.71,9.94,0.53,-0.01,0.01,0.85,-1.18,-0.06,116.01,23,5,4,0,35.2941283,136.2544633,93.50, 0.26
1303699,0.34,-1.13,9.33,0.73,-0.02,-0.05,0.68,-3.21,5.79,85.67,10.51,0.00,0,2,1000.76,38.89,113.39,1000.77,37.14,112.61,0.47,1000.17,37.12,118.13,-0.07,0.34,105.21,284.50,6464,-1.27,3.47,10.02,0.53,-0.01,0.01,0.85,-1.18,0.03,116.08,23,5,4,0,35.2941283,136.2544633,93.50, 0.26
1303756,0.48,-0.64,9.58,0.73,-0.02,-0.05,0.68,-3.21,5.69,85.68,10.53,0.00,0,2,1000.76,38.89,113.41,1000.77,37.14,112.68,0.46,1000.17,37.12,118.10,-0.07,0.34,105.12,284.50,6465,0.15,-1.41,8.74,0.53,-0.01,0.00,0.85,-1.15,0.21,116.05,23,5,4,0,35.2941283,136.2544633,93.50, 0.26
1303809,0.32,-0.68,9.97,0.73,-0.02,-0.05,0.68,-3.22,5.62,85.68,10.54,0.00,0,2,1000.76,38.89,113.39,1000.77,37.12,112.67,0.46,1000.18,37.13,118.02,-0.05,0.30,105.21,284.50,6464,0.00,3.02,10.48,0.53,-0.01,0.00,0.85,-1.13,0.24,116.10,23,5,4,0,35.2941283,136.2544633,93.50, 0.26
1303868,0.24,-0.96,9.54,0.73,-0.02,-0.05,0.68,-3.22,5.58,85.68,10.54,0.00,0,2,1000.76,38.90,113.38,1000.77,37.14,112.66,0.46,1000.17,37.12,118.13,-0.07,0.34,105.03,284.50,6464,0.14,4.21,10.16,0.53,-0.01,0.00,0.85,-1.14,0.24,116.12,23,5,4,0,35.2941283,136.2544633,93.50, 0.26
1303921,0.13,-0.89,9.47,0.73,-0.02,-0.05,0.68,-3.17,5.55,85.68,10.54,0.00,0,2,1000.76,38.89,113.39,1000.78,37.14,112.61,0.46,1000.17,37.12,118.10,-0.07,0.34,105.12,284.59,6465,0.22,3.48,10.28,0.53,-0.01,0.00,0.85,-1.10,0.34,116.16,23,5,4,0,35.2941283,136.2544633,93.50, 0.26
1303977,0.35,-1.08,9.75,0.73,-0.02,-0.05,0.68,-3.14,5.53,85.70,10.55,0.00,0,2,1000.77,38.90,113.35,1000.77,37.13,112.64,0.45,1000.18,37.12,118.04,-0.08,0.38,105.21,284.50,6465,-0.40,-0.60,9.13,0.53,-0.01,0.00,0.85,-1.09,0.39,116.23,23,5,4,0,35.2941283,136.2544633,93.50, 0.26
1304030,0.44,-0.98,9.49,0.73,-0.02,-0.05,0.68,-3.11,5.55,85.70,10.55,0.00,0,2,1000.76,38.91,113.36,1000.77,37.13,112.65,0.45,1000.18,37.12,118.06,-0.05,0.30,105.29,284.50,6466,-0.71,3.49,10.15,0.53,-0.01,0.00,0.85,-1.07,0.34,116.25,23,5,4,0,35.2941283,136.2544633,93.50, 0.26
1304088,0.51,-0.61,9.34,0.73,-0.02,-0.05,0.68,-3.11,5.51,85.70,10.56,0.00,0,2,1000.76,38.91,113.38,1000.77,37.12,112.69,0.45,1000.17,37.12,118.08,-0.05,0.30,105.21,284.50,6464,-0.79,1.74,9.48,0.53,-0.01,0.00,0.85,-1.03,0.43,116.30,23,5,4,0,35.2941283,136.2544633,93.50, 0.26
1304141,0.32,-0.60,9.69,0.73,-0.02,-0.05,0.68,-3.08,5.49,85.70,10.57,0.00,0,2,1000.76,38.90,113.37,1000.77,37.13,112.69,0.44,1000.17,37.12,118.08,-0.07,0.34,105.21,284.50,6465,-0.35,1.71,10.06,0.53,-0.01,0.00,0.85,-0.95,0.51,116.31,23,5,4,0,35.2941283,136.2544633,93.50, 0.26
1304198,0.31,-0.57,9.94,0.73,-0.02,-0.05,0.68,-3.06,5.40,85.69,10.56,0.00,0,2,1000.77,38.90,113.35,1000.78,37.14,112.59,0.45,1000.18,37.13,118.07,-0.05,0.30,105.21,284.50,6465,-0.08,0.26,9.61,0.53,-0.01,-0.00,0.85,-0.93,0.59,116.32,23,5,4,0,35.2941283,136.2544633,93.50, 0.26
1304251,0.41,-0.68,9.82,0.73,-0.02,-0.05,0.68,-3.00,5.30,85.69,10.56,0.00,0,2,1000.77,38.90,113.35,1000.77,37.14,112.67,0.45,1000.18,37.12,118.07,-0.05,0.30,105.21,284.50,6464,-0.12,0.45,9.50,0.53,-0.01,-0.00,0.85,-0.86,0.65,116.35,23,5,4,0,35.2941283,136.2544633,93.50, 0.26
1304307,0.32,-0.73,9.55,0.73,-0.02,-0.05,0.68,-2.96,5.18,85.69,10.57,0.00,0,2,1000.76,38.90,113.38,1000.77,37.13,112.63,0.44,1000.18,37.12,118.04,-0.05,0.30,105.29,284.50,6464,-0.30,1.61,9.62,0.53,-0.01,-0.00,0.85,-0.84,0.70,116.36,23,5,4,0,35.2941283,136.2544633,93.50, 0.26
1304361,0.44,-0.84,9.54,0.73,-0.02,-0.05,0.68,-2.94,5.11,85.68,10.57,0.00,0,2,1000.76,38.90,113.37,1000.77,37.13,112.64,0.44,1000.18,37.12,118.05,-0.07,0.34,105.21,284.50,6463,-0.21,2.28,9.88,0.53,-0.01,-0.00,0.85,-0.79,0.78,116.36,23,5,4,0,35.2941283,136.2544633,93.50, 0.26
1304418,0.39,-0.81,9.61,0.73,-0.02,-0.05,0.68,-2.89,5.06,85.68,10.57,0.00,0,2,1000.76,38.90,113.36,1000.77,37.12,112.67,0.44,1000.18,37.13,118.03,-0.07,0.34,105.21,284.50,6464,-0.24,0.38,9.28,0.53,-0.01,-0.00,0.85,-0.76,0.83,116.36,23,5,4,0,35.2941283,136.2544633,93.50, 0.26
1304475,0.45,-0.85,9.66,0.73,-0.02,-0.05,0.68,-2.85,5.03,85.68,10.57,0.00,0,2,1000.77,38.90,113.34,1000.77,37.12,112.64,0.44,1000.18,37.14,118.00,-0.05,0.30,105.21,284.50,6464,-0.17,1.10,9.56,0.53,-0.01,-0.00,0.85,-0.68,0.89,116.36,23,5,4,0,35.2941283,136.2544633,93.50, 0.26
1304528,0.54,-1.00,9.95,0.73,-0.02,-0.05,0.68,-2.80,4.98,85.68,10.58,0.00,0,2,1000.76,38.90,113.36,1000.77,37.14,112.64,0.43,1000.18,37.12,117.99,-0.05,0.30,105.29,284.50,6465,-0.40,1.96,10.19,0.53,-0.01,-0.00,0.85,-0.61,0.91,116.36,23,5,4,0,35.2941283,136.2544633,93.50, 0.26
1304586,1.13,-1.09,9.94,0.73,-0.01,-0.05,0.68,-2.76,4.89,85.67,10.57,0.00,0,2,1000.76,38.91,113.36,1000.77,37.13,112.65,0.43,1000.18,37.14,118.00,-0.07,0.34,105.21,284.50,6464,-0.96,1.07,9.77,0.53,-0.01,-0.01,0.85,-0.54,1.04,116.40,23,5,4,0,35.2941283,136.2544633,93.50, 0.26
1304640,0.88,-0.78,9.41,0.73,-0.01,-0.05,0.68,-2.74,4.80,85.67,10.57,0.00,0,2,1000.76,38.89,113.37,1000.78,37.13,112.61,0.43,1000.18,37.12,118.02,-0.07,0.34,105.29,284.59,6465,-1.22,1.77,9.67,0.53,-0.01,-0.01,0.85,-0.52,1.06,116.40,23,5,5,0,35.2941333,136.2544617,93.50, 0.28
1304697,0.52,-0.90,9.39,0.73,-0.01,-0.05,0.68,-2.71,4.71,85.67,10.57,0.00,0,2,1000.76,38.89,113.37,1000.78,37.13,112.62,0.43,1000.18,37.14,118.01,-0.05,0.30,105.29,284.59,6465,-0.31,2.37,9.79,0.53,-0.01,-0.01,0.85,-0.44,1.18,116.39,23,5,5,0,35.2941333,136.2544617,93.50, 0.28
1304756,0.23,-0.68,9.99,0.73,-0.01,-0.04,0.68,-2.66,4.60,85.66,10.57,0.00,0,2,1000.77,38.90,113.35,1000.77,37.11,112.64,0.43,1000.18,37.13,118.02,-0.05,0.30,105.21,284.50,6465,-0.07,0.77,9.89,0.53,-0.01,-0.01,0.85,-0.37,1.33,116.38,23,5,5,0,35.2941333,136.2544617,93.50, 0.28
1304814,0.10,-0.68,9.87,0.73,-0.01,-0.04,0.68,-2.62,4.53,85.66,10.57,0.00,0,2,1000.77,38.90,113.35,1000.78,37.13,112.62,0.43,1000.18,37.12,118.04,-0.05,0.30,105.21,284.50,6464,-0.20,1.36,9.63,0.53,-0.01,-0.01,0.85,-0.28,1.43,116.38,23,5,5,0,35.2941333,136.2544617,93.50, 0.28
1304867,0.35,-0.80,9.68,0.73,-0.01,-0.04,0.68,-2.58,4.43,85.65,10.58,0.00,0,2,1000.77,38.90,113.35,1000.77,37.14,112.65,0.43,1000.18,37.12,118.02,-0.05,0.30,105.29,284.50,6466,0.08,1.03,9.62,0.53,-0.01,-0.01,0.85,-0.22,1.54,116.38,23,5,5,0,35.2941333,136.2544617,93.50, 0.28
1304923,0.27,-0.52,10.05,0.73,-0.01,-0.04,0.68,-2.57,4.33,85.66,10.58,0.00,0,2,1000.76,38.90,113.37,1000.78,37.14,112.65,0.43,1000.18,37.12,118.05,-0.05,0.30,105.21,284.50,6465,-0.06,0.67,9.87,0.53,-0.01,-0.01,0.85,-0.19,1.62,116.37,23,5,5,0,35.2941333,136.2544617,93.50, 0.28
1304976,0.32,-0.76,9.60,0.73,-0.01,-0.04,0.68,-2.55,4.24,85.63,10.58,0.00,0,2,1000.77,38.90,113.34,1000.77,37.13,112.60,0.43,1000.18,37.12,118.02,-0.05,0.30,105.21,284.50,6465,-0.06,1.72,9.66,0.53,-0.01,-0.01,0.85,-0.15,1.68,116.36,23,5,6,0,35.2941300,136.2544583,93.40, 0.28
1305034,0.19,-0.80,9.59,0.73,-0.01,-0.04,0.68,-2.53,4.19,85.62,10.58,0.00,0,2,1000.76,38.90,113.37,1000.77,37.14,112.66,0.43,1000.18,37.12,118.02,-0.07,0.34,105.21,284.50,6465,-0.19,1.39,9.74,0.53,-0.01,-0.01,0.85,-0.12,1.80,116.35,23,5,6,0,35.2941300,136.2544583,93.40, 0.28
1305086,0.27,-0.74,9.90,0.73,-0.01,-0.04,0.68,-2.51,4.08,85.57,10.58,0.00,0,2,1000.77,38.89,113.32,1000.78,37.12,112.60,0.43,1000.19,37.13,117.99,-0.07,0.34,105.21,284.50,6465,-0.32,1.33,9.66,0.53,-0.01,-0.01,0.85,-0.10,1.92,116.33,23,5,6,0,35.2941300,136.2544583,93.40, 0.28
1305140,0.23,-0.78,9.56,0.73,-0.01,-0.04,0.68,-2.48,4.00,85.57,10.58,0.00,0,2,1000.76,38.89,113.37,1000.77,37.14,112.59,0.42,1000.18,37.14,118.03,-0.07,0.34,105.21,284.50,6464,0.28,1.28,9.57,0.53,-0.01,-0.01,0.85,-0.08,1.98,116.30,23,5,6,0,35.2941300,136.2544583,93.40, 0.28
1305196,0.35,-0.63,9.84,0.73,-0.01,-0.04,0.68,-2.47,3.88,85.56,10.58,0.00,0,2,1000.76,38.91,113.36,1000.77,37.14,112.66,0.42,1000.18,37.12,118.02,-0.05,0.30,105.21,284.50,6464,0.04,1.47,9.74,0.53,-0.01,-0.02,0.85,-0.06,2.14,116.29,23,5,6,0,35.2941300,136.2544583,93.40, 0.28
1305250,0.34,-0.46,9.83,0.73,-0.01,-0.04,0.68,-2.46,3.75,85.54,10.59,0.00,0,2,1000.76,38.89,113.37,1000.77,37.13,112.65,0.42,1000.18,37.12,118.02,-0.07,0.34,105.21,284.50,6466,0.19,1.01,9.67,0.53,-0.01,-0.02,0.85,-0.04,2.28,116.28,23,5,6,0,35.2941300,136.2544583,93.40, 0.28
1305306,0.38,-0.65,9.54,0.73,-0.01,-0.04,0.68,-2.45,3.59,85.55,10.59,0.00,0,2,1000.77,38.90,113.34,1000.77,37.13,112.63,0.42,1000.18,37.12,118.04,-0.05,0.30,105.21,284.50,6464,-0.53,0.80,9.53,0.53,-0.01,-0.02,0.85,-0.03,2.38,116.29,23,5,6,0,35.2941300,136.2544583,93.40, 0.28
1305358,0.28,-0.53,9.73,0.73,-0.01,-0.04,0.68,-2.44,3.48,85.52,10.59,0.00,0,2,1000.77,38.90,113.32,1000.77,37.14,112.63,0.42,1000.18,37.12,118.04,-0.07,0.34,105.21,284.50,6465,-0.25,0.71,9.60,0.53,-0.01,-0.02,0.85,-0.00,2.56,116.27,23,5,6,0,35.2941300,136.2544583,93.40, 0.28
1305415,0.15,-0.52,9.77,0.73,-0.01,-0.04,0.68,-2.42,3.32,85.50,10.60,0.00,0,2,1000.77,38.91,113.34,1000.77,37.12,112.66,0.42,1000.18,37.11,118.05,-0.05,0.30,105.21,284.50,6465,0.09,1.43,9.77,0.53,-0.01,-0.02,0.85,0.02,2.74,116.24,23,5,6,0,35.2941300,136.2544583,93.40, 0.28
1305473,0.24,-0.58,9.67,0.73,-0.01,-0.03,0.68,-2.40,3.18,85.47,10.60,0.00,0,2,1000.77,38.91,113.31,1000.77,37.13,112.63,0.42,1000.18,37.11,118.06,-0.05,0.30,105.21,284.59,6463,-0.14,1.23,9.79,0.53,-0.01,-0.02,0.85,0.04,2.92,116.23,23,5,6,0,35.2941300,136.2544583,93.40, 0.28
1305525,0.30,-0.46,9.70,0.73,-0.01,-0.03,0.68,-2.37,3.00,85.44,10.60,0.00,0,2,1000.77,38.89,113.35,1000.78,37.13,112.61,0.42,1000.18,37.12,118.04,-0.07,0.34,105.21,284.50,6465,-0.11,0.74,9.52,0.53,-0.01,-0.02,0.85,0.05,3.03,116.23,23,5,6,0,35.2941300,136.2544583,93.40, 0.28
1305579,0.37,-0.54,9.72,0.73,-0.00,-0.03,0.68,-2.36,2.83,85.41,10.59,0.00,0,2,1000.77,38.91,113.34,1000.78,37.13,112.65,0.42,1000.18,37.12,118.02,-0.05,0.30,105.21,284.50,6464,-0.21,1.09,9.72,0.53,-0.01,-0.02,0.85,0.05,3.24,116.22,23,5,6,0,35.2941300,136.2544583,93.40, 0.28
1305633,0.32,-0.43,9.69,0.74,-0.00,-0.03,0.68,-2.36,2.61,85.37,10.59,0.00,0,2,1000.77,38.92,113.32,1000.78,37.14,112.65,0.42,1000.18,37.13,118.03,-0.07,0.34,105.21,284.50,6466,-0.08,0.96,9.68,0.53,-0.01,-0.02,0.85,0.03,3.23,116.20,23,5,6,0,35.2941300,136.2544583,93.40, 0.28
1305687,0.22,-0.36,9.79,0.74,-0.00,-0.03,0.68,-2.34,2.41,85.32,10.59,0.00,0,2,1000.77,38.91,113.34,1000.78,37.14,112.61,0.42,1000.18,37.12,118.02,-0.05,0.30,105.21,284.50,6465,0.04,0.87,9.73,0.53,-0.01,-0.02,0.85,0.02,3.01,116.19,23,5,6,0,35.2941300,136.2544583,93.40, 0.28
1305742,0.20,-0.36,9.78,0.74,-0.00,-0.03,0.68,-2.31,2.24,85.28,10.60,0.00,0,2,1000.77,38.91,113.33,1000.77,37.12,112.66,0.41,1000.18,37.12,118.06,-0.07,0.34,105.21,284.50,6465,-0.06,0.63,9.63,0.53,-0.01,-0.02,0.85,0.02,2.45,116.19,23,5,6,0,35.2941300,136.2544583,93.40, 0.28
1305794,0.28,-0.27,9.81,0.74,0.00,-0.03,0.68,-2.29,2.02,85.24,10.60,0.00,0,2,1000.77,38.90,113.31,1000.78,37.14,112.65,0.42,1000.18,37.12,117.99,-0.05,0.30,105.21,284.50,6466,-0.13,0.71,9.68,0.53,-0.01,-0.01,0.85,-0.09,1.44,116.19,23,5,6,0,35.2941300,136.2544583,93.40, 0.28
1305848,0.21,-0.19,9.74,0.74,0.00,-0.03,0.68,-2.27,1.87,85.21,10.61,0.00,0,2,1000.77,38.93,113.30,1000.77,37.13,112.65,0.42,1000.18,37.11,118.05,-0.05,0.30,105.21,284.50,6464,-0.39,0.42,9.51,0.53,-0.01,-0.01,0.85,-0.12,1.33,116.18,23,5,6,0,35.2941300,136.2544583,93.40, 0.28
1305905,0.47,-0.35,9.47,0.74,0.00,-0.02,0.68,-2.27,1.75,85.16,10.59,0.00,0,2,1000.76,38.90,113.36,1000.77,37.14,112.65,0.42,1000.18,37.13,118.00,-0.05,0.30,105.29,284.50,6465,0.67,-0.47,9.47,0.53,-0.01,-0.01,0.85,-0.11,1.49,116.16,23,5,6,0,35.2941300,136.2544583,93.40, 0.28
1305962,0.17,-0.50,9.72,0.74,0.00,-0.02,0.68,-2.27,1.69,85.12,10.60,0.00,0,2,1000.76,38.91,113.37,1000.78,37.13,112.62,0.42,1000.18,37.13,118.02,-0.07,0.34,105.29,284.59,6464,-0.05,0.99,9.69,0.53,-0.01,-0.01,0.85,-0.11,1.50,116.13,23,5,7,0,35.2941250,136.2544583,93.40, 0.28
1306020,0.35,-0.49,9.60,0.74,0.00,-0.02,0.68,-2.27,1.65,85.11,10.60,0.00,0,2,1000.76,38.91,113.37,1000.77,37.14,112.64,0.42,1000.18,37.12,118.04,-0.05,0.30,105.29,284.59,6464,0.06,0.57,9.38,0.53,-0.01,-0.01,0.85,-0.09,1.56,116.12,23,5,7,0,35.2941250,136.2544583,93.40, 0.28
1306073,0.34,-0.38,9.57,0.74,0.00,-0.02,0.68,-2.28,1.56,85.10,10.60,0.00,0,2,1000.77,38.93,113.31,1000.78,37.14,112.58,0.42,1000.18,37.13,118.00,-0.05,0.30,105.29,284.59,6465,0.37,0.19,9.17,0.53,-0.01,-0.01,0.85,-0.07,1.68,116.11,23,5,7,0,35.2941250,136.2544583,93.40, 0.28
1306130,0.13,-0.08,9.73,0.74,0.00,-0.02,0.68,-2.28,1.41,85.07,10.60,0.00,0,2,1000.77,38.92,113.29,1000.77,37.14,112.56,0.41,1000.18,37.13,118.05,-0.05,0.30,105.29,284.50,6465,-0.07,0.90,9.63,0.53,-0.01,-0.01,0.85,-0.05,1.89,116.08,23,5,7,0,35.2941250,136.2544583,93.40, 0.28
1306182,0.28,0.08,9.29,0.74,0.01,-0.02,0.68,-2.26,1.13,85.02,10.59,0.00,0,2,1000.77,38.92,113.36,1000.77,37.14,112.68,0.41,1000.18,37.13,118.05,-0.03,0.24,105.29,284.50,6464,-0.10,0.88,9.47,0.53,-0.01,-0.01,0.85,-0.04,2.03,116.06,23,5,7,0,35.2941250,136.2544583,93.40, 0.28
1306235,0.19,-0.22,9.60,0.74,0.01,-0.02,0.68,-2.26,0.89,84.99,10.60,0.00,0,2,1000.77,38.93,113.35,1000.77,37.14,112.63,0.41,1000.18,37.14,118.03,-0.05,0.30,105.29,284.50,6466,0.24,-0.01,9.70,0.53,-0.01,-0.02,0.85,-0.02,2.36,116.04,23,5,7,0,35.2941250,136.2544583,93.40, 0.28
1306292,0.58,-0.09,9.86,0.74,0.01,-0.02,0.68,-2.26,0.71,84.98,10.60,0.00,0,2,1000.77,38.92,113.32,1000.77,37.14,112.66,0.41,1000.18,37.12,118.02,-0.05,0.30,105.29,284.59,6466,-0.32,0.55,9.68,0.53,-0.01,-0.02,0.85,-0.02,2.53,116.07,23,5,7,0,35.2941250,136.2544583,93.40, 0.28
1306345,0.35,0.02,10.01,0.74,0.01,-0.02,0.68,-2.28,0.52,84.98,10.60,0.00,0,2,1000.77,38.93,113.36,1000.78,37.14,112.63,0.41,1000.18,37.12,118.04,-0.07,0.34,105.29,284.59,6465,-0.33,0.82,9.78,0.53,-0.01,-0.02,0.85,-0.01,2.75,116.05,23,5,7,0,35.2941250,136.2544583,93.40, 0.28
1306402,0.12,-0.07,9.68,0.74,0.01,-0.02,0.68,-2.26,0.36,84.98,10.60,0.00,0,2,1000.77,38.92,113.32,1000.77,37.14,112.64,0.41,1000.18,37.12,118.06,-0.05,0.30,105.29,284.59,6465,0.06,0.37,9.51,0.53,-0.01,-0.02,0.85,-0.01,2.86,116.03,23,5,7,0,35.2941250,136.2544583,93.40, 0.28
1306456,0.10,0.08,9.93,0.74,0.01,-0.02,0.68,-2.19,0.18,84.96,10.60,0.00,0,2,1000.77,38.92,113.33,1000.77,37.15,112.64,0.41,1000.18,37.13,118.04,-0.07,0.34,105.29,284.59,6464,0.37,0.14,9.62,0.53,-0.01,-0.02,0.85,0.03,2.70,116.01,23,5,7,0,35.2941250,136.2544583,93.40, 0.28
1306513,0.10,0.03,9.58,0.74,0.01,-0.01,0.68,-2.11,-0.02,84.95,10.60,0.00,0,2,1000.77,38.92,113.33,1000.77,37.14,112.64,0.41,1000.18,37.13,118.00,-0.07,0.34,105.29,284.59,6466,-0.11,0.37,9.60,0.53,-0.01,-0.02,0.85,0.03,2.80,116.04,23,5,7,0,35.2941250,136.2544583,93.40, 0.28
1306571,0.30,0.14,9.88,0.74,0.01,-0.01,0.68,-2.09,-0.19,84.96,10.60,0.00,0,2,1000.77,38.92,113.32,1000.78,37.14,112.61,0.41,1000.18,37.12,118.04,-0.07,0.34,105.29,284.59,6465,0.13,0.63,9.89,0.53,-0.01,-0.02,0.85,0.04,3.11,116.00,23,5,7,0,35.2941250,136.2544583,93.40, 0.28
1306623,0.32,0.01,9.71,0.74,0.01,-0.01,0.68,-2.09,-0.35,84.96,10.60,0.00,0,2,1000.77,38.93,113.30,1000.77,37.14,112.68,0.41,1000.18,37.12,118.04,-0.05,0.30,105.29,284.59,6465,0.09,0.64,9.72,0.53,-0.01,-0.02,0.85,-0.00,2.94,116.00,23,5,7,0,35.2941250,136.2544583,93.40, 0.28
1306679,0.43,0.19,9.85,0.74,0.02,-0.01,0.68,-2.08,-0.50,84.96,10.60,0.00,0,2,1000.77,38.92,113.28,1000.77,37.14,112.61,0.41,1000.18,37.12,118.04,-0.07,0.34,105.29,284.59,6465,-0.35,-0.20,9.65,0.53,-0.01,-0.02,0.85,-0.00,3.05,116.01,23,5,7,0,35.2941250,136.2544583,93.40, 0.29
1306732,0.32,0.26,10.10,0.74,0.02,-0.01,0.68,-2.09,-0.65,84.95,10.59,0.00,0,2,1000.77,38.94,113.29,1000.77,37.14,112.65,0.41,1000.18,37.11,118.01,-0.03,0.24,105.29,284.59,6465,-0.09,-0.40,9.58,0.53,-0.01,-0.02,0.85,-0.00,3.20,116.00,23,5,7,0,35.2941250,136.2544583,93.40, 0.29
1306785,0.14,0.06,9.85,0.74,0.02,-0.01,0.68,-2.07,-0.72,84.95,10.60,0.00,0,2,1000.77,38.93,113.31,1000.78,37.14,112.61,0.41,1000.18,37.12,118.06,-0.05,0.30,105.29,284.59,6464,-0.09,1.13,9.74,0.53,-0.02,-0.02,0.85,-0.00,3.25,115.98,23,5,7,0,35.2941250,136.2544583,93.40, 0.29
1306841,0.28,0.09,9.95,0.74,0.02,-0.01,0.68,-2.03,-0.78,84.95,10.60,0.00,0,2,1000.77,38.92,113.30,1000.77,37.14,112.61,0.41,1000.18,37.12,118.05,-0.07,0.34,105.21,284.59,6465,0.02,-0.47,9.50,0.53,-0.02,-0.02,0.85,-0.00,3.32,115.98,23,5,7,0,35.2941250,136.2544583,93.40, 0.29
1306899,0.22,0.10,9.55,0.74,0.02,-0.01,0.68,-2.03,-0.83,84.95,10.59,0.00,0,2,1000.77,38.92,113.30,1000.78,37.15,112.63,0.41,1000.18,37.11,118.06,-0.05,0.30,105.21,284.59,6465,0.12,-0.22,9.38,0.53,-0.02,-0.03,0.85,0.00,3.38,115.98,23,5,8,0,35.2941267,136.2544617,93.40, 0.29
1306952,0.27,0.07,9.80,0.74,0.02,-0.01,0.68,-2.01,-0.92,84.96,10.59,0.00,0,2,1000.77,38.93,113.31,1000.78,37.15,112.61,0.41,1000.18,37.12,118.00,-0.05,0.30,105.29,284.59,6465,-0.05,0.23,9.54,0.53,-0.02,-0.03,0.85,0.01,3.48,115.99,23,5,8,0,35.2941267,136.2544617,93.40, 0.29
1307010,0.21,0.21,9.61,0.74,0.02,-0.01,0.68,-2.00,-1.02,84.96,10.59,0.00,0,2,1000.77,38.93,113.35,1000.78,37.15,112.62,0.41,1000.18,37.12,118.04,-0.05,0.30,105.29,284.59,6464,0.00,0.00,9.79,0.53,-0.02,-0.03,0.85,0.01,3.52,115.98,23,5,8,0,35.2941267,136.2544617,93.40, 0.29
1307061,0.16,0.12,9.71,0.74,0.02,-0.01,0.68,-2.00,-1.14,84.96,10.59,0.00,0,2,1000.77,38.94,113.32,1000.78,37.15,112.60,0.41,1000.18,37.13,118.02,-0.05,0.30,105.29,284.59,6466,-0.06,0.06,9.69,0.53,-0.02,-0.03,0.85,0.01,3.58,115.98,23,5,8,0,35.2941267,136.2544617,93.40, 0.29
1307119,0.14,0.16,9.75,0.74,0.02,-0.01,0.68,-2.00,-1.23,84.96,10.58,0.00,0,2,1000.77,38.92,113.32,1000.78,37.15,112.64,0.41,1000.18,37.13,117.99,-0.07,0.34,105.29,284.59,6466,-0.06,0.02,9.71,0.53,-0.02,-0.03,0.85,0.00,3.70,115.98,23,5,8,0,35.2941267,136.2544617,93.40, 0.29
1307171,0.30,0.15,9.73,0.74,0.02,-0.00,0.68,-1.98,-1.34,84.96,10.58,0.00,0,2,1000.77,38.93,113.33,1000.78,37.15,112.63,0.41,1000.18,37.13,118.03,-0.05,0.30,105.29,284.59,6463,-0.09,0.21,9.52,0.53,-0.02,-0.03,0.85,-0.02,3.43,115.98,23,5,8,0,35.2941267,136.2544617,93.40, 0.29
1307229,0.30,0.13,9.73,0.74,0.02,-0.00,0.68,-1.98,-1.44,84.96,10.59,0.00,0,2,1000.77,38.94,113.34,1000.77,37.14,112.64,0.41,1000.18,37.12,118.01,-0.05,0.30,105.21,284.59,6466,0.04,0.00,9.67,0.53,-0.02,-0.03,0.85,-0.03,3.44,115.98,23,5,8,0,35.2941267,136.2544617,93.40, 0.29
1307281,0.20,0.21,9.62,0.74,0.02,-0.00,0.68,-1.97,-1.58,84.96,10.59,0.00,0,2,1000.77,38.93,113.36,1000.78,37.16,112.62,0.40,1000.18,37.12,118.04,-0.05,0.30,105.29,284.59,6464,-0.06,0.35,9.52,0.53,-0.02,-0.03,0.85,-0.03,3.54,115.98,23,5,8,0,35.2941267,136.2544617,93.40, 0.29
1307334,0.09,0.19,9.79,0.74,0.02,-0.00,0.68,-1.95,-1.70,84.95,10.59,0.00,0,2,1000.77,38.93,113.36,1000.78,37.15,112.61,0.40,1000.18,37.12,118.04,-0.05,0.30,105.29,284.59,6464,-0.05,0.14,9.69,0.53,-0.02,-0.02,0.85,-0.04,3.30,115.98,23,5,8,0,35.2941267,136.2544617,93.40, 0.29
1307389,0.30,0.35,9.51,0.74,0.02,-0.00,0.68,-1.92,-1.86,84.95,10.59,0.00,0,2,1000.77,38.94,113.34,1000.78,37.15,112.64,0.40,1000.18,37.12,118.02,-0.03,0.24,105.29,284.59,6465,0.00,0.12,9.57,0.53,-0.01,-0.02,0.85,-0.06,3.14,115.98,23,5,8,0,35.2941267,136.2544617,93.40, 0.29
1307443,0.23,0.21,9.96,0.74,0.02,-0.00,0.68,-1.91,-2.04,84.95,10.60,0.00,0,2,1000.77,38.94,113.32,1000.77,37.15,112.58,0.41,1000.18,37.12,118.05,-0.05,0.30,105.29,284.59,6466,-0.23,0.00,9.71,0.53,-0.01,-0.02,0.85,-0.12,2.87,115.98,23,5,8,0,35.2941267,136.2544617,93.40, 0.29
1307499,0.32,0.40,9.61,0.74,0.03,0.00,0.68,-1.91,-2.23,84.95,10.60,0.00,0,2,1000.77,38.94,113.32,1000.77,37.15,112.65,0.41,1000.18,37.12,118.00,-0.07,0.34,105.29,284.59,6463,-0.18,0.05,9.60,0.53,-0.01,-0.02,0.85,-0.16,2.77,115.98,23,5,8,0,35.2941267,136.2544617,93.40, 0.29
1307552,0.24,0.41,9.93,0.74,0.03,0.00,0.68,-1.91,-2.40,84.95,10.60,0.00,0,2,1000.77,38.94,113.30,1000.77,37.15,112.64,0.40,1000.18,37.13,118.00,-0.07,0.34,105.29,284.59,6465,0.05,0.07,9.77,0.53,-0.01,-0.02,0.85,-0.18,2.85,115.98,23,5,8,0,35.2941267,136.2544617,93.40, 0.29
1307609,0.22,0.44,9.69,0.74,0.03,0.00,0.68,-1.89,-2.56,84.95,10.59,0.00,0,2,1000.77,38.94,113.31,1000.78,37.15,112.64,0.40,1000.18,37.13,118.02,-0.07,0.34,105.29,284.59,6466,0.18,0.02,9.72,0.53,-0.01,-0.02,0.85,-0.17,2.82,115.98,23,5,8,0,35.2941267,136.2544617,93.40, 0.21
1307666,0.15,0.44,9.79,0.74,0.03,0.00,0.68,-1.87,-2.71,84.95,10.60,0.00,0,2,1000.77,38.94,113.34,1000.77,37.14,112.60,0.40,1000.18,37.12,118.04,-0.03,0.24,105.29,284.59,6465,-0.02,-0.42,9.63,0.53,-0.01,-0.02,0.85,-0.16,2.88,115.98,23,5,8,0,35.2941267,136.2544617,93.40, 0.21
1307720,0.08,0.47,9.70,0.74,0.03,0.00,0.68,-1.84,-2.85,84.94,10.60,0.00,0,2,1000.77,38.94,113.34,1000.77,37.14,112.65,0.39,1000.18,37.13,118.02,-0.07,0.34,105.29,284.59,6466,-0.06,-0.11,9.55,0.53,-0.02,-0.02,0.85,-0.16,3.01,115.98,23,5,8,0,35.2941267,136.2544617,93.40, 0.21
1307777,0.10,0.66,9.85,0.74,0.03,0.01,0.68,-1.81,-2.97,84.93,10.60,0.00,0,2,1000.77,38.94,113.32,1000.77,37.15,112.64,0.40,1000.18,37.12,118.02,-0.07,0.34,105.29,284.59,6465,-0.08,-0.40,9.63,0.53,-0.02,-0.02,0.85,-0.13,3.13,115.98,23,5,8,0,35.2941267,136.2544617,93.40, 0.21
1307830,0.20,0.59,9.85,0.74,0.03,0.01,0.68,-1.78,-3.07,84.93,10.59,0.00,0,2,1000.77,38.94,113.28,1000.78,37.16,112.60,0.40,1000.19,37.12,117.98,-0.07,0.34,105.29,284.59,6464,-0.09,-0.03,9.74,0.53,-0.02,-0.02,0.85,-0.13,3.22,115.97,23,5,8,0,35.2941267,136.2544617,93.40, 0.21
1307887,0.31,0.58,9.58,0.74,0.03,0.01,0.68,-1.78,-3.13,84.91,10.59,0.00,0,2,1000.77,38.94,113.31,1000.78,37.17,112.61,0.40,1000.18,37.12,118.04,-0.05,0.30,105.29,284.59,6466,-0.12,-0.47,9.51,0.53,-0.02,-0.02,0.85,-0.13,3.26,115.97,23,5,9,0,35.2941267,136.2544650,93.40, 0.21
1307939,0.29,0.47,9.74,0.74,0.03,0.01,0.67,-1.78,-3.22,84.90,10.58,0.00,0,2,1000.77,38.95,113.32,1000.78,37.17,112.59,0.40,1000.18,37.14,118.01,-0.07,0.34,105.29,284.59,6465,-0.05,-0.44,9.48,0.53,-0.02,-0.02,0.85,-0.15,3.28,115.97,23,5,9,0,35.2941267,136.2544650,93.40, 0.21
1307997,0.28,0.37,9.90,0.74,0.03,0.01,0.67,-1.77,-3.32,84.90,10.59,0.00,0,2,1000.77,38.93,113.31,1000.78,37.16,112.60,0.40,1000.18,37.12,118.00,-0.07,0.34,105.29,284.59,6464,-0.12,-0.13,9.53,0.53,-0.02,-0.02,0.85,-0.15,3.39,115.96,23,5,9,0,35.2941267,136.2544650,93.40, 0.21
1308051,0.17,0.42,9.99,0.74,0.03,0.01,0.67,-1.75,-3.38,84.90,10.59,0.00,0,2,1000.77,38.93,113.33,1000.78,37.15,112.61,0.40,1000.18,37.13,118.00,-0.07,0.34,105.29,284.59,6461,0.03,0.37,9.80,0.53,-0.02,-0.03,0.85,-0.15,3.50,115.96,23,5,9,0,35.2941267,136.2544650,93.40, 0.21
1308106,0.03,0.64,9.73,0.74,0.03,0.01,0.67,-1.70,-3.42,84.87,10.60,0.00,0,2,1000.77,38.94,113.36,1000.78,37.16,112.63,0.40,1000.18,37.13,118.04,-0.03,0.24,105.21,284.59,6466,0.33,-0.85,9.40,0.53,-0.02,-0.03,0.85,-0.14,3.58,115.94,23,5,9,0,35.2941267,136.2544650,93.40, 0.21
1308157,0.18,0.85,9.81,0.74,0.03,0.01,0.67,-1.63,-3.52,84.84,10.60,0.00,0,2,1000.77,38.94,113.34,1000.77,37.16,112.62,0.40,1000.18,37.13,118.04,-0.05,0.30,105.21,284.59,6465,0.13,-0.90,9.57,0.53,-0.02,-0.03,0.85,-0.15,3.63,115.92,23,5,9,0,35.2941267,136.2544650,93.40, 0.21
1308215,0.24,0.58,9.58,0.74,0.03,0.01,0.67,-1.62,-3.54,84.83,10.61,0.00,0,2,1000.77,38.93,113.34,1000.78,37.15,112.62,0.40,1000.18,37.13,118.00,-0.05,0.30,105.29,284.59,6465,-0.04,-0.07,9.71,0.53,-0.02,-0.03,0.85,-0.15,3.63,115.91,23,5,9,0,35.2941267,136.2544650,93.40, 0.21
1308270,-1.19,0.11,9.96,0.74,0.03,0.01,0.67,-1.62,-3.53,84.80,10.61,0.00,0,2,1000.77,38.94,113.30,1000.77,37.15,112.64,0.40,1000.18,37.13,118.05,-0.05,0.30,105.21,284.68,6465,2.71,1.15,9.97,0.53,-0.02,-0.03,0.85,-0.12,3.61,115.89,23,5,9,0,35.2941267,136.2544650,93.40, 0.21
1308327,0.42,0.63,9.49,0.74,0.03,0.01,0.67,-1.63,-3.55,84.79,10.60,0.00,0,2,1000.77,38.94,113.34,1000.78,37.15,112.59,0.40,1000.18,37.12,118.06,-0.05,0.30,105.21,284.85,6464,-1.70,-1.94,9.26,0.53,-0.02,-0.03,0.85,-0.12,3.68,115.89,23,5,9,0,35.2941267,136.2544650,93.40, 0.21
1308378,0.16,0.57,9.56,0.74,0.03,0.01,0.67,-1.63,-3.56,84.75,10.60,0.00,0,2,1000.77,38.94,113.35,1000.78,37.15,112.67,0.40,1000.18,37.15,118.02,-0.05,0.30,105.21,284.77,6465,-0.50,-1.12,9.36,0.53,-0.02,-0.03,0.85,-0.12,3.71,115.87,23,5,9,0,35.2941267,136.2544650,93.40, 0.21
1308436,-0.85,0.42,9.86,0.74,0.03,0.01,0.67,-1.62,-3.55,84.71,10.59,0.00,0,2,1000.77,38.94,113.36,1000.78,37.15,112.61,0.40,1000.19,37.13,117.99,-0.07,0.34,105.29,284.77,6463,1.13,-0.31,9.43,0.53,-0.02,-0.03,0.85,-0.10,3.72,115.81,23,5,9,0,35.2941267,136.2544650,93.40, 0.21
1308489,0.31,0.65,9.61,0.74,0.03,0.01,0.67,-1.62,-3.56,84.70,10.60,0.00,0,2,1000.77,38.94,113.34,1000.78,37.16,112.61,0.40,1000.18,37.13,118.03,-0.05,0.30,105.29,284.77,6466,-1.23,0.33,9.78,0.53,-0.02,-0.03,0.85,-0.10,3.73,115.79,23,5,9,0,35.2941267,136.2544650,93.40, 0.21
1308546,0.16,0.32,9.86,0.74,0.03,0.01,0.67,-1.62,-3.56,84.66,10.60,0.00,0,2,1000.77,38.95,113.33,1000.78,37.15,112.62,0.40,1000.18,37.11,118.01,-0.05,0.30,105.21,284.77,6465,0.21,-0.75,9.46,0.53,-0.02,-0.03,0.85,-0.08,3.76,115.78,23,5,9,0,35.2941267,136.2544650,93.40, 0.21
1308599,0.08,0.76,9.67,0.74,0.03,0.01,0.67,-1.60,-3.57,84.62,10.60,0.00,0,2,1000.77,38.96,113.33,1000.78,37.16,112.62,0.40,1000.18,37.12,118.04,-0.07,0.34,105.12,284.77,6465,0.15,-1.22,9.21,0.53,-0.02,-0.03,0.85,-0.08,3.79,115.75,23,5,9,0,35.2941267,136.2544650,93.40, 0.37
1308656,0.18,0.44,9.78,0.74,0.03,0.01,0.67,-1.58,-3.58,84.61,10.61,0.00,0,2,1000.77,38.94,113.34,1000.77,37.15,112.65,0.40,1000.18,37.12,118.04,-0.05,0.30,105.21,284.77,6465,0.14,-1.09,9.45,0.53,-0.02,-0.03,0.85,-0.09,3.80,115.73,23,5,9,0,35.2941267,136.2544650,93.40, 0.37
1308714,0.10,0.59,9.70,0.74,0.03,0.01,0.67,-1.56,-3.56,84.59,10.61,0.00,0,2,1000.77,38.96,113.31,1000.78,37.16,112.63,0.40,1000.18,37.13,118.00,-0.05,0.30,105.21,284.77,6465,0.08,-0.48,9.47,0.53,-0.02,-0.03,0.85,-0.08,3.76,115.71,23,5,9,0,35.2941267,136.2544650,93.40, 0.37
1308766,0.30,0.53,9.78,0.74,0.03,0.01,0.67,-1.55,-3.53,84.57,10.61,0.00,0,2,1000.77,38.95,113.35,1000.78,37.16,112.60,0.40,1000.18,37.13,118.04,-0.05,0.30,105.21,284.77,6464,-0.06,-0.85,9.52,0.53,-0.02,-0.03,0.85,-0.09,3.74,115.71,23,5,9,0,35.2941267,136.2544650,93.40, 0.37
1308819,0.29,0.31,9.67,0.74,0.03,0.01,0.67,-1.55,-3.49,84.56,10.60,0.00,0,2,1000.77,38.95,113.36,1000.78,37.16,112.63,0.40,1000.18,37.12,118.07,-0.05,0.30,105.21,284.77,6464,-0.22,-0.59,9.38,0.53,-0.02,-0.03,0.85,-0.08,3.75,115.71,23,5,9,0,35.2941267,136.2544650,93.40, 0.37
1308876,0.15,0.57,9.59,0.74,0.03,0.01,0.67,-1.54,-3.47,84.56,10.61,0.00,0,2,1000.77,38.95,113.31,1000.78,37.15,112.60,0.40,1000.18,37.11,118.05,-0.07,0.34,105.21,284.77,6465,0.00,-0.37,9.43,0.53,-0.02,-0.03,0.85,-0.08,3.77,115.69,23,5,9,0,35.2941267,136.2544650,93.40, 0.37
1308930,0.19,0.42,9.63,0.74,0.03,0.01,0.67,-1.52,-3.48,84.56,10.61,0.00,0,2,1000.77,38.95,113.35,1000.78,37.16,112.65,0.40,1000.18,37.12,118.04,-0.07,0.34,105.21,284.77,6465,-0.04,-0.24,9.60,0.53,-0.02,-0.03,0.85,-0.08,3.89,115.69,23,5,9,0,35.2941267,136.2544650,93.40, 0.37
1308986,0.14,0.64,9.73,0.74,0.03,0.01,0.67,-1.52,-3.57,84.56,10.61,0.00,0,2,1000.77,38.94,113.32,1000.78,37.16,112.62,0.40,1000.18,37.12,118.02,-0.07,0.34,105.21,284.77,6466,0.09,-0.66,9.52,0.53,-0.02,-0.03,0.85,-0.08,3.92,115.69,23,5,10,0,35.2941333,136.2544700,93.50, 0.37
1309040,0.06,0.75,9.67,0.74,0.03,0.01,0.67,-1.51,-3.66,84.56,10.61,0.00,0,2,1000.77,38.95,113.33,1000.77,37.15,112.64,0.39,1000.18,37.13,118.04,-0.05,0.30,105.21,284.77,6465,-0.18,-0.73,9.50,0.53,-0.02,-0.03,0.85,-0.08,4.05,115.69,23,5,10,0,35.2941333,136.2544700,93.50, 0.37
1309096,0.03,0.50,9.90,0.74,0.03,0.01,0.67,-1.49,-3.76,84.56,10.61,0.00,0,2,1000.77,38.96,113.32,1000.78,37.16,112.60,0.40,1000.18,37.12,117.99,-0.05,0.30,105.21,284.85,6465,0.33,-0.18,9.75,0.53,-0.02,-0.03,0.85,-0.08,4.12,115.69,23,5,10,0,35.2941333,136.2544700,93.50, 0.37
1309154,0.11,0.44,9.58,0.74,0.03,0.01,0.67,-1.48,-3.80,84.56,10.61,0.00,0,2,1000.77,38.94,113.35,1000.78,37.16,112.61,0.40,1000.18,37.13,118.03,-0.05,0.30,105.21,284.77,6465,-0.12,0.11,9.69,0.53,-0.02,-0.03,0.85,-0.06,4.22,115.68,23,5,10,0,35.2941333,136.2544700,93.50, 0.37
1309206,0.17,0.48,9.78,0.74,0.03,0.01,0.67,-1.47,-3.87,84.56,10.61,0.00,0,2,1000.77,38.96,113.36,1000.78,37.15,112.59,0.40,1000.18,37.11,118.04,-0.05,0.30,105.21,284.77,6465,-0.11,-0.15,9.98,0.53,-0.02,-0.03,0.85,-0.06,4.30,115.68,23,5,10,0,35.2941333,136.2544700,93.50, 0.37
1309262,0.64,0.73,10.85,0.74,0.03,0.01,0.67,-1.48,-3.97,84.56,10.61,0.00,0,2,1000.77,38.96,113.34,1000.77,37.15,112.67,0.40,1000.17,37.12,118.09,-0.07,0.34,105.03,284.77,6466,0.02,-1.99,9.97,0.53,-0.02,-0.03,0.85,-0.06,4.37,115.68,23,5,10,0,35.2941333,136.2544700,93.50, 0.37
1309317,0.25,0.65,9.00,0.74,0.03,0.01,0.67,-1.47,-3.95,84.56,10.61,0.00,0,2,1000.77,38.95,113.37,1000.77,37.16,112.67,0.40,1000.18,37.13,118.04,-0.07,0.34,105.21,284.77,6464,-0.03,-0.50,9.25,0.53,-0.02,-0.03,0.85,-0.06,4.36,115.69,23,5,10,0,35.2941333,136.2544700,93.50, 0.37
1309374,0.13,0.86,10.39,0.74,0.03,0.01,0.67,-1.49,-3.98,84.56,10.61,0.00,0,2,1000.77,38.97,113.36,1000.77,37.15,112.63,0.40,1000.18,37.12,118.02,-0.05,0.30,105.21,284.77,6466,0.04,-0.30,9.83,0.53,-0.02,-0.03,0.85,-0.06,4.40,115.71,23,5,10,0,35.2941333,136.2544700,93.50, 0.37
1309427,0.09,0.73,10.06,0.74,0.03,0.01,0.67,-1.50,-3.97,84.56,10.62,0.00,0,2,1000.77,38.97,113.34,1000.77,37.15,112.63,0.40,1000.18,37.12,118.05,-0.07,0.34,105.21,284.77,6466,0.20,-0.26,9.67,0.53,-0.02,-0.03,0.85,-0.04,4.35,115.72,23,5,10,0,35.2941333,136.2544700,93.50, 0.37
1309484,-0.08,0.43,9.04,0.74,0.03,0.01,0.67,-1.48,-3.95,84.56,10.61,0.00,0,2,1000.76,38.97,113.39,1000.78,37.15,112.69,0.40,1000.18,37.12,118.06,-0.07,0.34,105.21,284.77,6464,0.01,-0.11,9.30,0.53,-0.02,-0.03,0.85,-0.04,4.35,115.73,23,5,10,0,35.2941333,136.2544700,93.50, 0.37
1309541,0.18,0.58,10.14,0.74,0.03,0.01,0.67,-1.48,-3.98,84.56,10.61,0.00,0,2,1000.77,38.97,113.35,1000.78,37.15,112.65,0.40,1000.18,37.13,118.00,-0.07,0.34,105.21,284.77,6466,-0.10,-0.74,10.10,0.53,-0.02,-0.03,0.85,-0.02,4.26,115.73,23,5,10,0,35.2941333,136.2544700,93.50, 0.37
1309595,0.24,0.76,9.51,0.74,0.03,0.01,0.67,-1.48,-3.97,84.56,10.60,0.00,0,2,1000.77,38.96,113.35,1000.77,37.16,112.65,0.40,1000.18,37.13,118.05,-0.05,0.30,105.21,284.77,6465,-0.25,-0.06,9.39,0.53,-0.02,-0.03,0.85,-0.02,4.22,115.72,23,5,10,0,35.2941333,136.2544700,93.50, 0.37
1309652,0.28,0.53,9.52,0.74,0.03,0.01,0.67,-1.48,-3.94,84.56,10.61,0.00,0,2,1000.77,38.95,113.36,1000.77,37.16,112.65,0.40,1000.18,37.12,118.04,-0.05,0.30,105.21,284.77,6466,-0.18,-0.31,9.72,0.53,-0.02,-0.03,0.85,-0.02,4.23,115.73,23,5,10,0,35.2941333,136.2544700,93.50, 0.54
1309705,0.41,0.74,9.86,0.74,0.03,0.01,0.67,-1.48,-3.95,84.56,10.61,0.00,0,2,1000.76,38.96,113.38,1000.78,37.16,112.63,0.40,1000.18,37.13,118.03,-0.05,0.30,105.21,284.77,6465,-0.13,-0.47,9.71,0.53,-0.02,-0.03,0.85,-0.02,4.24,115.73,23,5,10,0,35.2941333,136.2544700,93.50, 0.54
1309762,0.26,0.63,9.60,0.74,0.03,0.01,0.67,-1.49,-3.96,84.56,10.61,0.00,0,2,1000.76,38.96,113.38,1000.78,37.16,112.61,0.40,1000.18,37.13,118.02,-0.05,0.30,105.21,284.77,6466,-0.05,-0.37,9.57,0.53,-0.02,-0.03,0.85,-0.06,4.14,115.73,23,5,10,0,35.2941333,136.2544700,93.50, 0.54
1309815,0.20,0.07,9.72,0.74,0.03,0.01,0.67,-1.48,-3.95,84.56,10.60,0.00,0,2,1000.76,38.96,113.39,1000.77,37.17,112.65,0.40,1000.19,37.14,117.99,-0.05,0.30,105.21,284.77,6466,-0.08,0.43,9.49,0.53,-0.02,-0.03,0.85,-0.05,4.17,115.72,23,5,10,0,35.2941333,136.2544700,93.50, 0.54
1309869,-0.03,1.05,9.74,0.74,0.03,0.01,0.67,-1.49,-3.99,84.56,10.60,0.00,0,2,1000.77,38.96,113.32,1000.78,37.15,112.62,0.40,1000.19,37.14,117.99,-0.07,0.34,105.12,284.77,6465,0.16,-1.57,9.60,0.53,-0.02,-0.03,0.85,-0.06,4.25,115.73,23,5,11,0,35.2941367,136.2544767,93.50, 0.54
1309923,0.08,0.37,9.71,0.74,0.03,0.01,0.67,-1.49,-3.98,84.56,10.61,0.00,0,2,1000.77,38.96,113.36,1000.78,37.16,112.63,0.40,1000.18,37.13,118.00,-0.07,0.34,105.29,284.77,6465,0.26,0.34,9.60,0.53,-0.02,-0.03,0.85,-0.05,4.21,115.73,23,5,11,0,35.2941367,136.2544767,93.50, 0.54
1309976,0.16,0.64,9.78,0.74,0.03,0.01,0.67,-1.49,-3.98,84.56,10.61,0.00,0,2,1000.77,38.96,113.34,1000.77,37.15,112.59,0.40,1000.18,37.14,118.00,-0.07,0.34,105.21,284.77,6465,0.04,-0.45,9.64,0.53,-0.02,-0.03,0.85,-0.05,4.24,115.73,23,5,11,0,35.2941367,136.2544767,93.50, 0.54
1310034,0.07,0.55,9.56,0.74,0.03,0.01,0.67,-1.48,-3.98,84.56,10.60,0.00,0,2,1000.77,38.96,113.35,1000.77,37.17,112.65,0.40,1000.18,37.14,118.03,-0.05,0.30,105.21,284.77,6465,-0.04,-1.10,9.45,0.53,-0.02,-0.03,0.85,-0.05,4.26,115.74,23,5,11,0,35.2941367,136.2544767,93.50, 0.54
1310092,0.18,0.65,9.94,0.74,0.03,0.01,0.67,-1.45,-3.94,84.56,10.61,0.00,0,2,1000.77,38.95,113.36,1000.77,37.15,112.67,0.40,1000.18,37.14,118.01,-0.05,0.30,105.21,284.77,6465,-0.07,-0.89,9.52,0.53,-0.02,-0.03,0.85,-0.05,4.28,115.74,23,5,11,0,35.2941367,136.2544767,93.50, 0.54
1310144,0.18,0.68,9.80,0.74,0.03,0.01,0.67,-1.44,-3.95,84.56,10.60,0.00,0,2,1000.77,38.97,113.32,1000.78,37.15,112.60,0.40,1000.18,37.13,118.02,-0.05,0.30,105.21,284.77,6464,-0.03,0.06,9.69,0.53,-0.02,-0.03,0.85,-0.05,4.28,115.74,23,5,11,0,35.2941367,136.2544767,93.50, 0.54
1310202,0.22,0.51,9.68,0.74,0.03,0.01,0.67,-1.43,-3.94,84.56,10.60,0.00,0,2,1000.77,38.98,113.35,1000.78,37.17,112.61,0.40,1000.18,37.14,118.03,-0.05,0.30,105.21,284.77,6464,-0.08,0.20,9.80,0.53,-0.02,-0.03,0.85,-0.05,4.30,115.76,23,5,11,0,35.2941367,136.2544767,93.50, 0.54
1310254,0.18,0.74,9.78,0.74,0.03,0.01,0.67,-1.43,-3.92,84.56,10.60,0.00,0,2,1000.76,38.97,113.39,1000.77,37.16,112.65,0.40,1000.18,37.13,118.05,-0.05,0.30,105.21,284.77,6464,-0.08,-0.31,9.78,0.53,-0.02,-0.03,0.85,-0.05,4.33,115.76,23,5,11,0,35.2941367,136.2544767,93.50, 0.54
1310311,0.08,0.61,9.74,0.74,0.03,0.01,0.67,-1.41,-3.93,84.56,10.60,0.00,0,2,1000.77,38.98,113.33,1000.77,37.16,112.64,0.40,1000.19,37.12,117.98,-0.05,0.30,105.21,284.77,6466,-0.11,-0.26,9.74,0.53,-0.02,-0.03,0.85,-0.06,4.28,115.75,23,5,11,0,35.2941367,136.2544767,93.50, 0.54
1310364,0.07,0.57,9.70,0.74,0.03,0.01,0.67,-1.39,-3.91,84.56,10.61,0.00,0,2,1000.77,38.98,113.35,1000.78,37.17,112.63,0.40,1000.18,37.13,118.02,-0.05,0.30,105.21,284.77,6464,-0.07,-0.18,9.61,0.53,-0.02,-0.03,0.85,-0.04,4.13,115.76,23,5,11,0,35.2941367,136.2544767,93.50, 0.54
1310422,0.11,0.64,9.78,0.74,0.03,0.01,0.67,-1.38,-3.91,84.56,10.60,0.00,0,2,1000.77,38.98,113.36,1000.78,37.17,112.61,0.40,1000.18,37.13,118.05,-0.05,0.30,105.29,284.77,6465,0.05,-0.24,9.68,0.53,-0.02,-0.03,0.85,-0.02,4.09,115.76,23,5,11,0,35.2941367,136.2544767,93.50, 0.54
1310475,0.11,0.68,9.76,0.74,0.03,0.01,0.67,-1.36,-3.91,84.56,10.60,0.00,0,2,1000.77,38.98,113.34,1000.77,37.15,112.63,0.40,1000.18,37.13,118.04,-0.07,0.34,105.21,284.77,6464,-0.01,-0.49,9.62,0.53,-0.02,-0.03,0.85,0.00,3.90,115.76,23,5,11,0,35.2941367,136.2544767,93.50, 0.54
1310531,0.24,0.61,9.78,0.74,0.03,0.01,0.67,-1.36,-3.90,84.56,10.60,0.00,0,2,1000.76,38.98,113.39,1000.78,37.17,112.63,0.40,1000.18,37.12,118.02,-0.05,0.30,105.21,284.77,6465,-0.11,-0.31,9.63,0.53,-0.02,-0.03,0.85,-0.02,3.73,115.76,23,5,11,0,35.2941367,136.2544767,93.50, 0.54
1310584,0.15,0.53,9.73,0.74,0.03,0.01,0.67,-1.35,-3.91,84.56,10.60,0.00,0,2,1000.77,38.98,113.34,1000.78,37.15,112.62,0.40,1000.18,37.14,118.01,-0.07,0.34,105.21,284.77,6466,-0.03,-0.04,9.65,0.53,-0.02,-0.03,0.85,-0.03,3.52,115.76,23,5,11,0,35.2941367,136.2544767,93.50, 0.54
1310641,0.11,0.61,9.72,0.74,0.03,0.01,0.67,-1.34,-3.89,84.56,10.59,0.00,0,2,1000.77,38.99,113.36,1000.78,37.17,112.61,0.40,1000.18,37.13,118.03,-0.07,0.34,105.21,284.77,6466,0.04,-0.45,9.49,0.53,-0.02,-0.03,0.85,-0.03,3.45,115.76,23,5,11,0,35.2941367,136.2544767,93.50, 0.54
1310695,0.03,0.67,9.71,0.74,0.03,0.01,0.67,-1.32,-3.91,84.56,10.58,0.00,0,2,1000.77,38.98,113.38,1000.78,37.18,112.64,0.40,1000.19,37.13,117.99,-0.05,0.30,105.21,284.77,6465,-0.01,-0.31,9.66,0.53,-0.02,-0.03,0.85,-0.02,3.42,115.76,23,5,11,0,35.2941367,136.2544767,93.50, 0.54
1310751,0.10,0.47,9.63,0.74,0.03,0.01,0.67,-1.29,-3.89,84.56,10.59,0.00,0,2,1000.77,38.98,113.31,1000.78,37.17,112.62,0.40,1000.18,37.13,118.00,-0.05,0.30,105.21,284.77,6465,-0.01,0.00,9.61,0.53,-0.02,-0.02,0.85,0.00,3.36,115.76,23,5,11,0,35.2941367,136.2544767,93.50, 0.54
1310804,0.18,0.63,9.82,0.74,0.03,0.01,0.67,-1.27,-3.88,84.56,10.59,0.00,0,2,1000.77,38.98,113.34,1000.78,37.16,112.62,0.40,1000.18,37.13,118.04,-0.05,0.30,105.21,284.77,6466,0.09,0.06,9.70,0.53,-0.02,-0.02,0.85,0.00,3.37,115.76,23,5,11,0,35.2941367,136.2544767,93.50, 0.54
1310861,0.22,0.76,9.75,0.74,0.03,0.01,0.67,-1.27,-3.88,84.56,10.59,0.00,0,2,1000.77,38.98,113.35,1000.78,37.17,112.63,0.40,1000.18,37.13,118.07,-0.05,0.30,105.21,284.77,6464,-0.06,-0.51,9.58,0.53,-0.02,-0.03,0.85,0.00,3.38,115.76,23,5,11,0,35.2941367,136.2544767,93.50, 0.54
1310919,0.11,0.66,9.62,0.74,0.03,0.01,0.67,-1.27,-3.89,84.56,10.60,0.00,0,2,1000.76,38.98,113.39,1000.78,37.18,112.59,0.40,1000.18,37.12,118.02,-0.05,0.30,105.21,284.77,6466,0.03,-0.26,9.63,0.53,-0.02,-0.03,0.85,0.00,3.38,115.76,23,5,11,0,35.2941367,136.2544767,93.50, 0.54
1310972,0.11,0.58,9.65,0.74,0.03,0.01,0.67,-1.26,-3.88,84.56,10.60,0.00,0,2,1000.77,38.99,113.37,1000.78,37.16,112.62,0.40,1000.18,37.14,118.03,-0.05,0.30,105.21,284.77,6465,0.09,-0.22,9.66,0.53,-0.02,-0.02,0.85,0.01,3.28,115.76,23,5,12,0,35.2941383,136.2544817,93.50, 0.54
1311026,0.13,0.61,9.72,0.74,0.03,0.01,0.67,-1.26,-3.88,84.56,10.60,0.00,0,2,1000.77,38.98,113.37,1000.78,37.17,112.59,0.40,1000.18,37.13,118.05,-0.05,0.30,105.21,284.77,6465,0.00,-0.31,9.66,0.53,-0.01,-0.02,0.85,0.01,3.23,115.76,23,5,12,0,35.2941383,136.2544817,93.50, 0.54
1311082,0.17,0.61,9.77,0.74,0.03,0.01,0.67,-1.26,-3.88,84.56,10.61,0.00,0,2,1000.76,38.98,113.39,1000.78,37.18,112.62,0.40,1000.18,37.12,118.01,-0.05,0.30,105.29,284.77,6465,-0.01,-0.42,9.55,0.53,-0.01,-0.02,0.85,0.01,3.18,115.76,23,5,12,0,35.2941383,136.2544817,93.50, 0.54
1311140,0.04,0.62,9.65,0.74,0.03,0.01,0.67,-1.26,-3.88,84.56,10.61,0.00,0,2,1000.77,38.99,113.39,1000.78,37.17,112.62,0.40,1000.18,37.13,118.04,-0.05,0.30,105.21,284.77,6465,0.01,-0.40,9.55,0.53,-0.01,-0.02,0.85,0.03,3.11,115.76,23,5,12,0,35.2941383,136.2544817,93.50, 0.54
1311196,0.13,0.62,9.67,0.74,0.03,0.01,0.67,-1.26,-3.88,84.56,10.61,0.00,0,2,1000.77,38.98,113.34,1000.77,37.16,112.64,0.40,1000.18,37.13,118.03,-0.05,0.30,105.21,284.77,6464,-0.08,-0.39,9.62,0.53,-0.01,-0.02,0.85,0.04,3.02,115.76,23,5,12,0,35.2941383,136.2544817,93.50, 0.54
1311251,0.18,0.47,9.69,0.74,0.03,0.01,0.67,-1.26,-3.88,84.56,10.60,0.00,0,2,1000.77,38.99,113.32,1000.78,37.16,112.61,0.40,1000.18,37.12,118.04,-0.03,0.24,105.21,284.77,6464,-0.05,-0.25,9.62,0.53,-0.01,-0.02,0.85,0.03,3.00,115.76,23,5,12,0,35.2941383,136.2544817,93.50, 0.54
1311309,0.12,0.67,9.69,0.74,0.03,0.01,0.67,-1.26,-3.88,84.56,10.60,0.00,0,2,1000.77,38.99,113.39,1000.78,37.16,112.64,0.40,1000.18,37.12,118.05,-0.05,0.30,105.29,284.77,6465,0.05,-0.44,9.57,0.53,-0.01,-0.02,0.85,0.02,2.92,115.76,23,5,12,0,35.2941383,136.2544817,93.50, 0.54
1311361,-0.04,0.56,9.72,0.74,0.03,0.01,0.67,-1.26,-3.88,84.56,10.60,0.00,0,2,1000.77,39.00,113.35,1000.78,37.16,112.61,0.40,1000.18,37.12,118.03,-0.07,0.34,105.29,284.77,6464,0.10,-0.38,9.70,0.53,-0.01,-0.02,0.85,0.02,2.89,115.75,23,5,12,0,35.2941383,136.2544817,93.50, 0.54
1311417,0.07,0.69,9.65,0.74,0.03,0.01,0.67,-1.24,-3.88,84.56,10.61,0.00,0,2,1000.77,38.99,113.34,1000.77,37.16,112.65,0.40,1000.18,37.13,118.03,-0.07,0.34,105.21,284.77,6465,-0.14,-0.43,9.59,0.53,-0.01,-0.02,0.85,0.05,2.84,115.75,23,5,12,0,35.2941383,136.2544817,93.50, 0.54
1311470,0.18,0.70,9.62,0.74,0.03,0.01,0.67,-1.23,-3.88,84.56,10.60,0.00,0,2,1000.77,39.00,113.37,1000.78,37.17,112.61,0.40,1000.18,37.12,118.04,-0.05,0.30,105.29,284.77,6464,0.06,0.16,9.71,0.53,-0.01,-0.02,0.85,0.05,2.84,115.75,23,5,12,0,35.2941383,136.2544817,93.50, 0.54
1311525,0.34,0.55,9.49,0.74,0.03,0.01,0.67,-1.23,-3.88,84.56,10.61,0.00,0,2,1000.77,38.99,113.37,1000.78,37.16,112.58,0.40,1000.18,37.13,118.02,-0.05,0.30,105.29,284.77,6465,0.45,-0.02,9.75,0.53,-0.01,-0.02,0.85,0.05,2.86,115.75,23,5,12,0,35.2941383,136.2544817,93.50, 0.54
1311579,0.11,0.75,9.63,0.74,0.03,0.01,0.67,-1.22,-3.87,84.56,10.61,0.00,0,2,1000.77,39.00,113.33,1000.78,37.17,112.64,0.40,1000.18,37.13,118.02,-0.07,0.34,105.21,284.77,6464,0.42,-0.79,9.54,0.53,-0.01,-0.02,0.85,0.05,2.89,115.75,23,5,12,0,35.2941383,136.2544817,93.50, 0.54
1311636,0.04,0.44,9.83,0.74,0.03,0.02,0.67,-1.20,-3.88,84.56,10.59,0.00,0,2,1000.77,39.01,113.38,1000.77,37.16,112.61,0.40,1000.18,37.15,118.00,-0.05,0.30,105.29,284.77,6465,-0.15,-0.03,9.50,0.53,-0.01,-0.02,0.85,0.05,2.89,115.75,23,5,12,0,35.2941383,136.2544817,93.50, 0.39
1311689,0.06,0.76,9.72,0.74,0.03,0.02,0.67,-1.20,-3.88,84.56,10.60,0.00,0,2,1000.77,39.00,113.35,1000.78,37.17,112.63,0.40,1000.19,37.15,117.99,-0.05,0.30,105.21,284.77,6465,0.11,-0.07,9.70,0.53,-0.01,-0.02,0.85,0.07,2.80,115.75,23,5,12,0,35.2941383,136.2544817,93.50, 0.39
1311747,0.26,0.74,9.77,0.74,0.03,0.02,0.67,-1.20,-3.88,84.56,10.60,0.00,0,2,1000.77,39.00,113.38,1000.78,37.16,112.60,0.39,1000.18,37.14,118.05,-0.05,0.30,105.29,284.77,6465,0.10,-0.26,9.73,0.53,-0.01,-0.02,0.85,0.08,2.79,115.75,23,5,12,0,35.2941383,136.2544817,93.50, 0.39
1311799,0.34,0.65,9.62,0.74,0.03,0.02,0.67,-1.20,-3.88,84.56,10.59,0.00,0,2,1000.77,39.00,113.36,1000.78,37.16,112.65,0.40,1000.18,37.15,118.02,-0.05,0.30,105.21,284.77,6463,-0.18,-0.51,9.62,0.53,-0.01,-0.02,0.85,0.08,2.79,115.75,23,5,12,0,35.2941383,136.2544817,93.50, 0.39
1311856,0.27,0.57,9.64,0.74,0.03,0.01,0.67,-1.21,-3.88,84.56,10.59,0.00,0,2,1000.77,39.00,113.35,1000.78,37.16,112.61,0.40,1000.18,37.13,118.02,-0.05,0.30,105.29,284.77,6466,-0.04,-0.19,9.61,0.53,-0.01,-0.02,0.85,0.06,2.74,115.75,23,5,12,0,35.2941383,136.2544817,93.50, 0.39
1311908,0.07,0.53,9.60,0.74,0.03,0.01,0.67,-1.19,-3.86,84.56,10.59,0.00,0,2,1000.77,39.00,113.36,1000.77,37.17,112.64,0.40,1000.18,37.12,118.04,-0.07,0.34,105.29,284.77,6465,0.22,-0.26,9.68,0.53,-0.01,-0.02,0.85,0.07,2.72,115.75,23,5,12,0,35.2941383,136.2544817,93.50, 0.39
1311967,0.10,0.76,9.68,0.74,0.03,0.02,0.67,-1.17,-3.86,84.56,10.60,0.00,0,2,1000.77,39.00,113.35,1000.78,37.17,112.62,0.40,1000.18,37.14,118.05,-0.05,0.30,105.21,284.77,6465,0.19,-0.64,9.57,0.53,-0.01,-0.02,0.85,0.08,2.71,115.75,23,5,12,0,35.2941383,136.2544817,93.50, 0.39
1312020,0.03,0.48,9.79,0.74,0.03,0.02,0.67,-1.14,-3.86,84.56,10.60,0.00,0,2,1000.77,39.00,113.33,1000.78,37.17,112.59,0.40,1000.18,37.12,118.04,-0.05,0.30,105.29,284.77,6465,0.05,-0.19,9.61,0.53,-0.01,-0.02,0.85,0.07,2.70,115.76,23,5,12,0,35.2941383,136.2544817,93.50, 0.39
1312078,0.14,0.65,9.56,0.74,0.03,0.02,0.67,-1.13,-3.85,84.56,10.60,0.00,0,2,1000.77,39.01,113.36,1000.77,37.17,112.64,0.40,1000.18,37.13,118.03,-0.05,0.30,105.29,284.77,6464,-0.10,-0.50,9.53,0.53,-0.01,-0.02,0.85,0.07,2.62,115.76,23,5,12,0,35.2941383,136.2544817,93.50, 0.39
1312130,0.13,0.62,9.72,0.74,0.03,0.02,0.67,-1.13,-3.85,84.56,10.60,0.00,0,2,1000.77,39.02,113.36,1000.78,37.17,112.59,0.40,1000.18,37.13,118.00,-0.05,0.30,105.21,284.77,6466,-0.12,-0.04,9.67,0.53,-0.01,-0.02,0.85,0.06,2.61,115.76,23,5,12,0,35.2941383,136.2544817,93.50, 0.39
1312186,0.02,0.64,9.65,0.74,0.03,0.02,0.67,-1.12,-3.85,84.57,10.59,0.00,0,2,1000.78,39.02,113.30,1000.78,37.17,112.59,0.40,1000.18,37.14,118.01,-0.05,0.30,105.29,284.77,6465,0.00,-0.22,9.68,0.53,-0.01,-0.02,0.85,0.07,2.59,115.76,23,5,12,0,35.2941383,136.2544817,93.50, 0.39
1312240,0.14,0.64,9.82,0.74,0.03,0.02,0.67,-1.11,-3.85,84.56,10.59,0.00,0,2,1000.77,39.01,113.37,1000.77,37.16,112.65,0.40,1000.18,37.15,118.02,-0.05,0.30,105.29,284.77,6464,-0.10,-0.47,9.60,0.53,-0.01,-0.02,0.85,0.07,2.57,115.76,23,5,12,0,35.2941383,136.2544817,93.50, 0.39
1312297,0.13,0.67,9.67,0.74,0.03,0.02,0.67,-1.11,-3.85,84.56,10.59,0.00,0,2,1000.77,39.00,113.36,1000.78,37.16,112.63,0.39,1000.18,37.13,118.02,-0.07,0.34,105.29,284.77,6464,0.03,-0.67,9.56,0.53,-0.01,-0.02,0.85,0.07,2.57,115.76,23,5,12,0,35.2941383,136.2544817,93.50, 0.39
1312348,0.06,0.59,9.65,0.74,0.03,0.02,0.67,-1.11,-3.85,84.56,10.60,0.00,0,2,1000.77,39.02,113.35,1000.78,37.17,112.63,0.40,1000.18,37.13,118.00,-0.05,0.30,105.29,284.77,6464,-0.05,0.01,9.70,0.53,-0.01,-0.02,0.85,0.07,2.57,115.76,23,5,12,0,35.2941383,136.2544817,93.50, 0.39
1312406,0.13,0.63,9.76,0.74,0.03,0.02,0.67,-1.10,-3.84,84.56,10.60,0.00,0,2,1000.77,39.01,113.38,1000.78,37.17,112.61,0.40,1000.18,37.15,118.02,-0.07,0.34,105.29,284.77,6463,-0.10,-0.40,9.62,0.53,-0.01,-0.02,0.85,0.07,2.59,115.76,23,5,12,0,35.2941383,136.2544817,93.50, 0.39
1312458,0.08,0.57,9.69,0.74,0.03,0.02,0.67,-1.09,-3.84,84.56,10.60,0.00,0,2,1000.77,39.00,113.38,1000.78,37.17,112.61,0.40,1000.18,37.15,118.02,-0.05,0.30,105.29,284.77,6465,-0.06,-0.39,9.54,0.53,-0.01,-0.02,0.85,0.08,2.55,115.75,23,5,12,0,35.2941383,136.2544817,93.50, 0.39
1312517,0.14,0.71,9.80,0.74,0.03,0.02,0.67,-1.08,-3.83,84.56,10.59,0.00,0,2,1000.77,39.02,113.38,1000.78,37.17,112.61,0.40,1000.18,37.14,118.01,-0.07,0.34,105.29,284.77,6465,0.19,-0.57,9.47,0.53,-0.01,-0.02,0.85,0.07,2.55,115.75,23,5,12,0,35.2941383,136.2544817,93.50, 0.39
1312568,0.17,0.58,9.64,0.74,0.03,0.02,0.67,-1.08,-3.83,84.56,10.60,0.00,0,2,1000.77,39.01,113.37,1000.78,37.17,112.61,0.40,1000.18,37.14,118.01,-0.05,0.30,105.21,284.77,6465,0.19,0.12,9.74,0.53,-0.01,-0.02,0.85,0.07,2.55,115.75,23,5,13,0,35.2941450,136.2544817,93.50, 0.29
1312625,0.09,0.76,9.83,0.74,0.03,0.02,0.67,-1.08,-3.83,84.56,10.60,0.00,0,2,1000.77,39.02,113.37,1000.78,37.18,112.59,0.40,1000.18,37.14,118.05,-0.05,0.30,105.21,284.77,6466,0.01,-0.63,9.59,0.53,-0.01,-0.02,0.85,0.07,2.56,115.76,23,5,13,0,35.2941450,136.2544817,93.50, 0.29
1312678,0.04,0.56,9.61,0.74,0.03,0.02,0.67,-1.07,-3.82,84.56,10.61,0.00,0,2,1000.77,39.01,113.36,1000.77,37.17,112.64,0.40,1000.18,37.13,118.03,-0.05,0.30,105.29,284.77,6463,-0.06,-0.62,9.62,0.53,-0.01,-0.02,0.85,0.07,2.57,115.76,23,5,13,0,35.2941450,136.2544817,93.50, 0.29
1312736,0.09,0.65,9.58,0.74,0.03,0.02,0.67,-1.06,-3.82,84.56,10.61,0.00,0,2,1000.77,39.02,113.39,1000.77,37.16,112.64,0.40,1000.18,37.13,118.04,-0.07,0.34,105.21,284.77,6465,0.01,-0.63,9.52,0.53,-0.01,-0.02,0.85,0.07,2.59,115.76,23,5,13,0,35.2941450,136.2544817,93.50, 0.29
1312787,0.11,0.63,9.77,0.74,0.03,0.02,0.67,-1.06,-3.82,84.56,10.61,0.00,0,2,1000.77,39.02,113.39,1000.77,37.17,112.66,0.40,1000.18,37.15,118.02,-0.05,0.30,105.21,284.77,6465,0.05,-0.20,9.65,0.53,-0.01,-0.02,0.85,0.07,2.59,115.76,23,5,13,0,35.2941450,136.2544817,93.50, 0.29
1312844,0.25,0.70,9.72,0.74,0.03,0.02,0.67,-1.05,-3.83,84.56,10.61,0.00,0,2,1000.77,39.02,113.39,1000.78,37.17,112.64,0.40,1000.18,37.14,118.03,-0.05,0.30,105.21,284.77,6465,-0.06,-0.57,9.47,0.53,-0.01,-0.02,0.85,0.07,2.60,115.76,23,5,13,0,35.2941450,136.2544817,93.50, 0.29
1312897,0.08,0.54,9.78,0.74,0.03,0.02,0.67,-1.05,-3.83,84.56,10.61,0.00,0,2,1000.77,39.02,113.38,1000.78,37.17,112.62,0.40,1000.18,37.12,118.02,-0.05,0.30,105.21,284.77,6466,0.10,-0.42,9.53,0.53,-0.01,-0.02,0.85,0.07,2.60,115.76,23,5,13,0,35.2941450,136.2544817,93.50, 0.29
1312954,0.08,0.48,9.74,0.74,0.03,0.02,0.67,-1.04,-3.81,84.56,10.61,0.00,0,2,1000.77,39.02,113.38,1000.78,37.19,112.60,0.40,1000.18,37.14,118.01,-0.05,0.30,105.21,284.77,6464,0.04,-0.45,9.48,0.53,-0.01,-0.02,0.85,0.08,2.62,115.76,23,5,14,0,35.2941450,136.2544833,93.50, 0.29
1313007,0.12,0.76,9.58,0.74,0.03,0.02,0.67,-1.04,-3.80,84.56,10.60,0.00,0,2,1000.77,39.04,113.35,1000.77,37.17,112.65,0.40,1000.18,37.13,118.02,-0.07,0.34,105.29,284.77,6465,-0.08,-0.30,9.67,0.53,-0.01,-0.02,0.85,0.08,2.62,115.76,23,5,14,0,35.2941450,136.2544833,93.50, 0.29
1313064,-0.01,0.53,9.70,0.74,0.03,0.02,0.67,-1.04,-3.80,84.56,10.59,0.00,0,2,1000.77,39.03,113.37,1000.78,37.17,112.61,0.40,1000.18,37.13,118.03,-0.05,0.30,105.29,284.77,6464,0.01,0.00,9.63,0.53,-0.01,-0.02,0.85,0.09,2.61,115.76,23,5,14,0,35.2941450,136.2544833,93.50, 0.29
1313117,0.03,0.73,9.85,0.74,0.03,0.02,0.67,-1.00,-3.79,84.56,10.60,0.00,0,2,1000.77,39.03,113.38,1000.78,37.18,112.62,0.40,1000.18,37.13,118.00,-0.05,0.30,105.21,284.77,6466,0.06,-0.56,9.57,0.53,-0.01,-0.02,0.85,0.09,2.62,115.76,23,5,14,0,35.2941450,136.2544833,93.50, 0.29
1313174,0.14,0.64,9.59,0.74,0.03,0.02,0.67,-1.00,-3.79,84.56,10.60,0.00,0,2,1000.77,39.03,113.35,1000.77,37.17,112.64,0.40,1000.18,37.15,118.02,-0.05,0.30,105.29,284.77,6464,-0.04,-0.24,9.54,0.53,-0.01,-0.02,0.85,0.09,2.62,115.76,23,5,14,0,35.2941450,136.2544833,93.50, 0.29
1313226,0.26,0.45,9.72,0.74,0.03,0.02,0.67,-1.00,-3.79,84.57,10.61,0.00,0,2,1000.77,39.04,113.36,1000.78,37.16,112.63,0.40,1000.18,37.15,118.02,-0.05,0.30,105.29,284.77,6465,-0.15,-0.22,9.65,0.53,-0.01,-0.02,0.85,0.08,2.59,115.76,23,5,14,0,35.2941450,136.2544833,93.50, 0.29
1313284,0.28,0.72,9.75,0.74,0.03,0.02,0.67,-1.01,-3.78,84.57,10.61,0.00,0,2,1000.77,39.05,113.35,1000.78,37.18,112.58,0.40,1000.18,37.13,118.04,-0.07,0.34,105.21,284.77,6465,-0.11,-0.70,9.54,0.53,-0.01,-0.02,0.85,0.05,2.54,115.76,23,5,14,0,35.2941450,136.2544833,93.50, 0.29
1313336,0.06,0.59,9.68,0.74,0.03,0.02,0.67,-1.02,-3.79,84.57,10.60,0.00,0,2,1000.77,39.02,113.38,1000.78,37.17,112.62,0.40,1000.18,37.14,118.05,-0.05,0.30,105.21,284.77,6466,0.07,-0.35,9.62,0.53,-0.01,-0.02,0.85,0.05,2.54,115.76,23,5,14,0,35.2941450,136.2544833,93.50, 0.29
1313394,-0.01,0.62,9.70,0.74,0.03,0.02,0.67,-1.00,-3.78,84.56,10.60,0.00,0,2,1000.77,39.04,113.32,1000.77,37.18,112.66,0.40,1000.18,37.13,118.03,-0.05,0.30,105.21,284.77,6465,0.21,-0.23,9.56,0.53,-0.01,-0.02,0.85,0.06,2.54,115.75,23,5,14,0,35.2941450,136.2544833,93.50, 0.29
1313446,0.16,0.56,9.82,0.74,0.03,0.02,0.67,-0.98,-3.78,84.56,10.60,0.00,0,2,1000.77,39.03,113.39,1000.78,37.18,112.62,0.40,1000.18,37.14,118.03,-0.03,0.24,105.21,284.77,6466,0.00,-0.36,9.63,0.53,-0.01,-0.02,0.85,0.08,2.50,115.75,23,5,14,0,35.2941450,136.2544833,93.50, 0.29
1313504,0.15,0.70,9.84,0.74,0.03,0.02,0.67,-0.98,-3.78,84.56,10.61,0.00,0,2,1000.77,39.02,113.37,1000.78,37.16,112.63,0.40,1000.18,37.13,118.07,-0.05,0.30,105.29,284.77,6466,0.00,-0.64,9.61,0.53,-0.01,-0.02,0.85,0.07,2.48,115.75,23,5,14,0,35.2941450,136.2544833,93.50, 0.29
1313556,0.13,0.54,9.65,0.74,0.03,0.02,0.67,-0.98,-3.78,84.56,10.60,0.00,0,2,1000.77,39.04,113.32,1000.78,37.17,112.61,0.40,1000.18,37.14,118.02,-0.05,0.30,105.21,284.77,6465,0.17,-0.16,9.61,0.53,-0.01,-0.02,0.85,0.07,2.48,115.75,23,5,14,0,35.2941450,136.2544833,93.50, 0.29
1313612,0.06,0.66,9.63,0.74,0.03,0.02,0.67,-0.98,-3.78,84.56,10.60,0.00,0,2,1000.77,39.03,113.37,1000.78,37.17,112.66,0.40,1000.18,37.13,118.07,-0.05,0.30,105.29,284.77,6466,-0.04,-0.45,9.63,0.53,-0.01,-0.02,0.85,0.07,2.50,115.75,23,5,14,0,35.2941450,136.2544833,93.50, 0.13
1313665,0.12,0.61,9.73,0.74,0.03,0.02,0.67,-0.97,-3.78,84.56,10.62,0.00,0,2,1000.77,39.03,113.39,1000.77,37.16,112.67,0.40,1000.18,37.14,118.04,-0.05,0.30,105.21,284.77,6464,0.05,-0.44,9.59,0.53,-0.01,-0.02,0.85,0.07,2.48,115.75,23,5,14,0,35.2941450,136.2544833,93.50, 0.13
1313720,0.13,0.70,9.65,0.74,0.03,0.02,0.67,-0.97,-3.78,84.56,10.61,0.00,0,2,1000.77,39.02,113.37,1000.78,37.18,112.58,0.40,1000.18,37.14,118.01,-0.07,0.34,105.21,284.77,6466,0.00,-0.55,9.57,0.53,-0.01,-0.02,0.85,0.08,2.48,115.75,23,5,14,0,35.2941450,136.2544833,93.50, 0.13
1313776,0.17,0.57,9.78,0.74,0.03,0.02,0.67,-0.97,-3.78,84.56,10.61,0.00,0,2,1000.77,39.04,113.39,1000.77,37.17,112.66,0.40,1000.18,37.13,118.02,-0.05,0.30,105.29,284.77,6466,-0.05,-0.18,9.74,0.53,-0.01,-0.02,0.85,0.07,2.47,115.75,23,5,14,0,35.2941450,136.2544833,93.50, 0.13
1313833,0.18,0.63,9.70,0.74,0.03,0.02,0.67,-0.97,-3.78,84.56,10.60,0.00,0,2,1000.77,39.04,113.36,1000.77,37.16,112.66,0.40,1000.18,37.13,118.05,-0.05,0.30,105.29,284.77,6465,-0.02,-0.30,9.66,0.53,-0.01,-0.02,0.85,0.08,2.48,115.75,23,5,14,0,35.2941450,136.2544833,93.50, 0.13
1313885,0.13,0.67,9.65,0.74,0.03,0.02,0.67,-0.97,-3.78,84.56,10.61,0.00,0,2,1000.77,39.03,113.36,1000.77,37.17,112.63,0.40,1000.18,37.13,118.04,-0.05,0.30,105.21,284.77,6466,-0.03,-0.66,9.53,0.53,-0.01,-0.02,0.85,0.07,2.48,115.75,23,5,14,0,35.2941450,136.2544833,93.50, 0.13
1313942,0.00,0.61,9.67,0.74,0.03,0.02,0.67,-0.97,-3.78,84.56,10.61,0.00,0,2,1000.77,39.02,113.40,1000.78,37.18,112.64,0.40,1000.18,37.13,118.03,-0.07,0.34,105.21,284.77,6464,0.03,-0.53,9.56,0.53,-0.01,-0.02,0.85,0.08,2.49,115.75,23,5,14,0,35.2941450,136.2544833,93.50, 0.13
1313996,0.03,0.69,9.75,0.74,0.03,0.02,0.67,-0.96,-3.78,84.56,10.60,0.00,0,2,1000.77,39.04,113.36,1000.78,37.19,112.61,0.40,1000.18,37.14,118.05,-0.05,0.30,105.21,284.77,6465,0.08,-0.05,9.66,0.53,-0.01,-0.02,0.85,0.08,2.47,115.75,23,5,14,0,35.2941450,136.2544833,93.50, 0.13
1314053,0.08,0.58,9.70,0.74,0.03,0.02,0.67,-0.94,-3.78,84.56,10.60,0.00,0,2,1000.77,39.04,113.37,1000.78,37.18,112.60,0.40,1000.18,37.13,118.03,-0.05,0.30,105.29,284.77,6465,0.11,-0.44,9.55,0.53,-0.01,-0.02,0.85,0.09,2.48,115.75,23,5,15,0,35.2941483,136.2544850,93.50, 0.13
1314105,0.12,0.72,9.68,0.74,0.03,0.02,0.67,-0.94,-3.77,84.56,10.60,0.00,0,2,1000.77,39.04,113.36,1000.78,37.18,112.64,0.40,1000.18,37.13,118.03,-0.07,0.34,105.21,284.77,6466,0.08,-0.76,9.52,0.53,-0.01,-0.02,0.85,0.09,2.50,115.75,23,5,15,0,35.2941483,136.2544850,93.50, 0.13
1314162,0.19,0.65,9.75,0.74,0.03,0.02,0.67,-0.94,-3.77,84.56,10.60,0.00,0,2,1000.77,39.04,113.36,1000.77,37.18,112.62,0.40,1000.18,37.13,118.04,-0.05,0.30,105.29,284.77,6465,0.02,-0.36,9.55,0.53,-0.01,-0.02,0.85,0.09,2.50,115.75,23,5,15,0,35.2941483,136.2544850,93.50, 0.13
1314214,0.16,0.55,9.67,0.74,0.03,0.02,0.67,-0.94,-3.77,84.56,10.60,0.00,0,2,1000.77,39.04,113.36,1000.78,37.18,112.64,0.40,1000.18,37.13,118.04,-0.05,0.30,105.21,284.77,6464,-0.04,-0.03,9.67,0.53,-0.01,-0.02,0.85,0.08,2.48,115.75,23,5,15,0,35.2941483,136.2544850,93.50, 0.13
1314272,0.13,0.69,9.76,0.74,0.03,0.02,0.67,-0.94,-3.77,84.56,10.61,0.00,0,2,1000.77,39.05,113.35,1000.77,37.16,112.65,0.40,1000.18,37.12,118.08,-0.05,0.30,105.21,284.77,6464,0.06,-0.54,9.55,0.53,-0.01,-0.02,0.85,0.08,2.49,115.75,23,5,15,0,35.2941483,136.2544850,93.50, 0.13
1314323,0.08,0.69,9.78,0.74,0.03,0.02,0.67,-0.94,-3.77,84.56,10.61,0.00,0,2,1000.77,39.05,113.33,1000.77,37.17,112.61,0.40,1000.18,37.12,118.06,-0.05,0.30,105.21,284.77,6465,0.04,-0.54,9.54,0.53,-0.01,-0.02,0.85,0.08,2.49,115.75,23,5,15,0,35.2941483,136.2544850,93.50, 0.13
1314381,0.01,0.66,9.70,0.74,0.03,0.02,0.67,-0.94,-3.77,84.56,10.61,0.00,0,2,1000.77,39.04,113.38,1000.77,37.17,112.63,0.40,1000.18,37.12,118.06,-0.05,0.30,105.29,284.77,6466,-0.05,-0.27,9.62,0.53,-0.01,-0.02,0.85,0.08,2.49,115.75,23,5,15,0,35.2941483,136.2544850,93.50, 0.13
1314433,0.17,0.56,9.75,0.74,0.03,0.02,0.67,-0.94,-3.77,84.56,10.61,0.00,0,2,1000.77,39.04,113.38,1000.77,37.16,112.64,0.40,1000.18,37.13,118.03,-0.07,0.34,105.29,284.77,6466,-0.09,-0.15,9.71,0.53,-0.01,-0.02,0.85,0.08,2.46,115.75,23,5,15,0,35.2941483,136.2544850,93.50, 0.13
1314489,0.18,0.62,9.67,0.74,0.03,0.02,0.67,-0.94,-3.77,84.56,10.61,0.00,0,2,1000.77,39.06,113.36,1000.78,37.18,112.62,0.40,1000.18,37.12,118.04,-0.05,0.30,105.21,284.77,6464,0.00,-0.16,9.66,0.53,-0.01,-0.02,0.85,0.08,2.44,115.75,23,5,15,0,35.2941483,136.2544850,93.50, 0.13
1314543,0.01,0.55,9.74,0.74,0.03,0.02,0.67,-0.94,-3.77,84.56,10.60,0.00,0,2,1000.77,39.05,113.39,1000.77,37.17,112.64,0.40,1000.18,37.13,117.99,-0.05,0.30,105.21,284.77,6465,0.07,-0.54,9.63,0.53,-0.01,-0.02,0.85,0.08,2.42,115.75,23,5,15,0,35.2941483,136.2544850,93.50, 0.13
1314600,0.06,0.61,9.66,0.74,0.03,0.02,0.67,-0.94,-3.77,84.56,10.60,0.00,0,2,1000.77,39.05,113.37,1000.78,37.17,112.63,0.40,1000.18,37.13,118.05,-0.03,0.24,105.29,284.77,6465,-0.09,-0.42,9.56,0.53,-0.01,-0.02,0.85,0.08,2.40,115.75,23,5,15,0,35.2941483,136.2544850,93.50, 0.12
1314652,0.16,0.57,9.60,0.74,0.03,0.02,0.67,-0.94,-3.77,84.56,10.60,0.00,0,2,1000.77,39.06,113.34,1000.77,37.18,112.62,0.40,1000.18,37.13,118.00,-0.05,0.30,105.29,284.77,6466,-0.08,-0.40,9.60,0.53,-0.01,-0.02,0.85,0.07,2.38,115.75,23,5,15,0,35.2941483,136.2544850,93.50, 0.12
1314705,0.15,0.67,9.72,0.74,0.03,0.02,0.67,-0.94,-3.77,84.56,10.60,0.00,0,2,1000.77,39.06,113.36,1000.77,37.17,112.68,0.40,1000.18,37.14,118.03,-0.05,0.30,105.29,284.77,6465,0.05,-0.30,9.59,0.53,-0.01,-0.02,0.85,0.07,2.38,115.75,23,5,15,0,35.2941483,136.2544850,93.50, 0.12
1314761,0.08,0.63,9.79,0.74,0.03,0.02,0.67,-0.94,-3.77,84.56,10.59,0.00,0,2,1000.77,39.07,113.34,1000.77,37.16,112.64,0.40,1000.18,37.13,118.03,-0.05,0.30,105.29,284.77,6465,0.10,-0.16,9.68,0.53,-0.01,-0.02,0.85,0.08,2.36,115.75,23,5,15,0,35.2941483,136.2544850,93.50, 0.12
1314812,0.08,0.70,9.68,0.74,0.03,0.02,0.67,-0.94,-3.77,84.56,10.61,0.00,0,2,1000.77,39.06,113.37,1000.77,37.17,112.66,0.40,1000.18,37.13,118.02,-0.05,0.30,105.21,284.77,6466,0.05,-0.40,9.61,0.53,-0.01,-0.02,0.85,0.08,2.34,115.75,23,5,16,0,35.2941483,136.2544850,93.50, 0.12
1314870,0.09,0.65,9.78,0.74,0.03,0.02,0.67,-0.94,-3.77,84.56,10.60,0.00,0,2,1000.77,39.07,113.39,1000.77,37.19,112.63,0.40,1000.18,37.13,118.02,-0.05,0.30,105.29,284.77,6465,0.05,-0.34,9.69,0.53,-0.01,-0.02,0.85,0.09,2.34,115.75,23,5,16,0,35.2941483,136.2544850,93.50, 0.12
1314922,0.16,0.56,9.63,0.74,0.03,0.02,0.67,-0.94,-3.77,84.56,10.61,0.00,0,2,1000.77,39.06,113.39,1000.77,37.17,112.64,0.40,1000.18,37.14,118.00,-0.05,0.30,105.21,284.77,6465,0.04,-0.08,9.69,0.53,-0.01,-0.02,0.85,0.09,2.31,115.75,23,5,16,0,35.2941483,136.2544850,93.50, 0.12
1314980,0.08,0.70,9.67,0.74,0.03,0.02,0.67,-0.94,-3.77,84.56,10.60,0.00,0,2,1000.77,39.05,113.36,1000.78,37.17,112.61,0.40,1000.18,37.12,118.05,-0.07,0.34,105.21,284.77,6465,-0.02,-0.45,9.65,0.53,-0.01,-0.02,0.85,0.08,2.30,115.75,23,5,16,0,35.2941483,136.2544850,93.50, 0.12
1315032,0.22,0.65,9.79,0.74,0.03,0.02,0.67,-0.94,-3.77,84.56,10.60,0.00,0,2,1000.77,39.07,113.38,1000.78,37.18,112.62,0.40,1000.18,37.13,118.04,-0.07,0.34,105.21,284.77,6465,-0.07,-0.59,9.48,0.53,-0.01,-0.02,0.85,0.08,2.29,115.76,23,5,16,0,35.2941483,136.2544850,93.50, 0.12
1315083,0.07,0.71,9.78,0.74,0.03,0.02,0.67,-0.94,-3.77,84.56,10.60,0.00,0,2,1000.77,39.07,113.35,1000.78,37.18,112.66,0.40,1000.18,37.13,118.04,-0.05,0.30,105.21,284.77,6465,0.04,-0.43,9.64,0.53,-0.01,-0.02,0.85,0.08,2.29,115.76,23,5,16,0,35.2941483,136.2544850,93.50, 0.12
1315141,0.11,0.76,9.73,0.74,0.03,0.02,0.67,-0.94,-3.77,84.56,10.60,0.00,0,2,1000.77,39.07,113.37,1000.77,37.17,112.65,0.40,1000.18,37.13,118.05,-0.05,0.30,105.21,284.77,6465,0.37,-0.39,9.60,0.53,-0.01,-0.02,0.85,0.08,2.29,115.76,23,5,16,0,35.2941483,136.2544850,93.50, 0.12
1315199,-0.01,0.56,9.79,0.74,0.03,0.02,0.67,-0.92,-3.77,84.56,10.60,0.00,0,2,1000.77,39.06,113.37,1000.78,37.18,112.62,0.40,1000.18,37.13,118.03,-0.05,0.30,105.21,284.77,6465,0.25,-0.25,9.65,0.53,-0.01,-0.02,0.85,0.10,2.26,115.76,23,5,16,0,35.2941483,136.2544850,93.50, 0.12
1315252,0.19,0.69,9.72,0.74,0.03,0.02,0.67,-0.93,-3.77,84.56,10.61,0.00,0,2,1000.77,39.06,113.37,1000.77,37.17,112.66,0.40,1000.18,37.14,118.03,-0.05,0.30,105.21,284.77,6466,0.29,-0.43,9.62,0.53,-0.01,-0.02,0.85,0.09,2.25,115.76,23,5,16,0,35.2941483,136.2544850,93.50, 0.12
1315308,0.13,0.58,9.63,0.74,0.03,0.02,0.67,-0.93,-3.77,84.56,10.60,0.00,0,2,1000.77,39.07,113.37,1000.78,37.17,112.66,0.40,1000.18,37.14,117.99,-0.05,0.30,105.21,284.77,6464,0.13,-0.13,9.64,0.53,-0.01,-0.02,0.85,0.10,2.24,115.76,23,5,16,0,35.2941483,136.2544850,93.50, 0.12
1315361,0.19,0.65,9.56,0.74,0.03,0.02,0.67,-0.93,-3.77,84.56,10.61,0.00,0,2,1000.77,39.07,113.39,1000.77,37.17,112.64,0.40,1000.18,37.13,118.04,-0.05,0.30,105.21,284.77,6465,0.05,-0.08,9.65,0.53,-0.01,-0.02,0.85,0.10,2.24,115.76,23,5,16,0,35.2941483,136.2544850,93.50, 0.12
1315414,0.04,0.59,9.77,0.74,0.03,0.02,0.67,-0.93,-3.77,84.56,10.61,0.00,0,2,1000.77,39.08,113.39,1000.78,37.17,112.63,0.40,1000.18,37.13,118.04,-0.05,0.30,105.21,284.77,6465,0.06,-0.26,9.59,0.53,-0.01,-0.02,0.85,0.10,2.24,115.76,23,5,16,0,35.2941483,136.2544850,93.50, 0.12
1315472,0.06,0.70,9.76,0.74,0.03,0.02,0.67,-0.92,-3.77,84.56,10.61,0.00,0,2,1000.77,39.07,113.40,1000.78,37.17,112.62,0.40,1000.19,37.14,117.99,-0.07,0.34,105.21,284.77,6465,0.13,-0.45,9.55,0.53,-0.01,-0.02,0.85,0.09,2.21,115.76,23,5,16,0,35.2941483,136.2544850,93.50, 0.12
1315529,0.09,0.66,9.67,0.74,0.03,0.02,0.67,-0.92,-3.77,84.56,10.60,0.00,0,2,1000.77,39.08,113.40,1000.78,37.17,112.62,0.40,1000.18,37.13,118.02,-0.07,0.34,105.29,284.77,6466,0.00,-0.22,9.58,0.53,-0.01,-0.02,0.85,0.09,2.21,115.76,23,5,16,0,35.2941483,136.2544850,93.50, 0.22
1315581,0.09,0.55,9.69,0.74,0.03,0.02,0.67,-0.91,-3.77,84.56,10.60,0.00,0,2,1000.77,39.07,113.39,1000.78,37.19,112.62,0.40,1000.18,37.14,118.03,-0.03,0.24,105.29,284.77,6465,0.06,-0.15,9.72,0.53,-0.01,-0.02,0.85,0.10,2.20,115.76,23,5,16,0,35.2941483,136.2544850,93.50, 0.22
1315639,0.25,0.63,9.74,0.74,0.03,0.02,0.67,-0.91,-3.77,84.56,10.60,0.00,0,2,1000.77,39.07,113.38,1000.77,37.16,112.66,0.40,1000.18,37.15,118.04,-0.05,0.30,105.21,284.77,6466,-0.04,-0.18,9.66,0.53,-0.01,-0.02,0.85,0.09,2.19,115.76,23,5,16,0,35.2941483,136.2544850,93.50, 0.22
1315692,0.20,0.64,9.71,0.74,0.03,0.02,0.67,-0.91,-3.77,84.56,10.60,0.00,0,2,1000.77,39.07,113.37,1000.78,37.16,112.62,0.40,1000.19,37.15,117.99,-0.05,0.30,105.21,284.77,6466,-0.03,-0.37,9.54,0.53,-0.01,-0.02,0.85,0.08,2.15,115.75,23,5,16,0,35.2941483,136.2544850,93.50, 0.22
1315749,0.27,0.74,9.75,0.74,0.03,0.02,0.67,-0.91,-3.77,84.56,10.60,0.00,0,2,1000.77,39.07,113.39,1000.77,37.17,112.65,0.40,1000.18,37.13,118.05,-0.07,0.34,105.21,284.77,6465,-0.10,-0.36,9.70,0.53,-0.01,-0.02,0.85,0.08,2.15,115.75,23,5,16,0,35.2941483,136.2544850,93.50, 0.22
1315801,-0.09,0.51,9.64,0.74,0.03,0.02,0.67,-0.92,-3.77,84.56,10.60,0.00,0,2,1000.77,39.08,113.36,1000.77,37.16,112.60,0.40,1000.18,37.15,118.04,-0.05,0.30,105.21,284.77,6464,-0.01,-0.08,9.68,0.53,-0.01,-0.02,0.85,0.09,2.15,115.75,23,5,16,0,35.2941483,136.2544850,93.50, 0.22
1315859,0.20,0.71,9.64,0.74,0.03,0.02,0.67,-0.91,-3.77,84.56,10.60,0.00,0,2,1000.77,39.07,113.37,1000.78,37.18,112.62,0.40,1000.19,37.16,118.00,-0.05,0.30,105.21,284.77,6466,-0.12,-0.46,9.56,0.53,-0.01,-0.02,0.85,0.09,2.15,115.75,23,5,17,0,35.2941500,136.2544817,93.60, 0.22
1315912,0.45,0.68,9.98,0.74,0.03,0.02,0.67,-0.91,-3.77,84.56,10.59,0.00,0,2,1000.77,39.08,113.38,1000.77,37.17,112.65,0.40,1000.18,37.15,118.00,-0.03,0.24,105.21,284.77,6465,-0.41,-0.53,9.40,0.53,-0.01,-0.02,0.85,0.08,2.15,115.75,23,5,17,0,35.2941500,136.2544817,93.60, 0.22
1315969,0.15,0.71,9.66,0.74,0.03,0.02,0.67,-0.90,-3.77,84.56,10.59,0.00,0,2,1000.77,39.08,113.36,1000.78,37.17,112.61,0.40,1000.18,37.14,117.99,-0.07,0.34,105.21,284.77,6463,0.35,-0.06,9.69,0.53,-0.01,-0.02,0.85,0.09,2.15,115.75,23,5,17,0,35.2941500,136.2544817,93.60, 0.22
1316025,0.02,0.57,9.61,0.74,0.03,0.02,0.67,-0.90,-3.77,84.56,10.60,0.00,0,2,1000.77,39.09,113.39,1000.77,37.16,112.65,0.40,1000.18,37.13,118.07,-0.07,0.34,105.21,284.77,6464,0.00,-0.53,9.54,0.53,-0.01,-0.02,0.85,0.08,2.15,115.75,23,5,17,0,35.2941500,136.2544817,93.60, 0.22
1316079,0.16,0.62,9.72,0.74,0.03,0.02,0.67,-0.90,-3.77,84.56,10.60,0.00,0,2,1000.77,39.08,113.40,1000.78,37.18,112.64,0.40,1000.18,37.13,118.04,-0.05,0.30,105.21,284.77,6465,0.00,-0.73,9.54,0.53,-0.01,-0.02,0.85,0.08,2.16,115.75,23,5,17,0,35.2941500,136.2544817,93.60, 0.22
1316135,0.07,0.48,9.64,0.74,0.03,0.02,0.67,-0.90,-3.77,84.56,10.61,0.00,0,2,1000.77,39.08,113.36,1000.77,37.16,112.55,0.40,1000.18,37.15,118.06,-0.05,0.30,105.21,284.77,6465,-0.13,-0.88,9.47,0.53,-0.01,-0.02,0.85,0.08,2.15,115.75,23,5,17,0,35.2941500,136.2544817,93.60, 0.22
1316188,0.04,0.64,9.72,0.74,0.03,0.02,0.67,-0.90,-3.76,84.56,10.61,0.00,0,2,1000.77,39.09,113.42,1000.77,37.18,112.71,0.40,1000.18,37.13,118.05,-0.05,0.30,105.21,284.77,6465,-1.38,0.45,9.84,0.53,-0.01,-0.02,0.85,0.08,2.14,115.75,23,5,17,0,35.2941500,136.2544817,93.60, 0.22
1316246,-0.05,0.67,9.79,0.74,0.03,0.02,0.67,-0.90,-3.76,84.56,10.60,0.00,0,2,1000.77,39.08,113.36,1000.78,37.18,112.61,0.40,1000.18,37.15,118.00,-0.07,0.34,105.21,284.85,6466,1.06,0.06,9.76,0.53,-0.01,-0.02,0.85,0.08,2.16,115.77,23,5,17,0,35.2941500,136.2544817,93.60, 0.22
1316300,0.23,0.78,9.96,0.74,0.03,0.02,0.67,-0.90,-3.76,84.56,10.62,0.00,0,2,1000.77,39.08,113.40,1000.77,37.16,112.64,0.40,1000.18,37.13,118.07,-0.07,0.34,105.21,284.85,6464,0.39,-0.21,9.79,0.53,-0.01,-0.02,0.85,0.07,2.17,115.77,23,5,17,0,35.2941500,136.2544817,93.60, 0.22
1316357,0.26,0.64,9.71,0.74,0.03,0.02,0.67,-0.90,-3.76,84.56,10.61,0.00,0,2,1000.77,39.08,113.39,1000.78,37.16,112.63,0.40,1000.18,37.13,118.04,-0.05,0.30,105.21,284.85,6466,-0.03,-1.07,9.62,0.53,-0.01,-0.02,0.85,0.08,2.17,115.78,23,5,17,0,35.2941500,136.2544817,93.60, 0.22
1316407,0.18,0.47,9.59,0.74,0.03,0.02,0.67,-0.90,-3.76,84.56,10.62,0.00,0,2,1000.77,39.09,113.41,1000.77,37.18,112.57,0.40,1000.18,37.15,118.06,-0.07,0.34,105.21,284.85,6466,0.07,0.31,9.62,0.53,-0.01,-0.02,0.85,0.08,2.15,115.77,23,5,17,0,35.2941500,136.2544817,93.60, 0.22
1316460,0.09,0.86,9.89,0.74,0.03,0.02,0.67,-0.90,-3.76,84.56,10.60,0.00,0,2,1000.77,39.07,113.40,1000.77,37.17,112.70,0.40,1000.18,37.14,118.06,-0.07,0.34,105.21,284.85,6466,0.90,-0.45,9.69,0.53,-0.01,-0.02,0.85,0.08,2.16,115.77,23,5,17,0,35.2941500,136.2544817,93.60, 0.22
1316517,-0.06,0.45,9.78,0.74,0.03,0.02,0.67,-0.90,-3.76,84.56,10.60,0.00,0,2,1000.77,39.08,113.37,1000.78,37.18,112.62,0.40,1000.18,37.15,118.02,-0.05,0.30,105.21,284.85,6465,0.00,-0.02,9.65,0.53,-0.01,-0.02,0.85,0.08,2.15,115.77,23,5,17,0,35.2941500,136.2544817,93.60, 0.22
1316569,0.02,0.69,9.25,0.74,0.03,0.02,0.67,-0.90,-3.76,84.56,10.61,0.00,0,2,1000.77,39.08,113.38,1000.77,37.17,112.62,0.40,1000.18,37.15,118.06,-0.05,0.30,105.21,284.85,6465,-0.58,0.07,9.65,0.53,-0.01,-0.02,0.85,0.07,2.14,115.77,23,5,17,0,35.2941500,136.2544817,93.60, 0.05
1316626,0.22,0.75,10.13,0.74,0.03,0.02,0.67,-0.89,-3.75,84.56,10.60,0.00,0,2,1000.77,39.10,113.38,1000.78,37.18,112.60,0.40,1000.19,37.15,117.98,-0.05,0.30,105.21,284.85,6465,0.30,-0.41,9.72,0.53,-0.01,-0.02,0.85,0.08,2.15,115.77,23,5,17,0,35.2941500,136.2544817,93.60, 0.05
1316683,0.22,0.79,9.62,0.74,0.03,0.02,0.67,-0.88,-3.75,84.56,10.61,0.00,0,2,1000.76,39.08,113.44,1000.77,37.18,112.56,0.40,1000.18,37.15,118.00,-0.05,0.30,105.21,284.85,6466,-0.05,-0.42,9.58,0.53,-0.01,-0.02,0.85,0.08,2.15,115.77,23,5,17,0,35.2941500,136.2544817,93.60, 0.05
1316738,0.11,0.61,9.72,0.74,0.03,0.02,0.67,-0.88,-3.75,84.56,10.59,0.00,0,2,1000.76,39.09,113.44,1000.77,37.18,112.69,0.40,1000.19,37.17,118.00,-0.05,0.30,105.21,284.85,6465,0.66,-0.16,9.50,0.53,-0.01,-0.02,0.85,0.08,2.15,115.75,23,5,17,0,35.2941500,136.2544817,93.60, 0.05
1316796,0.09,0.54,10.06,0.74,0.03,0.02,0.67,-0.88,-3.76,84.56,10.61,0.00,0,2,1000.78,39.09,113.30,1000.78,37.19,112.56,0.40,1000.18,37.13,118.02,-0.07,0.34,105.21,284.85,6466,-0.13,-0.29,9.83,0.53,-0.01,-0.02,0.85,0.07,2.16,115.77,23,5,17,0,35.2941500,136.2544817,93.60, 0.05
1316848,0.18,0.63,9.71,0.74,0.03,0.02,0.67,-0.87,-3.76,84.56,10.61,0.00,0,2,1000.77,39.10,113.39,1000.77,37.18,112.66,0.40,1000.18,37.15,118.07,-0.05,0.30,105.21,284.85,6464,-0.42,-0.68,9.66,0.53,-0.01,-0.02,0.85,0.07,2.17,115.77,23,5,17,0,35.2941500,136.2544817,93.60, 0.05
1316906,0.15,0.65,9.68,0.74,0.03,0.02,0.67,-0.88,-3.76,84.56,10.60,0.00,0,2,1000.76,39.09,113.44,1000.78,37.18,112.72,0.40,1000.19,37.17,117.98,-0.05,0.30,105.21,284.85,6465,-0.57,0.11,9.48,0.53,-0.01,-0.02,0.85,0.08,2.15,115.77,23,5,17,0,35.2941500,136.2544817,93.60, 0.05
1316958,0.31,0.64,9.73,0.74,0.03,0.02,0.67,-0.88,-3.76,84.56,10.62,0.00,0,2,1000.77,39.10,113.41,1000.78,37.18,112.59,0.40,1000.18,37.15,118.07,-0.05,0.30,105.29,284.85,6465,-0.18,-0.07,9.69,0.53,-0.01,-0.02,0.85,0.08,2.17,115.78,23,5,18,0,35.2941583,136.2544800,93.60, 0.05
1317016,0.13,0.61,9.62,0.74,0.03,0.02,0.67,-0.88,-3.76,84.56,10.61,0.00,0,2,1000.76,39.11,113.47,1000.77,37.19,112.73,0.40,1000.18,37.15,118.05,-0.05,0.30,105.21,284.85,6466,0.15,-0.85,9.62,0.53,-0.01,-0.02,0.85,0.08,2.17,115.78,23,5,18,0,35.2941583,136.2544800,93.60, 0.05
1317075,0.14,0.92,9.79,0.74,0.03,0.02,0.67,-0.88,-3.76,84.56,10.59,0.00,0,2,1000.77,39.10,113.42,1000.77,37.19,112.65,0.40,1000.19,37.15,117.95,-0.05,0.30,105.29,284.85,6465,0.06,-0.02,9.65,0.53,-0.01,-0.02,0.85,0.09,2.15,115.78,23,5,18,0,35.2941583,136.2544800,93.60, 0.05
1317126,0.11,0.58,9.71,0.74,0.03,0.02,0.67,-0.88,-3.76,84.56,10.60,0.00,0,2,1000.78,39.11,113.34,1000.78,37.19,112.58,0.40,1000.18,37.15,118.02,-0.07,0.34,105.21,284.85,6466,-0.54,0.08,9.65,0.53,-0.01,-0.02,0.85,0.08,2.15,115.82,23,5,18,0,35.2941583,136.2544800,93.60, 0.05
1317184,0.12,0.65,9.80,0.74,0.03,0.02,0.67,-0.88,-3.76,84.56,10.59,0.00,0,2,1000.76,39.10,113.46,1000.78,37.19,112.74,0.40,1000.19,37.15,117.95,-0.07,0.34,105.21,284.85,6465,-0.14,-0.31,9.69,0.53,-0.01,-0.02,0.85,0.08,2.17,115.82,23,5,18,0,35.2941583,136.2544800,93.60, 0.05
1317237,0.09,0.55,9.71,0.74,0.03,0.02,0.67,-0.88,-3.77,84.56,10.61,0.00,0,2,1000.77,39.11,113.38,1000.78,37.19,112.68,0.40,1000.18,37.13,118.04,-0.07,0.34,105.21,284.85,6466,-0.13,-0.08,9.71,0.53,-0.01,-0.02,0.85,0.08,2.17,115.83,23,5,18,0,35.2941583,136.2544800,93.60, 0.05
1317288,0.00,0.68,9.74,0.74,0.03,0.02,0.67,-0.88,-3.77,84.56,10.61,0.00,0,2,1000.76,39.10,113.43,1000.78,37.20,112.63,0.40,1000.18,37.13,118.07,-0.05,0.30,105.21,284.85,6465,-0.15,0.22,9.89,0.53,-0.01,-0.02,0.85,0.08,2.17,115.85,23,5,18,0,35.2941583,136.2544800,93.60, 0.05
1317346,0.10,0.66,9.77,0.74,0.03,0.02,0.67,-0.88,-3.77,84.56,10.60,0.00,0,2,1000.77,39.11,113.42,1000.77,37.19,112.65,0.40,1000.18,37.15,118.07,-0.05,0.30,105.21,284.85,6465,0.16,-0.56,9.23,0.53,-0.01,-0.02,0.85,0.08,2.19,115.85,23,5,18,0,35.2941583,136.2544800,93.60, 0.05
1317403,0.02,0.66,9.49,0.74,0.03,0.02,0.67,-0.88,-3.77,84.56,10.60,0.00,0,2,1000.77,39.10,113.39,1000.77,37.19,112.65,0.40,1000.18,37.15,118.04,-0.07,0.34,105.21,284.85,6465,0.38,-0.35,9.63,0.53,-0.01,-0.02,0.85,0.08,2.19,115.85,23,5,18,0,35.2941583,136.2544800,93.60, 0.05
1317456,0.03,0.69,9.71,0.74,0.03,0.02,0.67,-0.88,-3.77,84.56,10.60,0.00,0,2,1000.77,39.10,113.41,1000.78,37.19,112.65,0.39,1000.18,37.15,118.03,-0.05,0.30,105.12,284.85,6466,-0.05,-0.67,9.52,0.53,-0.01,-0.02,0.85,0.08,2.18,115.87,23,5,18,0,35.2941583,136.2544800,93.60, 0.05
1317513,0.25,0.61,9.94,0.74,0.03,0.02,0.67,-0.88,-3.77,84.56,10.60,0.00,0,2,1000.77,39.11,113.37,1000.78,37.19,112.61,0.40,1000.18,37.14,118.01,-0.07,0.34,105.12,284.85,6464,-0.37,-1.49,9.46,0.53,-0.01,-0.02,0.85,0.08,2.20,115.88,23,5,18,0,35.2941583,136.2544800,93.60, 0.05
1317566,0.16,0.65,9.62,0.74,0.03,0.02,0.67,-0.88,-3.77,84.56,10.60,0.00,0,2,1000.77,39.10,113.39,1000.78,37.19,112.63,0.40,1000.18,37.14,118.03,-0.07,0.34,105.12,284.85,6466,-0.31,-0.95,9.42,0.53,-0.01,-0.02,0.85,0.08,2.20,115.89,23,5,18,0,35.2941583,136.2544800,93.60, 0.05
1317622,0.05,0.60,9.71,0.74,0.03,0.02,0.67,-0.88,-3.77,84.56,10.60,0.00,0,2,1000.77,39.11,113.37,1000.78,37.19,112.62,0.40,1000.18,37.14,118.05,-0.07,0.34,105.21,284.85,6464,0.03,-0.06,9.72,0.53,-0.01,-0.02,0.85,0.08,2.19,115.90,23,5,18,0,35.2941583,136.2544800,93.60, 0.46
1317675,0.16,0.66,9.55,0.74,0.03,0.02,0.67,-0.88,-3.77,84.56,10.61,0.00,0,2,1000.77,39.11,113.39,1000.77,37.19,112.65,0.40,1000.18,37.15,118.03,-0.03,0.24,105.21,284.85,6466,0.01,0.57,9.84,0.53,-0.01,-0.02,0.85,0.08,2.17,115.90,23,5,18,0,35.2941583,136.2544800,93.60, 0.46
1317733,0.12,0.71,9.69,0.74,0.03,0.02,0.67,-0.88,-3.77,84.56,10.61,0.00,0,2,1000.77,39.13,113.38,1000.77,37.19,112.62,0.40,1000.18,37.15,118.02,-0.05,0.30,105.12,284.85,6465,0.29,0.17,9.68,0.53,-0.01,-0.02,0.85,0.08,2.17,115.90,23,5,18,0,35.2941583,136.2544800,93.60, 0.46
1317785,0.18,0.66,9.72,0.74,0.03,0.02,0.67,-0.88,-3.77,84.56,10.60,0.00,0,2,1000.77,39.11,113.41,1000.78,37.22,112.60,0.40,1000.18,37.15,118.03,-0.07,0.34,105.21,284.85,6465,-0.04,-0.60,9.59,0.53,-0.01,-0.02,0.85,0.07,2.19,115.91,23,5,18,0,35.2941583,136.2544800,93.60, 0.46
1317842,0.20,0.76,9.77,0.74,0.03,0.02,0.67,-0.88,-3.77,84.56,10.60,0.00,0,2,1000.77,39.12,113.40,1000.77,37.19,112.65,0.40,1000.18,37.13,118.00,-0.07,0.34,105.21,284.85,6464,-0.04,0.02,9.85,0.53,-0.01,-0.02,0.85,0.08,2.18,115.91,23,5,18,0,35.2941583,136.2544800,93.60, 0.46
1317895,0.07,0.57,9.98,0.74,0.03,0.02,0.67,-0.88,-3.77,84.56,10.60,0.00,0,2,1000.77,39.11,113.36,1000.77,37.19,112.61,0.40,1000.18,37.14,118.00,-0.05,0.30,105.21,284.85,6466,0.43,-0.42,9.46,0.53,-0.01,-0.02,0.85,0.08,2.20,115.91,23,5,19,0,35.2941600,136.2544817,93.50, 0.46
1317953,0.03,0.71,9.63,0.74,0.03,0.02,0.67,-0.88,-3.77,84.56,10.61,0.00,0,2,1000.77,39.11,113.41,1000.77,37.19,112.62,0.40,1000.18,37.14,118.06,-0.07,0.34,105.21,284.85,6466,0.09,-0.50,9.58,0.53,-0.01,-0.02,0.85,0.08,2.21,115.91,23,5,19,0,35.2941600,136.2544817,93.50, 0.46
1318005,0.15,0.64,9.54,0.74,0.03,0.02,0.67,-0.88,-3.77,84.56,10.60,0.00,0,2,1000.77,39.11,113.41,1000.77,37.18,112.69,0.40,1000.18,37.15,118.01,-0.05,0.30,105.21,284.85,6465,0.10,-0.13,9.63,0.53,-0.01,-0.02,0.85,0.08,2.20,115.91,23,5,19,0,35.2941600,136.2544817,93.50, 0.46
1318060,0.28,0.65,9.76,0.74,0.03,0.02,0.67,-0.88,-3.77,84.56,10.61,0.00,0,2,1000.77,39.10,113.43,1000.78,37.20,112.62,0.40,1000.18,37.15,118.07,-0.05,0.30,105.12,284.85,6464,0.00,0.33,9.83,0.53,-0.01,-0.02,0.85,0.08,2.20,115.91,23,5,19,0,35.2941600,136.2544817,93.50, 0.46
1318115,0.11,0.48,9.66,0.74,0.03,0.02,0.67,-0.88,-3.77,84.56,10.61,0.00,0,2,1000.77,39.12,113.38,1000.77,37.20,112.70,0.40,1000.18,37.15,118.02,-0.05,0.30,105.21,284.85,6465,-0.03,0.19,9.70,0.53,-0.01,-0.02,0.85,0.08,2.20,115.91,23,5,19,0,35.2941600,136.2544817,93.50, 0.46
1318172,0.05,0.62,9.81,0.74,0.03,0.02,0.67,-0.88,-3.77,84.56,10.60,0.00,0,2,1000.77,39.12,113.38,1000.78,37.20,112.67,0.40,1000.18,37.15,118.00,-0.07,0.34,105.21,284.85,6466,-0.04,-0.84,9.52,0.53,-0.01,-0.02,0.85,0.08,2.22,115.91,23,5,19,0,35.2941600,136.2544817,93.50, 0.46
1318223,0.07,0.65,9.73,0.74,0.03,0.02,0.67,-0.88,-3.77,84.56,10.60,0.00,0,2,1000.77,39.12,113.39,1000.77,37.19,112.65,0.40,1000.18,37.13,118.02,-0.05,0.30,105.21,284.85,6464,0.09,-0.38,9.63,0.53,-0.01,-0.02,0.85,0.08,2.21,115.91,23,5,19,0,35.2941600,136.2544817,93.50, 0.46
1318281,0.12,0.53,9.73,0.74,0.03,0.02,0.67,-0.88,-3.77,84.56,10.61,0.00,0,2,1000.77,39.13,113.38,1000.77,37.18,112.65,0.40,1000.18,37.13,118.03,-0.05,0.30,105.21,284.85,6464,0.06,0.38,9.75,0.53,-0.01,-0.02,0.85,0.08,2.20,115.91,23,5,19,0,35.2941600,136.2544817,93.50, 0.46
1318335,0.19,0.67,9.46,0.74,0.03,0.02,0.67,-0.88,-3.77,84.56,10.61,0.00,0,2,1000.77,39.13,113.41,1000.78,37.19,112.63,0.40,1000.18,37.14,118.04,-0.05,0.30,105.21,284.85,6465,0.03,-0.88,9.33,0.53,-0.01,-0.02,0.85,0.08,2.22,115.91,23,5,19,0,35.2941600,136.2544817,93.50, 0.46
1318392,0.13,0.67,9.82,0.74,0.03,0.02,0.67,-0.88,-3.77,84.56,10.61,0.00,0,2,1000.77,39.12,113.37,1000.77,37.18,112.67,0.40,1000.18,37.13,118.04,-0.05,0.30,105.21,284.85,6464,0.09,-0.72,9.54,0.53,-0.01,-0.02,0.85,0.08,2.22,115.91,23,5,19,0,35.2941600,136.2544817,93.50, 0.46
1318444,0.25,0.62,9.78,0.74,0.03,0.02,0.67,-0.88,-3.77,84.56,10.61,0.00,0,2,1000.77,39.13,113.41,1000.77,37.19,112.65,0.40,1000.18,37.13,118.02,-0.05,0.30,105.21,284.85,6464,0.11,0.12,9.72,0.53,-0.01,-0.02,0.85,0.08,2.21,115.92,23,5,19,0,35.2941600,136.2544817,93.50, 0.46
1318502,0.08,0.56,9.57,0.74,0.03,0.02,0.67,-0.88,-3.77,84.56,10.61,0.00,0,2,1000.76,39.11,113.44,1000.77,37.19,112.65,0.40,1000.18,37.13,118.02,-0.03,0.24,105.21,284.85,6465,0.11,0.04,9.70,0.53,-0.01,-0.02,0.85,0.07,2.21,115.92,23,5,19,0,35.2941600,136.2544817,93.50, 0.46
1318554,0.18,0.68,9.60,0.74,0.03,0.02,0.67,-0.88,-3.77,84.56,10.61,0.00,0,2,1000.77,39.13,113.40,1000.77,37.19,112.65,0.40,1000.18,37.15,118.02,-0.05,0.30,105.21,284.85,6466,0.04,-0.32,9.62,0.53,-0.01,-0.02,0.85,0.07,2.21,115.92,23,5,19,0,35.2941600,136.2544817,93.50, 0.46
1318606,0.17,0.75,9.80,0.74,0.03,0.02,0.67,-0.88,-3.77,84.56,10.61,0.00,0,2,1000.77,39.13,113.41,1000.77,37.20,112.68,0.40,1000.18,37.13,118.05,-0.05,0.30,105.21,284.85,6465,-0.08,-0.34,9.61,0.53,-0.01,-0.02,0.85,0.08,2.21,115.93,23,5,19,0,35.2941600,136.2544817,93.50, 0.46
1318662,0.06,0.69,9.87,0.74,0.03,0.02,0.67,-0.88,-3.77,84.56,10.61,0.00,0,2,1000.77,39.12,113.37,1000.78,37.19,112.61,0.40,1000.18,37.13,118.07,-0.05,0.30,105.21,284.85,6466,-0.09,-0.21,9.72,0.53,-0.01,-0.02,0.85,0.07,2.20,115.93,23,5,19,0,35.2941600,136.2544817,93.50, 0.46
1318719,0.07,0.58,9.72,0.74,0.03,0.02,0.67,-0.88,-3.77,84.56,10.61,0.00,0,2,1000.77,39.14,113.41,1000.77,37.17,112.67,0.40,1000.18,37.14,118.05,-0.05,0.30,105.21,284.85,6466,0.08,-0.09,9.66,0.53,-0.01,-0.02,0.85,0.08,2.19,115.93,23,5,19,0,35.2941600,136.2544817,93.50, 0.46
1318772,0.16,0.69,9.87,0.74,0.03,0.02,0.67,-0.88,-3.77,84.56,10.60,0.00,0,2,1000.77,39.12,113.40,1000.78,37.21,112.64,0.40,1000.18,37.15,118.04,-0.03,0.24,105.21,284.85,6464,-0.03,-0.52,9.57,0.53,-0.01,-0.02,0.85,0.08,2.17,115.94,23,5,19,0,35.2941600,136.2544817,93.50, 0.46
1318829,0.12,0.69,9.71,0.74,0.03,0.02,0.67,-0.88,-3.77,84.56,10.60,0.00,0,2,1000.77,39.13,113.41,1000.78,37.19,112.61,0.40,1000.18,37.16,118.01,-0.05,0.30,105.21,284.85,6466,-0.05,-0.12,9.66,0.53,-0.01,-0.02,0.85,0.09,2.16,115.94,23,5,19,0,35.2941600,136.2544817,93.50, 0.46
1318883,0.03,0.61,9.73,0.74,0.03,0.02,0.67,-0.88,-3.77,84.56,10.60,0.00,0,2,1000.77,39.12,113.43,1000.78,37.21,112.62,0.40,1000.18,37.13,118.03,-0.05,0.30,105.21,284.85,6465,0.01,0.03,9.61,0.53,-0.01,-0.02,0.85,0.09,2.16,115.94,23,5,19,0,35.2941600,136.2544817,93.50, 0.46
1318940,-0.06,0.61,9.70,0.74,0.03,0.02,0.67,-0.88,-3.77,84.56,10.60,0.00,0,2,1000.77,39.14,113.39,1000.78,37.19,112.63,0.40,1000.18,37.14,118.03,-0.05,0.30,105.21,284.85,6464,0.30,-0.13,9.74,0.53,-0.01,-0.02,0.85,0.09,2.16,115.94,23,5,20,0,35.2941617,136.2544800,93.50, 0.46
1318992,-0.02,0.70,9.72,0.74,0.03,0.02,0.67,-0.88,-3.77,84.56,10.60,0.00,0,2,1000.77,39.13,113.40,1000.78,37.20,112.64,0.40,1000.18,37.14,118.03,-0.05,0.30,105.21,284.85,6465,-0.21,-0.30,9.64,0.53,-0.01,-0.02,0.85,0.09,2.14,115.95,23,5,20,0,35.2941617,136.2544800,93.50, 0.46
1319048,0.28,0.64,9.90,0.74,0.03,0.02,0.67,-0.88,-3.77,84.56,10.60,0.00,0,2,1000.77,39.12,113.37,1000.78,37.20,112.64,0.40,1000.18,37.15,118.02,-0.07,0.34,105.21,284.85,6464,-0.38,-0.15,9.74,0.53,-0.01,-0.02,0.85,0.09,2.14,115.95,23,5,20,0,35.2941617,136.2544800,93.50, 0.46
1319103,0.24,0.73,9.87,0.74,0.03,0.02,0.67,-0.88,-3.77,84.56,10.59,0.00,0,2,1000.77,39.12,113.43,1000.77,37.19,112.65,0.40,1000.18,37.17,118.01,-0.05,0.30,105.21,284.85,6466,0.34,-0.17,9.61,0.53,-0.01,-0.02,0.85,0.09,2.14,115.95,23,5,20,0,35.2941617,136.2544800,93.50, 0.46
1319161,0.03,0.67,9.70,0.74,0.03,0.02,0.67,-0.88,-3.77,84.56,10.59,0.00,0,2,1000.77,39.13,113.36,1000.78,37.21,112.62,0.40,1000.18,37.17,118.01,-0.05,0.30,105.21,284.85,6466,0.20,-0.24,9.71,0.53,-0.01,-0.02,0.85,0.10,2.14,115.95,23,5,20,0,35.2941617,136.2544800,93.50, 0.46
1319210,0.06,0.74,9.52,0.74,0.03,0.02,0.67,-0.88,-3.77,84.56,10.60,0.00,0,2,1000.77,39.13,113.43,1000.78,37.20,112.63,0.40,1000.18,37.16,118.02,-0.05,0.30,105.21,284.85,6466,0.20,-0.18,9.60,0.53,-0.01,-0.02,0.85,0.10,2.14,115.95,23,5,20,0,35.2941617,136.2544800,93.50, 0.46
1319268,0.16,0.66,9.75,0.74,0.03,0.02,0.67,-0.88,-3.77,84.56,10.59,0.00,0,2,1000.77,39.13,113.41,1000.78,37.20,112.61,0.40,1000.19,37.15,117.99,-0.05,0.30,105.21,284.85,6465,0.00,0.43,9.77,0.53,-0.01,-0.02,0.85,0.10,2.12,115.95,23,5,20,0,35.2941617,136.2544800,93.50, 0.46
1319322,0.28,0.65,9.80,0.74,0.03,0.02,0.67,-0.88,-3.77,84.56,10.58,0.00,0,2,1000.77,39.14,113.40,1000.78,37.21,112.64,0.40,1000.18,37.15,118.05,-0.07,0.34,105.21,284.85,6465,-0.04,0.37,9.81,0.53,-0.01,-0.02,0.85,0.10,2.13,115.96,23,5,20,0,35.2941617,136.2544800,93.50, 0.46
1319379,0.16,0.66,9.78,0.74,0.03,0.02,0.67,-0.88,-3.77,84.56,10.60,0.00,0,2,1000.76,39.13,113.44,1000.77,37.20,112.70,0.40,1000.18,37.15,118.03,-0.05,0.30,105.21,284.85,6465,-0.06,0.05,9.66,0.53,-0.01,-0.02,0.85,0.10,2.15,115.97,23,5,20,0,35.2941617,136.2544800,93.50, 0.46
1319431,0.00,0.63,9.76,0.74,0.03,0.02,0.67,-0.88,-3.77,84.56,10.60,0.00,0,2,1000.77,39.13,113.41,1000.78,37.20,112.64,0.40,1000.18,37.14,118.01,-0.07,0.34,105.21,284.85,6466,0.11,-0.45,9.62,0.53,-0.01,-0.02,0.85,0.10,2.16,115.97,23,5,20,0,35.2941617,136.2544800,93.50, 0.46
1319489,0.14,0.63,9.83,0.74,0.03,0.02,0.67,-0.87,-3.77,84.56,10.60,0.00,0,2,1000.77,39.14,113.41,1000.77,37.21,112.63,0.40,1000.18,37.15,118.03,-0.05,0.30,105.21,284.85,6466,0.56,-0.23,9.71,0.53,-0.01,-0.02,0.85,0.10,2.16,115.97,23,5,20,0,35.2941617,136.2544800,93.50, 0.46
1319541,0.19,0.49,9.69,0.74,0.03,0.02,0.67,-0.86,-3.77,84.56,10.60,0.00,0,2,1000.77,39.13,113.39,1000.77,37.18,112.65,0.40,1000.18,37.15,118.06,-0.05,0.30,105.21,284.85,6465,-0.31,-0.10,9.56,0.53,-0.01,-0.02,0.85,0.10,2.16,115.97,23,5,20,0,35.2941617,136.2544800,93.50, 0.46
1319598,0.40,0.74,9.59,0.74,0.03,0.02,0.67,-0.86,-3.77,84.56,10.60,0.00,0,2,1000.77,39.13,113.41,1000.78,37.20,112.64,0.40,1000.18,37.13,118.05,-0.05,0.30,105.21,284.85,6465,-0.16,-0.27,9.59,0.53,-0.01,-0.02,0.85,0.10,2.16,115.98,23,5,20,0,35.2941617,136.2544800,93.50, 0.46
1319650,0.46,0.47,9.68,0.74,0.03,0.02,0.67,-0.87,-3.77,84.56,10.60,0.00,0,2,1000.77,39.13,113.41,1000.77,37.20,112.66,0.40,1000.18,37.16,118.00,-0.05,0.30,105.21,284.85,6464,-0.59,0.04,9.62,0.53,-0.01,-0.02,0.85,0.10,2.16,115.99,23,5,20,0,35.2941617,136.2544800,93.50, 0.15
1319704,-0.06,0.70,9.86,0.74,0.03,0.02,0.67,-0.85,-3.75,84.56,10.59,0.00,0,2,1000.77,39.15,113.40,1000.78,37.20,112.67,0.40,1000.18,37.14,118.01,-0.05,0.30,105.21,284.85,6466,-0.21,-0.16,9.62,0.53,-0.01,-0.02,0.85,0.10,2.17,116.01,23,5,20,0,35.2941617,136.2544800,93.50, 0.15
1319761,0.16,0.51,9.54,0.74,0.03,0.02,0.67,-0.85,-3.75,84.56,10.59,0.00,0,2,1000.77,39.15,113.40,1000.78,37.20,112.61,0.40,1000.18,37.17,118.01,-0.05,0.30,105.21,284.85,6465,-0.14,0.36,9.77,0.53,-0.01,-0.02,0.85,0.09,2.15,116.02,23,5,20,0,35.2941617,136.2544800,93.50, 0.15
1319816,0.22,0.65,9.91,0.74,0.03,0.02,0.67,-0.85,-3.74,84.56,10.59,0.00,0,2,1000.77,39.14,113.42,1000.78,37.20,112.61,0.40,1000.18,37.15,118.02,-0.05,0.30,105.21,284.85,6466,0.39,-0.94,9.50,0.53,-0.01,-0.02,0.85,0.09,2.17,116.02,23,5,20,0,35.2941617,136.2544800,93.50, 0.15
1319870,0.10,0.60,9.72,0.74,0.03,0.02,0.67,-0.85,-3.75,84.56,10.60,0.00,0,2,1000.77,39.14,113.39,1000.78,37.19,112.63,0.40,1000.18,37.15,118.00,-0.05,0.30,105.21,284.85,6465,0.14,-0.15,9.74,0.53,-0.01,-0.02,0.85,0.09,2.17,116.02,23,5,20,0,35.2941617,136.2544800,93.50, 0.15
1319927,0.06,0.64,9.59,0.74,0.03,0.02,0.67,-0.84,-3.74,84.56,10.60,0.00,0,2,1000.77,39.15,113.43,1000.78,37.19,112.62,0.40,1000.18,37.15,118.03,-0.05,0.30,105.21,284.85,6464,-0.02,0.50,9.74,0.53,-0.01,-0.02,0.85,0.10,2.16,116.02,23,5,20,0,35.2941617,136.2544800,93.50, 0.15
1319980,-0.04,0.67,9.57,0.74,0.03,0.02,0.67,-0.84,-3.75,84.56,10.61,0.00,0,2,1000.77,39.15,113.40,1000.77,37.19,112.70,0.40,1000.18,37.13,118.05,-0.05,0.30,105.12,284.85,6464,0.00,0.73,9.64,0.53,-0.01,-0.02,0.85,0.09,2.15,116.02,23,5,21,0,35.2941650,136.2544817,93.50, 0.15
1320037,0.09,0.44,9.82,0.74,0.03,0.02,0.67,-0.83,-3.74,84.56,10.61,0.00,0,2,1000.77,39.13,113.36,1000.78,37.20,112.61,0.40,1000.18,37.15,118.02,-0.05,0.30,105.21,284.85,6466,0.27,-0.15,9.62,0.53,-0.01,-0.02,0.85,0.09,2.18,116.02,23,5,21,0,35.2941650,136.2544817,93.50, 0.15
1320090,0.28,0.82,9.83,0.74,0.03,0.02,0.67,-0.82,-3.74,84.56,10.60,0.00,0,2,1000.77,39.13,113.39,1000.77,37.19,112.65,0.40,1000.18,37.14,118.00,-0.07,0.34,105.21,284.85,6465,0.36,-0.18,9.52,0.53,-0.01,-0.02,0.85,0.09,2.18,116.02,23,5,21,0,35.2941650,136.2544817,93.50, 0.15
1320147,0.14,0.61,9.65,0.74,0.03,0.02,0.67,-0.83,-3.74,84.56,10.60,0.00,0,2,1000.77,39.14,113.43,1000.77,37.20,112.68,0.40,1000.18,37.14,118.03,-0.05,0.30,105.21,284.85,6464,-0.37,0.20,9.78,0.53,-0.01,-0.02,0.85,0.10,2.17,116.02,23,5,21,0,35.2941650,136.2544817,93.50, 0.15
1320200,0.03,0.60,9.44,0.74,0.03,0.02,0.67,-0.83,-3.74,84.56,10.60,0.00,0,2,1000.76,39.13,113.46,1000.78,37.21,112.67,0.40,1000.18,37.15,118.02,-0.05,0.30,105.12,284.85,6464,-0.34,-0.07,9.66,0.53,-0.01,-0.02,0.85,0.09,2.18,116.02,23,5,21,0,35.2941650,136.2544817,93.50, 0.15
1320257,0.12,0.65,10.13,0.74,0.03,0.02,0.67,-0.83,-3.75,84.56,10.61,0.00,0,2,1000.77,39.15,113.41,1000.78,37.19,112.69,0.40,1000.18,37.14,118.04,-0.07,0.34,105.12,284.85,6466,-0.30,0.60,9.87,0.53,-0.01,-0.02,0.85,0.09,2.18,116.02,23,5,21,0,35.2941650,136.2544817,93.50, 0.15
1320310,-0.01,0.67,9.96,0.74,0.03,0.02,0.67,-0.83,-3.75,84.56,10.60,0.00,0,2,1000.77,39.13,113.41,1000.77,37.19,112.66,0.40,1000.18,37.15,118.03,-0.07,0.34,105.12,284.85,6466,-0.29,-1.11,9.44,0.53,-0.01,-0.02,0.85,0.09,2.21,116.02,23,5,21,0,35.2941650,136.2544817,93.50, 0.15
1320366,-0.11,0.61,9.72,0.74,0.03,0.02,0.67,-0.83,-3.76,84.56,10.61,0.00,0,2,1000.77,39.14,113.44,1000.77,37.19,112.71,0.40,1000.18,37.13,118.05,-0.05,0.30,105.21,284.85,6466,-0.22,0.17,9.68,0.53,-0.01,-0.02,0.85,0.09,2.18,116.02,23,5,21,0,35.2941650,136.2544817,93.50, 0.15
1320418,0.23,0.65,9.68,0.74,0.03,0.02,0.67,-0.82,-3.75,84.56,10.62,0.00,0,2,1000.77,39.13,113.43,1000.77,37.21,112.67,0.40,1000.18,37.15,118.02,-0.05,0.30,105.21,284.85,6466,-0.10,0.52,9.89,0.53,-0.01,-0.02,0.85,0.09,2.18,116.02,23,5,21,0,35.2941650,136.2544817,93.50, 0.15
1320476,0.15,0.61,9.62,0.74,0.03,0.02,0.67,-0.83,-3.75,84.56,10.62,0.00,0,2,1000.77,39.13,113.40,1000.78,37.20,112.65,0.40,1000.18,37.15,118.06,-0.05,0.30,105.12,284.85,6464,0.04,0.32,9.77,0.53,-0.01,-0.02,0.85,0.09,2.18,116.02,23,5,21,0,35.2941650,136.2544817,93.50, 0.15
1320528,0.31,0.54,9.59,0.74,0.03,0.02,0.67,-0.84,-3.74,84.56,10.61,0.00,0,2,1000.77,39.15,113.42,1000.78,37.20,112.64,0.40,1000.18,37.13,118.03,-0.05,0.30,105.21,284.85,6463,-0.12,-0.23,9.63,0.53,-0.01,-0.02,0.85,0.09,2.19,116.02,23,5,21,0,35.2941650,136.2544817,93.50, 0.15
1320586,0.12,0.62,9.67,0.74,0.03,0.02,0.67,-0.85,-3.74,84.56,10.60,0.00,0,2,1000.77,39.13,113.40,1000.79,37.22,112.55,0.40,1000.19,37.15,117.97,-0.07,0.34,105.21,284.85,6466,0.22,-0.36,9.46,0.53,-0.01,-0.02,0.85,0.09,2.19,116.02,23,5,21,0,35.2941650,136.2544817,93.50, 0.15
1320640,-0.05,0.56,9.64,0.74,0.03,0.02,0.67,-0.85,-3.74,84.56,10.60,0.00,0,2,1000.77,39.14,113.44,1000.78,37.20,112.64,0.40,1000.18,37.15,118.03,-0.05,0.30,105.21,284.85,6465,-0.77,-0.50,9.72,0.53,-0.01,-0.02,0.85,0.13,2.20,116.02,23,5,21,0,35.2941650,136.2544817,93.50, 0.15
1320697,0.24,0.85,9.78,0.74,0.03,0.02,0.67,-0.84,-3.73,84.56,10.60,0.00,0,2,1000.77,39.15,113.43,1000.77,37.19,112.71,0.40,1000.18,37.15,118.02,-0.05,0.30,105.21,284.85,6466,-0.96,-0.58,9.54,0.53,-0.01,-0.02,0.85,0.12,2.19,116.04,23,5,21,0,35.2941650,136.2544817,93.50, 0.15
1320748,0.18,0.77,9.85,0.74,0.03,0.02,0.67,-0.85,-3.74,84.56,10.61,0.00,0,2,1000.77,39.13,113.40,1000.78,37.19,112.67,0.40,1000.18,37.16,118.03,-0.05,0.30,105.21,284.85,6466,0.51,0.00,9.58,0.53,-0.01,-0.02,0.85,0.12,2.19,116.03,23,5,21,0,35.2941650,136.2544817,93.50, 0.15
1320806,0.22,0.55,9.61,0.74,0.03,0.02,0.67,-0.85,-3.74,84.56,10.60,0.00,0,2,1000.77,39.13,113.44,1000.78,37.20,112.63,0.40,1000.18,37.14,118.03,-0.07,0.34,105.21,284.85,6465,0.47,-0.03,9.65,0.53,-0.01,-0.02,0.85,0.12,2.19,116.03,23,5,21,0,35.2941650,136.2544817,93.50, 0.15
1320860,0.49,0.49,9.69,0.74,0.03,0.02,0.67,-0.86,-3.72,84.56,10.59,0.00,0,2,1000.77,39.15,113.38,1000.78,37.20,112.61,0.40,1000.18,37.15,118.02,-0.05,0.30,105.21,284.94,6464,0.55,0.27,9.60,0.53,-0.01,-0.02,0.85,0.12,2.19,116.03,23,5,21,0,35.2941650,136.2544817,93.50, 0.15
1320916,0.04,0.55,9.57,0.74,0.03,0.02,0.67,-0.86,-3.72,84.56,10.59,0.00,0,2,1000.77,39.14,113.42,1000.78,37.19,112.60,0.40,1000.18,37.15,118.02,-0.05,0.30,105.21,284.94,6463,0.46,-0.55,9.61,0.53,-0.01,-0.02,0.85,0.11,2.20,116.05,23,5,22,0,35.2941650,136.2544833,93.50, 0.15
1320968,0.00,0.70,9.65,0.74,0.03,0.02,0.67,-0.85,-3.73,84.56,10.60,0.00,0,2,1000.77,39.15,113.42,1000.77,37.20,112.64,0.39,1000.18,37.15,118.06,-0.05,0.30,105.21,284.94,6465,0.47,-0.82,9.44,0.53,-0.01,-0.02,0.85,0.12,2.22,116.05,23,5,22,0,35.2941650,136.2544833,93.50, 0.15
1321026,0.09,0.55,9.59,0.74,0.03,0.02,0.67,-0.85,-3.72,84.56,10.60,0.00,0,2,1000.77,39.14,113.43,1000.78,37.20,112.64,0.40,1000.18,37.15,118.02,-0.07,0.34,105.21,284.94,6464,-0.39,-0.22,9.58,0.53,-0.01,-0.02,0.85,0.12,2.21,116.03,23,5,22,0,35.2941650,136.2544833,93.50, 0.15
1321080,0.06,0.69,9.52,0.74,0.03,0.02,0.67,-0.84,-3.72,84.56,10.61,0.00,0,2,1000.77,39.13,113.43,1000.78,37.19,112.63,0.40,1000.18,37.14,118.05,-0.05,0.30,105.21,284.94,6464,-0.20,0.15,9.75,0.53,-0.01,-0.02,0.85,0.12,2.22,116.03,23,5,22,0,35.2941650,136.2544833,93.50, 0.15
1321136,0.16,0.55,9.64,0.74,0.03,0.02,0.67,-0.83,-3.72,84.56,10.60,0.00,0,2,1000.77,39.15,113.43,1000.77,37.20,112.65,0.40,1000.18,37.15,118.03,-0.07,0.34,105.21,284.94,6467,0.26,-0.81,9.50,0.53,-0.01,-0.02,0.85,0.12,2.22,116.03,23,5,22,0,35.2941650,136.2544833,93.50, 0.15
1321188,0.12,0.55,9.68,0.74,0.03,0.02,0.67,-0.83,-3.72,84.56,10.60,0.00,0,2,1000.77,39.16,113.37,1000.77,37.20,112.57,0.40,1000.18,37.14,118.06,-0.07,0.34,105.21,284.94,6466,-0.07,-1.00,9.36,0.53,-0.01,-0.02,0.85,0.12,2.23,116.05,23,5,22,0,35.2941650,136.2544833,93.50, 0.15
1321245,0.29,0.75,9.76,0.74,0.03,0.02,0.67,-0.83,-3.72,84.56,10.59,0.00,0,2,1000.76,39.14,113.45,1000.78,37.22,112.65,0.40,1000.17,37.13,118.09,-0.05,0.30,105.21,284.94,6464,0.44,-0.79,9.48,0.53,-0.01,-0.02,0.85,0.12,2.24,116.04,23,5,22,0,35.2941650,136.2544833,93.50, 0.15
1321299,0.39,0.43,9.92,0.74,0.03,0.02,0.67,-0.83,-3.72,84.56,10.59,0.00,0,2,1000.77,39.15,113.38,1000.78,37.21,112.62,0.40,1000.18,37.13,118.02,-0.05,0.30,105.21,284.94,6465,0.02,0.79,9.88,0.53,-0.01,-0.02,0.85,0.12,2.20,116.03,23,5,22,0,35.2941650,136.2544833,93.50, 0.15
1321355,0.00,0.66,9.73,0.74,0.03,0.02,0.67,-0.83,-3.72,84.56,10.60,0.00,0,2,1000.77,39.16,113.41,1000.77,37.21,112.67,0.40,1000.18,37.13,118.07,-0.07,0.34,105.21,284.94,6465,0.15,-1.06,9.38,0.53,-0.01,-0.02,0.85,0.12,2.24,116.04,23,5,22,0,35.2941650,136.2544833,93.50, 0.15
1321407,0.05,0.58,9.71,0.74,0.03,0.02,0.67,-0.83,-3.72,84.56,10.60,0.00,0,2,1000.77,39.15,113.43,1000.77,37.22,112.66,0.40,1000.18,37.14,118.04,-0.07,0.34,105.21,284.94,6466,0.09,-0.92,9.47,0.53,-0.01,-0.02,0.85,0.12,2.23,116.04,23,5,22,0,35.2941650,136.2544833,93.50, 0.15
1321464,0.08,0.53,9.57,0.74,0.03,0.02,0.67,-0.83,-3.72,84.56,10.60,0.00,0,2,1000.77,39.14,113.43,1000.78,37.21,112.65,0.40,1000.18,37.14,118.03,-0.07,0.34,105.29,284.94,6465,0.59,0.63,9.76,0.53,-0.01,-0.02,0.85,0.12,2.20,116.05,23,5,22,0,35.2941650,136.2544833,93.50, 0.15
1321516,0.11,0.72,9.72,0.74,0.03,0.02,0.67,-0.83,-3.72,84.56,10.60,0.00,0,2,1000.77,39.13,113.44,1000.77,37.21,112.67,0.40,1000.18,37.15,118.06,-0.05,0.30,105.21,284.94,6465,0.57,0.72,10.23,0.53,-0.01,-0.02,0.85,0.12,2.20,116.05,23,5,22,0,35.2941650,136.2544833,93.50, 0.15
1321573,0.19,0.45,9.76,0.74,0.03,0.02,0.67,-0.83,-3.72,84.56,10.60,0.00,0,2,1000.77,39.16,113.37,1000.78,37.20,112.57,0.40,1000.18,37.16,118.03,-0.07,0.34,105.21,285.03,6465,-0.59,-1.62,8.94,0.53,-0.01,-0.02,0.85,0.11,2.25,116.08,23,5,22,0,35.2941650,136.2544833,93.50, 0.15
1321627,0.11,0.63,9.76,0.74,0.03,0.02,0.67,-0.83,-3.72,84.56,10.60,0.00,0,2,1000.76,39.15,113.53,1000.77,37.22,112.72,0.40,1000.17,37.15,118.15,-0.05,0.30,105.12,285.03,6464,-0.47,-1.88,9.13,0.53,-0.01,-0.02,0.85,0.11,2.25,116.08,23,5,22,0,35.2941650,136.2544833,93.50, 0.12
1321684,-0.02,0.44,9.46,0.74,0.03,0.02,0.67,-0.82,-3.70,84.56,10.60,0.00,0,2,1000.77,39.14,113.44,1000.78,37.21,112.65,0.40,1000.18,37.13,117.99,-0.05,0.30,105.21,284.94,6465,0.17,-0.26,9.56,0.53,-0.01,-0.02,0.85,0.11,2.20,116.08,23,5,22,0,35.2941650,136.2544833,93.50, 0.12
1321736,-0.19,0.61,9.19,0.74,0.03,0.02,0.67,-0.82,-3.70,84.56,10.62,0.00,0,2,1000.76,39.14,113.45,1000.77,37.20,112.63,0.40,1000.17,37.15,118.09,-0.07,0.34,105.21,284.94,6464,0.00,0.69,9.76,0.53,-0.01,-0.02,0.85,0.12,2.19,116.09,23,5,22,0,35.2941650,136.2544833,93.50, 0.12
1321792,0.34,0.72,10.08,0.74,0.03,0.02,0.67,-0.82,-3.70,84.56,10.61,0.00,0,2,1000.76,39.14,113.45,1000.78,37.21,112.63,0.40,1000.18,37.15,118.08,-0.05,0.30,105.29,284.94,6465,-0.24,0.42,9.63,0.53,-0.01,-0.02,0.85,0.12,2.19,116.09,23,5,22,0,35.2941650,136.2544833,93.50, 0.12
1321845,0.17,0.71,9.79,0.74,0.03,0.02,0.67,-0.82,-3.70,84.56,10.61,0.00,0,2,1000.77,39.14,113.42,1000.78,37.20,112.64,0.40,1000.18,37.15,118.02,-0.05,0.30,105.21,284.94,6464,0.15,-0.56,9.57,0.53,-0.01,-0.02,0.85,0.12,2.20,116.09,23,5,22,0,35.2941650,136.2544833,93.50, 0.12
1321898,0.11,0.52,9.76,0.74,0.03,0.02,0.67,-0.82,-3.70,84.56,10.60,0.00,0,2,1000.77,39.16,113.40,1000.78,37.22,112.65,0.40,1000.18,37.14,118.06,-0.05,0.30,105.29,284.94,6465,0.11,-0.19,9.66,0.53,-0.01,-0.02,0.85,0.12,2.19,116.09,23,5,22,0,35.2941650,136.2544833,93.50, 0.12
1321955,0.12,0.61,9.63,0.74,0.03,0.02,0.67,-0.82,-3.70,84.56,10.61,0.00,0,2,1000.77,39.16,113.41,1000.77,37.22,112.62,0.40,1000.18,37.15,118.06,-0.07,0.34,105.29,284.94,6465,0.03,0.50,9.92,0.53,-0.01,-0.02,0.85,0.12,2.19,116.09,23,5,22,0,35.2941650,136.2544833,93.50, 0.12
1322013,0.03,0.60,9.79,0.74,0.03,0.02,0.67,-0.82,-3.70,84.56,10.60,0.00,0,2,1000.77,39.17,113.40,1000.78,37.22,112.67,0.40,1000.18,37.13,118.02,-0.05,0.30,105.29,284.94,6465,0.34,-0.93,9.39,0.53,-0.01,-0.02,0.85,0.12,2.21,116.09,23,5,23,0,35.2941667,136.2544850,93.50, 0.12
1322065,0.12,0.78,9.85,0.74,0.03,0.02,0.67,-0.82,-3.70,84.56,10.61,0.00,0,2,1000.77,39.17,113.43,1000.78,37.21,112.64,0.40,1000.18,37.13,118.03,-0.07,0.34,105.21,284.94,6464,0.00,-1.01,9.43,0.53,-0.01,-0.02,0.85,0.12,2.22,116.09,23,5,23,0,35.2941667,136.2544850,93.50, 0.12
1322123,0.09,0.60,9.62,0.74,0.03,0.02,0.67,-0.83,-3.70,84.56,10.61,0.00,0,2,1000.77,39.16,113.44,1000.77,37.22,112.68,0.40,1000.18,37.13,118.07,-0.07,0.34,105.21,284.94,6466,0.09,0.27,9.61,0.53,-0.01,-0.02,0.85,0.12,2.19,116.09,23,5,23,0,35.2941667,136.2544850,93.50, 0.12
1322174,0.17,0.67,9.79,0.74,0.03,0.02,0.67,-0.83,-3.70,84.56,10.60,0.00,0,2,1000.77,39.17,113.42,1000.77,37.21,112.67,0.40,1000.18,37.14,118.05,-0.03,0.24,105.21,284.94,6465,0.15,0.27,9.73,0.53,-0.01,-0.02,0.85,0.12,2.21,116.09,23,5,23,0,35.2941667,136.2544850,93.50, 0.12
1322233,0.19,0.72,9.61,0.74,0.03,0.02,0.67,-0.83,-3.70,84.56,10.60,0.00,0,2,1000.77,39.17,113.44,1000.77,37.22,112.69,0.40,1000.18,37.13,118.05,-0.05,0.30,105.29,284.94,6465,0.12,-0.76,9.45,0.53,-0.01,-0.02,0.85,0.12,2.23,116.09,23,5,23,0,35.2941667,136.2544850,93.50, 0.12
1322285,0.19,0.57,9.79,0.74,0.03,0.02,0.67,-0.83,-3.70,84.56,10.61,0.00,0,2,1000.77,39.17,113.44,1000.77,37.20,112.66,0.40,1000.18,37.14,118.06,-0.05,0.30,105.29,284.94,6465,-0.19,-0.50,9.64,0.53,-0.01,-0.02,0.85,0.12,2.21,116.09,23,5,23,0,35.2941667,136.2544850,93.50, 0.12
1322343,0.24,0.61,9.68,0.74,0.03,0.02,0.67,-0.83,-3.70,84.56,10.61,0.00,0,2,1000.77,39.17,113.40,1000.77,37.20,112.70,0.40,1000.18,37.15,118.00,-0.05,0.30,105.29,284.94,6465,0.01,-0.33,9.62,0.53,-0.01,-0.02,0.85,0.11,2.21,116.09,23,5,23,0,35.2941667,136.2544850,93.50, 0.12
1322395,0.02,0.52,9.40,0.74,0.03,0.02,0.67,-0.83,-3.70,84.56,10.60,0.00,0,2,1000.77,39.17,113.42,1000.78,37.20,112.64,0.40,1000.18,37.14,118.01,-0.05,0.30,105.29,284.94,6465,-0.08,-0.21,9.67,0.53,-0.01,-0.02,0.85,0.12,2.20,116.09,23,5,23,0,35.2941667,136.2544850,93.50, 0.12
1322452,0.09,0.76,9.87,0.74,0.03,0.02,0.67,-0.83,-3.70,84.56,10.60,0.00,0,2,1000.77,39.17,113.45,1000.77,37.21,112.67,0.40,1000.18,37.15,118.04,-0.05,0.30,105.29,284.94,6465,-0.01,-0.46,9.54,0.53,-0.01,-0.02,0.85,0.12,2.20,116.09,23,5,23,0,35.2941667,136.2544850,93.50, 0.12
1322503,0.21,0.54,9.76,0.74,0.03,0.02,0.67,-0.83,-3.70,84.56,10.60,0.00,0,2,1000.77,39.17,113.40,1000.77,37.21,112.64,0.40,1000.18,37.15,118.04,-0.05,0.30,105.29,284.94,6465,0.05,-0.10,9.53,0.53,-0.01,-0.02,0.85,0.12,2.19,116.09,23,5,23,0,35.2941667,136.2544850,93.50, 0.12
1322561,0.10,0.65,9.65,0.74,0.03,0.02,0.67,-0.83,-3.70,84.56,10.60,0.00,0,2,1000.77,39.17,113.40,1000.77,37.20,112.67,0.40,1000.18,37.15,118.03,-0.05,0.30,105.29,284.94,6464,-0.12,-0.53,9.57,0.53,-0.01,-0.02,0.85,0.11,2.19,116.09,23,5,23,0,35.2941667,136.2544850,93.50, 0.12
1322614,0.23,0.61,9.73,0.74,0.03,0.02,0.67,-0.83,-3.70,84.56,10.61,0.00,0,2,1000.77,39.18,113.42,1000.78,37.21,112.65,0.40,1000.18,37.14,118.08,-0.07,0.34,105.29,284.94,6465,-0.12,-0.16,9.63,0.53,-0.01,-0.02,0.85,0.11,2.19,116.09,23,5,23,0,35.2941667,136.2544850,93.50, 0.12
1322674,0.03,0.58,9.77,0.74,0.03,0.02,0.67,-0.83,-3.70,84.56,10.61,0.00,0,2,1000.77,39.18,113.41,1000.78,37.21,112.65,0.40,1000.18,37.14,118.03,-0.05,0.30,105.29,284.94,6465,0.44,-0.40,9.61,0.53,-0.01,-0.02,0.85,0.13,2.19,116.09,23,5,23,0,35.2941667,136.2544850,93.50, 0.12
1322729,0.08,0.66,9.76,0.74,0.03,0.02,0.67,-0.83,-3.70,84.56,10.61,0.00,0,2,1000.77,39.18,113.44,1000.77,37.22,112.66,0.38,1000.18,37.16,118.06,-0.05,0.30,105.29,284.94,6465,0.24,-0.49,9.54,0.53,-0.01,-0.02,0.85,0.13,2.19,116.10,23,5,23,0,35.2941667,136.2544850,93.50, 0.24
1322783,0.16,0.46,9.87,0.74,0.03,0.02,0.67,-0.83,-3.70,84.56,10.60,0.00,0,2,1000.77,39.18,113.38,1000.78,37.22,112.67,0.40,1000.18,37.13,118.05,-0.05,0.30,105.29,284.94,6466,-0.04,-0.36,9.66,0.53,-0.01,-0.02,0.85,0.13,2.18,116.10,23,5,23,0,35.2941667,136.2544850,93.50, 0.24
1322841,0.12,0.73,9.59,0.74,0.03,0.02,0.67,-0.83,-3.70,84.56,10.61,0.00,0,2,1000.77,39.17,113.45,1000.77,37.22,112.66,0.40,1000.17,37.14,118.09,-0.05,0.30,105.29,284.94,6465,-0.05,-0.31,9.54,0.53,-0.01,-0.02,0.85,0.13,2.18,116.10,23,5,23,0,35.2941667,136.2544850,93.50, 0.24
1322893,0.24,0.75,9.95,0.74,0.03,0.02,0.67,-0.83,-3.70,84.56,10.60,0.00,0,2,1000.77,39.19,113.37,1000.77,37.22,112.68,0.40,1000.18,37.15,118.06,-0.03,0.24,105.29,284.94,6465,-0.04,-0.33,9.77,0.53,-0.01,-0.02,0.85,0.12,2.18,116.10,23,5,23,0,35.2941667,136.2544850,93.50, 0.24
1322946,0.16,0.85,9.94,0.74,0.03,0.02,0.67,-0.83,-3.69,84.56,10.60,0.00,0,2,1000.77,39.19,113.41,1000.78,37.22,112.65,0.35,1000.18,37.14,118.04,-0.05,0.30,105.29,284.94,6465,0.37,0.12,9.73,0.53,-0.01,-0.02,0.85,0.13,2.17,116.10,23,5,23,0,35.2941667,136.2544850,93.50, 0.24
1323002,0.01,0.58,9.65,0.74,0.03,0.02,0.67,-0.83,-3.69,84.56,10.59,0.00,0,2,1000.77,39.19,113.40,1000.78,37.22,112.68,0.40,1000.18,37.15,118.06,-0.05,0.30,105.29,284.94,6466,0.17,0.34,9.70,0.53,-0.01,-0.02,0.85,0.13,2.17,116.10,23,5,23,0,35.2941667,136.2544850,93.50, 0.24
1323059,0.06,0.58,9.81,0.74,0.03,0.02,0.67,-0.83,-3.69,84.56,10.60,0.00,0,2,1000.77,39.19,113.40,1000.77,37.20,112.63,0.40,1000.18,37.15,118.02,-0.05,0.30,105.21,284.94,6466,0.34,-0.40,9.61,0.53,-0.01,-0.02,0.85,0.13,2.19,116.10,23,5,23,0,35.2941667,136.2544850,93.50, 0.24
1323112,0.22,0.56,9.86,0.74,0.03,0.02,0.67,-0.83,-3.69,84.56,10.60,0.00,0,2,1000.77,39.18,113.39,1000.78,37.22,112.63,0.40,1000.18,37.15,118.02,-0.07,0.34,105.29,284.94,6463,-0.11,-0.12,9.72,0.53,-0.01,-0.02,0.85,0.13,2.19,116.10,23,5,23,0,35.2941667,136.2544850,93.50, 0.24
1323169,0.41,0.50,9.91,0.74,0.03,0.02,0.67,-0.83,-3.69,84.56,10.59,0.00,0,2,1000.77,39.20,113.42,1000.78,37.21,112.63,0.40,1000.18,37.15,118.01,-0.05,0.30,105.29,284.94,6465,0.25,0.05,9.67,0.53,-0.01,-0.02,0.85,0.13,2.18,116.10,23,5,23,0,35.2941667,136.2544850,93.50, 0.24
1323221,0.28,0.80,9.45,0.74,0.03,0.02,0.67,-0.82,-3.70,84.56,10.59,0.00,0,2,1000.77,39.19,113.42,1000.78,37.22,112.65,0.40,1000.18,37.15,118.06,-0.05,0.30,105.21,284.94,6465,-0.16,-0.37,9.60,0.53,-0.01,-0.02,0.85,0.13,2.19,116.10,23,5,23,0,35.2941667,136.2544850,93.50, 0.24
1323277,0.22,0.53,9.83,0.74,0.03,0.02,0.67,-0.82,-3.70,84.56,10.60,0.00,0,2,1000.77,39.20,113.41,1000.77,37.22,112.65,0.40,1000.18,37.15,118.02,-0.05,0.30,105.29,284.94,6466,-0.23,-0.42,9.53,0.53,-0.01,-0.02,0.85,0.13,2.19,116.10,23,5,23,0,35.2941667,136.2544850,93.50, 0.24
1323331,-0.17,0.43,10.21,0.74,0.03,0.02,0.67,-0.82,-3.70,84.56,10.61,0.00,0,2,1000.77,39.19,113.42,1000.77,37.22,112.66,0.40,1000.18,37.13,118.05,-0.07,0.34,105.29,284.94,6464,0.48,0.11,9.74,0.53,-0.01,-0.02,0.85,0.13,2.19,116.10,23,5,23,0,35.2941667,136.2544850,93.50, 0.24
1323390,0.07,0.77,9.35,0.74,0.03,0.02,0.67,-0.82,-3.71,84.56,10.61,0.00,0,2,1000.76,39.20,113.47,1000.77,37.21,112.67,0.40,1000.18,37.15,118.07,-0.05,0.30,105.29,284.94,6466,0.88,-0.51,9.55,0.53,-0.01,-0.02,0.85,0.13,2.20,116.10,23,5,23,0,35.2941667,136.2544850,93.50, 0.24
1323443,0.07,0.68,9.92,0.74,0.03,0.02,0.67,-0.82,-3.71,84.56,10.61,0.00,0,2,1000.77,39.19,113.46,1000.78,37.21,112.63,0.40,1000.18,37.15,118.07,-0.05,0.30,105.21,284.94,6464,-0.10,-0.63,9.48,0.53,-0.01,-0.02,0.85,0.13,2.22,116.11,23,5,23,0,35.2941667,136.2544850,93.50, 0.24
1323501,0.10,0.64,9.74,0.74,0.03,0.02,0.67,-0.82,-3.71,84.56,10.60,0.00,0,2,1000.77,39.21,113.43,1000.78,37.23,112.64,0.40,1000.18,37.15,118.02,-0.05,0.30,105.29,284.94,6464,0.13,0.14,9.65,0.53,-0.01,-0.02,0.85,0.13,2.20,116.11,23,5,23,0,35.2941667,136.2544850,93.50, 0.24
1323553,0.26,0.58,9.61,0.74,0.03,0.02,0.67,-0.82,-3.71,84.56,10.60,0.00,0,2,1000.77,39.21,113.44,1000.78,37.22,112.68,0.40,1000.18,37.15,118.04,-0.07,0.34,105.29,284.94,6465,-0.10,-0.19,9.69,0.53,-0.01,-0.02,0.85,0.12,2.21,116.11,23,5,23,0,35.2941667,136.2544850,93.50, 0.24
1323610,0.12,0.51,9.78,0.74,0.03,0.02,0.67,-0.82,-3.71,84.56,10.60,0.00,0,2,1000.77,39.20,113.42,1000.77,37.22,112.63,0.40,1000.18,37.15,118.02,-0.07,0.34,105.29,284.94,6465,-0.10,-0.57,9.51,0.53,-0.01,-0.02,0.85,0.13,2.21,116.12,23,5,23,0,35.2941667,136.2544850,93.50, 0.24
1323668,0.09,0.59,9.38,0.74,0.03,0.02,0.67,-0.82,-3.71,84.56,10.60,0.00,0,2,1000.77,39.19,113.43,1000.77,37.22,112.66,0.40,1000.18,37.15,118.07,-0.05,0.30,105.21,284.94,6465,0.12,-0.69,9.50,0.53,-0.01,-0.02,0.85,0.13,2.21,116.12,23,5,24,0,35.2941683,136.2544817,93.50, 0.05
1323723,0.05,0.60,9.51,0.74,0.03,0.02,0.67,-0.82,-3.71,84.56,10.60,0.00,0,2,1000.77,39.22,113.44,1000.77,37.22,112.70,0.40,1000.18,37.14,118.06,-0.03,0.24,105.29,284.94,6463,-0.02,-0.79,9.36,0.53,-0.01,-0.02,0.85,0.12,2.22,116.12,23,5,24,0,35.2941683,136.2544817,93.50, 0.05
1323779,0.23,0.74,10.11,0.74,0.03,0.02,0.67,-0.82,-3.71,84.56,10.61,0.00,0,2,1000.77,39.21,113.40,1000.77,37.22,112.68,0.40,1000.18,37.14,118.06,-0.05,0.30,105.29,284.94,6465,-0.09,-0.41,9.67,0.53,-0.01,-0.02,0.85,0.12,2.22,116.15,23,5,24,0,35.2941683,136.2544817,93.50, 0.05
1323836,0.23,0.87,10.01,0.74,0.03,0.02,0.67,-0.81,-3.71,84.56,10.61,0.00,0,2,1000.77,39.21,113.46,1000.77,37.21,112.65,0.40,1000.18,37.13,118.03,-0.03,0.24,105.21,284.94,6465,-0.22,-0.87,9.57,0.53,-0.01,-0.02,0.85,0.12,2.22,116.15,23,5,24,0,35.2941683,136.2544817,93.50, 0.05
1323889,0.22,0.62,9.73,0.74,0.03,0.02,0.67,-0.81,-3.71,84.56,10.61,0.00,0,2,1000.77,39.20,113.43,1000.78,37.22,112.66,0.40,1000.18,37.15,118.02,-0.07,0.34,105.29,284.94,6464,-0.20,-0.80,9.55,0.53,-0.01,-0.02,0.85,0.13,2.24,116.15,23,5,25,0,35.2941733,136.2544800,93.50, 0.05
1323943,0.09,0.65,9.72,0.74,0.03,0.02,0.67,-0.81,-3.71,84.56,10.60,0.00,0,2,1000.77,39.21,113.43,1000.78,37.22,112.63,0.40,1000.18,37.15,118.08,-0.05,0.30,105.29,284.94,6465,-0.83,-0.21,9.44,0.53,-0.01,-0.02,0.85,0.13,2.21,116.15,23,5,25,0,35.2941733,136.2544800,93.50, 0.05
1324001,0.14,0.68,9.62,0.74,0.03,0.02,0.67,-0.81,-3.71,84.56,10.60,0.00,0,2,1000.76,39.20,113.48,1000.77,37.23,112.71,0.40,1000.18,37.15,118.04,-0.05,0.30,105.29,284.94,6465,0.76,-0.45,9.52,0.53,-0.01,-0.02,0.85,0.13,2.24,116.15,23,5,25,0,35.2941733,136.2544800,93.50, 0.05
1324055,-0.11,0.48,9.75,0.74,0.03,0.02,0.67,-0.81,-3.71,84.56,10.60,0.00,0,2,1000.77,39.22,113.43,1000.77,37.22,112.68,0.37,1000.18,37.16,118.05,-0.05,0.30,105.29,284.94,6465,0.18,-0.27,9.70,0.53,-0.01,-0.02,0.85,0.12,2.23,116.16,23,5,25,0,35.2941733,136.2544800,93.50, 0.05
1324109,0.14,0.88,9.76,0.74,0.03,0.02,0.67,-0.81,-3.71,84.56,10.60,0.00,0,2,1000.77,39.22,113.42,1000.78,37.21,112.63,0.39,1000.18,37.17,118.01,-0.05,0.30,105.29,284.94,6466,-0.03,-0.51,9.73,0.53,-0.01,-0.02,0.85,0.12,2.23,116.18,23,5,25,0,35.2941733,136.2544800,93.50, 0.05
1324166,0.23,0.55,9.79,0.74,0.03,0.02,0.67,-0.81,-3.71,84.56,10.60,0.00,0,2,1000.77,39.21,113.43,1000.77,37.21,112.62,0.40,1000.18,37.15,118.07,-0.07,0.34,105.29,284.94,6466,0.10,0.11,9.74,0.53,-0.01,-0.02,0.85,0.12,2.22,116.18,23,5,25,0,35.2941733,136.2544800,93.50, 0.05
1324220,0.12,0.70,9.91,0.74,0.03,0.02,0.67,-0.81,-3.71,84.56,10.60,0.00,0,2,1000.77,39.21,113.42,1000.77,37.22,112.68,0.39,1000.18,37.15,118.06,-0.07,0.34,105.29,284.94,6465,-0.13,-0.18,9.73,0.53,-0.01,-0.02,0.85,0.13,2.23,116.18,23,5,25,0,35.2941733,136.2544800,93.50, 0.05
1324278,0.08,0.69,9.66,0.74,0.03,0.02,0.67,-0.81,-3.70,84.56,10.60,0.00,0,2,1000.77,39.21,113.42,1000.77,37.23,112.66,0.39,1000.18,37.13,118.07,-0.05,0.30,105.29,284.94,6465,0.06,-0.17,9.61,0.53,-0.01,-0.02,0.85,0.13,2.23,116.18,23,5,25,0,35.2941733,136.2544800,93.50, 0.05
1324330,0.04,0.67,9.74,0.74,0.03,0.02,0.67,-0.81,-3.70,84.56,10.60,0.00,0,2,1000.77,39.21,113.44,1000.78,37.23,112.64,0.39,1000.18,37.15,118.03,-0.05,0.30,105.29,284.94,6466,0.48,0.21,9.55,0.53,-0.01,-0.02,0.85,0.13,2.23,116.19,23,5,25,0,35.2941733,136.2544800,93.50, 0.05
1324385,-0.13,0.83,9.57,0.74,0.03,0.02,0.67,-0.81,-3.70,84.56,10.60,0.00,0,2,1000.77,39.20,113.45,1000.78,37.23,112.71,0.39,1000.18,37.16,118.07,-0.05,0.30,105.29,284.94,6465,0.06,-0.18,9.67,0.53,-0.01,-0.02,0.85,0.12,2.24,116.20,23,5,25,0,35.2941733,136.2544800,93.50, 0.05
1324440,0.27,0.46,9.77,0.74,0.03,0.02,0.67,-0.81,-3.71,84.56,10.61,0.00,0,2,1000.77,39.20,113.41,1000.78,37.22,112.65,0.39,1000.18,37.15,118.03,-0.05,0.30,105.29,284.94,6466,-0.39,-0.33,9.69,0.53,-0.01,-0.02,0.85,0.13,2.25,116.20,23,5,25,0,35.2941733,136.2544800,93.50, 0.05
1324493,-0.37,0.67,9.49,0.74,0.03,0.02,0.67,-0.81,-3.71,84.56,10.61,0.00,0,2,1000.77,39.21,113.41,1000.78,37.23,112.64,0.40,1000.18,37.15,118.03,-0.05,0.30,105.21,285.03,6466,0.29,-1.22,9.29,0.53,-0.01,-0.02,0.85,0.13,2.25,116.19,23,5,25,0,35.2941733,136.2544800,93.50, 0.05
1324549,0.40,0.66,10.07,0.74,0.03,0.02,0.67,-0.81,-3.72,84.56,10.60,0.00,0,2,1000.77,39.22,113.42,1000.77,37.22,112.67,0.40,1000.18,37.15,118.07,-0.07,0.34,105.21,284.94,6465,0.29,-1.25,9.35,0.53,-0.01,-0.02,0.85,0.13,2.24,116.19,23,5,25,0,35.2941733,136.2544800,93.50, 0.05
1324608,0.13,0.64,9.97,0.74,0.03,0.02,0.67,-0.82,-3.73,84.56,10.61,0.00,0,2,1000.77,39.21,113.44,1000.77,37.23,112.71,0.40,1000.18,37.15,118.06,-0.05,0.30,105.29,284.94,6466,-0.27,-1.25,9.43,0.53,-0.01,-0.02,0.85,0.12,2.24,116.20,23,5,25,0,35.2941733,136.2544800,93.50, 0.48
1324661,-0.04,0.66,9.69,0.74,0.03,0.02,0.67,-0.81,-3.73,84.56,10.61,0.00,0,2,1000.77,39.22,113.43,1000.78,37.24,112.64,0.40,1000.17,37.13,118.09,-0.03,0.24,105.21,284.94,6465,-0.31,-0.97,9.54,0.53,-0.01,-0.02,0.85,0.13,2.25,116.22,23,5,25,0,35.2941733,136.2544800,93.50, 0.48
1324717,0.02,0.67,9.84,0.74,0.03,0.02,0.67,-0.81,-3.73,84.56,10.62,0.00,0,2,1000.77,39.21,113.44,1000.78,37.22,112.63,0.40,1000.17,37.14,118.09,-0.07,0.34,105.29,284.94,6465,0.00,-0.61,9.52,0.53,-0.01,-0.02,0.85,0.12,2.25,116.23,23,5,25,0,35.2941733,136.2544800,93.50, 0.48
1324769,0.13,0.81,9.80,0.74,0.03,0.02,0.67,-0.81,-3.73,84.56,10.61,0.00,0,2,1000.77,39.22,113.43,1000.77,37.22,112.66,0.40,1000.18,37.14,118.08,-0.05,0.30,105.29,284.94,6466,0.12,-0.70,9.50,0.53,-0.01,-0.02,0.85,0.12,2.24,116.24,23,5,25,0,35.2941733,136.2544800,93.50, 0.48
1324826,0.23,0.62,9.76,0.74,0.03,0.02,0.67,-0.81,-3.73,84.56,10.60,0.00,0,2,1000.77,39.22,113.40,1000.77,37.23,112.66,0.40,1000.17,37.15,118.09,-0.05,0.30,105.29,284.94,6465,-0.30,0.13,9.80,0.53,-0.01,-0.02,0.85,0.12,2.24,116.24,23,5,25,0,35.2941733,136.2544800,93.50, 0.48
1324878,0.13,0.69,9.62,0.74,0.03,0.02,0.67,-0.81,-3.73,84.56,10.61,0.00,0,2,1000.77,39.23,113.44,1000.77,37.21,112.67,0.40,1000.18,37.15,118.07,-0.05,0.30,105.29,284.94,6464,0.13,-0.49,9.45,0.53,-0.01,-0.02,0.85,0.12,2.25,116.24,23,5,25,0,35.2941733,136.2544800,93.50, 0.48
1324936,-0.01,0.55,9.76,0.74,0.03,0.02,0.67,-0.81,-3.73,84.56,10.61,0.00,0,2,1000.77,39.22,113.40,1000.78,37.22,112.63,0.40,1000.18,37.15,118.07,-0.05,0.30,105.29,284.94,6465,-0.28,-0.45,9.56,0.53,-0.01,-0.02,0.85,0.12,2.25,116.26,23,5,25,0,35.2941733,136.2544800,93.50, 0.48
1324989,0.03,0.60,9.71,0.74,0.03,0.02,0.67,-0.80,-3.72,84.56,10.61,0.00,0,2,1000.77,39.22,113.45,1000.78,37.22,112.64,0.35,1000.18,37.14,118.08,-0.03,0.24,105.29,284.94,6464,0.08,-0.30,9.52,0.53,-0.01,-0.02,0.85,0.13,2.24,116.25,23,5,26,0,35.2941733,136.2544783,93.50, 0.48
1325041,0.13,0.69,9.61,0.74,0.03,0.02,0.67,-0.79,-3.72,84.56,10.60,0.00,0,2,1000.77,39.23,113.41,1000.78,37.22,112.61,0.35,1000.18,37.14,118.06,-0.05,0.30,105.29,284.94,6463,-0.08,-0.21,9.73,0.53,-0.01,-0.02,0.85,0.12,2.24,116.26,23,5,26,0,35.2941733,136.2544783,93.50, 0.48
1325097,0.21,0.62,9.54,0.74,0.03,0.02,0.67,-0.79,-3.72,84.56,10.61,0.00,0,2,1000.77,39.22,113.43,1000.77,37.21,112.64,0.35,1000.18,37.14,118.08,-0.05,0.30,105.29,284.94,6466,0.30,-0.33,9.44,0.53,-0.01,-0.02,0.85,0.12,2.22,116.26,23,5,26,0,35.2941733,136.2544783,93.50, 0.48
1325154,0.10,0.72,9.71,0.74,0.03,0.02,0.67,-0.79,-3.73,84.56,10.60,0.00,0,2,1000.77,39.23,113.40,1000.77,37.22,112.65,0.35,1000.17,37.14,118.09,-0.05,0.30,105.29,284.94,6466,0.45,-0.49,9.54,0.53,-0.01,-0.02,0.85,0.14,2.22,116.27,23,5,26,0,35.2941733,136.2544783,93.50, 0.48
1325208,0.26,0.65,9.79,0.74,0.03,0.02,0.67,-0.79,-3.73,84.56,10.61,0.00,0,2,1000.77,39.22,113.47,1000.77,37.22,112.70,0.35,1000.18,37.15,118.05,-0.07,0.34,105.29,284.94,6464,-0.10,0.17,9.74,0.53,-0.01,-0.02,0.85,0.14,2.23,116.28,23,5,26,0,35.2941733,136.2544783,93.50, 0.48
1325265,0.11,0.66,9.60,0.74,0.03,0.02,0.67,-0.79,-3.73,84.56,10.60,0.00,0,2,1000.77,39.23,113.41,1000.78,37.22,112.65,0.35,1000.18,37.15,118.07,-0.05,0.30,105.21,285.03,6466,0.57,0.46,9.79,0.53,-0.01,-0.02,0.85,0.14,2.21,116.28,23,5,26,0,35.2941733,136.2544783,93.50, 0.48
1325317,-0.17,0.47,9.72,0.74,0.03,0.02,0.67,-0.80,-3.73,84.56,10.60,0.00,0,2,1000.76,39.22,113.48,1000.78,37.23,112.64,0.36,1000.18,37.15,118.07,-0.05,0.30,105.21,285.03,6465,0.05,-0.76,9.46,0.53,-0.01,-0.02,0.85,0.14,2.23,116.30,23,5,26,0,35.2941733,136.2544783,93.50, 0.48
1325374,0.20,0.78,10.22,0.74,0.03,0.02,0.67,-0.80,-3.73,84.56,10.60,0.00,0,2,1000.77,39.24,113.47,1000.77,37.22,112.70,0.35,1000.18,37.15,118.03,-0.05,0.30,105.29,284.94,6466,0.04,-0.56,9.60,0.53,-0.01,-0.02,0.85,0.14,2.23,116.30,23,5,26,0,35.2941733,136.2544783,93.50, 0.48
1325427,-0.13,0.35,9.51,0.74,0.03,0.02,0.67,-0.76,-3.71,84.56,10.60,0.00,0,2,1000.77,39.22,113.42,1000.77,37.22,112.66,0.35,1000.18,37.15,118.02,-0.07,0.34,105.29,284.94,6465,-0.08,-0.07,9.72,0.53,-0.01,-0.02,0.85,0.14,2.23,116.30,23,5,26,0,35.2941733,136.2544783,93.50, 0.48
1325484,0.25,0.85,9.72,0.74,0.03,0.02,0.67,-0.75,-3.71,84.56,10.59,0.00,0,2,1000.77,39.23,113.43,1000.77,37.22,112.66,0.35,1000.18,37.15,118.04,-0.05,0.30,105.29,284.94,6465,-0.16,-0.19,9.70,0.53,-0.01,-0.02,0.85,0.14,2.23,116.31,23,5,26,0,35.2941733,136.2544783,93.50, 0.48
1325537,0.27,0.58,9.72,0.74,0.03,0.02,0.67,-0.76,-3.71,84.56,10.60,0.00,0,2,1000.77,39.23,113.46,1000.78,37.23,112.64,0.34,1000.18,37.15,118.06,-0.07,0.34,105.29,284.94,6466,-0.10,-0.26,9.57,0.53,-0.01,-0.02,0.85,0.14,2.23,116.31,23,5,26,0,35.2941733,136.2544783,93.50, 0.48
1325590,0.20,0.60,9.48,0.74,0.03,0.02,0.67,-0.77,-3.70,84.56,10.60,0.00,0,2,1000.77,39.24,113.43,1000.77,37.21,112.67,0.35,1000.18,37.15,118.05,-0.03,0.24,105.21,284.94,6464,0.17,-0.31,9.49,0.53,-0.01,-0.02,0.85,0.13,2.22,116.32,23,5,26,0,35.2941733,136.2544783,93.50, 0.48
1325645,0.00,0.67,9.75,0.74,0.03,0.02,0.67,-0.76,-3.71,84.56,10.60,0.00,0,2,1000.76,39.22,113.48,1000.77,37.22,112.65,0.35,1000.18,37.15,118.05,-0.05,0.30,105.21,284.94,6465,0.26,0.07,9.67,0.53,-0.01,-0.02,0.85,0.13,2.23,116.33,23,5,26,0,35.2941733,136.2544783,93.50, 0.48
1325699,0.02,0.66,9.88,0.74,0.03,0.02,0.67,-0.76,-3.70,84.56,10.61,0.00,0,2,1000.77,39.22,113.47,1000.77,37.22,112.69,0.35,1000.18,37.16,118.03,-0.03,0.24,105.29,284.94,6465,0.06,0.04,9.77,0.53,-0.01,-0.02,0.85,0.13,2.23,116.33,23,5,26,0,35.2941733,136.2544783,93.50, 0.12
1325756,0.01,0.41,9.66,0.74,0.03,0.02,0.67,-0.75,-3.71,84.56,10.59,0.00,0,2,1000.77,39.22,113.42,1000.78,37.23,112.59,0.35,1000.18,37.14,118.03,-0.07,0.34,105.21,284.94,6464,0.06,-0.72,9.42,0.53,-0.01,-0.02,0.85,0.13,2.25,116.34,23,5,26,0,35.2941733,136.2544783,93.50, 0.12
1325811,0.26,0.55,9.44,0.74,0.03,0.02,0.67,-0.76,-3.69,84.56,10.59,0.00,0,2,1000.77,39.23,113.46,1000.78,37.23,112.62,0.35,1000.18,37.14,118.08,-0.05,0.30,105.29,284.94,6466,-0.08,-0.75,9.60,0.53,-0.01,-0.02,0.85,0.13,2.26,116.34,23,5,26,0,35.2941733,136.2544783,93.50, 0.12
1325865,0.20,0.71,9.45,0.74,0.03,0.02,0.67,-0.76,-3.70,84.56,10.60,0.00,0,2,1000.77,39.22,113.45,1000.78,37.24,112.60,0.35,1000.18,37.15,118.03,-0.05,0.30,105.29,284.94,6464,0.08,-0.27,9.81,0.53,-0.01,-0.02,0.85,0.13,2.24,116.34,23,5,26,0,35.2941733,136.2544783,93.50, 0.12
1325922,0.17,0.67,9.59,0.74,0.03,0.02,0.67,-0.76,-3.70,84.56,10.60,0.00,0,2,1000.77,39.22,113.47,1000.78,37.23,112.68,0.25,1000.18,37.15,118.06,-0.07,0.34,105.29,284.94,6465,0.04,0.10,9.66,0.53,-0.01,-0.02,0.85,0.13,2.23,116.34,23,5,26,0,35.2941733,136.2544783,93.50, 0.12
1325975,0.02,0.61,9.90,0.74,0.03,0.02,0.67,-0.76,-3.70,84.56,10.60,0.00,0,2,1000.77,39.22,113.45,1000.78,37.23,112.66,0.37,1000.18,37.16,118.07,-0.05,0.30,105.29,284.94,6464,-0.03,-0.27,9.61,0.53,-0.01,-0.02,0.85,0.13,2.24,116.34,23,5,27,0,35.2941717,136.2544700,93.50, 0.12
1326033,0.00,0.53,9.59,0.74,0.03,0.02,0.67,-0.75,-3.69,84.56,10.61,0.00,0,2,1000.77,39.22,113.45,1000.77,37.23,112.69,0.35,1000.18,37.15,118.07,-0.05,0.30,105.29,284.94,6465,0.08,0.15,9.74,0.53,-0.01,-0.02,0.85,0.13,2.25,116.34,23,5,27,0,35.2941717,136.2544700,93.50, 0.12
1326084,0.06,0.66,9.53,0.74,0.03,0.02,0.67,-0.75,-3.70,84.56,10.61,0.00,0,2,1000.77,39.23,113.46,1000.77,37.23,112.70,0.35,1000.18,37.15,118.06,-0.07,0.34,105.21,284.94,6466,0.07,-0.06,9.74,0.53,-0.01,-0.02,0.85,0.13,2.25,116.34,23,5,27,0,35.2941717,136.2544700,93.50, 0.12
1326137,0.07,0.62,9.98,0.74,0.03,0.02,0.67,-0.76,-3.70,84.56,10.61,0.00,0,2,1000.77,39.22,113.43,1000.77,37.23,112.64,0.35,1000.18,37.15,118.06,-0.07,0.34,105.21,284.94,6465,0.15,-0.23,9.66,0.53,-0.01,-0.02,0.85,0.13,2.26,116.34,23,5,27,0,35.2941717,136.2544700,93.50, 0.12
1326194,0.14,0.57,9.66,0.74,0.03,0.02,0.67,-0.76,-3.70,84.56,10.61,0.00,0,2,1000.77,39.23,113.48,1000.77,37.23,112.69,0.35,1000.18,37.15,118.07,-0.05,0.30,105.29,284.94,6466,0.05,-0.15,9.82,0.53,-0.01,-0.02,0.85,0.13,2.26,116.34,23,5,27,0,35.2941717,136.2544700,93.50, 0.12
1326249,0.12,0.56,9.54,0.74,0.03,0.02,0.67,-0.76,-3.70,84.56,10.60,0.00,0,2,1000.77,39.23,113.44,1000.77,37.23,112.68,0.35,1000.18,37.16,118.03,-0.05,0.30,105.29,284.94,6464,-0.06,0.15,9.70,0.53,-0.01,-0.02,0.85,0.13,2.27,116.34,23,5,27,0,35.2941717,136.2544700,93.50, 0.12
1326305,0.06,0.67,9.63,0.74,0.03,0.02,0.67,-0.77,-3.70,84.56,10.60,0.00,0,2,1000.76,39.21,113.50,1000.77,37.24,112.69,0.35,1000.18,37.16,118.05,-0.03,0.24,105.29,284.94,6464,0.00,-0.13,9.72,0.53,-0.01,-0.02,0.85,0.13,2.28,116.34,23,5,27,0,35.2941717,136.2544700,93.50, 0.12
1326361,0.41,0.74,9.79,0.74,0.03,0.02,0.67,-0.77,-3.70,84.56,10.60,0.00,0,2,1000.77,39.24,113.42,1000.78,37.23,112.64,0.24,1000.18,37.16,118.05,-0.03,0.24,105.29,284.94,6465,-0.10,-0.34,9.62,0.53,-0.01,-0.02,0.85,0.13,2.28,116.34,23,5,27,0,35.2941717,136.2544700,93.50, 0.12
1326414,0.22,0.63,9.75,0.74,0.03,0.02,0.67,-0.77,-3.70,84.56,10.60,0.00,0,2,1000.77,39.24,113.46,1000.77,37.23,112.66,0.24,1000.18,37.15,118.06,-0.03,0.24,105.29,284.94,6465,-0.12,0.23,9.80,0.53,-0.01,-0.02,0.85,0.14,2.26,116.34,23,5,27,0,35.2941717,136.2544700,93.50, 0.12
1326467,0.01,0.64,9.81,0.74,0.03,0.02,0.67,-0.77,-3.69,84.56,10.60,0.00,0,2,1000.77,39.23,113.41,1000.78,37.23,112.64,0.23,1000.18,37.15,118.04,-0.07,0.34,105.29,284.94,6464,0.22,0.13,9.74,0.53,-0.01,-0.02,0.85,0.13,2.27,116.34,23,5,27,0,35.2941717,136.2544700,93.50, 0.12
1326523,0.23,0.76,9.40,0.74,0.03,0.02,0.67,-0.77,-3.70,84.56,10.60,0.00,0,2,1000.77,39.25,113.40,1000.78,37.24,112.62,0.23,1000.18,37.13,118.07,-0.05,0.30,105.29,284.94,6466,-0.08,-0.50,9.71,0.53,-0.01,-0.02,0.85,0.13,2.27,116.34,23,5,27,0,35.2941717,136.2544700,93.50, 0.12
1326576,0.19,0.58,9.73,0.74,0.03,0.02,0.67,-0.77,-3.71,84.56,10.60,0.00,0,2,1000.77,39.23,113.46,1000.77,37.24,112.68,0.23,1000.18,37.14,118.04,-0.07,0.34,105.29,284.94,6463,-0.16,-0.64,9.48,0.53,-0.01,-0.02,0.85,0.13,2.28,116.34,23,5,27,0,35.2941717,136.2544700,93.50, 0.12
1326633,0.22,0.61,9.52,0.74,0.03,0.02,0.67,-0.77,-3.71,84.56,10.60,0.00,0,2,1000.77,39.23,113.44,1000.77,37.24,112.66,0.23,1000.18,37.15,118.07,-0.03,0.24,105.29,284.94,6465,-0.08,0.04,9.77,0.53,-0.01,-0.02,0.85,0.13,2.27,116.34,23,5,27,0,35.2941717,136.2544700,93.50, 0.12
1326686,0.07,0.60,9.69,0.74,0.03,0.02,0.67,-0.77,-3.71,84.56,10.61,0.00,0,2,1000.77,39.24,113.44,1000.77,37.25,112.70,0.23,1000.17,37.15,118.09,-0.05,0.30,105.29,284.94,6467,0.17,-0.12,9.66,0.53,-0.01,-0.02,0.85,0.13,2.28,116.34,23,5,27,0,35.2941717,136.2544700,93.50, 0.60
1326743,0.08,0.65,9.91,0.74,0.03,0.02,0.67,-0.77,-3.71,84.56,10.61,0.00,0,2,1000.77,39.24,113.47,1000.78,37.25,112.65,0.24,1000.18,37.15,118.05,-0.03,0.24,105.29,284.94,6466,0.31,-0.79,9.52,0.53,-0.01,-0.02,0.85,0.14,2.29,116.34,23,5,27,0,35.2941717,136.2544700,93.50, 0.60
1326796,0.00,0.70,9.63,0.74,0.03,0.02,0.67,-0.77,-3.71,84.56,10.60,0.00,0,2,1000.77,39.23,113.42,1000.78,37.24,112.64,0.24,1000.18,37.15,118.06,-0.07,0.34,105.29,284.94,6465,0.24,0.04,9.76,0.53,-0.01,-0.02,0.85,0.13,2.28,116.34,23,5,27,0,35.2941717,136.2544700,93.50, 0.60
1326852,0.01,0.55,9.20,0.74,0.03,0.02,0.67,-0.77,-3.71,84.56,10.60,0.00,0,2,1000.77,39.25,113.46,1000.77,37.24,112.67,0.24,1000.17,37.14,118.09,-0.07,0.34,105.29,284.94,6466,0.19,0.00,9.74,0.53,-0.01,-0.02,0.85,0.13,2.28,116.34,23,5,27,0,35.2941717,136.2544700,93.50, 0.60
1326910,0.39,0.69,10.36,0.74,0.03,0.02,0.67,-0.78,-3.72,84.56,10.60,0.00,0,2,1000.77,39.27,113.45,1000.78,37.24,112.68,0.23,1000.17,37.14,118.09,-0.05,0.30,105.29,284.94,6465,-0.13,-0.50,9.75,0.53,-0.01,-0.02,0.85,0.13,2.28,116.34,23,5,28,0,35.2941700,136.2544700,93.50, 0.60
1326963,0.27,0.63,9.90,0.74,0.03,0.02,0.67,-0.77,-3.71,84.56,10.60,0.00,0,2,1000.77,39.26,113.41,1000.78,37.24,112.64,0.23,1000.18,37.14,118.05,-0.05,0.30,105.21,284.94,6466,0.07,-0.51,9.53,0.53,-0.01,-0.02,0.85,0.13,2.28,116.34,23,5,28,0,35.2941700,136.2544700,93.50, 0.60
1327021,0.01,0.56,9.34,0.74,0.03,0.02,0.67,-0.77,-3.71,84.56,10.60,0.00,0,2,1000.77,39.26,113.43,1000.78,37.25,112.63,0.23,1000.17,37.13,118.09,-0.05,0.30,105.29,284.94,6465,0.02,-0.25,9.48,0.53,-0.01,-0.02,0.85,0.13,2.29,116.34,23,5,28,0,35.2941700,136.2544700,93.50, 0.60
1327073,0.14,0.64,10.01,0.74,0.03,0.02,0.67,-0.77,-3.71,84.56,10.60,0.00,0,2,1000.77,39.25,113.43,1000.77,37.25,112.68,0.23,1000.18,37.15,118.03,-0.05,0.30,105.29,284.94,6466,0.02,-0.44,9.59,0.53,-0.01,-0.02,0.85,0.13,2.29,116.34,23,5,28,0,35.2941700,136.2544700,93.50, 0.60
1327131,0.08,0.63,9.55,0.74,0.03,0.02,0.67,-0.77,-3.71,84.56,10.59,0.00,0,2,1000.77,39.26,113.45,1000.77,37.24,112.71,0.23,1000.18,37.15,118.04,-0.05,0.30,105.29,284.94,6465,-0.11,0.03,9.66,0.53,-0.01,-0.02,0.85,0.13,2.28,116.36,23,5,28,0,35.2941700,136.2544700,93.50, 0.60
1327184,0.13,0.58,9.49,0.74,0.03,0.02,0.67,-0.77,-3.71,84.56,10.59,0.00,0,2,1000.77,39.25,113.44,1000.78,37.24,112.68,0.23,1000.18,37.15,118.06,-0.05,0.30,105.29,284.94,6466,-0.16,0.14,9.67,0.53,-0.01,-0.02,0.85,0.13,2.28,116.36,23,5,28,0,35.2941700,136.2544700,93.50, 0.60
1327241,0.21,0.71,9.74,0.74,0.03,0.02,0.67,-0.77,-3.71,84.56,10.59,0.00,0,2,1000.77,39.26,113.44,1000.78,37.26,112.64,0.23,1000.18,37.16,118.07,-0.07,0.34,105.21,284.94,6465,-0.04,-0.79,9.56,0.53,-0.01,-0.02,0.85,0.13,2.29,116.36,23,5,28,0,35.2941700,136.2544700,93.50, 0.60
1327299,0.19,0.59,9.81,0.74,0.03,0.02,0.67,-0.77,-3.71,84.56,10.59,0.00,0,2,1000.77,39.25,113.43,1000.78,37.25,112.63,0.23,1000.18,37.16,118.03,-0.05,0.30,105.29,284.94,6465,0.01,-0.07,9.74,0.53,-0.01,-0.02,0.85,0.13,2.28,116.36,23,5,28,0,35.2941700,136.2544700,93.50, 0.60
1327352,0.07,0.71,9.61,0.74,0.03,0.02,0.67,-0.77,-3.71,84.56,10.59,0.00,0,2,1000.77,39.26,113.46,1000.78,37.24,112.64,0.23,1000.18,37.17,118.02,-0.05,0.30,105.29,284.94,6463,0.02,-0.24,9.69,0.53,-0.01,-0.02,0.85,0.13,2.28,116.36,23,5,28,0,35.2941700,136.2544700,93.50, 0.60
1327410,0.07,0.68,9.80,0.74,0.03,0.02,0.67,-0.77,-3.71,84.56,10.60,0.00,0,2,1000.77,39.27,113.42,1000.77,37.25,112.65,0.23,1000.18,37.15,118.06,-0.05,0.30,105.29,284.94,6464,0.13,-0.08,9.64,0.53,-0.01,-0.02,0.85,0.14,2.28,116.36,23,5,28,0,35.2941700,136.2544700,93.50, 0.60
1327461,0.12,0.42,9.63,0.74,0.03,0.02,0.67,-0.77,-3.71,84.56,10.61,0.00,0,2,1000.77,39.27,113.45,1000.78,37.23,112.66,0.23,1000.18,37.17,118.06,-0.05,0.30,105.29,284.94,6465,0.11,-0.32,9.64,0.53,-0.01,-0.02,0.85,0.14,2.28,116.36,23,5,28,0,35.2941700,136.2544700,93.50, 0.60
1327516,0.24,0.65,9.88,0.74,0.03,0.02,0.67,-0.77,-3.71,84.56,10.60,0.00,0,2,1000.77,39.26,113.44,1000.77,37.25,112.68,0.23,1000.18,37.15,118.06,-0.07,0.34,105.29,284.94,6465,0.00,-0.33,9.63,0.53,-0.01,-0.02,0.85,0.14,2.27,116.36,23,5,28,0,35.2941700,136.2544700,93.50, 0.60
1327571,0.02,0.60,9.57,0.74,0.03,0.02,0.67,-0.77,-3.71,84.56,10.60,0.00,0,2,1000.77,39.28,113.42,1000.78,37.25,112.64,0.23,1000.18,37.15,118.04,-0.03,0.24,105.29,284.94,6465,0.04,-0.30,9.62,0.53,-0.01,-0.02,0.85,0.15,2.26,116.36,23,5,28,0,35.2941700,136.2544700,93.50, 0.60
1327628,-0.03,0.59,9.38,0.74,0.03,0.02,0.67,-0.78,-3.72,84.56,10.60,0.00,0,2,1000.77,39.27,113.42,1000.78,37.24,112.62,0.22,1000.18,37.15,118.07,-0.05,0.30,105.29,284.94,6465,0.80,-0.45,9.57,0.53,-0.01,-0.02,0.85,0.14,2.26,116.36,23,5,28,0,35.2941700,136.2544700,93.50, 0.20
1327682,0.17,0.60,9.61,0.74,0.03,0.02,0.67,-0.80,-3.71,84.56,10.60,0.00,0,2,1000.78,39.28,113.40,1000.78,37.25,112.65,0.23,1000.18,37.17,118.04,-0.05,0.30,105.29,284.94,6465,-0.41,-0.19,9.63,0.53,-0.01,-0.02,0.85,0.14,2.26,116.36,23,5,28,0,35.2941700,136.2544700,93.50, 0.20
1327739,0.13,0.67,9.73,0.74,0.03,0.02,0.67,-0.82,-3.71,84.56,10.59,0.00,0,2,1000.77,39.28,113.43,1000.77,37.25,112.62,0.22,1000.18,37.16,118.03,-0.05,0.30,105.29,284.94,6465,-0.12,-0.23,9.44,0.53,-0.01,-0.02,0.85,0.15,2.26,116.36,23,5,28,0,35.2941700,136.2544700,93.50, 0.20
1327792,0.18,0.73,9.90,0.74,0.03,0.02,0.67,-0.81,-3.71,84.56,10.59,0.00,0,2,1000.77,39.28,113.45,1000.77,37.25,112.70,0.23,1000.18,37.17,118.06,-0.05,0.30,105.29,284.94,6465,-0.22,-0.33,9.54,0.53,-0.01,-0.02,0.85,0.14,2.26,116.36,23,5,28,0,35.2941700,136.2544700,93.50, 0.20
1327850,0.20,0.57,9.68,0.74,0.03,0.02,0.67,-0.81,-3.71,84.56,10.59,0.00,0,2,1000.77,39.27,113.43,1000.78,37.26,112.66,0.23,1000.18,37.15,118.03,-0.07,0.34,105.29,284.94,6465,-0.41,-0.27,9.49,0.53,-0.01,-0.02,0.85,0.15,2.25,116.36,23,5,28,0,35.2941700,136.2544700,93.50, 0.20
1327901,0.19,0.58,9.65,0.74,0.03,0.02,0.67,-0.81,-3.71,84.56,10.59,0.00,0,2,1000.77,39.27,113.44,1000.78,37.25,112.66,0.23,1000.18,37.17,118.04,-0.07,0.34,105.29,284.94,6466,-0.12,-0.31,9.67,0.53,-0.01,-0.02,0.85,0.15,2.25,116.36,23,5,28,0,35.2941700,136.2544700,93.50, 0.20
1327957,-0.05,0.51,9.89,0.74,0.03,0.02,0.67,-0.81,-3.71,84.56,10.60,0.00,0,2,1000.77,39.29,113.42,1000.78,37.24,112.65,0.23,1000.18,37.15,118.07,-0.05,0.30,105.21,284.94,6465,-0.26,-0.51,9.55,0.53,-0.01,-0.02,0.85,0.15,2.25,116.36,23,5,28,0,35.2941700,136.2544700,93.50, 0.20
1328011,-0.04,0.47,9.67,0.74,0.03,0.02,0.67,-0.82,-3.71,84.56,10.60,0.00,0,2,1000.77,39.28,113.44,1000.77,37.24,112.63,0.23,1000.18,37.17,118.04,-0.07,0.34,105.21,284.94,6464,-0.35,-0.77,9.31,0.53,-0.01,-0.02,0.85,0.15,2.28,116.36,23,5,29,0,35.2941650,136.2544700,93.50, 0.20
1328069,0.01,0.74,9.65,0.74,0.03,0.02,0.67,-0.81,-3.71,84.56,10.60,0.00,0,2,1000.77,39.28,113.45,1000.77,37.26,112.67,0.23,1000.18,37.17,118.02,-0.05,0.30,105.29,284.94,6465,-0.13,-0.94,9.44,0.53,-0.01,-0.02,0.85,0.15,2.29,116.36,23,5,29,0,35.2941650,136.2544700,93.50, 0.20
1328121,0.13,0.62,9.82,0.74,0.03,0.02,0.67,-0.81,-3.72,84.56,10.60,0.00,0,2,1000.77,39.28,113.42,1000.77,37.23,112.67,0.23,1000.18,37.17,118.06,-0.05,0.30,105.21,284.94,6465,0.10,-0.35,9.64,0.53,-0.01,-0.02,0.85,0.15,2.26,116.36,23,5,29,0,35.2941650,136.2544700,93.50, 0.20
1328178,0.20,0.56,9.78,0.74,0.03,0.02,0.67,-0.81,-3.72,84.56,10.59,0.00,0,2,1000.77,39.27,113.47,1000.77,37.23,112.69,0.23,1000.17,37.15,118.09,-0.05,0.30,105.21,284.94,6465,-0.14,-0.91,9.48,0.53,-0.01,-0.02,0.85,0.15,2.27,116.36,23,5,29,0,35.2941650,136.2544700,93.50, 0.20
1328230,0.05,0.52,9.54,0.74,0.03,0.02,0.67,-0.81,-3.72,84.56,10.60,0.00,0,2,1000.77,39.28,113.42,1000.78,37.26,112.65,0.23,1000.18,37.17,118.02,-0.07,0.34,105.21,284.94,6465,0.16,-0.68,9.46,0.53,-0.01,-0.02,0.85,0.15,2.28,116.36,23,5,29,0,35.2941650,136.2544700,93.50, 0.20
1328284,0.06,0.68,9.72,0.74,0.03,0.02,0.67,-0.81,-3.72,84.56,10.60,0.00,0,2,1000.77,39.29,113.47,1000.77,37.24,112.67,0.23,1000.18,37.17,118.06,-0.05,0.30,105.21,284.94,6464,-0.05,-0.77,9.45,0.53,-0.01,-0.02,0.85,0.14,2.29,116.36,23,5,29,0,35.2941650,136.2544700,93.50, 0.20
1328341,0.25,0.61,9.69,0.74,0.03,0.02,0.67,-0.81,-3.72,84.56,10.60,0.00,0,2,1000.77,39.29,113.45,1000.77,37.23,112.69,0.23,1000.18,37.15,118.05,-0.05,0.30,105.21,284.94,6464,-0.38,-0.95,9.49,0.53,-0.01,-0.02,0.85,0.15,2.28,116.37,23,5,29,0,35.2941650,136.2544700,93.50, 0.20
1328394,0.45,0.48,9.68,0.74,0.03,0.02,0.67,-0.84,-3.73,84.57,10.61,0.00,0,2,1000.77,39.29,113.47,1000.78,37.25,112.65,0.23,1000.18,37.16,118.05,-0.07,0.34,105.12,284.94,6466,0.22,-0.97,9.31,0.53,-0.01,-0.02,0.85,0.15,2.30,116.37,23,5,29,0,35.2941650,136.2544700,93.50, 0.20
1328449,0.48,0.51,9.94,0.74,0.03,0.02,0.67,-0.88,-3.71,84.57,10.61,0.00,0,2,1000.77,39.28,113.43,1000.78,37.24,112.67,0.23,1000.18,37.17,118.01,-0.07,0.34,105.21,284.94,6464,0.18,-0.52,9.82,0.53,-0.01,-0.02,0.85,0.16,2.28,116.37,23,5,29,0,35.2941650,136.2544700,93.50, 0.20
1328506,-0.15,0.74,9.86,0.74,0.03,0.02,0.67,-0.87,-3.72,84.57,10.60,0.00,0,2,1000.77,39.29,113.47,1000.77,37.24,112.67,0.23,1000.18,37.17,118.04,-0.07,0.34,105.21,284.94,6466,-0.21,0.01,9.79,0.53,-0.01,-0.02,0.85,0.16,2.28,116.37,23,5,29,0,35.2941650,136.2544700,93.50, 0.20
1328561,-0.03,0.63,9.72,0.74,0.03,0.02,0.67,-0.87,-3.72,84.57,10.60,0.00,0,2,1000.77,39.29,113.49,1000.77,37.24,112.67,0.23,1000.18,37.15,118.05,-0.05,0.30,105.29,284.94,6464,0.53,-0.17,9.86,0.53,-0.01,-0.02,0.85,0.16,2.28,116.38,23,5,29,0,35.2941650,136.2544700,93.50, 0.20
1328618,0.29,0.67,9.77,0.74,0.03,0.02,0.67,-0.87,-3.71,84.57,10.61,0.00,0,2,1000.76,39.29,113.52,1000.77,37.23,112.73,0.23,1000.18,37.16,118.07,-0.05,0.30,105.21,284.94,6465,-0.27,-0.08,9.61,0.53,-0.01,-0.02,0.85,0.16,2.28,116.40,23,5,29,0,35.2941650,136.2544700,93.50, 0.20
1328670,0.07,0.64,9.49,0.74,0.03,0.02,0.67,-0.87,-3.71,84.57,10.61,0.00,0,2,1000.77,39.29,113.43,1000.78,37.24,112.63,0.23,1000.18,37.15,118.04,-0.05,0.30,105.21,284.94,6465,-0.25,0.07,9.62,0.53,-0.01,-0.02,0.85,0.15,2.27,116.41,23,5,29,0,35.2941650,136.2544700,93.50, 0.20
1328728,0.08,0.64,9.66,0.74,0.03,0.02,0.67,-0.86,-3.71,84.57,10.61,0.00,0,2,1000.77,39.29,113.47,1000.77,37.24,112.71,0.23,1000.18,37.17,118.05,-0.05,0.30,105.21,284.94,6465,-0.10,-0.04,9.77,0.53,-0.01,-0.02,0.85,0.15,2.27,116.41,23,5,29,0,35.2941650,136.2544700,93.50, 0.57
1328781,0.14,0.46,9.63,0.74,0.03,0.02,0.67,-0.86,-3.71,84.57,10.61,0.00,0,2,1000.77,39.30,113.44,1000.77,37.24,112.66,0.23,1000.18,37.15,118.06,-0.05,0.30,105.21,284.94,6464,-0.19,-0.40,9.60,0.53,-0.01,-0.02,0.85,0.16,2.28,116.43,23,5,29,0,35.2941650,136.2544700,93.50, 0.57
1328839,0.14,0.71,9.64,0.74,0.03,0.02,0.67,-0.86,-3.71,84.57,10.61,0.00,0,2,1000.77,39.30,113.45,1000.77,37.25,112.67,0.23,1000.18,37.17,118.05,-0.05,0.30,105.21,284.94,6465,0.20,-0.14,9.64,0.53,-0.01,-0.02,0.85,0.16,2.27,116.43,23,5,29,0,35.2941650,136.2544700,93.50, 0.57
1328896,0.16,0.58,9.80,0.74,0.03,0.02,0.67,-0.87,-3.71,84.57,10.60,0.00,0,2,1000.77,39.30,113.50,1000.77,37.24,112.69,0.23,1000.18,37.17,118.08,-0.05,0.30,105.21,284.94,6463,-0.05,0.18,9.63,0.53,-0.01,-0.02,0.85,0.16,2.26,116.43,23,5,29,0,35.2941650,136.2544700,93.50, 0.57
1328949,-0.02,0.69,9.74,0.74,0.03,0.02,0.67,-0.86,-3.71,84.57,10.61,0.00,0,2,1000.77,39.31,113.47,1000.77,37.24,112.72,0.23,1000.18,37.15,118.04,-0.03,0.24,105.21,284.94,6465,0.32,-0.55,9.61,0.53,-0.01,-0.02,0.85,0.15,2.27,116.43,23,5,30,0,35.2941633,136.2544683,93.50, 0.57
1329003,0.00,0.53,9.63,0.74,0.03,0.02,0.67,-0.84,-3.72,84.57,10.61,0.00,0,2,1000.77,39.30,113.44,1000.77,37.24,112.66,0.23,1000.17,37.15,118.09,-0.05,0.30,105.21,284.94,6465,0.05,-0.42,9.51,0.53,-0.01,-0.02,0.85,0.15,2.27,116.45,23,5,30,0,35.2941633,136.2544683,93.50, 0.57
1329057,0.10,0.73,9.73,0.74,0.03,0.02,0.67,-0.83,-3.71,84.57,10.62,0.00,0,2,1000.77,39.31,113.47,1000.77,37.24,112.69,0.23,1000.18,37.16,118.05,-0.05,0.30,105.21,284.94,6465,-0.08,-0.30,9.75,0.53,-0.01,-0.02,0.85,0.18,2.25,116.45,23,5,30,0,35.2941633,136.2544683,93.50, 0.57
1329115,0.17,0.52,9.65,0.74,0.03,0.02,0.67,-0.83,-3.71,84.57,10.62,0.00,0,2,1000.77,39.30,113.48,1000.77,37.25,112.68,0.23,1000.18,37.15,118.07,-0.05,0.30,105.21,284.94,6466,-0.04,0.17,9.76,0.53,-0.01,-0.02,0.85,0.16,2.24,116.46,23,5,30,0,35.2941633,136.2544683,93.50, 0.57
1329169,0.24,0.70,9.72,0.74,0.03,0.02,0.67,-0.83,-3.70,84.57,10.63,0.00,0,2,1000.77,39.31,113.47,1000.77,37.23,112.70,0.23,1000.18,37.17,118.03,-0.05,0.30,105.21,284.94,6466,-0.20,-0.33,9.60,0.53,-0.01,-0.02,0.85,0.16,2.25,116.46,23,5,30,0,35.2941633,136.2544683,93.50, 0.57
1329226,0.09,0.65,9.53,0.74,0.03,0.02,0.67,-0.83,-3.70,84.57,10.62,0.00,0,2,1000.77,39.32,113.51,1000.77,37.25,112.72,0.23,1000.18,37.15,118.04,-0.07,0.34,105.21,284.94,6464,-0.11,-0.10,9.55,0.53,-0.01,-0.02,0.85,0.16,2.25,116.46,23,5,30,0,35.2941633,136.2544683,93.50, 0.57
1329278,0.05,0.50,9.54,0.74,0.03,0.02,0.67,-0.83,-3.70,84.57,10.62,0.00,0,2,1000.77,39.32,113.47,1000.78,37.25,112.72,0.23,1000.17,37.15,118.09,-0.05,0.30,105.21,284.94,6464,-0.12,0.11,9.74,0.53,-0.01,-0.02,0.85,0.16,2.24,116.46,23,5,30,0,35.2941633,136.2544683,93.50, 0.57
1329332,0.22,0.70,9.93,0.74,0.03,0.02,0.67,-0.83,-3.70,84.57,10.61,0.00,0,2,1000.77,39.31,113.44,1000.78,37.24,112.65,0.23,1000.18,37.15,118.05,-0.05,0.30,105.21,284.94,6464,0.15,0.00,9.74,0.53,-0.01,-0.02,0.85,0.16,2.24,116.46,23,5,30,0,35.2941633,136.2544683,93.50, 0.57
1329389,0.30,0.68,9.89,0.74,0.03,0.02,0.67,-0.83,-3.70,84.57,10.61,0.00,0,2,1000.77,39.30,113.47,1000.78,37.25,112.65,0.23,1000.18,37.15,118.07,-0.05,0.30,105.21,284.94,6466,0.16,-0.76,9.50,0.53,-0.01,-0.02,0.85,0.16,2.25,116.46,23,5,30,0,35.2941633,136.2544683,93.50, 0.57
1329446,0.02,0.59,9.92,0.74,0.03,0.02,0.67,-0.83,-3.70,84.57,10.61,0.00,0,2,1000.77,39.30,113.48,1000.77,37.24,112.67,0.23,1000.18,37.16,118.05,-0.05,0.30,105.21,284.94,6465,0.10,-0.20,9.76,0.53,-0.01,-0.02,0.85,0.16,2.25,116.46,23,5,30,0,35.2941633,136.2544683,93.50, 0.57
1329498,0.14,0.49,9.45,0.74,0.03,0.02,0.67,-0.83,-3.69,84.57,10.62,0.00,0,2,1000.77,39.31,113.49,1000.77,37.23,112.70,0.23,1000.18,37.16,118.03,-0.05,0.30,105.29,284.94,6464,-0.03,0.34,9.72,0.53,-0.01,-0.02,0.85,0.16,2.24,116.46,23,5,30,0,35.2941633,136.2544683,93.50, 0.57
1329556,0.25,0.57,9.63,0.74,0.03,0.02,0.67,-0.83,-3.69,84.57,10.62,0.00,0,2,1000.77,39.31,113.46,1000.77,37.24,112.67,0.23,1000.18,37.16,118.05,-0.05,0.30,105.21,284.94,6465,-0.15,-0.21,9.70,0.53,-0.01,-0.02,0.85,0.16,2.25,116.46,23,5,30,0,35.2941633,136.2544683,93.50, 0.57
1329613,0.13,0.73,9.82,0.74,0.03,0.02,0.67,-0.83,-3.69,84.57,10.60,0.00,0,2,1000.76,39.31,113.51,1000.78,37.25,112.69,0.23,1000.18,37.16,118.02,-0.05,0.30,105.21,284.94,6463,-0.13,-0.13,9.38,0.53,-0.01,-0.02,0.85,0.16,2.26,116.46,23,5,30,0,35.2941633,136.2544683,93.50, 0.57
1329668,0.16,0.67,9.95,0.74,0.03,0.02,0.67,-0.84,-3.68,84.57,10.60,0.00,0,2,1000.77,39.31,113.49,1000.77,37.25,112.67,0.23,1000.18,37.17,118.02,-0.07,0.34,105.21,284.94,6465,0.18,-0.38,9.58,0.53,-0.01,-0.02,0.85,0.16,2.25,116.46,23,5,30,0,35.2941633,136.2544683,93.50, 0.57
1329726,0.18,0.52,9.72,0.74,0.03,0.02,0.67,-0.84,-3.68,84.57,10.60,0.00,0,2,1000.77,39.32,113.47,1000.78,37.25,112.63,0.23,1000.18,37.15,118.07,-0.07,0.34,105.21,284.94,6466,0.09,0.11,9.90,0.53,-0.01,-0.02,0.85,0.16,2.25,116.47,23,5,30,0,35.2941633,136.2544683,93.50, 0.57
1329777,0.42,0.68,9.86,0.74,0.03,0.02,0.67,-0.84,-3.68,84.57,10.60,0.00,0,2,1000.77,39.32,113.47,1000.78,37.25,112.66,0.23,1000.18,37.15,118.07,-0.05,0.30,105.21,284.94,6464,-0.11,-1.19,9.49,0.53,-0.01,-0.02,0.85,0.16,2.27,116.47,23,5,30,0,35.2941633,136.2544683,93.50, 0.57
1329835,0.10,0.73,9.50,0.74,0.03,0.02,0.67,-0.84,-3.68,84.57,10.60,0.00,0,2,1000.77,39.32,113.47,1000.77,37.26,112.65,0.23,1000.18,37.15,118.07,-0.05,0.30,105.29,284.94,6464,0.46,-0.89,9.42,0.53,-0.01,-0.02,0.85,0.16,2.27,116.48,23,5,31,0,35.2941600,136.2544717,93.50, 0.57
1329888,0.09,0.56,9.41,0.74,0.03,0.02,0.67,-0.84,-3.68,84.57,10.60,0.00,0,2,1000.77,39.33,113.49,1000.77,37.25,112.70,0.24,1000.18,37.15,118.07,-0.05,0.30,105.21,284.94,6465,-0.14,0.21,9.91,0.53,-0.01,-0.02,0.85,0.16,2.25,116.48,23,5,31,0,35.2941600,136.2544717,93.50, 0.57
1329945,0.14,0.74,9.90,0.74,0.03,0.02,0.67,-0.84,-3.68,84.57,10.60,0.00,0,2,1000.77,39.34,113.46,1000.77,37.25,112.70,0.23,1000.18,37.15,118.06,-0.05,0.30,105.21,284.94,6466,-0.09,-1.02,9.63,0.53,-0.01,-0.02,0.85,0.16,2.27,116.48,23,5,31,0,35.2941600,136.2544717,93.50, 0.57
1329996,0.14,0.76,9.78,0.74,0.03,0.02,0.67,-0.84,-3.68,84.57,10.61,0.00,0,2,1000.77,39.32,113.50,1000.77,37.23,112.73,0.24,1000.17,37.14,118.10,-0.07,0.34,105.21,284.94,6465,0.05,-0.84,9.54,0.53,-0.01,-0.02,0.85,0.16,2.27,116.48,23,5,31,0,35.2941600,136.2544717,93.50, 0.57
1330052,0.37,0.74,10.10,0.74,0.03,0.02,0.67,-0.84,-3.68,84.57,10.61,0.00,0,2,1000.77,39.34,113.47,1000.77,37.24,112.69,0.35,1000.18,37.15,118.07,-0.05,0.30,105.21,284.94,6466,-0.14,-0.50,9.49,0.53,-0.01,-0.02,0.85,0.16,2.27,116.48,23,5,31,0,35.2941600,136.2544717,93.50, 0.57
1330106,0.01,0.52,9.63,0.74,0.03,0.02,0.67,-0.84,-3.67,84.57,10.61,0.00,0,2,1000.77,39.32,113.47,1000.77,37.25,112.69,0.35,1000.18,37.16,118.07,-0.03,0.24,105.21,284.94,6465,-0.17,-0.04,9.55,0.53,-0.01,-0.02,0.85,0.15,2.25,116.48,23,5,31,0,35.2941600,136.2544717,93.50, 0.57
1330163,0.03,0.82,9.82,0.74,0.03,0.02,0.67,-0.84,-3.67,84.57,10.61,0.00,0,2,1000.77,39.34,113.49,1000.77,37.26,112.67,0.35,1000.18,37.15,118.07,-0.05,0.30,105.29,284.94,6465,0.02,-0.60,9.51,0.53,-0.01,-0.02,0.85,0.16,2.26,116.48,23,5,31,0,35.2941600,136.2544717,93.50, 0.57
1330216,0.18,0.64,9.76,0.74,0.03,0.02,0.67,-0.84,-3.67,84.57,10.60,0.00,0,2,1000.77,39.33,113.46,1000.77,37.25,112.69,0.25,1000.18,37.15,118.07,-0.05,0.30,105.29,284.94,6463,-0.19,-0.63,9.53,0.53,-0.01,-0.02,0.85,0.16,2.26,116.48,23,5,31,0,35.2941600,136.2544717,93.50, 0.57
1330274,0.08,0.57,9.60,0.74,0.03,0.02,0.67,-0.84,-3.67,84.57,10.60,0.00,0,2,1000.77,39.32,113.48,1000.77,37.25,112.68,0.24,1000.18,37.16,118.02,-0.07,0.34,105.29,284.94,6465,-0.08,-0.33,9.72,0.53,-0.01,-0.02,0.85,0.15,2.25,116.48,23,5,31,0,35.2941600,136.2544717,93.50, 0.57
1330327,0.06,0.70,9.59,0.74,0.03,0.02,0.67,-0.84,-3.67,84.57,10.60,0.00,0,2,1000.77,39.34,113.47,1000.78,37.24,112.68,0.25,1000.18,37.18,118.06,-0.05,0.30,105.21,284.94,6465,0.12,-0.26,9.65,0.53,-0.01,-0.02,0.85,0.15,2.24,116.48,23,5,31,0,35.2941600,136.2544717,93.50, 0.57
1330384,-0.04,0.73,9.79,0.74,0.03,0.02,0.67,-0.84,-3.67,84.57,10.59,0.00,0,2,1000.77,39.34,113.45,1000.78,37.25,112.65,0.24,1000.18,37.17,118.05,-0.05,0.30,105.29,284.94,6463,-0.07,-0.51,9.61,0.53,-0.01,-0.02,0.85,0.16,2.25,116.48,23,5,31,0,35.2941600,136.2544717,93.50, 0.57
1330437,0.22,0.52,9.73,0.74,0.03,0.02,0.67,-0.84,-3.67,84.57,10.59,0.00,0,2,1000.77,39.33,113.48,1000.78,37.26,112.64,0.24,1000.18,37.15,118.07,-0.07,0.34,105.29,284.94,6464,-0.07,-0.39,9.46,0.53,-0.01,-0.02,0.85,0.15,2.24,116.48,23,5,31,0,35.2941600,136.2544717,93.50, 0.57
1330494,0.07,0.65,9.68,0.74,0.03,0.02,0.67,-0.84,-3.67,84.57,10.59,0.00,0,2,1000.77,39.33,113.49,1000.78,37.26,112.67,0.23,1000.18,37.16,118.07,-0.07,0.34,105.29,284.94,6465,-0.07,-0.67,9.56,0.53,-0.01,-0.02,0.85,0.16,2.23,116.48,23,5,31,0,35.2941600,136.2544717,93.50, 0.57
1330551,0.17,0.65,9.57,0.74,0.03,0.02,0.67,-0.84,-3.67,84.57,10.60,0.00,0,2,1000.77,39.33,113.47,1000.78,37.27,112.67,0.23,1000.18,37.17,118.06,-0.05,0.30,105.29,284.94,6466,0.08,-0.37,9.64,0.53,-0.01,-0.02,0.85,0.16,2.23,116.48,23,5,31,0,35.2941600,136.2544717,93.50, 0.01
1330605,-0.03,0.66,9.72,0.74,0.03,0.02,0.67,-0.84,-3.67,84.57,10.60,0.00,0,2,1000.77,39.34,113.48,1000.77,37.25,112.70,0.23,1000.18,37.15,118.04,-0.03,0.24,105.29,284.94,6464,0.22,-0.05,9.64,0.53,-0.01,-0.02,0.85,0.16,2.22,116.48,23,5,31,0,35.2941600,136.2544717,93.50, 0.01
1330662,0.08,0.55,9.42,0.74,0.03,0.02,0.67,-0.84,-3.67,84.57,10.60,0.00,0,2,1000.77,39.33,113.47,1000.78,37.25,112.68,0.23,1000.18,37.15,118.07,-0.07,0.34,105.29,284.94,6465,0.24,-0.25,9.58,0.53,-0.01,-0.02,0.85,0.17,2.21,116.48,23,5,31,0,35.2941600,136.2544717,93.50, 0.01
1330715,0.15,0.58,9.68,0.74,0.03,0.02,0.67,-0.84,-3.67,84.57,10.60,0.00,0,2,1000.77,39.32,113.46,1000.77,37.24,112.70,0.23,1000.18,37.17,118.02,-0.05,0.30,105.29,284.94,6465,-0.06,-0.31,9.72,0.53,-0.01,-0.02,0.85,0.17,2.19,116.48,23,5,31,0,35.2941600,136.2544717,93.50, 0.01
1330771,0.16,0.60,9.61,0.74,0.03,0.02,0.67,-0.84,-3.67,84.57,10.60,0.00,0,2,1000.77,39.34,113.50,1000.77,37.25,112.68,0.23,1000.18,37.16,118.07,-0.05,0.30,105.29,284.94,6465,0.04,-0.67,9.60,0.53,-0.01,-0.02,0.85,0.17,2.20,116.48,23,5,31,0,35.2941600,136.2544717,93.50, 0.01
1330824,0.13,0.53,9.66,0.74,0.03,0.02,0.67,-0.84,-3.67,84.57,10.60,0.00,0,2,1000.77,39.34,113.49,1000.77,37.25,112.68,0.24,1000.18,37.17,118.04,-0.05,0.30,105.21,284.94,6466,-0.14,0.00,9.69,0.53,-0.01,-0.02,0.85,0.18,2.19,116.48,23,5,31,0,35.2941600,136.2544717,93.50, 0.01
1330876,0.19,0.63,9.82,0.74,0.03,0.02,0.67,-0.84,-3.67,84.57,10.60,0.00,0,2,1000.77,39.35,113.43,1000.78,37.25,112.68,0.25,1000.18,37.17,118.02,-0.05,0.30,105.29,284.94,6466,0.11,-0.39,9.69,0.53,-0.01,-0.02,0.85,0.17,2.20,116.48,23,5,31,0,35.2941600,136.2544717,93.50, 0.01
1330934,0.07,0.65,9.62,0.74,0.03,0.02,0.67,-0.84,-3.67,84.57,10.60,0.00,0,2,1000.77,39.35,113.48,1000.77,37.27,112.70,0.25,1000.18,37.15,118.07,-0.05,0.30,105.21,284.94,6465,-0.03,-0.36,9.51,0.53,-0.01,-0.02,0.85,0.17,2.21,116.48,23,5,31,0,35.2941600,136.2544717,93.50, 0.01
1330992,0.18,0.64,9.76,0.74,0.03,0.02,0.67,-0.84,-3.67,84.57,10.60,0.00,0,2,1000.77,39.34,113.45,1000.78,37.25,112.66,0.24,1000.18,37.14,118.06,-0.07,0.34,105.29,284.94,6465,-0.10,-0.66,9.51,0.53,-0.01,-0.02,0.85,0.17,2.20,116.48,23,5,31,0,35.2941600,136.2544717,93.50, 0.01
1331044,0.13,0.63,9.44,0.74,0.03,0.02,0.67,-0.84,-3.67,84.57,10.60,0.00,0,2,1000.77,39.35,113.52,1000.78,37.27,112.67,0.24,1000.18,37.15,118.07,-0.05,0.30,105.21,284.94,6464,0.04,-0.62,9.50,0.53,-0.01,-0.02,0.85,0.18,2.19,116.48,23,5,31,0,35.2941600,136.2544717,93.50, 0.01
1331101,0.07,0.89,9.69,0.74,0.03,0.02,0.67,-0.84,-3.67,84.57,10.60,0.00,0,2,1000.77,39.34,113.50,1000.77,37.27,112.71,0.25,1000.18,37.15,118.04,-0.05,0.30,105.21,284.94,6464,0.21,-0.17,9.81,0.53,-0.01,-0.02,0.85,0.17,2.20,116.48,23,5,31,0,35.2941600,136.2544717,93.50, 0.01
1331153,0.21,0.48,9.94,0.74,0.03,0.02,0.67,-0.83,-3.67,84.57,10.60,0.00,0,2,1000.77,39.33,113.51,1000.78,37.27,112.62,0.25,1000.18,37.16,118.05,-0.07,0.34,105.21,284.94,6465,0.16,-0.94,9.53,0.53,-0.01,-0.02,0.85,0.17,2.21,116.48,23,5,31,0,35.2941600,136.2544717,93.50, 0.01
1331211,0.09,0.63,10.06,0.74,0.03,0.02,0.67,-0.85,-3.67,84.57,10.61,0.00,0,2,1000.77,39.35,113.47,1000.77,37.26,112.70,0.25,1000.18,37.16,118.03,-0.07,0.34,105.21,284.94,6465,-0.01,-0.48,9.52,0.53,-0.01,-0.02,0.85,0.17,2.20,116.48,23,5,31,0,35.2941600,136.2544717,93.50, 0.01
1331263,0.27,0.81,9.64,0.74,0.03,0.02,0.67,-0.85,-3.67,84.57,10.60,0.00,0,2,1000.77,39.36,113.51,1000.77,37.25,112.73,0.25,1000.18,37.16,118.07,-0.03,0.24,105.29,284.94,6466,0.45,-0.18,9.65,0.53,-0.01,-0.02,0.85,0.17,2.20,116.48,23,5,31,0,35.2941600,136.2544717,93.50, 0.01
1331320,0.02,0.58,9.24,0.74,0.03,0.02,0.67,-0.84,-3.66,84.57,10.61,0.00,0,2,1000.77,39.35,113.50,1000.78,37.25,112.66,0.35,1000.18,37.15,118.06,-0.05,0.30,105.29,284.94,6465,0.24,0.00,9.80,0.53,-0.01,-0.02,0.85,0.17,2.21,116.48,23,5,31,0,35.2941600,136.2544717,93.50, 0.01
1331373,0.00,0.49,9.51,0.74,0.03,0.02,0.67,-0.84,-3.65,84.57,10.60,0.00,0,2,1000.77,39.35,113.52,1000.78,37.26,112.68,0.24,1000.18,37.17,118.06,-0.05,0.30,105.21,284.94,6465,0.20,-0.96,9.55,0.53,-0.01,-0.02,0.85,0.17,2.22,116.48,23,5,31,0,35.2941600,136.2544717,93.50, 0.01
1331431,0.16,0.76,10.27,0.74,0.03,0.02,0.67,-0.84,-3.65,84.57,10.59,0.00,0,2,1000.77,39.36,113.51,1000.78,37.27,112.69,0.23,1000.18,37.16,118.03,-0.05,0.30,105.29,284.94,6465,0.32,-0.76,9.42,0.53,-0.01,-0.02,0.85,0.17,2.21,116.48,23,5,31,0,35.2941600,136.2544717,93.50, 0.01
1331483,0.43,0.79,9.91,0.74,0.03,0.02,0.67,-0.85,-3.66,84.57,10.60,0.00,0,2,1000.77,39.36,113.46,1000.78,37.27,112.65,0.23,1000.18,37.17,118.06,-0.05,0.30,105.21,284.94,6466,-0.38,-0.42,9.65,0.53,-0.01,-0.02,0.85,0.17,2.20,116.48,23,5,31,0,35.2941600,136.2544717,93.50, 0.01
1331534,0.11,0.55,9.31,0.74,0.03,0.02,0.67,-0.85,-3.65,84.57,10.60,0.00,0,2,1000.77,39.35,113.49,1000.78,37.27,112.63,0.24,1000.18,37.17,118.08,-0.05,0.30,105.21,284.94,6464,-0.39,-0.28,9.59,0.53,-0.01,-0.02,0.85,0.17,2.22,116.48,23,5,31,0,35.2941600,136.2544717,93.50, 0.01
1331591,0.04,0.45,9.50,0.74,0.03,0.02,0.67,-0.86,-3.65,84.57,10.60,0.00,0,2,1000.77,39.36,113.47,1000.77,37.28,112.68,0.23,1000.18,37.17,118.01,-0.05,0.30,105.21,284.94,6466,0.30,-0.65,9.59,0.53,-0.01,-0.02,0.85,0.17,2.21,116.49,23,5,31,0,35.2941600,136.2544717,93.50, 0.01
1331644,0.15,0.77,9.91,0.74,0.03,0.02,0.67,-0.86,-3.65,84.57,10.61,0.00,0,2,1000.77,39.36,113.51,1000.77,37.27,112.65,0.23,1000.18,37.17,118.08,-0.05,0.30,105.21,284.94,6464,0.24,-0.51,9.62,0.53,-0.01,-0.02,0.85,0.17,2.21,116.49,23,5,32,0,35.2941600,136.2544683,93.50, 0.09
1331702,0.18,0.69,9.96,0.74,0.03,0.02,0.67,-0.86,-3.65,84.57,10.60,0.00,0,2,1000.77,39.35,113.48,1000.77,37.26,112.68,0.24,1000.18,37.15,118.07,-0.05,0.30,105.21,284.94,6466,0.00,-0.28,9.62,0.53,-0.01,-0.02,0.85,0.17,2.21,116.49,23,5,32,0,35.2941600,136.2544683,93.50, 0.09
1331758,0.18,0.65,9.56,0.74,0.03,0.02,0.67,-0.86,-3.65,84.57,10.60,0.00,0,2,1000.77,39.36,113.47,1000.77,37.27,112.68,0.24,1000.18,37.16,118.05,-0.05,0.30,105.21,284.94,6464,0.11,-0.65,9.54,0.53,-0.01,-0.02,0.85,0.18,2.21,116.49,23,5,32,0,35.2941600,136.2544683,93.50, 0.09
1331812,0.25,0.59,9.55,0.74,0.03,0.02,0.67,-0.86,-3.65,84.57,10.60,0.00,0,2,1000.77,39.37,113.47,1000.78,37.29,112.61,0.24,1000.18,37.17,118.08,-0.05,0.30,105.21,284.94,6464,0.06,-0.99,9.66,0.53,-0.01,-0.02,0.85,0.17,2.22,116.50,23,5,32,0,35.2941600,136.2544683,93.50, 0.09
1331869,0.28,0.56,10.00,0.74,0.03,0.02,0.67,-0.86,-3.65,84.57,10.60,0.00,0,2,1000.76,39.35,113.58,1000.78,37.27,112.72,0.26,1000.18,37.16,118.05,-0.07,0.34,105.21,284.94,6464,0.01,-0.73,9.59,0.53,-0.01,-0.02,0.85,0.18,2.21,116.49,23,5,32,0,35.2941600,136.2544683,93.50, 0.09
1331921,0.07,0.39,9.48,0.74,0.03,0.02,0.67,-0.84,-3.63,84.57,10.60,0.00,0,2,1000.77,39.35,113.47,1000.77,37.27,112.70,0.35,1000.18,37.17,118.03,-0.05,0.30,105.21,284.94,6465,-0.09,-0.16,9.69,0.53,-0.01,-0.02,0.85,0.17,2.20,116.50,23,5,32,0,35.2941600,136.2544683,93.50, 0.09
1331974,0.26,0.74,9.92,0.74,0.03,0.02,0.67,-0.84,-3.63,84.57,10.62,0.00,0,2,1000.77,39.38,113.51,1000.77,37.27,112.74,0.35,1000.18,37.15,118.07,-0.05,0.30,105.12,284.94,6466,0.06,-1.05,9.43,0.53,-0.01,-0.02,0.85,0.17,2.23,116.50,23,5,32,0,35.2941600,136.2544683,93.50, 0.09
1332032,0.22,0.64,9.93,0.74,0.03,0.02,0.67,-0.84,-3.62,84.57,10.60,0.00,0,2,1000.77,39.37,113.50,1000.77,37.26,112.71,0.35,1000.19,37.17,117.99,-0.05,0.30,105.29,284.94,6466,-0.09,-1.07,9.25,0.53,-0.01,-0.02,0.85,0.17,2.23,116.50,23,5,32,0,35.2941600,136.2544683,93.50, 0.09
1332088,0.16,0.69,9.68,0.74,0.03,0.02,0.67,-0.84,-3.62,84.57,10.61,0.00,0,2,1000.77,39.38,113.47,1000.77,37.27,112.68,0.35,1000.18,37.16,118.05,-0.03,0.24,105.21,284.94,6466,0.12,-0.94,9.54,0.53,-0.01,-0.02,0.85,0.17,2.22,116.50,23,5,33,0,35.2941600,136.2544700,93.50, 0.09
1332140,0.11,0.63,9.55,0.74,0.03,0.02,0.67,-0.84,-3.62,84.57,10.60,0.00,0,2,1000.77,39.38,113.46,1000.77,37.27,112.72,0.35,1000.18,37.15,118.07,-0.07,0.34,105.21,284.94,6465,0.10,0.03,9.60,0.53,-0.01,-0.02,0.85,0.18,2.23,116.50,23,5,33,0,35.2941600,136.2544700,93.50, 0.09
1332197,0.16,0.57,9.80,0.74,0.03,0.02,0.67,-0.84,-3.62,84.57,10.61,0.00,0,2,1000.77,39.37,113.47,1000.78,37.27,112.67,0.35,1000.18,37.16,118.07,-0.05,0.30,105.21,284.94,6466,0.03,-0.93,9.44,0.53,-0.01,-0.02,0.85,0.17,2.24,116.50,23,5,33,0,35.2941600,136.2544700,93.50, 0.09
1332252,0.16,0.65,9.75,0.74,0.03,0.02,0.67,-0.84,-3.62,84.57,10.60,0.00,0,2,1000.77,39.38,113.49,1000.77,37.28,112.68,0.35,1000.18,37.15,118.06,-0.05,0.30,105.21,284.94,6464,0.29,-0.91,9.41,0.53,-0.01,-0.02,0.85,0.17,2.24,116.50,23,5,33,0,35.2941600,136.2544700,93.50, 0.09
1332309,0.16,0.57,9.72,0.74,0.03,0.02,0.67,-0.84,-3.62,84.57,10.60,0.00,0,2,1000.77,39.37,113.47,1000.77,37.27,112.68,0.35,1000.18,37.17,118.06,-0.05,0.30,105.29,284.94,6465,0.30,0.40,9.77,0.53,-0.01,-0.02,0.85,0.17,2.22,116.50,23,5,33,0,35.2941600,136.2544700,93.50, 0.09
1332360,0.02,0.73,9.56,0.74,0.03,0.02,0.67,-0.84,-3.62,84.57,10.61,0.00,0,2,1000.77,39.39,113.49,1000.77,37.27,112.72,0.35,1000.18,37.15,118.07,-0.05,0.30,105.21,284.94,6465,0.17,-0.20,9.65,0.53,-0.01,-0.02,0.85,0.17,2.24,116.50,23,5,33,0,35.2941600,136.2544700,93.50, 0.09
1332419,0.19,0.74,10.10,0.74,0.03,0.02,0.67,-0.84,-3.62,84.57,10.60,0.00,0,2,1000.77,39.39,113.45,1000.77,37.29,112.70,0.35,1000.18,37.15,118.07,-0.05,0.30,105.21,284.94,6465,0.20,-0.42,9.52,0.53,-0.01,-0.02,0.85,0.17,2.25,116.50,23,5,33,0,35.2941600,136.2544700,93.50, 0.09
1332472,0.34,0.73,10.20,0.74,0.03,0.02,0.67,-0.83,-3.60,84.57,10.60,0.00,0,2,1000.77,39.38,113.51,1000.77,37.27,112.68,0.35,1000.18,37.16,118.07,-0.05,0.30,105.21,284.94,6465,-0.35,-0.03,9.59,0.53,-0.01,-0.02,0.85,0.17,2.23,116.50,23,5,33,0,35.2941600,136.2544700,93.50, 0.09
1332529,0.09,0.49,9.60,0.74,0.03,0.02,0.67,-0.82,-3.61,84.57,10.60,0.00,0,2,1000.77,39.36,113.47,1000.78,37.28,112.64,0.35,1000.18,37.16,118.05,-0.05,0.30,105.12,284.94,6466,-0.07,-1.24,9.29,0.53,-0.01,-0.02,0.85,0.17,2.25,116.50,23,5,33,0,35.2941600,136.2544700,93.50, 0.09
1332580,0.02,0.66,9.72,0.74,0.03,0.02,0.67,-0.82,-3.61,84.57,10.60,0.00,0,2,1000.77,39.35,113.51,1000.78,37.29,112.68,0.35,1000.18,37.16,118.08,-0.07,0.34,105.12,284.94,6464,-0.12,-1.41,9.25,0.53,-0.01,-0.02,0.85,0.17,2.26,116.50,23,5,33,0,35.2941600,136.2544700,93.50, 0.09
1332637,0.07,0.64,9.63,0.74,0.03,0.02,0.67,-0.82,-3.61,84.57,10.60,0.00,0,2,1000.77,39.36,113.51,1000.78,37.29,112.68,0.35,1000.18,37.17,118.08,-0.05,0.30,105.12,284.94,6464,0.25,-1.01,9.51,0.53,-0.01,-0.02,0.85,0.17,2.23,116.50,23,5,33,0,35.2941600,136.2544700,93.50, 0.32
1332689,0.22,0.71,9.53,0.74,0.03,0.02,0.67,-0.82,-3.60,84.57,10.60,0.00,0,2,1000.77,39.36,113.49,1000.78,37.29,112.67,0.35,1000.18,37.17,118.06,-0.07,0.34,105.12,284.94,6465,-0.02,-1.37,9.43,0.53,-0.01,-0.02,0.85,0.17,2.22,116.50,23,5,33,0,35.2941600,136.2544700,93.50, 0.32
1332743,0.14,0.76,9.88,0.74,0.03,0.02,0.67,-0.82,-3.60,84.57,10.60,0.00,0,2,1000.77,39.37,113.50,1000.77,37.28,112.70,0.35,1000.18,37.17,118.08,-0.05,0.30,105.03,284.94,6465,-0.01,1.04,9.87,0.53,-0.01,-0.02,0.85,0.17,2.20,116.50,23,5,33,0,35.2941600,136.2544700,93.50, 0.32
1332799,0.10,0.62,9.69,0.74,0.03,0.02,0.67,-0.82,-3.60,84.57,10.61,0.00,0,2,1000.77,39.37,113.50,1000.77,37.29,112.69,0.35,1000.18,37.17,118.08,-0.05,0.30,105.12,284.94,6466,0.10,-1.66,9.23,0.53,-0.01,-0.02,0.85,0.18,2.25,116.50,23,5,33,0,35.2941600,136.2544700,93.50, 0.32
1332855,0.23,0.76,9.77,0.74,0.03,0.02,0.67,-0.82,-3.60,84.57,10.60,0.00,0,2,1000.77,39.35,113.44,1000.78,37.29,112.64,0.35,1000.18,37.15,118.05,-0.05,0.30,105.21,284.94,6466,-0.14,-1.66,9.33,0.53,-0.01,-0.02,0.85,0.17,2.26,116.50,23,5,34,0,35.2941617,136.2544717,93.50, 0.32
1332909,0.23,0.58,10.07,0.74,0.03,0.02,0.67,-0.81,-3.60,84.57,10.60,0.00,0,2,1000.77,39.36,113.51,1000.78,37.29,112.66,0.35,1000.18,37.17,118.05,-0.05,0.30,105.12,284.94,6466,-0.04,-0.05,9.57,0.53,-0.01,-0.02,0.85,0.17,2.21,116.50,23,5,34,0,35.2941617,136.2544717,93.50, 0.32
1332965,0.17,0.52,9.29,0.74,0.03,0.02,0.67,-0.80,-3.58,84.57,10.60,0.00,0,2,1000.76,39.36,113.53,1000.78,37.29,112.67,0.35,1000.17,37.15,118.12,-0.05,0.30,105.21,284.94,6466,0.03,-0.55,9.29,0.53,-0.01,-0.02,0.85,0.17,2.23,116.51,23,5,34,0,35.2941617,136.2544717,93.50, 0.32
1333020,0.05,0.64,9.49,0.74,0.03,0.02,0.67,-0.80,-3.58,84.57,10.60,0.00,0,2,1000.77,39.36,113.47,1000.78,37.30,112.68,0.40,1000.18,37.18,118.06,-0.05,0.30,105.12,284.94,6465,0.11,-1.15,9.36,0.53,-0.01,-0.02,0.85,0.17,2.25,116.51,23,5,34,0,35.2941617,136.2544717,93.50, 0.32
1333077,0.09,0.70,9.80,0.74,0.03,0.02,0.67,-0.80,-3.58,84.57,10.60,0.00,0,2,1000.77,39.36,113.52,1000.77,37.29,112.69,0.35,1000.18,37.17,118.06,-0.03,0.24,105.21,284.94,6466,-0.06,-1.06,9.15,0.53,-0.01,-0.02,0.85,0.17,2.25,116.51,23,5,34,0,35.2941617,136.2544717,93.50, 0.32
1333135,-0.10,0.72,9.61,0.74,0.03,0.02,0.67,-0.80,-3.57,84.57,10.60,0.00,0,2,1000.77,39.36,113.49,1000.78,37.30,112.67,0.35,1000.18,37.18,118.07,-0.05,0.30,105.12,284.94,6465,0.00,-0.01,9.83,0.53,-0.01,-0.02,0.85,0.17,2.22,116.51,23,5,34,0,35.2941617,136.2544717,93.50, 0.32
1333187,0.11,0.61,9.88,0.74,0.03,0.02,0.67,-0.80,-3.57,84.57,10.61,0.00,0,2,1000.77,39.37,113.46,1000.77,37.30,112.73,0.35,1000.18,37.17,118.06,-0.05,0.30,105.12,284.94,6466,0.09,0.34,9.59,0.53,-0.01,-0.02,0.85,0.17,2.24,116.51,23,5,34,0,35.2941617,136.2544717,93.50, 0.32
1333244,0.28,0.83,9.95,0.74,0.03,0.02,0.67,-0.80,-3.57,84.57,10.60,0.00,0,2,1000.77,39.38,113.49,1000.78,37.29,112.67,0.35,1000.17,37.18,118.11,-0.05,0.30,105.12,284.94,6464,-0.07,-1.14,9.42,0.53,-0.01,-0.02,0.85,0.17,2.25,116.51,23,5,34,0,35.2941617,136.2544717,93.50, 0.32
1333299,0.26,0.62,9.86,0.74,0.03,0.02,0.67,-0.81,-3.57,84.57,10.60,0.00,0,2,1000.77,39.37,113.48,1000.78,37.30,112.67,0.35,1000.18,37.16,118.03,-0.05,0.30,105.12,284.94,6465,-0.11,0.06,9.85,0.53,-0.01,-0.02,0.85,0.17,2.21,116.51,23,5,34,0,35.2941617,136.2544717,93.50, 0.32
1333355,0.08,0.60,9.66,0.74,0.03,0.02,0.67,-0.81,-3.57,84.57,10.60,0.00,0,2,1000.77,39.37,113.50,1000.78,37.30,112.67,0.37,1000.17,37.15,118.10,-0.05,0.30,105.12,284.94,6466,0.02,0.57,9.86,0.53,-0.01,-0.02,0.85,0.17,2.21,116.51,23,5,34,0,35.2941617,136.2544717,93.50, 0.32
1333407,0.07,0.55,9.54,0.74,0.03,0.02,0.67,-0.81,-3.57,84.57,10.60,0.00,0,2,1000.77,39.37,113.50,1000.77,37.29,112.70,0.35,1000.18,37.18,118.07,-0.05,0.30,105.12,284.94,6465,0.07,-0.69,9.38,0.53,-0.01,-0.02,0.85,0.17,2.24,116.51,23,5,34,0,35.2941617,136.2544717,93.50, 0.32
1333465,0.20,0.72,9.83,0.74,0.03,0.02,0.67,-0.81,-3.57,84.57,10.61,0.00,0,2,1000.77,39.35,113.50,1000.77,37.29,112.73,0.35,1000.18,37.17,118.06,-0.07,0.34,105.12,284.94,6465,0.12,-0.84,9.49,0.53,-0.01,-0.02,0.85,0.17,2.26,116.51,23,5,34,0,35.2941617,136.2544717,93.50, 0.32
1333518,0.11,0.56,9.70,0.74,0.03,0.02,0.67,-0.81,-3.57,84.57,10.61,0.00,0,2,1000.77,39.36,113.49,1000.78,37.31,112.68,0.35,1000.18,37.17,118.03,-0.05,0.30,105.21,284.94,6465,0.16,0.18,9.74,0.53,-0.01,-0.02,0.85,0.17,2.22,116.51,23,5,34,0,35.2941617,136.2544717,93.50, 0.32
1333571,0.13,0.63,9.72,0.74,0.03,0.02,0.67,-0.81,-3.57,84.57,10.61,0.00,0,2,1000.77,39.35,113.50,1000.77,37.30,112.70,0.35,1000.18,37.18,118.09,-0.05,0.30,105.12,284.94,6465,0.29,0.61,10.06,0.53,-0.01,-0.02,0.85,0.17,2.22,116.51,23,5,34,0,35.2941617,136.2544717,93.50, 0.28
1333627,0.16,0.58,10.39,0.74,0.03,0.02,0.67,-0.80,-3.58,84.57,10.61,0.00,0,2,1000.77,39.35,113.48,1000.78,37.30,112.67,0.35,1000.17,37.15,118.11,-0.05,0.30,105.03,284.94,6466,-0.11,0.55,9.84,0.53,-0.01,-0.02,0.85,0.17,2.21,116.51,23,5,34,0,35.2941617,136.2544717,93.50, 0.28
1333683,-0.31,-0.23,10.41,0.74,0.03,0.02,0.67,-0.69,-3.39,84.58,10.62,0.00,0,2,1000.76,39.34,113.53,1000.77,37.31,112.72,0.35,1000.17,37.15,118.09,-0.07,0.34,105.12,284.94,6465,-0.06,-1.42,9.13,0.53,-0.01,-0.02,0.85,0.18,2.25,116.51,23,5,34,0,35.2941617,136.2544717,93.50, 0.28
1333737,0.04,0.54,9.57,0.74,0.03,0.02,0.67,-0.75,-3.48,84.57,10.61,0.00,0,2,1000.77,39.35,113.51,1000.77,37.29,112.69,0.35,1000.18,37.17,118.06,-0.05,0.30,105.21,284.94,6465,0.28,-0.30,9.61,0.53,-0.01,-0.02,0.85,0.17,2.23,116.51,23,5,34,0,35.2941617,136.2544717,93.50, 0.28
1333795,0.08,0.56,9.47,0.74,0.03,0.02,0.67,-0.76,-3.50,84.57,10.63,0.00,0,2,1000.76,39.33,113.56,1000.77,37.29,112.76,0.35,1000.17,37.15,118.14,-0.07,0.34,105.03,284.94,6466,0.07,1.34,10.01,0.53,-0.01,-0.02,0.85,0.17,2.22,116.51,23,5,34,0,35.2941617,136.2544717,93.50, 0.28
1333846,0.24,0.67,9.65,0.74,0.03,0.02,0.67,-0.78,-3.53,84.57,10.61,0.00,0,2,1000.76,39.34,113.52,1000.77,37.30,112.72,0.35,1000.18,37.17,118.08,-0.07,0.34,105.03,284.94,6465,0.05,-1.84,9.09,0.53,-0.01,-0.02,0.85,0.17,2.29,116.51,23,5,34,0,35.2941617,136.2544717,93.50, 0.28
1333903,0.10,0.67,9.98,0.74,0.03,0.02,0.67,-0.78,-3.53,84.57,10.62,0.00,0,2,1000.77,39.34,113.49,1000.77,37.31,112.71,0.35,1000.17,37.16,118.10,-0.05,0.30,105.12,284.94,6464,-0.02,-1.40,9.30,0.53,-0.01,-0.02,0.85,0.17,2.29,116.51,23,5,34,0,35.2941617,136.2544717,93.50, 0.28
1333956,0.14,0.59,9.78,0.74,0.03,0.02,0.67,-0.78,-3.53,84.57,10.60,0.00,0,2,1000.77,39.33,113.46,1000.78,37.30,112.75,0.35,1000.18,37.18,118.04,-0.07,0.34,105.12,284.94,6466,-0.04,0.69,9.99,0.53,-0.01,-0.02,0.85,0.17,2.25,116.51,23,5,35,0,35.2941617,136.2544733,93.40, 0.28
1334013,0.12,0.43,9.82,0.74,0.03,0.02,0.67,-0.78,-3.53,84.57,10.60,0.00,0,2,1000.77,39.34,113.46,1000.78,37.30,112.64,0.35,1000.18,37.17,118.08,-0.05,0.30,105.12,284.94,6465,0.37,1.07,10.10,0.53,-0.01,-0.02,0.85,0.17,2.24,116.51,23,5,35,0,35.2941617,136.2544733,93.40, 0.28
1334066,0.02,0.50,9.35,0.74,0.03,0.02,0.67,-0.77,-3.52,84.57,10.60,0.00,0,2,1000.77,39.33,113.49,1000.77,37.31,112.73,0.35,1000.17,37.18,118.11,-0.07,0.34,105.03,284.94,6464,0.04,-1.90,8.97,0.53,-0.01,-0.02,0.85,0.17,2.26,116.51,23,5,35,0,35.2941617,136.2544733,93.40, 0.28
1334119,0.06,0.54,9.54,0.74,0.03,0.02,0.67,-0.77,-3.52,84.57,10.60,0.00,0,2,1000.77,39.32,113.50,1000.77,37.29,112.73,0.35,1000.18,37.17,118.04,-0.07,0.34,105.12,284.94,6465,0.09,-1.32,9.30,0.53,-0.01,-0.02,0.85,0.17,2.25,116.51,23,5,35,0,35.2941617,136.2544733,93.40, 0.28
1334175,0.16,0.75,9.68,0.74,0.03,0.02,0.67,-0.76,-3.52,84.57,10.60,0.00,0,2,1000.76,39.32,113.51,1000.77,37.30,112.68,0.35,1000.17,37.16,118.10,-0.05,0.30,105.03,284.94,6464,-0.10,1.33,9.86,0.53,-0.01,-0.02,0.85,0.17,2.22,116.51,23,5,35,0,35.2941617,136.2544733,93.40, 0.28
1334231,0.13,0.78,9.57,0.74,0.03,0.02,0.67,-0.78,-3.54,84.57,10.59,0.00,0,2,1000.77,39.33,113.48,1000.77,37.29,112.71,0.35,1000.17,37.16,118.10,-0.05,0.30,105.03,284.94,6466,-0.08,0.73,10.05,0.53,-0.01,-0.02,0.85,0.17,2.23,116.51,23,5,35,0,35.2941617,136.2544733,93.40, 0.28
1334286,0.15,0.54,9.63,0.74,0.03,0.02,0.67,-0.76,-3.51,84.57,10.60,0.00,0,2,1000.77,39.32,113.48,1000.78,37.30,112.67,0.35,1000.18,37.16,118.08,-0.05,0.30,105.12,284.94,6466,0.00,-1.25,9.34,0.53,-0.01,-0.02,0.85,0.17,2.27,116.51,23,5,35,0,35.2941617,136.2544733,93.40, 0.28
1334337,0.01,0.66,9.96,0.74,0.03,0.02,0.67,-0.76,-3.53,84.57,10.60,0.00,0,2,1000.76,39.32,113.51,1000.77,37.28,112.73,0.39,1000.17,37.16,118.10,-0.05,0.30,105.21,284.94,6465,-0.24,-0.33,9.76,0.53,-0.01,-0.02,0.85,0.17,2.27,116.51,23,5,35,0,35.2941617,136.2544733,93.40, 0.28
1334395,0.05,0.73,10.00,0.74,0.03,0.02,0.67,-0.76,-3.53,84.57,10.60,0.00,0,2,1000.77,39.32,113.50,1000.77,37.30,112.72,0.35,1000.18,37.15,118.07,-0.05,0.30,105.03,284.94,6466,0.21,1.12,9.97,0.53,-0.01,-0.02,0.85,0.17,2.24,116.51,23,5,35,0,35.2941617,136.2544733,93.40, 0.28
1334451,0.07,0.53,9.54,0.74,0.03,0.02,0.67,-0.76,-3.53,84.57,10.61,0.00,0,2,1000.77,39.31,113.49,1000.77,37.31,112.66,0.35,1000.17,37.18,118.11,-0.05,0.30,105.03,284.94,6465,-0.11,0.42,9.92,0.53,-0.01,-0.02,0.85,0.17,2.22,116.51,23,5,35,0,35.2941617,136.2544733,93.40, 0.28
1334505,0.37,0.61,10.09,0.74,0.03,0.02,0.67,-0.75,-3.54,84.57,10.60,0.00,0,2,1000.76,39.31,113.51,1000.77,37.30,112.72,0.35,1000.18,37.17,118.08,-0.05,0.30,105.12,284.94,6465,0.08,-0.38,9.59,0.53,-0.01,-0.02,0.85,0.17,2.27,116.51,23,5,35,0,35.2941617,136.2544733,93.40, 0.28
1334562,0.21,0.60,9.88,0.74,0.03,0.02,0.67,-0.74,-3.53,84.57,10.59,0.00,0,2,1000.77,39.30,113.49,1000.78,37.29,112.67,0.35,1000.19,37.18,118.00,-0.05,0.30,105.21,284.94,6466,-0.15,0.95,10.03,0.53,-0.01,-0.02,0.85,0.17,2.27,116.51,23,5,35,0,35.2941617,136.2544733,93.40, 0.28
1334614,0.23,0.66,9.65,0.74,0.03,0.02,0.67,-0.77,-3.58,84.57,10.60,0.00,0,2,1000.77,39.31,113.47,1000.77,37.29,112.74,0.35,1000.17,37.17,118.11,-0.03,0.24,105.03,284.94,6465,-0.13,1.14,10.08,0.53,-0.01,-0.02,0.85,0.17,2.24,116.51,23,5,35,0,35.2941617,136.2544733,93.40, 0.28
1334667,0.14,0.61,9.91,0.74,0.03,0.02,0.67,-0.77,-3.55,84.57,10.60,0.00,0,2,1000.77,39.31,113.49,1000.77,37.30,112.73,0.35,1000.18,37.18,118.07,-0.07,0.34,105.12,284.94,6466,-0.20,0.40,9.75,0.53,-0.01,-0.02,0.85,0.17,2.26,116.51,23,5,35,0,35.2941617,136.2544733,93.40, 0.19
1334723,0.20,0.68,10.06,0.74,0.03,0.02,0.67,-0.82,-3.58,84.57,10.59,0.00,0,2,1000.77,39.31,113.47,1000.78,37.32,112.70,0.35,1000.18,37.17,118.02,-0.07,0.34,105.12,284.94,6466,0.13,-0.33,9.59,0.53,-0.01,-0.02,0.85,0.17,2.30,116.51,23,5,35,0,35.2941617,136.2544733,93.40, 0.19
1334776,0.09,0.69,9.79,0.74,0.03,0.02,0.67,-0.92,-3.64,84.56,10.59,0.00,0,2,1000.77,39.31,113.47,1000.77,37.31,112.70,0.34,1000.18,37.17,118.06,-0.05,0.30,105.21,284.94,6466,0.18,0.39,9.96,0.53,-0.01,-0.02,0.85,0.17,2.29,116.51,23,5,35,0,35.2941617,136.2544733,93.40, 0.19
1334833,0.14,0.48,9.72,0.74,0.03,0.01,0.67,-1.00,-3.63,84.55,10.59,0.00,0,2,1000.77,39.30,113.48,1000.77,37.30,112.70,0.36,1000.17,37.16,118.12,-0.05,0.30,105.03,284.94,6465,-0.10,1.14,10.10,0.53,-0.01,-0.02,0.85,0.17,2.26,116.51,23,5,35,0,35.2941617,136.2544733,93.40, 0.19
1334889,0.27,-0.20,8.79,0.74,0.03,0.01,0.67,-1.14,-3.50,84.60,10.60,0.00,0,2,1000.77,39.31,113.49,1000.77,37.31,112.70,0.35,1000.18,37.16,118.07,-0.05,0.30,105.03,284.94,6465,-0.06,0.20,9.73,0.53,-0.01,-0.02,0.85,0.17,2.27,116.52,23,5,36,0,35.2941667,136.2544717,93.40, 0.19
1334943,0.22,0.73,9.88,0.74,0.03,0.01,0.67,-1.17,-3.46,84.60,10.60,0.00,0,2,1000.76,39.30,113.51,1000.78,37.32,112.70,0.35,1000.18,37.18,118.06,-0.05,0.30,105.12,284.94,6466,-0.27,-0.24,9.88,0.53,-0.01,-0.02,0.85,0.17,2.30,116.54,23,5,36,0,35.2941667,136.2544717,93.40, 0.19
1335000,-0.20,0.08,9.42,0.74,0.03,0.01,0.67,-1.15,-3.50,84.58,10.59,0.00,0,2,1000.77,39.32,113.47,1000.78,37.29,112.69,0.35,1000.18,37.18,118.02,-0.07,0.34,105.21,284.94,6464,-0.21,1.01,10.09,0.53,-0.01,-0.02,0.85,0.17,2.24,116.55,