time_ms, data_main_bno_accx_mss, data_main_bno_accy_mss, data_main_bno_accz_mss, data_main_bno_qw, data_main_bno_qx, data_main_bno_qy, data_main_bno_qz, data_main_bno_roll, data_main_bno_pitch,data_main_bno_yaw, estimated_altitude_lake_m, altitude_dps_urm_offset_m.get(), flight_phase, speed_level, data_main_dps_pressure_hPa, data_main_dps_temperature_deg, data_main_dps_altitude_m, data_under_dps_pressure_hPa, data_under_dps_temperature_deg,data_under_dps_altitude_m, data_under_urm_altitude_m, data_air_dps_pressure_hPa, data_air_dps_temperature_deg, data_air_dps_altitude_m, data_air_sdp_differentialPressure_Pa, data_air_sdp_airspeed_ms, data_air_AoA_angle_deg, data_air_AoS_angle_deg,data_ics_angle, data_air_bno_accx_mss, data_air_bno_accy_mss, data_air_bno_accz_mss, data_air_bno_qw, data_air_bno_qx, data_air_bno_qy, data_air_bno_qz, data_air_bno_roll, data_air_bno_pitch, data_air_bno_yaw,data_main_gps_hour, data_main_gps_minute, data_main_gps_second, data_main_gps_centisecond, data_main_gps_latitude_deg, data_main_gps_longitude_deg, data_main_gps_altitude_m,data_main_gps_groundspeed_ms
6086,-0.14,-0.39,9.60,1.00,-0.02,0.00,0.00,0.51,2.27,-0.01,27.35,0.00,0,2,1002.85,34.89,93.07,0.00,0.00,0.00,0.00,1002.22,32.60,98.02,-0.02,0.17,107.23,300.94,7649,0.65,1.54,9.66,1.00,0.06,-0.04,-0.00,4.79,-7.01,-0.36,23,59,46,86, 0.0000000, 0.0000000, 0.00, 0.00
6139,-0.11,-0.44,9.41,1.00,-0.02,0.01,0.00,0.58,2.36,-0.02,45.89,0.00,0,2,1002.85,34.89,93.10,1002.84,31.13,92.01,0.62,1002.22,32.62,98.02,-0.03,0.24,111.27,300.94,7654,0.83,1.16,9.50,1.00,0.06,-0.04,-0.00,4.72,-6.93,-0.40,23,59,46,86, 0.0000000, 0.0000000, 0.00, 0.00
6195,-0.08,-0.43,9.48,1.00,-0.02,0.01,-0.00,0.62,2.39,-0.02,81.18,0.00,0,2,1002.85,34.90,93.08,1002.84,31.12,92.00,0.63,1002.22,32.63,98.03,-0.03,0.24,111.36,300.94,7655,0.75,1.32,9.53,1.00,0.06,-0.04,-0.00,4.72,-6.93,-0.40,23,59,46,86, 0.0000000, 0.0000000, 0.00, 0.00
6246,-0.04,-0.42,9.53,1.00,-0.02,0.01,-0.00,0.66,2.42,-0.02,93.40,0.00,0,2,1002.85,34.90,93.08,1002.85,31.12,91.99,0.63,1002.22,32.60,98.05,-0.03,0.24,110.21,300.94,7656,0.65,1.13,9.48,1.00,0.06,-0.04,-0.00,4.72,-6.92,-0.40,23,59,46,86, 0.0000000, 0.0000000, 0.00, 0.00
6303,-0.11,-0.61,9.45,1.00,-0.02,0.01,-0.00,0.71,2.48,-0.02,89.71,0.00,0,2,1002.85,34.89,93.10,1002.85,31.12,92.00,0.63,1002.22,32.61,98.08,-0.03,0.24,110.30,300.94,7656,0.65,0.79,9.36,1.00,0.06,-0.04,-0.00,4.72,-6.90,-0.40,23,59,47,86, 0.0000000, 0.0000000, 0.00, 0.00
6357,-0.16,-0.48,9.59,1.00,-0.02,0.01,-0.00,0.71,2.49,-0.02,86.03,0.00,0,2,1002.85,34.91,93.10,1002.84,31.11,92.02,0.63,1002.22,32.62,98.04,-0.03,0.24,110.57,300.94,7657,0.81,1.11,9.50,1.00,0.06,-0.04,-0.00,4.72,-6.90,-0.40,23,59,47,86, 0.0000000, 0.0000000, 0.00, 0.00
6415,-0.11,-0.47,9.53,1.00,-0.02,0.01,-0.00,0.71,2.49,-0.02,82.36,0.00,0,2,1002.85,34.90,93.08,1002.85,31.11,91.98,0.62,1002.22,32.62,98.05,-0.03,0.24,110.65,300.94,7656,0.75,1.31,9.53,1.00,0.06,-0.04,-0.00,4.72,-6.90,-0.40,23,59,47,86, 0.0000000, 0.0000000, 0.00, 0.00
6465,-0.11,-0.56,9.54,1.00,-0.02,0.01,-0.00,0.71,2.49,-0.02,80.51,0.00,0,2,1002.85,34.88,93.09,1002.85,31.12,91.99,0.63,1002.22,32.62,98.04,-0.03,0.24,110.65,300.94,7657,0.52,0.84,9.48,1.00,0.06,-0.04,-0.00,4.72,-6.88,-0.40,23,59,47,86, 0.0000000, 0.0000000, 0.00, 0.00
6520,-0.10,-0.43,9.55,1.00,-0.02,0.01,-0.00,0.71,2.49,-0.02,76.81,0.00,0,2,1002.85,34.90,93.09,1002.85,31.12,91.93,0.64,1002.23,32.61,97.99,-0.03,0.24,110.74,300.94,7656,0.66,0.60,9.36,1.00,0.06,-0.04,-0.00,4.72,-6.85,-0.40,23,59,47,86, 0.0000000, 0.0000000, 0.00, 0.00
6575,-0.14,-0.47,9.50,1.00,-0.02,0.01,-0.00,0.71,2.49,-0.02,73.12,0.00,0,2,1002.85,34.88,93.10,1002.85,31.11,91.94,0.63,1002.22,32.61,98.02,-0.03,0.24,110.92,300.85,7657,0.82,1.74,9.63,1.00,0.06,-0.04,-0.00,4.72,-6.86,-0.40,23,59,47,86, 0.0000000, 0.0000000, 0.00, 0.00
6627,-0.08,-0.48,9.55,1.00,-0.02,0.01,-0.00,0.71,2.49,-0.02,69.44,0.00,0,2,1002.85,34.90,93.08,1002.85,31.11,91.97,0.64,1002.23,32.61,97.98,-0.02,0.17,110.92,300.85,7657,0.73,1.22,9.52,1.00,0.06,-0.04,-0.00,4.72,-6.83,-0.40,23,59,47,86, 0.0000000, 0.0000000, 0.00, 0.00
6684,-0.04,-0.50,9.44,1.00,-0.02,0.01,-0.00,0.71,2.49,-0.02,65.78,0.00,0,2,1002.85,34.89,93.11,1002.84,31.10,92.02,0.63,1002.22,32.62,98.01,-0.03,0.24,110.74,300.85,7656,0.76,1.04,9.39,1.00,0.06,-0.04,-0.00,4.72,-6.80,-0.40,23,59,47,86, 0.0000000, 0.0000000, 0.00, 0.00
6737,-0.06,-0.47,9.56,1.00,-0.02,0.01,-0.00,0.71,2.49,-0.02,63.94,0.00,0,2,1002.85,34.89,93.11,1002.85,31.11,91.97,0.63,1002.23,32.63,97.99,-0.03,0.24,111.01,300.85,7657,1.10,0.95,9.13,1.00,0.06,-0.04,-0.00,4.72,-6.78,-0.40,23,59,47,86, 0.0000000, 0.0000000, 0.00, 0.00
6794,-0.11,-0.64,10.09,1.00,-0.02,0.01,-0.00,0.70,2.51,-0.02,60.27,0.00,0,2,1002.86,34.90,93.04,1002.85,31.11,91.99,0.64,1002.22,32.62,98.01,-0.02,0.17,111.09,300.85,7657,0.76,0.32,9.42,1.00,0.06,-0.04,-0.00,4.71,-6.81,-0.40,23,59,47,86, 0.0000000, 0.0000000, 0.00, 0.00
6846,-0.11,-0.49,9.25,1.00,-0.02,0.01,-0.00,0.71,2.53,-0.02,56.58,0.00,0,2,1002.85,34.90,93.06,1002.85,31.10,91.96,0.64,1002.22,32.63,98.00,-0.05,0.29,111.09,300.85,7657,0.67,-0.90,8.76,1.00,0.06,-0.04,-0.00,4.70,-6.74,-0.40,23,59,47,86, 0.0000000, 0.0000000, 0.00, 0.00
6903,-0.07,-0.48,9.70,1.00,-0.02,0.01,-0.00,0.71,2.54,-0.02,52.90,0.00,0,2,1002.85,34.89,93.08,1002.85,31.11,91.94,0.64,1002.22,32.62,98.03,-0.03,0.24,110.74,300.85,7657,0.91,0.12,9.16,1.00,0.06,-0.04,-0.00,4.70,-6.78,-0.42,23,59,47,86, 0.0000000, 0.0000000, 0.00, 0.00
6956,-0.08,-0.53,9.60,1.00,-0.02,0.01,-0.00,0.71,2.54,-0.02,51.05,0.00,0,2,1002.85,34.90,93.09,1002.85,31.10,91.96,0.65,1002.22,32.62,98.00,-0.02,0.17,110.57,300.85,7656,0.69,0.71,9.40,1.00,0.06,-0.04,-0.00,4.70,-6.81,-0.41,23,59,47,86, 0.0000000, 0.0000000, 0.00, 0.00
7013,-0.06,-0.45,9.43,1.00,-0.02,0.01,-0.00,0.71,2.54,-0.02,47.37,0.00,0,2,1002.85,34.89,93.11,1002.85,31.10,91.96,0.64,1002.22,32.62,98.01,-0.03,0.24,110.48,300.85,7657,0.38,0.27,9.21,1.00,0.06,-0.04,-0.00,4.70,-6.80,-0.41,23,59,47,86, 0.0000000, 0.0000000, 0.00, 0.00
7066,-0.11,-0.47,9.56,1.00,-0.02,0.01,-0.00,0.71,2.54,-0.02,43.70,0.00,0,2,1002.85,34.90,93.09,1002.85,31.10,91.98,0.64,1002.23,32.62,97.97,-0.03,0.24,110.48,300.76,7656,0.49,0.60,9.42,1.00,0.06,-0.04,-0.00,4.70,-6.81,-0.41,23,59,47,86, 0.0000000, 0.0000000, 0.00, 0.00
7124,-0.13,-0.50,9.48,1.00,-0.02,0.01,-0.00,0.71,2.54,-0.02,40.02,0.00,0,2,1002.85,34.91,93.06,1002.85,31.10,91.96,0.64,1002.22,32.62,98.01,-0.03,0.24,110.04,300.85,7656,0.50,0.46,9.27,1.00,0.06,-0.04,-0.00,4.69,-6.80,-0.43,23,59,47,86, 0.0000000, 0.0000000, 0.00, 0.00
7177,-0.16,-0.37,9.55,1.00,-0.02,0.01,-0.00,0.66,2.50,-0.02,38.18,0.00,0,2,1002.85,34.89,93.08,1002.85,31.11,91.98,0.64,1002.22,32.62,98.01,-0.03,0.24,109.86,300.76,7654,0.75,1.13,9.44,1.00,0.06,-0.04,-0.00,4.69,-6.82,-0.43,23,59,47,86, 0.0000000, 0.0000000, 0.00, 0.00
7234,-0.05,-0.35,9.57,1.00,-0.02,0.01,0.00,0.62,2.45,-0.01,34.51,0.00,0,2,1002.86,34.91,93.05,1002.85,31.10,91.99,0.64,1002.22,32.62,98.05,-0.02,0.17,109.95,300.76,7651,0.90,1.44,9.52,1.00,0.06,-0.04,-0.00,4.69,-6.83,-0.43,23,59,47,86, 0.0000000, 0.0000000, 0.00, 0.00
7287,-0.05,-0.34,9.66,1.00,-0.02,0.00,0.00,0.55,2.38,-0.01,30.84,0.00,0,2,1002.85,34.90,93.09,1002.85,31.10,91.98,0.65,1002.22,32.62,98.06,-0.03,0.24,109.95,300.76,7649,0.76,1.01,9.43,1.00,0.06,-0.04,-0.00,4.69,-6.80,-0.43,23,59,47,86, 0.0000000, 0.0000000, 0.00, 0.00
7344,-0.11,-0.31,9.38,1.00,-0.02,0.00,0.00,0.52,2.32,-0.01,27.16,0.00,0,2,1002.85,34.89,93.08,1002.85,31.12,91.98,0.64,1002.22,32.63,98.07,-0.05,0.29,110.30,300.76,7648,0.78,0.62,9.33,1.00,0.06,-0.04,-0.00,4.69,-6.78,-0.43,23,59,47,86, 0.0000000, 0.0000000, 0.00, 0.00
7396,-0.07,-0.37,9.52,1.00,-0.02,0.00,0.00,0.51,2.31,-0.01,23.48,0.00,0,2,1002.85,34.91,93.10,1002.85,31.11,91.95,0.65,1002.22,32.62,98.08,-0.03,0.24,111.09,300.76,7641,0.70,1.76,9.66,1.00,0.06,-0.04,-0.00,4.69,-6.78,-0.43,23,59,47,86, 0.0000000, 0.0000000, 0.00, 0.00
7454,-0.07,-0.31,9.40,1.00,-0.02,0.00,0.00,0.51,2.31,-0.01,21.63,0.00,0,2,1002.85,34.91,93.09,1002.85,31.10,91.95,0.65,1002.22,32.62,98.06,-0.03,0.24,111.09,300.76,7640,0.72,1.15,9.45,1.00,0.06,-0.04,-0.00,4.69,-6.78,-0.43,23,59,47,86, 0.0000000, 0.0000000, 0.00, 0.00
7512,-0.01,-0.19,9.56,1.00,-0.02,0.00,0.00,0.51,2.31,-0.01,17.94,0.00,0,2,1002.85,34.91,93.08,1002.85,31.10,91.97,0.64,1002.22,32.64,98.05,-0.02,0.17,110.57,300.76,7637,0.71,1.07,9.50,1.00,0.06,-0.04,-0.00,4.69,-6.77,-0.43,23,59,47,86, 0.0000000, 0.0000000, 0.00, 0.00
7565,-0.02,-0.22,9.50,1.00,-0.02,0.00,0.00,0.51,2.30,-0.01,14.27,0.00,0,2,1002.85,34.91,93.06,1002.85,31.11,91.97,0.64,1002.22,32.63,98.02,-0.03,0.24,110.39,300.76,7637,0.64,0.87,9.38,1.00,0.06,-0.04,-0.00,4.69,-6.77,-0.43,23,59,47,86, 0.0000000, 0.0000000, 0.00, 0.00
7622,-0.01,-0.32,9.57,1.00,-0.02,0.00,0.00,0.48,2.27,-0.01,10.59,0.00,0,2,1002.85,34.90,93.07,1002.85,31.11,91.97,0.64,1002.22,32.62,98.08,-0.05,0.29,110.30,300.76,7605,0.85,1.14,9.47,1.00,0.06,-0.04,-0.00,4.69,-6.78,-0.43,23,59,47,86, 0.0000000, 0.0000000, 0.00, 0.00
7674,-0.17,-0.28,9.44,1.00,-0.02,0.00,0.00,0.48,2.27,-0.01,10.61,0.00,0,2,1002.85,34.91,93.06,1002.85,31.10,91.98,0.63,1002.23,32.63,98.00,-0.03,0.24,110.48,300.76,7593,0.76,1.01,9.40,1.00,0.06,-0.04,-0.00,4.69,-6.76,-0.43,23,59,47,86, 0.0000000, 0.0000000, 0.00, 0.00
7728,0.02,-0.19,9.64,1.00,-0.02,0.00,0.00,0.47,2.25,-0.01,10.60,0.00,0,2,1002.85,34.90,93.07,1002.85,31.10,92.01,0.64,1002.22,32.62,98.06,-0.03,0.24,110.48,300.76,7572,0.67,0.88,9.42,1.00,0.06,-0.04,-0.00,4.69,-6.76,-0.43,23,59,47,86, 0.0000000, 0.0000000, 0.00, 0.00
7784,0.00,-0.33,9.56,1.00,-0.02,0.00,0.00,0.50,2.28,-0.01,10.60,0.00,0,2,1002.85,34.90,93.09,1002.85,31.11,91.94,0.63,1002.22,32.63,98.02,-0.05,0.29,111.01,300.67,7570,0.75,1.02,9.44,1.00,0.06,-0.04,-0.00,4.69,-6.75,-0.43,23,59,47,86, 0.0000000, 0.0000000, 0.00, 0.00
7843,-0.02,-0.15,9.71,1.00,-0.02,0.00,0.00,0.48,2.22,-0.01,10.60,0.00,0,2,1002.85,34.89,93.10,1002.85,31.11,91.98,0.64,1002.22,32.63,98.05,-0.03,0.24,110.57,300.59,7570,0.77,1.24,9.50,1.00,0.06,-0.04,-0.00,4.69,-6.76,-0.42,23,59,47,86, 0.0000000, 0.0000000, 0.00, 0.00
7895,-0.05,-0.41,9.59,1.00,-0.02,0.01,0.00,0.57,2.34,-0.01,10.61,0.00,0,2,1002.85,34.91,93.10,1002.85,31.11,91.95,0.64,1002.22,32.63,98.02,-0.02,0.17,110.83,300.59,7571,0.82,1.22,9.49,1.00,0.06,-0.04,-0.00,4.70,-6.77,-0.43,23,59,47,86, 0.0000000, 0.0000000, 0.00, 0.00
7951,-0.03,-0.33,9.65,1.00,-0.02,0.01,-0.00,0.64,2.45,-0.02,10.60,0.00,0,2,1002.85,34.90,93.06,1002.85,31.12,91.93,0.64,1002.22,32.63,98.02,-0.02,0.17,109.51,300.59,7571,0.72,1.12,9.47,1.00,0.06,-0.04,-0.00,4.68,-6.80,-0.43,23,59,47,86, 0.0000000, 0.0000000, 0.00, 0.00
8003,0.00,-0.34,9.49,1.00,-0.02,0.01,-0.00,0.71,2.54,-0.02,10.60,0.00,0,2,1002.85,34.90,93.09,1002.85,31.11,91.95,0.64,1002.22,32.63,98.00,-0.03,0.24,108.90,300.67,7573,0.67,0.93,9.41,1.00,0.06,-0.04,-0.00,4.66,-6.82,-0.43,23,59,47,86, 0.0000000, 0.0000000, 0.00, 0.00
8055,-0.19,-0.46,9.41,1.00,-0.02,0.01,-0.00,0.77,2.62,-0.02,10.59,0.00,0,2,1002.85,34.89,93.10,1002.85,31.11,91.94,0.64,1002.22,32.61,98.04,-0.02,0.17,109.16,300.67,7575,0.73,1.44,9.55,1.00,0.06,-0.04,-0.00,4.66,-6.82,-0.43,23,59,47,86, 0.0000000, 0.0000000, 0.00, 0.00
8113,-0.16,-0.51,9.50,1.00,-0.02,0.01,-0.00,0.78,2.62,-0.03,10.60,0.00,0,2,1002.85,34.89,93.08,1002.85,31.11,91.94,0.64,1002.22,32.62,98.05,-0.03,0.24,108.63,300.67,7582,0.88,1.26,9.47,1.00,0.06,-0.04,-0.00,4.66,-6.82,-0.43,23,59,47,86, 0.0000000, 0.0000000, 0.00, 0.00
8163,-0.09,-0.65,9.46,1.00,-0.02,0.01,-0.00,0.80,2.64,-0.03,10.60,0.00,0,2,1002.85,34.89,93.11,1002.85,31.10,91.94,0.64,1002.22,32.64,98.03,-0.03,0.24,107.58,300.67,7583,0.82,1.15,9.47,1.00,0.06,-0.04,-0.00,4.68,-6.84,-0.43,23,59,47,86, 0.0000000, 0.0000000, 0.00, 0.00
8217,-0.11,-0.48,9.46,1.00,-0.02,0.01,-0.00,0.81,2.64,-0.03,10.60,0.00,0,2,1002.85,34.89,93.11,1002.85,31.12,91.95,0.64,1002.22,32.64,98.04,-0.03,0.24,107.40,300.67,7583,0.67,1.06,9.46,1.00,0.06,-0.04,-0.00,4.68,-6.85,-0.43,23,59,47,86, 0.0000000, 0.0000000, 0.00, 0.00
8273,-0.11,-0.46,9.49,1.00,-0.02,0.01,-0.00,0.81,2.64,-0.03,10.61,0.00,0,2,1002.85,34.87,93.11,1002.85,31.12,91.95,0.63,1002.22,32.63,98.07,-0.02,0.17,108.02,300.67,7584,0.81,1.22,9.52,1.00,0.06,-0.04,-0.00,4.68,-6.86,-0.43,23,59,47,86, 0.0000000, 0.0000000, 0.00, 0.00
8326,-0.11,-0.52,9.54,1.00,-0.02,0.01,-0.00,0.81,2.64,-0.03,10.62,0.00,0,2,1002.85,34.90,93.09,1002.85,31.11,91.99,0.64,1002.22,32.64,98.05,-0.03,0.24,107.58,300.67,7584,0.79,1.18,9.50,1.00,0.06,-0.04,-0.00,4.68,-6.87,-0.44,23,59,49,86, 0.0000000, 0.0000000, 0.00, 0.00
8382,-0.18,-0.39,9.56,1.00,-0.02,0.01,-0.00,0.82,2.62,-0.03,10.62,0.00,0,2,1002.85,34.90,93.13,1002.85,31.12,91.98,0.63,1002.21,32.63,98.10,-0.03,0.24,106.70,300.67,7584,0.84,1.04,9.47,1.00,0.06,-0.04,-0.00,4.68,-6.88,-0.44,23,59,49,86, 0.0000000, 0.0000000, 0.00, 0.00
8440,-0.19,-0.29,9.49,1.00,-0.02,0.01,0.00,0.87,2.62,-0.02,10.62,0.00,0,2,1002.85,34.88,93.09,1002.85,31.12,91.95,0.63,1002.22,32.63,98.05,-0.03,0.24,106.52,300.67,7583,0.81,1.01,9.39,1.00,0.06,-0.04,-0.00,4.70,-6.88,-0.42,23,59,49,86, 0.0000000, 0.0000000, 0.00, 0.00
8493,-0.06,-0.58,9.55,1.00,-0.02,0.01,0.00,0.87,2.64,-0.01,10.62,0.00,0,2,1002.85,34.88,93.11,1002.85,31.12,91.96,0.63,1002.22,32.63,98.05,-0.02,0.17,106.35,300.67,7582,0.79,1.52,9.59,1.00,0.06,-0.04,-0.00,4.70,-6.88,-0.41,23,59,49,86, 0.0000000, 0.0000000, 0.00, 0.00
8551,-0.02,-0.52,9.48,1.00,-0.02,0.01,0.00,0.87,2.64,0.00,10.63,0.00,0,2,1002.85,34.89,93.11,1002.85,31.13,91.96,0.64,1002.21,32.62,98.09,-0.03,0.24,107.31,300.67,7582,0.63,1.25,9.47,1.00,0.06,-0.04,-0.00,4.70,-6.88,-0.37,23,59,49,86, 0.0000000, 0.0000000, 0.00, 0.00
8603,0.01,-0.48,9.55,1.00,-0.02,0.01,0.00,0.87,2.64,0.00,10.63,0.00,0,2,1002.85,34.89,93.12,1002.85,31.12,91.98,0.62,1002.21,32.61,98.10,-0.03,0.24,108.11,300.67,7579,0.58,1.10,9.48,1.00,0.06,-0.04,-0.00,4.68,-6.91,-0.37,23,59,49,86, 0.0000000, 0.0000000, 0.00, 0.00
8660,0.00,-0.45,9.44,1.00,-0.02,0.01,0.00,0.87,2.65,0.00,10.63,0.00,0,2,1002.85,34.88,93.12,1002.85,31.11,91.94,0.64,1002.22,32.63,98.07,-0.03,0.24,108.02,300.67,7578,0.62,1.02,9.48,1.00,0.06,-0.04,-0.00,4.65,-6.92,-0.37,23,59,49,86, 0.0000000, 0.0000000, 0.00, 0.00
8713,-0.13,-0.46,9.46,1.00,-0.02,0.01,0.00,0.87,2.66,0.00,10.62,0.00,0,2,1002.85,34.89,93.10,1002.84,31.11,91.98,0.63,1002.22,32.63,98.09,-0.03,0.24,107.93,300.67,7578,0.75,1.37,9.56,1.00,0.06,-0.04,-0.00,4.65,-6.92,-0.37,23,59,49,86, 0.0000000, 0.0000000, 0.00, 0.00
8770,-0.20,-0.45,9.50,1.00,-0.02,0.01,0.00,0.87,2.66,0.00,10.62,0.00,0,2,1002.85,34.88,93.09,1002.85,31.11,91.95,0.63,1002.22,32.63,98.09,-0.03,0.24,108.11,300.67,7579,0.87,1.23,9.54,1.00,0.06,-0.04,-0.00,4.65,-6.93,-0.37,23,59,49,86, 0.0000000, 0.0000000, 0.00, 0.00
8823,-0.14,-0.49,9.53,1.00,-0.02,0.01,0.00,0.87,2.66,0.00,10.61,0.00,0,2,1002.85,34.89,93.11,1002.85,31.12,91.95,0.62,1002.22,32.64,98.07,-0.03,0.24,108.19,300.67,7580,0.83,1.29,9.51,1.00,0.06,-0.04,-0.00,4.65,-6.94,-0.37,23,59,49,86, 0.0000000, 0.0000000, 0.00, 0.00
8877,-0.10,-0.47,9.51,1.00,-0.02,0.01,0.00,0.87,2.66,0.00,10.61,0.00,0,2,1002.85,34.89,93.10,1002.85,31.11,91.96,0.64,1002.22,32.63,98.03,-0.02,0.17,108.19,300.67,7579,0.70,1.24,9.53,1.00,0.06,-0.04,-0.00,4.65,-6.96,-0.37,23,59,49,86, 0.0000000, 0.0000000, 0.00, 0.00
8932,-0.11,-0.48,9.53,1.00,-0.02,0.01,0.00,0.87,2.66,0.00,10.60,0.00,0,2,1002.85,34.88,93.11,1002.85,31.12,91.96,0.64,1002.23,32.63,97.98,-0.03,0.24,108.81,300.67,7575,0.67,1.16,9.48,1.00,0.06,-0.04,-0.00,4.65,-6.96,-0.37,23,59,49,86, 0.0000000, 0.0000000, 0.00, 0.00
8989,-0.08,-0.48,9.51,1.00,-0.02,0.01,0.00,0.87,2.66,0.00,10.60,0.00,0,2,1002.85,34.89,93.11,1002.85,31.11,91.93,0.64,1002.22,32.64,98.05,-0.03,0.24,108.63,300.67,7573,0.69,1.29,9.52,1.00,0.06,-0.04,-0.00,4.65,-6.97,-0.37,23,59,49,86, 0.0000000, 0.0000000, 0.00, 0.00
9043,-0.07,-0.42,9.49,1.00,-0.02,0.01,0.00,0.83,2.61,0.01,10.59,0.00,0,2,1002.85,34.90,93.08,1002.85,31.12,91.96,0.65,1002.22,32.63,98.02,-0.03,0.24,108.98,300.67,7569,0.74,1.21,9.52,1.00,0.06,-0.04,-0.00,4.65,-6.97,-0.37,23,59,49,86, 0.0000000, 0.0000000, 0.00, 0.00
9102,-0.10,-0.43,9.52,1.00,-0.02,0.01,0.00,0.81,2.58,0.01,10.59,0.00,0,2,1002.85,34.90,93.09,1002.85,31.13,91.94,0.65,1002.22,32.64,98.01,-0.02,0.17,108.81,300.67,7568,0.72,1.18,9.49,1.00,0.06,-0.04,-0.00,4.64,-6.98,-0.37,23,59,49,86, 0.0000000, 0.0000000, 0.00, 0.00
9152,-0.06,-0.39,9.52,1.00,-0.02,0.01,0.00,0.79,2.55,0.01,10.59,0.00,0,2,1002.85,34.89,93.08,1002.85,31.13,91.96,0.65,1002.23,32.64,97.96,-0.03,0.24,108.72,300.67,7566,0.77,1.23,9.50,1.00,0.06,-0.04,-0.00,4.64,-6.98,-0.37,23,59,49,86, 0.0000000, 0.0000000, 0.00, 0.00
9209,-0.08,-0.39,9.55,1.00,-0.02,0.01,0.00,0.78,2.54,0.01,10.59,0.00,0,2,1002.85,34.89,93.11,1002.85,31.12,91.96,0.65,1002.23,32.63,97.99,-0.03,0.24,108.81,300.67,7564,0.79,1.26,9.54,1.00,0.06,-0.04,-0.00,4.64,-6.99,-0.37,23,59,49,86, 0.0000000, 0.0000000, 0.00, 0.00
9263,-0.13,-0.36,9.47,1.00,-0.02,0.01,0.00,0.77,2.53,0.01,10.59,0.00,0,2,1002.85,34.89,93.11,1002.85,31.12,91.97,0.65,1002.22,32.64,98.03,-0.03,0.24,108.72,300.67,7560,0.92,1.19,9.53,1.00,0.06,-0.04,-0.00,4.64,-7.00,-0.37,23,59,49,86, 0.0000000, 0.0000000, 0.00, 0.00
9319,-0.16,-0.28,9.52,1.00,-0.02,0.01,0.00,0.76,2.50,0.01,10.60,0.00,0,2,1002.85,34.91,93.10,1002.85,31.14,91.94,0.65,1002.22,32.62,98.03,-0.03,0.24,108.46,300.67,7559,0.84,1.12,9.50,1.00,0.06,-0.04,-0.00,4.64,-7.00,-0.38,23,59,50,86, 0.0000000, 0.0000000, 0.00, 0.00
9373,0.13,-0.24,9.60,1.00,-0.02,0.01,0.00,0.76,2.50,0.01,10.59,0.00,0,2,1002.85,34.91,93.09,1002.85,31.13,91.93,0.64,1002.23,32.65,97.99,-0.03,0.24,108.37,300.67,7558,0.67,1.15,9.50,1.00,0.06,-0.04,-0.00,4.63,-7.00,-0.38,23,59,50,86, 0.0000000, 0.0000000, 0.00, 0.00
9431,0.13,-0.37,9.57,1.00,-0.02,0.01,0.00,0.76,2.49,0.01,10.60,0.00,0,2,1002.85,34.91,93.12,1002.85,31.13,92.00,0.64,1002.23,32.64,97.99,-0.03,0.24,108.02,300.67,7558,0.51,1.28,9.53,1.00,0.06,-0.04,-0.00,4.62,-7.01,-0.39,23,59,50,86, 0.0000000, 0.0000000, 0.00, 0.00
9483,-0.08,-0.46,9.53,1.00,-0.02,0.01,0.00,0.72,2.49,0.01,10.60,0.00,0,2,1002.85,34.91,93.12,1002.85,31.12,91.97,0.64,1002.23,32.64,98.01,-0.03,0.24,108.28,300.67,7558,0.82,1.38,9.49,1.00,0.06,-0.04,-0.00,4.60,-7.06,-0.39,23,59,50,86, 0.0000000, 0.0000000, 0.00, 0.00
9540,-0.09,-0.40,9.52,1.00,-0.02,0.01,0.00,0.73,2.49,0.01,10.61,0.00,0,2,1002.84,34.91,93.15,1002.85,31.13,91.99,0.64,1002.23,32.63,98.00,-0.03,0.24,108.72,300.67,7558,0.81,1.35,9.55,1.00,0.06,-0.04,-0.00,4.60,-7.07,-0.38,23,59,50,86, 0.0000000, 0.0000000, 0.00, 0.00
9593,-0.04,-0.29,9.53,1.00,-0.02,0.01,0.00,0.73,2.50,0.01,10.60,0.00,0,2,1002.85,34.91,93.08,1002.85,31.12,91.93,0.66,1002.22,32.63,98.05,-0.03,0.24,108.54,300.67,7557,0.61,1.05,9.45,1.00,0.06,-0.04,-0.00,4.59,-7.07,-0.36,23,59,50,86, 0.0000000, 0.0000000, 0.00, 0.00
9650,-0.10,-0.36,9.63,1.00,-0.02,0.01,0.00,0.73,2.50,0.00,10.60,0.00,0,2,1002.85,34.92,93.09,1002.85,31.12,91.97,0.65,1002.22,32.63,98.07,-0.03,0.24,108.19,300.67,7559,0.64,1.21,9.54,1.00,0.06,-0.04,-0.00,4.59,-7.07,-0.37,23,59,50,86, 0.0000000, 0.0000000, 0.00, 0.00
9702,-0.11,-0.42,9.55,1.00,-0.02,0.01,0.00,0.79,2.57,0.00,10.60,0.00,0,2,1002.85,34.91,93.10,1002.85,31.11,91.96,0.64,1002.22,32.63,98.05,-0.03,0.24,108.19,300.67,7559,0.68,1.26,9.53,1.00,0.06,-0.04,-0.00,4.59,-7.07,-0.37,23,59,50,86, 0.0000000, 0.0000000, 0.00, 0.00
9759,-0.05,-0.43,9.46,1.00,-0.02,0.01,0.00,0.83,2.62,0.00,10.60,0.00,0,2,1002.85,34.91,93.07,1002.85,31.12,91.93,0.64,1002.21,32.63,98.12,-0.03,0.24,108.37,300.67,7561,0.69,1.15,9.49,1.00,0.06,-0.04,-0.00,4.59,-7.08,-0.38,23,59,50,86, 0.0000000, 0.0000000, 0.00, 0.00
9811,-0.16,-0.48,9.51,1.00,-0.02,0.01,0.00,0.89,2.70,-0.00,10.59,0.00,0,2,1002.85,34.90,93.11,1002.85,31.12,91.95,0.65,1002.22,32.64,98.03,-0.03,0.24,107.84,300.67,7569,0.90,1.33,9.50,1.00,0.06,-0.04,-0.00,4.59,-7.08,-0.38,23,59,50,86, 0.0000000, 0.0000000, 0.00, 0.00
9863,-0.14,-0.47,9.49,1.00,-0.02,0.01,0.00,0.89,2.71,-0.00,10.60,0.00,0,2,1002.85,34.91,93.12,1002.85,31.13,91.95,0.65,1002.22,32.64,98.03,-0.03,0.24,107.84,300.67,7571,0.72,1.11,9.50,1.00,0.06,-0.04,-0.00,4.59,-7.09,-0.38,23,59,50,86, 0.0000000, 0.0000000, 0.00, 0.00
9921,-0.06,-0.42,9.53,1.00,-0.02,0.01,0.00,0.89,2.71,-0.00,10.60,0.00,0,2,1002.85,34.90,93.11,1002.85,31.13,92.00,0.64,1002.22,32.64,98.01,-0.03,0.24,107.84,300.67,7571,0.47,1.15,9.27,1.00,0.06,-0.04,-0.00,4.59,-7.09,-0.38,23,59,50,86, 0.0000000, 0.0000000, 0.00, 0.00
9974,-0.17,-0.45,9.39,1.00,-0.02,0.01,0.00,0.87,2.69,0.00,10.61,0.00,0,2,1002.85,34.90,93.14,1002.84,31.11,91.98,0.64,1002.23,32.63,98.00,-0.03,0.24,107.93,300.76,7570,0.83,1.49,9.50,1.00,0.06,-0.04,-0.00,4.57,-7.08,-0.38,23,59,50,86, 0.0000000, 0.0000000, 0.00, 0.00
10030,-0.05,-0.43,9.36,1.00,-0.02,0.01,0.00,0.87,2.69,0.00,10.62,0.00,0,2,1002.85,34.91,93.12,1002.85,31.13,91.96,0.65,1002.22,32.64,98.06,-0.02,0.17,108.11,300.76,7571,0.90,1.27,9.49,1.00,0.06,-0.04,-0.00,4.57,-7.09,-0.39,23,59,50,86, 0.0000000, 0.0000000, 0.00, 0.00
10084,0.16,-0.45,9.56,1.00,-0.02,0.01,0.00,0.83,2.65,0.00,10.62,0.00,0,2,1002.85,34.92,93.11,1002.85,31.13,92.00,0.65,1002.22,32.64,98.10,-0.05,0.29,107.84,300.76,7569,0.79,0.44,9.29,1.00,0.06,-0.04,-0.00,4.57,-7.08,-0.39,23,59,50,86, 0.0000000, 0.0000000, 0.00, 0.00
10142,-0.10,-0.20,9.70,1.00,-0.02,0.01,0.00,0.80,2.62,0.00,10.60,0.00,0,2,1002.85,34.91,93.10,1002.85,31.13,91.97,0.64,1002.22,32.64,98.05,-0.03,0.24,107.23,300.76,7568,0.77,0.43,9.30,1.00,0.06,-0.04,-0.00,4.57,-7.08,-0.40,23,59,50,86, 0.0000000, 0.0000000, 0.00, 0.00
10194,-0.09,-0.25,9.50,1.00,-0.02,0.01,0.00,0.75,2.52,0.00,10.60,0.00,0,2,1002.85,34.92,93.09,1002.85,31.14,91.98,0.64,1002.22,32.64,98.02,-0.03,0.24,105.03,300.76,7565,0.96,1.56,9.60,1.00,0.06,-0.04,-0.00,4.57,-7.10,-0.41,23,59,50,86, 0.0000000, 0.0000000, 0.00, 0.00
10251,-0.06,-0.40,9.46,1.00,-0.02,0.01,0.00,0.72,2.44,0.01,10.60,0.00,0,2,1002.85,34.93,93.10,1002.85,31.12,91.92,0.64,1002.22,32.63,98.02,-0.03,0.24,102.48,300.76,7564,0.90,1.61,9.52,1.00,0.06,-0.04,-0.00,4.57,-7.10,-0.41,23,59,50,86, 0.0000000, 0.0000000, 0.00, 0.00
10308,-0.07,-0.36,9.61,1.00,-0.02,0.01,0.00,0.68,2.38,0.01,10.60,0.00,0,2,1002.85,34.92,93.09,1002.85,31.13,91.96,0.64,1002.21,32.64,98.12,-0.03,0.24,100.63,300.76,7568,0.80,0.93,9.39,1.00,0.06,-0.04,-0.00,4.57,-7.08,-0.42,23,59,51,86, 0.0000000, 0.0000000, 0.00, 0.00
10361,-0.05,-0.16,9.54,1.00,-0.02,0.01,0.00,0.70,2.41,0.01,10.61,0.00,0,2,1002.85,34.93,93.14,1002.85,31.13,91.97,0.64,1002.21,32.65,98.18,-0.03,0.24,100.28,300.76,7571,0.83,0.75,9.31,1.00,0.06,-0.04,-0.00,4.57,-7.08,-0.42,23,59,51,86, 0.0000000, 0.0000000, 0.00, 0.00
10416,-0.06,-0.30,9.52,1.00,-0.02,0.01,0.00,0.69,2.40,0.01,10.62,0.00,0,2,1002.84,34.92,93.16,1002.85,31.14,91.99,0.64,1002.22,32.64,98.09,-0.02,0.17,100.72,300.76,7570,0.63,1.41,9.56,1.00,0.06,-0.04,-0.00,4.57,-7.10,-0.42,23,59,51,86, 0.0000000, 0.0000000, 0.00, 0.00
10470,0.04,-0.36,9.46,1.00,-0.02,0.01,0.00,0.71,2.44,0.01,10.64,0.00,0,2,1002.85,34.92,93.14,1002.85,31.14,91.99,0.65,1002.22,32.63,98.08,-0.03,0.24,101.34,300.76,7571,0.67,1.31,9.53,1.00,0.06,-0.04,-0.00,4.57,-7.10,-0.42,23,59,51,86, 0.0000000, 0.0000000, 0.00, 0.00
10524,0.00,-0.40,9.53,1.00,-0.02,0.01,0.00,0.71,2.46,0.01,10.64,0.00,0,2,1002.85,34.93,93.14,1002.85,31.13,91.98,0.64,1002.22,32.65,98.07,-0.03,0.24,100.90,300.76,7570,0.67,1.37,9.56,1.00,0.06,-0.04,-0.00,4.56,-7.11,-0.43,23,59,51,86, 0.0000000, 0.0000000, 0.00, 0.00
10582,-0.11,-0.39,9.44,1.00,-0.02,0.01,0.00,0.74,2.53,0.00,10.64,0.00,0,2,1002.84,34.91,93.16,1002.85,31.13,91.97,0.64,1002.22,32.64,98.05,-0.05,0.29,100.72,300.76,7571,1.01,0.99,9.41,1.00,0.06,-0.04,-0.00,4.53,-7.14,-0.46,23,59,51,86, 0.0000000, 0.0000000, 0.00, 0.00
10639,-0.13,-0.37,9.56,1.00,-0.02,0.01,0.00,0.76,2.57,0.00,10.62,0.00,0,2,1002.85,34.92,93.12,1002.85,31.12,92.00,0.64,1002.22,32.63,98.05,-0.05,0.29,100.46,300.76,7572,0.67,1.38,9.53,1.00,0.06,-0.04,-0.00,4.53,-7.14,-0.46,23,59,51,86, 0.0000000, 0.0000000, 0.00, 0.00
10691,-0.06,-0.45,9.54,1.00,-0.02,0.01,0.00,0.78,2.63,0.00,10.62,0.00,0,2,1002.85,34.92,93.09,1002.84,31.13,92.01,0.64,1002.22,32.64,98.08,-0.03,0.24,100.90,300.76,7572,0.61,1.54,9.63,1.00,0.06,-0.04,-0.00,4.53,-7.15,-0.48,23,59,51,86, 0.0000000, 0.0000000, 0.00, 0.00
10749,-0.02,-0.40,9.51,1.00,-0.02,0.01,0.00,0.77,2.63,0.00,10.62,0.00,0,2,1002.85,34.93,93.12,1002.85,31.13,91.96,0.64,1002.22,32.63,98.08,-0.03,0.24,100.72,300.76,7571,0.64,0.95,9.39,1.00,0.06,-0.04,-0.00,4.53,-7.15,-0.49,23,59,51,86, 0.0000000, 0.0000000, 0.00, 0.00
10801,-0.11,-0.43,9.56,1.00,-0.02,0.01,0.00,0.77,2.64,0.00,10.62,0.00,0,2,1002.85,34.92,93.12,1002.85,31.13,91.99,0.63,1002.22,32.65,98.02,-0.03,0.24,100.55,300.67,7573,0.82,1.07,9.42,1.00,0.06,-0.04,-0.00,4.52,-7.15,-0.52,23,59,51,86, 0.0000000, 0.0000000, 0.00, 0.00
10854,-0.09,-0.53,9.54,1.00,-0.02,0.01,0.00,0.78,2.67,0.00,10.61,0.00,0,2,1002.85,34.93,93.12,1002.84,31.13,92.01,0.64,1002.22,32.65,98.03,-0.03,0.24,100.72,300.67,7574,0.77,1.59,9.61,1.00,0.06,-0.04,-0.00,4.52,-7.16,-0.53,23,59,51,86, 0.0000000, 0.0000000, 0.00, 0.00
10909,-0.07,-0.37,9.50,1.00,-0.02,0.01,0.00,0.78,2.67,0.00,10.61,0.00,0,2,1002.84,34.92,93.16,1002.85,31.13,91.99,0.63,1002.22,32.66,98.05,-0.03,0.24,100.90,300.76,7572,0.67,1.34,9.54,1.00,0.06,-0.04,-0.00,4.52,-7.15,-0.53,23,59,51,86, 0.0000000, 0.0000000, 0.00, 0.00
10963,-0.35,-0.38,9.55,1.00,-0.02,0.01,0.00,0.78,2.67,0.00,10.61,0.00,0,2,1002.85,34.92,93.11,1002.85,31.14,91.95,0.63,1002.22,32.65,98.04,-0.02,0.17,100.81,300.76,7574,0.49,0.98,9.43,1.00,0.06,-0.04,-0.00,4.52,-7.15,-0.54,23,59,51,86, 0.0000000, 0.0000000, 0.00, 0.00
11019,-0.07,-0.50,9.57,1.00,-0.02,0.01,0.00,0.81,2.74,0.00,10.60,0.00,0,2,1002.85,34.92,93.12,1002.85,31.13,91.97,0.63,1002.22,32.65,98.04,-0.02,0.17,100.81,300.67,7575,0.58,1.38,9.61,1.00,0.06,-0.04,-0.00,4.52,-7.15,-0.54,23,59,51,86, 0.0000000, 0.0000000, 0.00, 0.00
11073,-0.05,-0.40,9.51,1.00,-0.02,0.01,0.00,0.80,2.74,0.00,10.60,0.00,0,2,1002.84,34.92,93.16,1002.85,31.15,91.97,0.63,1002.22,32.64,98.04,-0.03,0.24,100.72,300.76,7578,0.78,1.34,9.55,1.00,0.06,-0.04,-0.00,4.52,-7.15,-0.56,23,59,51,86, 0.0000000, 0.0000000, 0.00, 0.00
11130,-0.06,-0.55,9.49,1.00,-0.02,0.01,0.00,0.82,2.76,0.00,10.60,0.00,0,2,1002.85,34.93,93.15,1002.85,31.13,91.99,0.63,1002.22,32.63,98.05,-0.03,0.24,100.72,300.76,7582,0.54,1.53,9.67,1.00,0.06,-0.04,-0.00,4.51,-7.16,-0.59,23,59,51,86, 0.0000000, 0.0000000, 0.00, 0.00
11188,-0.12,-0.56,9.51,1.00,-0.02,0.01,0.00,0.82,2.76,0.00,10.59,0.00,0,2,1002.85,34.93,93.13,1002.85,31.16,91.93,0.63,1002.22,32.64,98.04,-0.03,0.24,100.72,300.67,7582,0.65,1.44,9.51,1.00,0.06,-0.04,-0.00,4.51,-7.15,-0.61,23,59,51,86, 0.0000000, 0.0000000, 0.00, 0.00
11241,-0.07,-0.61,9.58,1.00,-0.02,0.01,0.00,0.82,2.76,0.00,10.59,0.00,0,2,1002.84,34.93,93.18,1002.85,31.15,91.99,0.63,1002.22,32.64,98.08,-0.03,0.24,100.81,300.67,7581,0.92,1.22,9.42,1.00,0.06,-0.04,-0.00,4.52,-7.16,-0.63,23,59,51,86, 0.0000000, 0.0000000, 0.00, 0.00
11297,-0.15,-0.37,9.50,1.00,-0.02,0.01,0.00,0.82,2.76,0.00,10.62,0.00,0,2,1002.85,34.93,93.14,1002.85,31.14,92.00,0.63,1002.21,32.65,98.16,-0.03,0.24,100.90,300.67,7582,0.67,1.22,9.53,1.00,0.06,-0.04,-0.00,4.52,-7.16,-0.63,23,59,52,86, 0.0000000, 0.0000000, 0.00, 0.00
11350,-0.11,-0.35,9.51,1.00,-0.02,0.01,0.00,0.82,2.76,0.00,10.61,0.00,0,2,1002.85,34.94,93.12,1002.85,31.14,91.95,0.63,1002.22,32.64,98.08,-0.05,0.29,100.81,300.67,7582,0.63,1.12,9.52,1.00,0.06,-0.04,-0.00,4.52,-7.14,-0.64,23,59,52,86, 0.0000000, 0.0000000, 0.00, 0.00
11407,-0.09,-0.53,9.55,1.00,-0.02,0.01,0.00,0.82,2.76,0.00,10.60,0.00,0,2,1002.85,34.94,93.11,1002.85,31.15,91.96,0.63,1002.22,32.64,98.06,-0.03,0.24,100.81,300.67,7581,0.69,1.35,9.49,1.00,0.06,-0.04,-0.00,4.52,-7.14,-0.64,23,59,52,86, 0.0000000, 0.0000000, 0.00, 0.00
11459,-0.05,-0.47,9.52,1.00,-0.02,0.01,0.00,0.82,2.76,0.00,10.61,0.00,0,2,1002.85,34.93,93.12,1002.84,31.13,91.97,0.63,1002.22,32.64,98.08,-0.03,0.24,100.72,300.67,7581,0.65,1.35,9.53,1.00,0.06,-0.04,-0.00,4.52,-7.15,-0.64,23,59,52,86, 0.0000000, 0.0000000, 0.00, 0.00
11517,-0.12,-0.42,9.56,1.00,-0.02,0.01,0.00,0.82,2.76,-0.01,10.60,0.00,0,2,1002.84,34.93,93.15,1002.85,31.14,91.97,0.63,1002.22,32.66,98.07,-0.03,0.24,100.72,300.67,7579,0.89,1.09,9.47,1.00,0.06,-0.04,-0.00,4.51,-7.15,-0.65,23,59,52,86, 0.0000000, 0.0000000, 0.00, 0.00
11570,-0.14,-0.45,9.50,1.00,-0.02,0.01,0.00,0.83,2.77,-0.01,10.60,0.00,0,2,1002.85,34.93,93.10,1002.85,31.14,91.96,0.63,1002.22,32.65,98.06,-0.03,0.24,100.72,300.67,7580,0.79,1.25,9.49,1.00,0.06,-0.04,-0.00,4.51,-7.15,-0.67,23,59,52,86, 0.0000000, 0.0000000, 0.00, 0.00
11624,-0.14,-0.44,9.53,1.00,-0.02,0.01,0.00,0.83,2.77,-0.01,10.59,0.00,0,2,1002.85,34.93,93.09,1002.85,31.13,91.96,0.63,1002.22,32.65,98.04,-0.03,0.24,100.72,300.67,7581,0.79,1.23,9.51,1.00,0.06,-0.04,-0.00,4.52,-7.15,-0.68,23,59,52,86, 0.0000000, 0.0000000, 0.00, 0.00
11681,-0.16,-0.36,9.57,1.00,-0.02,0.01,0.00,0.83,2.77,-0.01,10.59,0.00,0,2,1002.85,34.93,93.10,1002.85,31.14,91.95,0.64,1002.21,32.65,98.11,-0.02,0.17,100.72,300.67,7579,0.83,1.17,9.52,1.00,0.06,-0.04,-0.00,4.52,-7.14,-0.68,23,59,52,86, 0.0000000, 0.0000000, 0.00, 0.00
11736,-0.08,-0.56,9.49,1.00,-0.02,0.01,0.00,0.83,2.77,-0.01,10.58,0.00,0,2,1002.85,34.93,93.12,1002.85,31.14,91.96,0.63,1002.22,32.66,98.08,-0.03,0.24,100.72,300.67,7581,0.59,1.30,9.47,1.00,0.06,-0.04,-0.00,4.52,-7.15,-0.68,23,59,52,86, 0.0000000, 0.0000000, 0.00, 0.00
11789,-0.08,-0.70,9.48,1.00,-0.02,0.01,0.00,0.81,2.81,-0.01,10.59,0.00,0,2,1002.85,34.93,93.12,1002.85,31.13,91.95,0.63,1002.21,32.64,98.14,-0.03,0.24,100.72,300.67,7581,0.61,1.55,9.57,1.00,0.06,-0.04,-0.00,4.51,-7.18,-0.68,23,59,52,86, 0.0000000, 0.0000000, 0.00, 0.00
11846,-0.08,-0.53,9.51,1.00,-0.02,0.01,0.00,0.80,2.84,-0.01,10.59,0.00,0,2,1002.85,34.94,93.13,1002.85,31.13,91.96,0.63,1002.21,32.65,98.13,-0.03,0.24,100.72,300.67,7582,0.74,1.34,9.51,1.00,0.06,-0.04,-0.00,4.51,-7.21,-0.68,23,59,52,86, 0.0000000, 0.0000000, 0.00, 0.00
11900,-0.08,-0.39,9.58,1.00,-0.02,0.01,0.00,0.79,2.84,-0.01,10.60,0.00,0,2,1002.85,34.94,93.11,1002.85,31.15,91.95,0.63,1002.21,32.65,98.13,-0.03,0.24,100.72,300.67,7583,0.74,1.18,9.51,1.00,0.06,-0.04,-0.00,4.51,-7.21,-0.68,23,59,52,86, 0.0000000, 0.0000000, 0.00, 0.00
11956,0.11,-0.26,9.46,1.00,-0.02,0.01,0.00,0.78,2.83,-0.00,10.61,0.00,0,2,1002.85,34.94,93.13,1002.84,31.14,92.02,0.63,1002.22,32.65,98.04,-0.03,0.24,100.37,300.67,7583,0.78,1.03,9.48,1.00,0.06,-0.04,-0.00,4.50,-7.19,-0.68,23,59,52,86, 0.0000000, 0.0000000, 0.00, 0.00
12008,-0.12,-0.39,9.53,1.00,-0.02,0.01,0.00,0.76,2.80,-0.00,10.61,0.00,0,2,1002.85,34.93,93.11,1002.85,31.13,91.99,0.64,1002.22,32.66,98.07,-0.03,0.24,100.63,300.67,7583,0.89,1.22,9.50,1.00,0.06,-0.04,-0.00,4.47,-7.15,-0.71,23,59,52,86, 0.0000000, 0.0000000, 0.00, 0.00
12061,-0.18,-0.56,9.66,1.00,-0.02,0.01,0.00,0.76,2.80,-0.00,10.60,0.00,0,2,1002.85,34.94,93.14,1002.85,31.13,91.96,0.64,1002.22,32.65,98.06,-0.03,0.24,100.72,300.67,7582,1.10,1.47,9.55,1.00,0.06,-0.04,-0.00,4.48,-7.16,-0.74,23,59,52,86, 0.0000000, 0.0000000, 0.00, 0.00
12119,0.38,-0.59,9.64,1.00,-0.02,0.01,0.00,0.76,2.80,-0.00,10.60,0.00,0,2,1002.85,34.95,93.10,1002.85,31.14,91.98,0.64,1002.22,32.65,98.06,-0.03,0.24,100.81,300.67,7582,0.59,1.13,9.69,1.00,0.06,-0.04,-0.00,4.47,-7.17,-0.75,23,59,52,86, 0.0000000, 0.0000000, 0.00, 0.00
12170,-0.01,-0.63,9.44,1.00,-0.02,0.01,0.00,0.76,2.80,-0.00,10.59,0.00,0,2,1002.85,34.93,93.14,1002.84,31.13,92.01,0.64,1002.22,32.64,98.06,-0.05,0.29,100.72,300.67,7582,1.06,1.23,9.51,1.00,0.06,-0.04,-0.00,4.47,-7.17,-0.79,23,59,52,86, 0.0000000, 0.0000000, 0.00, 0.00
12223,0.00,-0.57,9.41,1.00,-0.02,0.01,0.00,0.73,2.82,-0.01,10.59,0.00,0,2,1002.85,34.94,93.13,1002.85,31.14,91.99,0.64,1002.22,32.65,98.04,-0.03,0.24,101.07,300.67,7582,1.17,1.21,9.41,1.00,0.06,-0.04,-0.00,4.47,-7.17,-0.81,23,59,52,86, 0.0000000, 0.0000000, 0.00, 0.00
12279,-0.16,-0.49,9.54,1.00,-0.02,0.01,0.00,0.73,2.83,-0.01,10.59,0.00,0,2,1002.85,34.93,93.12,1002.85,31.13,91.99,0.64,1002.22,32.65,98.03,-0.02,0.17,101.07,300.67,7582,1.39,1.14,9.45,1.00,0.06,-0.04,-0.00,4.46,-7.18,-0.85,23,59,52,86, 0.0000000, 0.0000000, 0.00, 0.00
12331,-0.16,-0.47,9.51,1.00,-0.02,0.01,0.00,0.73,2.83,-0.01,10.59,0.00,0,2,1002.85,34.93,93.13,1002.85,31.15,91.98,0.64,1002.22,32.65,98.04,-0.03,0.24,101.25,300.67,7582,0.65,1.16,9.54,1.00,0.06,-0.04,-0.00,4.46,-7.18,-0.84,23,59,53,86, 0.0000000, 0.0000000, 0.00, 0.00
12388,-0.08,-0.47,9.32,1.00,-0.02,0.01,0.00,0.71,2.83,-0.01,10.61,0.00,0,2,1002.85,34.93,93.15,1002.85,31.15,91.97,0.64,1002.22,32.64,98.04,-0.03,0.24,100.99,300.67,7581,0.74,1.00,9.47,1.00,0.06,-0.04,-0.01,4.46,-7.18,-0.86,23,59,53,86, 0.0000000, 0.0000000, 0.00, 0.00
12445,-0.07,-0.59,9.60,1.00,-0.02,0.01,0.00,0.69,2.79,-0.00,10.60,0.00,0,2,1002.85,34.94,93.15,1002.85,31.15,91.97,0.64,1002.22,32.64,98.08,-0.02,0.17,100.81,300.67,7583,0.96,1.17,9.41,1.00,0.06,-0.04,-0.01,4.46,-7.17,-0.85,23,59,53,86, 0.0000000, 0.0000000, 0.00, 0.00
12499,-0.09,-0.45,9.55,1.00,-0.02,0.01,0.00,0.69,2.77,0.03,10.60,0.00,0,2,1002.84,34.92,93.16,1002.85,31.13,91.99,0.64,1002.22,32.66,98.03,-0.03,0.24,100.99,300.67,7582,1.02,1.33,9.52,1.00,0.06,-0.04,-0.01,4.46,-7.17,-0.85,23,59,53,86, 0.0000000, 0.0000000, 0.00, 0.00
12557,-0.14,-0.42,9.57,1.00,-0.02,0.01,0.00,0.69,2.76,0.03,10.61,0.00,0,2,1002.85,34.92,93.14,1002.85,31.14,92.00,0.64,1002.22,32.63,98.07,-0.03,0.24,101.51,300.67,7581,0.61,1.22,9.54,1.00,0.06,-0.04,-0.00,4.46,-7.17,-0.84,23,59,53,86, 0.0000000, 0.0000000, 0.00, 0.00
12609,0.01,-0.46,9.65,1.00,-0.02,0.01,0.00,0.69,2.77,0.03,10.62,0.00,0,2,1002.85,34.93,93.15,1002.85,31.14,91.99,0.64,1002.23,32.66,98.02,-0.03,0.24,101.43,300.67,7582,0.45,1.42,9.64,1.00,0.06,-0.04,-0.00,4.49,-7.15,-0.83,23,59,53,86, 0.0000000, 0.0000000, 0.00, 0.00
12666,0.00,-0.41,9.60,1.00,-0.02,0.01,0.00,0.68,2.77,0.03,10.62,0.00,0,2,1002.85,34.92,93.14,1002.85,31.14,91.98,0.64,1002.22,32.65,98.07,-0.03,0.24,101.34,300.67,7581,0.38,0.82,9.41,1.00,0.06,-0.04,-0.00,4.49,-7.16,-0.84,23,59,53,86, 0.0000000, 0.0000000, 0.00, 0.00
12719,-0.12,-0.44,9.56,1.00,-0.02,0.01,0.00,0.67,2.77,0.03,10.61,0.00,0,2,1002.85,34.94,93.11,1002.85,31.15,91.99,0.64,1002.22,32.65,98.06,-0.02,0.17,101.60,300.67,7583,0.69,0.81,9.39,1.00,0.06,-0.04,-0.01,4.48,-7.17,-0.89,23,59,54,23, 0.0000000, 0.0000000, 0.00, 0.00
12773,-0.14,-0.49,9.50,1.00,-0.02,0.01,0.00,0.67,2.77,0.03,10.61,0.00,0,2,1002.85,34.93,93.15,1002.85,31.14,92.02,0.64,1002.22,32.66,98.01,-0.03,0.24,101.95,300.67,7581,0.94,1.48,9.57,1.00,0.06,-0.04,-0.01,4.48,-7.18,-0.90,23,59,54,23, 0.0000000, 0.0000000, 0.00, 0.00
12829,-0.09,-0.56,9.51,1.00,-0.02,0.01,0.00,0.65,2.78,0.03,10.62,0.00,0,2,1002.85,34.93,93.15,1002.84,31.15,92.01,0.64,1002.22,32.65,98.03,-0.03,0.24,102.04,300.67,7582,0.96,1.43,9.51,1.00,0.06,-0.04,-0.01,4.48,-7.19,-0.93,23,59,54,23, 0.0000000, 0.0000000, 0.00, 0.00
12886,-0.09,-0.66,9.59,1.00,-0.02,0.01,0.00,0.64,2.78,0.03,10.62,0.00,0,2,1002.85,34.93,93.14,1002.85,31.14,91.99,0.64,1002.22,32.65,98.06,-0.03,0.24,102.04,300.67,7582,0.87,1.15,9.47,1.00,0.06,-0.04,-0.01,4.48,-7.19,-0.95,23,59,54,23, 0.0000000, 0.0000000, 0.00, 0.00
12938,-0.10,-0.47,9.49,1.00,-0.02,0.01,0.00,0.64,2.79,0.03,10.61,0.00,0,2,1002.85,34.94,93.11,1002.85,31.14,92.00,0.64,1002.22,32.66,98.01,-0.03,0.24,102.39,300.67,7582,0.82,1.42,9.60,1.00,0.06,-0.04,-0.01,4.48,-7.19,-0.96,23,59,54,23, 0.0000000, 0.0000000, 0.00, 0.00
12990,-0.11,-0.51,9.49,1.00,-0.02,0.01,0.00,0.64,2.79,0.03,10.60,0.00,0,2,1002.85,34.93,93.12,1002.85,31.14,91.98,0.64,1002.22,32.64,98.03,-0.05,0.29,102.83,300.67,7583,0.84,1.60,9.65,1.00,0.06,-0.04,-0.01,4.47,-7.20,-0.98,23,59,54,23, 0.0000000, 0.0000000, 0.00, 0.00
13047,-0.15,-0.49,9.51,1.00,-0.02,0.01,0.00,0.64,2.79,0.03,10.61,0.00,0,2,1002.84,34.93,93.15,1002.85,31.13,91.99,0.63,1002.22,32.65,98.06,-0.03,0.24,103.10,300.59,7583,0.97,0.96,9.39,1.00,0.06,-0.04,-0.01,4.47,-7.19,-0.98,23,59,54,23, 0.0000000, 0.0000000, 0.00, 0.00
13101,-0.13,-0.52,9.53,1.00,-0.02,0.01,0.00,0.64,2.79,0.03,10.60,0.00,0,2,1002.85,34.94,93.14,1002.85,31.14,91.99,0.63,1002.22,32.66,98.03,-0.03,0.24,103.54,300.59,7583,1.02,1.06,9.44,1.00,0.06,-0.04,-0.01,4.47,-7.19,-0.98,23,59,54,23, 0.0000000, 0.0000000, 0.00, 0.00
13156,-0.04,-0.40,9.49,1.00,-0.02,0.01,0.00,0.64,2.76,0.03,10.60,0.00,0,2,1002.85,34.94,93.13,1002.85,31.16,91.98,0.63,1002.23,32.66,98.01,-0.03,0.24,105.56,300.59,7583,0.71,1.13,9.49,1.00,0.06,-0.04,-0.01,4.47,-7.19,-0.98,23,59,54,23, 0.0000000, 0.0000000, 0.00, 0.00
13208,-0.11,-0.44,9.56,1.00,-0.02,0.01,0.00,0.62,2.74,0.03,10.60,0.00,0,2,1002.85,34.94,93.12,1002.85,31.15,91.96,0.64,1002.22,32.64,98.03,-0.03,0.24,108.90,300.67,7583,0.80,1.28,9.52,1.00,0.06,-0.04,-0.01,4.47,-7.19,-0.98,23,59,54,23, 0.0000000, 0.0000000, 0.00, 0.00
13265,-0.04,-0.49,9.49,1.00,-0.02,0.01,0.00,0.60,2.72,0.03,10.60,0.00,0,2,1002.85,34.94,93.14,1002.84,31.14,92.02,0.64,1002.22,32.65,98.02,-0.03,0.24,110.57,300.67,7583,0.79,1.25,9.46,1.00,0.06,-0.04,-0.01,4.47,-7.20,-0.98,23,59,54,23, 0.0000000, 0.0000000, 0.00, 0.00
13319,-0.10,-0.42,9.53,1.00,-0.02,0.01,0.00,0.57,2.69,0.03,10.60,0.00,0,2,1002.85,34.93,93.12,1002.85,31.15,92.00,0.63,1002.22,32.66,98.06,-0.05,0.29,112.32,300.67,7583,0.82,1.05,9.48,1.00,0.06,-0.04,-0.01,4.47,-7.21,-0.98,23,59,54,23, 0.0000000, 0.0000000, 0.00, 0.00
13370,-0.03,-0.43,9.59,1.00,-0.02,0.00,0.00,0.53,2.66,0.03,10.60,0.00,0,2,1002.85,34.93,93.13,1002.85,31.15,92.01,0.63,1002.21,32.64,98.12,-0.02,0.17,112.15,300.59,7580,0.77,1.13,9.50,1.00,0.06,-0.04,-0.01,4.47,-7.23,-0.99,23,59,54,23, 0.0000000, 0.0000000, 0.00, 0.00
13427,-0.04,-0.38,9.47,1.00,-0.02,0.00,0.00,0.53,2.65,0.03,10.61,0.00,0,2,1002.85,34.94,93.13,1002.85,31.14,92.00,0.63,1002.22,32.65,98.02,-0.03,0.24,112.68,300.67,7581,0.62,1.19,9.50,1.00,0.06,-0.04,-0.01,4.46,-7.23,-0.99,23,59,54,23, 0.0000000, 0.0000000, 0.00, 0.00
13479,-0.09,-0.35,9.54,1.00,-0.02,0.00,0.00,0.49,2.60,0.03,10.61,0.00,0,2,1002.85,34.93,93.13,1002.84,31.14,92.02,0.63,1002.22,32.65,98.06,-0.05,0.29,112.24,300.67,7577,0.72,1.13,9.44,1.00,0.06,-0.04,-0.01,4.47,-7.23,-1.00,23,59,54,23, 0.0000000, 0.0000000, 0.00, 0.00
13537,-0.13,-0.33,9.54,1.00,-0.02,0.00,0.00,0.45,2.55,0.03,10.61,0.00,0,2,1002.84,34.93,93.15,1002.85,31.14,91.97,0.63,1002.22,32.65,98.06,-0.03,0.24,110.04,300.67,7575,0.69,1.25,9.50,1.00,0.06,-0.04,-0.01,4.47,-7.23,-1.01,23,59,54,23, 0.0000000, 0.0000000, 0.00, 0.00
13588,-0.15,-0.38,9.43,1.00,-0.02,0.00,0.00,0.43,2.53,0.03,10.61,0.00,0,2,1002.85,34.94,93.15,1002.85,31.15,91.95,0.63,1002.22,32.66,98.05,-0.05,0.29,110.74,300.50,7575,0.90,1.10,9.46,1.00,0.06,-0.04,-0.01,4.47,-7.23,-1.01,23,59,54,23, 0.0000000, 0.0000000, 0.00, 0.00
13646,0.00,-0.37,9.48,1.00,-0.02,0.00,0.00,0.40,2.50,0.03,10.61,0.00,0,2,1002.85,34.94,93.12,1002.84,31.14,91.96,0.63,1002.22,32.65,98.02,-0.05,0.29,110.39,300.41,7579,0.71,1.18,9.48,1.00,0.06,-0.04,-0.01,4.46,-7.24,-1.01,23,59,54,23, 0.0000000, 0.0000000, 0.00, 0.00
13698,0.00,-0.35,9.51,1.00,-0.02,0.00,0.00,0.36,2.46,0.03,10.60,0.00,0,2,1002.85,34.94,93.15,1002.85,31.13,91.99,0.63,1002.22,32.64,98.05,-0.03,0.24,110.30,300.41,7582,0.58,1.31,9.54,1.00,0.06,-0.04,-0.01,4.45,-7.25,-1.03,23,59,55,23, 0.0000000, 0.0000000, 0.00, 0.00
13756,-0.06,-0.31,9.45,1.00,-0.02,0.00,0.00,0.35,2.46,0.03,10.61,0.00,0,2,1002.85,34.93,93.14,1002.84,31.14,92.02,0.63,1002.22,32.64,98.06,-0.02,0.17,110.21,300.41,7592,0.66,1.23,9.55,1.00,0.06,-0.04,-0.01,4.45,-7.25,-1.03,23,59,55,23, 0.0000000, 0.0000000, 0.00, 0.00
13808,-0.11,-0.30,9.43,1.00,-0.02,0.00,0.00,0.32,2.43,0.04,10.60,0.00,0,2,1002.85,34.93,93.14,1002.84,31.15,92.01,0.63,1002.22,32.66,98.06,-0.03,0.24,109.86,300.59,7594,0.90,1.24,9.49,1.00,0.06,-0.04,-0.01,4.45,-7.26,-1.05,23,59,55,23, 0.0000000, 0.0000000, 0.00, 0.00
13865,0.00,-0.31,9.55,1.00,-0.02,0.00,0.00,0.32,2.43,0.04,10.61,0.00,0,2,1002.85,34.94,93.13,1002.85,31.15,92.01,0.63,1002.22,32.65,98.07,-0.03,0.24,110.04,300.50,7598,0.81,1.17,9.53,1.00,0.06,-0.04,-0.01,4.46,-7.26,-1.05,23,59,55,23, 0.0000000, 0.0000000, 0.00, 0.00
13917,-0.04,-0.33,9.58,1.00,-0.02,0.00,0.00,0.32,2.43,0.04,10.61,0.00,0,2,1002.85,34.94,93.14,1002.84,31.13,92.02,0.63,1002.22,32.66,98.01,-0.03,0.24,110.39,300.50,7601,0.74,1.45,9.53,1.00,0.06,-0.04,-0.01,4.46,-7.26,-1.05,23,59,55,23, 0.0000000, 0.0000000, 0.00, 0.00
13971,-0.08,-0.26,9.45,1.00,-0.02,0.00,0.00,0.32,2.43,0.04,10.62,0.00,0,2,1002.84,34.93,93.18,1002.85,31.13,91.99,0.63,1002.21,32.66,98.10,-0.03,0.24,109.86,300.41,7601,0.75,1.08,9.47,1.00,0.06,-0.04,-0.01,4.46,-7.26,-1.05,23,59,55,23, 0.0000000, 0.0000000, 0.00, 0.00
14027,-0.07,-0.31,9.47,1.00,-0.02,0.00,0.00,0.32,2.43,0.04,10.61,0.00,0,2,1002.85,34.94,93.11,1002.85,31.15,92.00,0.63,1002.22,32.66,98.09,-0.03,0.24,110.30,300.41,7601,0.76,1.05,9.50,1.00,0.06,-0.04,-0.01,4.46,-7.26,-1.05,23,59,55,23, 0.0000000, 0.0000000, 0.00, 0.00
14085,-0.03,-0.32,9.52,1.00,-0.02,0.00,0.00,0.31,2.41,0.04,10.60,0.00,0,2,1002.85,34.94,93.14,1002.85,31.16,91.99,0.63,1002.22,32.66,98.06,-0.03,0.24,110.30,300.67,7601,0.77,1.25,9.48,1.00,0.06,-0.04,-0.01,4.46,-7.26,-1.05,23,59,55,23, 0.0000000, 0.0000000, 0.00, 0.00
14137,-0.05,-0.27,9.49,1.00,-0.02,0.00,0.00,0.30,2.39,0.04,10.60,0.00,0,2,1002.85,34.95,93.12,1002.84,31.15,91.98,0.64,1002.22,32.64,98.08,-0.03,0.24,110.39,300.41,7603,0.73,1.16,9.48,1.00,0.06,-0.04,-0.01,4.46,-7.26,-1.05,23,59,55,23, 0.0000000, 0.0000000, 0.00, 0.00
14194,-0.04,-0.26,9.54,1.00,-0.02,0.00,0.00,0.28,2.37,0.04,10.59,0.00,0,2,1002.85,34.95,93.07,1002.85,31.16,91.95,0.64,1002.22,32.64,98.08,-0.03,0.24,110.30,300.41,7610,0.73,1.16,9.49,1.00,0.06,-0.04,-0.01,4.46,-7.26,-1.05,23,59,55,23, 0.0000000, 0.0000000, 0.00, 0.00
14247,-0.05,-0.24,9.50,1.00,-0.02,0.00,0.00,0.28,2.37,0.04,10.59,0.00,0,2,1002.85,34.93,93.15,1002.85,31.15,91.97,0.64,1002.22,32.66,98.03,-0.03,0.24,110.83,300.41,7613,0.69,1.08,9.47,1.00,0.06,-0.04,-0.01,4.46,-7.26,-1.05,23,59,55,23, 0.0000000, 0.0000000, 0.00, 0.00
14304,-0.04,-0.25,9.49,1.00,-0.02,0.00,0.00,0.28,2.36,0.04,10.59,0.00,0,2,1002.85,34.95,93.13,1002.85,31.15,92.01,0.64,1002.22,32.64,98.04,-0.03,0.24,111.27,300.23,7633,0.79,1.15,9.50,1.00,0.06,-0.04,-0.01,4.46,-7.26,-1.05,23,59,55,23, 0.0000000, 0.0000000, 0.00, 0.00
14357,0.00,-0.27,9.50,1.00,-0.02,0.00,0.00,0.28,2.36,0.04,10.60,0.00,0,2,1002.85,34.94,93.11,1002.84,31.15,91.98,0.64,1002.22,32.65,98.06,-0.03,0.24,111.62,300.15,7633,0.77,1.26,9.52,1.00,0.06,-0.04,-0.01,4.46,-7.26,-1.05,23,59,55,23, 0.0000000, 0.0000000, 0.00, 0.00
14414,-0.07,-0.27,9.48,1.00,-0.02,0.00,0.00,0.28,2.36,0.04,10.59,0.00,0,2,1002.85,34.94,93.12,1002.85,31.16,92.03,0.63,1002.22,32.65,98.04,-0.03,0.24,112.41,300.23,7634,0.71,1.12,9.47,1.00,0.06,-0.04,-0.01,4.46,-7.26,-1.05,23,59,55,23, 0.0000000, 0.0000000, 0.00, 0.00
14467,-0.11,-0.28,9.57,1.00,-0.02,0.00,0.00,0.28,2.36,0.04,10.59,0.00,0,2,1002.85,34.95,93.12,1002.85,31.16,91.99,0.64,1002.22,32.66,98.07,-0.03,0.24,112.59,300.23,7638,0.78,1.31,9.50,1.00,0.06,-0.04,-0.01,4.46,-7.26,-1.05,23,59,55,23, 0.0000000, 0.0000000, 0.00, 0.00
14525,-0.05,-0.22,9.58,1.00,-0.02,0.00,0.00,0.28,2.36,0.04,10.60,0.00,0,2,1002.84,34.94,93.16,1002.85,31.16,92.01,0.64,1002.22,32.65,98.07,-0.05,0.29,112.68,300.23,7638,0.82,1.23,9.51,1.00,0.06,-0.04,-0.01,4.46,-7.26,-1.05,23,59,55,23, 0.0000000, 0.0000000, 0.00, 0.00
14581,0.02,-0.24,9.53,1.00,-0.02,0.00,0.00,0.28,2.37,0.04,10.61,0.00,0,2,1002.85,34.95,93.14,1002.85,31.17,92.01,0.64,1002.22,32.65,98.09,-0.03,0.24,112.76,300.23,7638,0.70,1.25,9.51,1.00,0.06,-0.04,-0.01,4.46,-7.26,-1.05,23,59,55,23, 0.0000000, 0.0000000, 0.00, 0.00
14635,-0.03,-0.28,9.50,1.00,-0.02,0.00,0.00,0.28,2.37,0.04,10.61,0.00,0,2,1002.85,34.96,93.15,1002.85,31.16,92.01,0.64,1002.21,32.67,98.11,-0.03,0.24,112.76,300.23,7638,0.80,1.29,9.52,1.00,0.06,-0.04,-0.01,4.46,-7.26,-1.05,23,59,55,23, 0.0000000, 0.0000000, 0.00, 0.00
14687,-0.13,-0.26,9.41,1.00,-0.02,0.00,0.00,0.28,2.37,0.04,10.60,0.00,0,2,1002.85,34.96,93.13,1002.85,31.16,92.00,0.64,1002.21,32.66,98.12,-0.02,0.17,112.24,300.23,7638,0.91,1.29,9.49,1.00,0.06,-0.04,-0.01,4.46,-7.26,-1.05,3,7,26,8, 0.0000000, 0.0000000, 0.00, 0.00
14744,-0.04,-0.31,9.50,1.00,-0.02,0.00,0.00,0.28,2.38,0.04,10.61,0.00,0,2,1002.84,34.95,93.17,1002.85,31.17,92.00,0.64,1002.22,32.66,98.10,-0.02,0.17,112.06,300.23,7638,0.85,1.37,9.59,1.00,0.06,-0.04,-0.01,4.46,-7.26,-1.03,3,7,26,8, 0.0000000, 0.0000000, 0.00, 0.00
14797,-0.04,-0.25,9.44,1.00,-0.02,0.00,0.00,0.29,2.43,0.04,10.62,0.00,0,2,1002.85,34.95,93.13,1002.84,31.14,92.04,0.62,1002.21,32.66,98.14,-0.03,0.24,111.97,300.15,7637,0.66,1.02,9.47,1.00,0.06,-0.04,-0.01,4.46,-7.26,-1.03,3,7,26,8, 0.0000000, 0.0000000, 0.00, 0.00
14855,-0.06,-0.27,9.61,1.00,-0.02,0.00,0.00,0.29,2.43,0.04,10.62,0.00,0,2,1002.85,34.95,93.12,1002.85,31.16,91.99,0.63,1002.22,32.66,98.07,-0.03,0.24,112.06,300.23,7637,0.67,1.18,9.53,1.00,0.06,-0.04,-0.01,4.46,-7.26,-1.02,3,7,26,8, 0.0000000, 0.0000000, 0.00, 0.00
14907,-0.07,-0.36,9.45,1.00,-0.02,0.00,0.00,0.29,2.45,0.04,10.61,0.00,0,2,1002.85,34.94,93.14,1002.84,31.15,92.03,0.63,1002.22,32.66,98.03,-0.03,0.24,112.06,300.15,7638,0.64,1.27,9.52,1.00,0.06,-0.04,-0.01,4.46,-7.26,-1.01,3,7,26,8, 0.0000000, 0.0000000, 0.00, 0.00
14965,-0.04,-0.36,9.45,1.00,-0.02,0.00,0.00,0.29,2.46,0.04,10.59,0.00,0,2,1002.85,34.95,93.14,1002.85,31.16,92.02,0.64,1002.22,32.65,98.08,-0.03,0.24,112.15,300.23,7639,0.72,1.14,9.47,1.00,0.06,-0.04,-0.01,4.46,-7.26,-1.01,3,7,26,8, 0.0000000, 0.0000000, 0.00, 0.00
15017,-0.06,-0.23,9.56,1.00,-0.02,0.00,0.00,0.29,2.46,0.04,10.61,0.00,0,2,1002.84,34.95,93.19,1002.85,31.16,92.01,0.63,1002.21,32.65,98.10,-0.03,0.24,112.06,300.15,7639,0.84,1.17,9.52,1.00,0.06,-0.04,-0.01,4.46,-7.26,-1.01,3,7,26,8, 0.0000000, 0.0000000, 0.00, 0.00
15075,-0.03,-0.26,9.52,1.00,-0.02,0.00,0.00,0.29,2.46,0.04,10.62,0.00,0,2,1002.85,34.95,93.14,1002.84,31.15,92.03,0.63,1002.22,32.66,98.08,-0.03,0.24,112.06,300.23,7639,0.65,1.11,9.51,1.00,0.06,-0.04,-0.01,4.46,-7.26,-1.00,3,7,26,8, 0.0000000, 0.0000000, 0.00, 0.00
15127,-0.01,-0.31,9.50,1.00,-0.02,0.00,0.00,0.29,2.46,0.04,10.61,0.00,0,2,1002.85,34.96,93.12,1002.85,31.17,92.00,0.63,1002.22,32.65,98.06,-0.03,0.24,112.06,300.15,7638,0.63,0.99,9.46,1.00,0.06,-0.04,-0.01,4.46,-7.26,-1.00,3,7,26,8, 0.0000000, 0.0000000, 0.00, 0.00
15184,0.00,-0.34,9.49,1.00,-0.02,0.00,0.00,0.27,2.43,0.04,10.61,0.00,0,2,1002.85,34.94,93.15,1002.85,31.15,92.01,0.63,1002.21,32.66,98.15,-0.03,0.24,112.06,300.15,7637,0.60,1.08,9.46,1.00,0.06,-0.04,-0.01,4.46,-7.26,-1.00,3,7,26,8, 0.0000000, 0.0000000, 0.00, 0.00
15235,-0.01,-0.32,9.50,1.00,-0.02,0.00,0.00,0.25,2.39,0.05,10.61,0.00,0,2,1002.84,34.95,93.17,1002.84,31.13,92.04,0.63,1002.20,32.64,98.20,-0.02,0.17,112.15,300.23,7637,0.83,1.33,9.52,1.00,0.06,-0.04,-0.01,4.46,-7.26,-1.00,3,7,26,8, 0.0000000, 0.0000000, 0.00, 0.00
15293,-0.03,-0.32,9.47,1.00,-0.02,0.00,0.00,0.25,2.39,0.05,10.61,0.00,0,2,1002.85,34.96,93.13,1002.85,31.15,92.01,0.63,1002.20,32.65,98.19,-0.03,0.24,111.97,300.15,7638,0.79,1.12,9.46,1.00,0.06,-0.04,-0.01,4.46,-7.26,-1.00,3,7,26,8, 0.0000000, 0.0000000, 0.00, 0.00
15346,-0.04,-0.36,9.42,1.00,-0.02,0.00,0.00,0.25,2.39,0.05,10.61,0.00,0,2,1002.85,34.95,93.13,1002.85,31.16,92.01,0.65,1002.21,32.65,98.18,-0.03,0.24,111.97,300.15,7669,0.71,1.06,9.49,1.00,0.06,-0.04,-0.01,4.46,-7.26,-1.00,3,7,26,8, 0.0000000, 0.0000000, 0.00, 0.00
15404,-0.02,-0.30,9.47,1.00,-0.02,0.00,0.00,0.25,2.39,0.05,10.61,0.00,0,2,1002.84,34.94,93.16,1002.85,31.16,91.99,0.64,1002.21,32.64,98.13,-0.03,0.24,111.97,300.15,7704,0.74,1.18,9.55,1.00,0.06,-0.04,-0.01,4.46,-7.26,-1.00,3,7,26,8, 0.0000000, 0.0000000, 0.00, 0.00
15454,-0.09,-0.28,9.50,1.00,-0.02,0.00,0.00,0.24,2.39,0.05,10.61,0.00,0,2,1002.85,34.94,93.14,1002.85,31.17,91.97,0.64,1002.21,32.65,98.12,-0.05,0.29,112.24,300.23,7703,0.75,1.14,9.48,1.00,0.06,-0.04,-0.01,4.46,-7.26,-1.00,3,7,26,8, 0.0000000, 0.0000000, 0.00, 0.00
15512,-0.12,-0.26,9.53,1.00,-0.02,0.00,0.00,0.24,2.39,0.05,10.61,0.00,0,2,1002.84,34.94,93.16,1002.85,31.17,92.00,0.64,1002.20,32.65,98.20,-0.03,0.24,112.32,300.23,7704,0.85,1.27,9.54,1.00,0.06,-0.04,-0.01,4.46,-7.26,-1.00,3,7,26,8, 0.0000000, 0.0000000, 0.00, 0.00
15566,-0.07,-0.22,9.62,1.00,-0.02,0.00,0.00,0.24,2.38,0.05,10.61,0.00,0,2,1002.84,34.94,93.17,1002.85,31.16,92.00,0.64,1002.20,32.65,98.21,-0.03,0.24,111.97,300.23,7705,0.87,1.23,9.50,1.00,0.06,-0.04,-0.01,4.46,-7.26,-1.00,3,7,26,8, 0.0000000, 0.0000000, 0.00, 0.00
15624,-0.02,-0.31,9.51,1.00,-0.02,0.00,0.00,0.25,2.39,0.04,10.63,0.00,0,2,1002.84,34.95,93.19,1002.85,31.15,92.01,0.64,1002.21,32.66,98.19,-0.03,0.24,111.88,300.23,7718,0.65,1.32,9.47,1.00,0.06,-0.04,-0.01,4.46,-7.26,-0.99,3,7,26,8, 0.0000000, 0.0000000, 0.00, 0.00
15675,-0.01,-0.25,9.55,1.00,-0.02,0.00,0.00,0.25,2.39,0.04,10.63,0.00,0,2,1002.84,34.95,93.17,1002.85,31.15,92.03,0.64,1002.21,32.67,98.13,-0.05,0.29,111.80,300.15,7719,0.53,1.00,9.48,1.00,0.06,-0.04,-0.01,4.46,-7.26,-0.99,3,7,27,8, 0.0000000, 0.0000000, 0.00, 0.00
15727,-0.05,-0.29,9.66,1.00,-0.02,0.00,0.00,0.26,2.41,0.04,10.64,0.00,0,2,1002.84,34.95,93.20,1002.85,31.16,91.99,0.64,1002.22,32.66,98.10,-0.03,0.24,111.80,300.15,7721,0.75,1.18,9.56,1.00,0.06,-0.04,-0.01,4.46,-7.26,-0.99,3,7,27,8, 0.0000000, 0.0000000, 0.00, 0.00
15786,-0.05,-0.31,9.39,1.00,-0.02,0.00,0.00,0.26,2.41,0.04,10.61,0.00,0,2,1002.84,34.94,93.18,1002.85,31.17,92.00,0.64,1002.22,32.67,98.08,-0.03,0.24,111.80,300.15,7737,0.68,1.25,9.54,1.00,0.06,-0.04,-0.01,4.46,-7.26,-0.99,3,7,27,8, 0.0000000, 0.0000000, 0.00, 0.00
15844,-0.03,-0.32,9.56,1.00,-0.02,0.00,0.00,0.26,2.41,0.04,10.59,0.00,0,2,1002.85,34.95,93.13,1002.85,31.18,92.00,0.63,1002.22,32.65,98.07,-0.02,0.17,111.88,300.23,7749,0.79,1.20,9.47,1.00,0.06,-0.04,-0.01,4.46,-7.26,-0.99,3,7,27,8, 0.0000000, 0.0000000, 0.00, 0.00
15895,-0.04,-0.31,9.54,1.00,-0.02,0.00,0.00,0.26,2.41,0.04,10.59,0.00,0,2,1002.85,34.96,93.12,1002.85,31.17,92.01,0.63,1002.22,32.66,98.08,-0.03,0.24,111.88,300.23,7749,0.75,1.25,9.51,1.00,0.06,-0.04,-0.01,4.46,-7.26,-0.99,3,7,27,8, 0.0000000, 0.0000000, 0.00, 0.00
15947,-0.03,-0.25,9.51,1.00,-0.02,0.00,0.00,0.26,2.41,0.04,10.58,0.00,0,2,1002.85,34.94,93.13,1002.84,31.15,91.99,0.63,1002.22,32.66,98.08,-0.03,0.24,111.62,300.23,7766,0.72,1.06,9.46,1.00,0.06,-0.04,-0.01,4.46,-7.26,-0.99,3,7,27,8, 0.0000000, 0.0000000, 0.00, 0.00
16004,-0.06,-0.36,9.54,1.00,-0.02,0.00,0.00,0.26,2.41,0.04,10.57,0.00,0,2,1002.85,34.95,93.09,1002.84,31.14,92.02,0.64,1002.22,32.65,98.07,-0.03,0.24,111.80,300.23,7786,0.72,1.23,9.51,1.00,0.06,-0.04,-0.01,4.46,-7.26,-0.99,3,7,27,8, 0.0000000, 0.0000000, 0.00, 0.00
16056,-0.03,-0.32,9.40,1.00,-0.02,0.00,0.00,0.26,2.41,0.04,10.57,0.00,0,2,1002.85,34.96,93.13,1002.84,31.15,92.03,0.64,1002.22,32.65,98.03,-0.03,0.24,112.15,300.23,7793,0.79,1.40,9.51,1.00,0.06,-0.04,-0.01,4.46,-7.26,-0.99,3,7,27,8, 0.0000000, 0.0000000, 0.00, 0.00
16114,0.02,-0.29,9.55,1.00,-0.02,0.00,0.00,0.27,2.41,0.04,10.58,0.00,0,2,1002.85,34.95,93.15,1002.85,31.15,92.01,0.64,1002.22,32.65,98.04,-0.03,0.24,111.97,300.23,7824,0.71,1.36,9.56,1.00,0.06,-0.04,-0.01,4.46,-7.26,-0.99,3,7,27,8, 0.0000000, 0.0000000, 0.00, 0.00
16166,0.08,-0.28,9.63,1.00,-0.02,0.00,0.00,0.27,2.41,0.04,10.59,0.00,0,2,1002.85,34.95,93.15,1002.84,31.14,92.03,0.64,1002.22,32.67,98.06,-0.03,0.24,111.97,300.23,7829,0.69,1.31,9.55,1.00,0.06,-0.04,-0.01,4.46,-7.26,-0.99,3,7,27,8, 0.0000000, 0.0000000, 0.00, 0.00
16224,-0.04,-0.28,9.58,1.00,-0.02,0.00,0.00,0.27,2.43,0.04,10.60,0.00,0,2,1002.85,34.94,93.14,1002.85,31.16,92.01,0.63,1002.22,32.65,98.04,-0.03,0.24,111.80,300.23,7833,0.82,1.13,9.45,1.00,0.06,-0.04,-0.01,4.46,-7.26,-0.99,3,7,27,8, 0.0000000, 0.0000000, 0.00, 0.00
16278,-0.07,-0.30,9.54,1.00,-0.02,0.00,0.00,0.27,2.42,0.04,10.60,0.00,0,2,1002.85,34.95,93.15,1002.84,31.15,92.03,0.64,1002.22,32.66,98.07,-0.03,0.24,111.71,300.23,7832,0.73,1.22,9.49,1.00,0.06,-0.04,-0.01,4.46,-7.26,-0.99,3,7,27,8, 0.0000000, 0.0000000, 0.00, 0.00
16334,-0.07,-0.21,9.60,1.00,-0.02,0.00,0.00,0.27,2.42,0.04,10.59,0.00,0,2,1002.85,34.94,93.12,1002.85,31.17,91.97,0.64,1002.22,32.66,98.09,-0.03,0.24,111.80,300.23,7833,0.81,1.17,9.49,1.00,0.06,-0.04,-0.01,4.46,-7.26,-0.99,3,7,27,8, 0.0000000, 0.0000000, 0.00, 0.00
16390,-0.10,-0.29,9.49,1.00,-0.02,0.00,0.00,0.27,2.43,0.04,10.59,0.00,0,2,1002.85,34.95,93.14,1002.84,31.15,92.03,0.65,1002.22,32.64,98.10,-0.03,0.24,111.88,300.23,7833,0.76,1.15,9.48,1.00,0.06,-0.04,-0.01,4.46,-7.26,-0.99,3,7,27,8, 0.0000000, 0.0000000, 0.00, 0.00
16444,-0.08,-0.32,9.52,1.00,-0.02,0.00,0.00,0.27,2.43,0.04,10.59,0.00,0,2,1002.85,34.94,93.15,1002.84,31.15,92.03,0.63,1002.22,32.66,98.10,-0.02,0.17,111.80,300.23,7840,0.79,1.29,9.50,1.00,0.06,-0.04,-0.01,4.46,-7.26,-0.99,3,7,27,8, 0.0000000, 0.0000000, 0.00, 0.00
16501,-0.08,-0.30,9.49,1.00,-0.02,0.00,0.00,0.27,2.43,0.04,10.59,0.00,0,2,1002.85,34.95,93.14,1002.85,31.14,92.03,0.64,1002.22,32.65,98.06,-0.03,0.24,111.36,300.15,7841,0.81,1.22,9.50,1.00,0.06,-0.04,-0.01,4.46,-7.26,-0.99,3,7,27,8, 0.0000000, 0.0000000, 0.00, 0.00
16555,-0.04,-0.34,9.43,1.00,-0.02,0.00,0.00,0.28,2.46,0.06,10.59,0.00,0,2,1002.85,34.95,93.14,1002.85,31.15,91.98,0.64,1002.22,32.66,98.08,-0.03,0.24,111.18,300.23,7841,0.74,1.24,9.52,1.00,0.06,-0.04,-0.01,4.46,-7.26,-0.98,3,7,27,8, 0.0000000, 0.0000000, 0.00, 0.00
16613,0.00,-0.35,9.56,1.00,-0.02,0.00,0.00,0.28,2.46,0.06,10.59,0.00,0,2,1002.85,34.95,93.14,1002.84,31.17,92.02,0.64,1002.22,32.65,98.07,-0.02,0.17,111.27,300.23,7842,0.68,1.25,9.52,1.00,0.06,-0.04,-0.01,4.46,-7.26,-0.98,3,7,27,8, 0.0000000, 0.0000000, 0.00, 0.00
16665,-0.04,-0.34,9.55,1.00,-0.02,0.00,0.00,0.28,2.46,0.06,10.58,0.00,0,2,1002.85,34.94,93.11,1002.84,31.15,92.02,0.63,1002.22,32.67,98.06,-0.02,0.17,111.53,300.23,7845,0.73,1.23,9.54,1.00,0.06,-0.04,-0.01,4.46,-7.26,-0.98,3,7,28,8, 0.0000000, 0.0000000, 0.00, 0.00
16723,-0.07,-0.29,9.51,1.00,-0.02,0.00,0.00,0.28,2.46,0.06,10.59,0.00,0,2,1002.85,34.95,93.15,1002.85,31.17,92.05,0.65,1002.22,32.66,98.05,-0.03,0.24,112.41,300.23,7845,0.76,1.14,9.45,1.00,0.06,-0.04,-0.01,4.46,-7.26,-0.98,3,7,28,8, 0.0000000, 0.0000000, 0.00, 0.00
16775,-0.03,-0.26,9.53,1.00,-0.02,0.00,0.00,0.28,2.46,0.06,10.59,0.00,0,2,1002.85,34.95,93.14,1002.85,31.17,92.00,0.64,1002.22,32.66,98.08,-0.03,0.24,111.80,300.23,7844,0.74,1.18,9.56,1.00,0.06,-0.04,-0.01,4.46,-7.26,-0.98,3,7,28,8, 0.0000000, 0.0000000, 0.00, 0.00
16833,-0.02,-0.29,9.57,1.00,-0.02,0.00,0.00,0.28,2.46,0.06,10.59,0.00,0,2,1002.85,34.94,93.12,1002.85,31.14,92.00,0.64,1002.22,32.65,98.08,-0.03,0.24,111.71,300.23,7845,0.72,1.25,9.52,1.00,0.06,-0.04,-0.01,4.46,-7.26,-0.98,3,7,28,8, 0.0000000, 0.0000000, 0.00, 0.00
16885,-0.06,-0.27,9.51,1.00,-0.02,0.00,0.00,0.28,2.47,0.06,10.59,0.00,0,2,1002.84,34.94,93.16,1002.84,31.17,92.02,0.65,1002.22,32.65,98.04,-0.03,0.24,112.06,300.23,7845,0.82,1.13,9.50,1.00,0.06,-0.04,-0.01,4.46,-7.26,-0.98,3,7,28,8, 0.0000000, 0.0000000, 0.00, 0.00
16943,-0.06,-0.28,9.41,1.00,-0.02,0.00,0.00,0.28,2.47,0.06,10.60,0.00,0,2,1002.85,34.93,93.14,1002.85,31.16,92.01,0.65,1002.22,32.66,98.05,-0.03,0.24,113.20,300.23,7845,0.64,1.17,9.53,1.00,0.06,-0.04,-0.01,4.46,-7.26,-0.98,3,7,28,8, 0.0000000, 0.0000000, 0.00, 0.00
16999,-0.04,-0.27,9.52,1.00,-0.02,0.00,0.00,0.28,2.46,0.06,10.60,0.00,0,2,1002.85,34.96,93.13,1002.85,31.15,92.01,0.65,1002.22,32.65,98.09,-0.03,0.24,114.26,300.15,7845,0.82,1.30,9.53,1.00,0.06,-0.04,-0.01,4.46,-7.26,-0.99,3,7,28,8, 0.0000000, 0.0000000, 0.00, 0.00
17053,-0.02,-0.36,9.52,1.00,-0.02,0.00,0.00,0.28,2.46,0.06,10.59,0.00,0,2,1002.85,34.96,93.12,1002.85,31.14,91.99,0.65,1002.22,32.66,98.08,-0.03,0.24,114.35,300.23,7844,0.87,1.46,9.56,1.00,0.06,-0.04,-0.01,4.46,-7.26,-0.99,3,7,28,8, 0.0000000, 0.0000000, 0.00, 0.00
17106,-0.06,-0.37,9.50,1.00,-0.02,0.00,0.00,0.28,2.46,0.06,10.60,0.00,0,2,1002.85,34.94,93.12,1002.84,31.16,92.03,0.63,1002.22,32.65,98.07,-0.03,0.24,114.17,300.15,7845,0.84,1.17,9.38,1.00,0.06,-0.04,-0.01,4.46,-7.26,-0.99,3,7,28,8, 0.0000000, 0.0000000, 0.00, 0.00
17163,-0.04,-0.36,9.60,1.00,-0.02,0.00,0.00,0.28,2.46,0.06,10.59,0.00,0,2,1002.85,34.96,93.13,1002.84,31.16,92.04,0.63,1002.22,32.65,98.07,-0.03,0.24,112.85,300.15,7844,0.83,1.70,9.74,1.00,0.06,-0.04,-0.01,4.46,-7.28,-0.99,3,7,28,8, 0.0000000, 0.0000000, 0.00, 0.00
17214,-0.03,-0.23,9.53,1.00,-0.02,0.00,0.00,0.28,2.46,0.06,10.60,0.00,0,2,1002.85,34.96,93.15,1002.84,31.16,92.06,0.64,1002.22,32.66,98.06,-0.05,0.29,112.76,300.15,7844,0.71,1.04,9.48,1.00,0.06,-0.04,-0.01,4.46,-7.27,-0.98,3,7,28,8, 0.0000000, 0.0000000, 0.00, 0.00
17268,-0.02,-0.22,9.53,1.00,-0.02,0.00,0.00,0.28,2.43,0.06,10.60,0.00,0,2,1002.85,34.96,93.10,1002.85,31.16,92.01,0.64,1002.21,32.64,98.12,-0.03,0.24,113.03,300.15,7844,0.66,1.13,9.52,1.00,0.06,-0.04,-0.01,4.46,-7.26,-0.98,3,7,28,8, 0.0000000, 0.0000000, 0.00, 0.00
17324,0.00,-0.39,9.52,1.00,-0.02,0.00,0.00,0.28,2.43,0.06,10.61,0.00,0,2,1002.85,34.95,93.13,1002.84,31.16,92.06,0.64,1002.21,32.65,98.12,-0.03,0.24,113.73,300.15,7844,0.69,1.33,9.46,1.00,0.06,-0.04,-0.01,4.46,-7.26,-0.98,3,7,28,8, 0.0000000, 0.0000000, 0.00, 0.00
17375,-0.04,-0.38,9.49,1.00,-0.02,0.00,0.00,0.30,2.45,0.06,10.61,0.00,0,2,1002.85,34.96,93.13,1002.85,31.16,91.99,0.64,1002.21,32.65,98.13,-0.05,0.29,116.28,300.15,7845,0.81,1.81,9.73,1.00,0.06,-0.04,-0.01,4.46,-7.29,-0.99,3,7,28,8, 0.0000000, 0.0000000, 0.00, 0.00
17433,-0.07,-0.32,9.42,1.00,-0.02,0.00,0.00,0.30,2.45,0.06,10.61,0.00,0,2,1002.85,34.95,93.14,1002.85,31.15,92.02,0.43,1002.22,32.65,98.07,-0.03,0.24,118.74,300.15,7845,0.63,0.47,9.18,1.00,0.06,-0.04,-0.01,4.46,-7.27,-0.98,3,7,28,8, 0.0000000, 0.0000000, 0.00, 0.00
17486,-0.06,-0.32,9.59,1.00,-0.02,0.00,0.00,0.29,2.46,0.06,10.61,0.00,0,2,1002.84,34.94,93.16,1002.85,31.15,92.01,0.43,1002.22,32.64,98.08,-0.02,0.17,119.88,300.15,7844,0.86,1.93,9.85,1.00,0.06,-0.04,-0.01,4.46,-7.33,-1.01,3,7,28,8, 0.0000000, 0.0000000, 0.00, 0.00
17544,-0.10,-0.34,9.48,1.00,-0.02,0.00,0.00,0.29,2.44,0.06,10.61,0.00,0,2,1002.84,34.94,93.17,1002.84,31.15,92.03,0.63,1002.22,32.65,98.09,-0.03,0.24,120.32,300.15,7844,1.03,1.58,9.57,1.00,0.06,-0.04,-0.01,4.46,-7.30,-1.02,3,7,28,8, 0.0000000, 0.0000000, 0.00, 0.00
17595,-0.06,-0.34,9.53,1.00,-0.02,0.00,0.00,0.30,2.43,0.06,10.61,0.00,0,2,1002.85,34.94,93.14,1002.85,31.17,91.99,0.57,1002.22,32.66,98.08,-0.03,0.24,120.15,300.23,7844,0.78,0.79,9.34,1.00,0.06,-0.04,-0.01,4.46,-7.28,-1.02,3,7,28,8, 0.0000000, 0.0000000, 0.00, 0.00
17652,-0.05,-0.38,9.51,1.00,-0.02,0.00,0.00,0.31,2.43,0.06,10.61,0.00,0,2,1002.85,34.95,93.13,1002.85,31.18,92.01,0.63,1002.21,32.65,98.13,-0.03,0.24,120.15,300.23,7845,0.77,1.28,9.50,1.00,0.06,-0.04,-0.01,4.46,-7.29,-1.02,3,7,28,8, 0.0000000, 0.0000000, 0.00, 0.00
17705,-0.08,-0.27,9.57,1.00,-0.02,0.00,0.00,0.31,2.44,0.06,10.60,0.00,0,2,1002.85,34.95,93.15,1002.85,31.17,91.98,0.63,1002.22,32.66,98.10,-0.03,0.24,120.06,300.15,7844,0.68,1.52,9.63,1.00,0.06,-0.04,-0.01,4.46,-7.32,-1.02,3,7,29,8, 0.0000000, 0.0000000, 0.00, 0.00
17762,-0.03,-0.33,9.54,1.00,-0.02,0.00,0.00,0.31,2.44,0.06,10.60,0.00,0,2,1002.85,34.96,93.13,1002.85,31.16,91.99,0.63,1002.22,32.65,98.09,-0.03,0.24,120.06,300.23,7845,0.72,1.40,9.52,1.00,0.06,-0.04,-0.01,4.46,-7.32,-1.02,3,7,29,8, 0.0000000, 0.0000000, 0.00, 0.00
17814,-0.05,-0.33,9.59,1.00,-0.02,0.00,0.00,0.31,2.43,0.06,10.60,0.00,0,2,1002.85,34.95,93.14,1002.85,31.17,92.00,0.63,1002.21,32.64,98.12,-0.03,0.24,120.76,300.23,7844,0.68,0.82,9.37,1.00,0.06,-0.04,-0.01,4.46,-7.31,-1.02,3,7,29,8, 0.0000000, 0.0000000, 0.00, 0.00
17872,-0.01,-0.32,9.54,1.00,-0.02,0.00,0.00,0.30,2.43,0.06,10.60,0.00,0,2,1002.85,34.94,93.11,1002.85,31.15,91.96,0.63,1002.22,32.66,98.10,-0.03,0.24,121.20,300.15,7842,0.73,0.96,9.49,1.00,0.06,-0.04,-0.01,4.46,-7.32,-1.03,3,7,29,8, 0.0000000, 0.0000000, 0.00, 0.00
17925,-0.04,-0.27,9.60,1.00,-0.02,0.00,0.00,0.27,2.37,0.06,10.60,0.00,0,2,1002.85,34.96,93.12,1002.85,31.16,91.97,0.63,1002.22,32.64,98.09,-0.03,0.24,121.20,300.15,7842,0.86,0.95,9.38,1.00,0.06,-0.04,-0.01,4.46,-7.31,-1.03,3,7,29,8, 0.0000000, 0.0000000, 0.00, 0.00
17981,-0.03,-0.25,9.51,1.00,-0.02,0.00,0.00,0.25,2.31,0.07,10.59,0.00,0,2,1002.85,34.96,93.10,1002.85,31.17,92.02,0.63,1002.22,32.66,98.04,-0.03,0.24,121.03,300.15,7842,0.83,1.43,9.57,1.00,0.06,-0.04,-0.01,4.46,-7.32,-1.03,3,7,29,8, 0.0000000, 0.0000000, 0.00, 0.00
18035,-0.13,-0.25,9.53,1.00,-0.02,0.00,0.00,0.25,2.28,0.07,10.60,0.00,0,2,1002.85,34.95,93.15,1002.85,31.17,92.02,0.63,1002.22,32.65,98.09,-0.03,0.24,121.03,300.15,7846,0.92,1.49,9.54,1.00,0.06,-0.04,-0.01,4.46,-7.32,-1.03,3,7,29,8, 0.0000000, 0.0000000, 0.00, 0.00
18092,-0.10,-0.29,9.43,1.00,-0.02,0.00,0.00,0.25,2.18,0.07,10.59,0.00,0,2,1002.85,34.94,93.12,1002.85,31.16,91.97,0.63,1002.22,32.65,98.06,-0.03,0.24,120.85,300.15,7857,0.77,0.67,9.23,1.00,0.06,-0.04,-0.01,4.46,-7.29,-1.03,3,7,29,8, 0.0000000, 0.0000000, 0.00, 0.00
18150,0.00,-0.23,9.66,1.00,-0.02,0.00,0.00,0.25,2.18,0.07,10.59,0.00,0,2,1002.85,34.95,93.14,1002.85,31.17,91.98,0.63,1002.22,32.66,98.07,-0.02,0.17,120.67,300.15,7866,0.69,0.78,9.37,1.00,0.06,-0.04,-0.01,4.46,-7.31,-1.03,3,7,29,8, 0.0000000, 0.0000000, 0.00, 0.00
18202,0.02,-0.19,9.56,1.00,-0.02,0.00,0.00,0.24,2.15,0.07,10.58,0.00,0,2,1002.85,34.95,93.10,1002.85,31.17,92.00,0.63,1002.22,32.64,98.06,-0.03,0.24,120.32,300.15,7872,0.71,1.75,9.77,1.00,0.06,-0.04,-0.01,4.46,-7.30,-1.03,3,7,29,8, 0.0000000, 0.0000000, 0.00, 0.00
18260,-0.08,-0.26,9.38,1.00,-0.02,0.00,0.00,0.25,2.13,0.07,10.59,0.00,0,2,1002.85,34.97,93.13,1002.85,31.17,92.00,0.63,1002.22,32.66,98.07,-0.03,0.24,120.06,300.15,7873,0.75,0.49,9.29,1.00,0.06,-0.04,-0.01,4.46,-7.28,-1.03,3,7,29,8, 0.0000000, 0.0000000, 0.00, 0.00
18312,0.00,-0.24,9.64,1.00,-0.02,0.00,0.00,0.25,2.13,0.07,10.58,0.00,0,2,1002.85,34.95,93.11,1002.84,31.15,92.03,0.63,1002.22,32.65,98.03,-0.03,0.24,119.88,300.15,7878,0.75,0.96,9.46,1.00,0.06,-0.04,-0.01,4.46,-7.32,-1.03,3,7,29,8, 0.0000000, 0.0000000, 0.00, 0.00
18365,-0.02,-0.22,9.50,1.00,-0.02,0.00,0.00,0.25,2.13,0.07,10.59,0.00,0,2,1002.85,34.94,93.15,1002.85,31.15,92.01,0.63,1002.23,32.67,98.01,-0.03,0.24,119.79,300.15,7886,0.87,1.45,9.55,1.00,0.06,-0.04,-0.01,4.46,-7.32,-1.04,3,7,29,8, 0.0000000, 0.0000000, 0.00, 0.00
18422,0.01,-0.23,9.48,1.00,-0.02,0.00,0.00,0.25,2.13,0.07,10.59,0.00,0,2,1002.85,34.95,93.12,1002.85,31.17,91.98,0.63,1002.22,32.66,98.07,-0.03,0.24,119.71,300.15,7885,0.71,1.49,9.61,1.00,0.06,-0.04,-0.01,4.46,-7.33,-1.04,3,7,29,8, 0.0000000, 0.0000000, 0.00, 0.00
18480,0.00,-0.25,9.47,1.00,-0.02,0.00,0.00,0.25,2.13,0.07,10.59,0.00,0,2,1002.85,34.96,93.10,1002.85,31.17,92.01,0.63,1002.22,32.66,98.03,-0.05,0.29,119.62,300.15,7893,0.70,1.04,9.44,1.00,0.06,-0.04,-0.01,4.46,-7.33,-1.04,3,7,29,8, 0.0000000, 0.0000000, 0.00, 0.00
18532,0.01,-0.23,9.57,1.00,-0.02,0.00,0.00,0.25,2.13,0.07,10.59,0.00,0,2,1002.85,34.95,93.14,1002.85,31.15,92.00,0.63,1002.22,32.65,98.07,-0.03,0.24,119.36,300.15,7899,0.77,1.22,9.53,1.00,0.06,-0.04,-0.01,4.46,-7.33,-1.04,3,7,29,8, 0.0000000, 0.0000000, 0.00, 0.00
18589,-0.04,-0.22,9.51,1.00,-0.02,0.00,0.00,0.25,2.13,0.07,10.59,0.00,0,2,1002.85,34.96,93.13,1002.85,31.17,91.97,0.63,1002.22,32.66,98.03,-0.03,0.24,119.09,300.15,7913,0.83,1.10,9.41,1.00,0.06,-0.04,-0.01,4.46,-7.33,-1.04,3,7,29,8, 0.0000000, 0.0000000, 0.00, 0.00
18643,-0.03,-0.17,9.62,1.00,-0.02,0.00,0.00,0.25,2.13,0.07,10.58,0.00,0,2,1002.85,34.95,93.14,1002.85,31.18,91.95,0.63,1002.22,32.66,98.07,-0.05,0.29,118.83,300.15,7913,0.74,1.24,9.44,1.00,0.06,-0.04,-0.01,4.46,-7.33,-1.04,3,7,29,8, 0.0000000, 0.0000000, 0.00, 0.00
18694,0.00,-0.23,9.45,1.00,-0.02,0.00,0.00,0.25,2.13,0.07,10.58,0.00,0,2,1002.85,34.94,93.14,1002.85,31.16,92.01,0.63,1002.22,32.66,98.03,-0.02,0.17,119.00,300.15,7912,0.73,2.03,9.83,1.00,0.06,-0.04,-0.01,4.46,-7.37,-1.04,3,7,30,8, 0.0000000, 0.0000000, 0.00, 0.00
18751,0.00,-0.31,9.50,1.00,-0.02,0.00,0.00,0.25,2.13,0.07,10.59,0.00,0,2,1002.85,34.95,93.10,1002.85,31.17,92.00,0.63,1002.21,32.65,98.10,-0.03,0.24,119.18,300.15,7913,0.73,0.63,9.37,1.00,0.06,-0.04,-0.01,4.46,-7.34,-1.04,3,7,30,8, 0.0000000, 0.0000000, 0.00, 0.00
18804,-0.08,-0.21,9.54,1.00,-0.02,0.00,0.00,0.25,2.13,0.07,10.59,0.00,0,2,1002.85,34.96,93.10,1002.85,31.16,91.99,0.63,1002.22,32.65,98.05,-0.03,0.24,119.18,300.15,7912,0.78,0.56,9.20,1.00,0.06,-0.04,-0.01,4.45,-7.34,-1.05,3,7,30,8, 0.0000000, 0.0000000, 0.00, 0.00
18861,-0.04,-0.26,9.34,1.00,-0.02,0.00,0.00,0.25,2.15,0.07,10.59,0.00,0,2,1002.85,34.95,93.12,1002.85,31.17,91.97,0.63,1002.22,32.64,98.09,-0.03,0.24,118.83,300.15,7913,0.72,1.92,9.76,1.00,0.06,-0.04,-0.01,4.45,-7.41,-1.05,3,7,30,8, 0.0000000, 0.0000000, 0.00, 0.00
18912,0.02,-0.35,9.50,1.00,-0.02,0.00,0.00,0.25,2.20,0.07,10.59,0.00,0,2,1002.85,34.96,93.10,1002.85,31.17,91.97,0.63,1002.22,32.66,98.05,-0.03,0.24,119.09,300.15,7913,0.67,0.90,9.41,1.00,0.06,-0.04,-0.01,4.45,-7.41,-1.05,3,7,30,8, 0.0000000, 0.0000000, 0.00, 0.00
18965,0.00,-0.27,9.50,1.00,-0.02,0.00,0.00,0.25,2.25,0.07,10.59,0.00,0,2,1002.85,34.95,93.12,1002.85,31.16,91.98,0.63,1002.22,32.66,98.10,-0.03,0.24,119.71,300.15,7911,0.71,0.88,9.49,1.00,0.06,-0.04,-0.01,4.45,-7.44,-1.05,3,7,30,8, 0.0000000, 0.0000000, 0.00, 0.00
19023,-0.15,-0.24,9.40,1.00,-0.02,0.00,0.00,0.25,2.25,0.07,10.59,0.00,0,2,1002.85,34.96,93.13,1002.85,31.17,92.00,0.63,1002.22,32.66,98.04,-0.05,0.29,119.88,300.15,7912,0.89,1.04,9.44,1.00,0.06,-0.04,-0.01,4.45,-7.45,-1.05,3,7,30,29, 0.0000000, 0.0000000, 0.00, 0.00
19074,-0.09,-0.22,9.53,1.00,-0.02,0.00,0.00,0.25,2.24,0.07,10.59,0.00,0,2,1002.85,34.96,93.12,1002.85,31.18,92.00,0.63,1002.22,32.66,98.03,-0.02,0.17,119.88,300.15,7913,0.73,1.31,9.59,1.00,0.06,-0.04,-0.01,4.45,-7.47,-1.06,3,7,30,29, 0.0000000, 0.0000000, 0.00, 0.00
19130,-0.03,-0.26,9.49,1.00,-0.02,0.00,0.00,0.25,2.22,0.07,10.60,0.00,0,2,1002.85,34.96,93.13,1002.85,31.17,91.97,0.63,1002.22,32.65,98.09,-0.03,0.24,119.79,300.15,7913,0.75,0.65,9.34,1.00,0.06,-0.04,-0.01,4.45,-7.45,-1.05,3,7,30,29, 0.0000000, 0.0000000, 0.00, 0.00
19183,-0.03,-0.34,9.57,1.00,-0.02,0.00,0.00,0.25,2.22,0.07,10.60,0.00,0,2,1002.84,34.96,93.17,1002.84,31.15,91.99,0.64,1002.22,32.66,98.08,-0.03,0.24,119.71,300.15,7913,0.69,1.08,9.50,1.00,0.06,-0.04,-0.01,4.45,-7.46,-1.06,3,7,30,29, 0.0000000, 0.0000000, 0.00, 0.00
19239,-0.13,-0.31,9.50,1.00,-0.02,0.00,0.00,0.25,2.22,0.07,10.61,0.00,0,2,1002.85,34.95,93.10,1002.85,31.16,91.99,0.63,1002.22,32.66,98.07,-0.03,0.24,119.88,300.15,7913,0.73,1.53,9.62,1.00,0.06,-0.04,-0.01,4.45,-7.46,-1.06,3,7,30,29, 0.0000000, 0.0000000, 0.00, 0.00
19292,-0.08,-0.20,9.44,1.00,-0.02,0.00,0.00,0.26,2.18,0.07,10.61,0.00,0,2,1002.85,34.96,93.13,1002.85,31.17,92.00,0.64,1002.21,32.65,98.12,-0.03,0.24,119.71,300.15,7913,0.66,1.25,9.49,1.00,0.06,-0.04,-0.01,4.45,-7.45,-1.05,3,7,30,29, 0.0000000, 0.0000000, 0.00, 0.00
19348,0.00,-0.12,9.70,1.00,-0.02,0.00,0.00,0.26,2.16,0.07,10.60,0.00,0,2,1002.85,34.96,93.15,1002.85,31.17,92.00,0.63,1002.21,32.67,98.11,-0.05,0.29,118.74,300.15,7913,0.68,1.58,9.71,1.00,0.06,-0.04,-0.01,4.45,-7.42,-1.05,3,7,30,29, 0.0000000, 0.0000000, 0.00, 0.00
19401,-0.08,-0.41,9.50,1.00,-0.02,0.00,0.00,0.26,2.15,0.07,10.61,0.00,0,2,1002.85,34.96,93.15,1002.85,31.17,92.02,0.63,1002.22,32.65,98.09,-0.03,0.24,117.86,300.15,7913,0.67,1.29,9.50,1.00,0.06,-0.04,-0.01,4.45,-7.40,-1.05,3,7,30,29, 0.0000000, 0.0000000, 0.00, 0.00
19459,-0.07,-0.34,9.40,1.00,-0.02,0.00,0.00,0.26,2.15,0.07,10.61,0.00,0,2,1002.85,34.96,93.14,1002.85,31.17,91.98,0.63,1002.22,32.67,98.04,-0.03,0.24,115.49,300.15,7913,0.53,1.08,9.48,1.00,0.06,-0.04,-0.01,4.45,-7.42,-1.05,3,7,30,29, 0.0000000, 0.0000000, 0.00, 0.00
19512,0.01,-0.26,9.61,1.00,-0.02,0.00,0.00,0.26,2.18,0.07,10.60,0.00,0,2,1002.85,34.97,93.12,1002.85,31.17,92.00,0.63,1002.22,32.67,98.03,-0.03,0.24,112.32,300.15,7913,0.80,1.69,9.72,1.00,0.06,-0.04,-0.01,4.45,-7.45,-1.05,3,7,30,29, 0.0000000, 0.0000000, 0.00, 0.00
19565,0.05,-0.28,9.55,1.00,-0.02,0.00,0.00,0.25,2.17,0.07,10.60,0.00,0,2,1002.85,34.96,93.13,1002.85,31.16,91.99,0.63,1002.22,32.67,98.03,-0.02,0.17,110.39,300.15,7913,0.90,1.68,9.71,1.00,0.06,-0.04,-0.01,4.45,-7.45,-1.05,3,7,30,29, 0.0000000, 0.0000000, 0.00, 0.00
19621,-0.05,-0.24,9.51,1.00,-0.02,0.00,0.00,0.25,2.16,0.07,10.60,0.00,0,2,1002.85,34.97,93.13,1002.84,31.15,91.99,0.63,1002.22,32.67,98.04,-0.03,0.24,110.48,300.15,7913,0.89,1.14,9.39,1.00,0.06,-0.04,-0.01,4.45,-7.42,-1.05,3,7,30,29, 0.0000000, 0.0000000, 0.00, 0.00
19677,-0.04,-0.29,9.61,1.00,-0.02,0.00,0.00,0.25,2.16,0.07,10.61,0.00,0,2,1002.85,34.96,93.13,1002.85,31.17,91.98,0.64,1002.22,32.68,98.05,-0.03,0.24,111.09,300.15,7914,0.77,1.24,9.49,1.00,0.06,-0.04,-0.01,4.45,-7.42,-1.05,3,7,30,29, 0.0000000, 0.0000000, 0.00, 0.00
19730,-0.08,-0.20,9.43,1.00,-0.02,0.00,0.00,0.25,2.15,0.07,10.60,0.00,0,2,1002.85,34.96,93.12,1002.85,31.17,91.99,0.64,1002.22,32.68,98.04,-0.03,0.24,111.01,300.23,7912,0.60,0.66,9.27,1.00,0.06,-0.04,-0.01,4.45,-7.42,-1.05,3,7,30,29, 0.0000000, 0.0000000, 0.00, 0.00
19783,0.04,-0.36,9.73,1.00,-0.02,0.00,0.00,0.25,2.15,0.07,10.60,0.00,0,2,1002.85,34.97,93.11,1002.85,31.17,92.00,0.63,1002.22,32.67,98.04,-0.03,0.24,111.01,300.15,7913,0.74,2.25,9.96,1.00,0.06,-0.04,-0.01,4.45,-7.48,-1.05,3,7,30,29, 0.0000000, 0.0000000, 0.00, 0.00
19841,-0.16,-0.10,9.38,1.00,-0.02,0.00,0.00,0.25,2.11,0.07,10.59,0.00,0,2,1002.85,34.97,93.09,1002.85,31.18,91.96,0.62,1002.22,32.68,98.04,-0.03,0.24,110.83,300.15,7912,1.02,0.86,9.23,1.00,0.06,-0.04,-0.01,4.45,-7.40,-1.06,3,7,30,29, 0.0000000, 0.0000000, 0.00, 0.00
19899,-0.13,-0.31,9.50,1.00,-0.02,0.00,0.00,0.26,2.10,0.07,10.59,0.00,0,2,1002.85,34.96,93.12,1002.85,31.18,91.96,0.64,1002.23,32.69,98.00,-0.05,0.29,110.65,300.15,7912,0.73,1.02,9.43,1.00,0.06,-0.04,-0.01,4.45,-7.40,-1.06,3,7,31,29, 0.0000000, 0.0000000, 0.00, 0.00
19951,-0.03,-0.32,9.50,1.00,-0.02,0.00,0.00,0.26,2.10,0.07,10.58,0.00,0,2,1002.85,34.97,93.09,1002.85,31.18,91.96,0.64,1002.23,32.67,98.01,-0.03,0.24,110.65,300.15,7913,0.75,0.83,9.41,1.00,0.06,-0.04,-0.01,4.45,-7.40,-1.06,3,7,31,29, 0.0000000, 0.0000000, 0.00, 0.00
20004,-0.02,-0.31,9.43,1.00,-0.02,0.00,0.00,0.26,2.10,0.07,10.58,0.00,0,2,1002.85,34.98,93.12,1002.85,31.18,92.01,0.64,1002.23,32.68,98.02,-0.03,0.24,110.65,300.15,7913,0.69,1.22,9.50,1.00,0.06,-0.04,-0.01,4.45,-7.39,-1.06,3,7,31,29, 0.0000000, 0.0000000, 0.00, 0.00
20060,-0.05,-0.35,9.45,1.00,-0.02,0.00,0.00,0.26,2.12,0.07,10.58,0.00,0,2,1002.85,34.96,93.13,1002.85,31.17,92.00,0.64,1002.23,32.68,98.00,-0.03,0.24,110.92,300.15,7914,0.78,1.14,9.47,1.00,0.06,-0.04,-0.01,4.45,-7.38,-1.06,3,7,31,29, 0.0000000, 0.0000000, 0.00, 0.00
20111,-0.10,-0.29,9.53,1.00,-0.02,0.00,0.00,0.26,2.12,0.07,10.60,0.00,0,2,1002.85,34.96,93.15,1002.85,31.18,92.00,0.64,1002.22,32.68,98.02,-0.05,0.29,111.01,300.15,7912,0.80,1.24,9.57,1.00,0.06,-0.04,-0.01,4.45,-7.40,-1.06,3,7,31,29, 0.0000000, 0.0000000, 0.00, 0.00
20166,-0.08,-0.31,9.43,1.00,-0.02,0.00,0.00,0.26,2.11,0.07,10.60,0.00,0,2,1002.85,34.96,93.12,1002.85,31.18,91.97,0.64,1002.22,32.68,98.04,-0.03,0.24,110.92,300.23,7912,0.78,1.12,9.44,1.00,0.06,-0.04,-0.01,4.45,-7.40,-1.06,3,7,31,29, 0.0000000, 0.0000000, 0.00, 0.00
20221,-0.03,-0.29,9.63,1.00,-0.02,0.00,0.00,0.25,2.11,0.07,10.59,0.00,0,2,1002.85,34.97,93.13,1002.85,31.17,91.98,0.64,1002.22,32.67,98.06,-0.03,0.24,110.74,300.23,7912,0.80,1.25,9.50,1.00,0.06,-0.04,-0.01,4.45,-7.42,-1.05,3,7,31,29, 0.0000000, 0.0000000, 0.00, 0.00
20272,-0.04,-0.23,9.49,1.00,-0.02,0.00,0.00,0.25,2.11,0.07,10.59,0.00,0,2,1002.85,34.98,93.08,1002.85,31.16,91.98,0.64,1002.22,32.67,98.08,-0.03,0.24,110.74,300.23,7913,0.67,1.24,9.52,1.00,0.06,-0.04,-0.01,4.45,-7.42,-1.05,3,7,31,29, 0.0000000, 0.0000000, 0.00, 0.00
20330,-0.08,-0.27,9.50,1.00,-0.02,0.00,0.00,0.25,2.09,0.07,10.59,0.00,0,2,1002.85,34.97,93.12,1002.85,31.17,91.96,0.64,1002.22,32.68,98.04,-0.02,0.17,111.18,300.23,7912,0.81,1.15,9.54,1.00,0.06,-0.04,-0.01,4.46,-7.42,-1.05,3,7,31,29, 0.0000000, 0.0000000, 0.00, 0.00
20387,-0.09,-0.21,9.50,1.00,-0.02,0.00,0.00,0.25,2.08,0.07,10.59,0.00,0,2,1002.85,34.96,93.12,1002.85,31.18,91.96,0.64,1002.22,32.68,98.05,-0.03,0.24,111.01,300.23,7911,0.86,1.05,9.41,1.00,0.06,-0.04,-0.01,4.46,-7.42,-1.05,3,7,31,29, 0.0000000, 0.0000000, 0.00, 0.00
20441,0.00,-0.23,9.52,1.00,-0.02,0.00,0.00,0.25,2.07,0.07,10.60,0.00,0,2,1002.85,34.98,93.13,1002.85,31.18,91.96,0.64,1002.22,32.67,98.02,-0.03,0.24,110.57,300.23,7913,0.75,1.39,9.51,1.00,0.06,-0.04,-0.01,4.47,-7.42,-1.05,3,7,31,29, 0.0000000, 0.0000000, 0.00, 0.00
20499,0.00,-0.34,9.50,1.00,-0.02,0.00,0.00,0.25,2.06,0.07,10.59,0.00,0,2,1002.85,34.98,93.11,1002.85,31.17,91.96,0.64,1002.22,32.67,98.05,-0.03,0.24,110.57,300.23,7913,0.79,1.36,9.54,1.00,0.06,-0.04,-0.01,4.46,-7.42,-1.05,3,7,31,29, 0.0000000, 0.0000000, 0.00, 0.00
20550,0.01,-0.20,9.55,1.00,-0.02,0.00,0.00,0.25,2.06,0.07,10.59,0.00,0,2,1002.85,34.99,93.13,1002.85,31.18,92.01,0.64,1002.22,32.68,98.05,-0.03,0.24,110.65,300.23,7918,0.67,0.99,9.45,1.00,0.06,-0.04,-0.01,4.46,-7.42,-1.05,3,7,31,29, 0.0000000, 0.0000000, 0.00, 0.00
20609,0.00,-0.28,9.46,1.00,-0.02,0.00,0.00,0.25,2.05,0.07,10.60,0.00,0,2,1002.85,34.99,93.12,1002.85,31.18,91.99,0.63,1002.23,32.67,98.01,-0.03,0.24,110.57,300.23,7919,0.75,1.06,9.45,1.00,0.06,-0.04,-0.01,4.46,-7.42,-1.05,3,7,31,29, 0.0000000, 0.0000000, 0.00, 0.00
20661,-0.06,-0.26,9.46,1.00,-0.02,0.00,0.00,0.25,2.06,0.07,10.61,0.00,0,2,1002.85,34.97,93.12,1002.85,31.17,92.00,0.63,1002.22,32.67,98.03,-0.02,0.17,110.57,300.23,7923,0.78,1.07,9.49,1.00,0.06,-0.04,-0.01,4.46,-7.41,-1.05,3,7,31,29, 0.0000000, 0.0000000, 0.00, 0.00
20718,-0.09,-0.27,9.59,1.00,-0.02,0.00,0.00,0.25,2.06,0.07,10.60,0.00,0,2,1002.85,34.98,93.12,1002.85,31.18,92.01,0.63,1002.22,32.66,98.03,-0.03,0.24,110.74,300.23,7925,0.66,1.21,9.50,1.00,0.06,-0.04,-0.01,4.46,-7.41,-1.05,3,7,31,29, 0.0000000, 0.0000000, 0.00, 0.00
20769,-0.04,-0.24,9.55,1.00,-0.02,0.00,0.00,0.25,2.05,0.07,10.60,0.00,0,2,1002.85,34.98,93.12,1002.85,31.19,91.99,0.64,1002.22,32.67,98.04,-0.05,0.29,110.92,300.23,7925,0.69,1.22,9.51,1.00,0.06,-0.04,-0.01,4.47,-7.42,-1.05,3,7,31,29, 0.0000000, 0.0000000, 0.00, 0.00
20824,-0.03,-0.31,9.54,1.00,-0.02,0.00,0.00,0.25,2.05,0.07,10.60,0.00,0,2,1002.85,34.98,93.11,1002.84,31.18,92.03,0.63,1002.23,32.67,98.01,-0.03,0.24,110.92,300.23,7925,0.61,1.15,9.52,1.00,0.06,-0.04,-0.01,4.47,-7.41,-1.05,3,7,31,29, 0.0000000, 0.0000000, 0.00, 0.00
20879,-0.08,-0.25,9.58,1.00,-0.02,0.00,0.00,0.25,2.04,0.07,10.59,0.00,0,2,1002.85,34.98,93.12,1002.85,31.17,91.98,0.64,1002.23,32.68,98.00,-0.03,0.24,110.83,300.23,7923,0.83,1.22,9.51,1.00,0.06,-0.04,-0.01,4.47,-7.41,-1.05,3,7,31,29, 0.0000000, 0.0000000, 0.00, 0.00
20936,-0.01,-0.20,9.56,1.00,-0.02,0.00,0.00,0.25,2.04,0.07,10.60,0.00,0,2,1002.85,34.97,93.16,1002.85,31.17,91.98,0.64,1002.22,32.67,98.04,-0.02,0.17,110.74,300.23,7922,0.75,1.14,9.51,1.00,0.06,-0.04,-0.01,4.47,-7.40,-1.05,3,7,31,29, 0.0000000, 0.0000000, 0.00, 0.00
20990,0.00,-0.26,9.57,1.00,-0.02,0.00,0.00,0.25,2.04,0.07,10.59,0.00,0,2,1002.85,34.99,93.11,1002.85,31.18,91.96,0.64,1002.22,32.66,98.03,-0.05,0.29,110.74,300.23,7923,0.75,1.38,9.58,1.00,0.06,-0.04,-0.01,4.47,-7.40,-1.05,3,7,31,29, 0.0000000, 0.0000000, 0.00, 0.00
21047,-0.04,-0.28,9.47,1.00,-0.02,0.00,0.00,0.25,2.04,0.07,10.60,0.00,0,2,1002.85,34.99,93.12,1002.85,31.17,91.95,0.64,1002.22,32.66,98.06,-0.03,0.24,110.74,300.23,7920,0.76,1.25,9.49,1.00,0.06,-0.04,-0.01,4.47,-7.40,-1.05,3,7,31,29, 0.0000000, 0.0000000, 0.00, 0.00
21099,-0.10,-0.30,9.45,1.00,-0.02,0.00,0.00,0.25,2.04,0.07,10.61,0.00,0,2,1002.85,34.98,93.15,1002.85,31.18,91.94,0.64,1002.22,32.66,98.07,-0.03,0.24,110.74,300.23,7916,0.81,1.28,9.54,1.00,0.06,-0.04,-0.01,4.47,-7.40,-1.05,3,7,31,29, 0.0000000, 0.0000000, 0.00, 0.00
21156,-0.08,-0.26,9.52,1.00,-0.02,0.00,0.00,0.25,2.04,0.07,10.62,0.00,0,2,1002.85,34.98,93.17,1002.85,31.17,91.98,0.64,1002.22,32.67,98.06,-0.02,0.17,110.74,300.23,7914,0.77,1.30,9.50,1.00,0.06,-0.04,-0.01,4.47,-7.40,-1.05,3,7,32,29, 0.0000000, 0.0000000, 0.00, 0.00
21208,-0.11,-0.29,9.41,1.00,-0.02,0.00,0.00,0.25,2.04,0.07,10.62,0.00,0,2,1002.85,34.99,93.11,1002.85,31.18,91.98,0.64,1002.22,32.66,98.06,-0.03,0.24,110.74,300.23,7911,0.79,1.32,9.53,1.00,0.06,-0.04,-0.01,4.47,-7.40,-1.05,3,7,32,29, 0.0000000, 0.0000000, 0.00, 0.00
21262,-0.05,-0.22,9.55,1.00,-0.02,0.00,0.00,0.25,2.04,0.07,10.62,0.00,0,2,1002.85,34.98,93.17,1002.85,31.19,91.97,0.64,1002.22,32.66,98.06,-0.03,0.24,110.74,300.23,7907,0.79,1.38,9.55,1.00,0.06,-0.04,-0.01,4.47,-7.40,-1.05,3,7,32,29, 0.0000000, 0.0000000, 0.00, 0.00
21318,-0.05,-0.23,9.54,1.00,-0.02,0.00,0.00,0.25,2.04,0.07,10.62,0.00,0,2,1002.85,34.97,93.12,1002.85,31.19,92.01,0.64,1002.22,32.66,98.10,-0.05,0.29,110.74,300.23,7905,0.79,1.36,9.55,1.00,0.06,-0.04,-0.01,4.47,-7.40,-1.05,3,7,32,29, 0.0000000, 0.0000000, 0.00, 0.00
21369,-0.04,-0.23,9.55,1.00,-0.02,0.00,0.00,0.25,2.04,0.07,10.63,0.00,0,2,1002.85,34.97,93.15,1002.85,31.19,91.99,0.64,1002.22,32.67,98.10,-0.03,0.24,110.74,300.23,7895,0.72,1.24,9.50,1.00,0.06,-0.04,-0.01,4.47,-7.40,-1.05,3,7,32,29, 0.0000000, 0.0000000, 0.00, 0.00
21428,-0.02,-0.20,9.53,1.00,-0.02,0.00,0.00,0.25,2.04,0.07,10.61,0.00,0,2,1002.85,34.98,93.12,1002.85,31.18,91.94,0.64,1002.22,32.66,98.06,-0.03,0.24,110.74,300.23,7887,0.68,1.28,9.55,1.00,0.06,-0.04,-0.01,4.47,-7.40,-1.05,3,7,32,29, 0.0000000, 0.0000000, 0.00, 0.00
21480,-0.01,-0.24,9.50,1.00,-0.02,0.00,0.00,0.25,2.04,0.07,10.61,0.00,0,2,1002.85,34.99,93.17,1002.85,31.18,91.96,0.63,1002.22,32.67,98.06,-0.03,0.24,110.74,300.23,7879,0.67,1.17,9.50,1.00,0.06,-0.04,-0.01,4.47,-7.40,-1.05,3,7,32,29, 0.0000000, 0.0000000, 0.00, 0.00
21535,0.00,-0.25,9.57,1.00,-0.02,0.00,0.00,0.25,2.04,0.07,10.61,0.00,0,2,1002.85,34.98,93.13,1002.85,31.20,91.98,0.64,1002.21,32.65,98.12,-0.03,0.24,110.74,300.23,7877,0.69,1.35,9.53,1.00,0.06,-0.04,-0.01,4.47,-7.40,-1.05,3,7,32,29, 0.0000000, 0.0000000, 0.00, 0.00
21588,-0.02,-0.22,9.53,1.00,-0.02,0.00,0.00,0.25,2.04,0.07,10.62,0.00,0,2,1002.85,34.97,93.16,1002.85,31.19,92.00,0.64,1002.22,32.68,98.09,-0.03,0.24,110.74,300.23,7868,0.75,1.15,9.50,1.00,0.06,-0.04,-0.01,4.47,-7.40,-1.05,3,7,32,29, 0.0000000, 0.0000000, 0.00, 0.00
21641,0.00,-0.25,9.50,1.00,-0.02,0.00,0.00,0.25,2.04,0.07,10.61,0.00,0,2,1002.85,34.98,93.15,1002.85,31.18,91.98,0.64,1002.21,32.66,98.12,-0.03,0.24,110.74,300.23,7856,0.86,1.18,9.48,1.00,0.06,-0.04,-0.01,4.47,-7.40,-1.05,3,7,32,29, 0.0000000, 0.0000000, 0.00, 0.00
21698,-0.07,-0.21,9.50,1.00,-0.02,0.00,0.00,0.25,2.04,0.07,10.61,0.00,0,2,1002.85,34.97,93.16,1002.85,31.18,92.01,0.64,1002.21,32.67,98.16,-0.03,0.24,110.39,300.23,7843,0.79,1.14,9.48,1.00,0.06,-0.04,-0.01,4.47,-7.40,-1.05,3,7,32,29, 0.0000000, 0.0000000, 0.00, 0.00
21749,-0.04,-0.19,9.49,1.00,-0.02,0.00,0.00,0.25,2.04,0.07,10.61,0.00,0,2,1002.85,34.99,93.14,1002.85,31.19,91.99,0.63,1002.21,32.66,98.18,-0.03,0.24,110.48,300.23,7837,0.74,1.19,9.50,1.00,0.06,-0.04,-0.01,4.47,-7.40,-1.05,3,7,32,29, 0.0000000, 0.0000000, 0.00, 0.00
21805,-0.04,-0.26,9.48,1.00,-0.02,0.00,0.00,0.25,2.04,0.07,10.62,0.00,0,2,1002.85,34.98,93.17,1002.85,31.18,91.99,0.64,1002.21,32.67,98.11,-0.05,0.29,110.74,300.23,7822,0.69,1.24,9.54,1.00,0.06,-0.04,-0.01,4.47,-7.40,-1.05,3,7,32,29, 0.0000000, 0.0000000, 0.00, 0.00
21858,-0.08,-0.24,9.45,1.00,-0.02,0.00,0.00,0.25,2.04,0.07,10.62,0.00,0,2,1002.85,34.98,93.13,1002.85,31.20,91.98,0.64,1002.21,32.67,98.13,-0.05,0.29,110.74,300.23,7809,0.86,1.30,9.49,1.00,0.06,-0.04,-0.01,4.47,-7.40,-1.05,3,7,32,29, 0.0000000, 0.0000000, 0.00, 0.00
21911,-0.03,-0.18,9.60,1.00,-0.02,0.00,0.00,0.25,2.04,0.07,10.61,0.00,0,2,1002.85,34.98,93.16,1002.85,31.20,91.99,0.64,1002.21,32.67,98.11,-0.03,0.24,110.74,300.23,7807,0.79,1.26,9.54,1.00,0.06,-0.04,-0.01,4.47,-7.40,-1.05,3,7,33,29, 0.0000000, 0.0000000, 0.00, 0.00
21968,0.00,-0.23,9.52,1.00,-0.02,0.00,0.00,0.25,2.04,0.07,10.60,0.00,0,2,1002.85,34.98,93.15,1002.85,31.19,92.00,0.64,1002.22,32.67,98.09,-0.02,0.17,110.65,300.23,7804,0.67,1.14,9.50,1.00,0.06,-0.04,-0.01,4.47,-7.40,-1.05,3,7,33,29, 0.0000000, 0.0000000, 0.00, 0.00
22025,-0.01,-0.24,9.52,1.00,-0.02,0.00,0.00,0.25,2.04,0.07,10.62,0.00,0,2,1002.84,34.97,93.17,1002.85,31.20,91.98,0.64,1002.21,32.66,98.12,-0.03,0.24,110.65,300.23,7802,0.76,1.13,9.45,1.00,0.06,-0.04,-0.01,4.47,-7.40,-1.05,3,7,33,29, 0.0000000, 0.0000000, 0.00, 0.00
22078,-0.07,-0.20,9.58,1.00,-0.02,0.00,0.00,0.25,2.04,0.07,10.61,0.00,0,2,1002.85,34.97,93.14,1002.85,31.19,91.98,0.63,1002.22,32.68,98.07,-0.05,0.29,110.65,300.23,7786,0.80,1.24,9.51,1.00,0.06,-0.04,-0.01,4.47,-7.40,-1.05,3,7,33,29, 0.0000000, 0.0000000, 0.00, 0.00
22135,-0.05,-0.17,9.52,1.00,-0.02,0.00,0.00,0.25,2.04,0.07,10.61,0.00,0,2,1002.85,34.97,93.16,1002.85,31.20,91.99,0.64,1002.22,32.67,98.10,-0.03,0.24,110.57,300.23,7784,0.78,1.26,9.52,1.00,0.06,-0.04,-0.01,4.47,-7.40,-1.05,3,7,33,29, 0.0000000, 0.0000000, 0.00, 0.00
22188,-0.01,-0.32,9.48,1.00,-0.02,0.00,0.00,0.25,2.04,0.07,10.61,0.00,0,2,1002.85,34.98,93.14,1002.85,31.18,91.98,0.64,1002.21,32.67,98.15,-0.05,0.29,110.83,300.23,7772,0.68,1.19,9.51,1.00,0.06,-0.04,-0.01,4.47,-7.40,-1.05,3,7,33,29, 0.0000000, 0.0000000, 0.00, 0.00
22246,-0.02,-0.28,9.48,1.00,-0.02,0.00,0.00,0.25,2.04,0.07,10.61,0.00,0,2,1002.85,34.99,93.14,1002.85,31.19,91.97,0.63,1002.21,32.67,98.11,-0.03,0.24,110.92,300.23,7766,0.74,1.21,9.49,1.00,0.06,-0.04,-0.01,4.47,-7.40,-1.05,3,7,33,29, 0.0000000, 0.0000000, 0.00, 0.00
22298,-0.04,-0.22,9.51,1.00,-0.02,0.00,0.00,0.25,2.04,0.07,10.60,0.00,0,2,1002.85,34.98,93.17,1002.85,31.19,92.01,0.64,1002.21,32.67,98.11,-0.03,0.24,110.74,300.23,7758,0.79,1.17,9.51,1.00,0.06,-0.04,-0.01,4.47,-7.40,-1.05,3,7,33,29, 0.0000000, 0.0000000, 0.00, 0.00
22355,-0.04,-0.28,9.50,1.00,-0.02,0.00,0.00,0.25,2.04,0.07,10.61,0.00,0,2,1002.85,34.98,93.13,1002.85,31.19,91.98,0.64,1002.21,32.67,98.11,-0.03,0.24,110.92,300.23,7747,0.77,1.21,9.49,1.00,0.06,-0.04,-0.01,4.47,-7.40,-1.05,3,7,33,29, 0.0000000, 0.0000000, 0.00, 0.00
22408,-0.03,-0.21,9.56,1.00,-0.02,0.00,0.00,0.25,2.04,0.07,10.61,0.00,0,2,1002.85,34.98,93.16,1002.85,31.20,91.99,0.64,1002.21,32.67,98.15,-0.03,0.24,110.92,300.23,7743,0.73,1.22,9.50,1.00,0.06,-0.04,-0.01,4.47,-7.40,-1.05,3,7,33,29, 0.0000000, 0.0000000, 0.00, 0.00
22462,-0.03,-0.25,9.48,1.00,-0.02,0.00,0.00,0.25,2.04,0.07,10.60,0.00,0,2,1002.85,34.98,93.12,1002.85,31.20,91.97,0.64,1002.21,32.67,98.15,-0.03,0.24,110.92,300.23,7743,0.79,1.18,9.48,1.00,0.06,-0.04,-0.01,4.47,-7.40,-1.05,3,7,33,29, 0.0000000, 0.0000000, 0.00, 0.00
22517,-0.10,-0.27,9.47,1.00,-0.02,0.00,0.00,0.25,2.04,0.07,10.61,0.00,0,2,1002.85,34.99,93.14,1002.85,31.20,91.98,0.64,1002.21,32.67,98.11,-0.05,0.29,110.83,300.23,7740,0.80,1.33,9.54,1.00,0.06,-0.04,-0.01,4.47,-7.40,-1.05,3,7,33,29, 0.0000000, 0.0000000, 0.00, 0.00
22572,-0.07,-0.23,9.55,1.00,-0.02,0.00,0.00,0.25,2.04,0.07,10.61,0.00,0,2,1002.85,34.99,93.13,1002.85,31.20,91.95,0.64,1002.22,32.67,98.10,-0.03,0.24,110.83,300.23,7732,0.81,1.19,9.47,1.00,0.06,-0.04,-0.01,4.47,-7.40,-1.05,3,7,33,29, 0.0000000, 0.0000000, 0.00, 0.00
22627,-0.04,-0.22,9.50,1.00,-0.02,0.00,0.00,0.25,2.04,0.07,10.60,0.00,0,2,1002.85,34.99,93.13,1002.85,31.20,91.97,0.63,1002.22,32.67,98.06,-0.03,0.24,110.57,300.23,7711,0.75,1.26,9.50,1.00,0.06,-0.04,-0.01,4.47,-7.40,-1.05,3,7,33,29, 0.0000000, 0.0000000, 0.00, 0.00
22680,0.00,-0.23,9.64,1.00,-0.02,0.00,0.00,0.25,2.04,0.07,10.58,0.00,0,2,1002.85,34.98,93.11,1002.85,31.20,91.98,0.64,1002.22,32.67,98.08,-0.02,0.17,110.04,300.23,7701,0.71,1.20,9.53,1.00,0.06,-0.04,-0.01,4.47,-7.40,-1.05,3,7,33,29, 0.0000000, 0.0000000, 0.00, 0.00
22735,-0.02,-0.29,9.47,1.00,-0.02,0.00,0.00,0.26,2.04,0.07,10.58,0.00,0,2,1002.85,34.98,93.13,1002.85,31.20,91.98,0.64,1002.22,32.67,98.08,-0.03,0.24,108.81,300.23,7691,0.67,1.21,9.50,1.00,0.06,-0.04,-0.01,4.47,-7.40,-1.05,3,7,33,29, 0.0000000, 0.0000000, 0.00, 0.00
22787,-0.03,-0.27,9.48,1.00,-0.02,0.00,0.00,0.26,2.03,0.07,10.59,0.00,0,2,1002.85,34.98,93.15,1002.84,31.18,91.98,0.64,1002.22,32.67,98.08,-0.03,0.24,109.25,300.23,7674,0.75,1.28,9.52,1.00,0.06,-0.04,-0.01,4.47,-7.40,-1.05,3,7,33,29, 0.0000000, 0.0000000, 0.00, 0.00
22843,-0.04,-0.30,9.52,1.00,-0.02,0.00,0.00,0.26,2.03,0.07,10.59,0.00,0,2,1002.85,34.99,93.13,1002.85,31.20,91.99,0.64,1002.22,32.68,98.04,-0.03,0.24,110.04,300.23,7668,0.77,1.31,9.52,1.00,0.06,-0.04,-0.01,4.47,-7.40,-1.05,3,7,33,29, 0.0000000, 0.0000000, 0.00, 0.00
22898,-0.01,-0.22,9.56,1.00,-0.02,0.00,0.00,0.26,2.03,0.07,10.59,0.00,0,2,1002.85,34.98,93.11,1002.85,31.19,91.97,0.64,1002.22,32.67,98.08,-0.03,0.24,109.95,300.23,7665,0.70,1.19,9.50,1.00,0.06,-0.04,-0.01,4.47,-7.40,-1.05,3,7,34,29, 0.0000000, 0.0000000, 0.00, 0.00
22953,-0.05,-0.26,9.46,1.00,-0.02,0.00,0.00,0.26,2.03,0.07,10.59,0.00,0,2,1002.85,34.98,93.15,1002.85,31.20,91.97,0.64,1002.22,32.68,98.05,-0.02,0.17,109.95,300.23,7663,0.70,1.20,9.49,1.00,0.06,-0.04,-0.01,4.47,-7.40,-1.05,3,7,34,29, 0.0000000, 0.0000000, 0.00, 0.00
23007,-0.03,-0.25,9.54,1.00,-0.02,0.00,0.00,0.26,2.03,0.07,10.58,0.00,0,2,1002.85,34.97,93.13,1002.85,31.20,91.98,0.64,1002.22,32.67,98.07,-0.03,0.24,109.95,300.23,7662,0.77,1.24,9.54,1.00,0.06,-0.04,-0.01,4.47,-7.40,-1.05,3,7,34,29, 0.0000000, 0.0000000, 0.00, 0.00
23061,-0.02,-0.23,9.55,1.00,-0.02,0.00,0.00,0.26,2.03,0.07,10.58,0.00,0,2,1002.85,34.99,93.13,1002.85,31.20,92.00,0.64,1002.22,32.68,98.07,-0.03,0.24,109.86,300.23,7661,0.74,1.31,9.53,1.00,0.06,-0.04,-0.01,4.47,-7.40,-1.05,3,7,34,29, 0.0000000, 0.0000000, 0.00, 0.00
23118,-0.03,-0.27,9.51,1.00,-0.02,0.00,0.00,0.26,2.03,0.07,10.59,0.00,0,2,1002.85,34.98,93.15,1002.85,31.18,92.01,0.64,1002.22,32.68,98.04,-0.03,0.24,109.95,300.23,7662,0.78,1.24,9.51,1.00,0.06,-0.04,-0.01,4.47,-7.40,-1.05,3,7,34,29, 0.0000000, 0.0000000, 0.00, 0.00
23174,-0.03,-0.27,9.57,1.00,-0.02,0.00,0.00,0.26,2.03,0.07,10.60,0.00,0,2,1002.85,34.98,93.15,1002.85,31.20,92.00,0.64,1002.21,32.68,98.14,-0.03,0.24,109.95,300.23,7662,0.73,1.29,9.52,1.00,0.06,-0.04,-0.01,4.47,-7.40,-1.05,3,7,34,29, 0.0000000, 0.0000000, 0.00, 0.00
23226,-0.07,-0.27,9.53,1.00,-0.02,0.00,0.00,0.26,2.03,0.07,10.61,0.00,0,2,1002.85,34.99,93.16,1002.85,31.19,91.98,0.63,1002.22,32.68,98.11,-0.02,0.17,109.95,300.23,7661,0.74,1.19,9.51,1.00,0.06,-0.04,-0.01,4.47,-7.40,-1.05,3,7,34,29, 0.0000000, 0.0000000, 0.00, 0.00
23284,-0.02,-0.29,9.54,1.00,-0.02,0.00,0.00,0.26,2.03,0.07,10.61,0.00,0,2,1002.85,34.99,93.17,1002.85,31.19,92.00,0.64,1002.21,32.68,98.13,-0.03,0.24,109.95,300.23,7663,0.73,1.25,9.54,1.00,0.06,-0.04,-0.01,4.47,-7.40,-1.05,3,7,34,29, 0.0000000, 0.0000000, 0.00, 0.00
23338,0.00,-0.24,9.53,1.00,-0.02,0.00,0.00,0.26,2.03,0.07,10.61,0.00,0,2,1002.85,35.00,93.15,1002.85,31.21,92.00,0.64,1002.22,32.69,98.10,-0.03,0.24,109.95,300.23,7664,0.70,1.23,9.52,1.00,0.06,-0.04,-0.01,4.47,-7.40,-1.05,3,7,34,29, 0.0000000, 0.0000000, 0.00, 0.00
23395,-0.02,-0.31,9.56,1.00,-0.02,0.00,0.00,0.26,2.03,0.07,10.61,0.00,0,2,1002.85,34.99,93.16,1002.85,31.18,91.99,0.63,1002.22,32.68,98.10,-0.03,0.24,109.95,300.23,7684,0.77,1.26,9.51,1.00,0.06,-0.04,-0.01,4.47,-7.40,-1.05,3,7,34,29, 0.0000000, 0.0000000, 0.00, 0.00
23448,-0.06,-0.31,9.50,1.00,-0.02,0.00,0.00,0.26,2.03,0.07,10.61,0.00,0,2,1002.85,34.98,93.16,1002.85,31.20,91.98,0.64,1002.21,32.67,98.13,-0.03,0.24,109.95,300.23,7709,0.75,1.16,9.52,1.00,0.06,-0.04,-0.01,4.47,-7.40,-1.05,3,7,34,29, 0.0000000, 0.0000000, 0.00, 0.00
23505,-0.08,-0.30,9.42,1.00,-0.02,0.00,0.00,0.25,2.03,0.07,10.61,0.00,0,2,1002.85,34.98,93.17,1002.85,31.20,91.98,0.64,1002.22,32.68,98.11,-0.02,0.17,109.95,300.23,7711,0.71,1.27,9.54,1.00,0.06,-0.04,-0.01,4.47,-7.40,-1.05,3,7,34,29, 0.0000000, 0.0000000, 0.00, 0.00
23557,-0.04,-0.28,9.49,1.00,-0.02,0.00,0.00,0.25,2.03,0.07,10.62,0.00,0,2,1002.85,34.98,93.17,1002.85,31.20,92.02,0.64,1002.21,32.67,98.13,-0.02,0.17,109.95,300.23,7716,0.77,1.27,9.50,1.00,0.06,-0.04,-0.01,4.47,-7.40,-1.05,3,7,34,29, 0.0000000, 0.0000000, 0.00, 0.00
23615,-0.01,-0.26,9.52,1.00,-0.02,0.00,0.00,0.25,2.03,0.07,10.62,0.00,0,2,1002.84,34.97,93.18,1002.85,31.20,91.95,0.64,1002.22,32.68,98.10,-0.03,0.24,109.95,300.23,7720,0.68,1.22,9.51,1.00,0.06,-0.04,-0.01,4.47,-7.40,-1.05,3,7,34,29, 0.0000000, 0.0000000, 0.00, 0.00
23667,-0.09,-0.25,9.41,1.00,-0.02,0.00,0.00,0.25,2.04,0.07,10.61,0.00,0,2,1002.85,34.99,93.14,1002.85,31.20,92.00,0.64,1002.22,32.67,98.08,-0.05,0.29,109.95,300.23,7747,0.85,1.18,9.45,1.00,0.06,-0.04,-0.01,4.47,-7.40,-1.05,3,7,34,29, 0.0000000, 0.0000000, 0.00, 0.00
23725,-0.07,-0.26,9.57,1.00,-0.02,0.00,0.00,0.25,2.04,0.07,10.60,0.00,0,2,1002.85,34.98,93.16,1002.85,31.19,92.00,0.63,1002.22,32.67,98.07,-0.03,0.24,109.95,300.23,7749,0.86,1.25,9.50,1.00,0.06,-0.04,-0.01,4.47,-7.40,-1.05,3,7,34,29, 0.0000000, 0.0000000, 0.00, 0.00
23776,-0.02,-0.30,9.50,1.00,-0.02,0.00,0.00,0.25,2.04,0.07,10.59,0.00,0,2,1002.84,34.99,93.17,1002.85,31.19,91.95,0.64,1002.21,32.66,98.12,-0.03,0.24,109.95,300.23,7763,0.86,1.24,9.54,1.00,0.06,-0.04,-0.01,4.47,-7.40,-1.05,3,7,34,29, 0.0000000, 0.0000000, 0.00, 0.00
23833,-0.03,-0.25,9.55,1.00,-0.02,0.00,0.00,0.25,2.04,0.07,10.60,0.00,0,2,1002.85,34.98,93.15,1002.85,31.20,91.98,0.64,1002.21,32.68,98.12,-0.03,0.24,109.95,300.23,7765,0.79,1.18,9.50,1.00,0.06,-0.04,-0.01,4.47,-7.40,-1.05,3,7,34,29, 0.0000000, 0.0000000, 0.00, 0.00
23887,-0.05,-0.25,9.46,1.00,-0.02,0.00,0.00,0.25,2.04,0.07,10.60,0.00,0,2,1002.85,34.99,93.14,1002.85,31.19,91.97,0.64,1002.22,32.68,98.10,-0.02,0.17,109.95,300.23,7770,0.74,1.19,9.52,1.00,0.06,-0.04,-0.01,4.47,-7.40,-1.05,3,7,35,29, 0.0000000, 0.0000000, 0.00, 0.00
23945,0.00,-0.23,9.51,1.00,-0.02,0.00,0.00,0.25,2.04,0.07,10.61,0.00,0,2,1002.85,34.98,93.15,1002.85,31.18,91.96,0.64,1002.22,32.68,98.10,-0.03,0.24,109.95,300.23,7786,0.74,1.23,9.52,1.00,0.06,-0.04,-0.01,4.47,-7.40,-1.05,3,7,35,29, 0.0000000, 0.0000000, 0.00, 0.00
23997,-0.05,-0.28,9.45,1.00,-0.02,0.00,0.00,0.25,2.04,0.07,10.60,0.00,0,2,1002.85,34.98,93.13,1002.85,31.19,91.97,0.64,1002.22,32.68,98.09,-0.03,0.24,109.95,300.23,7786,0.74,1.27,9.51,1.00,0.06,-0.04,-0.01,4.47,-7.40,-1.05,3,7,35,29, 0.0000000, 0.0000000, 0.00, 0.00
24055,-0.04,-0.22,9.56,1.00,-0.02,0.00,0.00,0.25,2.04,0.07,10.59,0.00,0,2,1002.85,34.97,93.12,1002.85,31.21,91.98,0.64,1002.22,32.68,98.05,-0.02,0.17,109.78,300.23,7796,0.80,1.23,9.51,1.00,0.06,-0.04,-0.01,4.47,-7.40,-1.05,3,7,35,29, 0.0000000, 0.0000000, 0.00, 0.00
24106,-0.01,-0.24,9.52,1.00,-0.02,0.00,0.00,0.26,2.05,0.07,10.58,0.00,0,2,1002.85,34.98,93.10,1002.85,31.20,91.98,0.64,1002.22,32.68,98.05,-0.03,0.24,109.95,300.23,7811,0.74,1.24,9.53,1.00,0.06,-0.04,-0.01,4.47,-7.40,-1.05,3,7,35,29, 0.0000000, 0.0000000, 0.00, 0.00
24161,-0.06,-0.18,9.52,1.00,-0.02,0.00,0.00,0.26,2.04,0.07,10.57,0.00,0,2,1002.85,34.98,93.15,1002.85,31.19,91.97,0.64,1002.22,32.68,98.05,-0.05,0.29,109.86,300.23,7812,0.77,1.16,9.49,1.00,0.06,-0.04,-0.01,4.47,-7.40,-1.05,3,7,35,29, 0.0000000, 0.0000000, 0.00, 0.00
24216,-0.07,-0.20,9.56,1.00,-0.02,0.00,0.00,0.25,2.02,0.07,10.59,0.00,0,2,1002.84,34.98,93.18,1002.85,31.19,92.00,0.64,1002.22,32.68,98.05,-0.03,0.24,109.78,300.23,7813,0.74,1.28,9.55,1.00,0.06,-0.04,-0.01,4.47,-7.40,-1.05,3,7,35,29, 0.0000000, 0.0000000, 0.00, 0.00
24273,-0.07,-0.25,9.51,1.00,-0.02,0.00,0.00,0.25,2.06,0.07,10.59,0.00,0,2,1002.85,34.99,93.09,1002.85,31.19,91.98,0.64,1002.22,32.68,98.04,-0.02,0.17,109.86,300.23,7810,0.77,1.21,9.50,1.00,0.06,-0.04,-0.01,4.47,-7.40,-1.05,3,7,35,29, 0.0000000, 0.0000000, 0.00, 0.00
24325,0.00,-0.19,9.58,1.00,-0.02,0.00,0.00,0.25,2.08,0.07,10.60,0.00,0,2,1002.85,34.99,93.15,1002.85,31.19,91.95,0.64,1002.22,32.68,98.08,-0.02,0.17,109.86,300.23,7813,0.76,1.21,9.50,1.00,0.06,-0.04,-0.01,4.47,-7.40,-1.05,3,7,35,29, 0.0000000, 0.0000000, 0.00, 0.00
24382,-0.08,-0.22,9.48,1.00,-0.02,0.00,0.00,0.25,2.09,0.07,10.59,0.00,0,2,1002.85,34.98,93.17,1002.85,31.20,91.99,0.64,1002.22,32.68,98.07,-0.03,0.24,109.86,300.23,7813,0.79,1.11,9.49,1.00,0.06,-0.04,-0.01,4.47,-7.40,-1.05,3,7,35,29, 0.0000000, 0.0000000, 0.00, 0.00
24436,-0.07,-0.27,9.41,1.00,-0.02,0.00,0.00,0.25,2.09,0.07,10.60,0.00,0,2,1002.85,34.98,93.15,1002.85,31.20,91.98,0.64,1002.22,32.68,98.05,-0.03,0.24,109.86,300.23,7824,0.79,1.24,9.51,1.00,0.06,-0.04,-0.01,4.47,-7.40,-1.05,3,7,35,29, 0.0000000, 0.0000000, 0.00, 0.00
24487,-0.05,-0.27,9.38,1.00,-0.02,0.00,0.00,0.25,2.08,0.07,10.59,0.00,0,2,1002.85,34.99,93.11,1002.85,31.20,91.98,0.64,1002.22,32.68,98.07,-0.03,0.24,109.86,300.23,7842,0.71,1.26,9.51,1.00,0.06,-0.04,-0.01,4.47,-7.40,-1.05,3,7,35,29, 0.0000000, 0.0000000, 0.00, 0.00
24544,-0.02,-0.24,9.52,1.00,-0.02,0.00,0.00,0.25,2.08,0.07,10.59,0.00,0,2,1002.85,34.99,93.16,1002.85,31.20,91.98,0.64,1002.23,32.68,98.02,-0.03,0.24,109.60,300.23,7850,0.67,1.21,9.53,1.00,0.06,-0.04,-0.01,4.47,-7.40,-1.05,3,7,35,29, 0.0000000, 0.0000000, 0.00, 0.00
24598,0.02,-0.16,9.59,1.00,-0.02,0.00,0.00,0.25,2.07,0.07,10.59,0.00,0,2,1002.85,34.99,93.14,1002.85,31.20,92.02,0.64,1002.23,32.70,98.01,-0.03,0.24,109.86,300.23,7862,0.61,1.15,9.53,1.00,0.06,-0.04,-0.01,4.47,-7.40,-1.05,3,7,35,29, 0.0000000, 0.0000000, 0.00, 0.00
24654,-0.02,-0.19,9.49,1.00,-0.02,0.00,0.00,0.25,2.06,0.07,10.59,0.00,0,2,1002.85,34.99,93.16,1002.84,31.18,92.03,0.64,1002.23,32.68,98.02,-0.03,0.24,109.95,300.23,7866,0.80,1.33,9.55,1.00,0.06,-0.04,-0.01,4.47,-7.40,-1.05,3,7,35,29, 0.0000000, 0.0000000, 0.00, 0.00
24706,-0.05,-0.14,9.57,1.00,-0.02,0.00,0.00,0.25,2.06,0.07,10.61,0.00,0,2,1002.84,34.99,93.18,1002.85,31.21,91.98,0.64,1002.22,32.67,98.09,-0.03,0.24,109.95,300.23,7871,0.82,1.27,9.52,1.00,0.06,-0.04,-0.01,4.47,-7.40,-1.05,3,7,36,8, 0.0000000, 0.0000000, 0.00, 0.00
24764,-0.04,-0.21,9.50,1.00,-0.02,0.00,0.00,0.25,2.06,0.07,10.62,0.00,0,2,1002.85,34.98,93.16,1002.85,31.21,92.01,0.64,1002.22,32.68,98.10,-0.03,0.24,109.95,300.23,7877,0.83,1.27,9.47,1.00,0.06,-0.04,-0.01,4.47,-7.40,-1.05,3,7,36,8, 0.0000000, 0.0000000, 0.00, 0.00
24816,-0.04,-0.19,9.56,1.00,-0.02,0.00,0.00,0.25,2.08,0.07,10.62,0.00,0,2,1002.85,34.99,93.16,1002.85,31.20,91.96,0.64,1002.22,32.68,98.09,-0.03,0.24,109.95,300.23,7876,0.79,1.18,9.50,1.00,0.06,-0.04,-0.01,4.47,-7.40,-1.05,3,7,36,8, 0.0000000, 0.0000000, 0.00, 0.00
24874,-0.10,-0.28,9.44,1.00,-0.02,0.00,0.00,0.30,2.13,0.06,10.61,0.00,0,2,1002.85,34.99,93.14,1002.84,31.20,92.03,0.63,1002.22,32.68,98.09,-0.03,0.24,109.95,300.23,7873,0.72,1.26,9.50,1.00,0.06,-0.04,-0.01,4.47,-7.40,-1.05,3,7,36,8, 0.0000000, 0.0000000, 0.00, 0.00
24926,-0.07,-0.27,9.51,1.00,-0.02,0.00,0.00,0.32,2.15,0.06,10.60,0.00,0,2,1002.85,35.00,93.15,1002.85,31.18,91.96,0.64,1002.22,32.68,98.05,-0.03,0.24,109.95,300.23,7872,0.74,1.22,9.52,1.00,0.06,-0.04,-0.01,4.47,-7.40,-1.05,3,7,36,8, 0.0000000, 0.0000000, 0.00, 0.00
24983,-0.02,-0.32,9.56,1.00,-0.02,0.00,0.00,0.36,2.20,0.06,10.60,0.00,0,2,1002.85,34.99,93.17,1002.85,31.21,91.96,0.64,1002.22,32.68,98.05,-0.03,0.24,109.86,300.23,7869,0.67,1.27,9.56,1.00,0.06,-0.04,-0.01,4.47,-7.40,-1.05,3,7,36,8, 0.0000000, 0.0000000, 0.00, 0.00
25036,-0.07,-0.35,9.53,1.00,-0.02,0.00,0.00,0.39,2.25,0.06,10.60,0.00,0,2,1002.85,34.99,93.17,1002.85,31.20,91.99,0.63,1002.22,32.69,98.05,-0.03,0.24,109.95,300.23,7862,0.72,1.28,9.51,1.00,0.06,-0.04,-0.01,4.47,-7.40,-1.05,3,7,36,8, 0.0000000, 0.0000000, 0.00, 0.00
25093,-0.06,-0.30,9.41,1.00,-0.02,0.00,0.00,0.41,2.27,0.06,10.60,0.00,0,2,1002.85,34.99,93.16,1002.85,31.21,92.01,0.64,1002.22,32.68,98.09,-0.03,0.24,109.95,300.23,7862,0.75,1.19,9.50,1.00,0.06,-0.04,-0.01,4.47,-7.40,-1.05,3,7,36,8, 0.0000000, 0.0000000, 0.00, 0.00
25146,-0.08,-0.33,9.37,1.00,-0.02,0.00,0.00,0.43,2.29,0.06,10.61,0.00,0,2,1002.84,34.99,93.22,1002.85,31.20,92.01,0.64,1002.22,32.68,98.09,-0.03,0.24,109.78,300.23,7864,0.78,1.27,9.53,1.00,0.06,-0.04,-0.01,4.47,-7.40,-1.05,3,7,36,8, 0.0000000, 0.0000000, 0.00, 0.00
25204,-0.06,-0.28,9.53,1.00,-0.02,0.00,0.00,0.43,2.30,0.06,10.61,0.00,0,2,1002.84,34.99,93.17,1002.85,31.20,91.99,0.64,1002.23,32.69,98.01,-0.03,0.24,109.86,300.23,7864,0.69,1.25,9.54,1.00,0.06,-0.04,-0.01,4.47,-7.40,-1.05,3,7,36,8, 0.0000000, 0.0000000, 0.00, 0.00
25254,-0.03,-0.32,9.47,1.00,-0.02,0.00,0.00,0.45,2.34,0.06,10.62,0.00,0,2,1002.84,35.00,93.19,1002.85,31.19,92.00,0.63,1002.22,32.68,98.05,-0.03,0.24,109.86,300.23,7864,0.59,1.26,9.54,1.00,0.06,-0.04,-0.01,4.47,-7.40,-1.05,3,7,36,8, 0.0000000, 0.0000000, 0.00, 0.00
25307,0.00,-0.36,9.57,1.00,-0.02,0.00,0.00,0.45,2.34,0.06,10.62,0.00,0,2,1002.84,35.00,93.22,1002.84,31.19,92.02,0.63,1002.22,32.69,98.03,-0.02,0.17,109.86,300.23,7864,0.82,1.17,9.52,1.00,0.06,-0.04,-0.01,4.47,-7.40,-1.05,3,7,36,8, 0.0000000, 0.0000000, 0.00, 0.00
25365,-0.05,-0.39,9.51,1.00,-0.02,0.00,0.00,0.47,2.39,0.06,10.64,0.00,0,2,1002.84,35.00,93.19,1002.84,31.20,92.07,0.64,1002.22,32.67,98.07,-0.05,0.29,109.86,300.23,7863,0.82,1.20,9.54,1.00,0.06,-0.04,-0.01,4.47,-7.40,-1.05,3,7,36,8, 0.0000000, 0.0000000, 0.00, 0.00
25423,-0.09,-0.38,9.50,1.00,-0.02,0.00,0.00,0.47,2.39,0.06,10.64,0.00,0,2,1002.84,34.99,93.19,1002.84,31.19,92.04,0.63,1002.22,32.69,98.08,-0.03,0.24,109.78,300.23,7864,0.76,1.19,9.50,1.00,0.06,-0.04,-0.01,4.47,-7.40,-1.05,3,7,36,8, 0.0000000, 0.0000000, 0.00, 0.00
25474,-0.04,-0.42,9.55,1.00,-0.02,0.00,0.00,0.47,2.41,0.06,10.63,0.00,0,2,1002.84,34.99,93.20,1002.85,31.21,92.04,0.63,1002.22,32.70,98.07,-0.02,0.17,109.86,300.23,7864,0.74,1.24,9.50,1.00,0.06,-0.04,-0.01,4.47,-7.40,-1.05,3,7,36,8, 0.0000000, 0.0000000, 0.00, 0.00
25530,-0.04,-0.36,9.51,1.00,-0.02,0.00,0.00,0.48,2.43,0.06,10.62,0.00,0,2,1002.85,35.00,93.14,1002.84,31.18,92.00,0.63,1002.22,32.70,98.08,-0.03,0.24,109.86,300.23,7864,0.73,1.22,9.49,1.00,0.06,-0.04,-0.01,4.47,-7.40,-1.05,3,7,36,8, 0.0000000, 0.0000000, 0.00, 0.00
25584,-0.09,-0.44,9.46,1.00,-0.02,0.00,0.00,0.53,2.49,0.06,10.62,0.00,0,2,1002.84,35.00,93.20,1002.85,31.18,92.01,0.63,1002.21,32.69,98.12,-0.03,0.24,109.95,300.23,7864,0.77,1.21,9.52,1.00,0.06,-0.04,-0.01,4.47,-7.40,-1.05,3,7,36,8, 0.0000000, 0.0000000, 0.00, 0.00
25641,-0.09,-0.40,9.59,1.00,-0.02,0.00,0.00,0.53,2.49,0.06,10.62,0.00,0,2,1002.84,35.00,93.19,1002.85,31.19,92.02,0.64,1002.22,32.70,98.09,-0.03,0.24,109.95,300.23,7865,0.79,1.24,9.52,1.00,0.06,-0.04,-0.01,4.47,-7.40,-1.05,3,7,36,8, 0.0000000, 0.0000000, 0.00, 0.00
25694,-0.08,-0.39,9.50,1.00,-0.02,0.00,0.00,0.53,2.49,0.06,10.62,0.00,0,2,1002.85,35.01,93.16,1002.84,31.19,92.03,0.64,1002.21,32.68,98.12,-0.05,0.29,109.95,300.23,7865,0.81,1.24,9.52,1.00,0.06,-0.04,-0.01,4.47,-7.40,-1.05,3,7,37,8, 0.0000000, 0.0000000, 0.00, 0.00
25752,-0.06,-0.41,9.50,1.00,-0.02,0.00,0.00,0.53,2.49,0.06,10.61,0.00,0,2,1002.85,35.01,93.14,1002.85,31.20,92.00,0.63,1002.21,32.68,98.12,-0.03,0.24,109.95,300.23,7865,0.67,1.25,9.53,1.00,0.06,-0.04,-0.01,4.47,-7.40,-1.05,3,7,37,8, 0.0000000, 0.0000000, 0.00, 0.00
25804,-0.03,-0.44,9.55,1.00,-0.02,0.00,0.00,0.53,2.49,0.06,10.61,0.00,0,2,1002.85,35.00,93.17,1002.85,31.20,91.95,0.64,1002.21,32.69,98.13,-0.03,0.24,109.95,300.23,7865,0.71,1.27,9.53,1.00,0.06,-0.04,-0.01,4.47,-7.40,-1.05,3,7,37,8, 0.0000000, 0.0000000, 0.00, 0.00
25862,-0.06,-0.43,9.52,1.00,-0.02,0.00,0.00,0.53,2.49,0.06,10.61,0.00,0,2,1002.84,35.01,93.21,1002.85,31.20,91.99,0.63,1002.22,32.70,98.11,-0.03,0.24,109.95,300.23,7865,0.72,1.22,9.48,1.00,0.06,-0.04,-0.01,4.47,-7.40,-1.05,3,7,37,8, 0.0000000, 0.0000000, 0.00, 0.00
25914,-0.08,-0.42,9.53,1.00,-0.02,0.00,0.00,0.53,2.49,0.06,10.62,0.00,0,2,1002.84,35.01,93.19,1002.85,31.19,92.02,0.64,1002.21,32.69,98.11,-0.03,0.24,109.95,300.23,7865,0.77,1.19,9.52,1.00,0.06,-0.04,-0.01,4.47,-7.40,-1.05,3,7,37,8, 0.0000000, 0.0000000, 0.00, 0.00
25972,-0.06,-0.39,9.57,1.00,-0.02,0.00,0.00,0.53,2.49,0.06,10.62,0.00,0,2,1002.84,35.00,93.20,1002.85,31.19,92.00,0.64,1002.21,32.69,98.13,-0.03,0.24,109.86,300.23,7865,0.71,1.20,9.51,1.00,0.06,-0.04,-0.01,4.47,-7.40,-1.05,3,7,37,8, 0.0000000, 0.0000000, 0.00, 0.00
26023,-0.05,-0.40,9.54,1.00,-0.02,0.00,0.00,0.53,2.49,0.06,10.62,0.00,0,2,1002.85,35.01,93.18,1002.85,31.20,91.98,0.64,1002.21,32.68,98.14,-0.03,0.24,109.86,300.23,7864,0.74,1.21,9.50,1.00,0.06,-0.04,-0.01,4.47,-7.40,-1.05,3,7,37,8, 0.0000000, 0.0000000, 0.00, 0.00
26076,-0.11,-0.42,9.49,1.00,-0.02,0.00,0.00,0.53,2.49,0.06,10.62,0.00,0,2,1002.84,35.01,93.19,1002.84,31.19,92.04,0.64,1002.21,32.68,98.13,-0.03,0.24,109.86,300.23,7864,0.76,1.25,9.54,1.00,0.06,-0.04,-0.01,4.47,-7.40,-1.05,3,7,37,8, 0.0000000, 0.0000000, 0.00, 0.00
26132,-0.07,-0.37,9.55,1.00,-0.02,0.00,0.00,0.53,2.49,0.06,10.62,0.00,0,2,1002.84,35.01,93.19,1002.85,31.20,92.00,0.64,1002.22,32.70,98.11,-0.05,0.29,109.95,300.23,7864,0.77,1.27,9.54,1.00,0.06,-0.04,-0.01,4.47,-7.40,-1.05,3,7,37,8, 0.0000000, 0.0000000, 0.00, 0.00
26184,-0.07,-0.40,9.47,1.00,-0.02,0.00,0.00,0.53,2.49,0.06,10.61,0.00,0,2,1002.84,35.01,93.19,1002.84,31.19,92.03,0.64,1002.22,32.68,98.10,-0.03,0.24,109.95,300.23,7864,0.76,1.10,9.44,1.00,0.06,-0.04,-0.01,4.47,-7.40,-1.05,3,7,37,8, 0.0000000, 0.0000000, 0.00, 0.00
26242,-0.07,-0.42,9.58,1.00,-0.02,0.00,0.00,0.53,2.49,0.06,10.61,0.00,0,2,1002.84,35.01,93.19,1002.85,31.19,92.00,0.63,1002.22,32.68,98.08,-0.03,0.24,110.21,300.23,7865,0.74,1.15,9.51,1.00,0.06,-0.04,-0.01,4.47,-7.40,-1.05,3,7,37,8, 0.0000000, 0.0000000, 0.00, 0.00
26294,-0.05,-0.43,9.51,1.00,-0.02,0.00,0.00,0.53,2.50,0.06,10.61,0.00,0,2,1002.85,35.01,93.13,1002.85,31.19,92.02,0.63,1002.22,32.69,98.09,-0.02,0.17,111.18,300.23,7864,0.71,1.17,9.52,1.00,0.06,-0.04,-0.01,4.47,-7.40,-1.05,3,7,37,8, 0.0000000, 0.0000000, 0.00, 0.00
26352,-0.07,-0.44,9.50,1.00,-0.02,0.00,0.00,0.53,2.50,0.06,10.61,0.00,0,2,1002.85,35.01,93.16,1002.85,31.20,92.00,0.64,1002.22,32.69,98.09,-0.02,0.17,112.76,300.23,7864,0.77,1.15,9.48,1.00,0.06,-0.04,-0.01,4.47,-7.40,-1.05,3,7,37,8, 0.0000000, 0.0000000, 0.00, 0.00
26405,-0.06,-0.45,9.53,1.00,-0.02,0.00,0.00,0.53,2.50,0.06,10.60,0.00,0,2,1002.85,35.02,93.15,1002.84,31.19,92.04,0.63,1002.22,32.69,98.08,-0.03,0.24,114.61,300.23,7864,0.73,1.15,9.49,1.00,0.06,-0.04,-0.01,4.47,-7.40,-1.05,3,7,37,8, 0.0000000, 0.0000000, 0.00, 0.00
26462,-0.09,-0.39,9.53,1.00,-0.02,0.00,0.00,0.53,2.50,0.06,10.60,0.00,0,2,1002.85,35.03,93.18,1002.85,31.21,91.98,0.63,1002.22,32.70,98.04,-0.03,0.24,115.66,300.23,7864,0.71,1.20,9.46,1.00,0.06,-0.04,-0.01,4.47,-7.40,-1.05,3,7,37,8, 0.0000000, 0.0000000, 0.00, 0.00
26516,-0.06,-0.44,9.52,1.00,-0.02,0.00,0.00,0.53,2.50,0.06,10.60,0.00,0,2,1002.84,35.02,93.18,1002.84,31.20,92.00,0.64,1002.21,32.69,98.13,-0.03,0.24,115.93,300.23,7865,0.80,1.21,9.50,1.00,0.06,-0.04,-0.01,4.47,-7.40,-1.05,3,7,37,8, 0.0000000, 0.0000000, 0.00, 0.00
26572,-0.05,-0.44,9.54,1.00,-0.02,0.00,0.00,0.53,2.50,0.06,10.60,0.00,0,2,1002.85,35.02,93.17,1002.85,31.21,92.01,0.63,1002.21,32.69,98.16,-0.02,0.17,115.93,300.23,7864,0.76,1.21,9.51,1.00,0.06,-0.04,-0.01,4.47,-7.40,-1.05,3,7,37,8, 0.0000000, 0.0000000, 0.00, 0.00
26627,-0.12,-0.40,9.57,1.00,-0.02,0.00,0.00,0.53,2.50,0.06,10.60,0.00,0,2,1002.84,35.01,93.19,1002.85,31.21,92.01,0.63,1002.20,32.68,98.23,-0.02,0.17,115.58,300.23,8063,0.61,1.21,9.49,1.00,0.06,-0.04,-0.01,4.47,-7.40,-1.05,3,7,37,8, 0.0000000, 0.0000000, 0.00, 0.00
26684,-0.02,-0.40,9.55,1.00,-0.02,0.00,0.00,0.53,2.50,0.06,10.61,0.00,0,2,1002.85,35.01,93.17,1002.85,31.21,92.01,0.64,1002.20,32.68,98.22,-0.03,0.24,115.40,300.23,7865,0.78,1.18,9.52,1.00,0.06,-0.04,-0.01,4.47,-7.40,-1.05,3,7,38,8, 0.0000000, 0.0000000, 0.00, 0.00
26739,-0.05,-0.38,9.53,1.00,-0.02,0.00,0.00,0.53,2.50,0.06,10.61,0.00,0,2,1002.85,35.01,93.18,1002.84,31.19,92.04,0.64,1002.21,32.70,98.20,-0.05,0.29,115.40,300.23,7866,0.73,1.22,9.55,1.00,0.06,-0.04,-0.01,4.47,-7.40,-1.05,3,7,38,8, 0.0000000, 0.0000000, 0.00, 0.00
26792,-0.03,-0.41,9.58,1.00,-0.02,0.00,0.00,0.53,2.50,0.06,10.61,0.00,0,2,1002.85,35.02,93.17,1002.85,31.19,92.00,0.64,1002.20,32.69,98.24,-0.05,0.29,115.40,300.23,7864,0.76,1.20,9.52,1.00,0.06,-0.04,-0.01,4.47,-7.40,-1.05,3,7,38,8, 0.0000000, 0.0000000, 0.00, 0.00
26847,-0.05,-0.41,9.53,1.00,-0.02,0.00,0.00,0.53,2.50,0.06,10.61,0.00,0,2,1002.84,35.02,93.20,1002.85,31.18,92.01,0.64,1002.21,32.68,98.14,-0.03,0.24,115.40,300.23,7865,0.77,1.20,9.51,1.00,0.06,-0.04,-0.01,4.47,-7.40,-1.05,3,7,38,8, 0.0000000, 0.0000000, 0.00, 0.00
26904,-0.07,-0.45,9.50,1.00,-0.02,0.00,0.00,0.53,2.50,0.06,10.61,0.00,0,2,1002.85,35.02,93.15,1002.84,31.19,92.04,0.64,1002.21,32.68,98.14,-0.03,0.24,115.40,300.23,7864,0.78,1.23,9.53,1.00,0.06,-0.04,-0.01,4.47,-7.40,-1.05,3,7,38,8, 0.0000000, 0.0000000, 0.00, 0.00
26955,-0.11,-0.38,9.55,1.00,-0.02,0.00,0.00,0.51,2.48,0.06,10.62,0.00,0,2,1002.84,35.02,93.20,1002.84,31.20,92.05,0.64,1002.22,32.69,98.11,-0.05,0.29,115.49,300.23,7868,0.77,1.15,9.50,1.00,0.06,-0.04,-0.01,4.47,-7.40,-1.05,3,7,38,8, 0.0000000, 0.0000000, 0.00, 0.00
27011,-0.05,-0.31,9.63,1.00,-0.02,0.00,0.00,0.44,2.39,0.06,10.62,0.00,0,2,1002.85,35.02,93.15,1002.84,31.19,91.99,0.64,1002.21,32.68,98.14,-0.03,0.24,115.75,300.23,7874,0.70,1.34,9.56,1.00,0.06,-0.04,-0.01,4.47,-7.40,-1.05,3,7,38,8, 0.0000000, 0.0000000, 0.00, 0.00
27064,-0.02,-0.42,9.45,1.00,-0.02,0.00,0.00,0.44,2.40,0.06,10.61,0.00,0,2,1002.85,35.01,93.14,1002.85,31.20,92.02,0.64,1002.22,32.70,98.11,-0.03,0.24,115.75,300.23,7875,0.79,1.27,9.52,1.00,0.06,-0.04,-0.01,4.47,-7.40,-1.05,3,7,38,8, 0.0000000, 0.0000000, 0.00, 0.00
27122,-0.08,-0.36,9.60,1.00,-0.02,0.00,0.00,0.42,2.37,0.06,10.61,0.00,0,2,1002.85,35.02,93.14,1002.85,31.21,92.02,0.64,1002.21,32.70,98.14,-0.03,0.24,115.66,300.23,7874,0.74,1.23,9.56,1.00,0.06,-0.04,-0.01,4.47,-7.40,-1.05,3,7,38,8, 0.0000000, 0.0000000, 0.00, 0.00
27173,0.01,-0.26,9.65,1.00,-0.02,0.00,0.00,0.34,2.26,0.06,10.60,0.00,0,2,1002.85,35.01,93.16,1002.85,31.21,92.03,0.64,1002.21,32.69,98.13,-0.02,0.17,115.49,300.23,7875,0.68,1.09,9.46,1.00,0.06,-0.04,-0.01,4.47,-7.40,-1.05,3,7,38,8, 0.0000000, 0.0000000, 0.00, 0.00
27231,-0.09,-0.27,9.39,1.00,-0.02,0.00,0.00,0.32,2.23,0.06,10.60,0.00,0,2,1002.85,35.01,93.14,1002.85,31.20,92.02,0.64,1002.21,32.69,98.13,-0.03,0.24,115.49,300.23,7895,0.66,0.91,9.39,1.00,0.06,-0.04,-0.01,4.47,-7.40,-1.05,3,7,38,8, 0.0000000, 0.0000000, 0.00, 0.00
27283,0.04,-0.31,9.45,1.00,-0.02,0.00,0.00,0.29,2.19,0.07,10.60,0.00,0,2,1002.85,35.03,93.13,1002.85,31.20,92.02,0.64,1002.22,32.70,98.09,-0.03,0.24,115.66,300.23,7920,0.74,1.40,9.53,1.00,0.06,-0.04,-0.01,4.48,-7.40,-1.04,3,7,38,8, 0.0000000, 0.0000000, 0.00, 0.00
27340,0.04,-0.19,9.63,1.00,-0.02,0.00,0.00,0.25,2.15,0.07,10.58,0.00,0,2,1002.85,35.02,93.10,1002.85,31.21,91.97,0.64,1002.22,32.70,98.09,-0.03,0.24,115.66,300.23,7932,0.61,1.57,9.61,1.00,0.06,-0.04,-0.01,4.48,-7.43,-1.04,3,7,38,8, 0.0000000, 0.0000000, 0.00, 0.00
27392,-0.02,-0.27,9.53,1.00,-0.02,0.00,0.00,0.25,2.15,0.07,10.56,0.00,0,2,1002.85,35.03,93.12,1002.85,31.19,92.01,0.64,1002.22,32.67,98.07,-0.03,0.24,115.75,300.23,7943,0.96,1.60,9.61,1.00,0.06,-0.04,-0.01,4.48,-7.44,-1.04,3,7,38,8, 0.0000000, 0.0000000, 0.00, 0.00
27448,-0.04,-0.28,9.52,1.00,-0.02,0.00,0.00,0.25,2.15,0.07,10.55,0.00,0,2,1002.85,35.03,93.14,1002.85,31.19,92.01,0.64,1002.22,32.68,98.07,-0.03,0.24,115.84,300.23,7945,0.63,0.91,9.46,1.00,0.06,-0.04,-0.01,4.48,-7.44,-1.04,3,7,38,8, 0.0000000, 0.0000000, 0.00, 0.00
27501,0.07,-0.20,9.61,1.00,-0.02,0.00,0.00,0.25,2.15,0.07,10.56,0.00,0,2,1002.85,35.00,93.17,1002.85,31.20,91.98,0.64,1002.22,32.69,98.03,-0.03,0.24,115.84,300.23,7945,0.85,1.03,9.46,1.00,0.06,-0.04,-0.01,4.48,-7.44,-1.04,3,7,38,8, 0.0000000, 0.0000000, 0.00, 0.00
27556,-0.12,-0.25,9.48,1.00,-0.02,0.00,0.00,0.25,2.15,0.07,10.58,0.00,0,2,1002.85,35.02,93.17,1002.84,31.20,92.05,0.64,1002.22,32.69,98.05,-0.03,0.24,115.58,300.23,7944,0.52,1.39,9.56,1.00,0.06,-0.04,-0.01,4.48,-7.44,-1.03,3,7,38,8, 0.0000000, 0.0000000, 0.00, 0.00
27612,-0.02,-0.28,9.47,1.00,-0.02,0.00,0.00,0.27,2.16,0.07,10.59,0.00,0,2,1002.84,35.02,93.18,1002.85,31.19,91.99,0.64,1002.22,32.68,98.07,-0.03,0.24,115.31,300.23,7944,0.93,1.05,9.49,1.00,0.06,-0.04,-0.01,4.48,-7.44,-1.03,3,7,38,8, 0.0000000, 0.0000000, 0.00, 0.00
27670,-0.03,-0.27,9.63,1.00,-0.02,0.00,0.00,0.27,2.15,0.07,10.61,0.00,0,2,1002.85,35.01,93.18,1002.84,31.20,92.03,0.64,1002.22,32.68,98.09,-0.02,0.17,115.31,300.23,7943,0.91,1.33,9.50,1.00,0.06,-0.04,-0.01,4.48,-7.44,-1.04,3,7,39,8, 0.0000000, 0.0000000, 0.00, 0.00
27722,-0.02,-0.30,9.52,1.00,-0.02,0.00,0.00,0.30,2.20,0.06,10.60,0.00,0,2,1002.85,35.03,93.11,1002.84,31.19,92.01,0.64,1002.22,32.68,98.09,-0.03,0.24,115.22,300.23,7944,0.89,1.16,9.48,1.00,0.06,-0.04,-0.01,4.48,-7.44,-1.04,3,7,39,8, 0.0000000, 0.0000000, 0.00, 0.00
27780,-0.09,-0.41,9.42,1.00,-0.02,0.00,0.00,0.34,2.25,0.06,10.59,0.00,0,2,1002.85,35.03,93.17,1002.85,31.21,91.94,0.64,1002.22,32.69,98.04,-0.03,0.24,115.14,300.23,7939,0.70,1.20,9.48,1.00,0.06,-0.04,-0.01,4.48,-7.44,-1.04,3,7,39,8, 0.0000000, 0.0000000, 0.00, 0.00
27832,-0.11,-0.35,9.45,1.00,-0.02,0.00,0.00,0.36,2.28,0.06,10.58,0.00,0,2,1002.85,35.02,93.17,1002.85,31.20,91.99,0.64,1002.22,32.68,98.05,-0.02,0.17,115.05,300.23,7938,0.89,1.16,9.51,1.00,0.06,-0.04,-0.01,4.48,-7.44,-1.04,3,7,39,8, 0.0000000, 0.0000000, 0.00, 0.00
27890,-0.08,-0.28,9.55,1.00,-0.02,0.00,0.00,0.36,2.27,0.06,10.57,0.00,0,2,1002.85,35.03,93.12,1002.85,31.21,91.97,0.64,1002.22,32.69,98.08,-0.03,0.24,115.14,300.23,7935,0.95,0.87,9.42,1.00,0.06,-0.04,-0.01,4.48,-7.44,-1.04,3,7,39,8, 0.0000000, 0.0000000, 0.00, 0.00
27943,-0.04,-0.38,9.56,1.00,-0.02,0.00,0.00,0.36,2.27,0.06,10.58,0.00,0,2,1002.85,35.03,93.16,1002.85,31.20,92.01,0.64,1002.22,32.69,98.11,-0.03,0.24,115.31,300.23,7935,0.82,1.12,9.46,1.00,0.06,-0.04,-0.01,4.48,-7.44,-1.04,3,7,39,8, 0.0000000, 0.0000000, 0.00, 0.00
28000,0.03,-0.26,9.63,1.00,-0.02,0.00,0.00,0.36,2.27,0.06,10.58,0.00,0,2,1002.85,35.04,93.14,1002.85,31.20,92.02,0.64,1002.22,32.70,98.09,-0.03,0.24,115.40,300.23,7935,0.90,1.06,9.47,1.00,0.06,-0.04,-0.01,4.48,-7.44,-1.04,3,7,39,8, 0.0000000, 0.0000000, 0.00, 0.00
28052,-0.04,-0.33,9.51,1.00,-0.02,0.00,0.00,0.38,2.30,0.06,10.58,0.00,0,2,1002.85,35.04,93.12,1002.85,31.21,91.96,0.64,1002.22,32.70,98.03,-0.03,0.24,115.40,300.23,7935,0.70,1.47,9.58,1.00,0.06,-0.04,-0.01,4.48,-7.44,-1.04,3,7,39,8, 0.0000000, 0.0000000, 0.00, 0.00
28108,-0.06,-0.40,9.47,1.00,-0.02,0.00,0.00,0.42,2.36,0.06,10.57,0.00,0,2,1002.85,35.04,93.14,1002.85,31.21,91.97,0.64,1002.22,32.70,98.06,-0.02,0.17,115.14,300.23,7936,0.73,1.47,9.63,1.00,0.06,-0.04,-0.01,4.48,-7.44,-1.04,3,7,39,8, 0.0000000, 0.0000000, 0.00, 0.00
28162,-0.04,-0.44,9.54,1.00,-0.02,0.00,0.00,0.43,2.39,0.06,10.57,0.00,0,2,1002.84,35.02,93.18,1002.85,31.22,92.00,0.63,1002.22,32.70,98.08,-0.03,0.24,115.31,300.23,7937,0.66,1.06,9.48,1.00,0.06,-0.04,-0.01,4.48,-7.44,-1.04,3,7,39,8, 0.0000000, 0.0000000, 0.00, 0.00
28219,-0.05,-0.41,9.51,1.00,-0.02,0.00,0.00,0.43,2.39,0.06,10.59,0.00,0,2,1002.85,35.03,93.18,1002.85,31.21,92.03,0.64,1002.22,32.69,98.04,-0.03,0.24,115.75,300.23,7937,0.68,1.01,9.45,1.00,0.06,-0.04,-0.01,4.48,-7.44,-1.04,3,7,39,8, 0.0000000, 0.0000000, 0.00, 0.00
28270,-0.05,-0.40,9.54,1.00,-0.02,0.00,0.00,0.42,2.39,0.06,10.59,0.00,0,2,1002.85,35.04,93.15,1002.85,31.23,92.02,0.64,1002.23,32.69,98.01,-0.03,0.24,115.84,300.23,7936,0.73,1.42,9.60,1.00,0.06,-0.04,-0.01,4.48,-7.44,-1.04,3,7,39,8, 0.0000000, 0.0000000, 0.00, 0.00
28327,-0.10,-0.46,9.42,1.00,-0.02,0.00,0.00,0.42,2.39,0.06,10.60,0.00,0,2,1002.85,35.04,93.14,1002.85,31.21,92.01,0.64,1002.22,32.71,98.03,-0.03,0.24,115.66,300.23,7936,0.75,1.23,9.51,1.00,0.06,-0.04,-0.01,4.48,-7.44,-1.04,3,7,39,8, 0.0000000, 0.0000000, 0.00, 0.00
28382,-0.04,-0.34,9.56,1.00,-0.02,0.00,0.00,0.42,2.36,0.06,10.59,0.00,0,2,1002.85,35.03,93.14,1002.85,31.23,91.96,0.64,1002.22,32.68,98.07,-0.03,0.24,116.19,300.23,7936,0.71,1.22,9.50,1.00,0.06,-0.04,-0.01,4.48,-7.44,-1.04,3,7,39,8, 0.0000000, 0.0000000, 0.00, 0.00
28439,-0.12,-0.36,9.50,1.00,-0.02,0.00,0.00,0.44,2.40,0.06,10.59,0.00,0,2,1002.85,35.03,93.16,1002.84,31.20,92.03,0.64,1002.22,32.68,98.05,-0.03,0.24,115.93,300.23,7937,0.84,1.16,9.50,1.00,0.06,-0.04,-0.01,4.48,-7.44,-1.04,3,7,39,8, 0.0000000, 0.0000000, 0.00, 0.00
28491,-0.08,-0.38,9.52,1.00,-0.02,0.00,0.00,0.46,2.43,0.06,10.59,0.00,0,2,1002.85,35.05,93.13,1002.85,31.20,92.01,0.64,1002.22,32.68,98.08,-0.03,0.24,116.54,300.23,7937,0.76,1.18,9.50,1.00,0.06,-0.04,-0.01,4.48,-7.44,-1.04,3,7,39,8, 0.0000000, 0.0000000, 0.00, 0.00
28547,-0.03,-0.46,9.51,1.00,-0.02,0.00,0.00,0.47,2.45,0.06,10.60,0.00,0,2,1002.85,35.03,93.15,1002.85,31.20,92.00,0.64,1002.21,32.70,98.13,-0.03,0.24,116.37,300.23,7937,0.72,1.22,9.51,1.00,0.06,-0.04,-0.01,4.48,-7.44,-1.04,3,7,39,8, 0.0000000, 0.0000000, 0.00, 0.00
28601,-0.05,-0.50,9.45,1.00,-0.02,0.00,0.00,0.47,2.45,0.06,10.60,0.00,0,2,1002.85,35.03,93.15,1002.85,31.21,92.00,0.64,1002.22,32.70,98.11,-0.03,0.24,116.10,300.23,7937,0.73,1.18,9.49,1.00,0.06,-0.04,-0.01,4.48,-7.44,-1.04,3,7,39,8, 0.0000000, 0.0000000, 0.00, 0.00
28653,0.00,-0.37,9.69,1.00,-0.02,0.00,0.00,0.41,2.39,0.05,10.60,0.00,0,2,1002.85,35.05,93.17,1002.85,31.21,92.01,0.63,1002.22,32.69,98.10,-0.02,0.17,116.19,300.23,7935,0.78,1.27,9.56,1.00,0.06,-0.04,-0.01,4.48,-7.44,-1.04,3,7,39,8, 0.0000000, 0.0000000, 0.00, 0.00
28710,-0.08,-0.30,9.49,1.00,-0.02,0.00,0.00,0.39,2.34,0.06,10.60,0.00,0,2,1002.85,35.03,93.16,1002.85,31.21,91.99,0.63,1002.22,32.70,98.11,-0.03,0.24,115.58,300.23,7929,0.78,1.16,9.53,1.00,0.06,-0.04,-0.01,4.48,-7.44,-1.04,3,7,39,8, 0.0000000, 0.0000000, 0.00, 0.00
28766,-0.09,-0.30,9.41,1.00,-0.02,0.00,0.00,0.34,2.28,0.06,10.61,0.00,0,2,1002.85,35.04,93.15,1002.85,31.21,91.97,0.64,1002.22,32.69,98.08,-0.03,0.24,115.84,300.23,7926,0.76,1.42,9.54,1.00,0.06,-0.04,-0.01,4.48,-7.44,-1.04,3,7,39,8, 0.0000000, 0.0000000, 0.00, 0.00
28820,-0.05,-0.34,9.40,1.00,-0.02,0.00,0.00,0.30,2.22,0.06,10.62,0.00,0,2,1002.84,35.04,93.22,1002.85,31.22,92.02,0.63,1002.22,32.68,98.07,-0.05,0.29,116.19,300.23,7920,0.71,1.31,9.57,1.00,0.06,-0.04,-0.01,4.48,-7.44,-1.04,3,7,40,8, 0.0000000, 0.0000000, 0.00, 0.00
28873,0.00,-0.26,9.59,1.00,-0.02,0.00,0.00,0.26,2.17,0.07,10.61,0.00,0,2,1002.85,35.03,93.16,1002.85,31.21,92.01,0.64,1002.22,32.69,98.10,-0.02,0.17,116.19,300.23,7911,0.75,1.49,9.61,1.00,0.06,-0.04,-0.01,4.48,-7.44,-1.04,3,7,40,8, 0.0000000, 0.0000000, 0.00, 0.00
28929,0.03,-0.29,9.64,1.00,-0.02,0.00,0.00,0.23,2.13,0.07,10.61,0.00,0,2,1002.84,35.04,93.20,1002.85,31.21,92.01,0.63,1002.21,32.70,98.13,-0.02,0.17,116.10,300.23,7905,0.68,1.10,9.49,1.00,0.06,-0.04,-0.01,4.48,-7.44,-1.04,3,7,40,8, 0.0000000, 0.0000000, 0.00, 0.00
28981,-0.01,-0.22,9.52,1.00,-0.02,0.00,0.00,0.23,2.14,0.07,10.63,0.00,0,2,1002.84,35.04,93.19,1002.85,31.20,92.00,0.64,1002.21,32.69,98.13,-0.03,0.24,116.19,300.23,7902,0.76,1.33,9.54,1.00,0.06,-0.04,-0.01,4.48,-7.44,-1.04,3,7,40,8, 0.0000000, 0.0000000, 0.00, 0.00
29038,0.00,-0.16,9.52,1.00,-0.02,0.00,0.00,0.22,2.12,0.07,10.63,0.00,0,2,1002.85,35.05,93.15,1002.85,31.22,92.02,0.64,1002.21,32.69,98.13,-0.02,0.17,116.19,300.23,7895,0.71,1.07,9.47,1.00,0.06,-0.04,-0.01,4.48,-7.44,-1.04,3,7,40,8, 0.0000000, 0.0000000, 0.00, 0.00
29091,-0.05,-0.18,9.42,1.00,-0.02,0.00,0.00,0.19,2.07,0.07,10.62,0.00,0,2,1002.85,35.04,93.17,1002.85,31.23,91.96,0.64,1002.21,32.69,98.11,-0.03,0.24,115.84,300.23,7879,0.77,1.07,9.47,1.00,0.06,-0.04,-0.01,4.48,-7.44,-1.04,3,7,40,8, 0.0000000, 0.0000000, 0.00, 0.00
29149,-0.04,-0.16,9.53,1.00,-0.02,0.00,0.00,0.16,2.02,0.07,10.61,0.00,0,2,1002.84,35.04,93.20,1002.85,31.22,92.00,0.64,1002.22,32.70,98.11,-0.03,0.24,115.66,300.23,7850,0.74,1.17,9.50,1.00,0.06,-0.04,-0.01,4.48,-7.44,-1.04,3,7,40,8, 0.0000000, 0.0000000, 0.00, 0.00
29199,0.01,-0.24,9.57,1.00,-0.02,0.00,0.00,0.16,2.02,0.07,10.63,0.00,0,2,1002.85,35.04,93.17,1002.85,31.22,92.01,0.63,1002.21,32.69,98.11,-0.03,0.24,115.66,300.23,7847,0.77,1.35,9.55,1.00,0.06,-0.04,-0.01,4.48,-7.44,-1.04,3,7,40,8, 0.0000000, 0.0000000, 0.00, 0.00
29252,-0.08,-0.24,9.44,1.00,-0.02,0.00,0.00,0.16,2.03,0.07,10.63,0.00,0,2,1002.85,35.03,93.17,1002.85,31.21,92.00,0.64,1002.22,32.70,98.11,-0.03,0.24,115.66,300.23,7843,0.79,1.30,9.57,1.00,0.06,-0.04,-0.01,4.48,-7.44,-1.04,3,7,40,8, 0.0000000, 0.0000000, 0.00, 0.00
29310,-0.09,-0.20,9.45,1.00,-0.02,0.00,0.00,0.16,2.02,0.07,10.62,0.00,0,2,1002.85,35.03,93.17,1002.85,31.21,91.99,0.64,1002.22,32.70,98.08,-0.05,0.29,116.54,300.23,7818,0.73,1.14,9.49,1.00,0.06,-0.04,-0.01,4.48,-7.44,-1.04,3,7,40,8, 0.0000000, 0.0000000, 0.00, 0.00
29368,-0.02,-0.18,9.56,1.00,-0.02,0.00,0.00,0.16,2.02,0.07,10.60,0.00,0,2,1002.85,35.04,93.15,1002.85,31.21,92.01,0.63,1002.21,32.71,98.14,-0.03,0.24,116.98,300.23,7814,0.74,1.25,9.53,1.00,0.06,-0.04,-0.01,4.48,-7.44,-1.04,3,7,40,8, 0.0000000, 0.0000000, 0.00, 0.00
29421,0.00,-0.20,9.56,1.00,-0.02,0.00,0.00,0.16,2.03,0.07,10.61,0.00,0,2,1002.85,35.05,93.13,1002.85,31.21,92.01,0.63,1002.21,32.69,98.15,-0.02,0.17,116.72,300.23,7812,0.76,1.40,9.58,1.00,0.06,-0.04,-0.01,4.48,-7.44,-1.04,3,7,40,8, 0.0000000, 0.0000000, 0.00, 0.00
29477,-0.10,-0.27,9.39,1.00,-0.02,0.00,0.00,0.16,2.03,0.07,10.61,0.00,0,2,1002.85,35.04,93.17,1002.85,31.22,91.99,0.63,1002.21,32.70,98.14,-0.02,0.17,116.28,300.23,7809,0.73,1.26,9.53,1.00,0.06,-0.04,-0.01,4.48,-7.44,-1.04,3,7,40,8, 0.0000000, 0.0000000, 0.00, 0.00
29529,0.03,-0.15,9.50,1.00,-0.02,0.00,0.00,0.16,2.01,0.07,10.60,0.00,0,2,1002.84,35.03,93.21,1002.85,31.22,91.99,0.64,1002.21,32.70,98.12,-0.02,0.17,116.28,300.23,7801,0.74,1.30,9.56,1.00,0.06,-0.04,-0.01,4.48,-7.44,-1.04,3,7,40,8, 0.0000000, 0.0000000, 0.00, 0.00
29587,-0.03,-0.17,9.44,1.00,-0.02,0.00,0.00,0.16,2.01,0.07,10.61,0.00,0,2,1002.85,35.04,93.17,1002.85,31.22,92.00,0.64,1002.22,32.70,98.11,-0.03,0.24,117.51,300.23,7795,0.77,1.24,9.54,1.00,0.06,-0.04,-0.01,4.48,-7.44,-1.04,3,7,40,8, 0.0000000, 0.0000000, 0.00, 0.00
29640,-0.07,-0.20,9.50,1.00,-0.02,0.00,0.00,0.16,2.01,0.07,10.62,0.00,0,2,1002.84,35.03,93.19,1002.85,31.21,92.01,0.64,1002.22,32.70,98.09,-0.02,0.17,117.60,300.23,7793,0.81,1.24,9.51,1.00,0.06,-0.04,-0.01,4.48,-7.44,-1.04,3,7,40,8, 0.0000000, 0.0000000, 0.00, 0.00
29691,-0.01,-0.21,9.61,1.00,-0.02,0.00,0.00,0.16,2.01,0.07,10.60,0.00,0,2,1002.85,35.04,93.15,1002.85,31.21,92.01,0.64,1002.21,32.69,98.15,-0.03,0.24,117.69,300.23,7791,0.73,1.21,9.51,1.00,0.06,-0.04,-0.01,4.48,-7.44,-1.04,3,7,41,8, 0.0000000, 0.0000000, 0.00, 0.00
29748,0.00,-0.22,9.52,1.00,-0.02,0.00,0.00,0.16,2.01,0.07,10.61,0.00,0,2,1002.85,35.03,93.16,1002.85,31.22,92.02,0.64,1002.21,32.70,98.14,-0.03,0.24,117.69,300.23,7788,0.76,1.26,9.51,1.00,0.06,-0.04,-0.01,4.48,-7.44,-1.04,3,7,41,8, 0.0000000, 0.0000000, 0.00, 0.00
29801,-0.01,-0.21,9.45,1.00,-0.02,0.00,0.00,0.16,2.01,0.07,10.61,0.00,0,2,1002.85,35.05,93.18,1002.85,31.21,92.02,0.64,1002.21,32.69,98.19,-0.03,0.24,117.42,300.23,7771,0.74,1.15,9.48,1.00,0.06,-0.04,-0.01,4.48,-7.44,-1.04,3,7,41,8, 0.0000000, 0.0000000, 0.00, 0.00
29858,-0.02,-0.13,9.59,1.00,-0.02,0.00,0.00,0.16,1.99,0.07,10.62,0.00,0,2,1002.84,35.03,93.21,1002.85,31.22,92.02,0.64,1002.22,32.69,98.11,-0.03,0.24,116.98,300.23,7757,0.74,1.15,9.54,1.00,0.06,-0.04,-0.01,4.48,-7.44,-1.04,3,7,41,8, 0.0000000, 0.0000000, 0.00, 0.00
29910,0.00,-0.15,9.60,1.00,-0.02,0.00,0.00,0.17,2.01,0.07,10.61,0.00,0,2,1002.85,35.03,93.15,1002.85,31.22,92.03,0.64,1002.22,32.70,98.11,-0.03,0.24,116.89,300.23,7756,0.73,1.16,9.57,1.00,0.06,-0.04,-0.01,4.48,-7.44,-1.04,3,7,41,8, 0.0000000, 0.0000000, 0.00, 0.00
29967,-0.02,-0.21,9.50,1.00,-0.02,0.00,0.00,0.17,2.01,0.07,10.61,0.00,0,2,1002.84,35.04,93.20,1002.85,31.21,92.03,0.63,1002.21,32.68,98.12,-0.05,0.29,116.98,300.23,7740,0.63,1.19,9.50,1.00,0.06,-0.04,-0.01,4.48,-7.44,-1.04,3,7,41,8, 0.0000000, 0.0000000, 0.00, 0.00
30023,0.00,-0.24,9.61,1.00,-0.02,0.00,0.00,0.17,2.01,0.07,10.60,0.00,0,2,1002.85,35.04,93.16,1002.85,31.21,91.98,0.64,1002.22,32.69,98.10,-0.03,0.24,116.89,300.23,7736,0.67,1.28,9.53,1.00,0.06,-0.04,-0.01,4.48,-7.44,-1.04,3,7,41,8, 0.0000000, 0.0000000, 0.00, 0.00
30077,-0.03,-0.22,9.51,1.00,-0.02,0.00,0.00,0.18,2.03,0.07,10.60,0.00,0,2,1002.85,35.03,93.16,1002.85,31.22,92.00,0.63,1002.22,32.69,98.08,-0.02,0.17,116.98,300.23,7727,0.70,1.20,9.51,1.00,0.06,-0.04,-0.01,4.48,-7.44,-1.04,3,7,41,8, 0.0000000, 0.0000000, 0.00, 0.00
30128,-0.01,-0.16,9.56,1.00,-0.02,0.00,0.00,0.18,2.01,0.07,10.60,0.00,0,2,1002.85,35.04,93.17,1002.85,31.22,92.02,0.64,1002.22,32.68,98.11,-0.05,0.29,116.98,300.23,7724,0.80,1.18,9.54,1.00,0.06,-0.04,-0.01,4.48,-7.44,-1.04,3,7,41,8, 0.0000000, 0.0000000, 0.00, 0.00
30180,-0.02,-0.14,9.53,1.00,-0.02,0.00,0.00,0.18,2.01,0.07,10.60,0.00,0,2,1002.85,35.03,93.16,1002.85,31.23,92.00,0.63,1002.22,32.70,98.11,-0.03,0.24,116.81,300.23,7725,0.78,1.18,9.49,1.00,0.06,-0.04,-0.01,4.48,-7.44,-1.04,3,7,41,8, 0.0000000, 0.0000000, 0.00, 0.00
30237,-0.04,-0.30,9.43,1.00,-0.02,0.00,0.00,0.18,2.04,0.07,10.61,0.00,0,2,1002.85,35.04,93.17,1002.84,31.21,92.04,0.63,1002.21,32.68,98.17,-0.03,0.24,116.72,300.23,7720,0.72,1.22,9.47,1.00,0.06,-0.04,-0.01,4.48,-7.44,-1.04,3,7,41,8, 0.0000000, 0.0000000, 0.00, 0.00
30288,0.03,-0.27,9.62,1.00,-0.02,0.00,0.00,0.18,2.04,0.07,10.62,0.00,0,2,1002.84,35.04,93.20,1002.85,31.21,92.02,0.63,1002.21,32.70,98.16,-0.05,0.29,117.42,300.23,7720,0.68,1.29,9.53,1.00,0.06,-0.04,-0.01,4.48,-7.44,-1.04,3,7,41,8, 0.0000000, 0.0000000, 0.00, 0.00
30343,-0.02,-0.23,9.54,1.00,-0.02,0.00,0.00,0.18,2.04,0.07,10.61,0.00,0,2,1002.85,35.04,93.17,1002.85,31.23,92.00,0.63,1002.21,32.70,98.14,-0.05,0.29,117.42,300.23,7719,0.73,1.15,9.49,1.00,0.06,-0.04,-0.01,4.48,-7.44,-1.04,3,7,41,8, 0.0000000, 0.0000000, 0.00, 0.00
30397,-0.05,-0.14,9.58,1.00,-0.02,0.00,0.00,0.19,2.05,0.07,10.60,0.00,0,2,1002.85,35.04,93.17,1002.85,31.22,92.02,0.63,1002.21,32.70,98.14,-0.03,0.24,117.51,300.23,7719,0.79,1.06,9.49,1.00,0.06,-0.04,-0.01,4.48,-7.44,-1.04,3,7,41,8, 0.0000000, 0.0000000, 0.00, 0.00
30451,-0.06,-0.21,9.51,1.00,-0.02,0.00,0.00,0.20,2.07,0.07,10.60,0.00,0,2,1002.85,35.03,93.16,1002.85,31.21,92.02,0.63,1002.22,32.70,98.08,-0.02,0.17,117.51,300.23,7718,0.78,1.19,9.50,1.00,0.06,-0.04,-0.01,4.48,-7.44,-1.04,3,7,41,8, 0.0000000, 0.0000000, 0.00, 0.00
30507,-0.04,-0.29,9.49,1.00,-0.02,0.00,0.00,0.20,2.06,0.07,10.61,0.00,0,2,1002.85,35.04,93.18,1002.85,31.22,92.00,0.63,1002.22,32.70,98.11,-0.03,0.24,117.51,300.23,7706,0.75,1.31,9.54,1.00,0.06,-0.04,-0.01,4.48,-7.44,-1.04,3,7,41,8, 0.0000000, 0.0000000, 0.00, 0.00
30561,-0.01,-0.29,9.53,1.00,-0.02,0.00,0.00,0.20,2.06,0.07,10.60,0.00,0,2,1002.85,35.03,93.17,1002.84,31.22,92.03,0.63,1002.22,32.70,98.08,-0.05,0.29,117.51,300.23,7706,0.73,1.26,9.49,1.00,0.06,-0.04,-0.01,4.48,-7.44,-1.04,3,7,41,8, 0.0000000, 0.0000000, 0.00, 0.00
30617,-0.02,-0.24,9.53,1.00,-0.02,0.00,0.00,0.20,2.06,0.07,10.60,0.00,0,2,1002.84,35.03,93.21,1002.85,31.22,92.00,0.63,1002.22,32.70,98.11,-0.05,0.29,117.42,300.23,7704,0.72,1.20,9.50,1.00,0.06,-0.04,-0.01,4.48,-7.44,-1.04,3,7,41,8, 0.0000000, 0.0000000, 0.00, 0.00
30674,0.01,-0.22,9.50,1.00,-0.02,0.00,0.00,0.20,2.06,0.07,10.60,0.00,0,2,1002.85,35.04,93.17,1002.85,31.21,92.00,0.63,1002.22,32.71,98.09,-0.02,0.17,117.16,300.23,7703,0.67,1.28,9.52,1.00,0.06,-0.04,-0.01,4.48,-7.44,-1.04,3,7,42,8, 0.0000000, 0.0000000, 0.00, 0.00
30728,0.08,-0.29,9.53,1.00,-0.02,0.00,0.00,0.20,2.05,0.07,10.60,0.00,0,2,1002.84,35.03,93.19,1002.84,31.22,92.04,0.63,1002.22,32.68,98.08,-0.03,0.24,117.07,300.23,7702,0.68,1.23,9.52,1.00,0.06,-0.04,-0.01,4.48,-7.44,-1.04,3,7,42,8, 0.0000000, 0.0000000, 0.00, 0.00
30785,-0.01,-0.22,9.47,1.00,-0.02,0.00,0.00,0.20,2.05,0.07,10.60,0.00,0,2,1002.84,35.04,93.19,1002.85,31.23,91.99,0.64,1002.22,32.70,98.09,-0.03,0.24,117.25,300.23,7702,0.71,1.09,9.46,1.00,0.06,-0.04,-0.01,4.48,-7.44,-1.04,3,7,42,8, 0.0000000, 0.0000000, 0.00, 0.00
30837,-0.09,-0.22,9.55,1.00,-0.02,0.00,0.00,0.20,2.05,0.07,10.60,0.00,0,2,1002.84,35.04,93.20,1002.85,31.23,92.01,0.63,1002.22,32.70,98.04,-0.03,0.24,117.07,300.23,7703,0.84,1.15,9.50,1.00,0.06,-0.04,-0.01,4.48,-7.44,-1.04,3,7,42,8, 0.0000000, 0.0000000, 0.00, 0.00
30894,-0.04,-0.28,9.44,1.00,-0.02,0.00,0.00,0.20,2.06,0.07,10.60,0.00,0,2,1002.85,35.05,93.18,1002.85,31.23,91.98,0.64,1002.22,32.69,98.08,-0.02,0.17,117.07,300.23,7702,0.82,1.30,9.58,1.00,0.06,-0.04,-0.01,4.48,-7.44,-1.04,3,7,42,8, 0.0000000, 0.0000000, 0.00, 0.00
30946,-0.01,-0.22,9.60,1.00,-0.02,0.00,0.00,0.20,2.06,0.07,10.59,0.00,0,2,1002.85,35.05,93.16,1002.85,31.22,92.02,0.64,1002.21,32.69,98.12,-0.02,0.17,117.07,300.23,7702,0.73,1.19,9.48,1.00,0.06,-0.04,-0.01,4.48,-7.44,-1.04,3,7,42,8, 0.0000000, 0.0000000, 0.00, 0.00
31001,-0.02,-0.25,9.55,1.00,-0.02,0.00,0.00,0.23,2.09,0.07,10.60,0.00,0,2,1002.84,35.04,93.19,1002.85,31.23,92.01,0.63,1002.21,32.68,98.15,-0.03,0.24,117.07,300.23,7703,0.79,1.13,9.47,1.00,0.06,-0.04,-0.01,4.48,-7.44,-1.04,3,7,42,8, 0.0000000, 0.0000000, 0.00, 0.00
31058,-0.11,-0.44,9.30,1.00,-0.02,0.00,0.00,0.31,2.20,0.06,10.61,0.00,0,2,1002.84,35.05,93.20,1002.85,31.22,92.02,0.64,1002.21,32.69,98.16,-0.03,0.24,117.25,300.23,7703,0.78,1.19,9.50,1.00,0.06,-0.04,-0.01,4.48,-7.44,-1.04,3,7,42,8, 0.0000000, 0.0000000, 0.00, 0.00
31111,-0.04,-0.38,9.54,1.00,-0.02,0.00,0.00,0.33,2.24,0.06,10.61,0.00,0,2,1002.85,35.06,93.19,1002.85,31.21,92.04,0.63,1002.21,32.70,98.12,-0.05,0.29,117.25,300.23,7704,0.82,1.39,9.52,1.00,0.06,-0.04,-0.01,4.48,-7.44,-1.04,3,7,42,8, 0.0000000, 0.0000000, 0.00, 0.00
31166,-0.04,-0.40,9.57,1.00,-0.02,0.00,0.00,0.39,2.30,0.06,10.61,0.00,0,2,1002.85,35.05,93.18,1002.85,31.22,92.01,0.63,1002.22,32.70,98.11,-0.03,0.24,117.25,300.23,7705,0.67,1.13,9.48,1.00,0.06,-0.04,-0.01,4.48,-7.44,-1.04,3,7,42,8, 0.0000000, 0.0000000, 0.00, 0.00
31219,-0.03,-0.41,9.50,1.00,-0.02,0.00,0.00,0.41,2.32,0.05,10.60,0.00,0,2,1002.85,35.06,93.15,1002.85,31.22,92.02,0.63,1002.21,32.70,98.13,-0.03,0.24,117.25,300.23,7705,0.67,1.05,9.48,1.00,0.06,-0.04,-0.01,4.48,-7.44,-1.04,3,7,42,8, 0.0000000, 0.0000000, 0.00, 0.00
31278,-0.07,-0.35,9.62,1.00,-0.02,0.00,0.00,0.41,2.34,0.05,10.59,0.00,0,2,1002.85,35.05,93.15,1002.85,31.21,91.99,0.63,1002.22,32.70,98.11,-0.05,0.29,117.25,300.23,7706,0.66,1.18,9.53,1.00,0.06,-0.04,-0.01,4.48,-7.44,-1.04,3,7,42,8, 0.0000000, 0.0000000, 0.00, 0.00
31329,-0.11,-0.42,9.42,1.00,-0.02,0.00,0.00,0.43,2.34,0.05,10.59,0.00,0,2,1002.85,35.06,93.14,1002.85,31.22,92.02,0.64,1002.22,32.70,98.11,-0.03,0.24,117.25,300.23,7706,0.82,1.18,9.50,1.00,0.06,-0.04,-0.01,4.48,-7.44,-1.04,3,7,42,8, 0.0000000, 0.0000000, 0.00, 0.00
31385,0.02,-0.73,9.63,1.00,-0.02,0.00,0.00,0.40,2.35,0.05,10.59,0.00,0,2,1002.84,35.05,93.20,1002.85,31.23,92.00,0.64,1002.22,32.71,98.12,-0.03,0.24,117.25,300.23,7707,0.68,1.80,9.62,1.00,0.06,-0.04,-0.01,4.48,-7.44,-1.04,3,7,42,8, 0.0000000, 0.0000000, 0.00, 0.00
31438,-0.05,-0.29,9.50,1.00,-0.02,0.00,0.00,0.41,2.36,0.05,10.59,0.00,0,2,1002.85,35.06,93.14,1002.85,31.23,91.96,0.64,1002.21,32.71,98.15,-0.03,0.24,117.07,300.23,7708,0.92,1.77,9.62,1.00,0.06,-0.04,-0.01,4.48,-7.45,-1.04,3,7,42,8, 0.0000000, 0.0000000, 0.00, 0.00
31490,-0.05,-0.36,9.54,1.00,-0.02,0.00,0.00,0.40,2.34,0.05,10.58,0.00,0,2,1002.85,35.05,93.11,1002.85,31.21,91.97,0.64,1002.22,32.71,98.10,-0.05,0.29,117.33,300.23,7708,1.00,1.09,9.39,1.00,0.06,-0.04,-0.01,4.48,-7.44,-1.04,3,7,42,8, 0.0000000, 0.0000000, 0.00, 0.00
31546,-0.04,-0.46,9.55,1.00,-0.02,0.00,0.00,0.40,2.34,0.05,10.58,0.00,0,2,1002.85,35.05,93.15,1002.85,31.22,92.00,0.64,1002.22,32.70,98.09,-0.03,0.24,116.98,300.23,7707,0.57,1.49,9.61,1.00,0.06,-0.04,-0.01,4.48,-7.44,-1.02,3,7,42,8, 0.0000000, 0.0000000, 0.00, 0.00
31598,0.01,-0.46,9.55,1.00,-0.02,0.00,0.00,0.40,2.34,0.05,10.59,0.00,0,2,1002.85,35.05,93.13,1002.85,31.22,91.97,0.64,1002.22,32.70,98.09,-0.03,0.24,116.63,300.23,7707,0.46,1.51,9.59,1.00,0.06,-0.04,-0.01,4.48,-7.44,-1.01,3,7,42,8, 0.0000000, 0.0000000, 0.00, 0.00
31655,-0.12,-0.43,9.52,1.00,-0.02,0.00,0.00,0.39,2.35,0.05,10.58,0.00,0,2,1002.85,35.05,93.16,1002.85,31.22,92.02,0.64,1002.22,32.70,98.07,-0.05,0.29,116.81,300.23,7706,0.73,1.45,9.60,1.00,0.06,-0.04,-0.01,4.49,-7.44,-1.00,3,7,42,8, 0.0000000, 0.0000000, 0.00, 0.00
31709,-0.11,-0.37,9.48,1.00,-0.02,0.00,0.00,0.40,2.35,0.05,10.59,0.00,0,2,1002.85,35.04,93.14,1002.85,31.22,92.00,0.64,1002.21,32.71,98.12,-0.03,0.24,116.98,300.23,7707,0.73,1.00,9.42,1.00,0.06,-0.04,-0.01,4.49,-7.44,-1.00,3,7,43,8, 0.0000000, 0.0000000, 0.00, 0.00
31766,0.00,-0.38,9.61,1.00,-0.02,0.00,0.00,0.40,2.35,0.05,10.59,0.00,0,2,1002.85,35.05,93.15,1002.85,31.23,92.03,0.64,1002.22,32.70,98.10,-0.02,0.17,116.81,300.23,7707,0.72,1.48,9.63,1.00,0.06,-0.04,-0.01,4.49,-7.45,-1.00,3,7,43,8, 0.0000000, 0.0000000, 0.00, 0.00
31817,0.00,-0.40,9.50,1.00,-0.02,0.00,0.00,0.39,2.35,0.05,10.60,0.00,0,2,1002.85,35.04,93.15,1002.85,31.22,92.00,0.64,1002.22,32.70,98.11,-0.03,0.24,116.19,300.23,7707,0.69,1.45,9.53,1.00,0.06,-0.04,-0.01,4.49,-7.45,-0.99,3,7,43,8, 0.0000000, 0.0000000, 0.00, 0.00
31875,-0.10,-0.42,9.58,1.00,-0.02,0.00,0.00,0.39,2.36,0.05,10.60,0.00,0,2,1002.85,35.05,93.16,1002.85,31.23,92.01,0.64,1002.21,32.69,98.12,-0.03,0.24,116.19,300.23,7706,0.83,1.60,9.66,1.00,0.06,-0.04,-0.01,4.49,-7.46,-0.99,3,7,43,8, 0.0000000, 0.0000000, 0.00, 0.00
31928,-0.19,-0.33,9.56,1.00,-0.02,0.00,0.00,0.39,2.33,0.06,10.59,0.00,0,2,1002.85,35.05,93.16,1002.85,31.23,92.03,0.64,1002.22,32.68,98.05,-0.03,0.24,116.19,300.23,7707,0.77,0.87,9.43,1.00,0.06,-0.04,-0.01,4.49,-7.46,-0.99,3,7,43,8, 0.0000000, 0.0000000, 0.00, 0.00
31985,-0.18,-0.33,9.57,1.00,-0.02,0.00,0.00,0.41,2.31,0.05,10.60,0.00,0,2,1002.85,35.06,93.14,1002.85,31.23,92.01,0.64,1002.22,32.70,98.07,-0.03,0.24,116.28,300.23,7719,0.86,1.05,9.42,1.00,0.06,-0.04,-0.01,4.49,-7.43,-0.96,3,7,43,8, 0.0000000, 0.0000000, 0.00, 0.00
32037,0.12,-0.52,9.56,1.00,-0.02,0.00,0.00,0.40,2.30,0.06,10.60,0.00,0,2,1002.85,35.04,93.15,1002.85,31.23,91.98,0.63,1002.22,32.70,98.09,-0.02,0.17,116.37,300.23,7733,0.53,1.96,9.96,1.00,0.06,-0.04,-0.01,4.50,-7.48,-0.93,3,7,43,8, 0.0000000, 0.0000000, 0.00, 0.00
32095,0.00,-0.41,9.43,1.00,-0.02,0.00,0.00,0.36,2.26,0.06,10.59,0.00,0,2,1002.85,35.05,93.15,1002.85,31.23,91.98,0.64,1002.21,32.70,98.13,-0.03,0.24,116.19,300.23,7734,0.77,0.63,9.39,1.00,0.06,-0.04,-0.01,4.49,-7.47,-0.93,3,7,43,8, 0.0000000, 0.0000000, 0.00, 0.00
32149,-0.13,-0.39,9.44,1.00,-0.02,0.00,0.00,0.35,2.26,0.06,10.60,0.00,0,2,1002.85,35.05,93.17,1002.84,31.24,92.00,0.63,1002.22,32.70,98.09,-0.03,0.24,116.37,300.23,7735,0.87,0.67,9.37,1.00,0.06,-0.04,-0.01,4.50,-7.45,-0.91,3,7,43,8, 0.0000000, 0.0000000, 0.00, 0.00
32206,-0.09,-0.28,9.62,1.00,-0.02,0.00,0.00,0.32,2.22,0.06,10.60,0.00,0,2,1002.85,35.05,93.13,1002.85,31.22,92.00,0.64,1002.22,32.70,98.09,-0.03,0.24,116.63,300.23,7736,0.80,2.60,9.94,1.00,0.06,-0.04,-0.01,4.50,-7.49,-0.91,3,7,43,8, 0.0000000, 0.0000000, 0.00, 0.00
32264,-0.08,-0.22,9.53,1.00,-0.02,0.00,0.00,0.32,2.21,0.06,10.60,0.00,0,2,1002.85,35.07,93.15,1002.85,31.23,92.00,0.64,1002.22,32.71,98.10,-0.03,0.24,116.98,300.23,7741,0.89,2.14,9.75,1.00,0.06,-0.04,-0.01,4.50,-7.47,-0.91,3,7,43,8, 0.0000000, 0.0000000, 0.00, 0.00
32316,-0.08,-0.25,9.50,1.00,-0.02,0.00,0.00,0.33,2.18,0.06,10.60,0.00,0,2,1002.85,35.06,93.15,1002.85,31.22,92.02,0.64,1002.22,32.70,98.11,-0.02,0.17,117.42,300.23,7745,0.87,1.74,9.63,1.00,0.06,-0.04,-0.01,4.50,-7.45,-0.88,3,7,43,8, 0.0000000, 0.0000000, 0.00, 0.00
32373,0.00,-0.39,9.59,1.00,-0.02,0.00,0.00,0.33,2.18,0.06,10.60,0.00,0,2,1002.85,35.05,93.15,1002.85,31.22,91.99,0.64,1002.22,32.69,98.12,-0.03,0.24,117.69,300.23,7755,1.13,0.73,9.34,1.00,0.06,-0.04,-0.01,4.51,-7.42,-0.88,3,7,43,8, 0.0000000, 0.0000000, 0.00, 0.00
32426,-0.03,-0.39,9.45,1.00,-0.02,0.00,0.00,0.33,2.15,0.06,10.60,0.00,0,2,1002.85,35.04,93.18,1002.85,31.24,91.96,0.64,1002.22,32.71,98.09,-0.02,0.17,117.77,300.23,7770,0.32,1.31,9.55,1.00,0.06,-0.04,-0.00,4.52,-7.43,-0.85,3,7,43,8, 0.0000000, 0.0000000, 0.00, 0.00
32483,-0.01,-0.23,9.54,1.00,-0.02,0.00,0.00,0.33,2.13,0.06,10.61,0.00,0,2,1002.85,35.06,93.14,1002.85,31.24,91.99,0.64,1002.21,32.70,98.14,-0.03,0.24,117.95,300.23,7778,0.27,1.27,9.52,1.00,0.06,-0.04,-0.00,4.52,-7.42,-0.82,3,7,43,8, 0.0000000, 0.0000000, 0.00, 0.00
32536,0.00,-0.30,9.70,1.00,-0.02,0.00,0.00,0.32,2.12,0.06,10.61,0.00,0,2,1002.85,35.04,93.18,1002.85,31.22,92.00,0.64,1002.21,32.70,98.16,-0.03,0.24,118.04,300.23,7783,0.23,1.76,9.81,1.00,0.06,-0.04,-0.00,4.53,-7.44,-0.79,3,7,43,8, 0.0000000, 0.0000000, 0.00, 0.00
32587,0.04,-0.23,9.38,1.00,-0.02,0.00,0.00,0.32,2.12,0.06,10.62,0.00,0,2,1002.85,35.05,93.17,1002.85,31.23,91.97,0.64,1002.21,32.70,98.16,-0.05,0.29,118.12,300.23,7793,0.60,0.44,9.23,1.00,0.06,-0.04,-0.00,4.52,-7.40,-0.80,3,7,43,8, 0.0000000, 0.0000000, 0.00, 0.00
32644,0.04,-0.27,9.74,1.00,-0.02,0.00,0.00,0.30,2.12,0.06,10.62,0.00,0,2,1002.85,35.06,93.17,1002.85,31.25,92.01,0.64,1002.22,32.72,98.07,-0.03,0.24,118.39,300.23,7793,0.76,1.13,9.60,1.00,0.06,-0.04,-0.00,4.53,-7.45,-0.79,3,7,43,8, 0.0000000, 0.0000000, 0.00, 0.00
32697,-0.10,-0.20,9.41,1.00,-0.02,0.00,0.00,0.30,2.11,0.06,10.60,0.00,0,2,1002.85,35.06,93.16,1002.85,31.23,92.01,0.64,1002.22,32.71,98.08,-0.03,0.24,118.39,300.23,7799,0.94,0.74,9.40,1.00,0.06,-0.04,-0.00,4.53,-7.45,-0.77,3,7,44,8, 0.0000000, 0.0000000, 0.00, 0.00
32754,0.00,-0.26,9.63,1.00,-0.02,0.00,0.00,0.30,2.11,0.06,10.60,0.00,0,2,1002.85,35.05,93.16,1002.85,31.24,91.99,0.64,1002.21,32.70,98.12,-0.03,0.24,118.39,300.23,7800,0.58,1.15,9.51,1.00,0.06,-0.04,-0.00,4.53,-7.45,-0.75,3,7,44,8, 0.0000000, 0.0000000, 0.00, 0.00
32805,-0.06,-0.22,9.56,1.00,-0.02,0.00,0.00,0.30,2.09,0.06,10.61,0.00,0,2,1002.85,35.05,93.15,1002.85,31.23,91.99,0.64,1002.22,32.71,98.10,-0.03,0.24,118.21,300.23,7800,0.99,1.00,9.41,1.00,0.06,-0.04,-0.00,4.53,-7.44,-0.76,3,7,44,8, 0.0000000, 0.0000000, 0.00, 0.00
32861,0.02,-0.19,9.52,1.00,-0.02,0.00,0.00,0.30,2.09,0.06,10.60,0.00,0,2,1002.85,35.04,93.16,1002.85,31.24,92.00,0.64,1002.21,32.70,98.14,-0.03,0.24,118.30,300.23,7800,0.85,0.63,9.41,1.00,0.06,-0.04,-0.00,4.53,-7.43,-0.74,3,7,44,8, 0.0000000, 0.0000000, 0.00, 0.00
32915,-0.01,-0.30,9.39,1.00,-0.02,0.00,0.00,0.32,2.11,0.06,10.60,0.00,0,2,1002.85,35.05,93.15,1002.85,31.23,92.01,0.64,1002.21,32.70,98.12,-0.03,0.24,118.21,300.23,7801,0.87,0.37,9.14,1.00,0.06,-0.04,-0.00,4.53,-7.41,-0.71,3,7,44,8, 0.0000000, 0.0000000, 0.00, 0.00
32968,-0.07,-0.26,9.68,1.00,-0.02,0.00,0.00,0.31,2.11,0.06,10.60,0.00,0,2,1002.85,35.05,93.13,1002.85,31.24,92.00,0.64,1002.22,32.70,98.11,-0.02,0.17,118.12,300.23,7828,0.91,0.88,9.39,1.00,0.06,-0.04,-0.00,4.53,-7.43,-0.71,3,7,44,8, 0.0000000, 0.0000000, 0.00, 0.00
33024,-0.11,-0.19,9.28,1.00,-0.02,0.00,0.00,0.31,2.10,0.06,10.60,0.00,0,2,1002.85,35.04,93.17,1002.85,31.25,92.02,0.64,1002.22,32.71,98.12,-0.03,0.24,118.04,300.23,7832,0.72,0.67,9.24,1.00,0.06,-0.04,-0.00,4.53,-7.42,-0.69,3,7,44,8, 0.0000000, 0.0000000, 0.00, 0.00
33081,0.00,-0.33,9.66,1.00,-0.02,0.00,0.00,0.31,2.10,0.06,10.60,0.00,0,2,1002.85,35.05,93.16,1002.84,31.23,92.02,0.62,1002.22,32.70,98.08,-0.03,0.24,118.48,300.23,7832,0.67,0.90,9.54,1.00,0.06,-0.04,-0.00,4.54,-7.44,-0.68,3,7,44,8, 0.0000000, 0.0000000, 0.00, 0.00
33135,-0.09,-0.35,9.31,1.00,-0.02,0.00,0.00,0.31,2.10,0.06,10.61,0.00,0,2,1002.85,35.04,93.18,1002.85,31.24,92.02,0.63,1002.22,32.70,98.09,-0.05,0.29,118.12,300.23,7832,0.69,0.90,9.53,1.00,0.06,-0.04,-0.00,4.54,-7.44,-0.66,3,7,44,8, 0.0000000, 0.0000000, 0.00, 0.00
33192,-0.04,-0.27,9.55,1.00,-0.02,0.00,0.00,0.30,2.10,0.06,10.60,0.00,0,2,1002.85,35.06,93.14,1002.85,31.24,91.99,0.64,1002.22,32.71,98.05,-0.02,0.17,116.81,300.23,7832,0.80,1.95,9.78,1.00,0.06,-0.04,-0.00,4.54,-7.46,-0.66,3,7,44,8, 0.0000000, 0.0000000, 0.00, 0.00
33245,0.04,-0.19,9.61,1.00,-0.02,0.00,0.00,0.30,2.10,0.06,10.59,0.00,0,2,1002.85,35.04,93.17,1002.85,31.25,91.98,0.64,1002.22,32.71,98.10,-0.03,0.24,116.98,300.23,7833,0.33,1.01,9.56,1.00,0.06,-0.04,-0.00,4.54,-7.45,-0.64,3,7,44,8, 0.0000000, 0.0000000, 0.00, 0.00
33298,0.00,-0.23,9.43,1.00,-0.02,0.00,0.00,0.30,2.09,0.06,10.59,0.00,0,2,1002.85,35.05,93.18,1002.85,31.24,92.01,0.64,1002.21,32.71,98.12,-0.03,0.24,116.89,300.23,7838,0.38,0.65,9.36,1.00,0.06,-0.04,-0.00,4.55,-7.42,-0.62,3,7,44,8, 0.0000000, 0.0000000, 0.00, 0.00
33355,-0.04,-0.30,9.52,1.00,-0.02,0.00,0.00,0.30,2.09,0.06,10.59,0.00,0,2,1002.85,35.06,93.17,1002.85,31.23,92.01,0.64,1002.22,32.71,98.07,-0.03,0.24,115.75,300.23,7850,0.60,0.08,9.10,1.00,0.06,-0.04,-0.00,4.55,-7.41,-0.61,3,7,44,8, 0.0000000, 0.0000000, 0.00, 0.00
33413,-0.05,-0.29,9.60,1.00,-0.02,0.00,0.00,0.29,2.07,0.06,10.61,0.00,0,2,1002.85,35.05,93.18,1002.85,31.24,92.01,0.64,1002.22,32.71,98.05,-0.03,0.24,114.43,300.23,7853,1.02,2.15,9.82,1.00,0.06,-0.04,-0.00,4.54,-7.45,-0.62,3,7,44,8, 0.0000000, 0.0000000, 0.00, 0.00
33466,-0.06,-0.17,9.36,1.00,-0.02,0.00,0.00,0.29,2.07,0.06,10.60,0.00,0,2,1002.85,35.03,93.18,1002.85,31.23,91.99,0.64,1002.22,32.72,98.09,-0.05,0.29,111.45,300.23,7866,0.86,1.00,9.32,1.00,0.06,-0.04,-0.00,4.55,-7.43,-0.60,3,7,44,8, 0.0000000, 0.0000000, 0.00, 0.00
33524,0.06,-0.18,9.66,1.00,-0.02,0.00,0.00,0.28,2.05,0.06,10.60,0.00,0,2,1002.85,35.05,93.18,1002.85,31.24,91.97,0.64,1002.22,32.71,98.09,-0.03,0.24,108.72,300.23,7867,0.84,1.69,9.64,1.00,0.06,-0.04,-0.00,4.55,-7.43,-0.58,3,7,44,8, 0.0000000, 0.0000000, 0.00, 0.00
33583,-0.06,-0.20,9.53,1.00,-0.02,0.00,0.00,0.29,2.05,0.06,10.59,0.00,0,2,1002.85,35.06,93.16,1002.85,31.24,91.97,0.64,1002.22,32.72,98.11,-0.02,0.17,108.02,300.23,7867,0.88,1.92,9.77,1.00,0.06,-0.04,-0.00,4.56,-7.43,-0.56,3,7,44,8, 0.0000000, 0.0000000, 0.00, 0.00
33634,-0.03,-0.26,9.59,1.00,-0.02,0.00,0.00,0.29,2.05,0.06,10.59,0.00,0,2,1002.85,35.05,93.15,1002.85,31.24,91.99,0.64,1002.22,32.71,98.10,-0.03,0.24,107.75,300.23,7867,0.56,0.70,9.33,1.00,0.06,-0.04,-0.00,4.56,-7.42,-0.54,3,7,44,8, 0.0000000, 0.0000000, 0.00, 0.00
33692,0.03,-0.23,9.63,1.00,-0.02,0.00,0.00,0.27,2.04,0.07,10.58,0.00,0,2,1002.85,35.06,93.12,1002.85,31.25,92.01,0.64,1002.22,32.72,98.09,-0.03,0.24,108.11,300.23,7893,0.66,1.41,9.55,1.00,0.06,-0.04,-0.00,4.56,-7.43,-0.54,3,7,45,8, 0.0000000, 0.0000000, 0.00, 0.00
33745,-0.02,-0.14,9.43,1.00,-0.02,0.00,0.00,0.27,2.04,0.07,10.60,0.00,0,2,1002.85,35.05,93.18,1002.85,31.24,92.01,0.64,1002.22,32.71,98.07,-0.03,0.24,108.81,300.23,7900,0.87,0.85,9.35,1.00,0.06,-0.04,-0.00,4.56,-7.43,-0.54,3,7,45,8, 0.0000000, 0.0000000, 0.00, 0.00
33803,-0.09,-0.13,9.58,1.00,-0.02,0.00,0.00,0.26,2.02,0.07,10.60,0.00,0,2,1002.85,35.05,93.16,1002.86,31.24,91.94,0.64,1002.21,32.71,98.14,-0.03,0.24,108.81,300.23,7913,0.91,1.64,9.68,1.00,0.06,-0.04,-0.00,4.56,-7.43,-0.54,3,7,45,8, 0.0000000, 0.0000000, 0.00, 0.00
33853,0.03,-0.17,9.45,1.00,-0.02,0.00,0.00,0.23,1.94,0.07,10.61,0.00,0,2,1002.84,35.04,93.19,1002.85,31.24,91.99,0.64,1002.21,32.72,98.13,-0.03,0.24,108.90,300.23,7914,0.72,1.43,9.59,1.00,0.06,-0.04,-0.00,4.56,-7.43,-0.53,3,7,45,8, 0.0000000, 0.0000000, 0.00, 0.00
33912,0.10,-0.16,9.68,1.00,-0.02,0.00,0.00,0.22,1.94,0.07,10.62,0.00,0,2,1002.85,35.04,93.18,1002.86,31.26,92.01,0.64,1002.22,32.72,98.09,-0.03,0.24,109.78,300.23,7914,0.66,1.53,9.67,1.00,0.06,-0.04,-0.00,4.56,-7.45,-0.54,3,7,45,8, 0.0000000, 0.0000000, 0.00, 0.00
33962,-0.10,-0.21,9.52,1.00,-0.02,0.00,0.00,0.21,1.91,0.07,10.61,0.00,0,2,1002.85,35.05,93.17,1002.85,31.25,91.99,0.64,1002.22,32.72,98.09,-0.03,0.24,111.36,300.23,7914,0.91,1.43,9.54,1.00,0.06,-0.04,-0.00,4.56,-7.43,-0.53,3,7,45,8, 0.0000000, 0.0000000, 0.00, 0.00
34016,0.00,-0.16,9.46,1.00,-0.02,0.00,0.00,0.22,1.87,0.07,10.60,0.00,0,2,1002.85,35.05,93.15,1002.85,31.25,92.00,0.64,1002.22,32.70,98.07,-0.02,0.17,112.15,300.23,7914,0.76,1.25,9.49,1.00,0.06,-0.04,-0.00,4.56,-7.43,-0.54,3,7,45,8, 0.0000000, 0.0000000, 0.00, 0.00
34071,0.08,-0.21,9.57,1.00,-0.02,0.00,0.00,0.21,1.86,0.07,10.60,0.00,0,2,1002.85,35.03,93.17,1002.85,31.26,91.96,0.64,1002.22,32.72,98.06,-0.03,0.24,111.71,300.23,7911,0.65,1.25,9.55,1.00,0.06,-0.04,-0.00,4.56,-7.43,-0.54,3,7,45,8, 0.0000000, 0.0000000, 0.00, 0.00
34123,0.00,-0.23,9.54,1.00,-0.02,0.00,0.00,0.21,1.87,0.06,10.60,0.00,0,2,1002.85,35.04,93.17,1002.85,31.25,91.97,0.64,1002.22,32.73,98.07,-0.03,0.24,107.14,300.23,7907,0.75,1.12,9.51,1.00,0.06,-0.04,-0.00,4.56,-7.43,-0.54,3,7,45,8, 0.0000000, 0.0000000, 0.00, 0.00
34181,-0.03,-0.31,9.40,1.00,-0.02,0.00,0.00,0.33,2.03,0.06,10.59,0.00,0,2,1002.84,35.05,93.20,1002.85,31.25,91.98,0.64,1002.22,32.72,98.07,-0.03,0.24,104.41,300.23,7906,0.68,0.91,9.40,1.00,0.06,-0.04,-0.00,4.56,-7.43,-0.54,3,7,45,8, 0.0000000, 0.0000000, 0.00, 0.00
34233,0.00,-0.34,9.78,1.00,-0.02,0.00,0.00,0.41,2.15,0.05,10.60,0.00,0,2,1002.85,35.04,93.15,1002.85,31.25,92.00,0.64,1002.21,32.70,98.12,-0.03,0.24,99.93,300.23,7906,0.70,1.30,9.53,1.00,0.06,-0.04,-0.00,4.56,-7.43,-0.54,3,7,45,8, 0.0000000, 0.0000000, 0.00, 0.00
34287,-0.08,-0.43,9.46,1.00,-0.02,0.00,0.00,0.55,2.31,0.05,10.60,0.00,0,2,1002.85,35.05,93.18,1002.85,31.25,92.00,0.64,1002.22,32.72,98.09,-0.03,0.24,98.70,300.23,7907,0.81,1.05,9.40,1.00,0.06,-0.04,-0.00,4.56,-7.42,-0.54,3,7,45,8, 0.0000000, 0.0000000, 0.00, 0.00
34342,-0.01,-0.44,9.59,1.00,-0.02,0.00,0.00,0.55,2.32,0.05,10.61,0.00,0,2,1002.84,35.03,93.20,1002.85,31.25,91.97,0.64,1002.22,32.71,98.10,-0.03,0.24,98.96,300.23,7906,0.74,1.34,9.54,1.00,0.06,-0.04,-0.00,4.56,-7.42,-0.54,3,7,45,8, 0.0000000, 0.0000000, 0.00, 0.00
34395,-0.13,-0.45,9.45,1.00,-0.02,0.00,0.00,0.57,2.34,0.05,10.61,0.00,0,2,1002.84,35.05,93.20,1002.85,31.24,92.02,0.64,1002.21,32.71,98.13,-0.03,0.24,99.32,300.23,7908,0.78,1.11,9.41,1.00,0.06,-0.04,-0.00,4.56,-7.42,-0.54,3,7,45,8, 0.0000000, 0.0000000, 0.00, 0.00
34449,0.00,-0.43,9.52,1.00,-0.02,0.00,0.00,0.56,2.34,0.05,10.61,0.00,0,2,1002.84,35.04,93.20,1002.85,31.25,92.00,0.64,1002.22,32.72,98.08,-0.03,0.24,99.84,300.23,7911,0.56,1.02,9.44,1.00,0.06,-0.04,-0.00,4.56,-7.42,-0.54,3,7,45,8, 0.0000000, 0.0000000, 0.00, 0.00
34502,0.00,-0.43,9.69,1.00,-0.02,0.00,0.00,0.55,2.35,0.05,10.61,0.00,0,2,1002.85,35.05,93.15,1002.85,31.25,92.03,0.64,1002.22,32.72,98.09,-0.03,0.24,101.69,300.23,7913,0.74,1.33,9.61,1.00,0.06,-0.04,-0.00,4.56,-7.42,-0.54,3,7,45,8, 0.0000000, 0.0000000, 0.00, 0.00
34560,-0.09,-0.48,9.44,1.00,-0.02,0.00,0.00,0.55,2.36,0.05,10.61,0.00,0,2,1002.85,35.04,93.17,1002.85,31.23,91.97,0.64,1002.22,32.72,98.07,-0.02,0.17,103.18,300.23,7911,0.81,1.20,9.47,1.00,0.06,-0.04,-0.00,4.56,-7.42,-0.54,3,7,45,8, 0.0000000, 0.0000000, 0.00, 0.00
34612,-0.08,-0.46,9.59,1.00,-0.02,0.00,0.00,0.55,2.36,0.05,10.60,0.00,0,2,1002.85,35.03,93.15,1002.85,31.24,92.00,0.64,1002.22,32.72,98.07,-0.03,0.24,106.17,300.23,7912,0.77,1.11,9.48,1.00,0.06,-0.04,-0.00,4.56,-7.42,-0.54,3,7,45,8, 0.0000000, 0.0000000, 0.00, 0.00
34665,-0.12,-0.42,9.50,1.00,-0.02,0.00,0.00,0.55,2.36,0.05,10.60,0.00,0,2,1002.85,35.04,93.15,1002.85,31.23,92.01,0.64,1002.22,32.72,98.11,-0.05,0.29,108.28,300.23,7912,0.77,1.05,9.48,1.00,0.06,-0.04,-0.00,4.56,-7.42,-0.54,3,7,45,8, 0.0000000, 0.0000000, 0.00, 0.00
34722,-0.11,-0.36,9.62,1.00,-0.02,0.00,0.00,0.55,2.36,0.05,10.60,0.00,0,2,1002.85,35.03,93.16,1002.85,31.24,91.99,0.64,1002.22,32.71,98.12,-0.05,0.29,108.19,300.23,7911,0.82,1.38,9.55,1.00,0.06,-0.04,-0.00,4.56,-7.42,-0.54,3,7,46,8, 0.0000000, 0.0000000, 0.00, 0.00
34779,-0.08,-0.39,9.48,1.00,-0.02,0.00,0.00,0.55,2.36,0.05,10.60,0.00,0,2,1002.85,35.04,93.15,1002.85,31.25,91.98,0.64,1002.22,32.72,98.07,-0.03,0.24,107.93,300.23,7911,0.74,1.33,9.59,1.00,0.06,-0.04,-0.00,4.56,-7.42,-0.54,3,7,46,8, 0.0000000, 0.0000000, 0.00, 0.00
34833,-0.05,-0.39,9.51,1.00,-0.02,0.00,0.00,0.55,2.37,0.05,10.60,0.00,0,2,1002.85,35.04,93.16,1002.85,31.24,91.99,0.64,1002.22,32.71,98.10,-0.03,0.24,108.11,300.23,7912,0.68,0.94,9.43,1.00,0.06,-0.04,-0.00,4.56,-7.42,-0.54,3,7,46,8, 0.0000000, 0.0000000, 0.00, 0.00
34891,-0.09,-0.45,9.52,1.00,-0.02,0.00,0.00,0.54,2.37,0.05,10.60,0.00,0,2,1002.85,35.05,93.15,1002.85,31.23,91.99,0.64,1002.22,32.73,98.09,-0.03,0.24,108.28,300.23,7911,0.81,1.61,9.61,1.00,0.06,-0.04,-0.00,4.56,-7.42,-0.54,3,7,46,8, 0.0000000, 0.0000000, 0.00, 0.00
34942,-0.06,-0.38,9.50,1.00,-0.02,0.00,0.00,0.54,2.37,0.05,10.60,0.00,0,2,1002.85,35.04,93.15,1002.85,31.24,92.02,0.64,1002.22,32.71,98.09,-0.03,0.24,108.28,300.23,7911,0.73,1.36,9.52,1.00,0.06,-0.04,-0.00,4.56,-7.42,-0.54,3,7,46,8, 0.0000000, 0.0000000, 0.00, 0.00
34997,-0.11,-0.39,9.54,1.00,-0.02,0.00,0.00,0.54,2.37,0.05,10.59,0.00,0,2,1002.85,35.04,93.17,1002.85,31.25,91.98,0.64,1002.22,32.72,98.07,-0.02,0.17,108.28,300.23,7911,0.72,1.20,9.46,1.00,0.06,-0.04,-0.00,4.56,-7.42,-0.54,3,7,46,8, 0.0000000, 0.0000000, 0.00, 0.00
35051,-0.06,-0.42,9.58,1.00,-0.02,0.00,0.00,0.54,2.37,0.05,10.59,0.00,0,2,1002.85,35.04,93.17,1002.85,31.24,91.97,0.64,1002.22,32.71,98.06,-0.03,0.24,108.28,300.23,7912,0.68,1.34,9.57,1.00,0.06,-0.04,-0.00,4.56,-7.42,-0.54,3,7,46,8, 0.0000000, 0.0000000, 0.00, 0.00
35106,0.01,-0.42,9.48,1.00,-0.02,0.00,0.00,0.54,2.37,0.05,10.60,0.00,0,2,1002.84,35.04,93.19,1002.85,31.25,91.99,0.64,1002.21,32.70,98.13,-0.05,0.29,108.28,300.23,7912,0.72,1.13,9.47,1.00,0.06,-0.04,-0.00,4.56,-7.42,-0.54,3,7,46,8, 0.0000000, 0.0000000, 0.00, 0.00
35162,-0.06,-0.42,9.57,1.00,-0.02,0.00,0.00,0.53,2.38,0.05,10.60,0.00,0,2,1002.85,35.04,93.15,1002.85,31.24,91.99,0.64,1002.21,32.71,98.12,-0.03,0.24,108.28,300.23,7912,0.73,1.36,9.53,1.00,0.06,-0.04,-0.00,4.56,-7.42,-0.54,3,7,46,8, 0.0000000, 0.0000000, 0.00, 0.00
35220,-0.01,-0.38,9.54,1.00,-0.02,0.00,0.00,0.53,2.38,0.05,10.60,0.00,0,2,1002.85,35.04,93.17,1002.85,31.24,91.99,0.64,1002.22,32.72,98.11,-0.03,0.24,108.28,300.23,7912,0.73,1.22,9.51,1.00,0.06,-0.04,-0.00,4.56,-7.42,-0.54,3,7,46,8, 0.0000000, 0.0000000, 0.00, 0.00
35271,-0.03,-0.43,9.50,1.00,-0.02,0.00,0.00,0.53,2.38,0.05,10.60,0.00,0,2,1002.85,35.04,93.17,1002.85,31.25,91.97,0.64,1002.22,32.72,98.11,-0.02,0.17,108.28,300.23,7912,0.70,1.20,9.50,1.00,0.06,-0.04,-0.00,4.56,-7.42,-0.54,3,7,46,8, 0.0000000, 0.0000000, 0.00, 0.00
35327,-0.06,-0.45,9.57,1.00,-0.02,0.00,0.00,0.53,2.38,0.05,10.60,0.00,0,2,1002.85,35.03,93.17,1002.85,31.25,92.00,0.63,1002.21,32.70,98.14,-0.03,0.24,108.37,300.23,7911,0.74,1.26,9.54,1.00,0.06,-0.04,-0.00,4.56,-7.42,-0.54,3,7,46,8, 0.0000000, 0.0000000, 0.00, 0.00
35381,-0.09,-0.44,9.50,1.00,-0.02,0.00,0.00,0.53,2.38,0.05,10.60,0.00,0,2,1002.85,35.03,93.18,1002.85,31.24,91.97,0.64,1002.22,32.72,98.09,-0.03,0.24,108.37,300.23,7912,0.77,1.21,9.50,1.00,0.06,-0.04,-0.00,4.56,-7.42,-0.54,3,7,46,8, 0.0000000, 0.0000000, 0.00, 0.00
35438,-0.05,-0.43,9.42,1.00,-0.02,0.00,0.00,0.53,2.38,0.05,10.60,0.00,0,2,1002.84,35.04,93.20,1002.85,31.25,91.99,0.64,1002.21,32.71,98.15,-0.03,0.24,108.37,300.23,7913,0.67,1.26,9.57,1.00,0.06,-0.04,-0.00,4.56,-7.42,-0.54,3,7,46,8, 0.0000000, 0.0000000, 0.00, 0.00
35490,-0.13,-0.34,9.51,1.00,-0.02,0.00,0.00,0.53,2.38,0.05,10.60,0.00,0,2,1002.85,35.04,93.17,1002.85,31.24,92.01,0.64,1002.22,32.71,98.10,-0.03,0.24,108.37,300.23,7912,0.89,1.03,9.43,1.00,0.06,-0.04,-0.00,4.56,-7.42,-0.54,3,7,46,8, 0.0000000, 0.0000000, 0.00, 0.00
35542,-0.08,-0.42,9.60,1.00,-0.02,0.00,0.00,0.53,2.38,0.05,10.61,0.00,0,2,1002.84,35.03,93.22,1002.85,31.23,92.02,0.64,1002.22,32.72,98.09,-0.03,0.24,108.37,300.23,7911,0.70,1.37,9.55,1.00,0.06,-0.04,-0.00,4.56,-7.42,-0.54,3,7,46,8, 0.0000000, 0.0000000, 0.00, 0.00
35600,-0.05,-0.48,9.50,1.00,-0.02,0.00,0.00,0.53,2.39,0.05,10.60,0.00,0,2,1002.85,35.03,93.17,1002.85,31.24,91.99,0.64,1002.22,32.71,98.12,-0.03,0.24,108.37,300.23,7911,0.68,1.23,9.56,1.00,0.06,-0.04,-0.00,4.56,-7.42,-0.54,3,7,46,8, 0.0000000, 0.0000000, 0.00, 0.00
35653,-0.02,-0.47,9.52,1.00,-0.02,0.00,0.00,0.53,2.39,0.05,10.60,0.00,0,2,1002.85,35.04,93.17,1002.85,31.25,91.98,0.64,1002.22,32.72,98.06,-0.03,0.24,108.37,300.23,7911,0.67,1.14,9.47,1.00,0.06,-0.04,-0.00,4.56,-7.42,-0.54,3,7,46,8, 0.0000000, 0.0000000, 0.00, 0.00
35710,-0.02,-0.45,9.52,1.00,-0.02,0.00,0.00,0.53,2.39,0.05,10.59,0.00,0,2,1002.85,35.03,93.17,1002.85,31.24,91.97,0.64,1002.22,32.72,98.07,-0.03,0.24,108.46,300.23,7911,0.67,1.13,9.47,1.00,0.06,-0.04,-0.00,4.56,-7.42,-0.54,3,7,47,8, 0.0000000, 0.0000000, 0.00, 0.00
35761,-0.14,-0.43,9.50,1.00,-0.02,0.00,0.00,0.53,2.39,0.05,10.59,0.00,0,2,1002.85,35.03,93.18,1002.85,31.25,91.99,0.64,1002.22,32.73,98.07,-0.03,0.24,108.54,300.23,7912,0.85,1.23,9.47,1.00,0.06,-0.04,-0.00,4.56,-7.42,-0.54,3,7,47,8, 0.0000000, 0.0000000, 0.00, 0.00
35818,-0.11,-0.42,9.46,1.00,-0.02,0.00,0.00,0.53,2.39,0.05,10.60,0.00,0,2,1002.85,35.03,93.17,1002.85,31.25,91.97,0.64,1002.22,32.72,98.09,-0.02,0.17,108.46,300.23,7912,0.82,1.16,9.50,1.00,0.06,-0.04,-0.00,4.56,-7.42,-0.54,3,7,47,8, 0.0000000, 0.0000000, 0.00, 0.00
35872,-0.11,-0.41,9.59,1.00,-0.02,0.00,0.00,0.50,2.36,0.05,10.59,0.00,0,2,1002.85,35.04,93.17,1002.85,31.26,91.98,0.64,1002.22,32.71,98.07,-0.03,0.24,108.46,300.23,7912,0.82,1.24,9.53,1.00,0.06,-0.04,-0.00,4.56,-7.42,-0.54,3,7,47,8, 0.0000000, 0.0000000, 0.00, 0.00
35929,-0.04,-0.44,9.44,1.00,-0.02,0.00,0.00,0.50,2.36,0.05,10.59,0.00,0,2,1002.85,35.03,93.16,1002.85,31.24,91.98,0.64,1002.22,32.72,98.11,-0.03,0.24,108.54,300.23,7910,0.69,1.18,9.48,1.00,0.06,-0.04,-0.00,4.56,-7.42,-0.54,3,7,47,8, 0.0000000, 0.0000000, 0.00, 0.00
35981,0.05,-0.36,9.71,1.00,-0.02,0.00,0.00,0.43,2.29,0.05,10.59,0.00,0,2,1002.85,35.04,93.14,1002.85,31.24,91.99,0.64,1002.21,32.72,98.15,-0.02,0.17,108.63,300.23,7903,0.64,1.30,9.59,1.00,0.06,-0.04,-0.00,4.56,-7.42,-0.54,3,7,47,8, 0.0000000, 0.0000000, 0.00, 0.00
36039,-0.05,-0.38,9.43,1.00,-0.02,0.00,0.00,0.41,2.26,0.06,10.60,0.00,0,2,1002.85,35.03,93.14,1002.85,31.23,91.97,0.64,1002.22,32.72,98.09,-0.03,0.24,108.63,300.23,7901,0.73,1.28,9.59,1.00,0.06,-0.04,-0.00,4.56,-7.42,-0.54,3,7,47,8, 0.0000000, 0.0000000, 0.00, 0.00
36093,-0.01,-0.27,9.62,1.00,-0.02,0.00,0.00,0.34,2.17,0.06,10.59,0.00,0,2,1002.85,35.02,93.14,1002.85,31.25,91.94,0.64,1002.22,32.72,98.06,-0.03,0.24,108.63,300.23,7896,0.79,1.10,9.48,1.00,0.06,-0.04,-0.00,4.56,-7.42,-0.54,3,7,47,8, 0.0000000, 0.0000000, 0.00, 0.00
36149,-0.03,-0.31,9.50,1.00,-0.02,0.00,0.00,0.33,2.14,0.06,10.58,0.00,0,2,1002.85,35.03,93.14,1002.85,31.25,91.98,0.64,1002.22,32.72,98.04,-0.03,0.24,108.63,300.23,7897,0.73,1.32,9.55,1.00,0.06,-0.04,-0.00,4.56,-7.42,-0.54,3,7,47,8, 0.0000000, 0.0000000, 0.00, 0.00
36206,-0.01,-0.26,9.57,1.00,-0.02,0.00,0.00,0.29,2.09,0.06,10.57,0.00,0,2,1002.85,35.03,93.13,1002.85,31.25,91.96,0.64,1002.22,32.72,98.06,-0.03,0.24,108.37,300.23,7897,0.77,1.19,9.49,1.00,0.06,-0.04,-0.00,4.56,-7.42,-0.54,3,7,47,8, 0.0000000, 0.0000000, 0.00, 0.00
36260,-0.07,-0.32,9.47,1.00,-0.02,0.00,0.00,0.29,2.09,0.06,10.58,0.00,0,2,1002.85,35.03,93.14,1002.85,31.27,91.97,0.64,1002.23,32.72,98.02,-0.02,0.17,108.19,300.23,7897,0.83,1.23,9.52,1.00,0.06,-0.04,-0.00,4.56,-7.42,-0.54,3,7,47,8, 0.0000000, 0.0000000, 0.00, 0.00
36318,-0.05,-0.23,9.57,1.00,-0.02,0.00,0.00,0.26,2.04,0.06,10.57,0.00,0,2,1002.85,35.03,93.13,1002.85,31.25,91.97,0.64,1002.22,32.72,98.06,-0.03,0.24,108.02,300.23,7896,0.78,1.43,9.62,1.00,0.06,-0.04,-0.00,4.56,-7.42,-0.54,3,7,47,8, 0.0000000, 0.0000000, 0.00, 0.00
36370,-0.06,-0.34,9.44,1.00,-0.02,0.00,0.00,0.27,2.06,0.06,10.58,0.00,0,2,1002.85,35.02,93.15,1002.85,31.25,92.01,0.63,1002.22,32.72,98.08,-0.02,0.17,108.02,300.23,7897,0.79,1.22,9.53,1.00,0.06,-0.04,-0.00,4.56,-7.42,-0.54,3,7,47,8, 0.0000000, 0.0000000, 0.00, 0.00
36427,-0.05,-0.33,9.54,1.00,-0.02,0.00,0.00,0.27,2.06,0.06,10.58,0.00,0,2,1002.85,35.03,93.15,1002.85,31.25,91.98,0.64,1002.22,32.73,98.07,-0.02,0.17,108.02,300.23,7897,0.74,1.31,9.56,1.00,0.06,-0.04,-0.00,4.56,-7.42,-0.54,3,7,47,8, 0.0000000, 0.0000000, 0.00, 0.00
36480,-0.07,-0.33,9.41,1.00,-0.02,0.00,0.00,0.30,2.11,0.06,10.59,0.00,0,2,1002.85,35.03,93.17,1002.85,31.26,91.98,0.64,1002.21,32.72,98.13,-0.03,0.24,108.02,300.23,7900,0.69,1.07,9.47,1.00,0.06,-0.04,-0.00,4.56,-7.42,-0.54,3,7,47,8, 0.0000000, 0.0000000, 0.00, 0.00
36538,-0.04,-0.37,9.59,1.00,-0.02,0.00,0.00,0.31,2.12,0.06,10.59,0.00,0,2,1002.85,35.03,93.13,1002.85,31.26,91.96,0.64,1002.22,32.73,98.08,-0.03,0.24,108.11,300.23,7902,0.70,1.32,9.55,1.00,0.06,-0.04,-0.00,4.56,-7.42,-0.54,3,7,47,8, 0.0000000, 0.0000000, 0.00, 0.00
36588,-0.08,-0.47,9.38,1.00,-0.02,0.00,0.00,0.35,2.18,0.06,10.59,0.00,0,2,1002.85,35.04,93.10,1002.85,31.26,91.98,0.64,1002.22,32.72,98.09,-0.03,0.24,108.19,300.23,7904,0.74,1.02,9.44,1.00,0.06,-0.04,-0.00,4.56,-7.42,-0.54,3,7,47,8, 0.0000000, 0.0000000, 0.00, 0.00
36642,-0.07,-0.38,9.55,1.00,-0.02,0.00,0.00,0.36,2.19,0.06,10.59,0.00,0,2,1002.84,35.02,93.20,1002.85,31.25,91.98,0.64,1002.22,32.73,98.05,-0.03,0.24,108.72,300.23,7905,0.86,1.30,9.53,1.00,0.06,-0.04,-0.00,4.56,-7.41,-0.54,3,7,47,8, 0.0000000, 0.0000000, 0.00, 0.00
36700,-0.09,-0.38,9.59,1.00,-0.02,0.00,0.00,0.36,2.19,0.06,10.60,0.00,0,2,1002.85,35.03,93.18,1002.85,31.25,92.00,0.64,1002.22,32.72,98.11,-0.02,0.17,108.72,300.23,7903,0.86,1.42,9.58,1.00,0.06,-0.04,-0.00,4.56,-7.41,-0.54,3,7,47,8, 0.0000000, 0.0000000, 0.00, 0.00
36756,-0.04,-0.36,9.49,1.00,-0.02,0.00,0.00,0.36,2.19,0.06,10.60,0.00,0,2,1002.85,35.05,93.17,1002.85,31.26,91.99,0.64,1002.22,32.72,98.09,-0.03,0.24,108.90,300.23,7904,0.90,1.24,9.43,1.00,0.06,-0.04,-0.00,4.56,-7.41,-0.54,3,7,48,7, 0.0000000, 0.0000000, 0.00, 0.00
36808,-0.05,-0.44,9.57,1.00,-0.02,0.00,0.00,0.36,2.19,0.06,10.60,0.00,0,2,1002.85,35.03,93.16,1002.85,31.25,91.99,0.64,1002.22,32.72,98.09,-0.03,0.24,108.90,300.23,7903,0.73,1.45,9.57,1.00,0.06,-0.04,-0.00,4.56,-7.41,-0.54,3,7,48,7, 0.0000000, 0.0000000, 0.00, 0.00
36862,-0.05,-0.44,9.51,1.00,-0.02,0.00,0.00,0.36,2.19,0.06,10.60,0.00,0,2,1002.84,35.03,93.21,1002.85,31.26,92.01,0.64,1002.22,32.72,98.07,-0.03,0.24,108.90,300.23,7904,0.75,1.03,9.45,1.00,0.06,-0.04,-0.00,4.56,-7.41,-0.54,3,7,48,7, 0.0000000, 0.0000000, 0.00, 0.00
36919,-0.09,-0.44,9.50,1.00,-0.02,0.00,0.00,0.36,2.19,0.06,10.61,0.00,0,2,1002.84,35.02,93.19,1002.85,31.25,92.02,0.64,1002.22,32.71,98.10,-0.03,0.24,108.90,300.23,7904,0.77,1.08,9.48,1.00,0.06,-0.04,-0.00,4.56,-7.41,-0.54,3,7,48,7, 0.0000000, 0.0000000, 0.00, 0.00
36977,-0.11,-0.43,9.55,1.00,-0.02,0.00,0.00,0.36,2.19,0.06,10.61,0.00,0,2,1002.85,35.03,93.16,1002.85,31.25,91.98,0.64,1002.22,32.73,98.10,-0.03,0.24,109.07,300.23,7904,0.70,1.28,9.51,1.00,0.06,-0.04,-0.00,4.56,-7.41,-0.54,3,7,48,7, 0.0000000, 0.0000000, 0.00, 0.00
37028,-0.10,-0.45,9.54,1.00,-0.02,0.00,0.00,0.36,2.19,0.06,10.61,0.00,0,2,1002.85,35.02,93.13,1002.85,31.25,91.98,0.64,1002.22,32.72,98.07,-0.02,0.17,109.07,300.23,7905,0.74,1.26,9.49,1.00,0.06,-0.04,-0.00,4.56,-7.41,-0.54,3,7,48,7, 0.0000000, 0.0000000, 0.00, 0.00
37080,-0.07,-0.40,9.50,1.00,-0.02,0.00,0.00,0.36,2.19,0.06,10.61,0.00,0,2,1002.85,35.03,93.18,1002.85,31.25,92.00,0.64,1002.22,32.72,98.07,-0.03,0.24,109.16,300.23,7904,0.76,1.25,9.53,1.00,0.06,-0.04,-0.00,4.56,-7.41,-0.54,3,7,48,7, 0.0000000, 0.0000000, 0.00, 0.00
37138,-0.01,-0.39,9.52,1.00,-0.02,0.00,0.00,0.34,2.17,0.06,10.61,0.00,0,2,1002.85,35.02,93.17,1002.85,31.24,91.99,0.64,1002.22,32.73,98.11,-0.03,0.24,109.16,300.23,7904,0.68,1.11,9.50,1.00,0.06,-0.04,-0.00,4.56,-7.41,-0.54,3,7,48,7, 0.0000000, 0.0000000, 0.00, 0.00
37190,-0.09,-0.42,9.53,1.00,-0.02,0.00,0.00,0.34,2.17,0.06,10.61,0.00,0,2,1002.85,35.02,93.16,1002.85,31.25,92.01,0.64,1002.22,32.72,98.07,-0.02,0.17,109.07,300.23,7903,0.71,1.27,9.55,1.00,0.06,-0.04,-0.00,4.56,-7.41,-0.54,3,7,48,29, 0.0000000, 0.0000000, 0.00, 0.00
37249,-0.10,-0.35,9.52,1.00,-0.02,0.00,0.00,0.32,2.13,0.06,10.61,0.00,0,2,1002.85,35.03,93.16,1002.85,31.25,92.01,0.64,1002.22,32.72,98.09,-0.03,0.24,109.07,300.23,7905,0.78,1.12,9.46,1.00,0.06,-0.04,-0.00,4.56,-7.41,-0.54,3,7,48,29, 0.0000000, 0.0000000, 0.00, 0.00
37302,0.00,-0.33,9.63,1.00,-0.02,0.00,0.00,0.29,2.08,0.06,10.61,0.00,0,2,1002.85,35.04,93.16,1002.85,31.24,92.00,0.64,1002.21,32.72,98.15,-0.03,0.24,109.07,300.23,7903,0.63,1.15,9.55,1.00,0.06,-0.04,-0.00,4.56,-7.41,-0.54,3,7,48,29, 0.0000000, 0.0000000, 0.00, 0.00
37358,-0.03,-0.34,9.56,1.00,-0.02,0.00,0.00,0.23,2.01,0.06,10.62,0.00,0,2,1002.84,35.02,93.22,1002.85,31.26,91.98,0.64,1002.22,32.73,98.13,-0.03,0.24,109.16,300.23,7903,0.74,1.11,9.45,1.00,0.06,-0.04,-0.00,4.56,-7.41,-0.54,3,7,48,29, 0.0000000, 0.0000000, 0.00, 0.00
37415,-0.08,-0.34,9.48,1.00,-0.02,0.00,0.00,0.19,1.97,0.06,10.62,0.00,0,2,1002.85,35.02,93.15,1002.86,31.26,91.96,0.64,1002.22,32.72,98.11,-0.02,0.17,109.78,300.23,7904,0.87,1.20,9.45,1.00,0.06,-0.04,-0.00,4.56,-7.41,-0.54,3,7,48,29, 0.0000000, 0.0000000, 0.00, 0.00
37469,-0.09,-0.30,9.45,1.00,-0.02,0.00,0.00,0.14,1.92,0.07,10.62,0.00,0,2,1002.85,35.02,93.17,1002.85,31.25,91.98,0.64,1002.22,32.72,98.11,-0.03,0.24,111.45,300.23,7905,0.75,1.27,9.54,1.00,0.06,-0.04,-0.00,4.56,-7.41,-0.54,3,7,48,29, 0.0000000, 0.0000000, 0.00, 0.00
37526,0.00,-0.30,9.52,1.00,-0.02,0.00,0.00,0.11,1.88,0.07,10.63,0.00,0,2,1002.84,35.02,93.20,1002.85,31.26,92.01,0.64,1002.21,32.72,98.13,-0.05,0.29,113.64,300.23,7909,0.66,1.05,9.43,1.00,0.06,-0.04,-0.00,4.56,-7.41,-0.54,3,7,48,29, 0.0000000, 0.0000000, 0.00, 0.00
37578,-0.01,-0.31,9.51,1.00,-0.02,0.00,0.00,0.06,1.81,0.07,10.62,0.00,0,2,1002.84,35.02,93.19,1002.85,31.26,91.96,0.64,1002.22,32.72,98.11,-0.05,0.29,114.35,300.23,7914,0.67,1.25,9.57,1.00,0.06,-0.04,-0.00,4.56,-7.41,-0.54,3,7,48,29, 0.0000000, 0.0000000, 0.00, 0.00
37635,-0.06,-0.22,9.49,1.00,-0.02,0.00,0.00,0.04,1.78,0.07,10.62,0.00,0,2,1002.84,35.01,93.19,1002.85,31.26,91.99,0.64,1002.21,32.73,98.19,-0.03,0.24,114.43,300.23,7935,0.73,1.26,9.58,1.00,0.06,-0.04,-0.00,4.56,-7.41,-0.54,3,7,48,29, 0.0000000, 0.0000000, 0.00, 0.00
37688,0.02,-0.24,9.59,1.00,-0.02,0.00,0.00,0.01,1.73,0.07,10.62,0.00,0,2,1002.84,35.02,93.18,1002.85,31.26,91.98,0.64,1002.21,32.74,98.22,-0.05,0.29,114.96,300.23,7937,0.63,1.13,9.50,1.00,0.06,-0.04,-0.00,4.56,-7.41,-0.54,3,7,48,29, 0.0000000, 0.0000000, 0.00, 0.00
37744,0.02,-0.20,9.52,1.00,-0.01,-0.00,0.00,-0.02,1.70,0.07,10.62,0.00,0,2,1002.84,35.03,93.19,1002.85,31.26,91.99,0.64,1002.21,32.72,98.15,-0.03,0.24,115.93,300.23,7937,0.76,1.12,9.49,1.00,0.06,-0.04,-0.00,4.56,-7.41,-0.54,3,7,48,29, 0.0000000, 0.0000000, 0.00, 0.00
37798,0.02,-0.17,9.56,1.00,-0.01,-0.00,0.00,-0.03,1.69,0.07,10.62,0.00,0,2,1002.84,35.02,93.19,1002.85,31.27,91.97,0.64,1002.21,32.74,98.15,-0.03,0.24,116.72,300.23,7944,0.76,1.26,9.57,1.00,0.06,-0.04,-0.00,4.56,-7.41,-0.54,3,7,48,29, 0.0000000, 0.0000000, 0.00, 0.00
37855,-0.01,-0.20,9.49,1.00,-0.01,-0.00,0.00,-0.03,1.69,0.07,10.63,0.00,0,2,1002.84,35.03,93.21,1002.86,31.28,92.04,0.64,1002.21,32.72,98.15,-0.03,0.24,118.39,300.23,7946,0.70,1.19,9.50,1.00,0.06,-0.04,-0.00,4.56,-7.41,-0.54,3,7,48,29, 0.0000000, 0.0000000, 0.00, 0.00
37907,-0.07,-0.25,9.50,1.00,-0.01,-0.00,0.00,-0.04,1.66,0.07,10.63,0.00,0,2,1002.85,35.03,93.16,1002.85,31.27,92.02,0.64,1002.21,32.72,98.16,-0.03,0.24,118.65,300.23,7950,0.83,1.23,9.51,1.00,0.06,-0.04,-0.00,4.56,-7.41,-0.54,3,7,48,29, 0.0000000, 0.0000000, 0.00, 0.00
37963,-0.05,-0.20,9.54,1.00,-0.01,-0.00,0.00,-0.04,1.64,0.07,10.62,0.00,0,2,1002.84,35.02,93.19,1002.85,31.25,92.01,0.64,1002.19,32.74,98.34,-0.03,0.24,116.81,300.23,7950,0.76,1.25,9.49,1.00,0.06,-0.04,-0.00,4.56,-7.41,-0.54,3,7,49,29, 0.0000000, 0.0000000, 0.00, 0.00
38017,-0.05,-0.22,9.44,1.00,-0.01,-0.00,0.00,-0.04,1.64,0.07,10.63,0.00,0,2,1002.85,35.01,93.16,1002.85,31.26,92.01,0.64,1002.20,32.72,98.26,-0.03,0.24,115.66,300.23,7950,0.79,1.17,9.48,1.00,0.06,-0.04,-0.00,4.56,-7.41,-0.54,3,7,49,29, 0.0000000, 0.0000000, 0.00, 0.00
38073,-0.03,-0.21,9.41,1.00,-0.01,-0.00,0.00,-0.05,1.63,0.07,10.62,0.00,0,2,1002.84,35.01,93.19,1002.85,31.26,91.97,0.64,1002.21,32.71,98.15,-0.03,0.24,114.87,300.32,7950,0.78,1.30,9.53,1.00,0.06,-0.04,-0.00,4.56,-7.41,-0.54,3,7,49,29, 0.0000000, 0.0000000, 0.00, 0.00
38127,0.01,-0.15,9.59,1.00,-0.01,-0.00,0.00,-0.07,1.59,0.07,10.61,0.00,0,2,1002.85,35.03,93.18,1002.85,31.27,91.99,0.64,1002.21,32.72,98.15,-0.03,0.24,117.16,300.32,7985,0.76,1.09,9.46,1.00,0.06,-0.04,-0.00,4.56,-7.41,-0.54,3,7,49,29, 0.0000000, 0.0000000, 0.00, 0.00
38180,0.02,-0.14,9.56,1.00,-0.01,-0.00,0.00,-0.07,1.59,0.07,10.60,0.00,0,2,1002.85,35.02,93.17,1002.85,31.27,91.99,0.64,1002.21,32.72,98.15,-0.03,0.24,116.81,300.32,7995,0.75,1.30,9.54,1.00,0.06,-0.04,-0.00,4.56,-7.41,-0.54,3,7,49,29, 0.0000000, 0.0000000, 0.00, 0.00
38236,-0.04,-0.21,9.43,1.00,-0.01,-0.00,0.00,-0.08,1.58,0.07,10.60,0.00,0,2,1002.85,35.02,93.15,1002.85,31.27,92.00,0.64,1002.22,32.73,98.09,-0.03,0.24,115.14,300.32,7995,0.79,1.35,9.56,1.00,0.06,-0.04,-0.00,4.56,-7.41,-0.54,3,7,49,29, 0.0000000, 0.0000000, 0.00, 0.00
38288,0.00,-0.18,9.59,1.00,-0.01,-0.00,0.00,-0.09,1.57,0.07,10.59,0.00,0,2,1002.85,35.00,93.16,1002.85,31.27,91.98,0.64,1002.22,32.74,98.08,-0.03,0.24,113.20,300.32,7994,0.74,1.16,9.50,1.00,0.06,-0.04,-0.00,4.56,-7.41,-0.54,3,7,49,29, 0.0000000, 0.0000000, 0.00, 0.00
38341,0.03,-0.22,9.57,1.00,-0.01,-0.00,0.00,-0.10,1.58,0.07,10.58,0.00,0,2,1002.85,35.01,93.16,1002.85,31.27,92.01,0.64,1002.22,32.74,98.11,-0.03,0.24,113.03,300.32,7994,0.74,1.16,9.48,1.00,0.06,-0.04,-0.00,4.56,-7.41,-0.54,3,7,49,29, 0.0000000, 0.0000000, 0.00, 0.00
38398,-0.08,-0.27,9.36,1.00,-0.01,-0.00,0.00,-0.08,1.61,0.07,10.59,0.00,0,2,1002.85,35.00,93.15,1002.85,31.27,91.98,0.64,1002.22,32.74,98.08,-0.03,0.24,113.12,300.32,7989,0.79,1.09,9.43,1.00,0.06,-0.04,-0.00,4.56,-7.41,-0.54,3,7,49,29, 0.0000000, 0.0000000, 0.00, 0.00
38456,-0.09,-0.15,9.71,1.00,-0.01,-0.00,0.00,-0.08,1.59,0.07,10.58,0.00,0,2,1002.85,35.00,93.13,1002.85,31.28,91.99,0.64,1002.22,32.73,98.07,-0.03,0.24,113.12,300.32,7985,0.91,1.11,9.47,1.00,0.06,-0.04,-0.00,4.56,-7.41,-0.54,3,7,49,29, 0.0000000, 0.0000000, 0.00, 0.00
38507,-0.03,-0.28,9.47,1.00,-0.01,-0.00,0.00,-0.06,1.61,0.07,10.58,0.00,0,2,1002.85,35.01,93.14,1002.85,31.27,91.99,0.64,1002.22,32.72,98.11,-0.03,0.24,113.20,300.32,7982,0.71,1.23,9.51,1.00,0.06,-0.04,-0.00,4.56,-7.41,-0.54,3,7,49,29, 0.0000000, 0.0000000, 0.00, 0.00
38564,0.00,-0.22,9.57,1.00,-0.01,-0.00,0.00,-0.06,1.59,0.07,10.59,0.00,0,2,1002.85,34.99,93.17,1002.85,31.27,91.99,0.64,1002.22,32.72,98.09,-0.03,0.24,113.38,300.32,7972,0.63,1.20,9.52,1.00,0.06,-0.04,-0.00,4.56,-7.41,-0.54,3,7,49,29, 0.0000000, 0.0000000, 0.00, 0.00
38617,-0.02,-0.15,9.50,1.00,-0.01,-0.00,0.00,-0.06,1.59,0.07,10.59,0.00,0,2,1002.85,35.01,93.16,1002.85,31.29,92.02,0.64,1002.22,32.73,98.07,-0.03,0.24,113.38,300.32,7942,0.69,1.01,9.47,1.00,0.06,-0.04,-0.00,4.56,-7.41,-0.54,3,7,49,29, 0.0000000, 0.0000000, 0.00, 0.00
38671,-0.02,-0.16,9.63,1.00,-0.01,-0.00,0.00,-0.06,1.59,0.07,10.59,0.00,0,2,1002.85,35.00,93.17,1002.85,31.27,92.01,0.64,1002.22,32.73,98.07,-0.03,0.24,113.99,300.32,7937,0.70,0.71,9.38,1.00,0.06,-0.04,-0.00,4.56,-7.40,-0.54,3,7,49,29, 0.0000000, 0.0000000, 0.00, 0.00
38727,-0.07,-0.29,9.50,1.00,-0.01,-0.00,0.00,-0.06,1.58,0.07,10.59,0.00,0,2,1002.84,35.00,93.19,1002.85,31.27,91.99,0.64,1002.22,32.72,98.09,-0.03,0.24,114.43,300.32,7934,0.82,1.37,9.56,1.00,0.06,-0.04,-0.00,4.56,-7.41,-0.54,3,7,49,29, 0.0000000, 0.0000000, 0.00, 0.00
38784,0.00,-0.25,9.56,1.00,-0.01,-0.00,0.00,-0.06,1.58,0.07,10.60,0.00,0,2,1002.85,35.00,93.17,1002.85,31.27,91.98,0.64,1002.22,32.73,98.11,-0.03,0.24,113.82,300.32,7928,0.70,1.06,9.43,1.00,0.06,-0.04,-0.00,4.56,-7.41,-0.54,3,7,49,29, 0.0000000, 0.0000000, 0.00, 0.00
38836,0.00,-0.28,9.63,1.00,-0.01,-0.00,0.00,-0.07,1.58,0.07,10.60,0.00,0,2,1002.84,35.00,93.19,1002.85,31.27,91.97,0.64,1002.21,32.72,98.12,-0.03,0.24,113.29,300.32,7926,0.69,1.43,9.60,1.00,0.06,-0.04,-0.00,4.56,-7.41,-0.54,3,7,49,29, 0.0000000, 0.0000000, 0.00, 0.00
38890,-0.01,-0.24,9.50,1.00,-0.01,-0.00,0.00,-0.08,1.56,0.07,10.60,0.00,0,2,1002.85,35.01,93.17,1002.85,31.26,91.99,0.64,1002.21,32.72,98.12,-0.03,0.24,113.20,300.32,7926,0.74,0.97,9.36,1.00,0.06,-0.04,-0.00,4.56,-7.41,-0.54,3,7,49,29, 0.0000000, 0.0000000, 0.00, 0.00
38946,-0.06,-0.21,9.65,1.00,-0.01,-0.00,0.00,-0.08,1.55,0.07,10.61,0.00,0,2,1002.84,35.02,93.19,1002.85,31.26,92.01,0.64,1002.22,32.73,98.12,-0.05,0.29,113.55,300.32,7926,0.79,0.98,9.50,1.00,0.06,-0.04,-0.00,4.56,-7.41,-0.54,3,7,50,29, 0.0000000, 0.0000000, 0.00, 0.00
39004,-0.05,-0.33,9.49,1.00,-0.01,-0.00,0.00,-0.08,1.55,0.07,10.60,0.00,0,2,1002.85,35.01,93.16,1002.85,31.26,92.04,0.64,1002.21,32.72,98.18,-0.03,0.24,113.99,300.32,7926,0.87,1.55,9.62,1.00,0.06,-0.04,-0.00,4.56,-7.41,-0.54,3,7,50,29, 0.0000000, 0.0000000, 0.00, 0.00
39056,0.12,-0.19,9.57,1.00,-0.01,-0.00,0.00,-0.10,1.53,0.07,10.62,0.00,0,2,1002.84,35.01,93.18,1002.85,31.27,92.04,0.64,1002.20,32.73,98.22,-0.03,0.24,114.08,300.32,7925,0.66,1.30,9.54,1.00,0.06,-0.04,-0.00,4.56,-7.40,-0.54,3,7,50,29, 0.0000000, 0.0000000, 0.00, 0.00
39113,0.00,-0.31,9.50,1.00,-0.01,-0.00,0.00,-0.10,1.53,0.07,10.63,0.00,0,2,1002.85,35.00,93.17,1002.84,31.27,92.00,0.64,1002.21,32.74,98.18,-0.03,0.24,113.20,300.41,7924,0.72,1.17,9.48,1.00,0.06,-0.04,-0.00,4.56,-7.40,-0.54,3,7,50,29, 0.0000000, 0.0000000, 0.00, 0.00
39166,-0.18,-0.24,9.45,1.00,-0.01,-0.00,0.00,-0.10,1.53,0.07,10.63,0.00,0,2,1002.85,35.02,93.16,1002.85,31.28,92.03,0.64,1002.21,32.74,98.15,-0.03,0.24,111.71,300.41,8063,0.97,1.25,9.50,1.00,0.06,-0.04,-0.00,4.56,-7.40,-0.54,3,7,50,29, 0.0000000, 0.0000000, 0.00, 0.00
39220,-0.22,-0.15,9.59,1.00,-0.01,-0.00,0.00,-0.05,1.52,0.07,10.62,0.00,0,2,1002.84,35.00,93.19,1002.85,31.29,92.02,0.64,1002.21,32.74,98.19,-0.02,0.17,108.72,300.41,7893,0.97,1.55,9.62,1.00,0.06,-0.04,-0.00,4.56,-7.41,-0.54,3,7,50,29, 0.0000000, 0.0000000, 0.00, 0.00
39275,-0.05,-0.24,9.52,1.00,-0.01,-0.00,0.00,-0.01,1.51,0.07,10.63,0.00,0,2,1002.84,35.01,93.19,1002.85,31.28,92.05,0.64,1002.21,32.72,98.16,-0.05,0.29,107.58,300.41,7859,0.92,1.09,9.42,1.00,0.06,-0.04,-0.00,4.56,-7.39,-0.53,3,7,50,29, 0.0000000, 0.0000000, 0.00, 0.00
39326,0.07,-0.29,9.48,1.00,-0.01,-0.00,0.00,-0.01,1.51,0.07,10.63,0.00,0,2,1002.85,35.01,93.14,1002.85,31.27,92.03,0.64,1002.21,32.73,98.16,-0.02,0.17,108.02,300.41,7853,0.57,1.32,9.59,1.00,0.06,-0.04,-0.00,4.56,-7.39,-0.53,3,7,50,29, 0.0000000, 0.0000000, 0.00, 0.00
39384,0.07,-0.32,9.58,1.00,-0.01,-0.00,0.00,-0.01,1.52,0.07,10.63,0.00,0,2,1002.84,34.99,93.20,1002.85,31.28,92.03,0.64,1002.20,32.72,98.23,-0.03,0.24,108.63,300.41,7848,0.80,1.72,9.65,1.00,0.06,-0.04,-0.00,4.56,-7.39,-0.52,3,7,50,29, 0.0000000, 0.0000000, 0.00, 0.00
39436,-0.03,-0.31,9.46,1.00,-0.01,-0.00,0.00,-0.02,1.52,0.07,10.62,0.00,0,2,1002.85,35.00,93.16,1002.85,31.27,92.02,0.64,1002.21,32.74,98.20,-0.05,0.29,108.81,300.41,7849,0.74,1.64,9.63,1.00,0.06,-0.04,-0.00,4.56,-7.38,-0.52,3,7,50,29, 0.0000000, 0.0000000, 0.00, 0.00
39489,0.00,-0.32,9.51,1.00,-0.01,-0.00,0.00,-0.02,1.52,0.07,10.62,0.00,0,2,1002.85,35.03,93.14,1002.85,31.26,92.05,0.64,1002.21,32.74,98.17,-0.03,0.24,108.72,300.50,7850,0.72,1.23,9.48,1.00,0.06,-0.04,-0.00,4.56,-7.36,-0.52,3,7,50,29, 0.0000000, 0.0000000, 0.00, 0.00
39544,0.05,-0.32,9.52,1.00,-0.01,-0.00,0.00,-0.02,1.52,0.07,10.62,0.00,0,2,1002.85,35.02,93.15,1002.85,31.27,92.07,0.64,1002.21,32.73,98.18,-0.03,0.24,105.91,300.67,7848,0.65,0.79,9.37,1.00,0.06,-0.04,-0.00,4.56,-7.36,-0.52,3,7,50,29, 0.0000000, 0.0000000, 0.00, 0.00
39598,-0.04,-0.31,9.48,1.00,-0.01,-0.00,0.00,-0.03,1.55,0.07,10.63,0.00,0,2,1002.85,35.01,93.18,1002.84,31.27,92.07,0.64,1002.22,32.74,98.10,-0.03,0.24,104.15,300.76,7849,0.67,1.32,9.65,1.00,0.06,-0.04,-0.00,4.56,-7.38,-0.52,3,7,50,29, 0.0000000, 0.0000000, 0.00, 0.00
39654,-0.12,-0.22,9.48,1.00,-0.01,-0.00,0.00,-0.06,1.50,0.07,10.61,0.00,0,2,1002.85,35.01,93.14,1002.84,31.27,92.06,0.64,1002.22,32.74,98.11,-0.03,0.24,104.50,300.76,7849,0.80,1.32,9.51,1.00,0.06,-0.04,-0.00,4.56,-7.36,-0.52,3,7,50,29, 0.0000000, 0.0000000, 0.00, 0.00
39706,-0.03,-0.28,9.55,1.00,-0.01,-0.00,0.00,-0.05,1.50,0.07,10.60,0.00,0,2,1002.84,34.99,93.18,1002.84,31.28,92.06,0.64,1002.21,32.74,98.18,-0.03,0.24,105.73,300.85,7847,0.87,1.25,9.55,1.00,0.06,-0.04,-0.00,4.56,-7.36,-0.52,3,7,50,29, 0.0000000, 0.0000000, 0.00, 0.00
39763,0.00,-0.33,9.52,1.00,-0.01,-0.00,0.00,-0.04,1.49,0.07,10.60,0.00,0,2,1002.84,34.98,93.18,1002.84,31.29,92.05,0.64,1002.22,32.73,98.12,-0.03,0.24,106.00,300.85,7847,0.69,1.25,9.50,1.00,0.06,-0.04,-0.00,4.56,-7.36,-0.52,3,7,50,29, 0.0000000, 0.0000000, 0.00, 0.00
39816,0.12,-0.22,9.41,1.00,-0.01,-0.00,0.00,-0.06,1.46,0.07,10.61,0.00,0,2,1002.85,35.00,93.16,1002.85,31.28,92.05,0.64,1002.22,32.73,98.13,-0.03,0.24,106.44,300.85,7839,0.66,0.93,9.47,1.00,0.06,-0.04,-0.00,4.56,-7.36,-0.52,3,7,50,29, 0.0000000, 0.0000000, 0.00, 0.00
39873,0.15,-0.27,9.61,1.00,-0.01,-0.00,0.00,-0.06,1.45,0.07,10.61,0.00,0,2,1002.84,35.00,93.19,1002.85,31.29,92.04,0.64,1002.21,32.74,98.13,-0.03,0.24,106.96,300.76,7831,0.63,1.21,9.55,1.00,0.06,-0.04,-0.00,4.56,-7.37,-0.53,3,7,50,29, 0.0000000, 0.0000000, 0.00, 0.00
39924,-0.04,-0.29,9.52,1.00,-0.01,-0.00,0.00,-0.06,1.46,0.07,10.61,0.00,0,2,1002.84,34.99,93.21,1002.85,31.28,92.02,0.64,1002.21,32.74,98.13,-0.03,0.24,107.05,300.41,7824,0.88,1.28,9.55,1.00,0.06,-0.04,-0.00,4.56,-7.37,-0.53,3,7,51,29, 0.0000000, 0.0000000, 0.00, 0.00
39977,-0.14,-0.34,9.36,1.00,-0.01,-0.00,0.00,-0.05,1.48,0.07,10.61,0.00,0,2,1002.85,35.01,93.13,1002.85,31.29,91.96,0.64,1002.21,32.75,98.14,-0.03,0.24,107.05,300.41,7823,0.95,1.14,9.42,1.00,0.06,-0.04,-0.00,4.56,-7.37,-0.55,3,7,51,29, 0.0000000, 0.0000000, 0.00, 0.00
40034,-0.03,-0.28,9.54,1.00,-0.01,-0.00,0.00,-0.03,1.48,0.07,10.60,0.00,0,2,1002.84,34.99,93.22,1002.85,31.28,91.98,0.64,1002.21,32.74,98.16,-0.03,0.24,107.05,300.41,7822,0.65,1.06,9.50,1.00,0.06,-0.04,-0.00,4.56,-7.37,-0.55,3,7,51,29, 0.0000000, 0.0000000, 0.00, 0.00
40086,0.02,-0.32,9.61,1.00,-0.01,-0.00,0.00,-0.03,1.48,0.07,10.60,0.00,0,2,1002.84,34.99,93.21,1002.85,31.29,91.99,0.65,1002.21,32.73,98.18,-0.03,0.24,107.05,300.41,7821,0.97,1.71,9.67,1.00,0.06,-0.04,-0.00,4.56,-7.37,-0.57,3,7,51,29, 0.0000000, 0.0000000, 0.00, 0.00
40144,-0.20,-0.36,9.47,1.00,-0.01,-0.00,0.00,-0.02,1.49,0.07,10.62,0.00,0,2,1002.85,35.00,93.15,1002.85,31.27,92.00,0.64,1002.21,32.73,98.16,-0.05,0.29,106.61,300.41,7818,1.14,1.27,9.48,1.00,0.06,-0.04,-0.00,4.55,-7.34,-0.59,3,7,51,29, 0.0000000, 0.0000000, 0.00, 0.00
40197,-0.05,-0.33,9.64,1.00,-0.01,-0.00,0.00,-0.01,1.49,0.07,10.61,0.00,0,2,1002.84,35.00,93.21,1002.85,31.27,92.00,0.64,1002.21,32.72,98.12,-0.03,0.24,106.00,300.41,7816,1.03,1.13,9.49,1.00,0.06,-0.04,-0.00,4.55,-7.37,-0.61,3,7,51,29, 0.0000000, 0.0000000, 0.00, 0.00
40253,-0.16,-0.19,9.44,1.00,-0.01,0.00,0.00,0.00,1.50,0.07,10.59,0.00,0,2,1002.84,34.99,93.24,1002.85,31.27,92.04,0.64,1002.22,32.73,98.12,-0.03,0.24,104.15,300.41,7811,0.98,0.95,9.42,1.00,0.06,-0.04,-0.00,4.55,-7.36,-0.62,3,7,51,29, 0.0000000, 0.0000000, 0.00, 0.00
40306,-0.05,-0.35,9.60,1.00,-0.01,-0.00,0.00,-0.03,1.45,0.08,10.59,0.00,0,2,1002.84,34.99,93.25,1002.84,31.27,92.05,0.64,1002.22,32.74,98.11,-0.05,0.29,101.60,300.41,7808,0.64,1.55,9.60,1.00,0.06,-0.04,-0.00,4.57,-7.34,-0.61,3,7,51,29, 0.0000000, 0.0000000, 0.00, 0.00
40363,-0.07,-0.37,9.31,1.00,-0.01,-0.00,0.00,-0.03,1.45,0.08,10.60,0.00,0,2,1002.84,34.99,93.24,1002.85,31.27,92.04,0.64,1002.21,32.72,98.15,-0.03,0.24,100.63,300.41,7807,0.72,1.35,9.57,1.00,0.06,-0.04,-0.00,4.57,-7.34,-0.61,3,7,51,29, 0.0000000, 0.0000000, 0.00, 0.00
40421,0.03,-0.30,9.50,1.00,-0.01,-0.00,0.00,-0.06,1.41,0.08,10.62,0.00,0,2,1002.83,34.99,93.27,1002.84,31.27,92.07,0.64,1002.21,32.73,98.15,-0.03,0.24,102.22,300.41,7799,0.92,1.24,9.54,1.00,0.06,-0.04,-0.00,4.57,-7.35,-0.61,3,7,51,29, 0.0000000, 0.0000000, 0.00, 0.00
40474,0.00,-0.30,9.56,1.00,-0.01,-0.00,0.00,-0.06,1.41,0.08,10.61,0.00,0,2,1002.84,34.99,93.21,1002.85,31.26,92.07,0.64,1002.21,32.73,98.17,-0.03,0.24,103.36,300.41,7796,0.76,1.13,9.48,1.00,0.06,-0.04,-0.00,4.57,-7.35,-0.62,3,7,51,29, 0.0000000, 0.0000000, 0.00, 0.00
40531,-0.01,-0.28,9.52,1.00,-0.01,-0.00,0.00,-0.06,1.41,0.08,10.63,0.00,0,2,1002.84,34.98,93.25,1002.84,31.28,92.07,0.64,1002.21,32.73,98.21,-0.02,0.17,104.24,300.41,7795,0.90,1.29,9.52,1.00,0.06,-0.04,-0.00,4.57,-7.35,-0.62,3,7,51,29, 0.0000000, 0.0000000, 0.00, 0.00
40584,-0.01,-0.27,9.56,1.00,-0.01,-0.00,0.00,-0.06,1.41,0.08,10.64,0.00,0,2,1002.84,34.98,93.21,1002.85,31.27,92.03,0.64,1002.20,32.72,98.23,-0.05,0.29,104.33,300.41,7795,0.69,1.17,9.52,1.00,0.06,-0.04,-0.00,4.57,-7.35,-0.62,3,7,51,29, 0.0000000, 0.0000000, 0.00, 0.00
40638,-0.04,-0.29,9.55,1.00,-0.01,-0.00,0.00,-0.06,1.41,0.08,10.63,0.00,0,2,1002.84,34.99,93.24,1002.84,31.27,92.07,0.64,1002.21,32.73,98.19,-0.03,0.24,104.33,300.41,7796,0.67,1.10,9.51,1.00,0.06,-0.04,-0.00,4.57,-7.35,-0.62,3,7,51,29, 0.0000000, 0.0000000, 0.00, 0.00
40694,-0.02,-0.28,9.55,1.00,-0.01,-0.00,0.00,-0.06,1.41,0.08,10.62,0.00,0,2,1002.84,34.99,93.21,1002.85,31.29,92.02,0.63,1002.21,32.72,98.19,-0.03,0.24,104.41,300.41,7789,0.74,1.17,9.50,1.00,0.06,-0.04,-0.00,4.56,-7.35,-0.62,3,7,51,29, 0.0000000, 0.0000000, 0.00, 0.00
40749,0.00,-0.39,9.33,1.00,-0.01,-0.00,0.00,-0.06,1.41,0.08,10.63,0.00,0,2,1002.84,34.98,93.21,1002.84,31.28,92.03,0.64,1002.21,32.74,98.20,-0.03,0.24,104.41,300.41,7774,0.70,1.13,9.48,1.00,0.06,-0.04,-0.00,4.56,-7.34,-0.62,3,7,51,29, 0.0000000, 0.0000000, 0.00, 0.00
40803,0.00,-0.21,9.60,1.00,-0.01,-0.00,0.00,-0.08,1.38,0.08,10.63,0.00,0,2,1002.84,34.98,93.23,1002.85,31.28,92.03,0.64,1002.21,32.74,98.21,-0.03,0.24,104.41,300.41,7775,0.66,1.25,9.51,1.00,0.06,-0.04,-0.00,4.55,-7.34,-0.62,3,7,51,29, 0.0000000, 0.0000000, 0.00, 0.00
40856,-0.07,-0.35,9.42,1.00,-0.01,-0.00,0.00,-0.08,1.39,0.08,10.63,0.00,0,2,1002.84,34.98,93.23,1002.85,31.28,92.05,0.64,1002.20,32.74,98.23,-0.02,0.17,104.41,300.41,7773,0.82,1.31,9.58,1.00,0.06,-0.04,-0.00,4.56,-7.34,-0.62,3,7,51,29, 0.0000000, 0.0000000, 0.00, 0.00
40912,-0.04,-0.24,9.49,1.00,-0.01,-0.00,0.00,-0.10,1.37,0.08,10.63,0.00,0,2,1002.84,34.98,93.21,1002.85,31.29,91.99,0.64,1002.21,32.73,98.21,-0.03,0.24,104.41,300.41,7771,0.80,1.23,9.57,1.00,0.06,-0.04,-0.00,4.56,-7.34,-0.62,3,7,51,29, 0.0000000, 0.0000000, 0.00, 0.00
40964,-0.04,-0.25,9.55,1.00,-0.01,-0.00,0.00,-0.12,1.34,0.08,10.62,0.00,0,2,1002.84,34.98,93.21,1002.85,31.28,92.03,0.64,1002.21,32.73,98.16,-0.05,0.29,104.41,300.41,7760,0.80,1.25,9.56,1.00,0.06,-0.04,-0.00,4.56,-7.34,-0.62,3,7,51,29, 0.0000000, 0.0000000, 0.00, 0.00
41021,-0.03,-0.29,9.54,1.00,-0.01,-0.00,0.00,-0.14,1.32,0.08,10.61,0.00,0,2,1002.84,34.97,93.19,1002.85,31.28,91.99,0.64,1002.21,32.74,98.17,-0.03,0.24,104.41,300.41,7756,0.83,1.23,9.54,1.00,0.06,-0.04,-0.00,4.56,-7.34,-0.62,3,7,51,29, 0.0000000, 0.0000000, 0.00, 0.00
41074,-0.03,-0.27,9.57,1.00,-0.01,-0.00,0.00,-0.14,1.32,0.08,10.60,0.00,0,2,1002.84,34.97,93.20,1002.85,31.28,92.03,0.64,1002.21,32.74,98.15,-0.03,0.24,104.41,300.41,7757,0.86,1.07,9.52,1.00,0.06,-0.04,-0.00,4.56,-7.34,-0.62,3,7,51,29, 0.0000000, 0.0000000, 0.00, 0.00
41132,-0.08,-0.23,9.50,1.00,-0.01,-0.00,0.00,-0.14,1.31,0.08,10.60,0.00,0,2,1002.84,34.97,93.20,1002.84,31.28,92.07,0.64,1002.21,32.74,98.15,-0.03,0.24,104.24,300.41,7754,0.92,1.30,9.51,1.00,0.06,-0.04,-0.00,4.57,-7.34,-0.62,3,7,51,29, 0.0000000, 0.0000000, 0.00, 0.00
41184,0.00,-0.30,9.62,1.00,-0.01,-0.00,0.00,-0.14,1.31,0.08,10.60,0.00,0,2,1002.84,34.97,93.22,1002.85,31.26,92.04,0.64,1002.21,32.72,98.16,-0.03,0.24,104.06,300.41,7754,0.84,1.44,9.60,1.00,0.06,-0.04,-0.00,4.57,-7.34,-0.62,3,7,51,29, 0.0000000, 0.0000000, 0.00, 0.00
41238,0.05,-0.29,9.41,1.00,-0.01,-0.00,0.00,-0.14,1.31,0.08,10.60,0.00,0,2,1002.84,34.97,93.20,1002.85,31.28,92.02,0.64,1002.22,32.74,98.13,-0.03,0.24,103.89,300.41,7753,0.64,1.41,9.60,1.00,0.06,-0.04,-0.00,4.57,-7.34,-0.62,3,7,51,29, 0.0000000, 0.0000000, 0.00, 0.00
41293,0.04,-0.21,9.62,1.00,-0.01,-0.00,0.00,-0.17,1.29,0.08,10.60,0.00,0,2,1002.84,34.97,93.18,1002.84,31.27,92.05,0.64,1002.21,32.74,98.15,-0.03,0.24,103.89,300.41,7753,0.79,1.18,9.48,1.00,0.06,-0.04,-0.00,4.57,-7.34,-0.62,3,7,51,29, 0.0000000, 0.0000000, 0.00, 0.00
41351,0.00,-0.29,9.58,1.00,-0.01,-0.00,0.00,-0.16,1.31,0.08,10.60,0.00,0,2,1002.84,34.97,93.19,1002.85,31.29,92.02,0.64,1002.21,32.74,98.13,-0.03,0.24,103.71,300.41,7752,0.62,1.47,9.62,1.00,0.06,-0.04,-0.00,4.57,-7.34,-0.62,3,7,51,29, 0.0000000, 0.0000000, 0.00, 0.00
41403,-0.13,-0.21,9.41,1.00,-0.01,-0.00,0.00,-0.19,1.27,0.08,10.58,0.00,0,2,1002.84,34.97,93.19,1002.85,31.28,92.02,0.64,1002.22,32.74,98.10,-0.03,0.24,103.89,300.41,7749,0.75,1.33,9.56,1.00,0.06,-0.04,-0.00,4.57,-7.34,-0.63,3,7,52,29, 0.0000000, 0.0000000, 0.00, 0.00
41461,-0.17,-0.18,9.53,1.00,-0.01,-0.00,0.00,-0.19,1.27,0.08,10.57,0.00,0,2,1002.84,34.97,93.18,1002.85,31.28,92.01,0.64,1002.22,32.74,98.06,-0.03,0.24,103.80,300.41,7749,0.65,1.23,9.63,1.00,0.06,-0.04,-0.00,4.58,-7.33,-0.62,3,7,52,29, 0.0000000, 0.0000000, 0.00, 0.00
41518,-0.12,-0.34,9.54,1.00,-0.01,-0.00,0.00,-0.19,1.27,0.08,10.57,0.00,0,2,1002.84,34.97,93.18,1002.85,31.27,92.04,0.64,1002.22,32.73,98.10,-0.03,0.24,103.97,300.41,7744,0.67,1.07,9.49,1.00,0.06,-0.04,-0.00,4.58,-7.33,-0.63,3,7,52,29, 0.0000000, 0.0000000, 0.00, 0.00
41573,0.02,-0.20,9.60,1.00,-0.01,-0.00,0.00,-0.19,1.24,0.08,10.58,0.00,0,2,1002.84,34.96,93.20,1002.85,31.28,92.02,0.64,1002.22,32.73,98.10,-0.03,0.24,103.97,300.41,7744,0.69,1.28,9.59,1.00,0.06,-0.04,-0.00,4.58,-7.33,-0.63,3,7,52,29, 0.0000000, 0.0000000, 0.00, 0.00
41630,-0.02,-0.36,9.41,1.00,-0.01,-0.00,0.00,-0.19,1.25,0.08,10.58,0.00,0,2,1002.84,34.97,93.19,1002.85,31.27,92.04,0.64,1002.21,32.73,98.14,-0.05,0.29,104.06,300.41,7745,0.47,1.39,9.54,1.00,0.06,-0.04,-0.00,4.58,-7.33,-0.63,3,7,52,29, 0.0000000, 0.0000000, 0.00, 0.00
41683,-0.08,-0.23,9.53,1.00,-0.01,-0.00,0.00,-0.19,1.26,0.08,10.58,0.00,0,2,1002.84,34.97,93.20,1002.85,31.27,92.04,0.64,1002.21,32.72,98.13,-0.03,0.24,104.06,300.41,7744,0.65,1.34,9.62,1.00,0.06,-0.04,-0.00,4.58,-7.33,-0.63,3,7,52,29, 0.0000000, 0.0000000, 0.00, 0.00
41736,-0.10,-0.24,9.50,1.00,-0.01,-0.00,0.00,-0.19,1.26,0.08,10.58,0.00,0,2,1002.84,34.97,93.19,1002.85,31.29,92.02,0.64,1002.21,32.74,98.13,-0.05,0.29,104.06,300.41,7745,0.79,1.11,9.46,1.00,0.06,-0.04,-0.00,4.58,-7.32,-0.63,3,7,52,29, 0.0000000, 0.0000000, 0.00, 0.00
41791,-0.03,-0.29,9.56,1.00,-0.01,-0.00,0.00,-0.19,1.26,0.08,10.58,0.00,0,2,1002.84,34.96,93.18,1002.85,31.28,92.01,0.64,1002.22,32.74,98.12,-0.03,0.24,104.15,300.41,7744,0.84,1.32,9.60,1.00,0.06,-0.04,-0.00,4.58,-7.32,-0.63,3,7,52,29, 0.0000000, 0.0000000, 0.00, 0.00
41849,-0.07,-0.30,9.45,1.00,-0.01,-0.00,0.00,-0.19,1.26,0.08,10.57,0.00,0,2,1002.84,34.96,93.18,1002.85,31.27,92.04,0.64,1002.22,32.74,98.10,-0.02,0.17,104.41,300.41,7745,0.73,1.29,9.50,1.00,0.06,-0.04,-0.00,4.58,-7.32,-0.63,3,7,52,29, 0.0000000, 0.0000000, 0.00, 0.00
41902,0.00,-0.33,9.57,1.00,-0.01,-0.00,0.00,-0.19,1.26,0.08,10.56,0.00,0,2,1002.85,34.97,93.14,1002.85,31.27,92.02,0.64,1002.22,32.75,98.09,-0.05,0.29,104.59,300.41,7745,0.67,1.55,9.68,1.00,0.06,-0.04,-0.00,4.58,-7.32,-0.63,3,7,52,29, 0.0000000, 0.0000000, 0.00, 0.00
41960,-0.04,-0.36,9.46,1.00,-0.01,-0.00,0.00,-0.19,1.26,0.08,10.56,0.00,0,2,1002.84,34.96,93.17,1002.84,31.27,92.05,0.64,1002.22,32.74,98.08,-0.03,0.24,104.41,300.41,7745,0.61,1.13,9.50,1.00,0.06,-0.04,-0.00,4.58,-7.32,-0.63,3,7,53,29, 0.0000000, 0.0000000, 0.00, 0.00
42011,0.00,-0.23,9.52,1.00,-0.01,-0.00,0.00,-0.20,1.26,0.08,10.56,0.00,0,2,1002.84,34.96,93.16,1002.85,31.27,92.02,0.64,1002.22,32.73,98.09,-0.03,0.24,103.89,300.41,7745,0.58,0.95,9.50,1.00,0.06,-0.04,-0.00,4.58,-7.32,-0.63,3,7,53,29, 0.0000000, 0.0000000, 0.00, 0.00
42068,0.01,-0.29,9.49,1.00,-0.01,-0.00,0.00,-0.20,1.26,0.08,10.56,0.00,0,2,1002.85,34.97,93.16,1002.85,31.27,92.04,0.64,1002.22,32.75,98.08,-0.03,0.24,104.94,300.41,7744,0.85,1.50,9.61,1.00,0.06,-0.04,-0.00,4.58,-7.32,-0.64,3,7,53,29, 0.0000000, 0.0000000, 0.00, 0.00
42122,-0.07,-0.29,9.45,1.00,-0.01,-0.00,0.00,-0.20,1.25,0.08,10.56,0.00,0,2,1002.84,34.95,93.17,1002.85,31.29,92.01,0.64,1002.21,32.74,98.13,-0.03,0.24,106.17,300.41,7744,0.73,1.24,9.54,1.00,0.06,-0.04,-0.00,4.58,-7.32,-0.65,3,7,53,29, 0.0000000, 0.0000000, 0.00, 0.00
42180,-0.13,-0.26,9.51,1.00,-0.01,-0.00,0.00,-0.20,1.25,0.08,10.56,0.00,0,2,1002.85,34.96,93.13,1002.85,31.28,92.02,0.64,1002.22,32.74,98.08,-0.03,0.24,107.05,300.41,7744,1.02,1.31,9.52,1.00,0.06,-0.04,-0.00,4.58,-7.33,-0.66,3,7,53,29, 0.0000000, 0.0000000, 0.00, 0.00
42231,-0.07,-0.42,9.48,1.00,-0.01,-0.00,0.00,-0.20,1.25,0.08,10.57,0.00,0,2,1002.85,34.95,93.13,1002.85,31.27,92.04,0.64,1002.22,32.74,98.10,-0.02,0.17,105.47,300.41,7749,0.61,1.24,9.49,1.00,0.06,-0.04,-0.00,4.58,-7.32,-0.64,3,7,53,29, 0.0000000, 0.0000000, 0.00, 0.00
42285,0.11,-0.28,9.60,1.00,-0.01,-0.00,0.00,-0.21,1.25,0.08,10.57,0.00,0,2,1002.84,34.94,93.18,1002.85,31.28,92.01,0.64,1002.22,32.74,98.13,-0.02,0.17,102.83,300.41,7752,0.56,1.32,9.56,1.00,0.06,-0.04,-0.00,4.58,-7.32,-0.64,3,7,53,29, 0.0000000, 0.0000000, 0.00, 0.00
42341,0.03,-0.24,9.56,1.00,-0.01,-0.00,0.00,-0.23,1.22,0.08,10.58,0.00,0,2,1002.84,34.95,93.20,1002.85,31.27,91.99,0.64,1002.21,32.73,98.14,-0.03,0.24,98.88,300.41,7771,0.56,1.35,9.61,1.00,0.06,-0.04,-0.00,4.58,-7.32,-0.65,3,7,53,29, 0.0000000, 0.0000000, 0.00, 0.00
42397,0.00,-0.24,9.58,1.00,-0.01,-0.00,0.00,-0.24,1.22,0.08,10.58,0.00,0,2,1002.84,34.96,93.18,1002.85,31.28,91.99,0.64,1002.22,32.74,98.08,-0.03,0.24,98.09,300.41,7781,0.77,1.16,9.47,1.00,0.06,-0.04,-0.00,4.58,-7.33,-0.66,3,7,53,29, 0.0000000, 0.0000000, 0.00, 0.00
42449,-0.03,-0.23,9.52,1.00,-0.01,-0.00,0.00,-0.23,1.23,0.08,10.59,0.00,0,2,1002.85,34.95,93.15,1002.85,31.27,92.04,0.64,1002.22,32.74,98.06,-0.03,0.24,97.73,300.41,7802,0.70,1.36,9.62,1.00,0.06,-0.04,-0.00,4.57,-7.33,-0.67,3,7,53,29, 0.0000000, 0.0000000, 0.00, 0.00
42503,-0.06,-0.27,9.45,1.00,-0.01,-0.00,0.00,-0.22,1.24,0.08,10.59,0.00,0,2,1002.84,34.95,93.18,1002.85,31.29,92.01,0.64,1002.21,32.73,98.14,-0.03,0.24,98.09,300.50,7809,0.74,1.32,9.56,1.00,0.06,-0.04,-0.00,4.57,-7.33,-0.67,3,7,53,29, 0.0000000, 0.0000000, 0.00, 0.00
42560,-0.02,-0.18,9.62,1.00,-0.01,-0.00,0.00,-0.20,1.25,0.08,10.60,0.00,0,2,1002.84,34.96,93.16,1002.85,31.26,92.03,0.64,1002.21,32.73,98.13,-0.03,0.24,98.00,300.50,7832,0.60,1.13,9.54,1.00,0.06,-0.04,-0.00,4.57,-7.33,-0.67,3,7,53,29, 0.0000000, 0.0000000, 0.00, 0.00
42618,-0.07,-0.28,9.50,1.00,-0.01,-0.00,0.00,-0.19,1.25,0.08,10.61,0.00,0,2,1002.84,34.96,93.19,1002.84,31.27,92.05,0.64,1002.22,32.73,98.12,-0.03,0.24,98.00,300.50,7842,0.61,1.33,9.57,1.00,0.06,-0.04,-0.00,4.57,-7.33,-0.69,3,7,53,29, 0.0000000, 0.0000000, 0.00, 0.00
42671,0.00,-0.33,9.47,1.00,-0.01,-0.00,0.00,-0.18,1.27,0.08,10.61,0.00,0,2,1002.85,34.95,93.15,1002.85,31.27,92.04,0.64,1002.21,32.72,98.14,-0.03,0.24,98.09,300.50,7865,0.92,1.12,9.43,1.00,0.06,-0.04,-0.00,4.57,-7.33,-0.69,3,7,53,29, 0.0000000, 0.0000000, 0.00, 0.00
42729,0.11,-0.22,9.50,1.00,-0.01,-0.00,0.00,-0.17,1.27,0.08,10.61,0.00,0,2,1002.84,34.96,93.18,1002.85,31.27,92.02,0.64,1002.21,32.73,98.13,-0.03,0.24,98.09,300.50,7876,0.59,1.35,9.63,1.00,0.06,-0.04,-0.00,4.57,-7.33,-0.69,3,7,53,29, 0.0000000, 0.0000000, 0.00, 0.00
42780,0.01,-0.26,9.47,1.00,-0.01,-0.00,0.00,-0.17,1.27,0.08,10.61,0.00,0,2,1002.84,34.96,93.19,1002.85,31.27,92.02,0.64,1002.22,32.74,98.13,-0.03,0.24,98.09,300.50,7875,0.77,1.33,9.58,1.00,0.06,-0.04,-0.00,4.57,-7.33,-0.69,3,7,53,29, 0.0000000, 0.0000000, 0.00, 0.00
42834,-0.01,-0.29,9.49,1.00,-0.01,-0.00,0.00,-0.17,1.28,0.08,10.61,0.00,0,2,1002.84,34.96,93.18,1002.85,31.27,92.03,0.64,1002.21,32.74,98.13,-0.03,0.24,98.09,300.50,7895,0.82,1.06,9.44,1.00,0.06,-0.04,-0.00,4.57,-7.33,-0.69,3,7,53,29, 0.0000000, 0.0000000, 0.00, 0.00
42891,-0.02,-0.21,9.60,1.00,-0.01,-0.00,0.00,-0.16,1.29,0.08,10.61,0.00,0,2,1002.84,34.96,93.17,1002.84,31.28,92.06,0.64,1002.22,32.75,98.13,-0.03,0.24,98.09,300.50,7895,0.70,1.32,9.55,1.00,0.06,-0.04,-0.00,4.57,-7.33,-0.69,3,7,53,29, 0.0000000, 0.0000000, 0.00, 0.00
42946,-0.06,-0.26,9.42,1.00,-0.01,-0.00,0.00,-0.15,1.29,0.08,10.62,0.00,0,2,1002.84,34.97,93.19,1002.85,31.27,92.04,0.64,1002.21,32.74,98.16,-0.05,0.29,98.09,300.50,7896,0.79,1.18,9.56,1.00,0.06,-0.04,-0.00,4.57,-7.33,-0.69,3,7,54,29, 0.0000000, 0.0000000, 0.00, 0.00
42999,-0.04,-0.23,9.41,1.00,-0.01,-0.00,0.00,-0.15,1.29,0.08,10.61,0.00,0,2,1002.84,34.97,93.17,1002.85,31.28,92.03,0.64,1002.22,32.74,98.13,-0.02,0.17,98.44,300.50,7895,0.80,1.18,9.50,1.00,0.06,-0.04,-0.00,4.57,-7.33,-0.69,3,7,54,29, 0.0000000, 0.0000000, 0.00, 0.00
43057,-0.10,-0.29,9.52,1.00,-0.01,-0.00,0.00,-0.15,1.29,0.08,10.62,0.00,0,2,1002.84,34.94,93.19,1002.85,31.28,92.04,0.65,1002.21,32.73,98.14,-0.03,0.24,100.02,300.50,7895,0.83,1.25,9.55,1.00,0.06,-0.04,-0.00,4.57,-7.33,-0.69,3,7,54,29, 0.0000000, 0.0000000, 0.00, 0.00
43110,-0.02,-0.22,9.39,1.00,-0.01,-0.00,0.00,-0.10,1.33,0.08,10.61,0.00,0,2,1002.85,34.97,93.16,1002.85,31.29,92.02,0.64,1002.22,32.73,98.12,-0.03,0.24,104.06,300.50,7895,0.74,1.28,9.53,1.00,0.06,-0.04,-0.00,4.57,-7.33,-0.68,3,7,54,29, 0.0000000, 0.0000000, 0.00, 0.00
43169,-0.02,-0.23,9.50,1.00,-0.01,-0.00,0.00,-0.10,1.33,0.08,10.61,0.00,0,2,1002.84,34.95,93.17,1002.85,31.28,92.05,0.64,1002.21,32.73,98.13,-0.03,0.24,109.07,300.50,7904,0.75,1.38,9.60,1.00,0.06,-0.04,-0.00,4.58,-7.33,-0.67,3,7,54,29, 0.0000000, 0.0000000, 0.00, 0.00
43220,-0.02,-0.23,9.52,1.00,-0.01,-0.00,0.00,-0.10,1.32,0.08,10.61,0.00,0,2,1002.85,34.97,93.15,1002.85,31.27,92.04,0.64,1002.21,32.74,98.15,-0.03,0.24,113.12,300.50,7908,0.85,1.12,9.44,1.00,0.06,-0.04,-0.00,4.58,-7.33,-0.67,3,7,54,29, 0.0000000, 0.0000000, 0.00, 0.00
43277,-0.03,-0.28,9.52,1.00,-0.01,-0.00,0.00,-0.10,1.33,0.08,10.61,0.00,0,2,1002.85,34.96,93.14,1002.85,31.27,92.04,0.64,1002.21,32.74,98.16,-0.03,0.24,115.05,300.50,7908,0.81,1.15,9.52,1.00,0.06,-0.04,-0.00,4.58,-7.33,-0.67,3,7,54,29, 0.0000000, 0.0000000, 0.00, 0.00
43330,-0.02,-0.27,9.48,1.00,-0.01,-0.00,0.00,-0.10,1.33,0.08,10.61,0.00,0,2,1002.84,34.96,93.20,1002.85,31.27,92.07,0.64,1002.21,32.74,98.20,-0.02,0.17,117.42,300.50,7908,0.68,1.15,9.52,1.00,0.06,-0.04,-0.00,4.58,-7.33,-0.67,3,7,54,29, 0.0000000, 0.0000000, 0.00, 0.00
43384,-0.01,-0.26,9.57,1.00,-0.01,-0.00,0.00,-0.10,1.31,0.08,10.61,0.00,0,2,1002.84,34.97,93.18,1002.85,31.26,92.04,0.64,1002.21,32.74,98.13,-0.05,0.29,119.36,300.50,7908,0.75,1.21,9.52,1.00,0.06,-0.04,-0.00,4.58,-7.33,-0.67,3,7,54,29, 0.0000000, 0.0000000, 0.00, 0.00
43440,-0.07,-0.19,9.50,1.00,-0.01,-0.00,0.00,-0.10,1.30,0.08,10.61,0.00,0,2,1002.84,34.96,93.17,1002.85,31.28,92.03,0.64,1002.21,32.74,98.14,-0.03,0.24,119.79,300.50,7911,0.85,1.17,9.50,1.00,0.06,-0.04,-0.00,4.58,-7.33,-0.67,3,7,54,29, 0.0000000, 0.0000000, 0.00, 0.00
43496,-0.04,-0.33,9.55,1.00,-0.01,-0.00,0.00,-0.10,1.30,0.08,10.61,0.00,0,2,1002.84,34.95,93.20,1002.85,31.29,92.04,0.64,1002.21,32.73,98.16,-0.03,0.24,119.44,300.50,7926,0.93,1.28,9.51,1.00,0.06,-0.04,-0.00,4.58,-7.33,-0.67,3,7,54,29, 0.0000000, 0.0000000, 0.00, 0.00
43548,-0.03,-0.18,9.49,1.00,-0.01,-0.00,0.00,-0.10,1.30,0.08,10.61,0.00,0,2,1002.84,34.95,93.18,1002.84,31.27,92.03,0.64,1002.21,32.75,98.16,-0.03,0.24,118.04,300.50,7929,0.79,1.23,9.51,1.00,0.06,-0.04,-0.00,4.58,-7.33,-0.67,3,7,54,29, 0.0000000, 0.0000000, 0.00, 0.00
43601,0.09,-0.49,9.48,1.00,-0.01,-0.00,0.00,-0.10,1.29,0.08,10.61,0.00,0,2,1002.84,34.94,93.19,1002.85,31.27,92.04,0.64,1002.20,32.73,98.22,-0.03,0.24,115.66,300.50,7929,0.64,1.33,9.51,1.00,0.06,-0.04,-0.00,4.58,-7.33,-0.67,3,7,54,29, 0.0000000, 0.0000000, 0.00, 0.00
43658,0.11,-0.14,9.53,1.00,-0.01,-0.00,0.00,-0.10,1.30,0.08,10.60,0.00,0,2,1002.84,34.95,93.17,1002.85,31.27,92.04,0.64,1002.21,32.74,98.18,-0.02,0.17,114.26,300.50,7929,0.55,1.13,9.45,1.00,0.06,-0.04,-0.00,4.58,-7.32,-0.65,3,7,54,29, 0.0000000, 0.0000000, 0.00, 0.00
43709,-0.09,-0.23,9.50,1.00,-0.01,-0.00,0.00,-0.10,1.30,0.08,10.60,0.00,0,2,1002.85,34.96,93.15,1002.85,31.27,92.03,0.64,1002.20,32.74,98.23,-0.03,0.24,111.09,300.50,7929,1.04,1.35,9.55,1.00,0.06,-0.04,-0.00,4.58,-7.33,-0.67,3,7,54,29, 0.0000000, 0.0000000, 0.00, 0.00
43764,-0.07,-0.21,9.52,1.00,-0.01,-0.00,0.00,-0.10,1.30,0.08,10.60,0.00,0,2,1002.84,34.95,93.19,1002.84,31.27,92.04,0.64,1002.21,32.75,98.20,-0.03,0.24,110.57,300.50,7929,0.95,1.01,9.49,1.00,0.06,-0.04,-0.00,4.58,-7.32,-0.64,3,7,54,29, 0.0000000, 0.0000000, 0.00, 0.00
43819,-0.06,-0.26,9.54,1.00,-0.01,-0.00,0.00,-0.10,1.30,0.08,10.60,0.00,0,2,1002.84,34.96,93.17,1002.85,31.27,92.02,0.64,1002.21,32.74,98.18,-0.03,0.24,111.97,300.50,7930,1.07,1.07,9.49,1.00,0.06,-0.04,-0.00,4.58,-7.32,-0.63,3,7,54,29, 0.0000000, 0.0000000, 0.00, 0.00
43874,-0.06,-0.22,9.49,1.00,-0.01,-0.00,0.00,-0.10,1.32,0.08,10.61,0.00,0,2,1002.84,34.95,93.20,1002.84,31.27,92.05,0.64,1002.21,32.76,98.15,-0.03,0.24,111.80,300.50,7929,0.85,1.20,9.55,1.00,0.06,-0.04,-0.00,4.58,-7.32,-0.62,3,7,54,29, 0.0000000, 0.0000000, 0.00, 0.00
43928,-0.01,-0.21,9.44,1.00,-0.01,-0.00,0.00,-0.10,1.32,0.08,10.60,0.00,0,2,1002.84,34.95,93.19,1002.85,31.29,92.02,0.64,1002.21,32.74,98.16,-0.03,0.24,110.83,300.50,7928,0.48,1.05,9.56,1.00,0.06,-0.04,-0.00,4.58,-7.32,-0.61,3,7,55,29, 0.0000000, 0.0000000, 0.00, 0.00
43980,0.00,-0.22,9.52,1.00,-0.01,-0.00,0.00,-0.10,1.32,0.08,10.60,0.00,0,2,1002.84,34.95,93.18,1002.85,31.28,92.03,0.64,1002.21,32.75,98.14,-0.03,0.24,110.57,300.50,7929,0.76,1.17,9.51,1.00,0.06,-0.04,-0.00,4.58,-7.32,-0.62,3,7,55,29, 0.0000000, 0.0000000, 0.00, 0.00
44037,-0.03,-0.36,9.48,1.00,-0.01,-0.00,0.00,-0.10,1.33,0.08,10.59,0.00,0,2,1002.84,34.96,93.19,1002.85,31.29,92.00,0.64,1002.21,32.75,98.16,-0.03,0.24,110.57,300.50,7929,0.78,1.31,9.56,1.00,0.06,-0.04,-0.00,4.58,-7.32,-0.62,3,7,55,29, 0.0000000, 0.0000000, 0.00, 0.00
44091,-0.03,-0.22,9.52,1.00,-0.01,-0.00,0.00,-0.10,1.33,0.08,10.61,0.00,0,2,1002.84,34.96,93.18,1002.85,31.27,92.02,0.64,1002.21,32.75,98.18,-0.03,0.24,110.74,300.50,7931,0.90,1.24,9.51,1.00,0.06,-0.04,-0.00,4.58,-7.32,-0.62,3,7,55,29, 0.0000000, 0.0000000, 0.00, 0.00
44148,-0.07,-0.24,9.51,1.00,-0.01,-0.00,0.00,-0.10,1.33,0.08,10.62,0.00,0,2,1002.84,34.96,93.18,1002.85,31.28,92.01,0.64,1002.21,32.74,98.17,-0.03,0.24,110.13,300.50,7936,0.60,1.23,9.56,1.00,0.06,-0.04,-0.00,4.58,-7.32,-0.62,3,7,55,29, 0.0000000, 0.0000000, 0.00, 0.00
44205,-0.10,-0.27,9.41,1.00,-0.01,-0.00,0.00,-0.10,1.33,0.08,10.61,0.00,0,2,1002.84,34.94,93.17,1002.85,31.27,92.04,0.64,1002.21,32.74,98.16,-0.03,0.24,109.95,300.50,7938,0.63,1.26,9.58,1.00,0.06,-0.04,-0.00,4.58,-7.32,-0.63,3,7,55,29, 0.0000000, 0.0000000, 0.00, 0.00
44258,-0.05,-0.25,9.57,1.00,-0.01,-0.00,0.00,-0.10,1.33,0.08,10.59,0.00,0,2,1002.84,34.95,93.19,1002.85,31.29,92.01,0.64,1002.22,32.75,98.11,-0.05,0.29,110.57,300.50,7938,0.67,1.18,9.55,1.00,0.06,-0.04,-0.00,4.58,-7.32,-0.62,3,7,55,29, 0.0000000, 0.0000000, 0.00, 0.00
44311,-0.07,-0.22,9.48,1.00,-0.01,-0.00,0.00,-0.10,1.33,0.09,10.59,0.00,0,2,1002.85,34.95,93.13,1002.85,31.28,92.02,0.64,1002.22,32.74,98.11,-0.03,0.24,110.48,300.50,7938,0.85,1.21,9.56,1.00,0.06,-0.04,-0.00,4.58,-7.32,-0.60,3,7,55,29, 0.0000000, 0.0000000, 0.00, 0.00
44367,0.04,-0.22,9.54,1.00,-0.01,-0.00,0.00,-0.10,1.32,0.08,10.58,0.00,0,2,1002.84,34.94,93.17,1002.85,31.28,92.03,0.64,1002.22,32.75,98.09,-0.03,0.24,110.48,300.67,7939,0.76,1.20,9.52,1.00,0.06,-0.04,-0.00,4.58,-7.32,-0.58,3,7,55,29, 0.0000000, 0.0000000, 0.00, 0.00
44418,0.08,-0.23,9.48,1.00,-0.01,-0.00,0.00,-0.08,1.34,0.08,10.57,0.00,0,2,1002.84,34.94,93.16,1002.85,31.27,92.03,0.64,1002.21,32.74,98.16,-0.03,0.24,109.78,300.59,7938,0.69,1.16,9.52,1.00,0.06,-0.04,-0.00,4.58,-7.32,-0.58,3,7,55,29, 0.0000000, 0.0000000, 0.00, 0.00
44477,0.01,-0.23,9.50,1.00,-0.01,-0.00,0.00,-0.08,1.34,0.08,10.59,0.00,0,2,1002.84,34.94,93.17,1002.84,31.27,92.03,0.64,1002.21,32.76,98.17,-0.02,0.17,110.13,300.67,7939,0.65,1.22,9.55,1.00,0.06,-0.04,-0.00,4.58,-7.32,-0.58,3,7,55,29, 0.0000000, 0.0000000, 0.00, 0.00
44531,-0.01,-0.19,9.53,1.00,-0.01,-0.00,0.00,-0.08,1.34,0.08,10.60,0.00,0,2,1002.84,34.94,93.19,1002.85,31.29,92.04,0.64,1002.21,32.74,98.18,-0.03,0.24,110.48,300.67,7941,0.62,1.34,9.62,1.00,0.06,-0.04,-0.00,4.58,-7.32,-0.58,3,7,55,29, 0.0000000, 0.0000000, 0.00, 0.00
44588,0.05,-0.26,9.56,1.00,-0.01,-0.00,0.00,-0.08,1.34,0.08,10.60,0.00,0,2,1002.85,34.94,93.16,1002.85,31.28,92.03,0.64,1002.21,32.75,98.16,-0.05,0.29,110.30,300.67,7946,0.66,1.17,9.53,1.00,0.06,-0.04,-0.00,4.58,-7.32,-0.59,3,7,55,29, 0.0000000, 0.0000000, 0.00, 0.00
44645,-0.03,-0.31,9.50,1.00,-0.01,-0.00,0.00,-0.08,1.34,0.08,10.59,0.00,0,2,1002.84,34.96,93.18,1002.85,31.29,92.01,0.64,1002.21,32.75,98.19,-0.02,0.17,110.39,300.67,7947,0.84,1.13,9.51,1.00,0.06,-0.04,-0.00,4.58,-7.32,-0.59,3,7,55,29, 0.0000000, 0.0000000, 0.00, 0.00
44698,-0.06,-0.20,9.59,1.00,-0.01,-0.00,0.00,-0.08,1.34,0.08,10.60,0.00,0,2,1002.84,34.94,93.16,1002.84,31.29,92.06,0.64,1002.21,32.74,98.16,-0.05,0.29,110.57,300.67,7947,0.92,1.17,9.52,1.00,0.06,-0.04,-0.00,4.58,-7.32,-0.60,3,7,55,29, 0.0000000, 0.0000000, 0.00, 0.00
44755,-0.08,-0.21,9.52,1.00,-0.01,-0.00,0.00,-0.08,1.34,0.08,10.60,0.00,0,2,1002.84,34.95,93.17,1002.85,31.27,92.02,0.64,1002.21,32.74,98.15,-0.03,0.24,110.57,300.67,7946,0.74,1.16,9.56,1.00,0.06,-0.04,-0.00,4.58,-7.32,-0.60,3,7,55,29, 0.0000000, 0.0000000, 0.00, 0.00
44807,0.00,-0.23,9.64,1.00,-0.01,-0.00,0.00,-0.08,1.34,0.08,10.59,0.00,0,2,1002.84,34.94,93.16,1002.85,31.29,92.02,0.64,1002.21,32.75,98.14,-0.03,0.24,110.57,300.67,7947,0.79,1.11,9.45,1.00,0.06,-0.04,-0.00,4.58,-7.32,-0.60,3,7,55,29, 0.0000000, 0.0000000, 0.00, 0.00
44860,0.00,-0.23,9.54,1.00,-0.01,-0.00,0.00,-0.07,1.36,0.08,10.59,0.00,0,2,1002.84,34.94,93.18,1002.85,31.29,92.04,0.64,1002.22,32.74,98.13,-0.03,0.24,110.74,300.67,7959,0.75,1.25,9.55,1.00,0.06,-0.04,-0.00,4.58,-7.32,-0.60,3,7,55,29, 0.0000000, 0.0000000, 0.00, 0.00
44916,0.00,-0.16,9.54,1.00,-0.01,-0.00,0.00,-0.07,1.35,0.08,10.60,0.00,0,2,1002.84,34.94,93.18,1002.85,31.28,92.03,0.64,1002.22,32.76,98.12,-0.03,0.24,110.83,300.67,7968,0.82,1.05,9.48,1.00,0.06,-0.04,-0.00,4.58,-7.32,-0.60,3,7,55,29, 0.0000000, 0.0000000, 0.00, 0.00
44969,-0.02,-0.25,9.44,1.00,-0.01,-0.00,0.00,-0.06,1.36,0.08,10.59,0.00,0,2,1002.84,34.94,93.18,1002.85,31.29,92.01,0.64,1002.21,32.76,98.14,-0.03,0.24,111.45,300.67,7969,0.74,1.33,9.56,1.00,0.06,-0.04,-0.00,4.58,-7.32,-0.60,3,7,56,29, 0.0000000, 0.0000000, 0.00, 0.00
45026,-0.02,-0.18,9.56,1.00,-0.01,-0.00,0.00,-0.06,1.36,0.08,10.59,0.00,0,2,1002.84,34.94,93.18,1002.85,31.30,92.00,0.64,1002.22,32.75,98.11,-0.03,0.24,111.18,300.67,7969,0.76,1.05,9.48,1.00,0.06,-0.04,-0.00,4.58,-7.32,-0.60,3,7,56,29, 0.0000000, 0.0000000, 0.00, 0.00
45079,-0.03,-0.15,9.52,1.00,-0.01,-0.00,0.00,-0.06,1.36,0.08,10.58,0.00,0,2,1002.85,34.94,93.15,1002.85,31.29,92.01,0.64,1002.22,32.76,98.08,-0.03,0.24,111.01,300.67,7969,0.70,1.09,9.51,1.00,0.06,-0.04,-0.00,4.58,-7.32,-0.60,3,7,56,29, 0.0000000, 0.0000000, 0.00, 0.00
45136,-0.06,-0.26,9.39,1.00,-0.01,-0.00,0.00,-0.06,1.36,0.08,10.59,0.00,0,2,1002.85,34.94,93.16,1002.85,31.29,92.02,0.64,1002.21,32.76,98.14,-0.03,0.24,110.65,300.67,7970,0.73,1.18,9.55,1.00,0.06,-0.04,-0.00,4.58,-7.32,-0.60,3,7,56,29, 0.0000000, 0.0000000, 0.00, 0.00
45187,0.02,-0.20,9.58,1.00,-0.01,-0.00,0.00,-0.07,1.33,0.08,10.58,0.00,0,2,1002.85,34.93,93.15,1002.85,31.29,92.04,0.64,1002.22,32.77,98.10,-0.03,0.24,111.80,300.67,7969,0.71,1.28,9.59,1.00,0.06,-0.04,-0.00,4.58,-7.32,-0.60,3,7,56,29, 0.0000000, 0.0000000, 0.00, 0.00
45244,-0.02,-0.28,9.52,1.00,-0.01,-0.00,0.00,-0.07,1.33,0.08,10.58,0.00,0,2,1002.85,34.94,93.13,1002.85,31.30,92.05,0.64,1002.22,32.76,98.08,-0.03,0.24,111.36,300.67,7969,0.76,1.16,9.51,1.00,0.06,-0.04,-0.00,4.58,-7.32,-0.60,3,7,56,29, 0.0000000, 0.0000000, 0.00, 0.00
45297,-0.07,-0.23,9.50,1.00,-0.01,-0.00,0.00,-0.07,1.33,0.08,10.58,0.00,0,2,1002.85,34.94,93.15,1002.85,31.29,92.00,0.64,1002.22,32.75,98.11,-0.03,0.24,111.01,300.67,7968,0.79,1.06,9.48,1.00,0.06,-0.04,-0.00,4.58,-7.32,-0.60,3,7,56,29, 0.0000000, 0.0000000, 0.00, 0.00
45353,0.00,-0.17,9.54,1.00,-0.01,-0.00,0.00,-0.07,1.33,0.08,10.57,0.00,0,2,1002.85,34.93,93.12,1002.85,31.30,91.98,0.64,1002.22,32.74,98.09,-0.03,0.24,110.13,300.67,7969,0.71,1.36,9.57,1.00,0.06,-0.04,-0.00,4.58,-7.32,-0.60,3,7,56,29, 0.0000000, 0.0000000, 0.00, 0.00
45406,0.00,-0.20,9.56,1.00,-0.01,-0.00,0.00,-0.07,1.34,0.08,10.57,0.00,0,2,1002.84,34.93,93.17,1002.85,31.32,92.01,0.64,1002.22,32.74,98.10,-0.03,0.24,109.07,300.59,7969,0.79,1.35,9.59,1.00,0.06,-0.04,-0.00,4.58,-7.32,-0.61,3,7,56,29, 0.0000000, 0.0000000, 0.00, 0.00
45464,-0.12,-0.30,9.40,1.00,-0.01,-0.00,0.00,-0.03,1.37,0.08,10.57,0.00,0,2,1002.85,34.93,93.12,1002.85,31.30,91.99,0.64,1002.22,32.74,98.11,-0.03,0.24,108.98,300.59,7970,0.74,1.21,9.55,1.00,0.06,-0.04,-0.00,4.58,-7.32,-0.61,3,7,56,29, 0.0000000, 0.0000000, 0.00, 0.00
45516,-0.01,-0.26,9.52,1.00,-0.01,-0.00,0.00,-0.03,1.38,0.08,10.57,0.00,0,2,1002.85,34.93,93.15,1002.85,31.30,92.00,0.64,1002.22,32.74,98.11,-0.02,0.17,108.63,300.59,7969,0.74,1.03,9.48,1.00,0.06,-0.04,-0.00,4.58,-7.32,-0.61,3,7,56,29, 0.0000000, 0.0000000, 0.00, 0.00
45575,-0.03,-0.31,9.48,1.00,-0.01,-0.00,0.00,-0.01,1.42,0.08,10.57,0.00,0,2,1002.85,34.94,93.14,1002.85,31.30,92.00,0.64,1002.22,32.75,98.11,-0.05,0.29,107.49,300.59,7969,0.83,1.05,9.50,1.00,0.06,-0.04,-0.00,4.58,-7.32,-0.61,3,7,56,29, 0.0000000, 0.0000000, 0.00, 0.00
45629,-0.05,-0.28,9.48,1.00,-0.01,-0.00,0.00,-0.01,1.42,0.08,10.58,0.00,0,2,1002.85,34.94,93.14,1002.85,31.30,92.01,0.64,1002.22,32.76,98.12,-0.03,0.24,108.02,300.59,7968,0.67,1.34,9.55,1.00,0.06,-0.04,-0.00,4.58,-7.32,-0.61,3,7,56,29, 0.0000000, 0.0000000, 0.00, 0.00
45685,-0.02,-0.28,9.56,1.00,-0.01,-0.00,0.00,-0.01,1.42,0.08,10.58,0.00,0,2,1002.85,34.94,93.14,1002.85,31.30,92.03,0.64,1002.22,32.75,98.12,-0.05,0.29,108.28,300.59,7968,0.72,1.17,9.54,1.00,0.06,-0.04,-0.00,4.58,-7.32,-0.61,3,7,56,29, 0.0000000, 0.0000000, 0.00, 0.00
45738,-0.07,-0.33,9.47,1.00,-0.01,-0.00,0.00,-0.01,1.42,0.08,10.58,0.00,0,2,1002.85,34.92,93.14,1002.86,31.30,91.97,0.64,1002.22,32.75,98.13,-0.03,0.24,108.28,300.59,7968,0.83,1.07,9.45,1.00,0.06,-0.04,-0.00,4.58,-7.32,-0.61,3,7,56,29, 0.0000000, 0.0000000, 0.00, 0.00
45795,-0.11,-0.28,9.48,1.00,-0.01,-0.00,0.00,-0.01,1.42,0.08,10.58,0.00,0,2,1002.85,34.94,93.14,1002.85,31.29,91.99,0.64,1002.22,32.74,98.08,-0.03,0.24,108.37,300.59,7969,0.83,1.32,9.59,1.00,0.06,-0.04,-0.00,4.58,-7.32,-0.61,3,7,56,29, 0.0000000, 0.0000000, 0.00, 0.00
45847,-0.04,-0.22,9.61,1.00,-0.01,-0.00,0.00,-0.01,1.42,0.08,10.58,0.00,0,2,1002.85,34.93,93.15,1002.85,31.29,92.02,0.64,1002.21,32.76,98.14,-0.03,0.24,108.37,300.59,7969,0.79,1.35,9.61,1.00,0.06,-0.04,-0.00,4.58,-7.32,-0.61,3,7,56,29, 0.0000000, 0.0000000, 0.00, 0.00
45903,-0.04,-0.33,9.52,1.00,-0.01,-0.00,0.00,-0.02,1.41,0.08,10.59,0.00,0,2,1002.85,34.94,93.13,1002.85,31.30,92.00,0.64,1002.22,32.75,98.11,-0.03,0.24,108.28,300.59,7969,0.77,1.14,9.46,1.00,0.06,-0.04,-0.00,4.58,-7.32,-0.60,3,7,56,29, 0.0000000, 0.0000000, 0.00, 0.00
45956,0.04,-0.23,9.58,1.00,-0.01,-0.00,0.00,-0.02,1.41,0.08,10.59,0.00,0,2,1002.85,34.93,93.15,1002.85,31.30,92.00,0.64,1002.22,32.77,98.08,-0.03,0.24,108.46,300.67,7969,0.66,1.01,9.48,1.00,0.06,-0.04,-0.00,4.58,-7.32,-0.59,3,7,57,29, 0.0000000, 0.0000000, 0.00, 0.00
46013,-0.01,-0.27,9.53,1.00,-0.01,-0.00,0.00,-0.02,1.41,0.08,10.59,0.00,0,2,1002.84,34.93,93.17,1002.85,31.30,92.01,0.64,1002.22,32.76,98.08,-0.03,0.24,108.46,300.59,7968,0.77,1.28,9.55,1.00,0.06,-0.04,-0.00,4.58,-7.32,-0.59,3,7,57,29, 0.0000000, 0.0000000, 0.00, 0.00
46066,-0.02,-0.26,9.53,1.00,-0.01,-0.00,0.00,-0.02,1.41,0.08,10.59,0.00,0,2,1002.85,34.94,93.13,1002.85,31.29,92.02,0.64,1002.22,32.74,98.08,-0.03,0.24,108.46,300.59,7968,0.80,1.20,9.52,1.00,0.06,-0.04,-0.00,4.58,-7.32,-0.59,3,7,57,29, 0.0000000, 0.0000000, 0.00, 0.00
46119,-0.03,-0.25,9.47,1.00,-0.01,-0.00,0.00,-0.02,1.41,0.08,10.59,0.00,0,2,1002.85,34.93,93.12,1002.85,31.29,92.00,0.64,1002.22,32.75,98.09,-0.03,0.24,108.19,300.59,7969,0.79,1.14,9.52,1.00,0.06,-0.04,-0.00,4.58,-7.32,-0.59,3,7,57,29, 0.0000000, 0.0000000, 0.00, 0.00
46175,-0.08,-0.24,9.48,1.00,-0.01,-0.00,0.00,-0.02,1.41,0.08,10.57,0.00,0,2,1002.85,34.92,93.11,1002.85,31.30,92.05,0.64,1002.22,32.75,98.05,-0.03,0.24,107.93,300.59,7969,0.74,1.14,9.48,1.00,0.06,-0.04,-0.00,4.58,-7.32,-0.59,3,7,57,29, 0.0000000, 0.0000000, 0.00, 0.00
46227,-0.08,-0.28,9.55,1.00,-0.01,-0.00,0.00,-0.02,1.41,0.08,10.57,0.00,0,2,1002.85,34.92,93.13,1002.85,31.31,92.01,0.64,1002.22,32.75,98.07,-0.03,0.24,107.84,300.59,7969,0.77,1.18,9.56,1.00,0.06,-0.04,-0.00,4.58,-7.32,-0.59,3,7,57,29, 0.0000000, 0.0000000, 0.00, 0.00
46285,0.02,-0.24,9.61,1.00,-0.01,-0.00,0.00,-0.02,1.41,0.08,10.57,0.00,0,2,1002.85,34.92,93.09,1002.85,31.29,92.04,0.64,1002.22,32.77,98.06,-0.03,0.24,107.93,300.59,7969,0.67,1.36,9.62,1.00,0.06,-0.04,-0.00,4.58,-7.32,-0.59,3,7,57,29, 0.0000000, 0.0000000, 0.00, 0.00
46340,0.00,-0.24,9.50,1.00,-0.01,-0.00,0.00,-0.02,1.41,0.08,10.58,0.00,0,2,1002.85,34.92,93.12,1002.85,31.31,92.00,0.64,1002.22,32.75,98.09,-0.03,0.24,108.02,300.59,7968,0.69,1.23,9.60,1.00,0.06,-0.04,-0.00,4.58,-7.32,-0.59,3,7,57,29, 0.0000000, 0.0000000, 0.00, 0.00
46396,-0.06,-0.22,9.48,1.00,-0.01,-0.00,0.00,-0.01,1.41,0.08,10.59,0.00,0,2,1002.85,34.92,93.13,1002.85,31.29,92.00,0.64,1002.22,32.76,98.10,-0.03,0.24,108.46,300.59,7969,0.80,1.09,9.45,1.00,0.06,-0.04,-0.00,4.58,-7.32,-0.59,3,7,57,29, 0.0000000, 0.0000000, 0.00, 0.00
46451,0.00,-0.29,9.57,1.00,-0.01,-0.00,0.00,-0.01,1.41,0.08,10.60,0.00,0,2,1002.85,34.93,93.14,1002.85,31.31,92.01,0.64,1002.22,32.76,98.10,-0.03,0.24,108.46,300.59,7968,0.79,1.41,9.63,1.00,0.06,-0.04,-0.00,4.58,-7.32,-0.59,3,7,57,29, 0.0000000, 0.0000000, 0.00, 0.00
46505,-0.02,-0.22,9.43,1.00,-0.01,-0.00,0.00,-0.01,1.41,0.08,10.60,0.00,0,2,1002.84,34.92,93.16,1002.85,31.30,92.02,0.64,1002.22,32.77,98.11,-0.03,0.24,108.46,300.59,7969,0.77,1.00,9.46,1.00,0.06,-0.04,-0.00,4.58,-7.32,-0.59,3,7,57,29, 0.0000000, 0.0000000, 0.00, 0.00
46563,-0.02,-0.26,9.56,1.00,-0.01,-0.00,0.00,-0.01,1.41,0.08,10.61,0.00,0,2,1002.85,34.93,93.14,1002.85,31.30,92.01,0.64,1002.22,32.76,98.10,-0.05,0.29,108.54,300.59,7969,0.74,1.24,9.51,1.00,0.06,-0.04,-0.00,4.58,-7.32,-0.59,3,7,57,29, 0.0000000, 0.0000000, 0.00, 0.00
46616,0.00,-0.29,9.39,1.00,-0.01,0.00,0.00,0.00,1.42,0.08,10.61,0.00,0,2,1002.85,34.93,93.15,1002.85,31.31,91.98,0.64,1002.22,32.76,98.12,-0.03,0.24,108.54,300.59,7968,0.75,1.32,9.54,1.00,0.06,-0.04,-0.00,4.58,-7.32,-0.59,3,7,57,29, 0.0000000, 0.0000000, 0.00, 0.00
46667,-0.07,-0.31,9.38,1.00,-0.01,0.00,0.00,0.02,1.43,0.08,10.61,0.00,0,2,1002.84,34.92,93.17,1002.85,31.31,92.03,0.64,1002.22,32.76,98.12,-0.03,0.24,108.72,300.59,7967,0.74,1.14,9.55,1.00,0.06,-0.04,-0.00,4.58,-7.32,-0.59,3,7,57,29, 0.0000000, 0.0000000, 0.00, 0.00
46724,-0.02,-0.25,9.57,1.00,-0.01,0.00,0.00,0.02,1.43,0.08,10.60,0.00,0,2,1002.85,34.93,93.12,1002.85,31.32,91.97,0.64,1002.22,32.76,98.10,-0.03,0.24,108.72,300.59,7965,0.83,1.21,9.52,1.00,0.06,-0.04,-0.00,4.58,-7.32,-0.59,3,7,57,29, 0.0000000, 0.0000000, 0.00, 0.00
46776,0.00,-0.19,9.66,1.00,-0.01,0.00,0.00,0.00,1.41,0.08,10.60,0.00,0,2,1002.85,34.92,93.12,1002.85,31.31,92.04,0.64,1002.22,32.76,98.10,-0.03,0.24,108.72,300.59,7959,0.80,1.22,9.53,1.00,0.06,-0.04,-0.00,4.58,-7.32,-0.59,3,7,57,29, 0.0000000, 0.0000000, 0.00, 0.00
46834,-0.08,-0.26,9.39,1.00,-0.01,-0.00,0.00,-0.01,1.43,0.08,10.60,0.00,0,2,1002.85,34.93,93.15,1002.85,31.30,92.00,0.64,1002.22,32.77,98.12,-0.05,0.29,108.72,300.59,7951,0.80,1.30,9.56,1.00,0.06,-0.04,-0.00,4.58,-7.32,-0.59,3,7,57,29, 0.0000000, 0.0000000, 0.00, 0.00
46886,0.01,-0.21,9.52,1.00,-0.01,-0.00,0.00,-0.02,1.41,0.08,10.61,0.00,0,2,1002.85,34.93,93.15,1002.85,31.31,91.99,0.63,1002.22,32.77,98.07,-0.02,0.17,108.90,300.59,7939,0.75,1.32,9.57,1.00,0.06,-0.04,-0.00,4.58,-7.32,-0.59,3,7,57,29, 0.0000000, 0.0000000, 0.00, 0.00
46943,-0.01,-0.23,9.57,1.00,-0.01,-0.00,0.00,-0.02,1.41,0.08,10.60,0.00,0,2,1002.85,34.94,93.11,1002.85,31.31,92.01,0.64,1002.22,32.75,98.11,-0.02,0.17,108.90,300.59,7931,0.81,1.25,9.52,1.00,0.06,-0.04,-0.00,4.58,-7.32,-0.59,3,7,58,29, 0.0000000, 0.0000000, 0.00, 0.00
46996,-0.07,-0.23,9.54,1.00,-0.01,-0.00,0.00,-0.02,1.41,0.08,10.59,0.00,0,2,1002.85,34.92,93.12,1002.85,31.31,92.01,0.65,1002.22,32.76,98.07,-0.02,0.17,108.98,300.59,7920,0.98,1.42,9.56,1.00,0.06,-0.04,-0.00,4.58,-7.32,-0.59,3,7,58,29, 0.0000000, 0.0000000, 0.00, 0.00
47054,0.04,-0.14,9.71,1.00,-0.01,-0.00,0.00,-0.03,1.39,0.08,10.59,0.00,0,2,1002.85,34.94,93.13,1002.85,31.31,91.99,0.64,1002.22,32.77,98.08,-0.03,0.24,108.98,300.59,7905,0.62,0.83,9.48,1.00,0.06,-0.04,-0.00,4.58,-7.32,-0.59,3,7,58,29, 0.0000000, 0.0000000, 0.00, 0.00
47112,-0.05,-0.20,9.54,1.00,-0.01,-0.00,0.00,-0.03,1.39,0.08,10.59,0.00,0,2,1002.84,34.93,93.15,1002.85,31.31,91.99,0.64,1002.22,32.76,98.10,-0.03,0.24,108.63,300.59,7885,0.67,1.01,9.51,1.00,0.06,-0.04,-0.00,4.58,-7.32,-0.59,3,7,58,29, 0.0000000, 0.0000000, 0.00, 0.00
47163,-0.02,-0.15,9.51,1.00,-0.01,-0.00,0.00,-0.04,1.38,0.08,10.60,0.00,0,2,1002.85,34.94,93.13,1002.85,31.32,92.02,0.64,1002.22,32.77,98.08,-0.03,0.24,108.72,300.59,7870,0.70,1.35,9.59,1.00,0.06,-0.04,-0.00,4.58,-7.32,-0.58,3,7,58,29, 0.0000000, 0.0000000, 0.00, 0.00
47222,0.01,-0.22,9.45,1.00,-0.01,-0.00,0.00,-0.04,1.39,0.08,10.60,0.00,0,2,1002.85,34.93,93.15,1002.85,31.32,92.00,0.64,1002.22,32.76,98.10,-0.03,0.24,108.63,300.59,7863,0.67,1.49,9.61,1.00,0.06,-0.04,-0.00,4.58,-7.34,-0.58,3,7,58,29, 0.0000000, 0.0000000, 0.00, 0.00
47274,0.02,-0.25,9.54,1.00,-0.01,-0.00,0.00,-0.04,1.42,0.08,10.60,0.00,0,2,1002.84,34.93,93.15,1002.85,31.30,92.03,0.64,1002.22,32.76,98.06,-0.03,0.24,108.72,300.59,7857,0.69,1.19,9.54,1.00,0.06,-0.04,-0.00,4.58,-7.34,-0.58,3,7,58,29, 0.0000000, 0.0000000, 0.00, 0.00
47327,-0.15,-0.10,9.58,1.00,-0.01,-0.00,0.00,-0.04,1.40,0.08,10.59,0.00,0,2,1002.85,34.93,93.12,1002.86,31.32,91.95,0.64,1002.22,32.77,98.09,-0.03,0.24,108.72,300.59,7848,0.88,1.76,9.77,1.00,0.06,-0.04,-0.00,4.58,-7.34,-0.58,3,7,58,29, 0.0000000, 0.0000000, 0.00, 0.00
47384,0.00,-0.21,9.60,1.00,-0.01,-0.00,0.00,-0.03,1.39,0.08,10.60,0.00,0,2,1002.85,34.93,93.15,1002.85,31.31,92.03,0.64,1002.22,32.75,98.09,-0.03,0.24,108.90,300.59,7843,0.77,2.09,9.86,1.00,0.06,-0.04,-0.00,4.58,-7.34,-0.58,3,7,58,29, 0.0000000, 0.0000000, 0.00, 0.00
47441,0.01,-0.29,9.58,1.00,-0.01,-0.00,0.00,-0.03,1.41,0.08,10.59,0.00,0,2,1002.85,34.92,93.13,1002.85,31.32,92.00,0.64,1002.22,32.76,98.06,-0.03,0.24,108.81,300.59,7829,0.74,1.01,9.41,1.00,0.06,-0.04,-0.00,4.58,-7.32,-0.59,3,7,58,29, 0.0000000, 0.0000000, 0.00, 0.00
47494,-0.03,-0.17,9.66,1.00,-0.01,-0.00,0.00,-0.02,1.41,0.08,10.61,0.00,0,2,1002.84,34.93,93.15,1002.85,31.32,92.05,0.64,1002.22,32.75,98.12,-0.05,0.29,108.81,300.59,7824,0.56,0.80,9.45,1.00,0.06,-0.04,-0.00,4.58,-7.32,-0.59,3,7,58,29, 0.0000000, 0.0000000, 0.00, 0.00
47551,0.00,-0.27,9.56,1.00,-0.01,0.00,0.00,0.01,1.43,0.08,10.61,0.00,0,2,1002.85,34.93,93.15,1002.85,31.32,92.01,0.64,1002.22,32.75,98.09,-0.03,0.24,108.81,300.59,7823,0.75,1.55,9.63,1.00,0.06,-0.04,-0.00,4.58,-7.32,-0.59,3,7,58,29, 0.0000000, 0.0000000, 0.00, 0.00
47605,0.01,-0.25,9.55,1.00,-0.01,0.00,0.00,0.07,1.50,0.08,10.62,0.00,0,2,1002.85,34.93,93.15,1002.85,31.32,92.04,0.64,1002.22,32.75,98.12,-0.03,0.24,108.90,300.59,7824,0.81,1.40,9.57,1.00,0.06,-0.04,-0.00,4.58,-7.32,-0.59,3,7,58,29, 0.0000000, 0.0000000, 0.00, 0.00
47662,0.04,-0.28,9.70,1.00,-0.01,0.00,0.00,0.16,1.58,0.07,10.62,0.00,0,2,1002.84,34.92,93.16,1002.85,31.31,92.03,0.64,1002.21,32.76,98.14,-0.03,0.24,109.25,300.59,7839,0.76,1.11,9.48,1.00,0.06,-0.04,-0.00,4.58,-7.32,-0.59,3,7,58,29, 0.0000000, 0.0000000, 0.00, 0.00
47714,-0.12,-0.72,9.16,1.00,-0.02,0.00,0.00,0.42,1.90,0.07,10.61,0.00,0,2,1002.84,34.92,93.15,1002.85,31.32,92.01,0.64,1002.21,32.76,98.14,-0.05,0.29,109.78,300.50,7839,0.76,1.42,9.60,1.00,0.06,-0.04,-0.00,4.58,-7.32,-0.59,3,7,58,29, 0.0000000, 0.0000000, 0.00, 0.00
47771,-0.18,-0.55,9.36,1.00,-0.02,0.00,0.00,0.47,1.92,0.07,10.61,0.00,0,2,1002.85,34.94,93.11,1002.85,31.32,92.00,0.64,1002.21,32.77,98.15,-0.03,0.24,110.13,300.41,7839,0.79,1.62,9.63,1.00,0.06,-0.04,-0.00,4.58,-7.32,-0.59,3,7,58,29, 0.0000000, 0.0000000, 0.00, 0.00
47823,-0.11,-0.44,9.47,1.00,-0.02,0.00,0.00,0.50,1.94,0.07,10.61,0.00,0,2,1002.85,34.93,93.15,1002.85,31.32,92.04,0.64,1002.21,32.76,98.14,-0.03,0.24,110.83,300.32,7839,0.83,1.42,9.57,1.00,0.06,-0.04,-0.00,4.58,-7.30,-0.59,3,7,58,29, 0.0000000, 0.0000000, 0.00, 0.00
47877,-0.06,-0.51,9.50,1.00,-0.02,0.00,0.00,0.50,1.94,0.07,10.61,0.00,0,2,1002.85,34.93,93.14,1002.85,31.31,92.01,0.64,1002.21,32.76,98.14,-0.03,0.24,111.27,300.32,7839,0.78,1.28,9.55,1.00,0.06,-0.04,-0.00,4.58,-7.30,-0.59,3,7,58,29, 0.0000000, 0.0000000, 0.00, 0.00
47933,-0.07,-0.50,9.50,1.00,-0.02,0.00,0.00,0.50,1.96,0.07,10.61,0.00,0,2,1002.85,34.93,93.12,1002.85,31.33,92.00,0.64,1002.22,32.75,98.12,-0.03,0.24,111.45,300.32,7840,0.72,1.17,9.51,1.00,0.06,-0.04,-0.00,4.58,-7.30,-0.59,3,7,59,29, 0.0000000, 0.0000000, 0.00, 0.00
47990,-0.05,-0.51,9.53,1.00,-0.02,0.00,0.00,0.49,1.98,0.07,10.60,0.00,0,2,1002.85,34.94,93.14,1002.85,31.33,92.00,0.64,1002.22,32.76,98.10,-0.03,0.24,111.53,300.32,7840,0.75,1.08,9.47,1.00,0.06,-0.04,-0.00,4.58,-7.30,-0.59,3,7,59,29, 0.0000000, 0.0000000, 0.00, 0.00
48043,-0.05,-0.49,9.50,1.00,-0.02,0.00,0.00,0.49,2.01,0.07,10.60,0.00,0,2,1002.85,34.94,93.15,1002.85,31.32,92.02,0.64,1002.21,32.76,98.15,-0.03,0.24,111.45,300.32,7840,0.74,1.46,9.59,1.00,0.06,-0.04,-0.00,4.58,-7.30,-0.59,3,7,59,29, 0.0000000, 0.0000000, 0.00, 0.00
48100,-0.08,-0.50,9.51,1.00,-0.02,0.00,0.00,0.48,2.04,0.07,10.60,0.00,0,2,1002.85,34.93,93.15,1002.85,31.32,92.04,0.64,1002.22,32.75,98.13,-0.03,0.24,111.53,300.32,7840,0.74,1.47,9.59,1.00,0.06,-0.04,-0.00,4.58,-7.30,-0.59,3,7,59,29, 0.0000000, 0.0000000, 0.00, 0.00
48154,-0.07,-0.50,9.53,1.00,-0.02,0.00,0.00,0.48,2.07,0.07,10.61,0.00,0,2,1002.85,34.93,93.12,1002.85,31.32,92.01,0.64,1002.21,32.76,98.15,-0.03,0.24,111.27,300.41,7839,0.71,0.96,9.49,1.00,0.06,-0.04,-0.00,4.58,-7.30,-0.59,3,7,59,29, 0.0000000, 0.0000000, 0.00, 0.00
48205,-0.11,-0.50,9.55,1.00,-0.02,0.00,0.00,0.48,2.09,0.07,10.61,0.00,0,2,1002.85,34.93,93.13,1002.85,31.33,92.01,0.64,1002.22,32.76,98.12,-0.03,0.24,111.09,300.41,7839,0.81,1.30,9.56,1.00,0.06,-0.04,-0.00,4.58,-7.30,-0.59,3,7,59,29, 0.0000000, 0.0000000, 0.00, 0.00
48261,-0.13,-0.52,9.55,1.00,-0.02,0.00,0.00,0.49,2.12,0.07,10.60,0.00,0,2,1002.85,34.93,93.14,1002.85,31.33,91.99,0.64,1002.22,32.75,98.12,-0.05,0.29,112.32,300.41,7839,0.86,1.47,9.67,1.00,0.06,-0.04,-0.00,4.58,-7.30,-0.59,3,7,59,29, 0.0000000, 0.0000000, 0.00, 0.00
48314,-0.10,-0.48,9.54,1.00,-0.02,0.00,0.00,0.49,2.14,0.07,10.59,0.00,0,2,1002.85,34.94,93.14,1002.85,31.32,92.01,0.64,1002.21,32.75,98.14,-0.02,0.17,113.29,300.41,7839,0.81,1.44,9.58,1.00,0.06,-0.04,-0.00,4.58,-7.29,-0.59,3,7,59,29, 0.0000000, 0.0000000, 0.00, 0.00
48365,-0.10,-0.50,9.56,1.00,-0.02,0.00,0.00,0.50,2.15,0.07,10.59,0.00,0,2,1002.85,34.94,93.09,1002.85,31.30,92.01,0.64,1002.22,32.76,98.08,-0.05,0.29,115.49,300.32,7838,0.74,1.11,9.53,1.00,0.06,-0.04,-0.00,4.58,-7.29,-0.59,3,7,59,29, 0.0000000, 0.0000000, 0.00, 0.00
48421,-0.07,-0.52,9.58,1.00,-0.02,0.00,0.00,0.50,2.18,0.07,10.60,0.00,0,2,1002.85,34.94,93.14,1002.86,31.32,92.01,0.64,1002.21,32.76,98.16,-0.03,0.24,116.10,300.32,7839,0.68,1.30,9.62,1.00,0.06,-0.04,-0.00,4.58,-7.29,-0.59,3,7,59,29, 0.0000000, 0.0000000, 0.00, 0.00
48474,-0.11,-0.48,9.52,1.00,-0.02,0.00,0.00,0.50,2.19,0.07,10.59,0.00,0,2,1002.85,34.94,93.11,1002.85,31.32,92.00,0.64,1002.22,32.76,98.12,-0.03,0.24,116.10,300.32,7840,0.68,1.04,9.48,1.00,0.06,-0.04,-0.00,4.58,-7.29,-0.59,3,7,59,29, 0.0000000, 0.0000000, 0.00, 0.00
48532,-0.11,-0.54,9.52,1.00,-0.02,0.00,0.00,0.50,2.21,0.07,10.60,0.00,0,2,1002.85,34.96,93.15,1002.86,31.32,91.97,0.64,1002.22,32.76,98.10,-0.05,0.29,115.40,300.32,7839,0.72,0.92,9.40,1.00,0.06,-0.04,-0.00,4.58,-7.29,-0.59,3,7,59,29, 0.0000000, 0.0000000, 0.00, 0.00
48589,-0.08,-0.53,9.54,1.00,-0.02,0.00,0.00,0.50,2.24,0.07,10.59,0.00,0,2,1002.85,34.94,93.15,1002.85,31.32,92.00,0.64,1002.22,32.76,98.13,-0.02,0.17,115.40,300.32,7839,0.82,1.30,9.53,1.00,0.06,-0.04,-0.00,4.58,-7.29,-0.59,3,7,59,29, 0.0000000, 0.0000000, 0.00, 0.00
48642,-0.10,-0.49,9.53,1.00,-0.02,0.00,0.00,0.51,2.27,0.07,10.61,0.00,0,2,1002.84,34.94,93.16,1002.85,31.32,92.00,0.64,1002.22,32.77,98.13,-0.03,0.24,115.14,300.32,7840,0.77,1.02,9.47,1.00,0.06,-0.04,-0.00,4.58,-7.29,-0.59,3,7,59,29, 0.0000000, 0.0000000, 0.00, 0.00
48695,-0.10,-0.49,9.53,1.00,-0.02,0.00,0.00,0.52,2.27,0.07,10.61,0.00,0,2,1002.85,34.95,93.13,1002.85,31.33,91.98,0.64,1002.22,32.76,98.08,-0.02,0.17,115.66,300.32,7839,0.73,1.02,9.51,1.00,0.06,-0.04,-0.00,4.58,-7.29,-0.59,3,7,59,29, 0.0000000, 0.0000000, 0.00, 0.00
48751,-0.07,-0.50,9.55,1.00,-0.02,0.00,0.00,0.52,2.29,0.07,10.61,0.00,0,2,1002.85,34.94,93.14,1002.86,31.34,91.97,0.64,1002.21,32.76,98.17,-0.03,0.24,115.93,300.32,7840,0.79,1.31,9.57,1.00,0.06,-0.04,-0.00,4.58,-7.29,-0.59,3,7,59,29, 0.0000000, 0.0000000, 0.00, 0.00
48804,-0.10,-0.49,9.53,1.00,-0.02,0.00,0.00,0.52,2.30,0.07,10.61,0.00,0,2,1002.84,34.94,93.17,1002.86,31.33,91.97,0.65,1002.21,32.75,98.14,-0.02,0.17,116.37,300.32,7839,0.82,1.34,9.55,1.00,0.06,-0.04,-0.00,4.58,-7.29,-0.59,3,7,59,29, 0.0000000, 0.0000000, 0.00, 0.00
48861,-0.10,-0.49,9.50,1.00,-0.02,0.00,0.00,0.52,2.32,0.07,10.61,0.00,0,2,1002.85,34.96,93.15,1002.85,31.33,92.00,0.64,1002.21,32.76,98.15,-0.02,0.17,116.02,300.32,7839,0.75,1.14,9.51,1.00,0.06,-0.04,-0.00,4.58,-7.29,-0.59,3,7,59,29, 0.0000000, 0.0000000, 0.00, 0.00
48913,-0.08,-0.50,9.53,1.00,-0.02,0.00,0.00,0.52,2.32,0.07,10.61,0.00,0,2,1002.85,34.95,93.15,1002.85,31.33,92.00,0.64,1002.21,32.76,98.17,-0.03,0.24,116.19,300.32,7839,0.70,1.07,9.49,1.00,0.06,-0.04,-0.00,4.58,-7.29,-0.59,3,7,59,29, 0.0000000, 0.0000000, 0.00, 0.00
48970,-0.11,-0.53,9.50,1.00,-0.02,0.00,0.00,0.52,2.34,0.07,10.61,0.00,0,2,1002.84,34.95,93.17,1002.85,31.34,92.00,0.64,1002.22,32.75,98.13,-0.02,0.17,116.63,300.32,7838,0.80,1.42,9.59,1.00,0.06,-0.04,-0.00,4.58,-7.29,-0.59,3,7,59,29, 0.0000000, 0.0000000, 0.00, 0.00
49022,-0.08,-0.53,9.51,1.00,-0.02,0.00,0.00,0.52,2.36,0.07,10.62,0.00,0,2,1002.84,34.95,93.17,1002.85,31.34,91.99,0.64,1002.22,32.77,98.12,-0.05,0.29,118.04,300.32,7839,0.78,1.45,9.59,1.00,0.06,-0.04,-0.00,4.58,-7.29,-0.59,3,7,59,29, 0.0000000, 0.0000000, 0.00, 0.00
49076,-0.07,-0.49,9.52,1.00,-0.02,0.00,0.00,0.52,2.36,0.07,10.61,0.00,0,2,1002.84,34.95,93.17,1002.86,31.34,91.97,0.64,1002.20,32.77,98.28,-0.03,0.24,119.00,300.32,7839,0.77,1.28,9.57,1.00,0.06,-0.04,-0.00,4.58,-7.29,-0.59,3,7,59,29, 0.0000000, 0.0000000, 0.00, 0.00
49131,-0.08,-0.46,9.55,1.00,-0.02,0.00,0.00,0.52,2.36,0.07,10.61,0.00,0,2,1002.85,34.96,93.15,1002.86,31.34,91.97,0.64,1002.21,32.76,98.19,-0.03,0.24,120.15,300.32,7839,0.72,1.16,9.57,1.00,0.06,-0.04,-0.00,4.58,-7.29,-0.59,3,7,59,29, 0.0000000, 0.0000000, 0.00, 0.00
49184,-0.11,-0.47,9.54,1.00,-0.02,0.00,0.00,0.52,2.36,0.07,10.60,0.00,0,2,1002.85,34.97,93.13,1002.85,31.34,91.96,0.64,1002.21,32.76,98.14,-0.03,0.24,120.76,300.32,7839,0.81,1.22,9.54,1.00,0.06,-0.04,-0.00,4.58,-7.29,-0.59,3,7,59,29, 0.0000000, 0.0000000, 0.00, 0.00
49241,-0.08,-0.50,9.50,1.00,-0.02,0.00,0.00,0.52,2.36,0.07,10.60,0.00,0,2,1002.84,34.97,93.17,1002.86,31.34,91.97,0.63,1002.21,32.76,98.21,-0.03,0.24,121.03,300.32,7839,0.79,1.32,9.55,1.00,0.06,-0.04,-0.00,4.58,-7.29,-0.59,3,7,59,29, 0.0000000, 0.0000000, 0.00, 0.00
49294,-0.07,-0.51,9.54,1.00,-0.02,0.00,0.00,0.52,2.36,0.07,10.60,0.00,0,2,1002.85,34.97,93.13,1002.85,31.34,91.99,0.63,1002.21,32.75,98.16,-0.03,0.24,121.03,300.32,7840,0.71,1.36,9.58,1.00,0.06,-0.04,-0.00,4.58,-7.29,-0.59,3,7,59,29, 0.0000000, 0.0000000, 0.00, 0.00
49350,-0.05,-0.51,9.58,1.00,-0.02,0.00,0.00,0.52,2.36,0.07,10.60,0.00,0,2,1002.85,34.97,93.14,1002.85,31.34,92.01,0.64,1002.21,32.76,98.14,-0.03,0.24,120.59,300.32,7839,0.70,1.14,9.49,1.00,0.06,-0.04,-0.00,4.58,-7.29,-0.59,3,7,59,29, 0.0000000, 0.0000000, 0.00, 0.00
49403,-0.09,-0.51,9.51,1.00,-0.02,0.00,0.00,0.52,2.36,0.07,10.60,0.00,0,2,1002.84,34.96,93.18,1002.86,31.35,92.01,0.64,1002.22,32.77,98.13,-0.02,0.17,118.74,300.32,7840,0.73,1.11,9.49,1.00,0.06,-0.04,-0.00,4.58,-7.29,-0.59,3,8,0,29, 0.0000000, 0.0000000, 0.00, 0.00
49459,-0.10,-0.51,9.55,1.00,-0.02,0.00,0.00,0.52,2.36,0.07,10.60,0.00,0,2,1002.85,34.97,93.13,1002.86,31.34,91.99,0.64,1002.21,32.77,98.14,-0.03,0.24,117.69,300.32,7839,0.79,1.38,9.61,1.00,0.06,-0.04,-0.00,4.58,-7.29,-0.59,3,8,0,29, 0.0000000, 0.0000000, 0.00, 0.00
49512,-0.11,-0.46,9.53,1.00,-0.02,0.00,0.00,0.52,2.36,0.07,10.61,0.00,0,2,1002.84,34.96,93.22,1002.85,31.35,91.99,0.64,1002.21,32.77,98.18,-0.03,0.24,117.42,300.32,7840,0.79,1.32,9.55,1.00,0.06,-0.04,-0.00,4.58,-7.29,-0.59,3,8,0,29, 0.0000000, 0.0000000, 0.00, 0.00
49563,-0.11,-0.51,9.53,1.00,-0.02,0.00,0.00,0.52,2.36,0.07,10.63,0.00,0,2,1002.84,34.97,93.20,1002.85,31.33,92.01,0.66,1002.20,32.77,98.25,-0.02,0.17,117.07,300.32,7840,0.75,1.14,9.51,1.00,0.06,-0.04,-0.00,4.58,-7.29,-0.59,3,8,0,29, 0.0000000, 0.0000000, 0.00, 0.00
49620,-0.09,-0.51,9.54,1.00,-0.02,0.00,0.00,0.52,2.36,0.07,10.64,0.00,0,2,1002.84,34.97,93.17,1002.86,31.34,92.00,0.66,1002.21,32.77,98.20,-0.05,0.29,117.07,300.32,7839,0.75,1.30,9.56,1.00,0.06,-0.04,-0.00,4.58,-7.29,-0.59,3,8,0,29, 0.0000000, 0.0000000, 0.00, 0.00
49673,-0.11,-0.49,9.53,1.00,-0.02,0.00,0.00,0.52,2.36,0.07,10.63,0.00,0,2,1002.85,34.99,93.17,1002.85,31.34,91.99,0.66,1002.21,32.77,98.23,-0.02,0.17,117.07,300.32,7840,0.75,1.25,9.55,1.00,0.06,-0.04,-0.00,4.58,-7.29,-0.59,3,8,0,29, 0.0000000, 0.0000000, 0.00, 0.00
49730,-0.07,-0.49,9.54,1.00,-0.02,0.00,0.00,0.52,2.36,0.07,10.63,0.00,0,2,1002.84,34.96,93.18,1002.85,31.34,91.99,0.64,1002.20,32.77,98.25,-0.03,0.24,116.98,300.32,7839,0.75,1.20,9.56,1.00,0.06,-0.04,-0.00,4.58,-7.29,-0.59,3,8,0,29, 0.0000000, 0.0000000, 0.00, 0.00
49782,-0.18,-0.59,9.02,1.00,-0.02,0.00,0.00,0.52,2.36,0.07,10.63,0.00,0,2,1002.84,34.95,93.22,1002.85,31.34,91.99,0.64,1002.21,32.77,98.20,-0.03,0.24,118.30,300.32,7839,0.68,1.13,9.51,1.00,0.06,-0.04,-0.00,4.58,-7.29,-0.59,3,8,0,29, 0.0000000, 0.0000000, 0.00, 0.00
49839,0.00,-0.45,9.63,1.00,-0.02,0.00,0.00,0.51,2.35,0.07,10.63,0.00,0,2,1002.84,34.96,93.19,1002.86,31.33,91.96,0.63,1002.21,32.77,98.18,-0.03,0.24,119.00,300.32,7840,0.75,1.26,9.52,1.00,0.06,-0.04,-0.00,4.58,-7.29,-0.59,3,8,0,29, 0.0000000, 0.0000000, 0.00, 0.00
49896,-0.17,-0.60,9.31,1.00,-0.02,0.00,0.00,0.53,2.38,0.07,10.63,0.00,0,2,1002.84,34.96,93.21,1002.86,31.33,91.97,0.63,1002.21,32.76,98.19,-0.05,0.29,118.74,300.32,7839,0.78,1.42,9.56,1.00,0.06,-0.04,-0.00,4.58,-7.29,-0.59,3,8,0,29, 0.0000000, 0.0000000, 0.00, 0.00
49951,-0.13,-0.53,9.42,1.00,-0.02,0.00,0.00,0.53,2.41,0.07,10.62,0.00,0,2,1002.84,34.97,93.17,1002.85,31.33,92.00,0.63,1002.21,32.76,98.19,-0.03,0.24,118.30,300.32,7840,0.79,1.12,9.51,1.00,0.06,-0.04,-0.00,4.58,-7.29,-0.59,3,8,1,29, 0.0000000, 0.0000000, 0.00, 0.00
50008,-0.09,-0.45,9.57,1.00,-0.02,0.00,0.00,0.53,2.42,0.07,10.61,0.00,0,2,1002.84,34.96,93.18,1002.86,31.34,91.97,0.63,1002.21,32.77,98.15,-0.02,0.17,118.39,300.32,7839,0.75,1.12,9.52,1.00,0.06,-0.04,-0.00,4.58,-7.29,-0.59,3,8,1,29, 0.0000000, 0.0000000, 0.00, 0.00
50060,-0.03,-0.22,10.05,1.00,-0.02,0.00,0.00,0.41,2.27,0.07,10.60,0.00,0,2,1002.84,34.96,93.20,1002.85,31.34,91.99,0.63,1002.22,32.78,98.12,-0.03,0.24,119.97,300.32,7838,0.87,1.29,9.59,1.00,0.06,-0.04,-0.00,4.58,-7.29,-0.59,3,8,1,29, 0.0000000, 0.0000000, 0.00, 0.00
50118,-0.01,-0.48,9.48,1.00,-0.02,0.00,0.00,0.46,2.34,0.07,10.61,0.00,0,2,1002.84,34.96,93.18,1002.85,31.33,92.03,0.63,1002.22,32.77,98.13,-0.03,0.24,121.03,300.32,7839,0.65,1.15,9.53,1.00,0.06,-0.04,-0.00,4.58,-7.29,-0.59,3,8,1,29, 0.0000000, 0.0000000, 0.00, 0.00
50170,-0.05,-0.42,9.44,1.00,-0.02,0.00,0.00,0.48,2.37,0.07,10.62,0.00,0,2,1002.84,34.95,93.20,1002.85,31.33,92.03,0.63,1002.21,32.77,98.14,-0.03,0.24,119.44,300.32,7838,0.56,0.88,9.45,1.00,0.06,-0.04,-0.00,4.58,-7.29,-0.59,3,8,1,29, 0.0000000, 0.0000000, 0.00, 0.00
50226,0.00,-0.39,9.71,1.00,-0.02,0.00,0.00,0.45,2.36,0.07,10.61,0.00,0,2,1002.84,34.96,93.18,1002.85,31.34,92.01,0.63,1002.21,32.77,98.14,-0.03,0.24,116.81,300.32,7838,0.80,1.55,9.67,1.00,0.06,-0.04,-0.00,4.58,-7.30,-0.59,3,8,1,29, 0.0000000, 0.0000000, 0.00, 0.00
50281,-0.04,-0.40,9.73,1.00,-0.02,0.00,0.00,0.48,2.39,0.07,10.62,0.00,0,2,1002.84,34.94,93.20,1002.85,31.33,91.98,0.63,1002.21,32.79,98.17,-0.05,0.29,113.73,300.32,7839,0.85,1.01,9.41,1.00,0.06,-0.04,-0.00,4.58,-7.30,-0.59,3,8,1,29, 0.0000000, 0.0000000, 0.00, 0.00
50338,-0.06,-0.55,9.47,1.00,-0.02,0.00,0.00,0.48,2.42,0.07,10.61,0.00,0,2,1002.84,34.95,93.17,1002.85,31.34,91.99,0.63,1002.21,32.76,98.17,-0.03,0.24,111.97,300.32,7839,0.71,1.15,9.51,1.00,0.06,-0.04,-0.00,4.58,-7.30,-0.59,3,8,1,29, 0.0000000, 0.0000000, 0.00, 0.00
50389,0.00,-0.41,9.85,1.00,-0.02,0.00,0.00,0.43,2.38,0.07,10.60,0.00,0,2,1002.84,34.94,93.21,1002.85,31.33,92.00,0.63,1002.21,32.77,98.14,-0.03,0.24,108.63,300.32,7839,0.69,1.34,9.60,1.00,0.06,-0.04,-0.00,4.58,-7.30,-0.59,3,8,1,29, 0.0000000, 0.0000000, 0.00, 0.00
50446,-0.15,-0.56,9.44,1.00,-0.02,0.00,0.00,0.48,2.45,0.07,10.61,0.00,0,2,1002.84,34.95,93.23,1002.85,31.32,92.00,0.63,1002.21,32.77,98.21,-0.05,0.29,108.19,300.32,7839,0.61,1.27,9.55,1.00,0.06,-0.04,-0.00,4.58,-7.30,-0.59,3,8,1,29, 0.0000000, 0.0000000, 0.00, 0.00
50501,-0.10,-0.42,9.53,1.00,-0.02,0.00,0.00,0.44,2.41,0.07,10.61,0.00,0,2,1002.84,34.94,93.21,1002.85,31.34,91.99,0.63,1002.21,32.76,98.22,-0.03,0.24,110.13,300.15,7841,0.63,1.20,9.54,1.00,0.06,-0.04,-0.00,4.58,-7.30,-0.59,3,8,1,29, 0.0000000, 0.0000000, 0.00, 0.00
50558,-0.15,-0.44,9.50,1.00,-0.02,0.00,0.00,0.43,2.40,0.07,10.63,0.00,0,2,1002.84,34.95,93.20,1002.85,31.32,91.99,0.63,1002.21,32.75,98.21,-0.05,0.29,110.83,300.06,7840,0.82,1.06,9.45,1.00,0.06,-0.04,-0.00,4.58,-7.30,-0.59,3,8,1,29, 0.0000000, 0.0000000, 0.00, 0.00
50609,-0.03,-0.47,9.43,1.00,-0.02,0.00,0.00,0.41,2.39,0.07,10.63,0.00,0,2,1002.84,34.94,93.20,1002.85,31.33,92.00,0.63,1002.21,32.78,98.18,-0.03,0.24,113.64,300.06,7840,0.73,1.52,9.61,1.00,0.06,-0.04,-0.00,4.58,-7.30,-0.59,3,8,1,29, 0.0000000, 0.0000000, 0.00, 0.00
50661,0.00,-0.38,9.55,1.00,-0.02,0.00,0.00,0.39,2.36,0.07,10.61,0.00,0,2,1002.84,34.93,93.25,1002.85,31.34,91.99,0.63,1002.21,32.76,98.15,-0.03,0.24,116.89,300.06,7840,0.54,1.05,9.53,1.00,0.06,-0.04,-0.00,4.58,-7.30,-0.59,3,8,1,29, 0.0000000, 0.0000000, 0.00, 0.00
50718,-0.08,-0.36,9.50,1.00,-0.02,0.00,0.00,0.36,2.33,0.07,10.60,0.00,0,2,1002.84,34.94,93.21,1002.85,31.34,91.99,0.63,1002.21,32.75,98.19,-0.05,0.29,118.65,300.15,7842,0.58,1.08,9.50,1.00,0.06,-0.04,-0.00,4.58,-7.30,-0.59,3,8,1,29, 0.0000000, 0.0000000, 0.00, 0.00
50770,-0.03,-0.35,9.54,1.00,-0.02,0.00,0.00,0.33,2.31,0.07,10.60,0.00,0,2,1002.84,34.93,93.19,1002.85,31.34,91.99,0.64,1002.21,32.77,98.20,-0.03,0.24,122.43,300.15,7846,0.66,1.24,9.54,1.00,0.06,-0.04,-0.00,4.58,-7.30,-0.59,3,8,1,29, 0.0000000, 0.0000000, 0.00, 0.00
50825,-0.01,-0.38,9.54,1.00,-0.02,0.00,0.00,0.33,2.28,0.07,10.60,0.00,0,2,1002.84,34.94,93.17,1002.85,31.32,91.99,0.64,1002.21,32.77,98.20,-0.03,0.24,124.54,300.15,7855,0.81,1.10,9.47,1.00,0.06,-0.04,-0.00,4.58,-7.30,-0.59,3,8,1,29, 0.0000000, 0.0000000, 0.00, 0.00
50879,-0.07,-0.37,9.55,1.00,-0.02,0.00,0.00,0.33,2.28,0.07,10.60,0.00,0,2,1002.84,34.93,93.19,1002.85,31.33,92.00,0.64,1002.21,32.76,98.22,-0.03,0.24,123.31,300.15,7861,0.81,1.07,9.43,1.00,0.06,-0.04,-0.00,4.58,-7.30,-0.59,3,8,1,29, 0.0000000, 0.0000000, 0.00, 0.00
50936,-0.07,-0.32,9.52,1.00,-0.02,0.00,0.00,0.33,2.28,0.07,10.60,0.00,0,2,1002.84,34.92,93.21,1002.85,31.33,92.01,0.64,1002.21,32.76,98.20,-0.03,0.24,122.61,300.15,7865,0.90,1.17,9.47,1.00,0.06,-0.04,-0.00,4.58,-7.30,-0.59,3,8,1,29, 0.0000000, 0.0000000, 0.00, 0.00
50990,-0.03,-0.25,9.56,1.00,-0.02,0.00,0.00,0.31,2.25,0.07,10.60,0.00,0,2,1002.84,34.93,93.18,1002.85,31.32,92.00,0.64,1002.21,32.76,98.17,-0.03,0.24,122.43,300.15,7868,0.63,1.20,9.53,1.00,0.06,-0.04,-0.00,4.58,-7.30,-0.59,3,8,1,29, 0.0000000, 0.0000000, 0.00, 0.00
51045,-0.21,-0.39,9.49,1.00,-0.02,0.00,0.00,0.31,2.25,0.07,10.60,0.00,0,2,1002.84,34.93,93.17,1002.85,31.33,92.00,0.64,1002.21,32.77,98.18,-0.03,0.24,123.05,300.15,7871,0.86,1.13,9.49,1.00,0.06,-0.04,-0.00,4.58,-7.30,-0.61,3,8,1,29, 0.0000000, 0.0000000, 0.00, 0.00
51098,-0.25,-0.37,9.53,1.00,-0.02,0.00,0.00,0.31,2.25,0.07,10.59,0.00,0,2,1002.84,34.93,93.19,1002.85,31.32,92.04,0.64,1002.21,32.77,98.18,-0.02,0.17,121.55,300.15,7872,0.85,1.14,9.47,1.00,0.06,-0.04,-0.00,4.58,-7.30,-0.62,3,8,1,29, 0.0000000, 0.0000000, 0.00, 0.00
51151,-0.11,-0.36,9.51,1.00,-0.02,0.00,0.00,0.32,2.25,0.07,10.60,0.00,0,2,1002.84,34.93,93.22,1002.85,31.32,92.02,0.64,1002.21,32.77,98.20,-0.03,0.24,120.76,300.15,7877,0.80,1.12,9.46,1.00,0.06,-0.04,-0.00,4.58,-7.30,-0.62,3,8,1,29, 0.0000000, 0.0000000, 0.00, 0.00
51208,-0.08,-0.28,9.54,1.00,-0.02,0.00,0.00,0.33,2.25,0.07,10.59,0.00,0,2,1002.84,34.93,93.17,1002.85,31.33,92.00,0.64,1002.21,32.77,98.20,-0.03,0.24,119.71,300.15,7879,0.75,1.17,9.54,1.00,0.06,-0.04,-0.00,4.58,-7.30,-0.62,3,8,1,29, 0.0000000, 0.0000000, 0.00, 0.00
51260,-0.11,-0.29,9.45,1.00,-0.02,0.00,0.00,0.33,2.24,0.07,10.60,0.00,0,2,1002.84,34.93,93.19,1002.85,31.32,92.00,0.64,1002.21,32.77,98.16,-0.05,0.29,118.48,300.15,7881,0.76,1.04,9.46,1.00,0.06,-0.04,-0.00,4.58,-7.30,-0.62,3,8,1,29, 0.0000000, 0.0000000, 0.00, 0.00
51318,-0.03,-0.28,9.55,1.00,-0.02,0.00,0.00,0.33,2.23,0.07,10.59,0.00,0,2,1002.84,34.91,93.17,1002.85,31.33,92.01,0.64,1002.21,32.78,98.21,-0.03,0.24,116.72,300.23,7884,0.71,1.15,9.59,1.00,0.06,-0.04,-0.00,4.58,-7.30,-0.62,3,8,1,29, 0.0000000, 0.0000000, 0.00, 0.00
51371,0.00,-0.33,9.46,1.00,-0.02,0.00,0.00,0.33,2.22,0.07,10.60,0.00,0,2,1002.84,34.92,93.16,1002.85,31.32,92.00,0.64,1002.21,32.76,98.21,-0.03,0.24,117.69,300.15,7885,0.67,1.08,9.48,1.00,0.06,-0.04,-0.00,4.58,-7.30,-0.62,3,8,1,29, 0.0000000, 0.0000000, 0.00, 0.00
51427,-0.04,-0.35,9.52,1.00,-0.02,0.00,0.00,0.32,2.22,0.07,10.60,0.00,0,2,1002.84,34.92,93.16,1002.85,31.31,92.01,0.64,1002.21,32.78,98.20,-0.03,0.24,119.09,300.15,7893,0.77,1.24,9.56,1.00,0.06,-0.04,-0.00,4.58,-7.30,-0.62,3,8,1,29, 0.0000000, 0.0000000, 0.00, 0.00
51479,-0.05,-0.29,9.50,1.00,-0.02,0.00,0.00,0.32,2.18,0.07,10.61,0.00,0,2,1002.85,34.92,93.15,1002.85,31.32,92.00,0.64,1002.20,32.76,98.24,-0.02,0.17,118.74,300.15,7903,0.87,1.09,9.48,1.00,0.06,-0.04,-0.00,4.58,-7.30,-0.62,3,8,2,29, 0.0000000, 0.0000000, 0.00, 0.00
51536,0.30,-0.17,9.33,1.00,-0.02,0.00,0.00,0.31,2.17,0.07,10.61,0.00,0,2,1002.84,34.93,93.15,1002.85,31.32,92.00,0.64,1002.21,32.77,98.20,-0.03,0.24,118.04,300.15,7933,0.73,0.89,9.10,1.00,0.06,-0.04,-0.00,4.58,-7.30,-0.62,3,8,2,29, 0.0000000, 0.0000000, 0.00, 0.00
51589,-0.20,-0.47,9.56,1.00,-0.02,0.00,0.00,0.27,2.11,0.07,10.61,0.00,0,2,1002.84,34.90,93.19,1002.85,31.32,92.00,0.64,1002.21,32.77,98.20,-0.03,0.24,117.95,300.23,7938,-0.27,1.56,9.37,1.00,0.06,-0.04,-0.00,4.58,-7.30,-0.58,3,8,2,29, 0.0000000, 0.0000000, 0.00, 0.00
51646,-0.36,-0.40,9.47,1.00,-0.02,0.00,0.00,0.28,2.13,0.07,10.59,0.00,0,2,1002.84,34.91,93.16,1002.85,31.31,92.00,0.64,1002.21,32.77,98.14,-0.05,0.29,117.51,300.23,7939,0.17,1.26,9.45,1.00,0.06,-0.04,-0.00,4.58,-7.30,-0.59,3,8,2,29, 0.0000000, 0.0000000, 0.00, 0.00
51699,-0.02,-0.27,9.47,1.00,-0.02,0.00,0.00,0.30,2.13,0.08,10.59,0.00,0,2,1002.84,34.91,93.16,1002.85,31.32,92.04,0.64,1002.22,32.76,98.13,-0.03,0.24,117.51,300.23,7938,0.45,1.25,9.62,1.00,0.06,-0.04,-0.00,4.58,-7.30,-0.59,3,8,2,29, 0.0000000, 0.0000000, 0.00, 0.00
51757,0.10,-0.18,9.48,1.00,-0.02,0.00,0.00,0.30,2.10,0.07,10.58,0.00,0,2,1002.84,34.91,93.16,1002.85,31.32,92.00,0.64,1002.21,32.77,98.21,-0.03,0.24,116.37,300.23,7943,0.83,1.33,9.51,1.00,0.06,-0.04,-0.00,4.58,-7.30,-0.59,3,8,2,29, 0.0000000, 0.0000000, 0.00, 0.00
51809,-0.03,-0.28,9.47,1.00,-0.02,0.00,0.00,0.28,2.08,0.07,10.59,0.00,0,2,1002.84,34.91,93.15,1002.85,31.32,91.99,0.64,1002.21,32.78,98.19,-0.05,0.29,114.26,300.23,7950,0.81,1.09,9.47,1.00,0.06,-0.04,-0.00,4.58,-7.30,-0.57,3,8,2,29, 0.0000000, 0.0000000, 0.00, 0.00
51867,0.00,-0.24,9.50,1.00,-0.02,0.00,0.00,0.28,2.08,0.07,10.60,0.00,0,2,1002.84,34.91,93.15,1002.85,31.31,92.00,0.64,1002.21,32.78,98.21,-0.03,0.24,109.95,300.50,7950,0.68,1.29,9.58,1.00,0.06,-0.04,-0.00,4.59,-7.30,-0.56,3,8,2,29, 0.0000000, 0.0000000, 0.00, 0.00
51919,-0.14,-0.23,9.50,1.00,-0.02,0.00,0.00,0.29,2.06,0.07,10.60,0.00,0,2,1002.84,34.92,93.16,1002.85,31.31,92.01,0.64,1002.21,32.77,98.17,-0.03,0.24,104.24,300.59,7948,0.84,1.28,9.52,1.00,0.06,-0.04,-0.00,4.59,-7.30,-0.56,3,8,2,29, 0.0000000, 0.0000000, 0.00, 0.00
51973,-0.09,-0.28,9.60,1.00,-0.02,0.00,0.00,0.30,2.05,0.08,10.60,0.00,0,2,1002.84,34.91,93.18,1002.85,31.31,91.98,0.64,1002.21,32.77,98.18,-0.02,0.17,100.55,300.59,7946,0.53,1.36,9.54,1.00,0.06,-0.04,-0.00,4.60,-7.30,-0.55,3,8,3,29, 0.0000000, 0.0000000, 0.00, 0.00
52028,0.04,-0.23,9.46,1.00,-0.02,0.00,0.00,0.29,2.04,0.07,10.60,0.00,0,2,1002.84,34.91,93.22,1002.86,31.34,91.94,0.64,1002.21,32.77,98.20,-0.03,0.24,99.67,300.59,7944,0.81,1.05,9.49,1.00,0.06,-0.04,-0.00,4.60,-7.29,-0.54,3,8,3,29, 0.0000000, 0.0000000, 0.00, 0.00
52085,0.05,-0.30,9.52,1.00,-0.02,0.00,0.00,0.27,2.03,0.07,10.60,0.00,0,2,1002.84,34.89,93.18,1002.85,31.32,92.04,0.64,1002.21,32.77,98.17,-0.03,0.24,101.95,300.59,7942,0.64,1.27,9.57,1.00,0.06,-0.04,-0.00,4.60,-7.29,-0.53,3,8,3,29, 0.0000000, 0.0000000, 0.00, 0.00
52138,-0.11,-0.29,9.49,1.00,-0.02,0.00,0.00,0.27,2.02,0.07,10.60,0.00,0,2,1002.84,34.90,93.17,1002.85,31.32,92.01,0.64,1002.21,32.77,98.18,-0.03,0.24,106.17,300.59,7941,1.02,1.39,9.54,1.00,0.06,-0.04,-0.00,4.59,-7.29,-0.55,3,8,3,29, 0.0000000, 0.0000000, 0.00, 0.00
52196,-0.09,-0.26,9.51,1.00,-0.02,0.00,0.00,0.28,2.01,0.07,10.60,0.00,0,2,1002.84,34.90,93.19,1002.85,31.32,92.04,0.64,1002.21,32.77,98.18,-0.02,0.17,109.07,300.50,7939,0.99,1.36,9.54,1.00,0.06,-0.04,-0.00,4.59,-7.29,-0.57,3,8,3,29, 0.0000000, 0.0000000, 0.00, 0.00
52248,-0.06,-0.21,9.53,1.00,-0.02,0.00,0.00,0.29,2.01,0.07,10.59,0.00,0,2,1002.85,34.90,93.14,1002.85,31.33,91.98,0.64,1002.21,32.77,98.18,-0.03,0.24,115.49,300.50,7939,0.64,1.17,9.52,1.00,0.06,-0.04,-0.00,4.59,-7.29,-0.56,3,8,3,29, 0.0000000, 0.0000000, 0.00, 0.00
52305,-0.09,-0.24,9.52,1.00,-0.02,0.00,0.00,0.29,1.99,0.08,10.59,0.00,0,2,1002.84,34.90,93.19,1002.85,31.32,92.04,0.64,1002.21,32.77,98.16,-0.03,0.24,119.71,300.59,7938,0.66,1.35,9.58,1.00,0.06,-0.04,-0.00,4.60,-7.29,-0.55,3,8,3,29, 0.0000000, 0.0000000, 0.00, 0.00
52357,-0.07,-0.29,9.55,1.00,-0.02,0.00,0.00,0.29,1.99,0.08,10.59,0.00,0,2,1002.84,34.90,93.19,1002.85,31.32,91.98,0.64,1002.21,32.78,98.21,-0.03,0.24,115.31,300.59,7938,0.62,1.55,9.62,1.00,0.06,-0.04,-0.00,4.60,-7.29,-0.55,3,8,3,29, 0.0000000, 0.0000000, 0.00, 0.00
52410,-0.05,-0.24,9.54,1.00,-0.02,0.00,0.00,0.30,1.99,0.08,10.60,0.00,0,2,1002.84,34.90,93.21,1002.85,31.32,92.02,0.65,1002.21,32.79,98.18,-0.03,0.24,112.06,300.59,7938,0.69,1.31,9.53,1.00,0.06,-0.04,-0.00,4.60,-7.29,-0.55,3,8,3,29, 0.0000000, 0.0000000, 0.00, 0.00
52467,-0.03,-0.20,9.52,1.00,-0.02,0.00,0.00,0.30,1.98,0.08,10.60,0.00,0,2,1002.84,34.90,93.16,1002.85,31.32,92.04,0.65,1002.21,32.78,98.15,-0.05,0.29,106.61,300.59,7938,0.81,1.23,9.56,1.00,0.06,-0.04,-0.00,4.60,-7.29,-0.55,3,8,3,29, 0.0000000, 0.0000000, 0.00, 0.00
52518,0.00,-0.28,9.57,1.00,-0.02,0.00,0.00,0.29,1.97,0.08,10.60,0.00,0,2,1002.84,34.89,93.18,1002.85,31.32,92.04,0.65,1002.21,32.77,98.23,-0.03,0.24,102.57,300.67,7937,0.85,1.32,9.57,1.00,0.06,-0.04,-0.00,4.59,-7.28,-0.54,3,8,3,29, 0.0000000, 0.0000000, 0.00, 0.00
52576,-0.09,-0.39,9.53,1.00,-0.02,0.00,0.00,0.30,2.00,0.07,10.62,0.00,0,2,1002.84,34.90,93.18,1002.85,31.32,92.00,0.64,1002.20,32.79,98.29,-0.05,0.29,101.34,300.67,7938,0.93,1.50,9.56,1.00,0.06,-0.04,-0.00,4.59,-7.29,-0.54,3,8,3,29, 0.0000000, 0.0000000, 0.00, 0.00
52629,-0.11,-0.24,9.52,1.00,-0.02,0.00,0.00,0.31,2.00,0.08,10.62,0.00,0,2,1002.84,34.89,93.19,1002.85,31.32,92.04,0.65,1002.20,32.78,98.24,-0.03,0.24,101.34,300.67,7938,0.87,1.42,9.59,1.00,0.06,-0.04,-0.00,4.60,-7.30,-0.54,3,8,3,29, 0.0000000, 0.0000000, 0.00, 0.00
52686,-0.03,-0.24,9.51,1.00,-0.02,0.00,0.00,0.31,2.00,0.08,10.60,0.00,0,2,1002.85,34.90,93.14,1002.85,31.33,91.99,0.64,1002.21,32.78,98.22,-0.03,0.24,102.92,300.67,7937,0.78,1.25,9.57,1.00,0.06,-0.04,-0.00,4.61,-7.30,-0.54,3,8,3,29, 0.0000000, 0.0000000, 0.00, 0.00
52739,0.05,-0.28,9.51,1.00,-0.02,0.00,0.00,0.31,2.00,0.08,10.60,0.00,0,2,1002.84,34.89,93.16,1002.85,31.33,92.00,0.64,1002.20,32.77,98.28,-0.03,0.24,103.71,300.67,7939,0.66,1.35,9.62,1.00,0.06,-0.04,-0.00,4.61,-7.30,-0.53,3,8,3,29, 0.0000000, 0.0000000, 0.00, 0.00
52797,-0.06,-0.35,9.43,1.00,-0.02,0.00,0.00,0.31,2.00,0.08,10.59,0.00,0,2,1002.84,34.89,93.14,1002.85,31.32,91.99,0.64,1002.21,32.78,98.21,-0.03,0.24,102.30,300.67,7938,0.73,1.33,9.56,1.00,0.06,-0.04,-0.00,4.61,-7.30,-0.53,3,8,3,29, 0.0000000, 0.0000000, 0.00, 0.00
52854,-0.09,-0.37,9.54,1.00,-0.02,0.00,0.00,0.31,2.00,0.08,10.60,0.00,0,2,1002.84,34.90,93.18,1002.85,31.32,91.99,0.64,1002.21,32.78,98.22,-0.03,0.24,101.69,300.67,7938,0.89,1.14,9.48,1.00,0.06,-0.04,-0.00,4.61,-7.30,-0.53,3,8,3,29, 0.0000000, 0.0000000, 0.00, 0.00
52907,-0.05,-0.25,9.51,1.00,-0.02,0.00,0.00,0.31,2.00,0.08,10.60,0.00,0,2,1002.84,34.90,93.18,1002.86,31.33,91.95,0.65,1002.20,32.79,98.25,-0.02,0.17,102.74,300.67,7938,0.76,1.18,9.56,1.00,0.06,-0.04,-0.00,4.61,-7.30,-0.53,3,8,3,29, 0.0000000, 0.0000000, 0.00, 0.00
52965,-0.07,-0.29,9.54,1.00,-0.02,0.00,0.00,0.31,2.00,0.08,10.60,0.00,0,2,1002.84,34.89,93.18,1002.85,31.33,91.99,0.64,1002.21,32.79,98.18,-0.03,0.24,102.48,300.76,7938,0.69,1.19,9.53,1.00,0.06,-0.04,-0.00,4.61,-7.29,-0.53,3,8,4,29, 0.0000000, 0.0000000, 0.00, 0.00
53016,-0.12,-0.36,9.57,1.00,-0.02,0.00,0.00,0.31,2.00,0.08,10.60,0.00,0,2,1002.84,34.88,93.19,1002.84,31.32,92.07,0.64,1002.20,32.77,98.25,-0.03,0.24,101.60,300.76,7938,0.76,1.34,9.53,1.00,0.06,-0.04,-0.00,4.61,-7.29,-0.53,3,8,4,29, 0.0000000, 0.0000000, 0.00, 0.00
53071,-0.08,-0.38,9.56,1.00,-0.02,0.00,0.00,0.31,2.00,0.08,10.62,0.00,0,2,1002.84,34.89,93.16,1002.85,31.32,92.05,0.64,1002.20,32.79,98.25,-0.03,0.24,101.87,300.67,7938,0.89,1.23,9.55,1.00,0.06,-0.04,-0.00,4.61,-7.30,-0.53,3,8,4,29, 0.0000000, 0.0000000, 0.00, 0.00
53126,-0.09,-0.33,9.60,1.00,-0.02,0.00,0.00,0.31,2.00,0.08,10.63,0.00,0,2,1002.84,34.89,93.18,1002.85,31.33,92.06,0.65,1002.21,32.78,98.23,-0.03,0.24,102.30,300.67,7938,0.86,1.30,9.53,1.00,0.06,-0.04,-0.00,4.61,-7.30,-0.53,3,8,4,29, 0.0000000, 0.0000000, 0.00, 0.00
53184,-0.11,-0.38,9.51,1.00,-0.02,0.00,0.00,0.31,2.00,0.08,10.63,0.00,0,2,1002.84,34.90,93.18,1002.85,31.31,92.06,0.65,1002.21,32.78,98.21,-0.03,0.24,102.22,300.76,7937,0.77,1.09,9.48,1.00,0.06,-0.04,-0.00,4.61,-7.29,-0.53,3,8,4,29, 0.0000000, 0.0000000, 0.00, 0.00
53237,-0.03,-0.35,9.55,1.00,-0.02,0.00,0.00,0.31,2.00,0.08,10.63,0.00,0,2,1002.84,34.90,93.18,1002.85,31.32,92.02,0.64,1002.20,32.78,98.26,-0.03,0.24,103.62,300.76,7937,0.81,1.01,9.49,1.00,0.06,-0.04,-0.00,4.61,-7.29,-0.53,3,8,4,29, 0.0000000, 0.0000000, 0.00, 0.00
53293,-0.02,-0.40,9.49,1.00,-0.02,0.00,0.00,0.31,2.00,0.08,10.62,0.00,0,2,1002.84,34.89,93.20,1002.85,31.33,92.05,0.66,1002.21,32.79,98.22,-0.03,0.24,105.56,300.85,7937,0.75,1.10,9.46,1.00,0.06,-0.04,-0.00,4.61,-7.30,-0.53,3,8,4,29, 0.0000000, 0.0000000, 0.00, 0.00
53345,-0.09,-0.32,9.51,1.00,-0.02,0.00,0.00,0.31,2.00,0.08,10.63,0.00,0,2,1002.84,34.89,93.20,1002.85,31.33,92.03,0.64,1002.21,32.79,98.22,-0.03,0.24,108.28,301.03,7936,0.77,1.27,9.52,1.00,0.06,-0.04,-0.00,4.61,-7.29,-0.53,3,8,4,29, 0.0000000, 0.0000000, 0.00, 0.00
53398,-0.06,-0.35,9.56,1.00,-0.02,0.00,0.00,0.31,2.00,0.08,10.62,0.00,0,2,1002.84,34.88,93.22,1002.85,31.32,92.04,0.64,1002.20,32.79,98.24,-0.03,0.24,113.73,301.03,7937,0.81,1.14,9.51,1.00,0.06,-0.04,-0.00,4.61,-7.29,-0.53,3,8,4,29, 0.0000000, 0.0000000, 0.00, 0.00
53455,-0.10,-0.38,9.49,1.00,-0.02,0.00,0.00,0.31,2.00,0.08,10.63,0.00,0,2,1002.84,34.88,93.18,1002.84,31.32,92.07,0.63,1002.20,32.78,98.27,-0.03,0.24,116.98,300.94,7937,0.72,0.99,9.55,1.00,0.06,-0.04,-0.00,4.62,-7.29,-0.53,3,8,4,29, 0.0000000, 0.0000000, 0.00, 0.00
53506,0.00,-0.32,9.51,1.00,-0.02,0.00,0.00,0.31,2.00,0.08,10.63,0.00,0,2,1002.84,34.88,93.19,1002.85,31.34,92.05,0.64,1002.20,32.78,98.24,-0.02,0.17,119.36,300.76,7936,0.75,1.42,9.56,1.00,0.06,-0.04,-0.00,4.62,-7.29,-0.53,3,8,4,29, 0.0000000, 0.0000000, 0.00, 0.00
53564,-0.06,-0.40,9.48,1.00,-0.02,0.00,0.00,0.31,2.00,0.08,10.64,0.00,0,2,1002.84,34.88,93.19,1002.85,31.32,92.05,0.65,1002.21,32.78,98.23,-0.03,0.24,116.46,300.76,7937,0.80,1.33,9.52,1.00,0.06,-0.04,-0.00,4.62,-7.29,-0.53,3,8,4,29, 0.0000000, 0.0000000, 0.00, 0.00
53616,-0.04,-0.37,9.51,1.00,-0.02,0.00,0.00,0.31,2.00,0.08,10.63,0.00,0,2,1002.84,34.88,93.14,1002.85,31.33,92.07,0.65,1002.20,32.79,98.29,-0.03,0.24,112.68,300.67,7937,0.83,1.17,9.53,1.00,0.06,-0.04,-0.00,4.62,-7.29,-0.53,3,8,4,29, 0.0000000, 0.0000000, 0.00, 0.00
53669,-0.07,-0.30,9.53,1.00,-0.02,0.00,0.00,0.31,2.00,0.08,10.63,0.00,0,2,1002.84,34.87,93.16,1002.85,31.34,92.05,0.65,1002.20,32.78,98.26,-0.02,0.17,111.45,300.67,7937,0.76,1.18,9.51,1.00,0.06,-0.04,-0.00,4.62,-7.29,-0.53,3,8,4,29, 0.0000000, 0.0000000, 0.00, 0.00
53724,-0.06,-0.33,9.54,1.00,-0.02,0.00,0.00,0.31,2.00,0.08,10.61,0.00,0,2,1002.84,34.86,93.17,1002.85,31.34,92.01,0.65,1002.21,32.77,98.21,-0.03,0.24,111.62,300.67,7937,0.79,1.27,9.55,1.00,0.06,-0.04,-0.00,4.62,-7.29,-0.53,3,8,4,29, 0.0000000, 0.0000000, 0.00, 0.00
53777,0.00,-0.44,9.52,1.00,-0.02,0.00,0.00,0.31,2.00,0.08,10.60,0.00,0,2,1002.84,34.88,93.14,1002.85,31.34,92.00,0.64,1002.21,32.77,98.21,-0.03,0.24,112.41,300.67,7936,0.65,1.37,9.60,1.00,0.06,-0.04,-0.00,4.62,-7.29,-0.53,3,8,4,29, 0.0000000, 0.0000000, 0.00, 0.00
53835,-0.09,-0.42,9.52,1.00,-0.02,0.00,0.00,0.31,2.00,0.08,10.59,0.00,0,2,1002.84,34.88,93.15,1002.85,31.34,92.02,0.64,1002.21,32.79,98.20,-0.05,0.29,112.59,300.67,7936,0.86,1.38,9.62,1.00,0.06,-0.04,-0.00,4.62,-7.29,-0.53,3,8,4,29, 0.0000000, 0.0000000, 0.00, 0.00
53893,-0.09,-0.34,9.54,1.00,-0.02,0.00,0.00,0.31,2.00,0.08,10.58,0.00,0,2,1002.84,34.87,93.16,1002.85,31.33,92.04,0.64,1002.21,32.81,98.21,-0.03,0.24,112.41,300.67,7937,0.81,1.26,9.51,1.00,0.06,-0.04,-0.00,4.62,-7.29,-0.53,3,8,4,29, 0.0000000, 0.0000000, 0.00, 0.00
53946,-0.11,-0.33,9.58,1.00,-0.02,0.00,0.00,0.31,2.00,0.08,10.59,0.00,0,2,1002.84,34.88,93.15,1002.85,31.33,92.06,0.66,1002.21,32.79,98.18,-0.05,0.29,111.80,300.67,7937,0.76,1.27,9.55,1.00,0.06,-0.04,-0.00,4.62,-7.29,-0.53,3,8,4,29, 0.0000000, 0.0000000, 0.00, 0.00
54004,-0.08,-0.40,9.47,1.00,-0.02,0.00,0.00,0.31,2.00,0.08,10.60,0.00,0,2,1002.84,34.87,93.20,1002.85,31.35,92.05,0.65,1002.21,32.80,98.19,-0.03,0.24,111.62,300.67,7937,0.72,1.32,9.61,1.00,0.06,-0.04,-0.00,4.62,-7.29,-0.53,3,8,5,29, 0.0000000, 0.0000000, 0.00, 0.00
54056,-0.06,-0.47,9.54,1.00,-0.02,0.00,0.00,0.31,2.00,0.08,10.59,0.00,0,2,1002.84,34.87,93.16,1002.84,31.33,92.04,0.65,1002.21,32.80,98.21,-0.05,0.29,112.24,300.67,7936,0.72,1.31,9.58,1.00,0.06,-0.04,-0.00,4.62,-7.29,-0.53,3,8,5,29, 0.0000000, 0.0000000, 0.00, 0.00
54114,-0.05,-0.47,9.51,1.00,-0.02,0.00,0.00,0.35,2.04,0.07,10.60,0.00,0,2,1002.84,34.87,93.15,1002.85,31.34,92.04,0.65,1002.20,32.79,98.27,-0.05,0.29,112.24,300.67,7937,0.77,1.12,9.47,1.00,0.06,-0.04,-0.00,4.62,-7.29,-0.53,3,8,5,29, 0.0000000, 0.0000000, 0.00, 0.00
54167,-0.05,-0.44,9.55,1.00,-0.02,0.00,0.00,0.39,2.07,0.07,10.61,0.00,0,2,1002.84,34.88,93.15,1002.85,31.34,91.99,0.65,1002.21,32.79,98.20,-0.03,0.24,112.15,300.67,7937,0.68,1.27,9.58,1.00,0.06,-0.04,-0.00,4.62,-7.29,-0.53,3,8,5,29, 0.0000000, 0.0000000, 0.00, 0.00
54225,-0.10,-0.55,9.38,1.00,-0.02,0.00,0.00,0.41,2.10,0.07,10.60,0.00,0,2,1002.84,34.86,93.20,1002.85,31.35,92.04,0.65,1002.20,32.80,98.24,-0.03,0.24,111.36,300.67,7936,0.70,1.13,9.54,1.00,0.06,-0.04,-0.00,4.62,-7.29,-0.53,3,8,5,29, 0.0000000, 0.0000000, 0.00, 0.00
54282,-0.01,-0.51,9.60,1.00,-0.02,0.00,0.00,0.43,2.13,0.07,10.60,0.00,0,2,1002.84,34.86,93.16,1002.85,31.32,92.04,0.64,1002.21,32.79,98.16,-0.03,0.24,111.36,300.67,7937,0.69,1.24,9.59,1.00,0.06,-0.04,-0.00,4.62,-7.29,-0.53,3,8,5,29, 0.0000000, 0.0000000, 0.00, 0.00
54335,-0.04,-0.52,9.53,1.00,-0.02,0.00,0.00,0.42,2.15,0.07,10.59,0.00,0,2,1002.84,34.85,93.17,1002.85,31.34,92.00,0.66,1002.21,32.79,98.18,-0.03,0.24,111.01,300.67,7937,0.76,1.22,9.53,1.00,0.06,-0.04,-0.00,4.62,-7.29,-0.53,3,8,5,29, 0.0000000, 0.0000000, 0.00, 0.00
54392,-0.08,-0.51,9.53,1.00,-0.02,0.00,0.00,0.42,2.18,0.07,10.58,0.00,0,2,1002.84,34.86,93.13,1002.85,31.33,92.00,0.64,1002.21,32.80,98.18,-0.03,0.24,110.48,300.67,7937,0.89,1.17,9.53,1.00,0.06,-0.04,-0.00,4.62,-7.29,-0.53,3,8,5,29, 0.0000000, 0.0000000, 0.00, 0.00
54445,-0.11,-0.41,9.52,1.00,-0.02,0.00,0.00,0.43,2.20,0.07,10.57,0.00,0,2,1002.85,34.87,93.11,1002.85,31.34,92.01,0.65,1002.21,32.78,98.19,-0.03,0.24,110.48,300.67,7937,0.79,1.07,9.52,1.00,0.06,-0.04,-0.00,4.62,-7.29,-0.53,3,8,5,29, 0.0000000, 0.0000000, 0.00, 0.00
54502,-0.04,-0.57,9.55,1.00,-0.02,0.00,0.00,0.43,2.20,0.07,10.57,0.00,0,2,1002.84,34.86,93.15,1002.85,31.34,92.00,0.65,1002.21,32.79,98.18,-0.03,0.24,109.95,300.67,7937,0.69,1.39,9.56,1.00,0.06,-0.04,-0.00,4.62,-7.29,-0.53,3,8,5,29, 0.0000000, 0.0000000, 0.00, 0.00
54554,-0.09,-0.56,9.50,1.00,-0.02,0.00,0.00,0.43,2.24,0.07,10.57,0.00,0,2,1002.84,34.88,93.14,1002.85,31.34,92.00,0.64,1002.21,32.79,98.18,-0.03,0.24,109.95,300.67,7936,0.70,1.32,9.55,1.00,0.06,-0.04,-0.00,4.62,-7.29,-0.53,3,8,5,29, 0.0000000, 0.0000000, 0.00, 0.00
54612,-0.06,-0.48,9.52,1.00,-0.02,0.00,0.00,0.43,2.26,0.07,10.56,0.00,0,2,1002.84,34.87,93.16,1002.86,31.34,91.96,0.66,1002.21,32.79,98.20,-0.03,0.24,110.13,300.67,7937,0.75,1.24,9.57,1.00,0.06,-0.04,-0.00,4.62,-7.29,-0.53,3,8,5,29, 0.0000000, 0.0000000, 0.00, 0.00
54663,-0.13,-0.48,9.53,1.00,-0.02,0.00,0.00,0.43,2.27,0.07,10.56,0.00,0,2,1002.84,34.86,93.15,1002.85,31.32,92.02,0.66,1002.21,32.80,98.18,-0.03,0.24,108.98,300.67,7936,0.70,1.15,9.54,1.00,0.06,-0.04,-0.00,4.62,-7.29,-0.53,3,8,5,29, 0.0000000, 0.0000000, 0.00, 0.00
54718,-0.17,-0.54,9.55,1.00,-0.02,0.00,0.00,0.44,2.29,0.07,10.57,0.00,0,2,1002.85,34.87,93.13,1002.85,31.34,92.01,0.64,1002.21,32.79,98.18,-0.03,0.24,108.28,300.67,7936,0.82,1.28,9.56,1.00,0.06,-0.04,-0.00,4.62,-7.29,-0.53,3,8,5,29, 0.0000000, 0.0000000, 0.00, 0.00
54775,-0.19,-0.49,9.55,1.00,-0.02,0.00,0.00,0.47,2.33,0.07,10.57,0.00,0,2,1002.85,34.88,93.12,1002.85,31.34,92.05,0.64,1002.21,32.80,98.19,-0.03,0.24,108.98,300.67,7937,0.75,1.21,9.56,1.00,0.06,-0.04,-0.00,4.62,-7.29,-0.53,3,8,5,29, 0.0000000, 0.0000000, 0.00, 0.00
54826,-0.12,-0.47,9.53,1.00,-0.02,0.00,0.00,0.48,2.34,0.07,10.57,0.00,0,2,1002.85,34.87,93.11,1002.85,31.34,92.02,0.64,1002.21,32.78,98.19,-0.03,0.24,112.50,300.67,7936,0.90,1.13,9.52,1.00,0.06,-0.04,-0.00,4.62,-7.29,-0.53,3,8,5,29, 0.0000000, 0.0000000, 0.00, 0.00
54883,0.00,-0.50,9.53,1.00,-0.02,0.00,0.00,0.48,2.35,0.07,10.57,0.00,0,2,1002.85,34.87,93.13,1002.85,31.34,92.04,0.66,1002.22,32.80,98.14,-0.03,0.24,113.29,300.67,7936,0.78,1.22,9.56,1.00,0.06,-0.04,-0.00,4.62,-7.29,-0.53,3,8,5,29, 0.0000000, 0.0000000, 0.00, 0.00
54936,-0.04,-0.54,9.53,1.00,-0.02,0.00,0.00,0.48,2.37,0.07,10.57,0.00,0,2,1002.85,34.86,93.13,1002.85,31.34,92.04,0.65,1002.21,32.79,98.18,-0.03,0.24,113.12,300.85,7937,0.81,1.24,9.51,1.00,0.06,-0.04,-0.00,4.62,-7.29,-0.53,3,8,5,29, 0.0000000, 0.0000000, 0.00, 0.00
54993,-0.13,-0.48,9.50,1.00,-0.02,0.00,0.00,0.48,2.38,0.07,10.59,0.00,0,2,1002.84,34.86,93.15,1002.85,31.34,92.02,0.64,1002.22,32.79,98.13,-0.03,0.24,112.94,300.67,7937,0.68,1.16,9.52,1.00,0.06,-0.04,-0.00,4.62,-7.29,-0.53,3,8,5,29, 0.0000000, 0.0000000, 0.00, 0.00
55044,-0.08,-0.46,9.52,1.00,-0.02,0.00,0.00,0.48,2.40,0.07,10.60,0.00,0,2,1002.84,34.86,93.17,1002.85,31.35,92.03,0.64,1002.22,32.80,98.14,-0.03,0.24,111.18,300.50,7937,0.68,1.20,9.54,1.00,0.06,-0.04,-0.00,4.62,-7.29,-0.53,3,8,6,29, 0.0000000, 0.0000000, 0.00, 0.00
55101,-0.07,-0.49,9.50,1.00,-0.02,0.00,0.00,0.48,2.41,0.07,10.60,0.00,0,2,1002.84,34.86,93.15,1002.85,31.35,92.04,0.64,1002.20,32.80,98.26,-0.02,0.17,111.36,300.50,7936,0.75,1.26,9.58,1.00,0.06,-0.04,-0.00,4.62,-7.29,-0.53,3,8,6,29, 0.0000000, 0.0000000, 0.00, 0.00
55155,-0.09,-0.55,9.54,1.00,-0.02,0.00,0.00,0.49,2.42,0.07,10.61,0.00,0,2,1002.84,34.87,93.18,1002.85,31.34,92.05,0.65,1002.20,32.80,98.27,-0.05,0.29,112.94,300.50,7937,0.70,1.22,9.51,1.00,0.06,-0.04,-0.00,4.62,-7.29,-0.53,3,8,6,29, 0.0000000, 0.0000000, 0.00, 0.00
55213,-0.07,-0.47,9.55,1.00,-0.02,0.00,0.00,0.49,2.43,0.07,10.63,0.00,0,2,1002.84,34.87,93.16,1002.85,31.34,92.04,0.64,1002.20,32.80,98.24,-0.03,0.24,118.65,300.50,7936,0.84,1.30,9.54,1.00,0.06,-0.04,-0.00,4.62,-7.29,-0.53,3,8,6,29, 0.0000000, 0.0000000, 0.00, 0.00
55265,-0.15,-0.41,9.55,1.00,-0.02,0.00,0.00,0.49,2.44,0.07,10.63,0.00,0,2,1002.84,34.87,93.16,1002.85,31.33,92.04,0.65,1002.21,32.80,98.21,-0.05,0.29,123.49,300.59,7936,0.79,1.34,9.55,1.00,0.06,-0.04,-0.00,4.62,-7.29,-0.53,3,8,6,29, 0.0000000, 0.0000000, 0.00, 0.00
55318,-0.14,-0.48,9.51,1.00,-0.02,0.00,0.00,0.49,2.45,0.07,10.63,0.00,0,2,1002.85,34.88,93.14,1002.85,31.34,92.04,0.64,1002.20,32.78,98.27,-0.03,0.24,124.63,300.59,7937,0.79,1.27,9.60,1.00,0.06,-0.04,-0.00,4.62,-7.29,-0.53,3,8,6,29, 0.0000000, 0.0000000, 0.00, 0.00
55374,-0.13,-0.55,9.51,1.00,-0.02,0.00,0.00,0.51,2.47,0.07,10.62,0.00,0,2,1002.84,34.88,93.16,1002.85,31.34,92.02,0.65,1002.20,32.78,98.29,-0.05,0.29,121.90,300.59,7936,0.69,1.20,9.58,1.00,0.06,-0.04,-0.00,4.62,-7.29,-0.53,3,8,6,29, 0.0000000, 0.0000000, 0.00, 0.00
55430,-0.03,-0.48,9.56,1.00,-0.02,0.00,0.00,0.51,2.48,0.07,10.62,0.00,0,2,1002.85,34.88,93.12,1002.85,31.36,92.03,0.65,1002.21,32.79,98.21,-0.05,0.29,116.98,300.59,7937,0.80,1.23,9.52,1.00,0.06,-0.04,-0.00,4.62,-7.29,-0.53,3,8,6,29, 0.0000000, 0.0000000, 0.00, 0.00
55484,0.00,-0.54,9.52,1.00,-0.02,0.00,0.00,0.50,2.49,0.07,10.61,0.00,0,2,1002.84,34.87,93.15,1002.85,31.36,92.06,0.64,1002.22,32.79,98.13,-0.03,0.24,114.70,300.50,7937,0.80,1.24,9.54,1.00,0.06,-0.04,-0.00,4.62,-7.29,-0.53,3,8,6,29, 0.0000000, 0.0000000, 0.00, 0.00
55542,-0.06,-0.52,9.48,1.00,-0.02,0.00,0.00,0.49,2.50,0.07,10.59,0.00,0,2,1002.84,34.88,93.17,1002.85,31.36,92.01,0.64,1002.21,32.79,98.16,-0.03,0.24,116.81,300.50,7937,0.88,1.20,9.58,1.00,0.06,-0.04,-0.00,4.62,-7.29,-0.53,3,8,6,29, 0.0000000, 0.0000000, 0.00, 0.00
55593,-0.14,-0.47,9.55,1.00,-0.02,0.00,0.00,0.49,2.50,0.07,10.60,0.00,0,2,1002.85,34.88,93.14,1002.86,31.35,92.03,0.64,1002.21,32.81,98.17,-0.03,0.24,116.46,300.50,7937,0.86,1.18,9.56,1.00,0.06,-0.04,-0.00,4.62,-7.29,-0.53,3,8,6,29, 0.0000000, 0.0000000, 0.00, 0.00
55651,-0.12,-0.48,9.54,1.00,-0.02,0.00,0.00,0.49,2.50,0.07,10.59,0.00,0,2,1002.84,34.88,93.14,1002.85,31.35,92.02,0.64,1002.20,32.78,98.26,-0.03,0.24,113.55,300.50,7937,0.65,1.25,9.60,1.00,0.06,-0.04,-0.00,4.62,-7.29,-0.53,3,8,6,29, 0.0000000, 0.0000000, 0.00, 0.00
55703,-0.02,-0.51,9.53,1.00,-0.02,0.00,0.00,0.49,2.50,0.07,10.60,0.00,0,2,1002.85,34.88,93.12,1002.85,31.34,92.02,0.64,1002.20,32.80,98.24,-0.03,0.24,110.83,300.50,7937,0.71,1.13,9.51,1.00,0.06,-0.04,-0.00,4.62,-7.29,-0.53,3,8,6,29, 0.0000000, 0.0000000, 0.00, 0.00
55762,-0.08,-0.52,9.55,1.00,-0.02,0.00,0.00,0.49,2.50,0.07,10.60,0.00,0,2,1002.84,34.88,93.15,1002.85,31.34,92.03,0.64,1002.20,32.78,98.24,-0.03,0.24,110.04,300.50,7937,0.80,1.34,9.58,1.00,0.06,-0.04,-0.00,4.62,-7.29,-0.53,3,8,6,29, 0.0000000, 0.0000000, 0.00, 0.00
55813,-0.18,-0.52,9.52,1.00,-0.02,0.00,0.00,0.49,2.50,0.07,10.60,0.00,0,2,1002.84,34.87,93.14,1002.85,31.34,92.04,0.64,1002.21,32.80,98.22,-0.05,0.29,109.42,300.50,7937,0.86,1.24,9.52,1.00,0.06,-0.04,-0.00,4.62,-7.29,-0.53,3,8,6,29, 0.0000000, 0.0000000, 0.00, 0.00
55866,-0.06,-0.47,9.53,1.00,-0.02,0.00,0.00,0.49,2.50,0.07,10.61,0.00,0,2,1002.84,34.88,93.15,1002.85,31.35,92.03,0.65,1002.20,32.79,98.29,-0.03,0.24,107.31,300.50,7936,0.66,1.10,9.52,1.00,0.06,-0.04,-0.00,4.62,-7.29,-0.53,3,8,6,29, 0.0000000, 0.0000000, 0.00, 0.00
55923,0.01,-0.49,9.52,1.00,-0.02,0.00,0.00,0.49,2.50,0.07,10.61,0.00,0,2,1002.84,34.88,93.15,1002.85,31.35,92.03,0.65,1002.21,32.80,98.21,-0.05,0.29,104.94,300.59,7938,0.62,1.12,9.52,1.00,0.06,-0.04,-0.00,4.62,-7.29,-0.53,3,8,6,29, 0.0000000, 0.0000000, 0.00, 0.00
55980,-0.11,-0.48,9.57,1.00,-0.02,0.00,0.00,0.49,2.50,0.07,10.61,0.00,0,2,1002.84,34.88,93.16,1002.85,31.36,92.03,0.65,1002.21,32.80,98.21,-0.03,0.24,103.54,300.59,7937,0.82,1.26,9.58,1.00,0.06,-0.04,-0.00,4.62,-7.29,-0.53,3,8,6,29, 0.0000000, 0.0000000, 0.00, 0.00
56032,-0.01,-0.59,9.53,1.00,-0.02,0.00,0.00,0.49,2.50,0.07,10.61,0.00,0,2,1002.85,34.88,93.11,1002.85,31.35,92.02,0.65,1002.21,32.81,98.20,-0.03,0.24,104.06,300.59,7937,0.65,1.19,9.52,1.00,0.06,-0.04,-0.00,4.62,-7.29,-0.53,3,8,7,29, 0.0000000, 0.0000000, 0.00, 0.00
56089,-0.06,-0.51,9.54,1.00,-0.02,0.00,0.00,0.49,2.50,0.07,10.60,0.00,0,2,1002.84,34.88,93.19,1002.85,31.34,92.02,0.64,1002.21,32.79,98.22,-0.03,0.24,104.24,300.59,7937,0.79,1.12,9.55,1.00,0.06,-0.04,-0.00,4.62,-7.29,-0.53,3,8,7,29, 0.0000000, 0.0000000, 0.00, 0.00
56143,-0.18,-0.48,9.54,1.00,-0.02,0.00,0.00,0.49,2.50,0.07,10.60,0.00,0,2,1002.84,34.89,93.16,1002.85,31.35,92.05,0.64,1002.21,32.80,98.22,-0.03,0.24,104.50,300.59,7937,0.87,1.17,9.51,1.00,0.06,-0.04,-0.00,4.62,-7.29,-0.53,3,8,7,29, 0.0000000, 0.0000000, 0.00, 0.00
56200,-0.14,-0.48,9.46,1.00,-0.02,0.00,0.00,0.49,2.50,0.07,10.61,0.00,0,2,1002.84,34.87,93.21,1002.85,31.37,92.02,0.64,1002.21,32.79,98.21,-0.05,0.29,105.56,300.59,7937,0.79,1.28,9.52,1.00,0.06,-0.04,-0.00,4.62,-7.29,-0.53,3,8,7,29, 0.0000000, 0.0000000, 0.00, 0.00
56253,-0.01,-0.66,9.53,1.00,-0.02,0.00,0.00,0.49,2.50,0.07,10.62,0.00,0,2,1002.84,34.87,93.19,1002.85,31.36,92.05,0.64,1002.20,32.80,98.26,-0.03,0.24,107.31,300.59,7937,0.66,1.39,9.56,1.00,0.06,-0.04,-0.00,4.62,-7.29,-0.53,3,8,7,29, 0.0000000, 0.0000000, 0.00, 0.00
56304,-0.12,-0.48,9.52,1.00,-0.02,0.00,0.00,0.49,2.50,0.07,10.61,0.00,0,2,1002.84,34.89,93.20,1002.85,31.36,92.07,0.64,1002.21,32.81,98.21,-0.03,0.24,108.90,300.59,7937,0.66,1.00,9.62,1.00,0.06,-0.04,-0.00,4.62,-7.29,-0.52,3,8,7,29, 0.0000000, 0.0000000, 0.00, 0.00
56361,-0.07,-0.41,9.52,1.00,-0.02,0.00,0.00,0.49,2.50,0.07,10.62,0.00,0,2,1002.84,34.88,93.19,1002.85,31.37,91.99,0.64,1002.21,32.80,98.19,-0.03,0.24,108.72,300.59,7936,0.79,1.07,9.45,1.00,0.06,-0.04,-0.00,4.62,-7.29,-0.52,3,8,7,29, 0.0000000, 0.0000000, 0.00, 0.00
56414,-0.03,-0.49,9.59,1.00,-0.02,0.00,0.00,0.49,2.50,0.07,10.60,0.00,0,2,1002.84,34.89,93.18,1002.85,31.37,92.00,0.64,1002.21,32.79,98.21,-0.03,0.24,108.28,300.59,7937,0.69,1.18,9.55,1.00,0.06,-0.04,-0.00,4.62,-7.29,-0.52,3,8,7,29, 0.0000000, 0.0000000, 0.00, 0.00
56470,-0.02,-0.54,9.51,1.00,-0.02,0.00,0.00,0.49,2.50,0.07,10.59,0.00,0,2,1002.84,34.89,93.17,1002.85,31.34,92.05,0.64,1002.21,32.80,98.21,-0.03,0.24,108.72,300.50,7936,0.79,1.34,9.60,1.00,0.06,-0.04,-0.00,4.62,-7.29,-0.52,3,8,7,29, 0.0000000, 0.0000000, 0.00, 0.00
56522,-0.11,-0.59,9.52,1.00,-0.02,0.00,0.00,0.49,2.50,0.07,10.59,0.00,0,2,1002.84,34.88,93.22,1002.85,31.36,92.04,0.65,1002.21,32.80,98.21,-0.03,0.24,108.63,300.50,7937,0.73,1.18,9.52,1.00,0.06,-0.04,-0.00,4.62,-7.29,-0.52,3,8,7,29, 0.0000000, 0.0000000, 0.00, 0.00
56579,-0.11,-0.47,9.51,1.00,-0.02,0.00,0.00,0.49,2.50,0.07,10.61,0.00,0,2,1002.84,34.89,93.18,1002.84,31.36,92.00,0.64,1002.21,32.80,98.22,-0.03,0.24,107.49,300.50,7937,0.76,1.13,9.50,1.00,0.06,-0.04,-0.00,4.62,-7.29,-0.53,3,8,7,29, 0.0000000, 0.0000000, 0.00, 0.00
56633,-0.14,-0.45,9.55,1.00,-0.02,0.00,0.00,0.49,2.50,0.07,10.60,0.00,0,2,1002.84,34.88,93.21,1002.85,31.34,92.04,0.64,1002.21,32.81,98.19,-0.03,0.24,107.67,300.50,7937,0.77,1.13,9.61,1.00,0.06,-0.04,-0.00,4.62,-7.29,-0.53,3,8,7,29, 0.0000000, 0.0000000, 0.00, 0.00
56689,-0.09,-0.52,9.51,1.00,-0.02,0.00,0.00,0.49,2.50,0.07,10.61,0.00,0,2,1002.84,34.88,93.18,1002.85,31.35,92.02,0.64,1002.21,32.80,98.19,-0.03,0.24,109.86,300.50,7937,0.86,1.25,9.55,1.00,0.06,-0.04,-0.00,4.62,-7.29,-0.53,3,8,7,29, 0.0000000, 0.0000000, 0.00, 0.00
56741,-0.07,-0.52,9.49,1.00,-0.02,0.00,0.00,0.49,2.50,0.07,10.61,0.00,0,2,1002.84,34.88,93.19,1002.85,31.35,92.03,0.64,1002.20,32.80,98.24,-0.02,0.17,110.48,300.50,7938,0.83,1.21,9.51,1.00,0.06,-0.04,-0.00,4.62,-7.29,-0.53,3,8,7,29, 0.0000000, 0.0000000, 0.00, 0.00
56798,0.00,-0.54,9.50,1.00,-0.02,0.00,0.00,0.49,2.50,0.07,10.61,0.00,0,2,1002.84,34.88,93.21,1002.85,31.36,92.03,0.64,1002.21,32.79,98.22,-0.03,0.24,108.98,300.50,7937,0.64,1.28,9.56,1.00,0.06,-0.04,-0.00,4.62,-7.29,-0.53,3,8,7,29, 0.0000000, 0.0000000, 0.00, 0.00
56852,0.02,-0.47,9.51,1.00,-0.02,0.00,0.00,0.49,2.50,0.07,10.60,0.00,0,2,1002.84,34.88,93.15,1002.85,31.34,92.02,0.64,1002.21,32.79,98.18,-0.03,0.24,108.72,300.50,7937,0.66,1.21,9.55,1.00,0.06,-0.04,-0.00,4.62,-7.29,-0.53,3,8,7,29, 0.0000000, 0.0000000, 0.00, 0.00
56910,-0.07,-0.52,9.53,1.00,-0.02,0.00,0.00,0.49,2.50,0.06,10.59,0.00,0,2,1002.84,34.88,93.19,1002.85,31.35,92.02,0.64,1002.21,32.80,98.16,-0.03,0.24,108.72,300.50,7937,0.74,1.27,9.55,1.00,0.06,-0.04,-0.00,4.62,-7.29,-0.54,3,8,7,29, 0.0000000, 0.0000000, 0.00, 0.00
56962,-0.15,-0.55,9.53,1.00,-0.02,0.00,0.00,0.49,2.50,0.06,10.59,0.00,0,2,1002.85,34.88,93.12,1002.85,31.34,92.05,0.64,1002.21,32.80,98.21,-0.03,0.24,109.42,300.50,7938,0.94,1.22,9.46,1.00,0.06,-0.04,-0.00,4.62,-7.29,-0.54,3,8,7,29, 0.0000000, 0.0000000, 0.00, 0.00
57016,-0.12,-0.45,9.57,1.00,-0.02,0.00,0.00,0.49,2.50,0.06,10.59,0.00,0,2,1002.84,34.88,93.19,1002.85,31.35,92.02,0.64,1002.21,32.81,98.24,-0.03,0.24,109.86,300.50,7938,0.93,0.98,9.61,1.00,0.06,-0.04,-0.00,4.62,-7.29,-0.54,3,8,8,29, 0.0000000, 0.0000000, 0.00, 0.00
57072,-0.12,-0.50,9.50,1.00,-0.02,0.00,0.00,0.49,2.50,0.06,10.60,0.00,0,2,1002.85,34.89,93.13,1002.85,31.37,92.03,0.64,1002.20,32.80,98.26,-0.03,0.24,110.13,300.50,7937,0.96,1.23,9.57,1.00,0.06,-0.04,-0.00,4.61,-7.29,-0.55,3,8,8,29, 0.0000000, 0.0000000, 0.00, 0.00
57130,-0.08,-0.48,9.55,1.00,-0.02,0.00,0.00,0.49,2.50,0.06,10.59,0.00,0,2,1002.84,34.89,93.15,1002.85,31.35,92.02,0.64,1002.21,32.81,98.17,-0.03,0.24,108.72,300.50,7938,0.73,1.25,9.49,1.00,0.06,-0.04,-0.00,4.61,-7.29,-0.55,3,8,8,29, 0.0000000, 0.0000000, 0.00, 0.00
57182,-0.09,-0.50,9.52,1.00,-0.02,0.00,0.00,0.49,2.50,0.06,10.59,0.00,0,2,1002.85,34.89,93.13,1002.85,31.36,92.06,0.64,1002.21,32.80,98.16,-0.03,0.24,104.24,300.50,7937,0.63,1.24,9.51,1.00,0.06,-0.04,-0.00,4.61,-7.29,-0.56,3,8,8,29, 0.0000000, 0.0000000, 0.00, 0.00
57240,-0.11,-0.49,9.56,1.00,-0.02,0.00,0.00,0.49,2.50,0.06,10.58,0.00,0,2,1002.84,34.88,93.19,1002.85,31.35,92.07,0.64,1002.21,32.81,98.21,-0.05,0.29,102.39,300.59,7938,0.63,1.21,9.51,1.00,0.06,-0.04,-0.00,4.61,-7.29,-0.58,3,8,8,29, 0.0000000, 0.0000000, 0.00, 0.00
57290,-0.10,-0.45,9.52,1.00,-0.02,0.00,0.00,0.49,2.50,0.06,10.59,0.00,0,2,1002.85,34.89,93.14,1002.85,31.36,92.04,0.64,1002.21,32.81,98.21,-0.02,0.17,106.26,300.59,7938,0.87,1.18,9.55,1.00,0.06,-0.04,-0.00,4.61,-7.30,-0.60,3,8,8,29, 0.0000000, 0.0000000, 0.00, 0.00
57343,-0.05,-0.54,9.55,1.00,-0.02,0.00,0.00,0.49,2.50,0.06,10.60,0.00,0,2,1002.85,34.88,93.12,1002.85,31.37,92.02,0.64,1002.21,32.82,98.23,-0.03,0.24,109.51,300.50,7937,0.77,1.37,9.57,1.00,0.06,-0.04,-0.00,4.61,-7.30,-0.61,3,8,8,29, 0.0000000, 0.0000000, 0.00, 0.00
57400,-0.03,-0.55,9.48,1.00,-0.02,0.00,0.00,0.49,2.50,0.06,10.59,0.00,0,2,1002.85,34.89,93.13,1002.85,31.36,92.03,0.64,1002.21,32.81,98.21,-0.03,0.24,107.40,300.50,7937,0.56,1.08,9.55,1.00,0.06,-0.04,-0.00,4.61,-7.30,-0.61,3,8,8,29, 0.0000000, 0.0000000, 0.00, 0.00
57453,-0.16,-0.54,9.57,1.00,-0.02,0.00,0.00,0.49,2.50,0.06,10.59,0.00,0,2,1002.84,34.88,93.19,1002.85,31.37,92.04,0.64,1002.21,32.81,98.20,-0.03,0.24,104.94,300.50,7937,1.01,1.28,9.54,1.00,0.06,-0.04,-0.00,4.61,-7.30,-0.61,3,8,8,29, 0.0000000, 0.0000000, 0.00, 0.00
57509,-0.24,-0.50,9.57,1.00,-0.02,0.00,0.00,0.49,2.50,0.06,10.59,0.00,0,2,1002.84,34.88,93.17,1002.85,31.36,91.99,0.64,1002.21,32.80,98.16,-0.03,0.24,102.66,300.50,7939,0.95,1.31,9.59,1.00,0.06,-0.04,-0.00,4.61,-7.30,-0.61,3,8,8,29, 0.0000000, 0.0000000, 0.00, 0.00
57560,-0.02,-0.47,9.54,1.00,-0.02,0.00,0.00,0.49,2.50,0.06,10.59,0.00,0,2,1002.84,34.90,93.19,1002.85,31.36,92.05,0.64,1002.22,32.82,98.13,-0.03,0.24,103.36,300.50,7939,0.80,1.28,9.60,1.00,0.06,-0.04,-0.00,4.61,-7.30,-0.61,3,8,8,29, 0.0000000, 0.0000000, 0.00, 0.00
57615,0.00,-0.42,9.59,1.00,-0.02,0.00,0.00,0.49,2.50,0.06,10.60,0.00,0,2,1002.84,34.88,93.17,1002.85,31.36,92.06,0.64,1002.21,32.81,98.19,-0.05,0.29,103.36,300.50,7938,0.73,0.83,9.51,1.00,0.06,-0.04,-0.00,4.61,-7.30,-0.61,3,8,8,29, 0.0000000, 0.0000000, 0.00, 0.00
57671,0.03,-0.53,9.47,1.00,-0.02,0.00,0.00,0.49,2.50,0.06,10.60,0.00,0,2,1002.84,34.89,93.16,1002.85,31.36,92.03,0.64,1002.21,32.82,98.16,-0.03,0.24,102.83,300.50,7937,0.58,1.26,9.64,1.00,0.06,-0.04,-0.00,4.61,-7.30,-0.61,3,8,8,29, 0.0000000, 0.0000000, 0.00, 0.00
57722,0.06,-0.66,9.54,1.00,-0.02,0.00,0.00,0.48,2.52,0.05,10.59,0.00,0,2,1002.84,34.89,93.15,1002.85,31.37,92.06,0.64,1002.21,32.82,98.23,-0.03,0.24,103.97,300.50,7938,0.54,1.55,9.65,1.00,0.06,-0.04,-0.00,4.60,-7.32,-0.61,3,8,8,29, 0.0000000, 0.0000000, 0.00, 0.00
57779,-0.14,-0.55,9.65,1.00,-0.02,0.00,0.00,0.46,2.57,0.05,10.59,0.00,0,2,1002.84,34.89,93.16,1002.85,31.37,92.05,0.64,1002.21,32.82,98.22,-0.03,0.24,106.17,300.50,7938,0.79,1.26,9.51,1.00,0.06,-0.04,-0.00,4.59,-7.32,-0.64,3,8,8,29, 0.0000000, 0.0000000, 0.00, 0.00
57834,-0.28,-0.43,9.55,1.00,-0.02,0.00,0.00,0.47,2.57,0.05,10.60,0.00,0,2,1002.85,34.90,93.13,1002.85,31.37,92.03,0.64,1002.21,32.82,98.22,-0.03,0.24,107.84,300.50,7938,0.89,1.23,9.55,1.00,0.06,-0.04,-0.00,4.60,-7.31,-0.68,3,8,8,29, 0.0000000, 0.0000000, 0.00, 0.00
57889,-0.07,-0.47,9.39,1.00,-0.02,0.00,0.00,0.48,2.58,0.05,10.60,0.00,0,2,1002.84,34.89,93.18,1002.85,31.35,92.02,0.64,1002.21,32.81,98.24,-0.05,0.29,106.08,300.23,7938,0.65,0.93,9.49,1.00,0.06,-0.04,-0.00,4.60,-7.31,-0.68,3,8,8,29, 0.0000000, 0.0000000, 0.00, 0.00
57940,-0.04,-0.45,9.57,1.00,-0.02,0.00,0.00,0.48,2.58,0.05,10.59,0.00,0,2,1002.84,34.87,93.16,1002.85,31.36,92.02,0.64,1002.21,32.82,98.16,-0.03,0.24,102.04,300.23,7938,0.53,1.39,9.57,1.00,0.06,-0.04,-0.00,4.60,-7.32,-0.69,3,8,8,29, 0.0000000, 0.0000000, 0.00, 0.00
57996,-0.14,-0.62,9.46,1.00,-0.02,0.00,0.00,0.48,2.59,0.05,10.60,0.00,0,2,1002.84,34.88,93.15,1002.85,31.36,92.02,0.65,1002.21,32.80,98.21,-0.03,0.24,100.90,300.23,7939,0.87,1.54,9.55,1.00,0.06,-0.04,-0.00,4.60,-7.33,-0.69,3,8,8,29, 0.0000000, 0.0000000, 0.00, 0.00
58051,-0.09,-0.41,9.46,1.00,-0.02,0.00,0.00,0.49,2.62,0.05,10.59,0.00,0,2,1002.85,34.89,93.13,1002.85,31.36,92.01,0.64,1002.21,32.82,98.19,-0.03,0.24,101.07,300.23,7938,0.73,0.99,9.50,1.00,0.06,-0.04,-0.00,4.60,-7.32,-0.70,3,8,9,29, 0.0000000, 0.0000000, 0.00, 0.00
58109,0.00,-0.51,9.52,1.00,-0.02,0.00,0.00,0.49,2.62,0.05,10.59,0.00,0,2,1002.84,34.88,93.15,1002.85,31.36,92.01,0.64,1002.21,32.81,98.19,-0.05,0.29,101.34,300.23,7939,0.73,1.06,9.51,1.00,0.06,-0.04,-0.00,4.60,-7.33,-0.70,3,8,9,29, 0.0000000, 0.0000000, 0.00, 0.00
58160,-0.03,-0.56,9.56,1.00,-0.02,0.00,0.00,0.48,2.63,0.05,10.60,0.00,0,2,1002.84,34.88,93.17,1002.85,31.37,92.02,0.64,1002.22,32.82,98.13,-0.03,0.24,102.57,300.23,7938,0.72,1.54,9.51,1.00,0.06,-0.04,-0.00,4.60,-7.34,-0.71,3,8,9,29, 0.0000000, 0.0000000, 0.00, 0.00
58215,-0.05,-0.45,9.51,1.00,-0.02,0.00,0.00,0.48,2.64,0.05,10.59,0.00,0,2,1002.84,34.88,93.17,1002.85,31.37,92.04,0.64,1002.22,32.82,98.13,-0.05,0.29,102.04,300.85,7938,0.63,1.15,9.61,1.00,0.06,-0.04,-0.00,4.59,-7.34,-0.71,3,8,9,29, 0.0000000, 0.0000000, 0.00, 0.00
58271,-0.14,-0.56,9.56,1.00,-0.02,0.00,0.00,0.48,2.65,0.05,10.60,0.00,0,2,1002.84,34.86,93.20,1002.85,31.36,92.01,0.64,1002.21,32.80,98.16,-0.03,0.24,101.07,301.20,7937,0.66,1.36,9.60,1.00,0.06,-0.04,-0.00,4.59,-7.33,-0.72,3,8,9,29, 0.0000000, 0.0000000, 0.00, 0.00
58328,-0.22,-0.47,9.55,1.00,-0.02,0.00,0.00,0.50,2.66,0.05,10.60,0.00,0,2,1002.85,34.89,93.14,1002.85,31.36,92.03,0.64,1002.22,32.81,98.11,-0.03,0.24,100.72,301.20,7937,0.75,1.22,9.53,1.00,0.06,-0.04,-0.00,4.60,-7.33,-0.72,3,8,9,29, 0.0000000, 0.0000000, 0.00, 0.00
58379,-0.22,-0.52,9.49,1.00,-0.02,0.00,0.00,0.51,2.66,0.05,10.60,0.00,0,2,1002.84,34.87,93.16,1002.85,31.36,92.03,0.63,1002.21,32.82,98.16,-0.03,0.24,100.28,301.29,7937,0.87,1.12,9.53,1.00,0.06,-0.04,-0.00,4.61,-7.32,-0.72,3,8,9,29, 0.0000000, 0.0000000, 0.00, 0.00
58437,-0.13,-0.56,9.52,1.00,-0.02,0.00,0.00,0.53,2.67,0.06,10.59,0.00,0,2,1002.84,34.86,93.18,1002.86,31.37,91.99,0.63,1002.21,32.81,98.19,-0.05,0.29,100.37,301.20,7938,0.76,1.19,9.51,1.00,0.06,-0.04,-0.00,4.62,-7.32,-0.72,3,8,9,29, 0.0000000, 0.0000000, 0.00, 0.00
58490,0.00,-0.53,9.45,1.00,-0.02,0.00,0.00,0.52,2.69,0.05,10.60,0.00,0,2,1002.84,34.88,93.14,1002.85,31.35,92.04,0.63,1002.20,32.80,98.24,-0.03,0.24,102.66,301.20,7938,0.61,1.26,9.61,1.00,0.06,-0.04,-0.00,4.60,-7.31,-0.72,3,8,9,29, 0.0000000, 0.0000000, 0.00, 0.00
58548,-0.02,-0.50,9.58,1.00,-0.02,0.00,0.00,0.50,2.70,0.05,10.60,0.00,0,2,1002.85,34.86,93.13,1002.85,31.35,92.00,0.63,1002.21,32.80,98.21,-0.03,0.24,107.40,301.20,7938,0.73,1.26,9.58,1.00,0.06,-0.04,-0.00,4.59,-7.32,-0.72,3,8,9,29, 0.0000000, 0.0000000, 0.00, 0.00
58600,-0.08,-0.44,9.58,1.00,-0.02,0.00,0.00,0.50,2.70,0.05,10.60,0.00,0,2,1002.85,34.88,93.12,1002.85,31.36,92.01,0.63,1002.21,32.82,98.21,-0.03,0.24,109.95,301.20,7937,0.74,1.25,9.62,1.00,0.06,-0.04,-0.00,4.59,-7.31,-0.72,3,8,9,29, 0.0000000, 0.0000000, 0.00, 0.00
58656,-0.11,-0.61,9.54,1.00,-0.02,0.00,0.00,0.50,2.71,0.05,10.59,0.00,0,2,1002.85,34.87,93.13,1002.86,31.37,91.98,0.64,1002.21,32.81,98.19,-0.05,0.29,108.81,301.20,7938,0.75,1.23,9.56,1.00,0.06,-0.04,-0.00,4.59,-7.31,-0.72,3,8,9,29, 0.0000000, 0.0000000, 0.00, 0.00
58708,-0.03,-0.48,9.54,1.00,-0.02,0.00,0.00,0.50,2.71,0.05,10.59,0.00,0,2,1002.85,34.88,93.09,1002.85,31.36,92.01,0.64,1002.21,32.81,98.16,-0.02,0.17,107.67,301.20,7938,0.59,1.17,9.51,1.00,0.06,-0.04,-0.00,4.59,-7.31,-0.72,3,8,9,29, 0.0000000, 0.0000000, 0.00, 0.00
58762,0.02,-0.56,9.49,1.00,-0.02,0.00,0.00,0.50,2.72,0.05,10.60,0.00,0,2,1002.85,34.88,93.09,1002.85,31.36,91.99,0.63,1002.21,32.80,98.19,-0.03,0.24,106.88,301.20,7937,0.71,1.24,9.57,1.00,0.06,-0.04,-0.00,4.57,-7.31,-0.72,3,8,9,29, 0.0000000, 0.0000000, 0.00, 0.00
58818,-0.05,-0.51,9.51,1.00,-0.02,0.00,0.00,0.49,2.72,0.05,10.59,0.00,0,2,1002.85,34.88,93.12,1002.85,31.37,92.06,0.63,1002.21,32.81,98.17,-0.03,0.24,106.26,301.20,7938,0.77,1.21,9.57,1.00,0.06,-0.04,-0.00,4.57,-7.31,-0.72,3,8,9,29, 0.0000000, 0.0000000, 0.00, 0.00
58871,-0.16,-0.53,9.54,1.00,-0.02,0.00,0.00,0.49,2.72,0.05,10.58,0.00,0,2,1002.84,34.88,93.15,1002.85,31.37,92.00,0.64,1002.22,32.81,98.12,-0.03,0.24,106.26,301.20,7937,0.81,1.42,9.61,1.00,0.06,-0.04,-0.00,4.57,-7.31,-0.72,3,8,9,29, 0.0000000, 0.0000000, 0.00, 0.00
58927,-0.14,-0.54,9.55,1.00,-0.02,0.00,0.00,0.49,2.72,0.05,10.58,0.00,0,2,1002.85,34.88,93.08,1002.85,31.36,92.03,0.63,1002.21,32.80,98.16,-0.03,0.24,110.30,301.20,7938,0.75,1.22,9.51,1.00,0.06,-0.04,-0.00,4.58,-7.31,-0.72,3,8,9,29, 0.0000000, 0.0000000, 0.00, 0.00
58981,-0.06,-0.45,9.58,1.00,-0.02,0.00,0.00,0.49,2.72,0.05,10.56,0.00,0,2,1002.85,34.88,93.08,1002.85,31.38,92.01,0.63,1002.22,32.82,98.13,-0.03,0.24,113.03,301.11,7938,0.97,1.16,9.52,1.00,0.06,-0.04,-0.00,4.58,-7.31,-0.72,3,8,9,29, 0.0000000, 0.0000000, 0.00, 0.00
59038,-0.09,-0.54,9.51,1.00,-0.02,0.00,0.00,0.49,2.72,0.05,10.56,0.00,0,2,1002.85,34.88,93.09,1002.85,31.37,92.00,0.63,1002.22,32.80,98.14,-0.03,0.24,114.17,300.94,7938,0.77,1.22,9.52,1.00,0.06,-0.04,-0.00,4.57,-7.31,-0.71,3,8,10,29, 0.0000000, 0.0000000, 0.00, 0.00
59093,-0.01,-0.48,9.50,1.00,-0.02,0.00,0.00,0.49,2.72,0.05,10.57,0.00,0,2,1002.85,34.89,93.11,1002.85,31.36,92.03,0.63,1002.21,32.82,98.18,-0.03,0.24,113.55,300.94,7937,0.67,1.04,9.47,1.00,0.06,-0.04,-0.00,4.57,-7.31,-0.71,3,8,10,29, 0.0000000, 0.0000000, 0.00, 0.00
59148,-0.03,-0.52,9.49,1.00,-0.02,0.00,0.00,0.49,2.72,0.05,10.58,0.00,0,2,1002.85,34.90,93.11,1002.85,31.36,92.04,0.63,1002.21,32.83,98.16,-0.03,0.24,112.76,300.85,7937,0.81,1.42,9.63,1.00,0.06,-0.04,-0.00,4.57,-7.31,-0.71,3,8,10,29, 0.0000000, 0.0000000, 0.00, 0.00
59200,-0.03,-0.50,9.53,1.00,-0.02,0.00,0.00,0.49,2.72,0.05,10.60,0.00,0,2,1002.85,34.90,93.13,1002.85,31.36,92.00,0.63,1002.21,32.81,98.19,-0.03,0.24,112.50,300.85,7937,0.70,1.08,9.51,1.00,0.06,-0.04,-0.00,4.57,-7.31,-0.71,3,8,10,29, 0.0000000, 0.0000000, 0.00, 0.00
59257,-0.07,-0.54,9.49,1.00,-0.02,0.00,0.00,0.49,2.72,0.05,10.59,0.00,0,2,1002.85,34.90,93.14,1002.85,31.37,92.02,0.63,1002.21,32.83,98.17,-0.05,0.29,112.59,300.85,7937,0.76,0.94,9.49,1.00,0.06,-0.04,-0.00,4.57,-7.31,-0.71,3,8,10,29, 0.0000000, 0.0000000, 0.00, 0.00
59309,-0.14,-0.51,9.57,1.00,-0.02,0.00,0.00,0.49,2.72,0.05,10.60,0.00,0,2,1002.84,34.91,93.17,1002.85,31.36,92.04,0.63,1002.21,32.83,98.17,-0.03,0.24,112.32,300.85,7937,0.83,0.97,9.49,1.00,0.06,-0.04,-0.00,4.57,-7.31,-0.71,3,8,10,29, 0.0000000, 0.0000000, 0.00, 0.00
59360,-0.05,-0.47,9.54,1.00,-0.02,0.00,0.00,0.49,2.72,0.05,10.61,0.00,0,2,1002.84,34.90,93.17,1002.85,31.37,92.01,0.63,1002.21,32.83,98.19,-0.03,0.24,112.24,300.76,7937,0.70,1.38,9.58,1.00,0.06,-0.04,-0.00,4.57,-7.31,-0.71,3,8,10,29, 0.0000000, 0.0000000, 0.00, 0.00
59417,-0.14,-0.56,9.50,1.00,-0.02,0.00,0.00,0.49,2.72,0.05,10.61,0.00,0,2,1002.84,34.89,93.18,1002.85,31.37,92.01,0.63,1002.21,32.84,98.20,-0.05,0.29,111.80,300.85,7937,0.82,1.14,9.51,1.00,0.06,-0.04,-0.00,4.57,-7.31,-0.71,3,8,10,29, 0.0000000, 0.0000000, 0.00, 0.00
59474,-0.11,-0.64,9.54,1.00,-0.02,0.00,0.00,0.49,2.72,0.05,10.61,0.00,0,2,1002.84,34.89,93.18,1002.85,31.36,92.04,0.63,1002.22,32.83,98.14,-0.03,0.24,111.27,300.85,7937,0.79,1.30,9.47,1.00,0.06,-0.04,-0.00,4.57,-7.31,-0.71,3,8,10,29, 0.0000000, 0.0000000, 0.00, 0.00
59527,-0.08,-0.45,9.47,1.00,-0.02,0.00,0.00,0.49,2.72,0.05,10.60,0.00,0,2,1002.84,34.90,93.17,1002.85,31.37,92.04,0.63,1002.22,32.83,98.16,-0.03,0.24,110.04,300.85,7937,0.99,1.00,9.50,1.00,0.06,-0.04,-0.00,4.58,-7.31,-0.70,3,8,10,29, 0.0000000, 0.0000000, 0.00, 0.00
59581,-0.10,-0.42,9.51,1.00,-0.02,0.00,0.00,0.49,2.72,0.05,10.61,0.00,0,2,1002.85,34.91,93.13,1002.85,31.36,92.03,0.63,1002.21,32.81,98.15,-0.03,0.24,108.63,300.85,7937,0.56,1.24,9.53,1.00,0.06,-0.04,-0.00,4.58,-7.31,-0.69,3,8,10,29, 0.0000000, 0.0000000, 0.00, 0.00
59637,-0.19,-0.54,9.56,1.00,-0.02,0.00,0.00,0.49,2.72,0.05,10.60,0.00,0,2,1002.85,34.91,93.12,1002.85,31.36,92.04,0.63,1002.21,32.82,98.20,-0.02,0.17,107.40,300.85,7937,0.68,1.43,9.69,1.00,0.06,-0.04,-0.00,4.58,-7.30,-0.66,3,8,10,29, 0.0000000, 0.0000000, 0.00, 0.00
59692,-0.16,-0.50,9.53,1.00,-0.02,0.00,0.00,0.49,2.72,0.05,10.61,0.00,0,2,1002.85,34.89,93.14,1002.85,31.37,92.02,0.63,1002.21,32.81,98.22,-0.03,0.24,107.05,300.76,7937,0.72,1.24,9.55,1.00,0.06,-0.04,-0.00,4.59,-7.30,-0.66,3,8,10,29, 0.0000000, 0.0000000, 0.00, 0.00
59746,-0.05,-0.48,9.52,1.00,-0.02,0.00,0.00,0.49,2.72,0.05,10.61,0.00,0,2,1002.84,34.91,93.20,1002.85,31.37,92.02,0.63,1002.21,32.82,98.18,-0.03,0.24,107.93,300.67,7937,0.74,1.09,9.56,1.00,0.06,-0.04,-0.00,4.59,-7.30,-0.66,3,8,10,29, 0.0000000, 0.0000000, 0.00, 0.00
59798,-0.22,-0.44,9.50,1.00,-0.02,0.00,0.00,0.49,2.72,0.05,10.63,0.00,0,2,1002.84,34.92,93.18,1002.85,31.36,92.01,0.63,1002.21,32.82,98.20,-0.03,0.24,108.02,300.67,7937,0.79,1.22,9.58,1.00,0.06,-0.04,-0.00,4.59,-7.30,-0.66,3,8,10,29, 0.0000000, 0.0000000, 0.00, 0.00
59857,-0.21,-0.58,9.50,1.00,-0.02,0.00,0.00,0.49,2.72,0.05,10.63,0.00,0,2,1002.84,34.91,93.16,1002.85,31.37,92.00,0.63,1002.21,32.83,98.19,-0.03,0.24,108.11,300.67,7938,0.74,1.40,9.53,1.00,0.06,-0.04,-0.00,4.59,-7.30,-0.64,3,8,10,29, 0.0000000, 0.0000000, 0.00, 0.00
59909,-0.12,-0.64,9.55,1.00,-0.02,0.00,0.00,0.50,2.74,0.05,10.61,0.00,0,2,1002.84,34.91,93.15,1002.85,31.37,92.04,0.63,1002.21,32.81,98.20,-0.05,0.29,108.11,300.76,7937,0.79,1.40,9.61,1.00,0.06,-0.04,-0.00,4.59,-7.30,-0.63,3,8,10,29, 0.0000000, 0.0000000, 0.00, 0.00
59966,-0.11,-0.46,9.50,1.00,-0.02,0.00,0.00,0.50,2.76,0.05,10.61,0.00,0,2,1002.84,34.91,93.15,1002.85,31.37,92.00,0.63,1002.21,32.81,98.18,-0.03,0.24,109.16,300.76,7937,0.84,1.23,9.50,1.00,0.06,-0.04,-0.00,4.59,-7.32,-0.62,3,8,10,29, 0.0000000, 0.0000000, 0.00, 0.00
60018,0.04,-0.39,9.57,1.00,-0.02,0.00,0.00,0.50,2.76,0.05,10.60,0.00,0,2,1002.85,34.91,93.11,1002.85,31.38,92.03,0.63,1002.21,32.83,98.19,-0.03,0.24,109.16,300.76,7937,0.65,1.38,9.64,1.00,0.06,-0.04,-0.00,4.60,-7.32,-0.60,3,8,11,29, 0.0000000, 0.0000000, 0.00, 0.00
60075,-0.02,-0.50,9.50,1.00,-0.02,0.00,0.00,0.49,2.76,0.05,10.59,0.00,0,2,1002.85,34.92,93.12,1002.85,31.38,92.00,0.63,1002.21,32.83,98.19,-0.03,0.24,109.42,300.85,7936,0.67,1.58,9.68,1.00,0.06,-0.04,-0.00,4.60,-7.32,-0.58,3,8,11,29, 0.0000000, 0.0000000, 0.00, 0.00
60127,-0.06,-0.67,9.48,1.00,-0.02,0.00,0.00,0.49,2.78,0.05,10.60,0.00,0,2,1002.84,34.93,93.15,1002.85,31.36,92.04,0.64,1002.22,32.82,98.14,-0.05,0.29,109.25,300.85,7939,0.69,1.40,9.58,1.00,0.06,-0.04,-0.00,4.59,-7.32,-0.57,3,8,11,29, 0.0000000, 0.0000000, 0.00, 0.00
60179,-0.02,-0.53,9.55,1.00,-0.02,0.00,0.00,0.49,2.80,0.05,10.61,0.00,0,2,1002.84,34.94,93.18,1002.85,31.36,92.04,0.64,1002.21,32.82,98.18,-0.02,0.17,108.81,300.85,7938,0.55,1.17,9.54,1.00,0.06,-0.04,-0.00,4.59,-7.32,-0.57,3,8,11,29, 0.0000000, 0.0000000, 0.00, 0.00
60236,-0.05,-0.41,9.54,1.00,-0.02,0.00,0.00,0.48,2.80,0.05,10.62,0.00,0,2,1002.84,34.92,93.20,1002.85,31.36,92.05,0.64,1002.20,32.82,98.32,-0.03,0.24,109.60,300.76,7938,0.89,1.24,9.60,1.00,0.06,-0.04,-0.00,4.59,-7.32,-0.57,3,8,11,29, 0.0000000, 0.0000000, 0.00, 0.00
60291,-0.08,-0.51,9.54,1.00,-0.02,0.00,0.00,0.48,2.80,0.05,10.64,0.00,0,2,1002.84,34.93,93.17,1002.85,31.37,92.00,0.64,1002.20,32.83,98.26,-0.02,0.17,109.95,300.76,7938,1.06,1.44,9.59,1.00,0.06,-0.04,-0.00,4.58,-7.29,-0.56,3,8,11,29, 0.0000000, 0.0000000, 0.00, 0.00
60346,-0.07,-0.52,9.51,1.00,-0.02,0.00,0.00,0.48,2.80,0.05,10.63,0.00,0,2,1002.84,34.92,93.16,1002.85,31.36,92.02,0.64,1002.21,32.83,98.16,-0.05,0.29,109.95,300.76,7937,0.72,1.20,9.56,1.00,0.06,-0.04,-0.00,4.58,-7.29,-0.56,3,8,11,29, 0.0000000, 0.0000000, 0.00, 0.00
60398,-0.09,-0.57,9.50,1.00,-0.02,0.00,0.00,0.48,2.81,0.05,10.61,0.00,0,2,1002.85,34.92,93.14,1002.86,31.37,92.02,0.65,1002.21,32.81,98.17,-0.03,0.24,109.95,300.76,7938,0.69,1.19,9.54,1.00,0.06,-0.04,-0.00,4.58,-7.29,-0.55,3,8,11,29, 0.0000000, 0.0000000, 0.00, 0.00
60455,-0.06,-0.48,9.53,1.00,-0.02,0.00,0.00,0.48,2.81,0.05,10.59,0.00,0,2,1002.85,34.92,93.09,1002.85,31.36,92.00,0.64,1002.21,32.83,98.19,-0.03,0.24,109.69,300.76,7940,0.58,1.00,9.50,1.00,0.06,-0.04,-0.00,4.57,-7.29,-0.54,3,8,11,29, 0.0000000, 0.0000000, 0.00, 0.00
60508,-0.12,-0.48,9.56,1.00,-0.02,0.00,0.00,0.48,2.82,0.05,10.58,0.00,0,2,1002.85,34.93,93.10,1002.85,31.37,92.01,0.65,1002.21,32.82,98.22,-0.03,0.24,109.78,300.76,7939,0.98,1.38,9.55,1.00,0.06,-0.04,-0.00,4.58,-7.29,-0.54,3,8,11,29, 0.0000000, 0.0000000, 0.00, 0.00
60559,-0.19,-0.58,9.57,1.00,-0.02,0.00,0.00,0.49,2.83,0.05,10.59,0.00,0,2,1002.84,34.92,93.16,1002.85,31.36,92.04,0.64,1002.22,32.83,98.14,-0.03,0.24,110.30,300.76,7938,0.92,1.46,9.60,1.00,0.06,-0.04,-0.00,4.59,-7.30,-0.55,3,8,11,29, 0.0000000, 0.0000000, 0.00, 0.00
60616,-0.28,-0.35,9.47,1.00,-0.02,0.00,0.00,0.51,2.83,0.05,10.60,0.00,0,2,1002.84,34.92,93.19,1002.85,31.36,92.05,0.64,1002.21,32.83,98.21,-0.03,0.24,109.51,300.76,7938,0.93,0.80,9.47,1.00,0.06,-0.04,-0.00,4.59,-7.30,-0.54,3,8,11,29, 0.0000000, 0.0000000, 0.00, 0.00
60673,0.07,-0.45,9.57,1.00,-0.02,0.00,0.00,0.53,2.83,0.05,10.61,0.00,0,2,1002.85,34.93,93.15,1002.85,31.36,92.04,0.64,1002.21,32.83,98.23,-0.05,0.29,109.51,300.85,7938,0.38,1.44,9.64,1.00,0.06,-0.04,-0.00,4.59,-7.28,-0.51,3,8,11,29, 0.0000000, 0.0000000, 0.00, 0.00
60728,-0.13,-0.59,9.36,1.00,-0.02,0.00,0.00,0.52,2.83,0.05,10.61,0.00,0,2,1002.84,34.92,93.16,1002.85,31.37,92.04,0.64,1002.19,32.82,98.40,-0.02,0.17,111.27,300.76,7938,0.52,2.00,9.74,1.00,0.06,-0.04,-0.00,4.60,-7.30,-0.50,3,8,11,29, 0.0000000, 0.0000000, 0.00, 0.00
60779,-0.09,-0.53,9.61,1.00,-0.02,0.00,0.00,0.53,2.85,0.05,10.61,0.00,0,2,1002.84,34.93,93.17,1002.85,31.38,92.03,0.64,1002.21,32.83,98.24,-0.02,0.17,112.41,300.76,7937,1.02,0.73,9.34,1.00,0.06,-0.04,-0.00,4.60,-7.28,-0.49,3,8,11,29, 0.0000000, 0.0000000, 0.00, 0.00
60835,0.00,-0.53,9.55,1.00,-0.02,0.00,0.00,0.53,2.85,0.05,10.62,0.00,0,2,1002.84,34.92,93.17,1002.85,31.36,92.02,0.64,1002.21,32.83,98.24,-0.05,0.29,115.05,300.85,7937,0.75,1.32,9.58,1.00,0.06,-0.04,-0.00,4.60,-7.29,-0.47,3,8,11,29, 0.0000000, 0.0000000, 0.00, 0.00
60889,-0.05,-0.48,9.52,1.00,-0.02,0.00,0.00,0.53,2.85,0.05,10.62,0.00,0,2,1002.84,34.93,93.17,1002.85,31.37,92.04,0.64,1002.21,32.85,98.23,-0.02,0.17,115.93,300.76,7937,0.97,1.25,9.56,1.00,0.06,-0.04,-0.00,4.60,-7.29,-0.45,3,8,11,29, 0.0000000, 0.0000000, 0.00, 0.00
60945,-0.05,-0.55,9.50,1.00,-0.02,0.00,0.00,0.53,2.86,0.05,10.62,0.00,0,2,1002.85,34.91,93.14,1002.85,31.37,92.00,0.64,1002.21,32.83,98.22,-0.02,0.17,118.12,300.85,7938,0.56,1.19,9.48,1.00,0.06,-0.04,-0.00,4.60,-7.29,-0.43,3,8,11,29, 0.0000000, 0.0000000, 0.00, 0.00
60998,-0.07,-0.51,9.54,1.00,-0.02,0.00,0.00,0.53,2.86,0.05,10.61,0.00,0,2,1002.85,34.92,93.13,1002.85,31.38,92.03,0.64,1002.20,32.83,98.28,-0.03,0.24,120.41,300.85,7938,0.67,1.01,9.50,1.00,0.06,-0.04,-0.00,4.60,-7.29,-0.44,3,8,11,29, 0.0000000, 0.0000000, 0.00, 0.00
61055,-0.14,-0.48,9.51,1.00,-0.02,0.00,0.00,0.53,2.86,0.05,10.60,0.00,0,2,1002.85,34.93,93.15,1002.85,31.37,92.04,0.64,1002.20,32.84,98.26,-0.02,0.17,116.63,300.85,7937,0.85,1.03,9.46,1.00,0.06,-0.04,-0.00,4.60,-7.29,-0.44,3,8,11,29, 0.0000000, 0.0000000, 0.00, 0.00
61109,-0.15,-0.48,9.55,1.00,-0.02,0.00,0.00,0.53,2.86,0.05,10.61,0.00,0,2,1002.85,34.92,93.14,1002.85,31.38,92.05,0.64,1002.21,32.83,98.21,-0.05,0.29,114.08,300.76,7938,0.84,1.24,9.55,1.00,0.06,-0.04,-0.00,4.61,-7.29,-0.43,3,8,11,29, 0.0000000, 0.0000000, 0.00, 0.00
61165,-0.15,-0.49,9.55,1.00,-0.02,0.00,0.00,0.53,2.86,0.05,10.61,0.00,0,2,1002.84,34.91,93.15,1002.85,31.37,92.04,0.64,1002.21,32.84,98.25,-0.03,0.24,111.18,300.85,7939,1.02,1.35,9.48,1.00,0.06,-0.04,-0.00,4.61,-7.28,-0.43,3,8,11,29, 0.0000000, 0.0000000, 0.00, 0.00
61223,-0.08,-0.52,9.52,1.00,-0.02,0.00,0.00,0.53,2.86,0.05,10.62,0.00,0,2,1002.85,34.93,93.12,1002.85,31.38,92.05,0.64,1002.20,32.82,98.25,-0.03,0.24,111.36,300.85,7938,0.68,1.28,9.53,1.00,0.06,-0.04,-0.00,4.61,-7.29,-0.42,3,8,11,29, 0.0000000, 0.0000000, 0.00, 0.00
61276,0.07,-0.56,9.43,1.00,-0.02,0.00,0.00,0.53,2.86,0.05,10.61,0.00,0,2,1002.85,34.91,93.15,1002.85,31.37,92.02,0.64,1002.21,32.85,98.23,-0.03,0.24,111.53,300.85,7939,0.52,1.33,9.47,1.00,0.06,-0.04,-0.00,4.60,-7.29,-0.41,3,8,11,29, 0.0000000, 0.0000000, 0.00, 0.00
61334,0.00,-0.51,9.62,1.00,-0.02,0.00,0.00,0.53,2.86,0.05,10.60,0.00,0,2,1002.84,34.92,93.20,1002.85,31.37,92.04,0.64,1002.20,32.85,98.26,-0.03,0.24,112.06,300.85,7939,0.73,1.17,9.54,1.00,0.06,-0.04,-0.00,4.60,-7.29,-0.41,3,8,11,29, 0.0000000, 0.0000000, 0.00, 0.00
61386,-0.19,-0.52,9.51,1.00,-0.02,0.00,0.00,0.53,2.86,0.05,10.61,0.00,0,2,1002.84,34.92,93.16,1002.86,31.37,92.02,0.64,1002.20,32.84,98.27,-0.03,0.24,111.45,300.85,7937,0.81,1.06,9.65,1.00,0.06,-0.04,-0.00,4.59,-7.29,-0.42,3,8,11,29, 0.0000000, 0.0000000, 0.00, 0.00
61443,-0.17,-0.50,9.56,1.00,-0.02,0.00,0.00,0.53,2.86,0.05,10.62,0.00,0,2,1002.84,34.91,93.17,1002.85,31.37,92.03,0.64,1002.21,32.84,98.25,-0.03,0.24,111.45,300.85,7938,0.98,1.17,9.47,1.00,0.06,-0.04,-0.00,4.59,-7.29,-0.41,3,8,11,29, 0.0000000, 0.0000000, 0.00, 0.00
61496,-0.15,-0.55,9.58,1.00,-0.02,0.00,0.00,0.53,2.86,0.05,10.61,0.00,0,2,1002.84,34.90,93.16,1002.85,31.39,92.01,0.64,1002.21,32.85,98.23,-0.03,0.24,112.94,300.85,7938,0.80,1.19,9.59,1.00,0.06,-0.04,-0.00,4.61,-7.27,-0.41,3,8,12,29, 0.0000000, 0.0000000, 0.00, 0.00
61555,-0.11,-0.51,9.49,1.00,-0.02,0.00,0.00,0.53,2.86,0.05,10.61,0.00,0,2,1002.84,34.91,93.16,1002.85,31.38,92.05,0.64,1002.20,32.84,98.26,-0.03,0.24,114.87,300.85,7938,0.77,1.14,9.51,1.00,0.06,-0.04,-0.00,4.61,-7.27,-0.41,3,8,12,29, 0.0000000, 0.0000000, 0.00, 0.00
61606,-0.04,-0.47,9.50,1.00,-0.02,0.00,0.00,0.53,2.86,0.05,10.60,0.00,0,2,1002.85,34.91,93.14,1002.86,31.36,91.98,0.64,1002.21,32.82,98.25,-0.03,0.24,118.21,300.85,7938,0.79,0.98,9.44,1.00,0.06,-0.04,-0.00,4.61,-7.27,-0.41,3,8,12,29, 0.0000000, 0.0000000, 0.00, 0.00
61664,-0.11,-0.54,9.57,1.00,-0.02,0.00,0.00,0.53,2.86,0.05,10.60,0.00,0,2,1002.85,34.90,93.14,1002.85,31.38,92.06,0.64,1002.21,32.82,98.22,-0.03,0.24,117.42,300.76,7937,0.75,1.53,9.64,1.00,0.06,-0.04,-0.00,4.61,-7.27,-0.41,3,8,12,29, 0.0000000, 0.0000000, 0.00, 0.00
61715,-0.06,-0.52,9.55,1.00,-0.02,0.00,0.00,0.53,2.86,0.05,10.60,0.00,0,2,1002.84,34.90,93.19,1002.85,31.38,92.05,0.64,1002.21,32.84,98.20,-0.03,0.24,116.72,300.76,7938,0.66,1.24,9.55,1.00,0.06,-0.04,-0.00,4.60,-7.27,-0.41,3,8,12,29, 0.0000000, 0.0000000, 0.00, 0.00
61773,-0.11,-0.45,9.53,1.00,-0.02,0.00,0.00,0.53,2.86,0.05,10.60,0.00,0,2,1002.85,34.90,93.14,1002.85,31.38,92.06,0.64,1002.21,32.84,98.20,-0.03,0.24,116.72,300.85,7938,0.64,1.13,9.46,1.00,0.06,-0.04,-0.00,4.60,-7.27,-0.41,3,8,12,29, 0.0000000, 0.0000000, 0.00, 0.00
61825,-0.15,-0.53,9.57,1.00,-0.02,0.00,0.00,0.53,2.86,0.05,10.60,0.00,0,2,1002.85,34.91,93.11,1002.85,31.37,92.07,0.64,1002.21,32.82,98.23,-0.03,0.24,116.89,300.76,7937,0.93,1.29,9.54,1.00,0.06,-0.04,-0.00,4.60,-7.27,-0.41,3,8,12,29, 0.0000000, 0.0000000, 0.00, 0.00
61881,-0.12,-0.50,9.51,1.00,-0.02,0.00,0.00,0.53,2.86,0.05,10.60,0.00,0,2,1002.84,34.89,93.15,1002.85,31.38,92.03,0.64,1002.21,32.83,98.24,-0.03,0.24,117.16,300.85,7938,0.91,1.27,9.53,1.00,0.06,-0.04,-0.00,4.61,-7.27,-0.41,3,8,12,29, 0.0000000, 0.0000000, 0.00, 0.00
61935,-0.07,-0.51,9.53,1.00,-0.02,0.00,0.00,0.53,2.86,0.05,10.61,0.00,0,2,1002.85,34.90,93.12,1002.85,31.39,92.03,0.64,1002.21,32.84,98.24,-0.03,0.24,116.63,300.76,7938,0.86,1.28,9.56,1.00,0.06,-0.04,-0.00,4.61,-7.27,-0.40,3,8,12,29, 0.0000000, 0.0000000, 0.00, 0.00
61993,-0.06,-0.57,9.51,1.00,-0.02,0.00,0.00,0.53,2.86,0.05,10.60,0.00,0,2,1002.84,34.89,93.15,1002.85,31.39,92.04,0.64,1002.21,32.84,98.22,-0.03,0.24,118.04,300.76,7938,0.79,1.48,9.62,1.00,0.06,-0.04,-0.00,4.60,-7.27,-0.39,3,8,12,29, 0.0000000, 0.0000000, 0.00, 0.00
62046,0.00,-0.46,9.53,1.00,-0.02,0.00,0.00,0.53,2.86,0.05,10.60,0.00,0,2,1002.84,34.90,93.18,1002.85,31.39,92.03,0.64,1002.21,32.83,98.24,-0.03,0.24,118.39,300.85,7938,0.47,1.04,9.48,1.00,0.06,-0.04,-0.00,4.60,-7.27,-0.39,3,8,13,29, 0.0000000, 0.0000000, 0.00, 0.00
62098,-0.05,-0.52,9.57,1.00,-0.02,0.00,0.00,0.53,2.86,0.05,10.60,0.00,0,2,1002.85,34.91,93.14,1002.85,31.37,92.04,0.64,1002.21,32.84,98.23,-0.03,0.24,118.56,300.76,7938,0.56,1.26,9.54,1.00,0.06,-0.04,-0.00,4.60,-7.27,-0.39,3,8,13,29, 0.0000000, 0.0000000, 0.00, 0.00
62154,-0.12,-0.53,9.52,1.00,-0.02,0.00,0.00,0.53,2.86,0.05,10.60,0.00,0,2,1002.84,34.88,93.15,1002.85,31.38,92.02,0.64,1002.20,32.84,98.27,-0.03,0.24,117.16,300.76,7938,0.80,1.18,9.53,1.00,0.06,-0.04,-0.00,4.59,-7.27,-0.40,3,8,13,29, 0.0000000, 0.0000000, 0.00, 0.00
62208,-0.14,-0.53,9.55,1.00,-0.02,0.00,0.00,0.53,2.86,0.05,10.60,0.00,0,2,1002.85,34.89,93.13,1002.85,31.38,92.03,0.64,1002.20,32.84,98.26,-0.03,0.24,115.84,300.85,7938,0.72,1.27,9.54,1.00,0.06,-0.04,-0.00,4.60,-7.27,-0.40,3,8,13,29, 0.0000000, 0.0000000, 0.00, 0.00
62264,-0.12,-0.50,9.57,1.00,-0.02,0.00,0.00,0.53,2.86,0.05,10.59,0.00,0,2,1002.84,34.91,93.15,1002.86,31.39,91.99,0.64,1002.21,32.84,98.20,-0.03,0.24,117.51,300.85,7938,0.84,1.29,9.54,1.00,0.06,-0.04,-0.00,4.60,-7.27,-0.40,3,8,13,29, 0.0000000, 0.0000000, 0.00, 0.00
62316,-0.13,-0.48,9.53,1.00,-0.02,0.00,0.00,0.53,2.86,0.05,10.59,0.00,0,2,1002.85,34.89,93.13,1002.85,31.38,92.05,0.64,1002.21,32.84,98.22,-0.03,0.24,119.27,300.85,7938,0.83,1.17,9.49,1.00,0.06,-0.04,-0.00,4.61,-7.27,-0.40,3,8,13,29, 0.0000000, 0.0000000, 0.00, 0.00
62373,-0.01,-0.50,9.55,1.00,-0.02,0.00,0.00,0.53,2.86,0.05,10.58,0.00,0,2,1002.85,34.89,93.11,1002.85,31.38,92.01,0.64,1002.21,32.83,98.20,-0.03,0.24,119.53,300.85,7938,0.69,1.25,9.49,1.00,0.06,-0.04,-0.00,4.61,-7.27,-0.40,3,8,13,29, 0.0000000, 0.0000000, 0.00, 0.00
62426,0.00,-0.51,9.54,1.00,-0.02,0.00,0.00,0.53,2.86,0.05,10.57,0.00,0,2,1002.85,34.90,93.11,1002.85,31.39,92.01,0.64,1002.21,32.85,98.20,-0.03,0.24,120.15,300.85,7938,0.63,1.26,9.56,1.00,0.06,-0.04,-0.00,4.61,-7.27,-0.40,3,8,13,29, 0.0000000, 0.0000000, 0.00, 0.00
62482,-0.05,-0.50,9.54,1.00,-0.02,0.00,0.00,0.53,2.86,0.05,10.57,0.00,0,2,1002.85,34.91,93.12,1002.86,31.40,91.99,0.64,1002.21,32.83,98.20,-0.05,0.29,120.85,300.85,7937,0.61,1.28,9.44,1.00,0.06,-0.04,-0.00,4.61,-7.27,-0.40,3,8,13,29, 0.0000000, 0.0000000, 0.00, 0.00
62533,-0.12,-0.53,9.51,1.00,-0.02,0.00,0.00,0.53,2.86,0.05,10.57,0.00,0,2,1002.85,34.90,93.12,1002.85,31.39,92.01,0.64,1002.21,32.85,98.18,-0.03,0.24,124.28,300.85,7938,0.71,1.33,9.57,1.00,0.06,-0.04,-0.00,4.61,-7.27,-0.40,3,8,13,29, 0.0000000, 0.0000000, 0.00, 0.00
62591,-0.16,-0.47,9.51,1.00,-0.02,0.00,0.00,0.53,2.86,0.05,10.57,0.00,0,2,1002.85,34.91,93.10,1002.85,31.39,92.04,0.64,1002.21,32.85,98.23,-0.03,0.24,127.62,300.85,7936,0.74,1.38,9.60,1.00,0.06,-0.04,-0.00,4.61,-7.27,-0.41,3,8,13,29, 0.0000000, 0.0000000, 0.00, 0.00
62644,-0.18,-0.51,9.51,1.00,-0.02,0.00,0.00,0.53,2.86,0.05,10.58,0.00,0,2,1002.84,34.89,93.14,1002.85,31.38,92.06,0.64,1002.21,32.84,98.22,-0.03,0.24,129.46,300.85,7937,0.97,1.18,9.46,1.00,0.06,-0.04,-0.00,4.61,-7.27,-0.41,3,8,13,29, 0.0000000, 0.0000000, 0.00, 0.00
62701,-0.19,-0.58,9.59,1.00,-0.02,0.00,0.00,0.53,2.86,0.05,10.59,0.00,0,2,1002.85,34.90,93.14,1002.85,31.39,92.01,0.64,1002.21,32.85,98.21,-0.03,0.24,130.34,300.85,7937,0.96,1.28,9.60,1.00,0.06,-0.04,-0.00,4.61,-7.27,-0.41,3,8,13,29, 0.0000000, 0.0000000, 0.00, 0.00
62754,-0.11,-0.55,9.53,1.00,-0.02,0.00,0.00,0.53,2.86,0.05,10.58,0.00,0,2,1002.85,34.90,93.11,1002.85,31.40,92.02,0.64,1002.22,32.84,98.15,-0.02,0.17,129.38,300.85,7937,0.88,1.26,9.53,1.00,0.06,-0.04,-0.00,4.61,-7.27,-0.39,3,8,13,29, 0.0000000, 0.0000000, 0.00, 0.00
62808,-0.05,-0.52,9.56,1.00,-0.02,0.00,0.00,0.53,2.86,0.05,10.60,0.00,0,2,1002.84,34.90,93.17,1002.85,31.39,92.07,0.64,1002.21,32.86,98.22,-0.02,0.17,128.67,300.85,7939,0.73,1.14,9.52,1.00,0.06,-0.04,-0.00,4.61,-7.27,-0.38,3,8,13,29, 0.0000000, 0.0000000, 0.00, 0.00
62864,-0.03,-0.51,9.57,1.00,-0.02,0.00,0.00,0.53,2.86,0.05,10.61,0.00,0,2,1002.84,34.89,93.16,1002.85,31.39,92.06,0.64,1002.21,32.84,98.23,-0.02,0.17,128.85,300.85,7937,0.67,1.17,9.53,1.00,0.06,-0.04,-0.00,4.61,-7.27,-0.37,3,8,13,29, 0.0000000, 0.0000000, 0.00, 0.00
62920,0.00,-0.46,9.52,1.00,-0.02,0.00,0.00,0.53,2.86,0.05,10.62,0.00,0,2,1002.84,34.89,93.18,1002.85,31.39,92.03,0.64,1002.20,32.86,98.29,-0.03,0.24,130.34,300.76,7938,0.63,1.08,9.52,1.00,0.06,-0.04,-0.00,4.61,-7.27,-0.37,3,8,13,29, 0.0000000, 0.0000000, 0.00, 0.00
62974,-0.02,-0.48,9.57,1.00,-0.02,0.00,0.00,0.53,2.86,0.05,10.62,0.00,0,2,1002.84,34.88,93.16,1002.85,31.38,92.05,0.64,1002.20,32.83,98.25,-0.05,0.29,129.02,300.85,7938,0.68,1.23,9.52,1.00,0.06,-0.04,-0.00,4.59,-7.26,-0.38,3,8,13,29, 0.0000000, 0.0000000, 0.00, 0.00
63032,-0.13,-0.49,9.53,1.00,-0.02,0.00,0.00,0.53,2.86,0.05,10.63,0.00,0,2,1002.84,34.90,93.17,1002.85,31.38,92.05,0.64,1002.21,32.84,98.25,-0.03,0.24,127.88,300.76,7938,0.92,1.31,9.57,1.00,0.06,-0.04,-0.00,4.58,-7.27,-0.39,3,8,14,29, 0.0000000, 0.0000000, 0.00, 0.00
63083,-0.16,-0.51,9.52,1.00,-0.02,0.00,0.00,0.53,2.86,0.05,10.63,0.00,0,2,1002.84,34.89,93.18,1002.85,31.38,92.01,0.64,1002.20,32.85,98.31,-0.03,0.24,126.47,300.85,7938,0.76,1.13,9.49,1.00,0.06,-0.04,-0.00,4.59,-7.26,-0.39,3,8,14,29, 0.0000000, 0.0000000, 0.00, 0.00
63136,-0.13,-0.55,9.54,1.00,-0.02,0.00,0.00,0.53,2.86,0.05,10.62,0.00,0,2,1002.84,34.89,93.15,1002.85,31.38,92.02,0.63,1002.20,32.83,98.26,-0.05,0.29,125.60,300.85,7937,0.71,1.26,9.56,1.00,0.06,-0.04,-0.00,4.60,-7.26,-0.39,3,8,14,29, 0.0000000, 0.0000000, 0.00, 0.00
63193,-0.07,-0.52,9.52,1.00,-0.02,0.00,0.00,0.53,2.86,0.05,10.61,0.00,0,2,1002.85,34.89,93.13,1002.85,31.39,92.03,0.63,1002.20,32.85,98.30,-0.02,0.17,124.72,300.76,7938,0.66,1.21,9.52,1.00,0.06,-0.04,-0.00,4.59,-7.27,-0.39,3,8,14,29, 0.0000000, 0.0000000, 0.00, 0.00
63251,-0.07,-0.53,9.53,1.00,-0.02,0.00,0.00,0.53,2.86,0.05,10.59,0.00,0,2,1002.85,34.90,93.12,1002.85,31.38,92.01,0.64,1002.20,32.85,98.30,-0.03,0.24,124.28,300.76,7937,0.71,1.22,9.51,1.00,0.06,-0.04,-0.00,4.59,-7.27,-0.39,3,8,14,29, 0.0000000, 0.0000000, 0.00, 0.00
63303,-0.18,-0.50,9.57,1.00,-0.02,0.00,0.00,0.53,2.86,0.05,10.59,0.00,0,2,1002.85,34.90,93.11,1002.85,31.38,92.03,0.64,1002.21,32.84,98.25,-0.02,0.17,124.37,300.76,7938,0.93,1.23,9.53,1.00,0.06,-0.04,-0.00,4.59,-7.27,-0.39,3,8,14,29, 0.0000000, 0.0000000, 0.00, 0.00
63355,-0.06,-0.54,9.52,1.00,-0.02,0.00,0.00,0.53,2.86,0.05,10.59,0.00,0,2,1002.85,34.90,93.09,1002.85,31.38,92.03,0.64,1002.20,32.83,98.28,-0.03,0.24,123.57,300.76,7937,0.79,1.21,9.51,1.00,0.06,-0.04,-0.00,4.60,-7.27,-0.39,3,8,14,29, 0.0000000, 0.0000000, 0.00, 0.00
63412,-0.01,-0.53,9.56,1.00,-0.02,0.00,0.00,0.53,2.86,0.05,10.61,0.00,0,2,1002.85,34.91,93.10,1002.85,31.39,92.07,0.63,1002.21,32.84,98.23,-0.05,0.29,122.96,300.76,7938,0.67,1.05,9.51,1.00,0.06,-0.04,-0.00,4.58,-7.27,-0.39,3,8,14,29, 0.0000000, 0.0000000, 0.00, 0.00
63465,-0.03,-0.50,9.56,1.00,-0.02,0.00,0.00,0.53,2.86,0.05,10.61,0.00,0,2,1002.85,34.90,93.12,1002.85,31.37,92.03,0.64,1002.20,32.84,98.31,-0.02,0.17,122.78,300.76,7938,0.74,1.17,9.49,1.00,0.06,-0.04,-0.00,4.57,-7.27,-0.39,3,8,14,29, 0.0000000, 0.0000000, 0.00, 0.00
63522,-0.09,-0.49,9.51,1.00,-0.02,0.00,0.00,0.53,2.86,0.05,10.61,0.00,0,2,1002.85,34.91,93.13,1002.85,31.39,92.03,0.64,1002.21,32.84,98.23,-0.03,0.24,123.40,300.67,7939,0.77,1.12,9.51,1.00,0.06,-0.04,-0.00,4.57,-7.27,-0.39,3,8,14,29, 0.0000000, 0.0000000, 0.00, 0.00
63573,-0.15,-0.53,9.57,1.00,-0.02,0.00,0.00,0.53,2.86,0.05,10.59,0.00,0,2,1002.85,34.90,93.12,1002.85,31.39,92.01,0.63,1002.20,32.83,98.29,-0.03,0.24,123.49,300.67,7938,0.79,1.19,9.51,1.00,0.06,-0.04,-0.00,4.57,-7.27,-0.39,3,8,14,29, 0.0000000, 0.0000000, 0.00, 0.00
63630,-0.12,-0.56,9.56,1.00,-0.02,0.00,0.00,0.53,2.86,0.05,10.59,0.00,0,2,1002.85,34.91,93.11,1002.85,31.39,92.03,0.63,1002.21,32.85,98.23,-0.02,0.17,123.57,300.67,7939,0.72,1.27,9.55,1.00,0.06,-0.04,-0.00,4.57,-7.27,-0.39,3,8,14,29, 0.0000000, 0.0000000, 0.00, 0.00
63684,-0.05,-0.56,9.51,1.00,-0.02,0.00,0.00,0.53,2.86,0.05,10.59,0.00,0,2,1002.85,34.90,93.14,1002.85,31.39,92.01,0.64,1002.22,32.86,98.15,-0.03,0.24,123.57,300.67,7938,0.77,1.33,9.54,1.00,0.06,-0.04,-0.00,4.57,-7.27,-0.39,3,8,14,29, 0.0000000, 0.0000000, 0.00, 0.00
63742,-0.10,-0.54,9.56,1.00,-0.02,0.00,0.00,0.53,2.86,0.05,10.59,0.00,0,2,1002.84,34.90,93.17,1002.85,31.39,92.03,0.64,1002.20,32.86,98.26,-0.03,0.24,122.70,300.67,7938,0.82,1.28,9.55,1.00,0.06,-0.04,-0.00,4.57,-7.27,-0.39,3,8,14,29, 0.0000000, 0.0000000, 0.00, 0.00
63793,-0.20,-0.49,9.52,1.00,-0.02,0.00,0.00,0.53,2.86,0.05,10.59,0.00,0,2,1002.85,34.91,93.13,1002.86,31.40,92.05,0.63,1002.20,32.85,98.26,-0.03,0.24,122.08,300.67,7937,0.83,1.24,9.56,1.00,0.06,-0.04,-0.00,4.57,-7.27,-0.39,3,8,14,29, 0.0000000, 0.0000000, 0.00, 0.00
63850,-0.06,-0.44,9.58,1.00,-0.02,0.00,0.00,0.53,2.86,0.05,10.61,0.00,0,2,1002.85,34.91,93.14,1002.85,31.40,91.99,0.63,1002.20,32.85,98.33,-0.05,0.29,122.43,300.67,7938,0.80,1.13,9.50,1.00,0.06,-0.04,-0.00,4.57,-7.26,-0.39,3,8,14,29, 0.0000000, 0.0000000, 0.00, 0.00
63902,-0.09,-0.51,9.60,1.00,-0.02,0.00,0.00,0.53,2.86,0.05,10.60,0.00,0,2,1002.85,34.92,93.11,1002.85,31.39,92.02,0.63,1002.20,32.85,98.26,-0.03,0.24,123.31,300.67,7938,0.66,1.32,9.57,1.00,0.06,-0.04,-0.00,4.57,-7.27,-0.39,3,8,14,29, 0.0000000, 0.0000000, 0.00, 0.00
63956,-0.07,-0.48,9.55,1.00,-0.02,0.00,0.00,0.53,2.86,0.05,10.59,0.00,0,2,1002.85,34.91,93.13,1002.85,31.39,92.01,0.62,1002.20,32.84,98.28,-0.03,0.24,123.93,300.59,7938,0.65,1.24,9.59,1.00,0.06,-0.04,-0.00,4.57,-7.27,-0.39,3,8,14,29, 0.0000000, 0.0000000, 0.00, 0.00
64011,-0.16,-0.56,9.54,1.00,-0.02,0.00,0.00,0.53,2.86,0.05,10.60,0.00,0,2,1002.85,34.92,93.12,1002.85,31.39,92.04,0.64,1002.21,32.85,98.23,-0.02,0.17,124.01,300.59,7937,0.67,1.31,9.57,1.00,0.06,-0.04,-0.00,4.57,-7.27,-0.39,3,8,15,29, 0.0000000, 0.0000000, 0.00, 0.00
64068,-0.11,-0.52,9.57,1.00,-0.02,0.00,0.00,0.53,2.86,0.05,10.60,0.00,0,2,1002.84,34.92,93.16,1002.85,31.40,92.03,0.63,1002.21,32.85,98.24,-0.03,0.24,124.54,300.59,7938,0.65,1.19,9.51,1.00,0.06,-0.04,-0.00,4.57,-7.27,-0.39,3,8,15,29, 0.0000000, 0.0000000, 0.00, 0.00
64121,-0.03,-0.50,9.53,1.00,-0.02,0.00,0.00,0.53,2.86,0.05,10.62,0.00,0,2,1002.84,34.92,93.18,1002.85,31.41,92.04,0.63,1002.19,32.86,98.36,-0.03,0.24,122.43,300.59,7937,0.73,1.27,9.56,1.00,0.06,-0.04,-0.00,4.57,-7.27,-0.39,3,8,15,29, 0.0000000, 0.0000000, 0.00, 0.00
64176,-0.13,-0.58,9.52,1.00,-0.02,0.00,0.00,0.53,2.86,0.05,10.63,0.00,0,2,1002.84,34.91,93.17,1002.85,31.38,92.05,0.63,1002.21,32.85,98.24,-0.03,0.24,119.27,300.59,7938,0.87,1.35,9.52,1.00,0.06,-0.04,-0.00,4.57,-7.27,-0.39,3,8,15,29, 0.0000000, 0.0000000, 0.00, 0.00
64233,-0.09,-0.51,9.49,1.00,-0.02,0.00,0.00,0.53,2.86,0.05,10.62,0.00,0,2,1002.85,34.92,93.14,1002.85,31.40,92.05,0.63,1002.21,32.86,98.25,-0.05,0.29,118.30,300.59,7938,0.77,1.19,9.54,1.00,0.06,-0.04,-0.00,4.57,-7.27,-0.39,3,8,15,29, 0.0000000, 0.0000000, 0.00, 0.00
64291,-0.03,-0.43,9.57,1.00,-0.02,0.00,0.00,0.53,2.86,0.05,10.61,0.00,0,2,1002.85,34.91,93.11,1002.85,31.38,92.05,0.63,1002.21,32.86,98.21,-0.03,0.24,119.09,300.59,7938,0.78,1.05,9.48,1.00,0.06,-0.04,-0.00,4.57,-7.27,-0.39,3,8,15,29, 0.0000000, 0.0000000, 0.00, 0.00
64342,-0.13,-0.58,9.60,1.00,-0.02,0.00,0.00,0.53,2.86,0.05,10.61,0.00,0,2,1002.84,34.91,93.16,1002.85,31.39,92.06,0.64,1002.20,32.85,98.30,-0.03,0.24,119.53,300.59,7937,0.79,1.18,9.52,1.00,0.06,-0.04,-0.00,4.57,-7.27,-0.39,3,8,15,29, 0.0000000, 0.0000000, 0.00, 0.00
64399,-0.17,-0.50,9.53,1.00,-0.02,0.00,0.00,0.53,2.86,0.05,10.62,0.00,0,2,1002.84,34.91,93.17,1002.85,31.40,92.04,0.63,1002.20,32.86,98.34,-0.03,0.24,120.59,300.59,7938,0.93,1.13,9.47,1.00,0.06,-0.04,-0.00,4.57,-7.27,-0.39,3,8,15,29, 0.0000000, 0.0000000, 0.00, 0.00
64453,-0.11,-0.59,9.54,1.00,-0.02,0.00,0.00,0.53,2.86,0.05,10.62,0.00,0,2,1002.84,34.91,93.15,1002.85,31.41,92.02,0.63,1002.20,32.85,98.29,-0.03,0.24,121.73,300.59,7937,0.78,1.31,9.56,1.00,0.06,-0.04,-0.00,4.57,-7.27,-0.39,3,8,15,29, 0.0000000, 0.0000000, 0.00, 0.00
64511,-0.06,-0.50,9.50,1.00,-0.02,0.00,0.00,0.53,2.86,0.05,10.62,0.00,0,2,1002.84,34.92,93.16,1002.85,31.40,92.04,0.63,1002.20,32.86,98.27,-0.03,0.24,123.31,300.59,7938,0.84,1.18,9.50,1.00,0.06,-0.04,-0.00,4.57,-7.27,-0.39,3,8,15,29, 0.0000000, 0.0000000, 0.00, 0.00
64562,-0.05,-0.49,9.61,1.00,-0.02,0.00,0.00,0.53,2.86,0.05,10.62,0.00,0,2,1002.85,34.94,93.13,1002.85,31.39,92.04,0.63,1002.20,32.86,98.33,-0.03,0.24,124.72,300.41,7938,0.76,1.17,9.52,1.00,0.06,-0.04,-0.00,4.57,-7.26,-0.38,3,8,15,29, 0.0000000, 0.0000000, 0.00, 0.00
64618,-0.08,-0.52,9.58,1.00,-0.02,0.00,0.00,0.53,2.86,0.05,10.62,0.00,0,2,1002.84,34.92,93.16,1002.85,31.40,92.04,0.63,1002.20,32.85,98.26,-0.03,0.24,129.64,300.50,7938,0.66,1.26,9.60,1.00,0.06,-0.04,-0.00,4.57,-7.27,-0.40,3,8,15,29, 0.0000000, 0.0000000, 0.00, 0.00
64672,-0.07,-0.56,9.56,1.00,-0.02,0.00,0.00,0.53,2.86,0.05,10.62,0.00,0,2,1002.85,34.91,93.15,1002.85,31.39,92.01,0.63,1002.20,32.84,98.30,-0.03,0.24,132.19,300.50,7938,0.57,1.26,9.56,1.00,0.06,-0.04,-0.00,4.57,-7.27,-0.39,3,8,15,29, 0.0000000, 0.0000000, 0.00, 0.00
64729,-0.11,-0.55,9.51,1.00,-0.02,0.00,0.00,0.53,2.86,0.05,10.62,0.00,0,2,1002.84,34.92,93.18,1002.85,31.39,92.01,0.63,1002.20,32.86,98.34,-0.03,0.24,133.15,300.50,7938,0.59,1.26,9.58,1.00,0.06,-0.04,-0.00,4.57,-7.27,-0.40,3,8,15,29, 0.0000000, 0.0000000, 0.00, 0.00
64781,-0.11,-0.51,9.47,1.00,-0.02,0.00,0.00,0.53,2.86,0.05,10.62,0.00,0,2,1002.84,34.92,93.16,1002.85,31.39,92.03,0.63,1002.20,32.85,98.26,-0.03,0.24,133.24,300.41,7938,0.91,1.13,9.50,1.00,0.06,-0.04,-0.00,4.57,-7.27,-0.40,3,8,15,29, 0.0000000, 0.0000000, 0.00, 0.00
64833,-0.13,-0.47,9.50,1.00,-0.02,0.00,0.00,0.53,2.86,0.05,10.60,0.00,0,2,1002.85,34.93,93.15,1002.85,31.38,92.01,0.64,1002.20,32.86,98.29,-0.03,0.24,136.32,300.41,7938,1.01,1.13,9.50,1.00,0.06,-0.04,-0.00,4.56,-7.27,-0.42,3,8,15,29, 0.0000000, 0.0000000, 0.00, 0.00
64890,-0.14,-0.53,9.56,1.00,-0.02,0.00,0.00,0.53,2.86,0.05,10.60,0.00,0,2,1002.84,34.92,93.16,1002.85,31.40,92.02,0.63,1002.21,32.86,98.24,-0.03,0.24,139.22,300.41,7938,0.73,1.28,9.57,1.00,0.06,-0.04,-0.00,4.57,-7.27,-0.42,3,8,15,29, 0.0000000, 0.0000000, 0.00, 0.00
64942,-0.10,-0.54,9.58,1.00,-0.02,0.00,0.00,0.53,2.86,0.05,10.59,0.00,0,2,1002.84,34.93,93.18,1002.86,31.39,91.99,0.64,1002.21,32.86,98.22,-0.03,0.24,137.81,300.23,7938,0.77,1.16,9.56,1.00,0.06,-0.04,-0.00,4.57,-7.27,-0.40,3,8,15,29, 0.0000000, 0.0000000, 0.00, 0.00
65001,-0.10,-0.52,9.55,1.00,-0.02,0.00,0.00,0.53,2.86,0.05,10.59,0.00,0,2,1002.84,34.93,93.18,1002.85,31.40,92.01,0.63,1002.21,32.87,98.22,-0.02,0.17,132.36,300.15,7938,0.75,1.19,9.48,1.00,0.06,-0.04,-0.00,4.57,-7.27,-0.41,3,8,16,29, 0.0000000, 0.0000000, 0.00, 0.00
65051,-0.07,-0.52,9.56,1.00,-0.02,0.00,0.00,0.53,2.86,0.05,10.58,0.00,0,2,1002.84,34.93,93.20,1002.86,31.40,92.00,0.63,1002.20,32.86,98.29,-0.03,0.24,129.64,300.15,7938,0.79,1.08,9.51,1.00,0.06,-0.04,-0.00,4.57,-7.27,-0.41,3,8,16,29, 0.0000000, 0.0000000, 0.00, 0.00
65109,-0.12,-0.55,9.52,1.00,-0.02,0.00,0.00,0.53,2.86,0.05,10.59,0.00,0,2,1002.84,34.93,93.18,1002.85,31.38,92.02,0.63,1002.20,32.86,98.34,-0.03,0.24,129.81,300.23,7939,0.94,1.11,9.55,1.00,0.06,-0.04,-0.00,4.57,-7.27,-0.41,3,8,16,29, 0.0000000, 0.0000000, 0.00, 0.00
65162,-0.10,-0.54,9.51,1.00,-0.02,0.00,0.00,0.53,2.86,0.05,10.64,0.00,0,2,1002.84,34.94,93.18,1002.85,31.40,92.05,0.63,1002.19,32.86,98.38,-0.03,0.24,129.99,300.32,7938,0.74,1.31,9.59,1.00,0.06,-0.04,-0.00,4.57,-7.27,-0.41,3,8,16,29, 0.0000000, 0.0000000, 0.00, 0.00
65220,-0.03,-0.50,9.58,1.00,-0.02,0.00,0.00,0.53,2.86,0.05,10.63,0.00,0,2,1002.84,34.93,93.19,1002.85,31.39,92.02,0.64,1002.19,32.86,98.37,-0.02,0.17,128.50,300.32,7938,0.66,1.21,9.54,1.00,0.06,-0.04,-0.00,4.57,-7.27,-0.41,3,8,16,29, 0.0000000, 0.0000000, 0.00, 0.00
65271,-0.09,-0.51,9.54,1.00,-0.02,0.00,0.00,0.53,2.86,0.05,10.62,0.00,0,2,1002.84,34.92,93.19,1002.85,31.39,92.06,0.64,1002.19,32.85,98.38,-0.03,0.24,128.06,300.32,7938,0.67,1.04,9.50,1.00,0.06,-0.04,-0.00,4.57,-7.27,-0.41,3,8,16,29, 0.0000000, 0.0000000, 0.00, 0.00
65329,-0.07,-0.49,9.53,1.00,-0.02,0.00,0.00,0.53,2.86,0.05,10.62,0.00,0,2,1002.84,34.92,93.17,1002.85,31.41,92.03,0.64,1002.19,32.85,98.35,-0.05,0.29,128.41,300.41,7938,0.70,1.19,9.52,1.00,0.06,-0.04,-0.00,4.57,-7.27,-0.41,3,8,16,29, 0.0000000, 0.0000000, 0.00, 0.00
65381,-0.05,-0.57,9.52,1.00,-0.02,0.00,0.00,0.53,2.86,0.05,10.61,0.00,0,2,1002.84,34.93,93.17,1002.85,31.39,92.01,0.63,1002.20,32.85,98.28,-0.03,0.24,123.75,300.41,7938,0.70,1.29,9.57,1.00,0.06,-0.04,-0.00,4.57,-7.27,-0.41,3,8,16,29, 0.0000000, 0.0000000, 0.00, 0.00
65439,-0.05,-0.50,9.50,1.00,-0.02,0.00,0.00,0.53,2.86,0.05,10.60,0.00,0,2,1002.84,34.93,93.15,1002.85,31.39,91.99,0.64,1002.21,32.86,98.24,-0.05,0.29,121.20,300.41,7938,0.74,1.23,9.57,1.00,0.06,-0.04,-0.00,4.57,-7.27,-0.41,3,8,16,29, 0.0000000, 0.0000000, 0.00, 0.00
65491,-0.11,-0.50,9.53,1.00,-0.02,0.00,0.00,0.53,2.86,0.05,10.58,0.00,0,2,1002.84,34.94,93.19,1002.86,31.39,91.99,0.64,1002.21,32.86,98.24,-0.03,0.24,119.88,300.41,7938,0.77,1.15,9.52,1.00,0.06,-0.04,-0.00,4.57,-7.27,-0.41,3,8,16,29, 0.0000000, 0.0000000, 0.00, 0.00
65549,-0.19,-0.53,9.52,1.00,-0.02,0.00,0.00,0.53,2.86,0.05,10.58,0.00,0,2,1002.85,34.94,93.12,1002.85,31.41,92.03,0.64,1002.19,32.85,98.37,-0.03,0.24,120.59,300.41,7938,0.83,1.18,9.53,1.00,0.06,-0.04,-0.00,4.57,-7.27,-0.41,3,8,16,29, 0.0000000, 0.0000000, 0.00, 0.00
65599,-0.11,-0.47,9.56,1.00,-0.02,0.00,0.00,0.53,2.86,0.05,10.59,0.00,0,2,1002.85,34.93,93.15,1002.85,31.40,91.98,0.64,1002.20,32.87,98.28,-0.03,0.24,122.87,300.41,7939,0.79,1.18,9.53,1.00,0.06,-0.04,-0.00,4.57,-7.27,-0.41,3,8,16,29, 0.0000000, 0.0000000, 0.00, 0.00
65653,-0.10,-0.52,9.53,1.00,-0.02,0.00,0.00,0.53,2.86,0.05,10.58,0.00,0,2,1002.85,34.94,93.14,1002.86,31.41,91.99,0.64,1002.20,32.86,98.27,-0.05,0.29,126.74,300.41,7938,0.70,1.15,9.58,1.00,0.06,-0.04,-0.00,4.57,-7.27,-0.41,3,8,16,29, 0.0000000, 0.0000000, 0.00, 0.00
65710,-0.06,-0.54,9.53,1.00,-0.02,0.00,0.00,0.53,2.86,0.05,10.59,0.00,0,2,1002.85,34.94,93.14,1002.86,31.40,92.00,0.63,1002.20,32.86,98.29,-0.03,0.24,130.43,300.41,7938,0.67,1.15,9.53,1.00,0.06,-0.04,-0.00,4.57,-7.27,-0.41,3,8,16,29, 0.0000000, 0.0000000, 0.00, 0.00
65763,-0.08,-0.50,9.55,1.00,-0.02,0.00,0.00,0.53,2.86,0.05,10.61,0.00,0,2,1002.84,34.94,93.17,1002.85,31.40,92.04,0.64,1002.19,32.86,98.37,-0.03,0.24,133.77,300.41,7938,0.79,1.32,9.51,1.00,0.06,-0.04,-0.00,4.57,-7.27,-0.41,3,8,16,29, 0.0000000, 0.0000000, 0.00, 0.00
65819,-0.09,-0.52,9.51,1.00,-0.02,0.00,0.00,0.53,2.86,0.05,10.61,0.00,0,2,1002.84,34.92,93.19,1002.85,31.40,92.02,0.64,1002.20,32.86,98.29,-0.03,0.24,131.66,300.32,7938,0.69,1.22,9.51,1.00,0.06,-0.04,-0.00,4.57,-7.27,-0.41,3,8,16,29, 0.0000000, 0.0000000, 0.00, 0.00
65875,-0.07,-0.51,9.52,1.00,-0.02,0.00,0.00,0.53,2.86,0.05,10.62,0.00,0,2,1002.85,34.94,93.14,1002.85,31.40,92.05,0.63,1002.21,32.85,98.23,-0.03,0.24,132.71,300.41,7938,0.72,1.25,9.56,1.00,0.06,-0.04,-0.00,4.57,-7.27,-0.41,3,8,16,29, 0.0000000, 0.0000000, 0.00, 0.00
65930,-0.11,-0.48,9.54,1.00,-0.02,0.00,0.00,0.53,2.86,0.05,10.61,0.00,0,2,1002.84,34.92,93.16,1002.84,31.40,92.09,0.64,1002.20,32.86,98.31,-0.05,0.29,132.80,300.41,7938,0.78,1.23,9.52,1.00,0.06,-0.04,-0.00,4.57,-7.27,-0.41,3,8,16,29, 0.0000000, 0.0000000, 0.00, 0.00
65983,-0.17,-0.49,9.55,1.00,-0.02,0.00,0.00,0.53,2.86,0.05,10.61,0.00,0,2,1002.84,34.94,93.20,1002.85,31.41,92.05,0.64,1002.20,32.85,98.33,-0.05,0.29,133.59,300.50,7939,0.79,1.09,9.51,1.00,0.06,-0.04,-0.00,4.57,-7.27,-0.41,3,8,16,29, 0.0000000, 0.0000000, 0.00, 0.00
66039,-0.13,-0.51,9.56,1.00,-0.02,0.00,0.00,0.53,2.86,0.05,10.63,0.00,0,2,1002.84,34.92,93.19,1002.85,31.41,92.02,0.64,1002.19,32.85,98.36,-0.03,0.24,137.99,300.41,7937,0.81,1.12,9.50,1.00,0.06,-0.04,-0.00,4.57,-7.27,-0.41,3,8,17,29, 0.0000000, 0.0000000, 0.00, 0.00
66091,-0.11,-0.56,9.53,1.00,-0.02,0.00,0.00,0.53,2.86,0.05,10.62,0.00,0,2,1002.85,34.93,93.15,1002.85,31.40,92.03,0.64,1002.17,32.86,98.53,-0.03,0.24,139.92,300.50,7938,0.70,1.20,9.52,1.00,0.06,-0.04,-0.00,4.57,-7.27,-0.41,3,8,17,29, 0.0000000, 0.0000000, 0.00, 0.00
66148,0.01,-0.58,9.58,1.00,-0.02,0.00,0.00,0.53,2.86,0.05,10.61,0.00,0,2,1002.84,34.93,93.18,1002.85,31.41,92.05,0.64,1002.19,32.86,98.39,-0.03,0.24,137.90,300.50,7938,0.70,1.29,9.51,1.00,0.06,-0.04,-0.00,4.57,-7.27,-0.41,3,8,17,29, 0.0000000, 0.0000000, 0.00, 0.00
66201,-0.06,-0.51,9.58,1.00,-0.02,0.00,0.00,0.53,2.86,0.05,10.61,0.00,0,2,1002.85,34.93,93.15,1002.85,31.41,92.04,0.64,1002.20,32.86,98.32,-0.02,0.17,127.35,300.50,7938,0.87,1.43,9.63,1.00,0.06,-0.04,-0.00,4.57,-7.27,-0.41,3,8,17,29, 0.0000000, 0.0000000, 0.00, 0.00
66258,-0.18,-0.47,9.58,1.00,-0.02,0.00,0.00,0.53,2.86,0.05,10.61,0.00,0,2,1002.84,34.94,93.18,1002.85,31.41,92.03,0.64,1002.21,32.87,98.23,-0.03,0.24,123.40,300.50,7938,0.81,1.01,9.49,1.00,0.06,-0.04,-0.00,4.57,-7.27,-0.41,3,8,17,29, 0.0000000, 0.0000000, 0.00, 0.00
66311,-0.12,-0.50,9.56,1.00,-0.02,0.00,0.00,0.53,2.86,0.05,10.61,0.00,0,2,1002.84,34.93,93.22,1002.85,31.39,92.02,0.64,1002.20,32.86,98.29,-0.03,0.24,123.66,300.50,7938,0.81,1.13,9.49,1.00,0.06,-0.04,-0.00,4.57,-7.27,-0.41,3,8,17,29, 0.0000000, 0.0000000, 0.00, 0.00
66369,-0.04,-0.53,9.53,1.00,-0.02,0.00,0.00,0.53,2.86,0.05,10.61,0.00,0,2,1002.84,34.94,93.25,1002.85,31.41,92.05,0.64,1002.20,32.85,98.26,-0.02,0.17,124.28,300.50,7938,0.63,1.28,9.57,1.00,0.06,-0.04,-0.00,4.57,-7.27,-0.41,3,8,17,29, 0.0000000, 0.0000000, 0.00, 0.00
66421,0.00,-0.53,9.54,1.00,-0.02,0.00,0.00,0.53,2.86,0.05,10.61,0.00,0,2,1002.83,34.93,93.25,1002.85,31.38,92.05,0.64,1002.19,32.86,98.36,-0.05,0.29,124.54,300.50,7938,0.74,1.19,9.54,1.00,0.06,-0.04,-0.00,4.57,-7.27,-0.41,3,8,17,29, 0.0000000, 0.0000000, 0.00, 0.00
66478,-0.06,-0.60,9.55,1.00,-0.02,0.00,0.00,0.53,2.86,0.05,10.61,0.00,0,2,1002.84,34.96,93.17,1002.85,31.40,92.02,0.64,1002.20,32.88,98.35,-0.03,0.24,125.60,300.50,7938,0.83,1.46,9.57,1.00,0.06,-0.04,-0.00,4.57,-7.28,-0.41,3,8,17,29, 0.0000000, 0.0000000, 0.00, 0.00
66531,-0.14,-0.47,9.51,1.00,-0.02,0.00,0.00,0.53,2.86,0.05,10.61,0.00,0,2,1002.84,34.92,93.16,1002.86,31.41,92.03,0.64,1002.19,32.87,98.36,-0.03,0.24,123.57,300.76,7938,0.81,1.27,9.58,1.00,0.06,-0.04,-0.00,4.57,-7.28,-0.41,3,8,17,29, 0.0000000, 0.0000000, 0.00, 0.00
66588,-0.24,-0.46,9.49,1.00,-0.02,0.00,0.00,0.53,2.86,0.05,10.60,0.00,0,2,1002.85,34.93,93.15,1002.85,31.41,92.05,0.64,1002.20,32.88,98.28,-0.03,0.24,119.44,301.03,7937,0.90,0.81,9.35,1.00,0.06,-0.04,-0.00,4.57,-7.27,-0.41,3,8,17,29, 0.0000000, 0.0000000, 0.00, 0.00
66640,-0.24,-0.58,9.45,1.00,-0.02,0.00,0.00,0.53,2.86,0.05,10.58,0.00,0,2,1002.85,34.95,93.14,1002.85,31.39,92.06,0.64,1002.21,32.87,98.25,-0.03,0.24,120.15,301.03,7938,0.85,1.55,9.61,1.00,0.06,-0.04,-0.00,4.57,-7.27,-0.41,3,8,17,29, 0.0000000, 0.0000000, 0.00, 0.00
66696,-0.06,-0.53,9.49,1.00,-0.02,0.00,0.00,0.53,2.86,0.05,10.59,0.00,0,2,1002.84,34.95,93.19,1002.85,31.41,92.05,0.64,1002.21,32.86,98.22,-0.03,0.24,123.75,301.03,7938,0.65,1.06,9.43,1.00,0.06,-0.04,-0.00,4.57,-7.28,-0.41,3,8,17,29, 0.0000000, 0.0000000, 0.00, 0.00
66749,-0.10,-0.45,9.57,1.00,-0.02,0.00,0.00,0.53,2.86,0.05,10.58,0.00,0,2,1002.85,34.94,93.13,1002.85,31.40,92.03,0.64,1002.21,32.86,98.18,-0.03,0.24,124.80,301.03,7938,0.70,1.03,9.54,1.00,0.06,-0.04,-0.00,4.57,-7.27,-0.41,3,8,17,29, 0.0000000, 0.0000000, 0.00, 0.00
66803,-0.11,-0.46,9.51,1.00,-0.02,0.00,0.00,0.53,2.86,0.05,10.58,0.00,0,2,1002.85,34.95,93.16,1002.85,31.41,92.02,0.64,1002.21,32.87,98.20,-0.03,0.24,129.99,300.59,7938,0.95,1.37,9.57,1.00,0.06,-0.04,-0.00,4.58,-7.28,-0.41,3,8,17,29, 0.0000000, 0.0000000, 0.00, 0.00
66858,-0.19,-0.51,9.47,1.00,-0.02,0.00,0.00,0.53,2.86,0.05,10.58,0.00,0,2,1002.84,34.95,93.17,1002.85,31.40,92.04,0.64,1002.21,32.88,98.24,-0.02,0.17,133.42,300.59,7937,0.57,1.10,9.52,1.00,0.06,-0.04,-0.00,4.58,-7.28,-0.40,3,8,17,29, 0.0000000, 0.0000000, 0.00, 0.00
66910,-0.06,-0.46,9.62,1.00,-0.02,0.00,0.00,0.53,2.86,0.05,10.60,0.00,0,2,1002.84,34.94,93.19,1002.85,31.40,92.07,0.64,1002.21,32.87,98.25,-0.03,0.24,129.90,300.59,7937,0.64,1.11,9.52,1.00,0.06,-0.04,-0.00,4.58,-7.27,-0.38,3,8,17,29, 0.0000000, 0.0000000, 0.00, 0.00
66967,-0.03,-0.57,9.62,1.00,-0.02,0.00,0.00,0.53,2.86,0.05,10.61,0.00,0,2,1002.84,34.95,93.17,1002.85,31.40,92.03,0.64,1002.21,32.88,98.22,-0.05,0.29,126.04,300.59,7938,0.81,1.31,9.63,1.00,0.06,-0.04,-0.00,4.58,-7.29,-0.38,3,8,17,29, 0.0000000, 0.0000000, 0.00, 0.00
67021,-0.10,-0.52,9.54,1.00,-0.02,0.00,0.00,0.53,2.86,0.05,10.61,0.00,0,2,1002.84,34.94,93.20,1002.84,31.39,92.07,0.64,1002.21,32.88,98.19,-0.03,0.24,118.92,300.59,7938,0.63,1.05,9.51,1.00,0.06,-0.04,-0.00,4.58,-7.28,-0.36,3,8,18,29, 0.0000000, 0.0000000, 0.00, 0.00
67078,-0.05,-0.46,9.43,1.00,-0.02,0.00,0.00,0.53,2.86,0.05,10.61,0.00,0,2,1002.84,34.95,93.20,1002.85,31.40,92.05,0.64,1002.21,32.86,98.20,-0.03,0.24,115.75,300.59,7938,0.58,1.06,9.48,1.00,0.06,-0.04,-0.00,4.58,-7.26,-0.34,3,8,18,29, 0.0000000, 0.0000000, 0.00, 0.00
67130,-0.08,-0.52,9.64,1.00,-0.02,0.00,0.00,0.53,2.86,0.05,10.61,0.00,0,2,1002.84,34.94,93.19,1002.85,31.40,92.03,0.64,1002.21,32.87,98.23,-0.03,0.24,114.35,300.59,7938,0.68,1.47,9.63,1.00,0.06,-0.04,-0.00,4.58,-7.28,-0.35,3,8,18,29, 0.0000000, 0.0000000, 0.00, 0.00
67188,-0.34,-0.48,9.61,1.00,-0.02,0.00,0.00,0.53,2.86,0.05,10.61,0.00,0,2,1002.84,34.95,93.20,1002.85,31.41,92.04,0.63,1002.21,32.86,98.25,-0.03,0.24,113.73,300.59,7938,0.51,1.68,9.72,1.00,0.06,-0.04,-0.00,4.58,-7.27,-0.35,3,8,18,29, 0.0000000, 0.0000000, 0.00, 0.00
67239,-0.34,-0.58,9.53,1.00,-0.03,0.00,0.00,0.55,2.87,0.05,10.60,0.00,0,2,1002.84,34.94,93.23,1002.85,31.40,92.07,0.63,1002.20,32.86,98.29,-0.03,0.24,114.26,300.50,7938,1.22,0.90,9.46,1.00,0.06,-0.04,-0.00,4.58,-7.26,-0.34,3,8,18,29, 0.0000000, 0.0000000, 0.00, 0.00
67296,-0.28,-0.41,9.42,1.00,-0.03,0.00,0.00,0.55,2.87,0.05,10.60,0.00,0,2,1002.84,34.94,93.19,1002.85,31.41,92.07,0.63,1002.20,32.87,98.28,-0.03,0.24,117.51,300.50,7937,0.32,0.81,9.36,1.00,0.06,-0.04,-0.00,4.60,-7.26,-0.32,3,8,18,29, 0.0000000, 0.0000000, 0.00, 0.00
67348,0.02,-0.64,9.58,1.00,-0.03,0.00,0.00,0.54,2.88,0.05,10.61,0.00,0,2,1002.84,34.94,93.22,1002.85,31.40,92.04,0.63,1002.21,32.86,98.26,-0.03,0.24,120.67,300.41,7939,0.56,1.18,9.43,1.00,0.06,-0.04,-0.00,4.60,-7.28,-0.31,3,8,18,29, 0.0000000, 0.0000000, 0.00, 0.00
67400,-0.07,-0.61,9.58,1.00,-0.03,0.00,0.00,0.53,2.90,0.05,10.62,0.00,0,2,1002.84,34.95,93.23,1002.84,31.39,92.09,0.63,1002.21,32.87,98.24,-0.03,0.24,121.64,300.41,7938,0.50,1.03,9.48,1.00,0.06,-0.04,-0.00,4.60,-7.26,-0.30,3,8,18,29, 0.0000000, 0.0000000, 0.00, 0.00
67457,-0.21,-0.43,9.52,1.00,-0.03,0.00,0.00,0.54,2.91,0.05,10.63,0.00,0,2,1002.84,34.95,93.22,1002.85,31.40,92.06,0.63,1002.21,32.88,98.26,-0.03,0.24,121.03,300.41,7938,0.79,0.20,9.32,1.00,0.06,-0.04,0.00,4.60,-7.25,-0.29,3,8,18,29, 0.0000000, 0.0000000, 0.00, 0.00
67515,-0.08,-0.46,9.64,1.00,-0.03,0.00,0.00,0.55,2.91,0.05,10.62,0.00,0,2,1002.84,34.96,93.16,1002.85,31.39,92.04,0.64,1002.20,32.88,98.28,-0.03,0.24,117.86,300.41,7937,0.56,0.58,9.47,1.00,0.06,-0.04,0.00,4.60,-7.25,-0.28,3,8,18,29, 0.0000000, 0.0000000, 0.00, 0.00
67568,-0.06,-0.44,9.45,1.00,-0.03,0.00,0.00,0.54,2.90,0.05,10.61,0.00,0,2,1002.84,34.96,93.18,1002.85,31.39,92.04,0.64,1002.21,32.87,98.25,-0.05,0.29,111.27,300.41,7938,0.92,0.86,9.44,1.00,0.06,-0.04,0.00,4.60,-7.26,-0.27,3,8,18,29, 0.0000000, 0.0000000, 0.00, 0.00
67625,-0.15,-0.59,9.51,1.00,-0.03,0.00,0.00,0.54,2.91,0.05,10.60,0.00,0,2,1002.84,34.96,93.18,1002.85,31.39,92.04,0.64,1002.20,32.86,98.27,-0.03,0.24,107.40,300.32,7938,1.14,1.42,9.56,1.00,0.06,-0.04,0.00,4.61,-7.27,-0.24,3,8,18,29, 0.0000000, 0.0000000, 0.00, 0.00
67677,-0.11,-0.52,9.50,1.00,-0.03,0.00,0.00,0.55,2.92,0.05,10.61,0.00,0,2,1002.84,34.96,93.20,1002.85,31.38,92.05,0.65,1002.19,32.87,98.36,-0.03,0.24,101.25,300.23,7938,0.61,0.88,9.46,1.00,0.06,-0.04,0.00,4.61,-7.26,-0.23,3,8,18,29, 0.0000000, 0.0000000, 0.00, 0.00
67730,0.00,-0.45,9.59,1.00,-0.03,0.00,0.00,0.55,2.92,0.05,10.61,0.00,0,2,1002.84,34.96,93.20,1002.85,31.39,92.08,0.65,1002.20,32.87,98.28,-0.05,0.29,99.84,300.32,7938,0.54,0.77,9.42,1.00,0.06,-0.04,0.00,4.61,-7.27,-0.23,3,8,18,29, 0.0000000, 0.0000000, 0.00, 0.00
67786,-0.13,-0.51,9.55,1.00,-0.03,0.00,0.00,0.55,2.92,0.05,10.61,0.00,0,2,1002.85,34.96,93.14,1002.85,31.39,92.07,0.64,1002.20,32.88,98.31,-0.03,0.24,101.07,300.32,7938,0.76,0.99,9.43,1.00,0.06,-0.04,0.00,4.61,-7.26,-0.22,3,8,18,29, 0.0000000, 0.0000000, 0.00, 0.00
67838,-0.04,-0.50,9.45,1.00,-0.03,0.00,0.00,0.55,2.92,0.05,10.60,0.00,0,2,1002.84,34.95,93.19,1002.85,31.40,92.02,0.64,1002.21,32.89,98.25,-0.03,0.24,105.12,300.32,7939,0.69,1.39,9.59,1.00,0.06,-0.04,0.00,4.61,-7.28,-0.22,3,8,18,29, 0.0000000, 0.0000000, 0.00, 0.00
67895,-0.14,-0.59,9.65,1.00,-0.03,0.00,0.00,0.55,2.92,0.05,10.60,0.00,0,2,1002.84,34.96,93.18,1002.85,31.40,92.04,0.64,1002.20,32.89,98.27,-0.03,0.24,107.49,300.32,7939,0.86,1.41,9.59,1.00,0.06,-0.04,0.00,4.61,-7.28,-0.22,3,8,18,29, 0.0000000, 0.0000000, 0.00, 0.00
67947,-0.09,-0.42,9.41,1.00,-0.03,0.00,0.00,0.55,2.92,0.05,10.60,0.00,0,2,1002.84,34.96,93.18,1002.85,31.41,92.07,0.64,1002.20,32.89,98.29,-0.05,0.29,107.14,300.32,7938,0.95,0.43,9.29,1.00,0.06,-0.04,0.00,4.61,-7.27,-0.22,3,8,18,29, 0.0000000, 0.0000000, 0.00, 0.00
68002,-0.34,-0.51,9.55,1.00,-0.03,0.00,0.00,0.55,2.92,0.05,10.61,0.00,0,2,1002.84,34.95,93.20,1002.85,31.39,92.06,0.64,1002.21,32.87,98.25,-0.03,0.24,106.61,300.32,7938,1.06,0.55,9.36,1.00,0.06,-0.04,0.00,4.61,-7.27,-0.22,3,8,19,29, 0.0000000, 0.0000000, 0.00, 0.00
68058,-0.04,-0.60,9.52,1.00,-0.03,0.00,0.00,0.55,2.92,0.05,10.60,0.00,0,2,1002.84,34.95,93.22,1002.85,31.40,92.02,0.64,1002.22,32.87,98.16,-0.03,0.24,106.26,300.32,7938,0.33,1.99,9.79,1.00,0.06,-0.04,0.00,4.61,-7.29,-0.22,3,8,19,29, 0.0000000, 0.0000000, 0.00, 0.00
68115,-0.33,-0.60,9.30,1.00,-0.03,0.00,0.00,0.55,2.92,0.06,10.59,0.00,0,2,1002.84,34.98,93.22,1002.85,31.38,92.05,0.64,1002.21,32.86,98.20,-0.03,0.24,105.12,300.32,7939,0.72,1.92,9.81,1.00,0.06,-0.04,0.00,4.61,-7.29,-0.20,3,8,19,29, 0.0000000, 0.0000000, 0.00, 0.00
68167,-0.06,-0.54,9.42,1.00,-0.03,0.00,0.00,0.55,2.93,0.05,10.59,0.00,0,2,1002.84,34.97,93.19,1002.85,31.38,92.05,0.64,1002.21,32.86,98.24,-0.03,0.24,108.72,300.23,7938,0.51,1.01,9.46,1.00,0.06,-0.04,0.00,4.61,-7.28,-0.20,3,8,19,29, 0.0000000, 0.0000000, 0.00, 0.00
68225,-0.08,-0.49,9.58,1.00,-0.03,0.00,0.00,0.55,2.93,0.05,10.59,0.00,0,2,1002.84,34.96,93.18,1002.85,31.38,92.08,0.64,1002.21,32.87,98.18,-0.03,0.24,110.21,300.23,7939,0.70,1.26,9.53,1.00,0.06,-0.04,0.00,4.61,-7.26,-0.19,3,8,19,29, 0.0000000, 0.0000000, 0.00, 0.00
68276,-0.07,-0.45,9.68,1.00,-0.03,0.00,0.00,0.55,2.93,0.06,10.59,0.00,0,2,1002.84,34.96,93.18,1002.85,31.39,92.04,0.64,1002.21,32.87,98.25,-0.03,0.24,111.71,300.23,7939,0.55,1.48,9.73,1.00,0.06,-0.04,0.00,4.61,-7.27,-0.20,3,8,19,29, 0.0000000, 0.0000000, 0.00, 0.00
68334,-0.15,-0.56,9.52,1.00,-0.03,0.00,0.00,0.55,2.93,0.06,10.59,0.00,0,2,1002.84,34.96,93.19,1002.85,31.40,92.03,0.64,1002.21,32.88,98.19,-0.05,0.29,111.36,300.23,7938,0.47,1.28,9.58,1.00,0.06,-0.04,0.00,4.61,-7.28,-0.24,3,8,19,29, 0.0000000, 0.0000000, 0.00, 0.00
68387,-0.11,-0.57,9.63,1.00,-0.03,0.00,0.00,0.55,2.93,0.06,10.59,0.00,0,2,1002.85,34.96,93.16,1002.85,31.38,92.06,0.64,1002.22,32.88,98.17,-0.05,0.29,110.74,300.23,7938,0.72,1.35,9.58,1.00,0.06,-0.04,0.00,4.61,-7.28,-0.24,3,8,19,29, 0.0000000, 0.0000000, 0.00, 0.00
68441,-0.12,-0.49,9.61,1.00,-0.03,0.00,0.00,0.55,2.93,0.06,10.59,0.00,0,2,1002.84,34.97,93.17,1002.85,31.38,92.05,0.64,1002.21,32.87,98.19,-0.03,0.24,108.28,300.23,7938,0.99,1.21,9.51,1.00,0.06,-0.04,0.00,4.61,-7.28,-0.25,3,8,19,29, 0.0000000, 0.0000000, 0.00, 0.00
68495,-0.17,-0.40,9.44,1.00,-0.03,0.00,0.00,0.55,2.93,0.06,10.59,0.00,0,2,1002.84,34.97,93.19,1002.85,31.39,92.07,0.64,1002.21,32.87,98.19,-0.05,0.29,104.41,300.23,7937,0.97,1.10,9.50,1.00,0.06,-0.04,0.00,4.62,-7.28,-0.25,3,8,19,29, 0.0000000, 0.0000000, 0.00, 0.00
68548,-0.14,-0.57,9.52,1.00,-0.03,0.00,0.00,0.55,2.93,0.06,10.59,0.00,0,2,1002.85,34.97,93.16,1002.84,31.39,92.09,0.64,1002.20,32.88,98.28,-0.03,0.24,104.41,300.23,7937,0.79,1.61,9.79,1.00,0.06,-0.04,0.00,4.62,-7.30,-0.25,3,8,19,29, 0.0000000, 0.0000000, 0.00, 0.00
68606,-0.05,-0.59,9.53,1.00,-0.03,0.00,0.00,0.55,2.93,0.06,10.60,0.00,0,2,1002.85,34.96,93.14,1002.85,31.40,92.05,0.64,1002.21,32.88,98.26,-0.03,0.24,105.38,300.23,7938,0.83,1.52,9.57,1.00,0.06,-0.04,0.00,4.62,-7.29,-0.25,3,8,19,29, 0.0000000, 0.0000000, 0.00, 0.00
68657,-0.04,-0.47,9.55,1.00,-0.03,0.00,0.00,0.55,2.93,0.06,10.62,0.00,0,2,1002.84,34.96,93.16,1002.85,31.40,92.04,0.64,1002.20,32.87,98.32,-0.02,0.17,105.47,300.23,7938,0.59,1.08,9.47,1.00,0.06,-0.04,0.00,4.62,-7.29,-0.25,3,8,19,29, 0.0000000, 0.0000000, 0.00, 0.00
68713,-0.08,-0.49,9.55,1.00,-0.03,0.00,0.00,0.55,2.93,0.06,10.61,0.00,0,2,1002.84,34.96,93.19,1002.85,31.39,92.05,0.64,1002.20,32.88,98.31,-0.03,0.24,105.38,300.23,7933,0.57,1.21,9.55,1.00,0.06,-0.04,0.00,4.61,-7.29,-0.25,3,8,19,29, 0.0000000, 0.0000000, 0.00, 0.00
68766,-0.10,-0.52,9.54,1.00,-0.03,0.00,0.00,0.55,2.93,0.06,10.60,0.00,0,2,1002.84,34.96,93.18,1002.85,31.41,92.05,0.64,1002.20,32.88,98.31,-0.05,0.29,105.38,300.23,7933,0.88,1.59,9.58,1.00,0.06,-0.04,0.00,4.61,-7.28,-0.25,3,8,19,29, 0.0000000, 0.0000000, 0.00, 0.00
68819,-0.15,-0.62,9.50,1.00,-0.03,0.00,0.00,0.55,2.93,0.06,10.61,0.00,0,2,1002.84,34.96,93.20,1002.85,31.40,92.06,0.63,1002.20,32.87,98.27,-0.03,0.24,105.73,300.23,7933,0.87,1.40,9.49,1.00,0.06,-0.04,0.00,4.61,-7.29,-0.25,3,8,19,29, 0.0000000, 0.0000000, 0.00, 0.00
68875,-0.14,-0.60,9.51,1.00,-0.03,0.00,0.00,0.55,2.93,0.06,10.61,0.00,0,2,1002.84,34.96,93.24,1002.85,31.39,92.02,0.63,1002.21,32.88,98.25,-0.03,0.24,106.79,300.23,7914,0.62,1.20,9.56,1.00,0.06,-0.04,0.00,4.61,-7.29,-0.25,3,8,19,29, 0.0000000, 0.0000000, 0.00, 0.00
68928,0.00,-0.41,9.56,1.00,-0.03,0.00,0.00,0.55,2.93,0.06,10.59,0.00,0,2,1002.84,34.97,93.22,1002.85,31.39,92.01,0.64,1002.20,32.89,98.32,-0.05,0.29,108.54,300.23,7909,0.51,1.27,9.55,1.00,0.06,-0.04,0.00,4.61,-7.29,-0.25,3,8,19,29, 0.0000000, 0.0000000, 0.00, 0.00
68984,-0.02,-0.52,9.50,1.00,-0.03,0.00,0.00,0.55,2.93,0.06,10.60,0.00,0,2,1002.84,34.97,93.19,1002.85,31.39,92.02,0.64,1002.21,32.89,98.27,-0.03,0.24,109.34,300.23,7909,0.59,1.24,9.60,1.00,0.06,-0.04,0.00,4.59,-7.27,-0.26,3,8,19,29, 0.0000000, 0.0000000, 0.00, 0.00
69036,-0.17,-0.53,9.58,1.00,-0.03,0.00,0.00,0.55,2.93,0.06,10.60,0.00,0,2,1002.84,34.97,93.17,1002.84,31.38,92.09,0.63,1002.21,32.88,98.25,-0.03,0.24,108.54,300.15,7910,0.87,1.17,9.56,1.00,0.06,-0.04,0.00,4.59,-7.27,-0.26,3,8,19,29, 0.0000000, 0.0000000, 0.00, 0.00
69093,-0.23,-0.50,9.45,1.00,-0.03,0.00,0.00,0.55,2.93,0.06,10.62,0.00,0,2,1002.84,34.97,93.18,1002.85,31.39,92.08,0.64,1002.20,32.89,98.27,-0.03,0.24,107.93,300.15,7909,1.03,1.30,9.53,1.00,0.06,-0.04,0.00,4.60,-7.28,-0.27,3,8,19,29, 0.0000000, 0.0000000, 0.00, 0.00
69145,-0.11,-0.60,9.60,1.00,-0.03,0.00,0.00,0.55,2.93,0.06,10.62,0.00,0,2,1002.85,34.97,93.16,1002.85,31.38,92.06,0.64,1002.20,32.88,98.29,-0.03,0.24,107.05,300.15,7864,0.67,0.96,9.48,1.00,0.06,-0.04,0.00,4.60,-7.27,-0.24,3,8,19,29, 0.0000000, 0.0000000, 0.00, 0.00
69199,-0.03,-0.47,9.66,1.00,-0.03,0.00,0.00,0.55,2.93,0.06,10.62,0.00,0,2,1002.85,34.97,93.12,1002.84,31.39,92.11,0.64,1002.21,32.88,98.24,-0.03,0.24,107.31,300.15,7802,0.52,0.76,9.42,1.00,0.06,-0.04,0.00,4.60,-7.28,-0.24,3,8,19,29, 0.0000000, 0.0000000, 0.00, 0.00
69256,-0.03,-0.37,9.65,1.00,-0.03,0.00,0.00,0.55,2.93,0.06,10.61,0.00,0,2,1002.84,34.96,93.18,1002.85,31.39,92.08,0.63,1002.21,32.89,98.22,-0.03,0.24,108.11,300.23,7723,1.05,1.48,9.54,1.00,0.06,-0.04,0.00,4.60,-7.29,-0.25,3,8,19,29, 0.0000000, 0.0000000, 0.00, 0.00
69313,-0.14,-0.55,9.49,1.00,-0.03,0.00,0.00,0.55,2.93,0.06,10.59,0.00,0,2,1002.84,34.97,93.18,1002.85,31.39,92.06,0.63,1002.21,32.89,98.18,-0.03,0.24,109.95,300.32,7681,0.98,1.41,9.52,1.00,0.06,-0.04,0.00,4.60,-7.27,-0.23,3,8,19,29, 0.0000000, 0.0000000, 0.00, 0.00
69365,-0.03,-0.59,9.74,1.00,-0.03,0.00,0.00,0.55,2.93,0.06,10.58,0.00,0,2,1002.85,34.99,93.14,1002.85,31.39,92.05,0.64,1002.21,32.88,98.24,-0.02,0.17,111.01,301.03,7635,0.90,1.14,9.49,1.00,0.06,-0.04,0.00,4.60,-7.27,-0.22,3,8,19,29, 0.0000000, 0.0000000, 0.00, 0.00
69423,-0.18,-0.56,9.41,1.00,-0.03,0.00,0.00,0.55,2.93,0.06,10.58,0.00,0,2,1002.85,34.98,93.17,1002.85,31.39,92.04,0.64,1002.21,32.89,98.23,-0.03,0.24,111.09,301.46,7585,0.99,1.11,9.50,1.00,0.06,-0.04,0.00,4.61,-7.28,-0.22,3,8,19,29, 0.0000000, 0.0000000, 0.00, 0.00
69476,-0.14,-0.55,9.44,1.00,-0.03,0.00,0.00,0.55,2.93,0.06,10.60,0.00,0,2,1002.84,34.97,93.18,1002.85,31.39,92.06,0.64,1002.21,32.89,98.23,-0.03,0.24,109.95,301.29,7509,0.63,1.46,9.57,1.00,0.06,-0.04,0.00,4.61,-7.28,-0.19,3,8,20,29, 0.0000000, 0.0000000, 0.00, 0.00
69532,-0.07,-0.45,9.56,1.00,-0.03,0.00,0.00,0.55,2.93,0.06,10.60,0.00,0,2,1002.84,34.96,93.18,1002.85,31.37,92.04,0.63,1002.19,32.88,98.38,-0.05,0.29,109.34,301.29,7500,0.58,1.39,9.62,1.00,0.06,-0.04,0.00,4.60,-7.28,-0.15,3,8,20,29, 0.0000000, 0.0000000, 0.00, 0.00
69585,-0.08,-0.54,9.58,1.00,-0.03,0.00,0.00,0.55,2.93,0.06,10.61,0.00,0,2,1002.84,34.97,93.17,1002.85,31.39,92.06,0.63,1002.20,32.88,98.27,-0.03,0.24,107.40,301.20,7501,0.58,1.69,9.68,1.00,0.06,-0.04,0.00,4.60,-7.28,-0.12,3,8,20,29, 0.0000000, 0.0000000, 0.00, 0.00
69642,-0.03,-0.45,9.56,1.00,-0.03,0.00,0.00,0.55,2.93,0.06,10.62,0.00,0,2,1002.84,34.97,93.22,1002.85,31.39,92.06,0.63,1002.21,32.88,98.25,-0.03,0.24,105.47,301.11,7501,0.91,1.45,9.64,1.00,0.06,-0.04,0.00,4.61,-7.27,-0.12,3,8,20,29, 0.0000000, 0.0000000, 0.00, 0.00
69695,-0.01,-0.45,9.57,1.00,-0.03,0.00,0.00,0.55,2.93,0.06,10.61,0.00,0,2,1002.84,34.99,93.21,1002.85,31.39,92.08,0.64,1002.21,32.88,98.24,-0.02,0.17,106.88,301.11,7500,0.61,1.13,9.60,1.00,0.06,-0.04,0.00,4.61,-7.27,-0.10,3,8,20,29, 0.0000000, 0.0000000, 0.00, 0.00
69749,-0.09,-0.53,9.61,1.00,-0.03,0.00,0.00,0.55,2.93,0.06,10.61,0.00,0,2,1002.84,34.97,93.24,1002.85,31.39,92.07,0.63,1002.21,32.88,98.24,-0.03,0.24,107.23,301.11,7501,0.67,1.78,9.75,1.00,0.06,-0.04,0.00,4.61,-7.27,-0.10,3,8,20,29, 0.0000000, 0.0000000, 0.00, 0.00
69805,-0.18,-0.47,9.40,1.00,-0.03,0.00,0.00,0.55,2.93,0.06,10.61,0.00,0,2,1002.84,34.98,93.26,1002.85,31.38,92.05,0.64,1002.21,32.88,98.24,-0.05,0.29,107.23,301.11,7501,0.89,1.11,9.45,1.00,0.06,-0.04,0.00,4.61,-7.25,-0.10,3,8,20,29, 0.0000000, 0.0000000, 0.00, 0.00
69862,-0.11,-0.50,9.56,1.00,-0.03,0.00,0.00,0.55,2.93,0.06,10.61,0.00,0,2,1002.84,34.98,93.23,1002.85,31.40,92.05,0.64,1002.21,32.89,98.22,-0.05,0.29,107.58,301.11,7500,0.79,0.63,9.36,1.00,0.06,-0.04,0.00,4.61,-7.24,-0.09,3,8,20,29, 0.0000000, 0.0000000, 0.00, 0.00
69913,-0.07,-0.49,9.68,1.00,-0.03,0.00,0.00,0.55,2.93,0.06,10.61,0.00,0,2,1002.84,34.99,93.21,1002.85,31.38,92.04,0.64,1002.20,32.88,98.28,-0.02,0.17,110.21,301.11,7500,0.99,1.79,9.65,1.00,0.06,-0.04,0.00,4.61,-7.25,-0.09,3,8,20,29, 0.0000000, 0.0000000, 0.00, 0.00
69967,-0.18,-0.53,9.44,1.00,-0.03,0.00,0.00,0.55,2.93,0.06,10.60,0.00,0,2,1002.84,34.99,93.18,1002.85,31.38,92.05,0.63,1002.20,32.88,98.30,-0.03,0.24,112.68,301.11,7500,0.88,0.90,9.40,1.00,0.06,-0.04,0.00,4.61,-7.24,-0.05,3,8,21,29, 0.0000000, 0.0000000, 0.00, 0.00
70024,0.02,-0.56,9.61,1.00,-0.03,0.00,0.00,0.55,2.93,0.06,10.61,0.00,0,2,1002.84,34.98,93.20,1002.84,31.37,92.10,0.63,1002.21,32.89,98.23,-0.03,0.24,112.50,301.11,7500,0.87,1.21,9.53,1.00,0.06,-0.04,0.00,4.62,-7.25,-0.04,3,8,21,29, 0.0000000, 0.0000000, 0.00, 0.00
70076,-0.11,-0.58,9.59,1.00,-0.03,0.00,0.00,0.55,2.93,0.06,10.59,0.00,0,2,1002.85,34.98,93.17,1002.85,31.37,92.06,0.63,1002.21,32.89,98.20,-0.03,0.24,108.28,301.11,7501,0.73,1.09,9.55,1.00,0.06,-0.04,0.00,4.62,-7.25,-0.03,3,8,21,29, 0.0000000, 0.0000000, 0.00, 0.00
70133,-0.02,-0.56,9.46,1.00,-0.03,0.00,0.00,0.55,2.93,0.06,10.58,0.00,0,2,1002.85,34.99,93.14,1002.85,31.38,92.03,0.63,1002.21,32.88,98.22,-0.03,0.24,106.00,301.11,7500,0.58,1.38,9.61,1.00,0.06,-0.04,0.00,4.61,-7.25,-0.03,3,8,21,29, 0.0000000, 0.0000000, 0.00, 0.00
70186,0.00,-0.53,9.44,1.00,-0.03,0.00,0.00,0.55,2.93,0.06,10.57,0.00,0,2,1002.85,34.97,93.16,1002.85,31.38,92.01,0.63,1002.22,32.89,98.17,-0.03,0.24,106.08,301.11,7500,0.41,1.19,9.59,1.00,0.06,-0.04,0.00,4.58,-7.25,-0.02,3,8,21,29, 0.0000000, 0.0000000, 0.00, 0.00
70243,0.01,-0.47,9.60,1.00,-0.03,0.00,0.00,0.55,2.93,0.06,10.56,0.00,0,2,1002.85,34.98,93.16,1002.84,31.38,92.10,0.64,1002.20,32.88,98.29,-0.02,0.17,109.78,301.11,7500,0.90,1.15,9.48,1.00,0.06,-0.04,0.00,4.57,-7.25,-0.04,3,8,21,29, 0.0000000, 0.0000000, 0.00, 0.00
70294,-0.16,-0.53,9.60,1.00,-0.03,0.00,0.00,0.55,2.93,0.06,10.60,0.00,0,2,1002.84,34.98,93.23,1002.85,31.40,92.05,0.64,1002.20,32.88,98.27,-0.03,0.24,114.26,301.11,7500,0.73,1.17,9.61,1.00,0.06,-0.04,0.00,4.57,-7.25,-0.04,3,8,21,29, 0.0000000, 0.0000000, 0.00, 0.00
70348,-0.20,-0.49,9.50,1.00,-0.03,0.00,0.00,0.55,2.93,0.06,10.61,0.00,0,2,1002.84,34.98,93.23,1002.85,31.40,92.08,0.64,1002.20,32.88,98.31,-0.03,0.24,113.55,301.11,7500,0.86,0.83,9.39,1.00,0.06,-0.04,0.00,4.57,-7.24,-0.05,3,8,21,29, 0.0000000, 0.0000000, 0.00, 0.00
70404,-0.20,-0.45,9.47,1.00,-0.03,0.00,0.00,0.55,2.93,0.06,10.62,0.00,0,2,1002.84,34.99,93.21,1002.84,31.39,92.09,0.64,1002.20,32.86,98.27,-0.03,0.24,112.24,301.11,7500,0.61,1.09,9.50,1.00,0.06,-0.04,0.00,4.57,-7.22,-0.05,3,8,21,29, 0.0000000, 0.0000000, 0.00, 0.00
70461,-0.08,-0.48,9.60,1.00,-0.03,0.00,0.00,0.55,2.93,0.06,10.62,0.00,0,2,1002.84,34.98,93.24,1002.85,31.39,92.08,0.64,1002.21,32.89,98.18,-0.03,0.24,109.42,301.11,7501,0.68,1.72,9.70,1.00,0.06,-0.04,0.00,4.57,-7.25,-0.07,3,8,21,29, 0.0000000, 0.0000000, 0.00, 0.00
70514,-0.22,-0.48,9.48,1.00,-0.03,0.00,0.00,0.55,2.93,0.06,10.62,0.00,0,2,1002.85,34.99,93.17,1002.84,31.40,92.09,0.64,1002.20,32.88,98.29,-0.03,0.24,109.07,301.11,7501,0.81,0.91,9.38,1.00,0.06,-0.04,0.00,4.57,-7.25,-0.06,3,8,21,29, 0.0000000, 0.0000000, 0.00, 0.00
70571,-0.10,-0.49,9.51,1.00,-0.03,0.00,0.00,0.55,2.93,0.06,10.61,0.00,0,2,1002.84,34.98,93.18,1002.85,31.39,92.08,0.64,1002.20,32.89,98.31,-0.03,0.24,110.48,301.11,7501,0.58,0.97,9.51,1.00,0.06,-0.04,0.00,4.57,-7.25,-0.07,3,8,21,29, 0.0000000, 0.0000000, 0.00, 0.00
70623,-0.03,-0.52,9.59,1.00,-0.03,0.00,0.00,0.55,2.93,0.06,10.61,0.00,0,2,1002.84,34.97,93.22,1002.84,31.37,92.09,0.64,1002.20,32.89,98.29,-0.05,0.29,112.94,301.11,7501,0.79,1.34,9.56,1.00,0.06,-0.04,0.00,4.57,-7.25,-0.07,3,8,21,29, 0.0000000, 0.0000000, 0.00, 0.00
70681,-0.18,-0.47,9.43,1.00,-0.03,0.00,0.00,0.55,2.93,0.06,10.62,0.00,0,2,1002.84,34.98,93.23,1002.85,31.39,92.06,0.65,1002.21,32.88,98.24,-0.03,0.24,117.86,301.46,7501,0.91,1.45,9.54,1.00,0.06,-0.04,0.00,4.57,-7.25,-0.09,3,8,21,29, 0.0000000, 0.0000000, 0.00, 0.00
70734,-0.05,-0.56,9.43,1.00,-0.03,0.00,0.00,0.55,2.93,0.06,10.62,0.00,0,2,1002.84,34.98,93.23,1002.84,31.39,92.11,0.64,1002.21,32.89,98.20,-0.03,0.24,121.73,301.55,7500,0.59,1.19,9.46,1.00,0.06,-0.04,0.00,4.57,-7.25,-0.09,3,8,21,29, 0.0000000, 0.0000000, 0.00, 0.00
70791,-0.05,-0.43,9.57,1.00,-0.03,0.00,0.00,0.55,2.93,0.06,10.62,0.00,0,2,1002.84,34.98,93.25,1002.84,31.38,92.08,0.64,1002.21,32.88,98.26,-0.03,0.24,122.08,301.55,7500,0.87,1.52,9.61,1.00,0.06,-0.04,0.00,4.56,-7.25,-0.09,3,8,21,29, 0.0000000, 0.0000000, 0.00, 0.00
70843,-0.22,-0.45,9.51,1.00,-0.03,0.00,0.00,0.55,2.93,0.06,10.62,0.00,0,2,1002.84,34.99,93.19,1002.84,31.38,92.13,0.64,1002.21,32.89,98.22,-0.03,0.24,120.85,301.55,7500,0.87,1.36,9.60,1.00,0.06,-0.04,0.00,4.56,-7.27,-0.09,3,8,21,29, 0.0000000, 0.0000000, 0.00, 0.00
70898,-0.13,-0.62,9.67,1.00,-0.03,0.00,0.00,0.55,2.93,0.06,10.61,0.00,0,2,1002.85,34.99,93.16,1002.85,31.39,92.07,0.64,1002.21,32.88,98.19,-0.03,0.24,117.16,301.55,7500,0.98,1.04,9.45,1.00,0.06,-0.04,0.00,4.56,-7.26,-0.09,3,8,21,29, 0.0000000, 0.0000000, 0.00, 0.00
70953,-0.13,-0.53,9.72,1.00,-0.03,0.00,0.00,0.55,2.93,0.06,10.58,0.00,0,2,1002.85,34.99,93.16,1002.85,31.38,92.08,0.64,1002.21,32.89,98.20,-0.03,0.24,113.38,301.55,7500,0.77,1.35,9.61,1.00,0.06,-0.04,0.00,4.56,-7.26,-0.09,3,8,21,29, 0.0000000, 0.0000000, 0.00, 0.00
71011,-0.08,-0.46,9.36,1.00,-0.03,0.00,0.00,0.55,2.93,0.06,10.55,0.00,0,2,1002.85,34.97,93.12,1002.85,31.39,92.07,0.63,1002.21,32.88,98.19,-0.03,0.24,109.34,301.55,7500,0.65,1.04,9.44,1.00,0.06,-0.04,0.00,4.57,-7.26,-0.09,3,8,22,29, 0.0000000, 0.0000000, 0.00, 0.00
71063,-0.11,-0.45,9.51,1.00,-0.03,0.00,0.00,0.55,2.93,0.06,10.56,0.00,0,2,1002.84,34.99,93.17,1002.84,31.39,92.09,0.64,1002.21,32.88,98.24,-0.03,0.24,106.96,301.55,7499,0.66,1.11,9.48,1.00,0.06,-0.04,0.00,4.57,-7.26,-0.08,3,8,22,29, 0.0000000, 0.0000000, 0.00, 0.00
71120,-0.11,-0.52,9.58,1.00,-0.03,0.00,0.00,0.55,2.93,0.06,10.58,0.00,0,2,1002.84,34.99,93.18,1002.85,31.39,92.09,0.64,1002.20,32.89,98.27,-0.02,0.17,105.82,301.46,7500,1.04,1.14,9.51,1.00,0.06,-0.04,0.00,4.58,-7.25,-0.07,3,8,22,29, 0.0000000, 0.0000000, 0.00, 0.00
71172,-0.12,-0.56,9.44,1.00,-0.03,0.00,0.00,0.55,2.93,0.06,10.60,0.00,0,2,1002.84,34.98,93.21,1002.84,31.39,92.09,0.64,1002.21,32.88,98.22,-0.03,0.24,106.00,301.55,7500,0.79,0.95,9.46,1.00,0.06,-0.04,0.00,4.59,-7.26,-0.06,3,8,22,29, 0.0000000, 0.0000000, 0.00, 0.00
71227,0.00,-0.48,9.60,1.00,-0.03,0.00,0.00,0.55,2.93,0.06,10.60,0.00,0,2,1002.84,34.97,93.21,1002.85,31.40,92.05,0.64,1002.21,32.88,98.19,-0.03,0.24,106.70,301.55,7500,0.73,1.04,9.51,1.00,0.06,-0.04,0.00,4.58,-7.25,-0.04,3,8,22,29, 0.0000000, 0.0000000, 0.00, 0.00
71282,-0.07,-0.55,9.57,1.00,-0.03,0.00,0.00,0.55,2.93,0.06,10.60,0.00,0,2,1002.84,34.99,93.21,1002.84,31.39,92.12,0.64,1002.22,32.89,98.16,-0.03,0.24,107.14,301.55,7500,0.82,1.25,9.52,1.00,0.06,-0.04,0.00,4.58,-7.25,-0.04,3,8,22,29, 0.0000000, 0.0000000, 0.00, 0.00
71333,-0.10,-0.55,9.56,1.00,-0.03,0.00,0.00,0.55,2.93,0.06,10.61,0.00,0,2,1002.84,34.98,93.21,1002.84,31.39,92.06,0.64,1002.21,32.87,98.18,-0.02,0.17,105.82,301.55,7500,0.94,1.32,9.48,1.00,0.06,-0.04,0.00,4.58,-7.26,-0.04,3,8,22,29, 0.0000000, 0.0000000, 0.00, 0.00
71390,-0.16,-0.55,9.45,1.00,-0.03,0.00,0.00,0.55,2.93,0.06,10.62,0.00,0,2,1002.84,34.99,93.24,1002.84,31.40,92.09,0.64,1002.21,32.88,98.24,-0.03,0.24,104.06,301.55,7500,0.66,1.04,9.49,1.00,0.06,-0.04,0.00,4.59,-7.26,-0.03,3,8,22,29, 0.0000000, 0.0000000, 0.00, 0.00
71443,-0.12,-0.51,9.54,1.00,-0.03,0.00,0.00,0.55,2.93,0.06,10.60,0.00,0,2,1002.84,34.99,93.21,1002.85,31.40,92.07,0.64,1002.21,32.90,98.19,-0.03,0.24,103.89,301.38,7500,0.58,1.10,9.47,1.00,0.06,-0.04,0.00,4.58,-7.24,-0.02,3,8,22,29, 0.0000000, 0.0000000, 0.00, 0.00
71494,-0.14,-0.54,9.52,1.00,-0.03,0.00,0.00,0.55,2.93,0.06,10.61,0.00,0,2,1002.84,34.99,93.22,1002.84,31.38,92.11,0.64,1002.21,32.89,98.24,-0.02,0.17,105.38,301.11,7500,0.91,1.60,9.61,1.00,0.06,-0.04,0.00,4.58,-7.25,-0.02,3,8,22,29, 0.0000000, 0.0000000, 0.00, 0.00
71552,-0.19,-0.56,9.61,1.00,-0.03,0.00,0.00,0.55,2.93,0.06,10.61,0.00,0,2,1002.84,35.00,93.23,1002.84,31.39,92.06,0.64,1002.20,32.89,98.27,-0.03,0.24,106.96,300.85,7501,0.75,0.72,9.46,1.00,0.06,-0.04,0.00,4.58,-7.24,0.00,3,8,22,29, 0.0000000, 0.0000000, 0.00, 0.00
71608,-0.09,-0.52,9.59,1.00,-0.03,0.00,0.00,0.55,2.93,0.06,10.61,0.00,0,2,1002.84,34.99,93.22,1002.84,31.38,92.06,0.64,1002.20,32.89,98.27,-0.03,0.24,106.96,300.85,7500,0.63,0.74,9.46,1.00,0.06,-0.04,0.00,4.59,-7.25,0.02,3,8,22,29, 0.0000000, 0.0000000, 0.00, 0.00
71663,-0.07,-0.78,9.64,1.00,-0.03,0.01,0.00,0.60,2.96,0.06,10.62,0.00,0,2,1002.83,34.99,93.29,1002.85,31.37,92.03,0.64,1002.21,32.88,98.25,-0.03,0.24,107.23,300.85,7500,0.49,0.94,9.80,1.00,0.06,-0.04,0.00,4.60,-7.25,0.06,3,8,22,29, 0.0000000, 0.0000000, 0.00, 0.00
71720,0.12,-0.46,9.65,1.00,-0.03,0.01,0.00,0.60,2.96,0.06,10.61,0.00,0,2,1002.84,34.99,93.26,1002.85,31.40,92.08,0.64,1002.21,32.88,98.24,-0.03,0.24,108.37,300.85,7500,0.61,1.30,9.45,1.00,0.06,-0.04,0.00,4.60,-7.25,0.07,3,8,22,29, 0.0000000, 0.0000000, 0.00, 0.00
71771,-0.22,-0.33,9.87,1.00,-0.03,0.01,0.00,0.59,2.95,0.06,10.59,0.00,0,2,1002.84,34.99,93.17,1002.84,31.39,92.09,0.64,1002.21,32.89,98.23,-0.03,0.24,109.16,300.85,7500,1.30,1.16,9.55,1.00,0.06,-0.04,0.00,4.60,-7.25,0.07,3,8,22,29, 0.0000000, 0.0000000, 0.00, 0.00
71825,-0.06,-0.55,9.43,1.00,-0.03,0.01,0.00,0.60,2.95,0.06,10.59,0.00,0,2,1002.85,34.99,93.16,1002.85,31.39,92.08,0.64,1002.20,32.90,98.30,-0.05,0.29,109.07,300.85,7499,0.65,1.00,9.66,1.00,0.06,-0.04,0.00,4.60,-7.25,0.11,3,8,22,29, 0.0000000, 0.0000000, 0.00, 0.00
71881,0.00,-0.53,9.38,1.00,-0.03,0.01,0.00,0.59,2.95,0.06,10.59,0.00,0,2,1002.84,35.00,93.21,1002.85,31.38,92.06,0.64,1002.21,32.88,98.20,-0.03,0.24,109.78,300.85,7500,0.87,1.08,9.53,1.00,0.06,-0.04,0.00,4.60,-7.25,0.12,3,8,22,29, 0.0000000, 0.0000000, 0.00, 0.00
71933,-0.16,-0.54,9.53,1.00,-0.03,0.01,0.00,0.60,2.96,0.06,10.59,0.00,0,2,1002.84,35.01,93.19,1002.84,31.39,92.09,0.64,1002.21,32.89,98.20,-0.03,0.24,111.71,300.85,7500,0.91,1.51,9.61,1.00,0.06,-0.04,0.00,4.60,-7.25,0.09,3,8,22,29, 0.0000000, 0.0000000, 0.00, 0.00
71989,-0.20,-0.47,9.59,1.00,-0.03,0.01,0.00,0.60,2.96,0.06,10.61,0.00,0,2,1002.84,34.99,93.24,1002.85,31.39,92.07,0.63,1002.21,32.87,98.21,-0.02,0.17,113.91,300.85,7500,1.05,1.36,9.57,1.00,0.06,-0.04,0.00,4.61,-7.25,0.11,3,8,23,29, 0.0000000, 0.0000000, 0.00, 0.00
72042,-0.10,-0.53,9.61,1.00,-0.03,0.01,0.00,0.60,2.96,0.06,10.61,0.00,0,2,1002.84,34.99,93.21,1002.84,31.40,92.11,0.63,1002.21,32.88,98.22,-0.03,0.24,113.55,300.85,7500,0.98,0.91,9.46,1.00,0.06,-0.04,0.00,4.61,-7.24,0.13,3,8,23,29, 0.0000000, 0.0000000, 0.00, 0.00
72096,-0.12,-0.56,9.56,1.00,-0.03,0.01,0.00,0.60,2.96,0.06,10.61,0.00,0,2,1002.84,35.01,93.18,1002.84,31.39,92.14,0.63,1002.21,32.88,98.24,-0.03,0.24,113.12,300.85,7500,1.02,0.67,9.37,1.00,0.06,-0.04,0.00,4.61,-7.24,0.15,3,8,23,29, 0.0000000, 0.0000000, 0.00, 0.00
72152,-0.12,-0.51,9.55,1.00,-0.03,0.01,0.00,0.60,2.97,0.06,10.62,0.00,0,2,1002.84,34.99,93.19,1002.85,31.39,92.08,0.63,1002.21,32.90,98.19,-0.05,0.29,113.55,300.85,7500,0.41,1.65,9.68,1.00,0.06,-0.04,0.00,4.61,-7.25,0.17,3,8,23,29, 0.0000000, 0.0000000, 0.00, 0.00
72204,-0.13,-0.45,9.55,1.00,-0.03,0.01,0.00,0.60,2.97,0.06,10.60,0.00,0,2,1002.85,35.00,93.13,1002.85,31.40,92.07,0.63,1002.21,32.89,98.23,-0.03,0.24,114.26,300.76,7500,0.55,1.17,9.52,1.00,0.06,-0.04,0.00,4.61,-7.24,0.18,3,8,23,29, 0.0000000, 0.0000000, 0.00, 0.00
72262,-0.14,-0.49,9.50,1.00,-0.03,0.01,0.00,0.60,2.97,0.06,10.59,0.00,0,2,1002.84,34.98,93.19,1002.85,31.38,92.07,0.63,1002.20,32.88,98.27,-0.05,0.29,113.82,300.76,7500,0.41,1.08,9.51,1.00,0.06,-0.04,0.00,4.62,-7.26,0.20,3,8,23,29, 0.0000000, 0.0000000, 0.00, 0.00
72318,-0.10,-0.50,9.57,1.00,-0.03,0.01,0.00,0.60,2.97,0.06,10.58,0.00,0,2,1002.84,34.99,93.19,1002.85,31.41,92.09,0.64,1002.21,32.88,98.23,-0.05,0.29,113.03,300.76,7500,0.69,1.13,9.55,1.00,0.06,-0.04,0.00,4.62,-7.26,0.21,3,8,23,29, 0.0000000, 0.0000000, 0.00, 0.00
72372,-0.09,-0.55,9.50,1.00,-0.03,0.01,0.00,0.60,2.97,0.06,10.60,0.00,0,2,1002.84,34.99,93.22,1002.85,31.41,92.05,0.64,1002.21,32.88,98.24,-0.03,0.24,114.08,300.76,7500,0.74,1.27,9.56,1.00,0.06,-0.04,0.00,4.62,-7.26,0.22,3,8,23,29, 0.0000000, 0.0000000, 0.00, 0.00
72429,-0.07,-0.51,9.50,1.00,-0.03,0.01,0.00,0.60,2.97,0.06,10.59,0.00,0,2,1002.85,35.00,93.17,1002.85,31.41,92.07,0.64,1002.21,32.88,98.24,-0.03,0.24,114.70,300.76,7500,0.78,1.39,9.51,1.00,0.06,-0.04,0.00,4.61,-7.25,0.24,3,8,23,29, 0.0000000, 0.0000000, 0.00, 0.00
72481,-0.10,-0.51,9.51,1.00,-0.03,0.01,0.00,0.60,2.97,0.06,10.59,0.00,0,2,1002.84,35.00,93.18,1002.85,31.42,92.05,0.64,1002.20,32.87,98.28,-0.03,0.24,114.26,300.76,7500,0.71,1.15,9.62,1.00,0.06,-0.04,0.00,4.61,-7.25,0.26,3,8,23,29, 0.0000000, 0.0000000, 0.00, 0.00
72537,0.00,-0.51,9.42,1.00,-0.03,0.01,0.00,0.59,2.97,0.06,10.58,0.00,0,2,1002.84,34.98,93.18,1002.85,31.40,92.05,0.64,1002.20,32.89,98.27,-0.03,0.24,116.89,300.76,7500,0.52,0.77,9.46,1.00,0.06,-0.04,0.00,4.60,-7.25,0.26,3,8,23,29, 0.0000000, 0.0000000, 0.00, 0.00
72590,-0.07,-0.55,9.58,1.00,-0.03,0.01,0.00,0.59,2.97,0.06,10.58,0.00,0,2,1002.84,34.99,93.19,1002.85,31.41,92.07,0.64,1002.21,32.88,98.23,-0.03,0.24,115.84,300.76,7500,0.97,1.52,9.62,1.00,0.06,-0.04,0.00,4.60,-7.27,0.25,3,8,23,29, 0.0000000, 0.0000000, 0.00, 0.00
72644,-0.12,-0.50,9.54,1.00,-0.03,0.01,0.00,0.58,2.98,0.06,10.58,0.00,0,2,1002.84,35.02,93.20,1002.85,31.41,92.04,0.64,1002.21,32.88,98.22,-0.03,0.24,111.62,300.76,7500,0.93,0.95,9.50,1.00,0.06,-0.04,0.00,4.60,-7.27,0.23,3,8,23,29, 0.0000000, 0.0000000, 0.00, 0.00
72702,-0.17,-0.50,9.54,1.00,-0.03,0.01,0.00,0.59,2.98,0.06,10.59,0.00,0,2,1002.85,35.00,93.16,1002.85,31.42,92.05,0.64,1002.21,32.87,98.19,-0.03,0.24,110.57,300.76,7500,1.04,0.85,9.34,1.00,0.06,-0.04,0.00,4.60,-7.26,0.23,3,8,23,29, 0.0000000, 0.0000000, 0.00, 0.00
72753,-0.17,-0.50,9.61,1.00,-0.03,0.01,0.00,0.60,2.98,0.06,10.58,0.00,0,2,1002.84,35.00,93.22,1002.85,31.41,92.06,0.64,1002.21,32.88,98.20,-0.03,0.24,111.27,300.76,7501,0.95,1.07,9.51,1.00,0.06,-0.04,0.00,4.60,-7.26,0.22,3,8,23,29, 0.0000000, 0.0000000, 0.00, 0.00
72810,-0.11,-0.51,9.45,1.00,-0.03,0.01,0.00,0.60,2.98,0.06,10.58,0.00,0,2,1002.84,35.00,93.20,1002.85,31.42,92.08,0.64,1002.21,32.88,98.20,-0.03,0.24,112.50,300.76,7501,0.53,1.09,9.52,1.00,0.06,-0.04,0.00,4.60,-7.25,0.23,3,8,23,29, 0.0000000, 0.0000000, 0.00, 0.00
72868,-0.11,-0.53,9.58,1.00,-0.03,0.01,0.00,0.60,2.98,0.06,10.58,0.00,0,2,1002.84,35.00,93.19,1002.85,31.40,92.07,0.64,1002.21,32.88,98.22,-0.03,0.24,112.50,300.76,7500,0.54,1.12,9.50,1.00,0.06,-0.04,0.00,4.60,-7.25,0.23,3,8,23,29, 0.0000000, 0.0000000, 0.00, 0.00
72922,-0.14,-0.54,9.54,1.00,-0.03,0.01,0.00,0.60,2.98,0.06,10.58,0.00,0,2,1002.84,35.00,93.20,1002.85,31.42,92.06,0.64,1002.21,32.86,98.24,-0.03,0.24,112.15,300.76,7500,0.66,1.75,9.59,1.00,0.06,-0.04,0.00,4.60,-7.26,0.24,3,8,23,29, 0.0000000, 0.0000000, 0.00, 0.00
72973,-0.07,-0.53,9.46,1.00,-0.03,0.01,0.00,0.60,2.98,0.06,10.59,0.00,0,2,1002.84,34.99,93.21,1002.85,31.41,92.06,0.64,1002.21,32.89,98.23,-0.03,0.24,112.06,300.76,7501,0.59,1.27,9.63,1.00,0.06,-0.04,0.00,4.60,-7.25,0.25,3,8,24,29, 0.0000000, 0.0000000, 0.00, 0.00
73029,-0.03,-0.47,9.62,1.00,-0.03,0.01,0.00,0.60,2.98,0.06,10.60,0.00,0,2,1002.84,35.00,93.23,1002.85,31.42,92.06,0.64,1002.21,32.89,98.22,-0.02,0.17,113.47,300.67,7500,0.83,1.31,9.53,1.00,0.06,-0.04,0.00,4.60,-7.25,0.25,3,8,24,29, 0.0000000, 0.0000000, 0.00, 0.00
73082,-0.12,-0.49,9.52,1.00,-0.03,0.01,0.00,0.60,2.98,0.06,10.60,0.00,0,2,1002.84,35.00,93.23,1002.85,31.41,92.03,0.64,1002.20,32.89,98.27,-0.05,0.29,115.05,300.67,7501,0.86,1.24,9.61,1.00,0.06,-0.04,0.00,4.60,-7.25,0.25,3,8,24,29, 0.0000000, 0.0000000, 0.00, 0.00
73140,-0.12,-0.57,9.54,1.00,-0.03,0.01,0.00,0.60,2.98,0.06,10.62,0.00,0,2,1002.84,35.01,93.23,1002.85,31.43,92.05,0.64,1002.20,32.88,98.27,-0.02,0.17,117.86,300.67,7502,0.81,1.13,9.43,1.00,0.06,-0.04,0.00,4.60,-7.25,0.25,3,8,24,29, 0.0000000, 0.0000000, 0.00, 0.00
73190,-0.05,-0.53,9.63,1.00,-0.03,0.01,0.00,0.60,2.98,0.06,10.60,0.00,0,2,1002.85,35.01,93.16,1002.85,31.42,92.02,0.64,1002.21,32.90,98.21,-0.05,0.29,119.27,300.67,7574,0.81,1.22,9.61,1.00,0.06,-0.04,0.00,4.60,-7.25,0.25,3,8,24,29, 0.0000000, 0.0000000, 0.00, 0.00
73244,0.00,-0.46,9.47,1.00,-0.03,0.01,0.00,0.60,2.98,0.06,10.59,0.00,0,2,1002.85,35.01,93.17,1002.85,31.41,92.08,0.64,1002.20,32.89,98.27,-0.05,0.29,117.51,300.67,7662,0.81,1.00,9.50,1.00,0.06,-0.04,0.00,4.60,-7.25,0.25,3,8,24,29, 0.0000000, 0.0000000, 0.00, 0.00
73300,0.02,-0.50,9.59,1.00,-0.03,0.01,0.00,0.60,2.98,0.06,10.58,0.00,0,2,1002.85,35.02,93.14,1002.85,31.42,92.04,0.64,1002.21,32.89,98.23,-0.03,0.24,117.07,300.67,7707,0.56,0.93,9.40,1.00,0.06,-0.04,0.00,4.60,-7.25,0.25,3,8,24,29, 0.0000000, 0.0000000, 0.00, 0.00
73359,-0.14,-0.56,9.50,1.00,-0.03,0.01,0.00,0.60,2.98,0.06,10.59,0.00,0,2,1002.85,34.99,93.15,1002.85,31.41,92.07,0.64,1002.21,32.90,98.23,-0.03,0.24,116.98,300.67,7880,0.74,1.41,9.58,1.00,0.06,-0.04,0.00,4.60,-7.26,0.24,3,8,24,29, 0.0000000, 0.0000000, 0.00, 0.00
73411,-0.07,-0.59,9.57,1.00,-0.03,0.01,0.00,0.60,2.98,0.06,10.59,0.00,0,2,1002.85,35.01,93.13,1002.85,31.40,92.06,0.64,1002.20,32.89,98.27,-0.03,0.24,117.77,300.67,7906,0.67,0.91,9.47,1.00,0.06,-0.04,0.00,4.60,-7.25,0.24,3,8,24,29, 0.0000000, 0.0000000, 0.00, 0.00
73467,-0.12,-0.49,9.46,1.00,-0.03,0.01,0.00,0.60,2.98,0.06,10.60,0.00,0,2,1002.85,35.00,93.17,1002.85,31.42,92.06,0.64,1002.21,32.89,98.26,-0.03,0.24,116.63,300.67,7909,0.64,0.69,9.49,1.00,0.06,-0.04,0.00,4.60,-7.25,0.25,3,8,24,29, 0.0000000, 0.0000000, 0.00, 0.00
73520,0.00,-0.46,9.57,1.00,-0.03,0.01,0.00,0.60,2.98,0.05,10.60,0.00,0,2,1002.84,35.00,93.18,1002.85,31.41,92.05,0.64,1002.21,32.89,98.18,-0.02,0.17,114.17,300.67,7910,0.62,1.01,9.58,1.00,0.06,-0.04,0.00,4.60,-7.26,0.23,3,8,24,29, 0.0000000, 0.0000000, 0.00, 0.00
73577,-0.22,-0.56,9.63,1.00,-0.03,0.01,0.00,0.60,2.98,0.05,10.58,0.00,0,2,1002.85,35.00,93.16,1002.85,31.41,92.05,0.63,1002.21,32.89,98.22,-0.03,0.24,112.85,300.67,7909,0.89,1.37,9.57,1.00,0.06,-0.04,0.00,4.60,-7.26,0.19,3,8,24,29, 0.0000000, 0.0000000, 0.00, 0.00
73631,-0.18,-0.55,9.60,1.00,-0.03,0.01,0.00,0.60,2.98,0.05,10.59,0.00,0,2,1002.84,34.99,93.17,1002.85,31.41,92.08,0.63,1002.22,32.91,98.14,-0.03,0.24,110.92,300.67,7909,0.76,1.31,9.51,1.00,0.06,-0.04,0.00,4.61,-7.27,0.18,3,8,24,29, 0.0000000, 0.0000000, 0.00, 0.00
73687,-0.28,-0.56,9.53,1.00,-0.03,0.01,0.00,0.60,2.98,0.06,10.58,0.00,0,2,1002.85,35.00,93.16,1002.84,31.41,92.10,0.64,1002.21,32.89,98.22,-0.03,0.24,110.74,300.67,7909,0.86,1.25,9.53,1.00,0.06,-0.04,0.00,4.63,-7.28,0.18,3,8,24,29, 0.0000000, 0.0000000, 0.00, 0.00
73740,-0.17,-0.56,9.55,1.00,-0.03,0.01,0.00,0.60,2.98,0.06,10.58,0.00,0,2,1002.85,35.00,93.15,1002.84,31.41,92.07,0.63,1002.21,32.90,98.19,-0.03,0.24,110.57,300.67,7907,0.66,1.33,9.54,1.00,0.06,-0.04,0.00,4.64,-7.28,0.20,3,8,24,29, 0.0000000, 0.0000000, 0.00, 0.00
73795,-0.02,-0.55,9.55,1.00,-0.03,0.01,0.00,0.60,2.98,0.06,10.57,0.00,0,2,1002.85,35.01,93.13,1002.85,31.41,92.05,0.64,1002.22,32.89,98.15,-0.05,0.29,111.27,300.67,7909,0.63,1.19,9.51,1.00,0.06,-0.04,0.00,4.64,-7.28,0.22,3,8,24,29, 0.0000000, 0.0000000, 0.00, 0.00
73849,-0.07,-0.41,9.54,1.00,-0.03,0.01,0.00,0.60,2.98,0.06,10.57,0.00,0,2,1002.85,34.99,93.16,1002.84,31.41,92.10,0.64,1002.21,32.91,98.19,-0.03,0.24,112.24,300.67,7908,0.61,1.24,9.56,1.00,0.06,-0.04,0.00,4.63,-7.28,0.22,3,8,24,29, 0.0000000, 0.0000000, 0.00, 0.00
73904,-0.08,-0.46,9.61,1.00,-0.03,0.01,0.00,0.60,2.98,0.06,10.56,0.00,0,2,1002.85,35.01,93.13,1002.85,31.42,92.08,0.63,1002.21,32.89,98.18,-0.03,0.24,112.59,300.59,7909,0.61,1.17,9.60,1.00,0.06,-0.04,0.00,4.64,-7.27,0.23,3,8,24,29, 0.0000000, 0.0000000, 0.00, 0.00
73959,-0.10,-0.50,9.55,1.00,-0.03,0.01,0.00,0.60,2.98,0.06,10.58,0.00,0,2,1002.84,35.00,93.20,1002.84,31.43,92.10,0.64,1002.21,32.88,98.19,-0.03,0.24,112.94,300.59,7909,0.64,1.11,9.53,1.00,0.06,-0.04,0.00,4.64,-7.27,0.25,3,8,24,29, 0.0000000, 0.0000000, 0.00, 0.00
74016,-0.03,-0.52,9.59,1.00,-0.03,0.01,0.00,0.60,2.98,0.06,10.59,0.00,0,2,1002.85,35.01,93.16,1002.85,31.42,92.09,0.63,1002.21,32.89,98.20,-0.03,0.24,114.26,300.59,7909,0.78,1.21,9.58,1.00,0.06,-0.04,0.00,4.64,-7.27,0.25,3,8,25,29, 0.0000000, 0.0000000, 0.00, 0.00
74069,-0.04,-0.59,9.39,1.00,-0.03,0.01,0.00,0.60,2.98,0.06,10.60,0.00,0,2,1002.85,35.01,93.18,1002.85,31.42,92.05,0.63,1002.21,32.90,98.19,-0.03,0.24,113.82,300.59,7910,0.89,1.23,9.53,1.00,0.06,-0.04,0.00,4.63,-7.27,0.24,3,8,25,29, 0.0000000, 0.0000000, 0.00, 0.00
74122,-0.10,-0.54,9.63,1.00,-0.03,0.01,0.00,0.60,2.98,0.06,10.60,0.00,0,2,1002.85,35.02,93.17,1002.85,31.41,92.07,0.63,1002.21,32.90,98.23,-0.05,0.29,113.99,300.59,7909,0.85,1.44,9.65,1.00,0.06,-0.04,0.00,4.63,-7.27,0.23,3,8,25,29, 0.0000000, 0.0000000, 0.00, 0.00
74180,-0.15,-0.49,9.52,1.00,-0.03,0.01,0.00,0.60,2.98,0.06,10.61,0.00,0,2,1002.84,35.00,93.22,1002.85,31.41,92.06,0.63,1002.21,32.89,98.20,-0.03,0.24,113.99,300.59,7907,0.89,1.40,9.53,1.00,0.06,-0.04,0.00,4.63,-7.28,0.24,3,8,25,29, 0.0000000, 0.0000000, 0.00, 0.00
74231,-0.16,-0.49,9.58,1.00,-0.03,0.01,0.00,0.60,2.98,0.06,10.60,0.00,0,2,1002.85,35.01,93.13,1002.85,31.42,92.06,0.63,1002.21,32.90,98.19,-0.03,0.24,113.91,300.59,7910,0.85,1.09,9.54,1.00,0.06,-0.04,0.00,4.63,-7.28,0.24,3,8,25,29, 0.0000000, 0.0000000, 0.00, 0.00
74288,-0.25,-0.53,9.54,1.00,-0.03,0.01,0.00,0.60,2.98,0.06,10.59,0.00,0,2,1002.85,35.02,93.16,1002.85,31.42,92.06,0.64,1002.22,32.90,98.18,-0.05,0.29,113.47,300.59,7910,0.87,1.25,9.54,1.00,0.06,-0.04,0.00,4.65,-7.28,0.24,3,8,25,29, 0.0000000, 0.0000000, 0.00, 0.00
74341,-0.08,-0.48,9.47,1.00,-0.03,0.01,0.00,0.60,2.98,0.06,10.59,0.00,0,2,1002.84,35.02,93.19,1002.85,31.43,92.07,0.64,1002.21,32.90,98.23,-0.03,0.24,113.99,300.59,7909,0.68,1.07,9.53,1.00,0.06,-0.04,0.00,4.65,-7.28,0.24,3,8,25,29, 0.0000000, 0.0000000, 0.00, 0.00
74395,0.01,-0.52,9.50,1.00,-0.03,0.01,0.00,0.60,2.98,0.06,10.60,0.00,0,2,1002.85,35.01,93.18,1002.85,31.42,92.09,0.64,1002.22,32.91,98.15,-0.03,0.24,115.40,300.59,7909,0.39,1.19,9.57,1.00,0.06,-0.04,0.00,4.62,-7.28,0.25,3,8,25,29, 0.0000000, 0.0000000, 0.00, 0.00
74448,-0.24,-0.55,9.51,1.00,-0.03,0.00,0.00,0.57,2.98,0.06,10.60,0.00,0,2,1002.84,35.01,93.22,1002.85,31.42,92.07,0.63,1002.22,32.92,98.18,-0.03,0.24,116.02,300.59,7909,0.99,1.21,9.56,1.00,0.06,-0.04,0.00,4.58,-7.28,0.23,3,8,25,29, 0.0000000, 0.0000000, 0.00, 0.00
74506,-0.39,-0.53,9.49,1.00,-0.03,0.01,0.00,0.58,2.98,0.06,10.60,0.00,0,2,1002.84,35.01,93.19,1002.85,31.43,92.08,0.63,1002.21,32.91,98.21,-0.03,0.24,117.07,300.59,7908,1.19,0.97,9.45,1.00,0.06,-0.04,0.00,4.58,-7.27,0.21,3,8,25,29, 0.0000000, 0.0000000, 0.00, 0.00
74559,-0.29,-0.48,9.56,1.00,-0.03,0.01,0.00,0.60,2.98,0.06,10.60,0.00,0,2,1002.84,35.02,93.22,1002.85,31.42,92.07,0.63,1002.21,32.91,98.18,-0.03,0.24,117.42,300.59,7910,0.62,0.71,9.40,1.00,0.06,-0.04,0.00,4.58,-7.26,0.25,3,8,25,29, 0.0000000, 0.0000000, 0.00, 0.00
74617,0.01,-0.47,9.51,1.00,-0.03,0.01,0.00,0.60,2.98,0.06,10.60,0.00,0,2,1002.84,35.02,93.19,1002.85,31.42,92.07,0.63,1002.21,32.91,98.22,-0.05,0.29,116.19,300.59,7909,0.76,1.23,9.54,1.00,0.06,-0.04,0.00,4.59,-7.27,0.27,3,8,25,29, 0.0000000, 0.0000000, 0.00, 0.00
74668,-0.03,-0.55,9.38,1.00,-0.03,0.01,0.00,0.58,2.99,0.06,10.60,0.00,0,2,1002.84,35.00,93.24,1002.85,31.43,92.05,0.64,1002.21,32.91,98.22,-0.03,0.24,115.84,300.59,7909,1.01,0.97,9.33,1.00,0.06,-0.04,0.01,4.59,-7.27,0.29,3,8,25,29, 0.0000000, 0.0000000, 0.00, 0.00
74721,-0.06,-0.63,9.79,1.00,-0.03,0.01,0.00,0.58,3.00,0.06,10.61,0.00,0,2,1002.84,35.02,93.23,1002.85,31.42,92.05,0.63,1002.21,32.91,98.20,-0.03,0.24,115.49,300.59,7908,1.26,1.64,9.66,1.00,0.06,-0.04,0.01,4.59,-7.28,0.30,3,8,25,29, 0.0000000, 0.0000000, 0.00, 0.00
74777,-0.15,-0.44,9.78,1.00,-0.03,0.00,0.00,0.54,3.00,0.06,10.59,0.00,0,2,1002.84,35.01,93.24,1002.85,31.42,92.09,0.63,1002.22,32.91,98.17,-0.03,0.24,114.08,300.59,7907,0.77,2.60,10.02,1.00,0.06,-0.04,0.01,4.59,-7.28,0.30,3,8,25,29, 0.0000000, 0.0000000, 0.00, 0.00
74829,0.01,-0.49,9.32,1.00,-0.03,0.00,0.00,0.54,3.00,0.06,10.60,0.00,0,2,1002.84,35.02,93.23,1002.85,31.43,92.06,0.63,1002.21,32.90,98.19,-0.03,0.24,113.29,300.59,7909,0.33,0.34,9.25,1.00,0.06,-0.04,0.01,4.59,-7.24,0.30,3,8,25,29, 0.0000000, 0.0000000, 0.00, 0.00
74881,-0.04,-0.60,9.69,1.00,-0.03,0.00,0.00,0.53,3.00,0.06,10.60,0.00,0,2,1002.84,35.02,93.20,1002.85,31.42,92.05,0.64,1002.22,32.91,98.15,-0.03,0.24,111.62,300.67,7909,0.80,2.86,10.15,1.00,0.06,-0.04,0.01,4.59,-7.30,0.28,3,8,25,29, 0.0000000, 0.0000000, 0.00, 0.00
74937,-0.21,-0.50,9.50,1.00,-0.03,0.00,0.00,0.54,3.01,0.06,10.60,0.00,0,2,1002.85,35.01,93.16,1002.85,31.42,92.06,0.64,1002.21,32.89,98.25,-0.03,0.24,110.74,300.67,7910,0.55,2.35,9.94,1.00,0.06,-0.04,0.00,4.59,-7.28,0.28,3,8,25,29, 0.0000000, 0.0000000, 0.00, 0.00
74991,-0.28,-0.47,9.43,1.00,-0.03,0.00,0.00,0.55,3.01,0.06,10.60,0.00,0,2,1002.85,35.01,93.16,1002.85,31.41,92.07,0.64,1002.21,32.91,98.20,-0.03,0.24,109.34,300.59,7909,1.02,0.50,9.25,1.00,0.06,-0.04,0.00,4.59,-7.25,0.28,3,8,26,29, 0.0000000, 0.0000000, 0.00, 0.00
75049,-0.04,-0.55,9.45,1.00,-0.03,0.00,0.00,0.55,3.01,0.06,10.60,0.00,0,2,1002.85,35.02,93.15,1002.85,31.42,92.06,0.64,1002.22,32.90,98.18,-0.03,0.24,109.86,300.59,7910,0.69,0.87,9.32,1.00,0.06,-0.04,0.01,4.59,-7.25,0.29,3,8,26,29, 0.0000000, 0.0000000, 0.00, 0.00
75105,-0.12,-0.60,9.61,1.00,-0.03,0.00,0.00,0.55,3.02,0.06,10.59,0.00,0,2,1002.84,35.01,93.22,1002.85,31.42,92.07,0.64,1002.22,32.91,98.17,-0.03,0.24,109.69,300.59,7909,1.06,1.81,9.79,1.00,0.06,-0.04,0.01,4.59,-7.28,0.29,3,8,26,29, 0.0000000, 0.0000000, 0.00, 0.00
75157,-0.09,-0.52,9.49,1.00,-0.03,0.00,0.00,0.56,3.02,0.06,10.60,0.00,0,2,1002.84,35.02,93.19,1002.85,31.43,92.07,0.64,1002.22,32.91,98.16,-0.03,0.24,109.51,300.59,7908,0.89,1.62,9.66,1.00,0.06,-0.04,0.01,4.59,-7.28,0.30,3,8,26,29, 0.0000000, 0.0000000, 0.00, 0.00
75210,-0.02,-0.46,9.57,1.00,-0.03,0.00,0.00,0.56,3.02,0.06,10.60,0.00,0,2,1002.85,35.03,93.18,1002.85,31.44,92.06,0.64,1002.22,32.91,98.19,-0.03,0.24,109.95,300.59,7909,0.50,0.91,9.51,1.00,0.06,-0.04,0.01,4.59,-7.27,0.32,3,8,26,29, 0.0000000, 0.0000000, 0.00, 0.00
75267,-0.12,-0.49,9.50,1.00,-0.03,0.00,0.00,0.55,3.02,0.06,10.60,0.00,0,2,1002.84,35.02,93.22,1002.85,31.42,92.04,0.64,1002.22,32.91,98.17,-0.02,0.17,109.78,300.59,7909,0.68,1.11,9.51,1.00,0.06,-0.04,0.01,4.59,-7.27,0.33,3,8,26,29, 0.0000000, 0.0000000, 0.00, 0.00
75319,-0.10,-0.55,9.43,1.00,-0.03,0.00,0.00,0.55,3.02,0.06,10.60,0.00,0,2,1002.84,35.02,93.20,1002.85,31.43,92.07,0.63,1002.22,32.91,98.14,-0.05,0.29,110.30,300.59,7909,0.77,1.15,9.46,1.00,0.06,-0.04,0.01,4.58,-7.27,0.31,3,8,26,29, 0.0000000, 0.0000000, 0.00, 0.00
75375,-0.09,-0.57,9.56,1.00,-0.03,0.00,0.00,0.56,3.03,0.06,10.59,0.00,0,2,1002.84,35.02,93.20,1002.85,31.44,92.06,0.63,1002.22,32.91,98.16,-0.03,0.24,110.83,300.59,7909,0.77,1.30,9.53,1.00,0.06,-0.04,0.01,4.58,-7.27,0.31,3,8,26,29, 0.0000000, 0.0000000, 0.00, 0.00
75427,-0.12,-0.51,9.57,1.00,-0.03,0.00,0.00,0.56,3.03,0.06,10.60,0.00,0,2,1002.84,35.02,93.20,1002.85,31.43,92.06,0.63,1002.22,32.92,98.13,-0.03,0.24,110.74,300.59,7909,0.64,0.79,9.41,1.00,0.06,-0.04,0.01,4.58,-7.25,0.31,3,8,26,29, 0.0000000, 0.0000000, 0.00, 0.00
75485,-0.15,-0.53,9.51,1.00,-0.03,0.00,0.00,0.56,3.04,0.06,10.59,0.00,0,2,1002.85,35.03,93.15,1002.85,31.43,92.05,0.64,1002.22,32.92,98.18,-0.03,0.24,109.07,300.59,7910,0.69,0.89,9.44,1.00,0.06,-0.04,0.01,4.58,-7.25,0.30,3,8,26,29, 0.0000000, 0.0000000, 0.00, 0.00
75538,-0.16,-0.56,9.54,1.00,-0.03,0.00,0.00,0.57,3.04,0.05,10.58,0.00,0,2,1002.84,35.02,93.20,1002.85,31.44,92.05,0.63,1002.21,32.92,98.19,-0.03,0.24,108.81,300.59,7909,0.67,0.97,9.50,1.00,0.06,-0.04,0.01,4.58,-7.25,0.30,3,8,26,29, 0.0000000, 0.0000000, 0.00, 0.00
75590,-0.07,-0.44,9.54,1.00,-0.03,0.00,0.00,0.57,3.04,0.05,10.58,0.00,0,2,1002.84,35.02,93.20,1002.85,31.43,92.07,0.63,1002.22,32.92,98.16,-0.03,0.24,108.81,300.59,7909,0.66,1.23,9.59,1.00,0.06,-0.04,0.01,4.58,-7.26,0.30,3,8,26,29, 0.0000000, 0.0000000, 0.00, 0.00
75647,0.00,-0.50,9.51,1.00,-0.03,0.00,0.00,0.57,3.04,0.05,10.59,0.00,0,2,1002.84,35.03,93.21,1002.85,31.44,92.04,0.63,1002.22,32.91,98.15,-0.03,0.24,108.90,300.59,7910,0.73,1.01,9.42,1.00,0.06,-0.04,0.01,4.58,-7.25,0.30,3,8,26,29, 0.0000000, 0.0000000, 0.00, 0.00
75704,-0.11,-0.56,9.52,1.00,-0.03,0.00,0.00,0.57,3.04,0.05,10.60,0.00,0,2,1002.84,35.02,93.22,1002.85,31.43,92.05,0.63,1002.22,32.92,98.14,-0.03,0.24,109.25,300.59,7983,0.92,1.02,9.50,1.00,0.06,-0.04,0.01,4.58,-7.25,0.30,3,8,26,29, 0.0000000, 0.0000000, 0.00, 0.00
75758,-0.13,-0.56,9.52,1.00,-0.03,0.00,0.00,0.57,3.04,0.05,10.59,0.00,0,2,1002.85,35.03,93.17,1002.85,31.44,92.04,0.63,1002.22,32.92,98.15,-0.03,0.24,109.60,300.59,8107,0.63,1.34,9.56,1.00,0.06,-0.04,0.01,4.58,-7.25,0.30,3,8,26,29, 0.0000000, 0.0000000, 0.00, 0.00
75814,-0.17,-0.51,9.52,1.00,-0.03,0.00,0.00,0.57,3.04,0.05,10.59,0.00,0,2,1002.84,35.03,93.19,1002.85,31.44,92.04,0.63,1002.22,32.92,98.16,-0.03,0.24,109.51,300.59,8290,1.01,1.11,9.51,1.00,0.06,-0.04,0.01,4.59,-7.26,0.30,3,8,26,29, 0.0000000, 0.0000000, 0.00, 0.00
75866,-0.18,-0.53,9.54,1.00,-0.03,0.00,0.00,0.57,3.04,0.07,10.59,0.00,0,2,1002.84,35.04,93.19,1002.85,31.45,92.09,0.63,1002.23,32.93,98.09,-0.02,0.17,110.04,300.59,8352,0.79,1.30,9.58,1.00,0.06,-0.04,0.01,4.60,-7.25,0.30,3,8,26,29, 0.0000000, 0.0000000, 0.00, 0.00
75923,-0.04,-0.55,9.51,1.00,-0.03,0.00,0.00,0.57,3.04,0.09,10.59,0.00,0,2,1002.84,35.03,93.20,1002.84,31.43,92.06,0.63,1002.22,32.91,98.14,-0.05,0.29,110.04,300.59,8354,0.58,1.30,9.52,1.00,0.06,-0.04,0.01,4.61,-7.26,0.33,3,8,26,29, 0.0000000, 0.0000000, 0.00, 0.00
75978,-0.06,-0.44,9.55,1.00,-0.03,0.00,0.00,0.57,3.04,0.09,10.58,0.00,0,2,1002.85,35.03,93.17,1002.85,31.44,92.06,0.63,1002.22,32.91,98.17,-0.03,0.24,110.04,300.59,8354,0.64,1.27,9.65,1.00,0.06,-0.04,0.01,4.58,-7.24,0.32,3,8,27,29, 0.0000000, 0.0000000, 0.00, 0.00
76034,0.00,-0.47,9.67,1.00,-0.03,0.00,0.00,0.57,3.04,0.09,10.59,0.00,0,2,1002.85,35.03,93.18,1002.85,31.45,92.07,0.63,1002.22,32.93,98.16,-0.03,0.24,110.21,300.59,8353,0.73,1.30,9.52,1.00,0.06,-0.04,0.01,4.58,-7.24,0.32,3,8,27,29, 0.0000000, 0.0000000, 0.00, 0.00
76086,-0.16,-0.52,9.48,1.00,-0.03,0.00,0.00,0.57,3.04,0.09,10.60,0.00,0,2,1002.84,35.02,93.22,1002.85,31.45,92.05,0.63,1002.21,32.92,98.21,-0.03,0.24,109.86,300.59,8352,0.89,1.22,9.42,1.00,0.06,-0.04,0.01,4.58,-7.24,0.32,3,8,27,29, 0.0000000, 0.0000000, 0.00, 0.00
76140,-0.14,-0.59,9.60,1.00,-0.03,0.00,0.00,0.57,3.04,0.09,10.60,0.00,0,2,1002.84,35.02,93.22,1002.85,31.44,92.08,0.63,1002.22,32.92,98.16,-0.03,0.24,108.81,300.59,8353,0.81,1.63,9.62,1.00,0.06,-0.04,0.01,4.60,-7.25,0.35,3,8,27,29, 0.0000000, 0.0000000, 0.00, 0.00
76196,-0.08,-0.53,9.50,1.00,-0.03,0.00,0.00,0.57,3.04,0.09,10.61,0.00,0,2,1002.84,35.01,93.26,1002.85,31.45,92.08,0.63,1002.22,32.92,98.16,-0.03,0.24,108.72,300.59,8354,0.68,1.31,9.56,1.00,0.06,-0.04,0.01,4.60,-7.24,0.35,3,8,27,29, 0.0000000, 0.0000000, 0.00, 0.00
76249,0.00,-0.51,9.51,1.00,-0.03,0.00,0.00,0.57,3.04,0.09,10.62,0.00,0,2,1002.84,35.03,93.22,1002.85,31.44,92.06,0.63,1002.21,32.91,98.19,-0.03,0.24,109.34,300.59,8353,0.59,0.99,9.51,1.00,0.06,-0.04,0.01,4.60,-7.24,0.35,3,8,27,29, 0.0000000, 0.0000000, 0.00, 0.00
76307,-0.12,-0.52,9.54,1.00,-0.03,0.00,0.00,0.57,3.04,0.09,10.62,0.00,0,2,1002.84,35.01,93.22,1002.85,31.42,92.07,0.63,1002.21,32.91,98.22,-0.03,0.24,109.16,300.59,8354,0.96,1.42,9.57,1.00,0.06,-0.04,0.01,4.60,-7.24,0.35,3,8,27,29, 0.0000000, 0.0000000, 0.00, 0.00
76363,-0.16,-0.53,9.56,1.00,-0.03,0.00,0.00,0.57,3.04,0.09,10.63,0.00,0,2,1002.84,35.04,93.23,1002.85,31.44,92.08,0.63,1002.21,32.91,98.22,-0.03,0.24,109.16,300.59,8354,0.95,1.41,9.54,1.00,0.06,-0.04,0.01,4.61,-7.25,0.35,3,8,27,29, 0.0000000, 0.0000000, 0.00, 0.00
76417,-0.07,-0.51,9.54,1.00,-0.03,0.00,0.00,0.57,3.04,0.09,10.63,0.00,0,2,1002.84,35.03,93.22,1002.85,31.44,92.04,0.63,1002.22,32.92,98.18,-0.03,0.24,109.16,300.59,8354,0.80,1.36,9.70,1.00,0.06,-0.04,0.01,4.61,-7.25,0.36,3,8,27,29, 0.0000000, 0.0000000, 0.00, 0.00
76475,-0.06,-0.47,9.49,1.00,-0.03,0.00,0.00,0.57,3.04,0.09,10.64,0.00,0,2,1002.83,35.02,93.28,1002.85,31.44,92.08,0.63,1002.21,32.91,98.22,-0.03,0.24,109.16,300.59,8354,0.71,0.83,9.49,1.00,0.06,-0.04,0.01,4.61,-7.25,0.36,3,8,27,29, 0.0000000, 0.0000000, 0.00, 0.00
76526,-0.06,-0.51,9.54,1.00,-0.03,0.00,0.00,0.57,3.04,0.09,10.63,0.00,0,2,1002.84,35.03,93.24,1002.85,31.44,92.04,0.64,1002.22,32.91,98.17,-0.03,0.24,108.98,300.59,8354,0.70,1.57,9.61,1.00,0.06,-0.04,0.01,4.61,-7.25,0.36,3,8,27,29, 0.0000000, 0.0000000, 0.00, 0.00
76584,-0.11,-0.54,9.51,1.00,-0.03,0.00,0.00,0.57,3.04,0.09,10.63,0.00,0,2,1002.84,35.03,93.26,1002.85,31.45,92.05,0.63,1002.22,32.92,98.18,-0.03,0.24,108.46,300.59,8354,0.79,1.41,9.54,1.00,0.06,-0.04,0.01,4.61,-7.25,0.36,3,8,27,29, 0.0000000, 0.0000000, 0.00, 0.00
76636,-0.11,-0.58,9.54,1.00,-0.03,0.00,0.00,0.57,3.04,0.09,10.61,0.00,0,2,1002.84,35.03,93.25,1002.85,31.44,92.08,0.63,1002.22,32.91,98.17,-0.03,0.24,108.54,300.59,8353,0.77,1.39,9.55,1.00,0.06,-0.04,0.01,4.61,-7.26,0.36,3,8,27,29, 0.0000000, 0.0000000, 0.00, 0.00
76689,-0.13,-0.53,9.58,1.00,-0.03,0.00,0.00,0.57,3.04,0.09,10.61,0.00,0,2,1002.84,35.02,93.26,1002.84,31.43,92.09,0.63,1002.21,32.91,98.20,-0.03,0.24,108.46,300.59,8353,0.74,1.20,9.52,1.00,0.06,-0.04,0.01,4.62,-7.26,0.36,3,8,27,29, 0.0000000, 0.0000000, 0.00, 0.00
76745,-0.14,-0.51,9.54,1.00,-0.03,0.00,0.00,0.57,3.04,0.09,10.62,0.00,0,2,1002.84,35.02,93.23,1002.85,31.43,92.07,0.63,1002.21,32.90,98.19,-0.03,0.24,108.63,300.59,8354,0.85,1.16,9.56,1.00,0.06,-0.04,0.01,4.62,-7.26,0.36,3,8,27,29, 0.0000000, 0.0000000, 0.00, 0.00
76803,-0.03,-0.48,9.48,1.00,-0.03,0.00,0.00,0.57,3.04,0.09,10.62,0.00,0,2,1002.84,35.03,93.24,1002.85,31.45,92.09,0.63,1002.21,32.92,98.20,-0.03,0.24,108.63,300.59,8354,0.75,1.21,9.49,1.00,0.06,-0.04,0.01,4.62,-7.26,0.36,3,8,27,29, 0.0000000, 0.0000000, 0.00, 0.00
76856,-0.13,-0.56,9.58,1.00,-0.03,0.00,0.00,0.57,3.04,0.09,10.61,0.00,0,2,1002.84,35.03,93.21,1002.85,31.45,92.07,0.63,1002.22,32.92,98.16,-0.03,0.24,108.54,300.59,8353,0.85,1.57,9.64,1.00,0.06,-0.04,0.01,4.62,-7.26,0.36,3,8,27,29, 0.0000000, 0.0000000, 0.00, 0.00
76908,-0.07,-0.49,9.48,1.00,-0.03,0.00,0.00,0.57,3.04,0.09,10.61,0.00,0,2,1002.85,35.04,93.19,1002.85,31.44,92.04,0.63,1002.21,32.92,98.22,-0.03,0.24,108.11,300.59,8354,0.80,1.31,9.58,1.00,0.06,-0.04,0.01,4.62,-7.26,0.36,3,8,27,29, 0.0000000, 0.0000000, 0.00, 0.00
76966,-0.12,-0.51,9.50,1.00,-0.03,0.00,0.00,0.57,3.04,0.09,10.60,0.00,0,2,1002.84,35.03,93.21,1002.85,31.43,92.09,0.63,1002.21,32.91,98.20,-0.02,0.17,108.02,300.59,8355,0.82,1.22,9.59,1.00,0.06,-0.04,0.01,4.62,-7.26,0.36,3,8,27,29, 0.0000000, 0.0000000, 0.00, 0.00
77024,-0.10,-0.54,9.55,1.00,-0.03,0.00,0.00,0.57,3.04,0.09,10.61,0.00,0,2,1002.85,35.04,93.16,1002.85,31.45,92.07,0.63,1002.22,32.92,98.18,-0.03,0.24,108.02,300.59,8354,0.79,1.30,9.61,1.00,0.06,-0.04,0.01,4.62,-7.26,0.36,3,8,28,29, 0.0000000, 0.0000000, 0.00, 0.00
77077,-0.04,-0.56,9.51,1.00,-0.03,0.00,0.00,0.57,3.04,0.09,10.61,0.00,0,2,1002.84,35.01,93.20,1002.85,31.45,92.09,0.63,1002.21,32.92,98.22,-0.03,0.24,107.75,300.59,8354,0.66,1.27,9.56,1.00,0.06,-0.04,0.01,4.61,-7.26,0.36,3,8,28,29, 0.0000000, 0.0000000, 0.00, 0.00
77130,-0.05,-0.53,9.54,1.00,-0.03,0.00,0.00,0.57,3.04,0.09,10.60,0.00,0,2,1002.84,35.02,93.23,1002.85,31.44,92.04,0.63,1002.21,32.92,98.20,-0.03,0.24,107.49,300.59,8354,0.75,1.19,9.58,1.00,0.06,-0.04,0.01,4.61,-7.26,0.36,3,8,28,29, 0.0000000, 0.0000000, 0.00, 0.00
77184,-0.11,-0.52,9.49,1.00,-0.03,0.00,0.00,0.57,3.04,0.09,10.60,0.00,0,2,1002.84,35.03,93.19,1002.85,31.45,92.09,0.63,1002.22,32.92,98.18,-0.05,0.29,107.49,300.59,8354,0.72,1.13,9.55,1.00,0.06,-0.04,0.01,4.61,-7.26,0.36,3,8,28,29, 0.0000000, 0.0000000, 0.00, 0.00
77238,-0.19,-0.54,9.49,1.00,-0.03,0.00,0.00,0.57,3.04,0.09,10.60,0.00,0,2,1002.84,35.04,93.24,1002.85,31.46,92.08,0.63,1002.21,32.91,98.20,-0.03,0.24,107.84,300.59,8354,0.89,1.17,9.46,1.00,0.06,-0.04,0.01,4.61,-7.26,0.36,3,8,28,29, 0.0000000, 0.0000000, 0.00, 0.00
77294,-0.13,-0.56,9.57,1.00,-0.03,0.00,0.00,0.57,3.04,0.09,10.61,0.00,0,2,1002.84,35.05,93.20,1002.85,31.45,92.07,0.63,1002.21,32.93,98.19,-0.05,0.29,108.90,300.59,8354,0.77,1.24,9.54,1.00,0.06,-0.04,0.01,4.61,-7.26,0.36,3,8,28,29, 0.0000000, 0.0000000, 0.00, 0.00
77345,-0.09,-0.52,9.53,1.00,-0.03,0.00,0.00,0.57,3.04,0.09,10.60,0.00,0,2,1002.85,35.04,93.17,1002.85,31.44,92.09,0.63,1002.21,32.93,98.21,-0.03,0.24,108.81,300.59,8354,0.85,1.18,9.50,1.00,0.06,-0.04,0.01,4.61,-7.26,0.36,3,8,28,29, 0.0000000, 0.0000000, 0.00, 0.00
77402,-0.11,-0.48,9.52,1.00,-0.03,0.00,0.00,0.57,3.04,0.09,10.60,0.00,0,2,1002.85,35.03,93.17,1002.85,31.44,92.10,0.63,1002.21,32.92,98.21,-0.03,0.24,108.98,300.59,8355,0.74,1.13,9.50,1.00,0.06,-0.04,0.01,4.61,-7.26,0.36,3,8,28,29, 0.0000000, 0.0000000, 0.00, 0.00
77456,-0.17,-0.50,9.50,1.00,-0.03,0.00,0.00,0.57,3.04,0.09,10.61,0.00,0,2,1002.85,35.03,93.18,1002.85,31.45,92.07,0.63,1002.21,32.92,98.23,-0.03,0.24,108.98,300.59,8354,0.70,1.25,9.56,1.00,0.06,-0.04,0.01,4.61,-7.26,0.36,3,8,28,29, 0.0000000, 0.0000000, 0.00, 0.00
77513,-0.03,-0.53,9.50,1.00,-0.03,0.00,0.00,0.57,3.04,0.09,10.61,0.00,0,2,1002.85,35.04,93.17,1002.85,31.46,92.08,0.63,1002.21,32.93,98.19,-0.03,0.24,108.81,300.59,8353,0.63,1.28,9.54,1.00,0.06,-0.04,0.01,4.61,-7.26,0.36,3,8,28,29, 0.0000000, 0.0000000, 0.00, 0.00
77565,-0.07,-0.53,9.59,1.00,-0.03,0.00,0.00,0.57,3.04,0.09,10.60,0.00,0,2,1002.85,35.04,93.15,1002.85,31.44,92.08,0.63,1002.22,32.92,98.17,-0.03,0.24,108.90,300.59,8353,0.78,1.53,9.62,1.00,0.06,-0.04,0.01,4.61,-7.26,0.36,3,8,28,29, 0.0000000, 0.0000000, 0.00, 0.00
77622,-0.14,-0.55,9.50,1.00,-0.03,0.00,0.00,0.57,3.04,0.09,10.60,0.00,0,2,1002.85,35.05,93.17,1002.85,31.45,92.02,0.63,1002.21,32.91,98.18,-0.03,0.24,108.46,300.59,8354,0.77,1.18,9.52,1.00,0.06,-0.04,0.01,4.61,-7.26,0.36,3,8,28,29, 0.0000000, 0.0000000, 0.00, 0.00
77674,-0.14,-0.54,9.54,1.00,-0.03,0.00,0.00,0.57,3.04,0.09,10.59,0.00,0,2,1002.85,35.05,93.18,1002.85,31.43,92.09,0.64,1002.22,32.92,98.18,-0.03,0.24,108.19,300.59,8354,0.86,1.35,9.58,1.00,0.06,-0.04,0.01,4.61,-7.26,0.36,3,8,28,29, 0.0000000, 0.0000000, 0.00, 0.00
77732,-0.09,-0.47,9.59,1.00,-0.03,0.00,0.00,0.57,3.04,0.09,10.59,0.00,0,2,1002.84,35.05,93.21,1002.85,31.44,92.07,0.63,1002.22,32.93,98.17,-0.03,0.24,108.11,300.59,8354,0.85,1.20,9.55,1.00,0.06,-0.04,0.01,4.61,-7.26,0.36,3,8,28,29, 0.0000000, 0.0000000, 0.00, 0.00
77785,-0.12,-0.48,9.53,1.00,-0.03,0.00,0.00,0.57,3.04,0.09,10.59,0.00,0,2,1002.84,35.05,93.20,1002.85,31.44,92.06,0.63,1002.22,32.94,98.17,-0.02,0.17,108.19,300.59,8354,0.79,1.17,9.51,1.00,0.06,-0.04,0.01,4.61,-7.26,0.36,3,8,28,29, 0.0000000, 0.0000000, 0.00, 0.00
77839,-0.12,-0.54,9.57,1.00,-0.03,0.00,0.00,0.57,3.04,0.09,10.59,0.00,0,2,1002.85,35.05,93.17,1002.85,31.45,92.05,0.63,1002.21,32.92,98.23,-0.03,0.24,108.19,300.59,8353,0.86,1.34,9.57,1.00,0.06,-0.04,0.01,4.61,-7.26,0.36,3,8,28,29, 0.0000000, 0.0000000, 0.00, 0.00
77894,-0.04,-0.56,9.51,1.00,-0.03,0.00,0.00,0.57,3.04,0.09,10.58,0.00,0,2,1002.85,35.04,93.15,1002.85,31.44,92.03,0.63,1002.21,32.92,98.20,-0.05,0.29,107.84,300.59,8354,0.73,1.22,9.49,1.00,0.06,-0.04,0.01,4.61,-7.26,0.36,3,8,28,29, 0.0000000, 0.0000000, 0.00, 0.00
77951,-0.08,-0.47,9.59,1.00,-0.03,0.00,0.00,0.57,3.04,0.09,10.58,0.00,0,2,1002.85,35.06,93.15,1002.85,31.44,92.06,0.63,1002.21,32.93,98.19,-0.03,0.24,107.93,300.59,8354,0.69,1.11,9.51,1.00,0.06,-0.04,0.01,4.61,-7.26,0.36,3,8,28,29, 0.0000000, 0.0000000, 0.00, 0.00
78005,-0.11,-0.51,9.52,1.00,-0.03,0.00,0.00,0.57,3.04,0.09,10.58,0.00,0,2,1002.85,35.06,93.17,1002.85,31.44,92.04,0.63,1002.21,32.94,98.20,-0.03,0.24,108.11,300.59,8354,0.71,1.10,9.53,1.00,0.06,-0.04,0.01,4.61,-7.26,0.36,3,8,29,29, 0.0000000, 0.0000000, 0.00, 0.00
78063,-0.12,-0.51,9.54,1.00,-0.03,0.00,0.00,0.57,3.04,0.09,10.59,0.00,0,2,1002.84,35.04,93.22,1002.85,31.46,92.06,0.64,1002.21,32.93,98.23,-0.03,0.24,107.93,300.59,8354,0.83,1.26,9.61,1.00,0.06,-0.04,0.01,4.61,-7.26,0.36,3,8,29,29, 0.0000000, 0.0000000, 0.00, 0.00
78115,-0.11,-0.52,9.52,1.00,-0.03,0.00,0.00,0.57,3.04,0.09,10.60,0.00,0,2,1002.85,35.05,93.16,1002.85,31.46,92.05,0.64,1002.21,32.93,98.21,-0.05,0.29,107.75,300.59,8354,0.83,1.22,9.57,1.00,0.06,-0.04,0.01,4.61,-7.26,0.36,3,8,29,29, 0.0000000, 0.0000000, 0.00, 0.00
78173,-0.10,-0.56,9.50,1.00,-0.03,0.00,0.00,0.57,3.04,0.09,10.60,0.00,0,2,1002.85,35.06,93.16,1002.85,31.47,92.08,0.64,1002.22,32.92,98.18,-0.02,0.17,107.67,300.67,8354,0.71,1.20,9.57,1.00,0.06,-0.04,0.01,4.61,-7.26,0.36,3,8,29,29, 0.0000000, 0.0000000, 0.00, 0.00
78224,-0.07,-0.50,9.55,1.00,-0.03,0.00,0.00,0.57,3.04,0.09,10.60,0.00,0,2,1002.85,35.05,93.18,1002.85,31.45,92.06,0.64,1002.21,32.92,98.21,-0.03,0.24,107.67,300.76,8354,0.70,1.19,9.53,1.00,0.06,-0.04,0.01,4.61,-7.26,0.36,3,8,29,29, 0.0000000, 0.0000000, 0.00, 0.00
78278,-0.09,-0.53,9.52,1.00,-0.03,0.00,0.00,0.57,3.04,0.09,10.61,0.00,0,2,1002.84,35.05,93.23,1002.85,31.45,92.07,0.64,1002.21,32.92,98.21,-0.03,0.24,107.75,300.76,8354,0.59,1.12,9.56,1.00,0.06,-0.04,0.01,4.61,-7.26,0.35,3,8,29,29, 0.0000000, 0.0000000, 0.00, 0.00
78333,-0.12,-0.56,9.51,1.00,-0.03,0.00,0.00,0.57,3.04,0.09,10.62,0.00,0,2,1002.84,35.05,93.22,1002.85,31.46,92.06,0.64,1002.21,32.93,98.21,-0.03,0.24,107.67,300.76,8353,0.78,1.29,9.54,1.00,0.06,-0.04,0.01,4.61,-7.26,0.35,3,8,29,29, 0.0000000, 0.0000000, 0.00, 0.00
78385,-0.08,-0.54,9.53,1.00,-0.03,0.00,0.00,0.57,3.04,0.09,10.61,0.00,0,2,1002.84,35.05,93.21,1002.85,31.44,92.05,0.63,1002.22,32.93,98.17,-0.02,0.17,107.67,300.76,8354,0.84,1.24,9.53,1.00,0.06,-0.04,0.01,4.61,-7.26,0.34,3,8,29,29, 0.0000000, 0.0000000, 0.00, 0.00
78442,-0.12,-0.54,9.58,1.00,-0.03,0.00,0.00,0.57,3.04,0.09,10.60,0.00,0,2,1002.85,35.06,93.19,1002.85,31.45,92.06,0.64,1002.21,32.93,98.21,-0.03,0.24,107.58,300.76,8354,0.78,1.16,9.48,1.00,0.06,-0.04,0.01,4.61,-7.26,0.34,3,8,29,29, 0.0000000, 0.0000000, 0.00, 0.00
78496,-0.05,-0.48,9.49,1.00,-0.03,0.00,0.00,0.57,3.04,0.09,10.59,0.00,0,2,1002.85,35.06,93.19,1002.85,31.45,92.05,0.63,1002.22,32.94,98.17,-0.03,0.24,106.88,300.76,8354,0.68,0.97,9.51,1.00,0.06,-0.04,0.01,4.61,-7.26,0.34,3,8,29,29, 0.0000000, 0.0000000, 0.00, 0.00
78553,-0.11,-0.54,9.60,1.00,-0.03,0.00,0.00,0.57,3.04,0.09,10.59,0.00,0,2,1002.84,35.05,93.20,1002.85,31.47,92.06,0.63,1002.22,32.93,98.15,-0.03,0.24,104.94,300.76,8354,0.78,1.35,9.62,1.00,0.06,-0.04,0.01,4.61,-7.26,0.34,3,8,29,29, 0.0000000, 0.0000000, 0.00, 0.00
78604,-0.08,-0.56,9.50,1.00,-0.03,0.00,0.00,0.57,3.04,0.09,10.59,0.00,0,2,1002.85,35.06,93.18,1002.85,31.46,92.06,0.63,1002.22,32.94,98.17,-0.03,0.24,104.50,300.76,8354,0.81,1.13,9.49,1.00,0.06,-0.04,0.01,4.61,-7.26,0.34,3,8,29,29, 0.0000000, 0.0000000, 0.00, 0.00
78661,-0.12,-0.53,9.55,1.00,-0.03,0.00,0.00,0.57,3.04,0.09,10.60,0.00,0,2,1002.84,35.05,93.20,1002.85,31.46,92.10,0.64,1002.22,32.93,98.17,-0.03,0.24,105.03,300.76,8353,0.84,1.12,9.48,1.00,0.06,-0.04,0.01,4.61,-7.26,0.34,3,8,29,29, 0.0000000, 0.0000000, 0.00, 0.00
78715,-0.09,-0.50,9.50,1.00,-0.03,0.00,0.00,0.57,3.04,0.09,10.60,0.00,0,2,1002.85,35.06,93.19,1002.84,31.45,92.11,0.64,1002.22,32.93,98.19,-0.05,0.29,105.21,300.76,8354,0.72,1.03,9.51,1.00,0.06,-0.04,0.01,4.61,-7.26,0.34,3,8,29,29, 0.0000000, 0.0000000, 0.00, 0.00
78772,-0.08,-0.53,9.50,1.00,-0.03,0.00,0.00,0.57,3.04,0.09,10.61,0.00,0,2,1002.84,35.05,93.20,1002.85,31.45,92.07,0.64,1002.22,32.93,98.17,-0.03,0.24,104.41,300.85,8354,0.79,1.34,9.55,1.00,0.06,-0.04,0.01,4.61,-7.26,0.34,3,8,29,29, 0.0000000, 0.0000000, 0.00, 0.00
78823,-0.11,-0.53,9.55,1.00,-0.03,0.00,0.00,0.57,3.04,0.09,10.60,0.00,0,2,1002.84,35.05,93.21,1002.85,31.46,92.08,0.63,1002.22,32.95,98.18,-0.03,0.24,104.41,300.85,8353,0.87,1.35,9.54,1.00,0.06,-0.04,0.01,4.61,-7.26,0.34,3,8,29,29, 0.0000000, 0.0000000, 0.00, 0.00
78881,-0.11,-0.55,9.50,1.00,-0.03,0.00,0.00,0.57,3.04,0.09,10.61,0.00,0,2,1002.84,35.05,93.23,1002.85,31.46,92.10,0.63,1002.21,32.93,98.21,-0.03,0.24,104.59,300.85,8354,0.71,0.96,9.49,1.00,0.06,-0.04,0.01,4.61,-7.26,0.34,3,8,29,29, 0.0000000, 0.0000000, 0.00, 0.00
78934,-0.09,-0.51,9.53,1.00,-0.03,0.00,0.00,0.57,3.04,0.09,10.62,0.00,0,2,1002.84,35.05,93.23,1002.84,31.44,92.11,0.64,1002.21,32.94,98.20,-0.03,0.24,104.59,300.85,8354,0.75,0.99,9.49,1.00,0.06,-0.04,0.01,4.61,-7.26,0.34,3,8,29,29, 0.0000000, 0.0000000, 0.00, 0.00
78986,-0.12,-0.50,9.55,1.00,-0.03,0.00,0.00,0.57,3.04,0.09,10.62,0.00,0,2,1002.84,35.04,93.25,1002.84,31.45,92.11,0.64,1002.22,32.92,98.18,-0.02,0.17,104.50,300.76,8353,0.83,1.42,9.58,1.00,0.06,-0.04,0.01,4.61,-7.26,0.34,3,8,29,29, 0.0000000, 0.0000000, 0.00, 0.00
79042,-0.04,-0.49,9.50,1.00,-0.03,0.00,0.00,0.57,3.04,0.09,10.63,0.00,0,2,1002.85,35.05,93.18,1002.84,31.45,92.12,0.64,1002.21,32.92,98.21,-0.03,0.24,104.59,300.85,8354,0.69,1.29,9.62,1.00,0.06,-0.04,0.01,4.61,-7.26,0.34,3,8,29,29, 0.0000000, 0.0000000, 0.00, 0.00
79100,-0.11,-0.50,9.51,1.00,-0.03,0.00,0.00,0.57,3.04,0.09,10.62,0.00,0,2,1002.85,35.06,93.15,1002.85,31.45,92.06,0.64,1002.21,32.93,98.19,-0.03,0.24,104.85,300.76,8354,0.83,1.28,9.53,1.00,0.06,-0.04,0.01,4.61,-7.26,0.34,3,8,29,29, 0.0000000, 0.0000000, 0.00, 0.00
79153,-0.11,-0.55,9.53,1.00,-0.03,0.00,0.00,0.57,3.04,0.09,10.61,0.00,0,2,1002.84,35.05,93.19,1002.85,31.46,92.03,0.64,1002.22,32.95,98.15,-0.03,0.24,104.59,300.76,8353,0.75,1.22,9.51,1.00,0.06,-0.04,0.01,4.61,-7.26,0.34,3,8,29,29, 0.0000000, 0.0000000, 0.00, 0.00
79210,-0.16,-0.53,9.54,1.00,-0.03,0.00,0.00,0.57,3.04,0.09,10.58,0.00,0,2,1002.85,35.06,93.19,1002.85,31.46,92.04,0.64,1002.22,32.95,98.16,-0.03,0.24,104.41,300.76,8354,0.81,1.37,9.60,1.00,0.06,-0.04,0.01,4.61,-7.26,0.34,3,8,29,29, 0.0000000, 0.0000000, 0.00, 0.00
79262,-0.07,-0.50,9.52,1.00,-0.03,0.00,0.00,0.57,3.04,0.09,10.58,0.00,0,2,1002.84,35.05,93.19,1002.85,31.47,92.07,0.64,1002.22,32.94,98.17,-0.03,0.24,104.15,300.76,8353,0.64,1.28,9.58,1.00,0.06,-0.04,0.01,4.61,-7.26,0.34,3,8,29,29, 0.0000000, 0.0000000, 0.00, 0.00
79319,-0.06,-0.54,9.48,1.00,-0.03,0.00,0.00,0.57,3.04,0.09,10.59,0.00,0,2,1002.84,35.05,93.21,1002.85,31.46,92.08,0.64,1002.22,32.94,98.17,-0.03,0.24,104.85,300.76,8354,0.67,1.29,9.54,1.00,0.06,-0.04,0.01,4.61,-7.26,0.34,3,8,29,29, 0.0000000, 0.0000000, 0.00, 0.00
79372,-0.07,-0.53,9.48,1.00,-0.03,0.00,0.00,0.57,3.04,0.09,10.59,0.00,0,2,1002.85,35.07,93.16,1002.85,31.47,92.06,0.64,1002.22,32.94,98.17,-0.03,0.24,105.64,300.76,8354,0.68,1.15,9.53,1.00,0.06,-0.04,0.01,4.61,-7.26,0.34,3,8,29,29, 0.0000000, 0.0000000, 0.00, 0.00
79429,-0.10,-0.53,9.57,1.00,-0.03,0.00,0.00,0.57,3.04,0.09,10.59,0.00,0,2,1002.85,35.06,93.17,1002.85,31.45,92.07,0.63,1002.22,32.94,98.18,-0.03,0.24,106.26,300.76,8353,0.74,1.24,9.55,1.00,0.06,-0.04,0.01,4.61,-7.26,0.34,3,8,29,29, 0.0000000, 0.0000000, 0.00, 0.00
79482,-0.11,-0.50,9.55,1.00,-0.03,0.00,0.00,0.57,3.04,0.09,10.59,0.00,0,2,1002.84,35.07,93.20,1002.85,31.46,92.06,0.64,1002.22,32.94,98.19,-0.03,0.24,106.44,300.76,8354,0.80,1.23,9.53,1.00,0.06,-0.04,0.01,4.61,-7.26,0.34,3,8,29,29, 0.0000000, 0.0000000, 0.00, 0.00
79536,-0.13,-0.51,9.53,1.00,-0.03,0.00,0.00,0.57,3.04,0.09,10.59,0.00,0,2,1002.85,35.06,93.18,1002.85,31.47,92.07,0.64,1002.21,32.94,98.27,-0.05,0.29,106.35,300.76,8354,0.79,1.03,9.47,1.00,0.06,-0.04,0.01,4.61,-7.26,0.34,3,8,29,29, 0.0000000, 0.0000000, 0.00, 0.00
79591,-0.10,-0.56,9.56,1.00,-0.03,0.00,0.00,0.57,3.04,0.09,10.59,0.00,0,2,1002.85,35.07,93.18,1002.85,31.46,92.10,0.64,1002.22,32.95,98.19,-0.03,0.24,106.26,300.76,8353,0.71,1.50,9.63,1.00,0.06,-0.04,0.01,4.61,-7.26,0.34,3,8,30,29, 0.0000000, 0.0000000, 0.00, 0.00
79649,-0.12,-0.54,9.58,1.00,-0.03,0.00,0.00,0.57,3.04,0.09,10.60,0.00,0,2,1002.85,35.06,93.18,1002.85,31.46,92.05,0.64,1002.22,32.93,98.19,-0.03,0.24,105.38,300.76,8353,0.77,1.25,9.52,1.00,0.06,-0.04,0.01,4.61,-7.26,0.34,3,8,30,29, 0.0000000, 0.0000000, 0.00, 0.00
79702,-0.08,-0.56,9.56,1.00,-0.03,0.00,0.00,0.57,3.04,0.09,10.60,0.00,0,2,1002.85,35.07,93.16,1002.85,31.45,92.07,0.64,1002.21,32.94,98.24,-0.02,0.17,105.38,300.76,8354,0.62,1.11,9.44,1.00,0.06,-0.04,0.01,4.61,-7.26,0.34,3,8,30,29, 0.0000000, 0.0000000, 0.00, 0.00
79758,-0.13,-0.55,9.57,1.00,-0.03,0.00,0.00,0.57,3.04,0.09,10.60,0.00,0,2,1002.85,35.08,93.19,1002.85,31.45,92.09,0.64,1002.22,32.94,98.18,-0.03,0.24,105.29,300.76,8295,0.74,1.10,9.42,1.00,0.06,-0.04,0.01,4.61,-7.26,0.34,3,8,30,29, 0.0000000, 0.0000000, 0.00, 0.00
79812,-0.06,-0.52,9.50,1.00,-0.03,0.00,0.00,0.57,3.04,0.09,10.61,0.00,0,2,1002.85,35.07,93.19,1002.85,31.46,92.07,0.63,1002.21,32.93,98.22,-0.02,0.17,105.47,300.76,8231,0.69,1.18,9.59,1.00,0.06,-0.04,0.01,4.61,-7.26,0.34,3,8,30,29, 0.0000000, 0.0000000, 0.00, 0.00
79868,-0.09,-0.50,9.46,1.00,-0.03,0.00,0.00,0.57,3.04,0.09,10.62,0.00,0,2,1002.84,35.07,93.21,1002.85,31.46,92.08,0.64,1002.21,32.93,98.21,-0.03,0.24,105.64,300.76,8232,0.62,1.07,9.51,1.00,0.06,-0.04,0.01,4.61,-7.26,0.34,3,8,30,29, 0.0000000, 0.0000000, 0.00, 0.00
79922,-0.15,-0.58,9.55,1.00,-0.03,0.00,0.00,0.57,3.04,0.09,10.61,0.00,0,2,1002.85,35.08,93.19,1002.85,31.46,92.07,0.63,1002.21,32.92,98.23,-0.03,0.24,105.12,300.76,8221,0.87,1.10,9.45,1.00,0.06,-0.04,0.01,4.61,-7.26,0.34,3,8,30,29, 0.0000000, 0.0000000, 0.00, 0.00
79980,-0.10,-0.51,9.59,1.00,-0.03,0.00,0.00,0.57,3.04,0.09,10.61,0.00,0,2,1002.84,35.07,93.21,1002.85,31.46,92.10,0.63,1002.21,32.94,98.22,-0.03,0.24,105.12,300.76,8207,0.80,1.00,9.45,1.00,0.06,-0.04,0.01,4.61,-7.26,0.34,3,8,30,29, 0.0000000, 0.0000000, 0.00, 0.00
80032,-0.11,-0.53,9.58,1.00,-0.03,0.00,0.00,0.57,3.04,0.09,10.60,0.00,0,2,1002.85,35.07,93.18,1002.85,31.46,92.08,0.63,1002.21,32.93,98.24,-0.03,0.24,105.38,300.76,8082,0.73,1.20,9.55,1.00,0.06,-0.04,0.01,4.61,-7.26,0.34,3,8,30,29, 0.0000000, 0.0000000, 0.00, 0.00
80085,-0.12,-0.51,9.50,1.00,-0.03,0.00,0.00,0.57,3.04,0.09,10.60,0.00,0,2,1002.84,35.09,93.20,1002.85,31.47,92.05,0.63,1002.21,32.95,98.23,-0.03,0.24,105.47,300.76,7948,0.68,1.13,9.51,1.00,0.06,-0.04,0.01,4.61,-7.26,0.34,3,8,30,29, 0.0000000, 0.0000000, 0.00, 0.00
80141,-0.03,-0.52,9.58,1.00,-0.03,0.00,0.00,0.57,3.04,0.09,10.60,0.00,0,2,1002.85,35.08,93.19,1002.85,31.46,92.07,0.63,1002.21,32.94,98.24,-0.03,0.24,105.21,300.76,7910,0.68,1.13,9.55,1.00,0.06,-0.04,0.01,4.61,-7.26,0.34,3,8,30,29, 0.0000000, 0.0000000, 0.00, 0.00
80199,-0.09,-0.49,9.56,1.00,-0.03,0.00,0.00,0.57,3.04,0.09,10.59,0.00,0,2,1002.84,35.07,93.20,1002.85,31.47,92.05,0.63,1002.21,32.95,98.25,-0.03,0.24,104.94,300.76,7910,0.87,1.05,9.45,1.00,0.06,-0.04,0.01,4.61,-7.26,0.33,3,8,30,29, 0.0000000, 0.0000000, 0.00, 0.00
80252,-0.18,-0.49,9.53,1.00,-0.03,0.00,0.00,0.57,3.04,0.09,10.60,0.00,0,2,1002.85,35.07,93.20,1002.85,31.45,92.09,0.63,1002.21,32.94,98.20,-0.03,0.24,105.03,300.76,7909,0.79,1.39,9.60,1.00,0.06,-0.04,0.01,4.61,-7.26,0.33,3,8,30,29, 0.0000000, 0.0000000, 0.00, 0.00
80309,-0.14,-0.50,9.51,1.00,-0.03,0.00,0.00,0.57,3.04,0.09,10.60,0.00,0,2,1002.85,35.08,93.19,1002.85,31.46,92.07,0.63,1002.22,32.95,98.19,-0.03,0.24,105.47,300.76,7909,0.59,1.23,9.51,1.00,0.06,-0.04,0.01,4.61,-7.26,0.37,3,8,30,29, 0.0000000, 0.0000000, 0.00, 0.00
80360,-0.07,-0.53,9.52,1.00,-0.03,0.00,0.00,0.57,3.04,0.09,10.60,0.00,0,2,1002.85,35.07,93.18,1002.85,31.47,92.08,0.63,1002.21,32.94,98.20,-0.03,0.24,105.38,300.76,7909,0.64,1.23,9.50,1.00,0.06,-0.04,0.01,4.61,-7.26,0.37,3,8,30,29, 0.0000000, 0.0000000, 0.00, 0.00
80419,-0.03,-0.48,9.48,1.00,-0.03,0.00,0.00,0.57,3.04,0.07,10.60,0.00,0,2,1002.85,35.08,93.18,1002.85,31.46,92.05,0.63,1002.21,32.93,98.21,-0.03,0.24,105.47,300.76,7909,0.61,1.06,9.53,1.00,0.06,-0.04,0.01,4.61,-7.26,0.35,3,8,30,29, 0.0000000, 0.0000000, 0.00, 0.00
80471,0.05,-0.22,9.54,1.00,-0.03,0.00,0.00,0.57,3.04,0.06,10.59,0.00,0,2,1002.85,35.08,93.18,1002.85,31.47,92.06,0.63,1002.22,32.97,98.15,-0.03,0.24,104.68,300.76,7909,0.67,1.22,9.49,1.00,0.06,-0.04,0.01,4.61,-7.26,0.33,3,8,30,29, 0.0000000, 0.0000000, 0.00, 0.00
80530,-0.18,-0.59,9.59,1.00,-0.03,0.00,0.00,0.57,3.04,0.06,10.58,0.00,0,2,1002.85,35.08,93.16,1002.85,31.46,92.04,0.63,1002.22,32.96,98.17,-0.03,0.24,104.68,300.76,7909,1.05,1.41,9.51,1.00,0.06,-0.04,0.01,4.61,-7.26,0.33,3,8,30,29, 0.0000000, 0.0000000, 0.00, 0.00
80581,-0.16,-0.60,9.56,1.00,-0.03,0.00,0.00,0.57,3.04,0.06,10.59,0.00,0,2,1002.84,35.08,93.22,1002.85,31.46,92.08,0.63,1002.21,32.94,98.25,-0.03,0.24,104.85,300.76,7908,0.66,1.38,9.59,1.00,0.06,-0.04,0.01,4.61,-7.26,0.33,3,8,30,29, 0.0000000, 0.0000000, 0.00, 0.00
80636,-0.11,-0.51,9.56,1.00,-0.03,0.00,0.00,0.57,3.04,0.06,10.60,0.00,0,2,1002.85,35.07,93.18,1002.85,31.48,92.10,0.63,1002.21,32.94,98.23,-0.03,0.24,104.94,300.76,7910,0.90,1.24,9.55,1.00,0.06,-0.04,0.01,4.61,-7.26,0.33,3,8,32,0, 0.0000000, 0.0000000, 0.00, 0.00
80691,-0.08,-0.50,9.55,1.00,-0.03,0.00,0.00,0.57,3.04,0.06,10.61,0.00,0,2,1002.85,35.08,93.15,1002.85,31.47,92.09,0.63,1002.21,32.94,98.20,-0.05,0.29,104.77,300.85,7909,0.70,1.12,9.52,1.00,0.06,-0.04,0.01,4.61,-7.26,0.33,3,8,32,0, 0.0000000, 0.0000000, 0.00, 0.00
80749,-0.08,-0.50,9.51,1.00,-0.03,0.00,0.00,0.57,3.04,0.06,10.61,0.00,0,2,1002.85,35.08,93.18,1002.85,31.45,92.08,0.63,1002.21,32.93,98.23,-0.03,0.24,104.50,300.85,7909,0.69,1.19,9.52,1.00,0.06,-0.04,0.01,4.61,-7.26,0.33,3,8,32,0, 0.0000000, 0.0000000, 0.00, 0.00
80801,-0.09,-0.58,9.56,1.00,-0.03,0.00,0.00,0.57,3.04,0.06,10.61,0.00,0,2,1002.85,35.09,93.18,1002.85,31.46,92.08,0.63,1002.21,32.94,98.22,-0.03,0.24,104.41,300.85,7909,0.72,1.21,9.49,1.00,0.06,-0.04,0.01,4.61,-7.26,0.34,3,8,32,0, 0.0000000, 0.0000000, 0.00, 0.00
80859,-0.06,-0.53,9.55,1.00,-0.03,0.00,0.00,0.57,3.04,0.06,10.61,0.00,0,2,1002.85,35.09,93.17,1002.85,31.46,92.08,0.63,1002.21,32.94,98.22,-0.03,0.24,104.50,300.85,7909,0.71,1.43,9.58,1.00,0.06,-0.04,0.01,4.61,-7.26,0.34,3,8,32,0, 0.0000000, 0.0000000, 0.00, 0.00
80910,-0.18,-0.52,9.49,1.00,-0.03,0.00,0.00,0.57,3.04,0.06,10.61,0.00,0,2,1002.85,35.07,93.18,1002.85,31.45,92.08,0.63,1002.22,32.93,98.19,-0.03,0.24,104.94,300.85,7910,0.77,1.06,9.45,1.00,0.06,-0.04,0.01,4.61,-7.26,0.34,3,8,32,0, 0.0000000, 0.0000000, 0.00, 0.00
80964,-0.12,-0.50,9.60,1.00,-0.03,0.00,0.00,0.57,3.04,0.06,10.60,0.00,0,2,1002.85,35.08,93.19,1002.85,31.47,92.10,0.64,1002.21,32.94,98.20,-0.03,0.24,105.29,300.85,7909,0.79,1.19,9.54,1.00,0.06,-0.04,0.01,4.61,-7.26,0.34,3,8,32,0, 0.0000000, 0.0000000, 0.00, 0.00
81019,-0.09,-0.54,9.50,1.00,-0.03,0.00,0.00,0.57,3.04,0.06,10.60,0.00,0,2,1002.85,35.09,93.18,1002.85,31.47,92.05,0.64,1002.22,32.95,98.17,-0.03,0.24,105.12,300.85,7909,0.66,1.24,9.58,1.00,0.06,-0.04,0.01,4.61,-7.26,0.35,3,8,32,0, 0.0000000, 0.0000000, 0.00, 0.00
81070,-0.09,-0.54,9.54,1.00,-0.03,0.00,0.00,0.57,3.04,0.06,10.59,0.00,0,2,1002.85,35.08,93.14,1002.85,31.47,92.08,0.64,1002.21,32.94,98.20,-0.03,0.24,104.15,300.85,7910,0.77,1.23,9.56,1.00,0.06,-0.04,0.01,4.61,-7.26,0.35,3,8,32,0, 0.0000000, 0.0000000, 0.00, 0.00
81124,-0.10,-0.53,9.56,1.00,-0.03,0.00,0.00,0.57,3.04,0.06,10.59,0.00,0,2,1002.85,35.09,93.20,1002.85,31.47,92.07,0.64,1002.21,32.94,98.20,-0.03,0.24,103.36,300.85,7910,0.85,1.16,9.53,1.00,0.06,-0.04,0.01,4.61,-7.26,0.35,3,8,32,0, 0.0000000, 0.0000000, 0.00, 0.00
81181,-0.06,-0.45,9.66,1.00,-0.03,0.00,0.00,0.57,3.04,0.06,10.60,0.00,0,2,1002.85,35.10,93.19,1002.85,31.46,92.10,0.64,1002.21,32.94,98.26,-0.03,0.24,103.36,300.85,7909,0.55,1.21,9.56,1.00,0.06,-0.04,0.01,4.61,-7.26,0.35,3,8,32,0, 0.0000000, 0.0000000, 0.00, 0.00
81233,-0.12,-0.48,9.49,1.00,-0.03,0.00,0.00,0.57,3.04,0.06,10.62,0.00,0,2,1002.84,35.09,93.23,1002.85,31.45,92.09,0.64,1002.20,32.93,98.31,-0.03,0.24,103.45,300.85,7910,0.88,1.39,9.62,1.00,0.06,-0.04,0.01,4.61,-7.26,0.37,3,8,32,0, 0.0000000, 0.0000000, 0.00, 0.00
81289,-0.08,-0.48,9.65,1.00,-0.03,0.00,0.00,0.57,3.04,0.06,10.64,0.00,0,2,1002.84,35.08,93.24,1002.84,31.47,92.13,0.64,1002.21,32.94,98.25,-0.03,0.24,103.18,300.85,7909,0.86,0.99,9.48,1.00,0.06,-0.04,0.01,4.62,-7.26,0.37,3,8,32,0, 0.0000000, 0.0000000, 0.00, 0.00
81344,-0.05,-0.59,9.60,1.00,-0.03,0.00,0.00,0.57,3.04,0.06,10.66,0.00,0,2,1002.84,35.09,93.25,1002.84,31.47,92.08,0.64,1002.21,32.93,98.26,-0.03,0.24,102.92,301.38,7909,0.76,1.29,9.53,1.00,0.06,-0.04,0.01,4.62,-7.26,0.39,3,8,32,0, 0.0000000, 0.0000000, 0.00, 0.00
81399,-0.08,-0.59,9.50,1.00,-0.03,0.00,0.00,0.57,3.04,0.06,10.64,0.00,0,2,1002.84,35.08,93.25,1002.85,31.47,92.07,0.64,1002.20,32.94,98.28,-0.02,0.17,103.27,303.13,7910,0.82,1.38,9.57,1.00,0.06,-0.04,0.01,4.62,-7.26,0.41,3,8,32,0, 0.0000000, 0.0000000, 0.00, 0.00
81451,-0.05,-0.46,9.44,1.00,-0.03,0.00,0.00,0.57,3.04,0.06,10.65,0.00,0,2,1002.84,35.08,93.21,1002.85,31.47,92.07,0.64,1002.20,32.95,98.32,-0.03,0.24,103.27,303.40,7909,0.80,1.11,9.53,1.00,0.06,-0.04,0.01,4.62,-7.26,0.42,3,8,32,0, 0.0000000, 0.0000000, 0.00, 0.00
81509,-0.04,-0.47,9.54,1.00,-0.03,0.00,0.00,0.57,3.04,0.06,10.65,0.00,0,2,1002.84,35.09,93.27,1002.85,31.48,92.09,0.64,1002.20,32.94,98.28,-0.05,0.29,103.45,304.80,7908,0.61,1.32,9.65,1.00,0.06,-0.04,0.01,4.62,-7.26,0.44,3,8,32,0, 0.0000000, 0.0000000, 0.00, 0.00
81561,-0.10,-0.56,9.52,1.00,-0.03,0.00,0.00,0.57,3.04,0.06,10.63,0.00,0,2,1002.84,35.10,93.21,1002.85,31.47,92.03,0.64,1002.20,32.95,98.33,-0.03,0.24,103.10,306.21,7909,0.71,1.15,9.51,1.00,0.06,-0.04,0.01,4.62,-7.26,0.44,3,8,32,0, 0.0000000, 0.0000000, 0.00, 0.00
81618,-0.05,-0.55,9.51,1.00,-0.03,0.00,0.00,0.57,3.04,0.06,10.64,0.00,0,2,1002.84,35.09,93.23,1002.85,31.47,92.09,0.64,1002.21,32.97,98.25,-0.03,0.24,103.10,306.04,7910,0.71,1.12,9.46,1.00,0.06,-0.04,0.01,4.62,-7.26,0.44,3,8,32,0, 0.0000000, 0.0000000, 0.00, 0.00
81670,-0.11,-0.51,9.53,1.00,-0.03,0.00,0.00,0.57,3.04,0.06,10.62,0.00,0,2,1002.84,35.08,93.24,1002.85,31.46,92.09,0.64,1002.20,32.94,98.28,-0.03,0.24,103.45,305.77,7909,0.70,1.09,9.56,1.00,0.06,-0.04,0.01,4.62,-7.26,0.44,3,8,33,0, 0.0000000, 0.0000000, 0.00, 0.00
81721,-0.07,-0.53,9.55,1.00,-0.03,0.00,0.00,0.57,3.04,0.06,10.62,0.00,0,2,1002.84,35.09,93.24,1002.85,31.49,92.06,0.64,1002.21,32.95,98.26,-0.05,0.29,103.80,305.60,7909,0.79,1.46,9.60,1.00,0.06,-0.04,0.01,4.62,-7.26,0.44,3,8,33,0, 0.0000000, 0.0000000, 0.00, 0.00
81778,-0.08,-0.57,9.56,1.00,-0.03,0.00,0.00,0.57,3.04,0.06,10.62,0.00,0,2,1002.84,35.08,93.22,1002.85,31.47,92.09,0.64,1002.21,32.95,98.22,-0.05,0.29,103.97,305.95,7909,0.73,1.30,9.60,1.00,0.06,-0.04,0.01,4.62,-7.26,0.44,3,8,33,0, 0.0000000, 0.0000000, 0.00, 0.00
81831,-0.13,-0.48,9.61,1.00,-0.03,0.00,0.00,0.57,3.04,0.06,10.61,0.00,0,2,1002.85,35.10,93.17,1002.85,31.47,92.09,0.64,1002.21,32.96,98.24,-0.03,0.24,103.71,306.12,7908,0.76,1.17,9.51,1.00,0.06,-0.04,0.01,4.62,-7.25,0.45,3,8,33,0, 0.0000000, 0.0000000, 0.00, 0.00
81888,-0.10,-0.60,9.53,1.00,-0.03,0.00,0.00,0.57,3.04,0.06,10.61,0.00,0,2,1002.85,35.10,93.19,1002.84,31.46,92.12,0.64,1002.20,32.94,98.31,-0.03,0.24,103.71,306.12,7910,0.71,1.47,9.63,1.00,0.06,-0.04,0.01,4.62,-7.25,0.46,3,8,33,0, 0.0000000, 0.0000000, 0.00, 0.00
81941,-0.12,-0.48,9.50,1.00,-0.03,0.00,0.00,0.57,3.04,0.06,10.61,0.00,0,2,1002.84,35.09,93.22,1002.84,31.47,92.11,0.64,1002.21,32.95,98.23,-0.03,0.24,102.92,306.04,7909,0.80,1.18,9.51,1.00,0.06,-0.04,0.01,4.62,-7.25,0.46,3,8,33,0, 0.0000000, 0.0000000, 0.00, 0.00
81998,-0.11,-0.56,9.51,1.00,-0.03,0.00,0.00,0.57,3.04,0.06,10.61,0.00,0,2,1002.84,35.08,93.23,1002.85,31.47,92.07,0.64,1002.22,32.96,98.18,-0.03,0.24,101.16,306.47,7909,0.77,1.13,9.51,1.00,0.06,-0.04,0.01,4.62,-7.25,0.46,3,8,33,0, 0.0000000, 0.0000000, 0.00, 0.00
82057,-0.08,-0.59,9.55,1.00,-0.03,0.00,0.00,0.57,3.04,0.06,10.61,0.00,0,2,1002.84,35.08,93.22,1002.85,31.47,92.12,0.64,1002.21,32.96,98.24,-0.03,0.24,100.90,306.56,7909,0.74,1.35,9.62,1.00,0.06,-0.04,0.01,4.62,-7.25,0.46,3,8,33,0, 0.0000000, 0.0000000, 0.00, 0.00
82109,-0.10,-0.52,9.48,1.00,-0.03,0.00,0.00,0.57,3.04,0.06,10.61,0.00,0,2,1002.84,35.10,93.24,1002.85,31.48,92.10,0.63,1002.21,32.95,98.26,-0.02,0.17,102.04,306.74,7909,0.79,1.07,9.48,1.00,0.06,-0.04,0.01,4.62,-7.25,0.46,3,8,33,0, 0.0000000, 0.0000000, 0.00, 0.00
82167,-0.08,-0.53,9.56,1.00,-0.03,0.00,0.00,0.57,3.04,0.06,10.61,0.00,0,2,1002.84,35.10,93.23,1002.85,31.47,92.09,0.63,1002.21,32.96,98.26,-0.03,0.24,102.66,306.74,7909,0.74,1.26,9.59,1.00,0.06,-0.04,0.01,4.62,-7.25,0.46,3,8,33,0, 0.0000000, 0.0000000, 0.00, 0.00
82219,-0.11,-0.49,9.58,1.00,-0.03,0.00,0.00,0.57,3.04,0.06,10.61,0.00,0,2,1002.84,35.10,93.26,1002.85,31.46,92.10,0.64,1002.21,32.95,98.26,-0.03,0.24,102.04,306.56,7909,0.76,1.32,9.57,1.00,0.06,-0.04,0.01,4.62,-7.25,0.46,3,8,33,0, 0.0000000, 0.0000000, 0.00, 0.00
82277,-0.04,-0.52,9.47,1.00,-0.03,0.00,0.00,0.57,3.04,0.06,10.61,0.00,0,2,1002.84,35.10,93.22,1002.85,31.47,92.07,0.64,1002.20,32.95,98.29,-0.05,0.29,101.43,306.39,7909,0.64,1.11,9.49,1.00,0.06,-0.04,0.01,4.62,-7.25,0.46,3,8,33,0, 0.0000000, 0.0000000, 0.00, 0.00
82328,-0.07,-0.56,9.56,1.00,-0.03,0.00,0.00,0.57,3.04,0.06,10.63,0.00,0,2,1002.84,35.09,93.27,1002.84,31.47,92.11,0.64,1002.21,32.97,98.28,-0.03,0.24,101.25,306.74,7909,0.69,1.38,9.56,1.00,0.06,-0.04,0.01,4.62,-7.25,0.46,3,8,33,0, 0.0000000, 0.0000000, 0.00, 0.00
82382,-0.02,-0.50,9.54,1.00,-0.03,0.00,0.00,0.57,3.04,0.06,10.62,0.00,0,2,1002.84,35.10,93.24,1002.84,31.47,92.09,0.64,1002.20,32.95,98.30,-0.03,0.24,100.90,306.83,7910,0.81,1.34,9.56,1.00,0.06,-0.04,0.01,4.62,-7.25,0.45,3,8,33,0, 0.0000000, 0.0000000, 0.00, 0.00
82439,-0.12,-0.49,9.52,1.00,-0.03,0.00,0.00,0.57,3.04,0.06,10.63,0.00,0,2,1002.85,35.10,93.19,1002.84,31.47,92.14,0.64,1002.21,32.94,98.25,-0.03,0.24,100.99,307.00,7910,0.65,1.23,9.60,1.00,0.06,-0.04,0.01,4.62,-7.25,0.44,3,8,33,0, 0.0000000, 0.0000000, 0.00, 0.00
82497,-0.11,-0.56,9.53,1.00,-0.03,0.00,0.00,0.57,3.04,0.06,10.62,0.00,0,2,1002.84,35.08,93.21,1002.84,31.47,92.11,0.64,1002.20,32.94,98.30,-0.02,0.17,99.84,307.00,7909,0.67,1.11,9.47,1.00,0.06,-0.04,0.01,4.62,-7.25,0.44,3,8,33,0, 0.0000000, 0.0000000, 0.00, 0.00
82549,-0.11,-0.56,9.55,1.00,-0.03,0.00,0.00,0.57,3.04,0.06,10.63,0.00,0,2,1002.84,35.08,93.20,1002.84,31.46,92.14,0.64,1002.20,32.95,98.31,-0.03,0.24,97.29,307.00,7909,0.69,1.29,9.53,1.00,0.06,-0.04,0.01,4.62,-7.25,0.44,3,8,33,0, 0.0000000, 0.0000000, 0.00, 0.00
82605,-0.08,-0.50,9.51,1.00,-0.03,0.00,0.00,0.57,3.04,0.06,10.64,0.00,0,2,1002.84,35.08,93.21,1002.84,31.45,92.13,0.64,1002.20,32.96,98.29,-0.02,0.17,100.81,307.09,7910,0.75,1.28,9.51,1.00,0.06,-0.04,0.01,4.62,-7.25,0.44,3,8,33,0, 0.0000000, 0.0000000, 0.00, 0.00
82660,-0.05,-0.52,9.58,1.00,-0.03,0.00,0.00,0.57,3.04,0.06,10.63,0.00,0,2,1002.85,35.10,93.19,1002.84,31.46,92.12,0.64,1002.21,32.96,98.27,-0.03,0.24,109.07,307.18,7908,0.78,1.29,9.58,1.00,0.06,-0.04,0.01,4.62,-7.25,0.44,3,8,34,0, 0.0000000, 0.0000000, 0.00, 0.00
82716,-0.16,-0.49,9.37,1.00,-0.03,0.00,0.00,0.57,3.04,0.06,10.62,0.00,0,2,1002.84,35.08,93.25,1002.84,31.48,92.14,0.64,1002.21,32.95,98.26,-0.03,0.24,114.26,307.09,7910,0.85,1.12,9.48,1.00,0.06,-0.04,0.01,4.62,-7.25,0.44,3,8,34,0, 0.0000000, 0.0000000, 0.00, 0.00
82767,-0.15,-0.42,9.56,1.00,-0.03,0.00,0.00,0.57,3.04,0.06,10.62,0.00,0,2,1002.84,35.10,93.23,1002.84,31.47,92.12,0.64,1002.20,32.95,98.30,-0.05,0.29,118.74,307.18,7910,0.72,1.27,9.48,1.00,0.06,-0.04,0.01,4.62,-7.25,0.44,3,8,34,0, 0.0000000, 0.0000000, 0.00, 0.00
82820,-0.13,-0.45,9.56,1.00,-0.03,0.00,0.00,0.57,3.04,0.06,10.62,0.00,0,2,1002.84,35.10,93.23,1002.85,31.48,92.10,0.64,1002.21,32.95,98.26,-0.03,0.24,115.05,307.09,7909,0.68,1.35,9.58,1.00,0.06,-0.04,0.01,4.62,-7.25,0.44,3,8,34,0, 0.0000000, 0.0000000, 0.00, 0.00
82877,-0.12,-0.56,9.52,1.00,-0.03,0.00,0.00,0.57,3.04,0.06,10.62,0.00,0,2,1002.84,35.09,93.22,1002.84,31.45,92.14,0.64,1002.21,32.95,98.26,-0.03,0.24,113.47,307.18,7909,0.72,1.35,9.52,1.00,0.06,-0.04,0.01,4.62,-7.25,0.44,3,8,34,0, 0.0000000, 0.0000000, 0.00, 0.00
82930,-0.08,-0.56,9.57,1.00,-0.03,0.00,0.00,0.57,3.04,0.06,10.60,0.00,0,2,1002.85,35.09,93.20,1002.84,31.47,92.11,0.64,1002.20,32.96,98.32,-0.03,0.24,113.20,307.18,7909,0.73,1.25,9.57,1.00,0.06,-0.04,0.01,4.62,-7.25,0.44,3,8,34,0, 0.0000000, 0.0000000, 0.00, 0.00
82987,-0.02,-0.51,9.53,1.00,-0.03,0.00,0.00,0.57,3.04,0.06,10.61,0.00,0,2,1002.84,35.09,93.21,1002.85,31.47,92.09,0.64,1002.20,32.95,98.31,-0.03,0.24,113.55,307.18,7909,0.71,1.13,9.52,1.00,0.06,-0.04,0.01,4.62,-7.25,0.44,3,8,34,0, 0.0000000, 0.0000000, 0.00, 0.00
83040,-0.14,-0.54,9.55,1.00,-0.03,0.00,0.00,0.57,3.04,0.06,10.60,0.00,0,2,1002.84,35.08,93.24,1002.85,31.48,92.09,0.64,1002.21,32.95,98.26,-0.03,0.24,113.64,307.09,7909,0.79,1.34,9.60,1.00,0.06,-0.04,0.01,4.62,-7.25,0.44,3,8,34,0, 0.0000000, 0.0000000, 0.00, 0.00
83096,-0.08,-0.54,9.54,1.00,-0.03,0.00,0.00,0.57,3.04,0.06,10.61,0.00,0,2,1002.84,35.09,93.24,1002.85,31.47,92.11,0.64,1002.20,32.94,98.32,-0.03,0.24,113.29,307.00,7908,0.72,1.30,9.56,1.00,0.06,-0.04,0.01,4.62,-7.25,0.44,3,8,34,0, 0.0000000, 0.0000000, 0.00, 0.00
83154,-0.10,-0.55,9.52,1.00,-0.03,0.00,0.00,0.57,3.04,0.06,10.61,0.00,0,2,1002.84,35.09,93.25,1002.84,31.47,92.12,0.64,1002.20,32.95,98.30,-0.03,0.24,110.57,306.91,7910,0.69,1.11,9.49,1.00,0.06,-0.04,0.01,4.62,-7.25,0.44,3,8,34,0, 0.0000000, 0.0000000, 0.00, 0.00
83207,-0.06,-0.55,9.55,1.00,-0.03,0.00,0.00,0.57,3.04,0.06,10.61,0.00,0,2,1002.84,35.09,93.22,1002.85,31.47,92.09,0.64,1002.20,32.95,98.31,-0.03,0.24,109.86,306.91,7909,0.78,1.23,9.58,1.00,0.06,-0.04,0.01,4.62,-7.25,0.44,3,8,34,0, 0.0000000, 0.0000000, 0.00, 0.00
83264,-0.06,-0.49,9.52,1.00,-0.03,0.00,0.00,0.57,3.04,0.06,10.61,0.00,0,2,1002.84,35.08,93.21,1002.85,31.47,92.09,0.63,1002.20,32.95,98.35,-0.03,0.24,106.88,306.83,7910,0.79,1.19,9.55,1.00,0.06,-0.04,0.01,4.62,-7.25,0.44,3,8,34,0, 0.0000000, 0.0000000, 0.00, 0.00
83317,-0.15,-0.54,9.51,1.00,-0.03,0.00,0.00,0.57,3.04,0.06,10.59,0.00,0,2,1002.84,35.10,93.22,1002.84,31.46,92.10,0.64,1002.20,32.96,98.36,-0.02,0.17,106.17,306.91,7909,0.89,1.13,9.44,1.00,0.06,-0.04,0.01,4.62,-7.25,0.44,3,8,34,0, 0.0000000, 0.0000000, 0.00, 0.00
83374,-0.15,-0.54,9.50,1.00,-0.03,0.00,0.00,0.57,3.04,0.06,10.60,0.00,0,2,1002.84,35.09,93.23,1002.84,31.47,92.13,0.64,1002.20,32.95,98.37,-0.03,0.24,106.52,306.83,7909,0.92,1.27,9.54,1.00,0.06,-0.04,0.01,4.62,-7.25,0.44,3,8,34,0, 0.0000000, 0.0000000, 0.00, 0.00
83427,-0.07,-0.53,9.51,1.00,-0.03,0.00,0.00,0.57,3.04,0.06,10.61,0.00,0,2,1002.84,35.10,93.23,1002.84,31.46,92.11,0.64,1002.21,32.96,98.27,-0.03,0.24,105.47,306.91,7909,0.60,1.12,9.52,1.00,0.06,-0.04,0.01,4.62,-7.25,0.44,3,8,34,0, 0.0000000, 0.0000000, 0.00, 0.00
83482,-0.08,-0.56,9.54,1.00,-0.03,0.00,0.00,0.57,3.04,0.06,10.61,0.00,0,2,1002.84,35.08,93.22,1002.84,31.47,92.12,0.64,1002.21,32.97,98.26,-0.03,0.24,105.73,306.83,7909,0.70,1.33,9.56,1.00,0.06,-0.04,0.01,4.62,-7.25,0.45,3,8,34,0, 0.0000000, 0.0000000, 0.00, 0.00
83536,-0.07,-0.50,9.54,1.00,-0.03,0.00,0.00,0.57,3.04,0.06,10.60,0.00,0,2,1002.85,35.09,93.17,1002.84,31.49,92.13,0.64,1002.21,32.98,98.26,-0.03,0.24,107.75,306.83,7909,0.75,1.22,9.57,1.00,0.06,-0.04,0.01,4.62,-7.25,0.45,3,8,34,0, 0.0000000, 0.0000000, 0.00, 0.00
83594,-0.07,-0.51,9.52,1.00,-0.03,0.00,0.00,0.57,3.04,0.06,10.59,0.00,0,2,1002.84,35.09,93.21,1002.84,31.46,92.10,0.64,1002.20,32.97,98.30,-0.02,0.17,109.07,306.83,7910,0.65,1.25,9.48,1.00,0.06,-0.04,0.01,4.62,-7.25,0.45,3,8,34,0, 0.0000000, 0.0000000, 0.00, 0.00
83646,-0.07,-0.51,9.53,1.00,-0.03,0.00,0.00,0.57,3.04,0.06,10.58,0.00,0,2,1002.84,35.08,93.22,1002.84,31.47,92.13,0.64,1002.21,32.96,98.27,-0.05,0.29,108.19,306.74,7909,0.73,1.24,9.54,1.00,0.06,-0.04,0.01,4.62,-7.25,0.45,3,8,35,0, 0.0000000, 0.0000000, 0.00, 0.00
83699,-0.13,-0.53,9.54,1.00,-0.03,0.00,0.00,0.57,3.04,0.06,10.59,0.00,0,2,1002.84,35.08,93.21,1002.84,31.47,92.13,0.64,1002.21,32.97,98.27,-0.03,0.24,104.41,306.83,7909,0.72,1.35,9.60,1.00,0.06,-0.04,0.01,4.62,-7.25,0.45,3,8,35,0, 0.0000000, 0.0000000, 0.00, 0.00
83756,-0.13,-0.56,9.51,1.00,-0.03,0.00,0.00,0.57,3.04,0.06,10.59,0.00,0,2,1002.84,35.08,93.21,1002.84,31.48,92.12,0.64,1002.21,32.97,98.25,-0.03,0.24,103.45,306.83,7909,0.71,1.31,9.61,1.00,0.06,-0.04,0.01,4.62,-7.25,0.45,3,8,35,0, 0.0000000, 0.0000000, 0.00, 0.00
83809,-0.13,-0.52,9.53,1.00,-0.03,0.00,0.00,0.57,3.04,0.06,10.60,0.00,0,2,1002.84,35.09,93.21,1002.84,31.47,92.16,0.64,1002.20,32.96,98.32,-0.03,0.24,106.52,306.83,7909,0.81,1.16,9.48,1.00,0.06,-0.04,0.01,4.62,-7.25,0.45,3,8,35,0, 0.0000000, 0.0000000, 0.00, 0.00
83866,-0.11,-0.56,9.54,1.00,-0.03,0.00,0.00,0.57,3.04,0.06,10.60,0.00,0,2,1002.84,35.10,93.21,1002.84,31.48,92.11,0.64,1002.20,32.96,98.32,-0.03,0.24,106.52,306.91,7909,0.69,1.22,9.52,1.00,0.06,-0.04,0.01,4.62,-7.25,0.45,3,8,35,0, 0.0000000, 0.0000000, 0.00, 0.00
83921,-0.01,-0.52,9.52,1.00,-0.03,0.00,0.00,0.57,3.04,0.06,10.61,0.00,0,2,1002.84,35.08,93.21,1002.84,31.47,92.12,0.64,1002.20,32.98,98.36,-0.03,0.24,107.31,307.00,7909,0.74,1.26,9.55,1.00,0.06,-0.04,0.01,4.62,-7.25,0.45,3,8,35,0, 0.0000000, 0.0000000, 0.00, 0.00
83976,-0.05,-0.50,9.50,1.00,-0.03,0.00,0.00,0.57,3.04,0.06,10.60,0.00,0,2,1002.84,35.08,93.27,1002.84,31.47,92.12,0.64,1002.20,32.97,98.33,-0.03,0.24,108.19,307.00,7909,0.80,1.24,9.53,1.00,0.06,-0.04,0.01,4.62,-7.25,0.45,3,8,35,0, 0.0000000, 0.0000000, 0.00, 0.00
84028,-0.10,-0.52,9.56,1.00,-0.03,0.00,0.00,0.57,3.04,0.06,10.61,0.00,0,2,1002.84,35.09,93.25,1002.84,31.49,92.11,0.64,1002.20,32.97,98.30,-0.03,0.24,110.83,307.62,7909,0.90,1.27,9.52,1.00,0.06,-0.04,0.01,4.62,-7.25,0.45,3,8,35,0, 0.0000000, 0.0000000, 0.00, 0.00
84085,-0.12,-0.52,9.50,1.00,-0.03,0.00,0.00,0.57,3.04,0.06,10.61,0.00,0,2,1002.84,35.07,93.20,1002.84,31.47,92.14,0.64,1002.20,32.97,98.32,-0.03,0.24,115.22,307.62,7909,0.74,1.13,9.52,1.00,0.06,-0.04,0.01,4.62,-7.25,0.45,3,8,35,0, 0.0000000, 0.0000000, 0.00, 0.00
84143,-0.12,-0.50,9.58,1.00,-0.03,0.00,0.00,0.57,3.04,0.06,10.61,0.00,0,2,1002.84,35.08,93.24,1002.84,31.47,92.14,0.64,1002.20,32.96,98.29,-0.05,0.29,118.04,307.62,7909,0.70,1.21,9.52,1.00,0.06,-0.04,0.01,4.62,-7.25,0.45,3,8,35,0, 0.0000000, 0.0000000, 0.00, 0.00
84196,-0.10,-0.52,9.56,1.00,-0.03,0.00,0.00,0.57,3.04,0.06,10.61,0.00,0,2,1002.84,35.09,93.22,1002.84,31.48,92.12,0.64,1002.20,32.95,98.32,-0.02,0.17,118.12,307.62,7910,0.77,1.22,9.56,1.00,0.06,-0.04,0.01,4.62,-7.25,0.45,3,8,35,0, 0.0000000, 0.0000000, 0.00, 0.00
84247,-0.07,-0.56,9.51,1.00,-0.03,0.00,0.00,0.57,3.04,0.06,10.61,0.00,0,2,1002.85,35.09,93.20,1002.84,31.49,92.13,0.64,1002.20,32.97,98.34,-0.03,0.24,115.75,307.53,7910,0.81,1.24,9.55,1.00,0.06,-0.04,0.01,4.62,-7.25,0.46,3,8,35,0, 0.0000000, 0.0000000, 0.00, 0.00
84305,-0.10,-0.54,9.50,1.00,-0.03,0.00,0.00,0.57,3.04,0.06,10.60,0.00,0,2,1002.84,35.08,93.22,1002.85,31.49,92.12,0.64,1002.21,32.96,98.29,-0.03,0.24,109.86,307.53,7909,0.71,1.30,9.49,1.00,0.06,-0.04,0.01,4.62,-7.25,0.46,3,8,35,0, 0.0000000, 0.0000000, 0.00, 0.00
84362,-0.07,-0.50,9.51,1.00,-0.03,0.00,0.00,0.57,3.04,0.06,10.60,0.00,0,2,1002.84,35.09,93.22,1002.84,31.49,92.13,0.64,1002.21,32.97,98.28,-0.03,0.24,102.92,307.53,7909,0.66,1.31,9.52,1.00,0.06,-0.04,0.01,4.62,-7.25,0.46,3,8,35,0, 0.0000000, 0.0000000, 0.00, 0.00
84416,-0.07,-0.52,9.54,1.00,-0.03,0.00,0.00,0.57,3.04,0.06,10.60,0.00,0,2,1002.84,35.07,93.21,1002.84,31.49,92.13,0.64,1002.21,32.97,98.25,-0.03,0.24,101.07,307.62,7909,0.66,1.26,9.57,1.00,0.06,-0.04,0.01,4.62,-7.25,0.46,3,8,35,0, 0.0000000, 0.0000000, 0.00, 0.00
84474,-0.09,-0.51,9.54,1.00,-0.03,0.00,0.00,0.57,3.04,0.06,10.59,0.00,0,2,1002.84,35.09,93.21,1002.84,31.48,92.13,0.63,1002.21,32.97,98.26,-0.03,0.24,102.22,307.62,7909,0.83,1.11,9.57,1.00,0.06,-0.04,0.01,4.62,-7.25,0.46,3,8,35,0, 0.0000000, 0.0000000, 0.00, 0.00
84527,-0.10,-0.55,9.59,1.00,-0.03,0.00,0.00,0.57,3.04,0.06,10.59,0.00,0,2,1002.85,35.10,93.19,1002.84,31.48,92.15,0.64,1002.21,32.96,98.24,-0.03,0.24,104.33,307.62,7909,0.79,1.17,9.54,1.00,0.06,-0.04,0.01,4.62,-7.25,0.46,3,8,35,0, 0.0000000, 0.0000000, 0.00, 0.00
84584,-0.12,-0.51,9.52,1.00,-0.03,0.00,0.00,0.57,3.04,0.06,10.60,0.00,0,2,1002.84,35.07,93.24,1002.85,31.50,92.11,0.64,1002.21,32.96,98.26,-0.03,0.24,108.63,307.62,7907,0.86,1.33,9.39,1.00,0.06,-0.04,0.01,4.62,-7.25,0.46,3,8,35,0, 0.0000000, 0.0000000, 0.00, 0.00
84641,-0.08,-0.49,9.59,1.00,-0.03,0.00,0.00,0.57,3.04,0.06,10.60,0.00,0,2,1002.84,35.07,93.23,1002.85,31.48,92.09,0.64,1002.21,32.95,98.24,-0.03,0.24,113.91,307.62,7910,0.86,1.13,9.57,1.00,0.06,-0.04,0.01,4.62,-7.25,0.46,3,8,35,0, 0.0000000, 0.0000000, 0.00, 0.00
84695,-0.08,-0.54,9.54,1.00,-0.03,0.00,0.00,0.57,3.04,0.06,10.58,0.00,0,2,1002.84,35.08,93.21,1002.85,31.48,92.10,0.64,1002.21,32.97,98.23,-0.03,0.24,116.28,307.62,7909,0.66,1.17,9.55,1.00,0.06,-0.04,0.01,4.62,-7.25,0.46,3,8,35,0, 0.0000000, 0.0000000, 0.00, 0.00
84752,-0.09,-0.59,9.54,1.00,-0.03,0.00,0.00,0.57,3.04,0.06,10.58,0.00,0,2,1002.84,35.07,93.23,1002.85,31.48,92.08,0.64,1002.21,32.96,98.24,-0.03,0.24,121.20,307.62,7909,0.67,1.25,9.55,1.00,0.06,-0.04,0.01,4.62,-7.25,0.46,3,8,35,0, 0.0000000, 0.0000000, 0.00, 0.00
84805,-0.09,-0.50,9.52,1.00,-0.03,0.00,0.00,0.57,3.04,0.06,10.58,0.00,0,2,1002.84,35.07,93.24,1002.85,31.49,92.11,0.64,1002.21,32.97,98.23,-0.05,0.29,122.43,307.71,7909,0.79,1.22,9.54,1.00,0.06,-0.04,0.01,4.62,-7.25,0.46,3,8,35,0, 0.0000000, 0.0000000, 0.00, 0.00
84863,-0.15,-0.51,9.52,1.00,-0.03,0.00,0.00,0.57,3.04,0.06,10.58,0.00,0,2,1002.85,35.08,93.19,1002.84,31.48,92.13,0.64,1002.21,32.96,98.22,-0.03,0.24,122.43,307.71,7909,0.83,1.21,9.52,1.00,0.06,-0.04,0.01,4.62,-7.25,0.46,3,8,35,0, 0.0000000, 0.0000000, 0.00, 0.00
84914,-0.09,-0.53,9.51,1.00,-0.03,0.00,0.00,0.57,3.04,0.06,10.59,0.00,0,2,1002.85,35.07,93.18,1002.84,31.48,92.12,0.64,1002.21,32.97,98.28,-0.03,0.24,121.29,307.71,7909,0.82,1.24,9.51,1.00,0.06,-0.04,0.01,4.62,-7.25,0.46,3,8,35,0, 0.0000000, 0.0000000, 0.00, 0.00
84972,0.01,-0.51,9.54,1.00,-0.03,0.00,0.00,0.57,3.04,0.06,10.58,0.00,0,2,1002.85,35.07,93.16,1002.84,31.48,92.15,0.64,1002.21,32.98,98.26,-0.05,0.29,119.62,307.71,7909,0.66,1.29,9.55,1.00,0.06,-0.04,0.01,4.62,-7.25,0.46,3,8,35,0, 0.0000000, 0.0000000, 0.00, 0.00
85025,0.00,-0.55,9.52,1.00,-0.03,0.00,0.00,0.57,3.04,0.06,10.57,0.00,0,2,1002.85,35.07,93.19,1002.84,31.48,92.15,0.64,1002.21,32.98,98.24,-0.03,0.24,118.30,307.71,7908,0.62,1.29,9.57,1.00,0.06,-0.04,0.01,4.62,-7.25,0.46,3,8,35,0, 0.0000000, 0.0000000, 0.00, 0.00
85080,-0.05,-0.48,9.54,1.00,-0.03,0.00,0.00,0.57,3.04,0.06,10.58,0.00,0,2,1002.84,35.08,93.22,1002.84,31.48,92.12,0.64,1002.21,32.98,98.22,-0.03,0.24,119.09,307.62,7909,0.69,1.18,9.52,1.00,0.06,-0.04,0.01,4.62,-7.25,0.46,3,8,35,0, 0.0000000, 0.0000000, 0.00, 0.00
85134,-0.12,-0.52,9.55,1.00,-0.03,0.00,0.00,0.57,3.04,0.06,10.59,0.00,0,2,1002.85,35.07,93.19,1002.84,31.49,92.11,0.64,1002.21,32.98,98.21,-0.02,0.17,113.91,307.62,7909,0.85,1.21,9.56,1.00,0.06,-0.04,0.01,4.62,-7.25,0.46,3,8,36,0, 0.0000000, 0.0000000, 0.00, 0.00
85192,0.00,-0.48,9.61,1.00,-0.03,0.00,0.00,0.57,3.04,0.06,10.59,0.00,0,2,1002.84,35.08,93.21,1002.84,31.48,92.12,0.64,1002.21,32.99,98.24,-0.03,0.24,93.87,307.62,7909,0.61,1.12,9.54,1.00,0.06,-0.04,0.01,4.62,-7.25,0.46,3,8,36,0, 0.0000000, 0.0000000, 0.00, 0.00
85245,-0.10,-0.55,9.63,1.00,-0.03,0.00,0.00,0.57,3.04,0.06,10.58,0.00,0,2,1002.84,35.08,93.21,1002.85,31.50,92.07,0.64,1002.21,32.97,98.25,-0.03,0.24,73.83,307.62,7910,0.91,1.26,9.53,1.00,0.06,-0.04,0.01,4.62,-7.25,0.46,3,8,36,0, 0.0000000, 0.0000000, 0.00, 0.00
85303,-0.16,-0.48,9.57,1.00,-0.03,0.00,0.00,0.57,3.04,0.06,10.58,0.00,0,2,1002.85,35.08,93.19,1002.85,31.51,92.12,0.64,1002.21,32.98,98.26,-0.03,0.24,63.28,307.71,7909,0.75,1.21,9.56,1.00,0.06,-0.04,0.01,4.62,-7.25,0.46,3,8,36,0, 0.0000000, 0.0000000, 0.00, 0.00
85354,-0.11,-0.52,9.50,1.00,-0.03,0.00,0.00,0.57,3.04,0.06,10.58,0.00,0,2,1002.85,35.08,93.17,1002.85,31.50,92.08,0.64,1002.21,32.99,98.27,-0.05,0.29,53.09,307.71,7909,0.82,1.46,9.61,1.00,0.06,-0.04,0.01,4.62,-7.25,0.46,3,8,36,0, 0.0000000, 0.0000000, 0.00, 0.00
85412,-0.06,-0.59,9.48,1.00,-0.03,0.00,0.00,0.57,3.04,0.06,10.59,0.00,0,2,1002.84,35.08,93.22,1002.84,31.50,92.13,0.64,1002.21,32.99,98.23,-0.03,0.24,33.40,307.62,7909,0.81,1.17,9.64,1.00,0.06,-0.04,0.01,4.62,-7.25,0.46,3,8,36,0, 0.0000000, 0.0000000, 0.00, 0.00
85464,-0.05,-0.51,9.55,1.00,-0.03,0.00,0.00,0.57,3.04,0.06,10.59,0.00,0,2,1002.84,35.09,93.23,1002.85,31.50,92.11,0.64,1002.21,32.97,98.21,-0.03,0.24,25.14,307.62,7909,0.65,1.46,9.48,1.00,0.06,-0.04,0.01,4.62,-7.25,0.46,3,8,36,0, 0.0000000, 0.0000000, 0.00, 0.00
85516,-0.03,-0.49,9.50,1.00,-0.03,0.00,0.00,0.57,3.04,0.06,10.60,0.00,0,2,1002.84,35.09,93.21,1002.85,31.49,92.11,0.64,1002.21,32.97,98.26,-0.03,0.24,26.81,307.62,7909,0.87,1.10,9.51,1.00,0.06,-0.04,0.01,4.62,-7.25,0.46,3,8,36,0, 0.0000000, 0.0000000, 0.00, 0.00
85573,-0.05,-0.52,9.56,1.00,-0.03,0.00,0.00,0.57,3.04,0.06,10.59,0.00,0,2,1002.85,35.10,93.14,1002.85,31.48,92.10,0.64,1002.21,32.96,98.25,-0.03,0.24,23.03,307.62,7909,0.67,1.02,9.55,1.00,0.06,-0.04,0.01,4.62,-7.25,0.46,3,8,36,0, 0.0000000, 0.0000000, 0.00, 0.00
85623,-0.14,-0.58,9.57,1.00,-0.03,0.00,0.00,0.57,3.04,0.06,10.57,0.00,0,2,1002.85,35.11,93.12,1002.85,31.49,92.08,0.64,1002.21,32.98,98.24,-0.03,0.24,358.86,307.53,7909,0.69,1.20,9.58,1.00,0.06,-0.04,0.01,4.62,-7.25,0.46,3,8,36,0, 0.0000000, 0.0000000, 0.00, 0.00
85678,-0.11,-0.52,9.54,1.00,-0.03,0.00,0.00,0.57,3.04,0.06,10.58,0.00,0,2,1002.85,35.10,93.18,1002.84,31.50,92.12,0.64,1002.21,32.97,98.25,-0.03,0.24,345.85,307.18,7909,0.86,0.96,9.49,1.00,0.06,-0.04,0.01,4.62,-7.25,0.46,3,8,37,0, 0.0000000, 0.0000000, 0.00, 0.00
85734,-0.07,-0.49,9.56,1.00,-0.03,0.00,0.00,0.57,3.04,0.06,10.59,0.00,0,2,1002.85,35.11,93.17,1002.85,31.49,92.11,0.64,1002.21,32.97,98.25,-0.03,0.24,337.06,307.18,7907,0.75,1.12,9.53,1.00,0.06,-0.04,0.01,4.62,-7.25,0.46,3,8,37,0, 0.0000000, 0.0000000, 0.00, 0.00
85785,-0.09,-0.56,9.55,1.00,-0.03,0.00,0.00,0.57,3.04,0.06,10.60,0.00,0,2,1002.85,35.10,93.14,1002.85,31.49,92.11,0.64,1002.21,32.98,98.24,-0.03,0.24,329.77,307.27,7909,0.78,1.34,9.51,1.00,0.06,-0.04,0.01,4.62,-7.25,0.46,3,8,37,0, 0.0000000, 0.0000000, 0.00, 0.00
85842,-0.11,-0.57,9.55,1.00,-0.03,0.00,0.00,0.57,3.04,0.06,10.59,0.00,0,2,1002.85,35.09,93.18,1002.85,31.49,92.13,0.64,1002.21,32.98,98.23,-0.05,0.29,328.80,307.27,7909,0.43,1.41,9.61,1.00,0.06,-0.04,0.01,4.63,-7.25,0.49,3,8,37,0, 0.0000000, 0.0000000, 0.00, 0.00
85900,-0.15,-0.49,9.56,1.00,-0.03,0.00,0.00,0.57,3.04,0.06,10.59,0.00,0,2,1002.85,35.10,93.17,1002.85,31.49,92.07,0.64,1002.21,32.98,98.22,-0.03,0.24,327.04,307.27,7909,0.56,0.94,9.48,1.00,0.06,-0.04,0.01,4.62,-7.23,0.47,3,8,37,0, 0.0000000, 0.0000000, 0.00, 0.00
85954,-0.07,-0.50,9.47,1.00,-0.03,0.00,0.00,0.57,3.04,0.06,10.59,0.00,0,2,1002.85,35.09,93.20,1002.85,31.50,92.11,0.64,1002.21,32.99,98.23,-0.03,0.24,320.27,307.09,7909,1.01,1.21,9.45,1.00,0.06,-0.04,0.01,4.62,-7.23,0.45,3,8,37,0, 0.0000000, 0.0000000, 0.00, 0.00
86012,-0.09,-0.57,9.57,1.00,-0.03,0.00,0.00,0.57,3.04,0.06,10.59,0.00,0,2,1002.85,35.10,93.17,1002.84,31.49,92.14,0.64,1002.22,32.99,98.20,-0.03,0.24,312.10,307.18,7909,0.68,1.52,9.62,1.00,0.06,-0.04,0.01,4.62,-7.25,0.46,3,8,37,0, 0.0000000, 0.0000000, 0.00, 0.00
86064,-0.13,-0.53,9.57,1.00,-0.03,0.00,0.00,0.57,3.04,0.06,10.59,0.00,0,2,1002.85,35.10,93.19,1002.84,31.49,92.13,0.64,1002.21,32.98,98.21,-0.05,0.29,299.88,307.18,7909,0.73,1.35,9.60,1.00,0.06,-0.04,0.01,4.62,-7.25,0.46,3,8,37,0, 0.0000000, 0.0000000, 0.00, 0.00
86122,-0.10,-0.54,9.53,1.00,-0.03,0.00,0.00,0.57,3.04,0.06,10.60,0.00,0,2,1002.84,35.09,93.21,1002.84,31.48,92.13,0.64,1002.22,32.99,98.20,-0.03,0.24,297.51,307.18,7908,0.76,1.13,9.51,1.00,0.06,-0.04,0.01,4.62,-7.25,0.46,3,8,37,0, 0.0000000, 0.0000000, 0.00, 0.00
86175,-0.10,-0.48,9.54,1.00,-0.03,0.00,0.00,0.57,3.04,0.06,10.60,0.00,0,2,1002.85,35.11,93.15,1002.84,31.49,92.11,0.64,1002.22,32.99,98.20,-0.03,0.24,292.94,307.09,7909,0.77,1.13,9.55,1.00,0.06,-0.04,0.01,4.62,-7.25,0.46,3,8,37,0, 0.0000000, 0.0000000, 0.00, 0.00
86233,-0.04,-0.52,9.52,1.00,-0.03,0.00,0.00,0.57,3.04,0.06,10.60,0.00,0,2,1002.85,35.11,93.17,1002.84,31.49,92.13,0.64,1002.22,32.97,98.20,-0.03,0.24,280.28,307.09,7909,0.81,1.58,9.49,1.00,0.06,-0.04,0.01,4.62,-7.25,0.45,3,8,37,0, 0.0000000, 0.0000000, 0.00, 0.00
86291,-0.11,-0.55,9.49,1.00,-0.03,0.00,0.00,0.57,3.04,0.06,10.58,0.00,0,2,1002.85,35.10,93.17,1002.84,31.49,92.13,0.65,1002.22,32.98,98.17,-0.03,0.24,273.43,307.09,7909,0.84,1.56,9.47,1.00,0.06,-0.04,0.01,4.62,-7.25,0.46,3,8,37,0, 0.0000000, 0.0000000, 0.00, 0.00
86343,-0.11,-0.60,9.51,1.00,-0.03,0.00,0.00,0.57,3.04,0.06,10.59,0.00,0,2,1002.85,35.10,93.19,1002.84,31.48,92.13,0.65,1002.21,32.97,98.21,-0.03,0.24,266.66,307.09,7910,0.98,1.37,9.60,1.00,0.06,-0.04,0.01,4.62,-7.25,0.45,3,8,37,0, 0.0000000, 0.0000000, 0.00, 0.00
86401,-0.06,-0.48,9.53,1.00,-0.03,0.00,0.00,0.57,3.04,0.06,10.59,0.00,0,2,1002.85,35.10,93.19,1002.85,31.49,92.09,0.65,1002.21,32.98,98.22,-0.03,0.24,265.78,307.09,7909,0.81,1.05,9.49,1.00,0.06,-0.04,0.01,4.62,-7.25,0.45,3,8,37,0, 0.0000000, 0.0000000, 0.00, 0.00
86453,-0.09,-0.50,9.51,1.00,-0.03,0.00,0.00,0.57,3.04,0.06,10.59,0.00,0,2,1002.85,35.11,93.17,1002.85,31.49,92.11,0.65,1002.21,32.97,98.21,-0.03,0.24,263.94,306.91,7910,0.82,1.41,9.54,1.00,0.06,-0.04,0.01,4.62,-7.25,0.45,3,8,37,0, 0.0000000, 0.0000000, 0.00, 0.00
86511,-0.10,-0.53,9.52,1.00,-0.03,0.00,0.00,0.57,3.04,0.06,10.59,0.00,0,2,1002.85,35.11,93.17,1002.85,31.49,92.08,0.64,1002.21,32.96,98.20,-0.02,0.17,261.21,306.65,7909,0.67,1.41,9.68,1.00,0.06,-0.04,0.01,4.62,-7.26,0.45,3,8,37,0, 0.0000000, 0.0000000, 0.00, 0.00
86563,-0.12,-0.52,9.51,1.00,-0.03,0.00,0.00,0.57,3.04,0.06,10.59,0.00,0,2,1002.85,35.11,93.20,1002.85,31.49,92.10,0.64,1002.21,32.98,98.21,-0.03,0.24,259.80,306.56,7909,0.79,1.11,9.53,1.00,0.06,-0.04,0.01,4.62,-7.26,0.45,3,8,37,0, 0.0000000, 0.0000000, 0.00, 0.00
86619,0.22,-0.23,9.57,1.00,-0.03,0.00,0.00,0.57,3.04,0.06,10.59,0.00,0,2,1002.84,35.09,93.21,1002.85,31.50,92.10,0.64,1002.22,32.98,98.19,-0.05,0.29,259.01,306.39,7909,0.06,1.11,9.59,1.00,0.06,-0.04,0.01,4.62,-7.26,0.46,3,8,38,0, 0.0000000, 0.0000000, 0.00, 0.00
86672,-0.22,-0.58,9.54,1.00,-0.03,0.00,0.00,0.57,3.04,0.06,10.60,0.00,0,2,1002.85,35.11,93.17,1002.84,31.50,92.10,0.64,1002.21,32.97,98.25,-0.03,0.24,256.73,306.30,7910,0.89,1.40,9.56,1.00,0.06,-0.04,0.01,4.62,-7.26,0.47,3,8,38,0, 0.0000000, 0.0000000, 0.00, 0.00
86726,-0.09,-0.56,9.55,1.00,-0.03,0.00,0.00,0.57,3.04,0.06,10.61,0.00,0,2,1002.84,35.10,93.21,1002.85,31.49,92.12,0.64,1002.21,32.98,98.24,-0.02,0.17,254.62,306.30,7909,0.56,1.30,9.59,1.00,0.06,-0.04,0.01,4.62,-7.26,0.47,3,8,38,0, 0.0000000, 0.0000000, 0.00, 0.00
86783,-0.07,-0.48,9.52,1.00,-0.03,0.00,0.00,0.57,3.04,0.06,10.61,0.00,0,2,1002.85,35.10,93.21,1002.85,31.49,92.11,0.64,1002.21,32.99,98.24,-0.03,0.24,253.65,306.30,7909,0.64,1.11,9.48,1.00,0.06,-0.04,0.01,4.62,-7.26,0.47,3,8,38,0, 0.0000000, 0.0000000, 0.00, 0.00
86834,-0.09,-0.50,9.54,1.00,-0.03,0.00,0.00,0.57,3.04,0.06,10.60,0.00,0,2,1002.84,35.10,93.22,1002.85,31.49,92.11,0.64,1002.21,32.98,98.21,-0.03,0.24,254.09,306.30,7910,0.79,1.22,9.53,1.00,0.06,-0.04,0.01,4.62,-7.26,0.47,3,8,38,0, 0.0000000, 0.0000000, 0.00, 0.00
86891,-0.10,-0.51,9.54,1.00,-0.03,0.00,0.00,0.57,3.04,0.06,10.61,0.00,0,2,1002.85,35.11,93.20,1002.84,31.49,92.11,0.64,1002.22,32.98,98.20,-0.03,0.24,261.74,306.30,7909,0.68,1.06,9.48,1.00,0.06,-0.04,0.01,4.62,-7.26,0.47,3,8,38,0, 0.0000000, 0.0000000, 0.00, 0.00
86947,-0.14,-0.48,9.56,1.00,-0.03,0.00,0.00,0.57,3.04,0.06,10.60,0.00,0,2,1002.84,35.12,93.21,1002.85,31.50,92.13,0.64,1002.22,32.98,98.19,-0.03,0.24,265.43,306.21,7909,0.86,1.03,9.45,1.00,0.06,-0.04,0.01,4.62,-7.26,0.47,3,8,38,0, 0.0000000, 0.0000000, 0.00, 0.00
87003,0.00,-0.56,9.56,1.00,-0.03,0.00,0.00,0.57,3.04,0.06,10.61,0.00,0,2,1002.84,35.11,93.22,1002.84,31.50,92.16,0.64,1002.21,32.98,98.21,-0.03,0.24,273.96,306.21,7909,0.64,1.14,9.52,1.00,0.06,-0.04,0.01,4.62,-7.26,0.47,3,8,38,0, 0.0000000, 0.0000000, 0.00, 0.00
87060,-0.05,-0.52,9.52,1.00,-0.03,0.00,0.00,0.57,3.04,0.06,10.62,0.00,0,2,1002.85,35.11,93.20,1002.84,31.49,92.14,0.64,1002.21,32.98,98.21,-0.02,0.17,277.38,306.21,7909,0.73,1.26,9.62,1.00,0.06,-0.04,0.01,4.62,-7.26,0.47,3,8,38,0, 0.0000000, 0.0000000, 0.00, 0.00
87111,-0.12,-0.49,9.57,1.00,-0.03,0.00,0.00,0.57,3.04,0.06,10.62,0.00,0,2,1002.84,35.10,93.26,1002.84,31.49,92.13,0.64,1002.21,32.99,98.24,-0.03,0.24,283.71,306.21,7909,0.74,1.13,9.49,1.00,0.06,-0.04,0.01,4.62,-7.26,0.47,3,8,38,0, 0.0000000, 0.0000000, 0.00, 0.00
87164,-0.14,-0.49,9.50,1.00,-0.03,0.00,0.00,0.57,3.04,0.06,10.61,0.00,0,2,1002.84,35.10,93.22,1002.84,31.50,92.13,0.65,1002.21,32.98,98.25,-0.03,0.24,288.28,306.21,7909,0.77,0.92,9.41,1.00,0.06,-0.04,0.01,4.62,-7.25,0.47,3,8,38,0, 0.0000000, 0.0000000, 0.00, 0.00
87221,-0.10,-0.56,9.57,1.00,-0.03,0.00,0.00,0.57,3.04,0.06,10.61,0.00,0,2,1002.85,35.11,93.20,1002.85,31.49,92.11,0.64,1002.22,33.00,98.20,-0.02,0.17,296.81,306.30,7909,0.74,1.31,9.64,1.00,0.06,-0.04,0.01,4.62,-7.26,0.47,3,8,38,0, 0.0000000, 0.0000000, 0.00, 0.00
87275,-0.11,-0.56,9.47,1.00,-0.03,0.00,0.00,0.57,3.04,0.06,10.61,0.00,0,2,1002.84,35.10,93.23,1002.84,31.49,92.13,0.64,1002.22,32.99,98.20,-0.02,0.17,302.26,306.12,7909,0.82,1.27,9.54,1.00,0.06,-0.04,0.01,4.62,-7.26,0.47,3,8,38,0, 0.0000000, 0.0000000, 0.00, 0.00
87332,-0.09,-0.47,9.56,1.00,-0.03,0.00,0.00,0.57,3.04,0.06,10.61,0.00,0,2,1002.84,35.11,93.24,1002.85,31.51,92.11,0.63,1002.21,32.98,98.23,-0.02,0.17,316.41,306.04,7909,0.77,1.21,9.52,1.00,0.06,-0.04,0.01,4.62,-7.26,0.47,3,8,38,0, 0.0000000, 0.0000000, 0.00, 0.00
87388,-0.07,-0.50,9.51,1.00,-0.03,0.00,0.00,0.57,3.04,0.06,10.61,0.00,0,2,1002.84,35.10,93.24,1002.84,31.50,92.13,0.64,1002.21,32.98,98.21,-0.03,0.24,332.49,305.86,7909,0.74,1.17,9.51,1.00,0.06,-0.04,0.01,4.62,-7.26,0.47,3,8,38,0, 0.0000000, 0.0000000, 0.00, 0.00
87441,-0.05,-0.54,9.67,1.00,-0.03,0.00,0.00,0.57,3.04,0.06,10.61,0.00,0,2,1002.85,35.11,93.21,1002.85,31.51,92.14,0.64,1002.21,32.99,98.22,-0.03,0.24,342.51,305.77,7910,0.64,1.63,9.67,1.00,0.06,-0.04,0.01,4.62,-7.26,0.47,3,8,38,0, 0.0000000, 0.0000000, 0.00, 0.00
87498,0.02,-0.50,9.59,1.00,-0.03,0.00,0.00,0.57,3.04,0.06,10.61,0.00,0,2,1002.84,35.11,93.21,1002.84,31.49,92.11,0.64,1002.21,32.97,98.24,-0.02,0.17,356.48,305.77,7910,0.60,1.79,9.75,1.00,0.06,-0.04,0.01,4.62,-7.27,0.47,3,8,38,0, 0.0000000, 0.0000000, 0.00, 0.00
87552,-0.12,-0.44,9.50,1.00,-0.03,0.00,0.00,0.57,3.04,0.06,10.61,0.00,0,2,1002.84,35.11,93.22,1002.85,31.51,92.09,0.64,1002.21,32.99,98.27,-0.03,0.24,10.63,305.60,7910,0.81,0.66,9.39,1.00,0.06,-0.04,0.01,4.62,-7.24,0.47,3,8,38,0, 0.0000000, 0.0000000, 0.00, 0.00
87610,-0.23,-0.56,9.50,1.00,-0.03,0.00,0.00,0.57,3.04,0.06,10.60,0.00,0,2,1002.85,35.12,93.19,1002.84,31.50,92.12,0.64,1002.21,32.98,98.22,-0.05,0.29,16.44,305.68,7911,0.62,1.54,9.70,1.00,0.06,-0.04,0.01,4.62,-7.27,0.47,3,8,38,0, 0.0000000, 0.0000000, 0.00, 0.00
87662,-0.01,-0.58,9.47,1.00,-0.03,0.00,0.00,0.57,3.04,0.06,10.60,0.00,0,2,1002.85,35.11,93.19,1002.84,31.49,92.10,0.64,1002.21,32.97,98.21,-0.03,0.24,19.95,305.68,7910,0.55,1.54,9.63,1.00,0.06,-0.04,0.01,4.63,-7.27,0.48,3,8,39,0,35.2901433,136.2529983,56.50, 0.00
87720,-0.08,-0.53,9.54,1.00,-0.03,0.00,0.00,0.57,3.04,0.06,10.60,0.00,0,2,1002.85,35.12,93.15,1002.84,31.51,92.15,0.64,1002.22,32.98,98.19,-0.03,0.24,18.37,305.68,7911,0.83,1.63,9.67,1.00,0.06,-0.04,0.01,4.63,-7.28,0.48,3,8,39,0,35.2901433,136.2529983,56.50, 0.00
87771,-0.17,-0.51,9.55,1.00,-0.03,0.00,0.00,0.57,3.04,0.06,10.58,0.00,0,2,1002.85,35.11,93.17,1002.85,31.51,92.12,0.65,1002.22,32.98,98.17,-0.03,0.24,2.46,305.68,7908,0.85,0.96,9.47,1.00,0.06,-0.04,0.01,4.62,-7.27,0.48,3,8,39,0,35.2901433,136.2529983,56.50, 0.00
87825,0.00,-0.51,9.55,1.00,-0.03,0.00,0.00,0.57,3.04,0.06,10.58,0.00,0,2,1002.85,35.11,93.18,1002.85,31.52,92.12,0.64,1002.22,32.99,98.13,-0.03,0.24,353.23,305.60,7904,0.59,1.45,9.69,1.00,0.06,-0.04,0.01,4.62,-7.29,0.48,3,8,39,0,35.2901433,136.2529983,56.50, 0.00
87880,-0.15,-0.49,9.47,1.00,-0.03,0.00,0.00,0.57,3.04,0.06,10.56,0.00,0,2,1002.85,35.13,93.17,1002.85,31.51,92.10,0.64,1002.22,32.99,98.15,-0.02,0.17,352.00,305.60,7893,1.13,1.28,9.55,1.00,0.06,-0.04,0.01,4.62,-7.28,0.47,3,8,39,0,35.2901433,136.2529983,56.50, 0.00
87933,-0.27,-0.54,9.52,1.00,-0.03,0.00,0.00,0.57,3.04,0.06,10.57,0.00,0,2,1002.85,35.12,93.16,1002.85,31.51,92.10,0.64,1002.22,33.00,98.16,-0.02,0.17,335.57,305.60,7881,0.89,1.61,9.66,1.00,0.06,-0.04,0.01,4.62,-7.28,0.46,3,8,39,0,35.2901433,136.2529983,56.50, 0.00
87990,-0.01,-0.55,9.52,1.00,-0.03,0.00,0.00,0.57,3.04,0.06,10.57,0.00,0,2,1002.85,35.12,93.18,1002.85,31.51,92.08,0.64,1002.22,32.98,98.17,-0.03,0.24,326.78,305.60,7851,0.57,1.27,9.61,1.00,0.06,-0.04,0.01,4.63,-7.27,0.48,3,8,39,0,35.2901433,136.2529983,56.50, 0.00
88048,-0.11,-0.49,9.53,1.00,-0.03,0.00,0.00,0.57,3.04,0.06,10.58,0.00,0,2,1002.85,35.10,93.21,1002.85,31.52,92.09,0.65,1002.22,32.99,98.15,-0.02,0.17,326.69,305.60,7814,0.64,1.00,9.53,1.00,0.06,-0.04,0.01,4.63,-7.26,0.48,3,8,39,0,35.2901433,136.2529983,56.50, 0.00
88102,-0.11,-0.54,9.53,1.00,-0.03,0.00,0.00,0.57,3.04,0.06,10.59,0.00,0,2,1002.85,35.12,93.18,1002.84,31.50,92.12,0.64,1002.21,32.99,98.23,-0.03,0.24,317.29,305.60,7760,0.67,1.47,9.63,1.00,0.06,-0.04,0.01,4.62,-7.26,0.46,3,8,39,0,35.2901433,136.2529983,56.50, 0.00
88156,-0.12,-0.53,9.48,1.00,-0.03,0.00,0.00,0.57,3.04,0.06,10.59,0.00,0,2,1002.84,35.11,93.21,1002.85,31.51,92.11,0.65,1002.22,33.00,98.19,-0.03,0.24,311.75,305.51,7738,0.80,0.86,9.34,1.00,0.06,-0.04,0.01,4.62,-7.25,0.46,3,8,39,0,35.2901433,136.2529983,56.50, 0.00
88209,-0.07,-0.52,9.52,1.00,-0.03,0.00,0.00,0.57,3.04,0.06,10.60,0.00,0,2,1002.85,35.12,93.18,1002.85,31.50,92.09,0.64,1002.22,32.99,98.20,-0.03,0.24,307.79,305.42,7713,0.72,1.15,9.53,1.00,0.06,-0.04,0.01,4.62,-7.25,0.46,3,8,39,0,35.2901433,136.2529983,56.50, 0.00
88267,-0.14,-0.49,9.52,1.00,-0.03,0.00,0.00,0.57,3.04,0.06,10.59,0.00,0,2,1002.85,35.13,93.19,1002.85,31.51,92.12,0.64,1002.22,32.99,98.20,-0.03,0.24,302.96,305.33,7695,1.03,1.51,9.54,1.00,0.06,-0.04,0.01,4.62,-7.26,0.45,3,8,39,0,35.2901433,136.2529983,56.50, 0.78
88321,-0.14,-0.54,9.47,1.00,-0.03,0.00,0.00,0.57,3.04,0.06,10.59,0.00,0,2,1002.84,35.12,93.23,1002.84,31.51,92.13,0.64,1002.22,33.01,98.19,-0.03,0.24,303.22,305.33,7663,1.00,1.55,9.63,1.00,0.06,-0.04,0.01,4.62,-7.27,0.44,3,8,39,0,35.2901433,136.2529983,56.50, 0.78
88372,-0.05,-0.33,9.67,1.00,-0.03,0.00,0.00,0.57,3.04,0.06,10.59,0.00,0,2,1002.84,35.11,93.21,1002.85,31.51,92.09,0.64,1002.22,32.99,98.20,-0.03,0.24,300.23,305.24,7650,0.44,0.55,9.45,1.00,0.06,-0.04,0.01,4.62,-7.25,0.45,3,8,39,0,35.2901433,136.2529983,56.50, 0.78
88429,-0.02,-0.55,9.64,1.00,-0.03,0.00,0.00,0.57,3.04,0.06,10.59,0.00,0,2,1002.85,35.12,93.19,1002.85,31.51,92.10,0.64,1002.22,33.00,98.16,-0.03,0.24,300.59,305.24,7628,0.57,1.09,9.55,1.00,0.06,-0.04,0.01,4.62,-7.27,0.44,3,8,39,0,35.2901433,136.2529983,56.50, 0.78
88487,-0.14,-0.68,9.53,1.00,-0.03,0.00,0.00,0.57,3.04,0.06,10.58,0.00,0,2,1002.85,35.13,93.20,1002.85,31.52,92.09,0.65,1002.22,33.00,98.16,-0.02,0.17,296.72,305.24,7583,0.72,1.31,9.56,1.00,0.06,-0.04,0.01,4.62,-7.27,0.44,3,8,39,0,35.2901433,136.2529983,56.50, 0.78
88541,-0.11,-0.53,9.61,1.00,-0.03,0.00,0.00,0.57,3.04,0.06,10.58,0.00,0,2,1002.85,35.13,93.17,1002.85,31.52,92.09,0.65,1002.22,32.99,98.13,-0.02,0.17,293.99,305.24,7545,0.76,1.24,9.55,1.00,0.06,-0.04,0.01,4.62,-7.27,0.44,3,8,39,0,35.2901433,136.2529983,56.50, 0.78
88593,-0.08,-0.43,9.53,1.00,-0.03,0.00,0.00,0.57,3.04,0.06,10.57,0.00,0,2,1002.85,35.12,93.16,1002.85,31.52,92.07,0.65,1002.22,32.98,98.17,-0.03,0.24,289.16,305.24,7505,0.80,1.11,9.56,1.00,0.06,-0.04,0.01,4.62,-7.27,0.46,3,8,39,0,35.2901433,136.2529983,56.50, 0.78
88649,-0.09,-0.48,9.51,1.00,-0.03,0.00,0.00,0.57,3.04,0.06,10.56,0.00,0,2,1002.85,35.12,93.14,1002.85,31.52,92.09,0.65,1002.22,32.98,98.14,-0.03,0.24,284.33,305.24,7500,0.69,1.16,9.51,1.00,0.06,-0.04,0.01,4.62,-7.27,0.46,3,8,39,0,35.2901433,136.2529983,56.50, 0.78
88706,-0.10,-0.59,9.51,1.00,-0.03,0.00,0.00,0.57,3.04,0.06,10.57,0.00,0,2,1002.85,35.11,93.20,1002.85,31.53,92.13,0.64,1002.22,32.98,98.17,-0.02,0.17,281.25,305.24,7500,0.76,1.56,9.62,1.00,0.06,-0.04,0.01,4.62,-7.27,0.46,3,8,40,0,35.2901450,136.2530033,56.10, 0.78
88760,-0.10,-0.58,9.51,1.00,-0.03,0.00,0.00,0.57,3.04,0.06,10.58,0.00,0,2,1002.84,35.12,93.21,1002.85,31.52,92.09,0.64,1002.22,32.98,98.17,-0.03,0.24,281.16,305.24,7500,0.79,1.13,9.46,1.00,0.06,-0.04,0.01,4.62,-7.27,0.46,3,8,40,0,35.2901450,136.2530033,56.10, 0.78
88817,-0.08,-0.56,9.58,1.00,-0.03,0.00,0.00,0.57,3.04,0.06,10.59,0.00,0,2,1002.85,35.12,93.18,1002.85,31.53,92.07,0.64,1002.22,33.00,98.18,-0.05,0.29,281.69,305.24,7500,0.85,1.31,9.59,1.00,0.06,-0.04,0.01,4.62,-7.27,0.46,3,8,40,0,35.2901450,136.2530033,56.10, 0.78
88869,-0.11,-0.46,9.55,1.00,-0.03,0.00,0.00,0.57,3.04,0.06,10.59,0.00,0,2,1002.85,35.11,93.20,1002.85,31.52,92.11,0.65,1002.22,33.00,98.18,-0.05,0.29,283.45,305.24,7500,0.80,1.05,9.48,1.00,0.06,-0.04,0.01,4.62,-7.27,0.46,3,8,40,0,35.2901450,136.2530033,56.10, 0.78
88923,-0.13,-0.44,9.54,1.00,-0.03,0.00,0.00,0.57,3.04,0.06,10.59,0.00,0,2,1002.85,35.11,93.17,1002.84,31.52,92.08,0.64,1002.22,32.99,98.17,-0.03,0.24,283.54,305.16,7500,1.02,0.99,9.45,1.00,0.06,-0.04,0.01,4.62,-7.27,0.44,3,8,40,0,35.2901450,136.2530033,56.10, 0.78
88979,-0.11,-0.57,9.52,1.00,-0.03,0.00,0.00,0.57,3.04,0.06,10.60,0.00,0,2,1002.85,35.12,93.21,1002.85,31.53,92.11,0.64,1002.22,32.99,98.20,-0.03,0.24,284.77,305.24,7500,0.56,1.46,9.65,1.00,0.06,-0.04,0.01,4.62,-7.27,0.45,3,8,40,0,35.2901450,136.2530033,56.10, 0.78
89037,-0.09,-0.56,9.56,1.00,-0.03,0.00,0.00,0.57,3.04,0.06,10.60,0.00,0,2,1002.85,35.11,93.19,1002.85,31.51,92.08,0.64,1002.22,32.99,98.18,-0.03,0.24,282.83,305.24,7500,0.71,1.23,9.51,1.00,0.06,-0.04,0.01,4.62,-7.27,0.44,3,8,40,0,35.2901450,136.2530033,56.10, 0.78
89090,-0.04,-0.46,9.60,1.00,-0.03,0.00,0.00,0.57,3.04,0.06,10.60,0.00,0,2,1002.84,35.12,93.21,1002.85,31.52,92.11,0.64,1002.22,32.99,98.20,-0.03,0.24,281.95,305.24,7500,0.57,1.12,9.58,1.00,0.06,-0.04,0.01,4.62,-7.26,0.44,3,8,40,0,35.2901450,136.2530033,56.10, 0.78
89148,-0.04,-0.48,9.56,1.00,-0.03,0.00,0.00,0.57,3.04,0.06,10.61,0.00,0,2,1002.85,35.11,93.18,1002.85,31.52,92.12,0.65,1002.21,32.99,98.22,-0.03,0.24,282.22,305.24,7501,0.87,1.20,9.54,1.00,0.06,-0.04,0.01,4.62,-7.27,0.43,3,8,40,0,35.2901450,136.2530033,56.10, 0.78
89199,-0.12,-0.53,9.49,1.00,-0.03,0.00,0.00,0.57,3.04,0.06,10.62,0.00,0,2,1002.84,35.11,93.25,1002.84,31.52,92.14,0.65,1002.22,32.99,98.20,-0.03,0.24,282.39,305.24,7500,0.73,0.96,9.46,1.00,0.06,-0.04,0.01,4.62,-7.27,0.42,3,8,40,0,35.2901450,136.2530033,56.10, 0.78
89256,-0.16,-0.54,9.56,1.00,-0.03,0.00,0.00,0.57,3.04,0.06,10.62,0.00,0,2,1002.84,35.12,93.23,1002.85,31.52,92.11,0.64,1002.22,32.99,98.17,-0.03,0.24,284.33,305.16,7500,0.90,1.55,9.63,1.00,0.06,-0.04,0.01,4.62,-7.27,0.42,3,8,40,0,35.2901450,136.2530033,56.10, 0.78
89309,-0.12,-0.56,9.55,1.00,-0.03,0.00,0.00,0.57,3.04,0.06,10.62,0.00,0,2,1002.85,35.12,93.19,1002.85,31.53,92.12,0.64,1002.22,32.99,98.20,-0.03,0.24,287.49,305.16,7500,0.78,1.44,9.62,1.00,0.06,-0.04,0.01,4.62,-7.27,0.42,3,8,40,0,35.2901450,136.2530033,56.10, 0.78
89366,-0.09,-0.56,9.48,1.00,-0.03,0.00,0.00,0.57,3.04,0.06,10.61,0.00,0,2,1002.85,35.11,93.16,1002.84,31.51,92.09,0.64,1002.22,32.99,98.18,-0.02,0.17,294.87,305.16,7500,0.85,1.17,9.55,1.00,0.06,-0.04,0.01,4.62,-7.27,0.42,3,8,40,0,35.2901450,136.2530033,56.10, 0.78
89419,-0.02,-0.51,9.57,1.00,-0.03,0.00,0.00,0.57,3.04,0.06,10.60,0.00,0,2,1002.85,35.11,93.16,1002.85,31.52,92.11,0.65,1002.22,32.98,98.17,-0.03,0.24,300.85,305.16,7500,0.79,1.12,9.58,1.00,0.06,-0.04,0.01,4.62,-7.27,0.42,3,8,40,0,35.2901450,136.2530033,56.10, 0.78
89473,-0.07,-0.46,9.55,1.00,-0.03,0.00,0.00,0.57,3.04,0.06,10.60,0.00,0,2,1002.85,35.12,93.14,1002.85,31.52,92.09,0.65,1002.21,32.99,98.22,-0.02,0.17,312.80,305.16,7500,0.88,1.23,9.55,1.00,0.06,-0.04,0.01,4.62,-7.27,0.42,3,8,40,0,35.2901450,136.2530033,56.10, 0.78
89529,-0.11,-0.51,9.52,1.00,-0.03,0.00,0.00,0.57,3.04,0.06,10.60,0.00,0,2,1002.85,35.13,93.16,1002.85,31.53,92.10,0.64,1002.22,33.00,98.14,-0.03,0.24,333.02,305.16,7499,0.85,1.23,9.55,1.00,0.06,-0.04,0.01,4.62,-7.27,0.42,3,8,40,0,35.2901450,136.2530033,56.10, 0.78
89585,-0.07,-0.51,9.57,1.00,-0.03,0.00,0.00,0.57,3.04,0.06,10.59,0.00,0,2,1002.85,35.11,93.20,1002.85,31.51,92.10,0.65,1002.22,33.00,98.16,-0.05,0.29,344.09,305.16,7500,0.81,1.30,9.56,1.00,0.06,-0.04,0.01,4.62,-7.27,0.42,3,8,40,0,35.2901450,136.2530033,56.10, 0.78
89638,-0.11,-0.55,9.54,1.00,-0.03,0.00,0.00,0.57,3.04,0.06,10.59,0.00,0,2,1002.85,35.13,93.18,1002.84,31.52,92.12,0.64,1002.22,33.00,98.19,-0.03,0.24,19.42,305.16,7500,0.67,1.14,9.53,1.00,0.06,-0.04,0.01,4.62,-7.27,0.42,3,8,41,0,35.2901450,136.2530033,56.10, 0.78
89695,-0.08,-0.61,9.53,1.00,-0.03,0.00,0.00,0.57,3.04,0.06,10.60,0.00,0,2,1002.85,35.12,93.19,1002.85,31.52,92.09,0.65,1002.22,33.01,98.15,-0.03,0.24,50.19,305.07,7500,0.65,1.19,9.51,1.00,0.06,-0.04,0.01,4.62,-7.27,0.42,3,8,41,0,35.2901450,136.2530033,56.10, 0.78
89748,-0.09,-0.51,9.56,1.00,-0.03,0.00,0.00,0.57,3.04,0.06,10.60,0.00,0,2,1002.85,35.13,93.19,1002.85,31.52,92.11,0.65,1002.22,33.00,98.16,-0.03,0.24,80.77,305.07,7500,0.65,1.24,9.57,1.00,0.06,-0.04,0.01,4.62,-7.27,0.42,3,8,41,0,35.2901450,136.2530033,56.10, 0.78
89805,-0.07,-0.46,9.48,1.00,-0.03,0.00,0.00,0.57,3.04,0.06,10.60,0.00,0,2,1002.85,35.13,93.14,1002.84,31.51,92.13,0.65,1002.22,33.00,98.16,-0.03,0.24,90.70,305.07,7500,0.72,1.24,9.58,1.00,0.06,-0.04,0.01,4.62,-7.27,0.42,3,8,41,0,35.2901450,136.2530033,56.10, 0.78
89858,-0.09,-0.45,9.49,1.00,-0.03,0.00,0.00,0.57,3.04,0.06,10.59,0.00,0,2,1002.85,35.12,93.21,1002.85,31.51,92.09,0.65,1002.22,32.99,98.17,-0.03,0.24,109.34,305.07,7500,0.82,1.09,9.51,1.00,0.06,-0.04,0.01,4.62,-7.27,0.42,3,8,41,0,35.2901450,136.2530033,56.10, 0.78
89915,-0.10,-0.59,9.53,1.00,-0.03,0.00,0.00,0.57,3.04,0.06,10.60,0.00,0,2,1002.85,35.15,93.18,1002.85,31.51,92.10,0.64,1002.22,33.00,98.16,-0.03,0.24,121.11,305.16,7499,0.83,1.21,9.51,1.00,0.06,-0.04,0.01,4.62,-7.27,0.42,3,8,41,0,35.2901450,136.2530033,56.10, 0.78
89967,-0.08,-0.52,9.61,1.00,-0.03,0.00,0.00,0.57,3.04,0.06,10.60,0.00,0,2,1002.85,35.13,93.17,1002.85,31.52,92.13,0.65,1002.22,33.01,98.19,-0.03,0.24,126.21,305.07,7500,0.76,1.42,9.62,1.00,0.06,-0.04,0.01,4.62,-7.27,0.42,3,8,41,0,35.2901450,136.2530033,56.10, 0.78
90021,-0.06,-0.44,9.48,1.00,-0.03,0.00,0.00,0.57,3.04,0.06,10.60,0.00,0,2,1002.85,35.13,93.19,1002.84,31.52,92.12,0.65,1002.22,33.00,98.19,-0.03,0.24,126.74,305.16,7500,0.83,1.16,9.56,1.00,0.06,-0.04,0.01,4.62,-7.27,0.42,3,8,41,0,35.2901450,136.2530033,56.10, 0.78
90077,-0.13,-0.51,9.50,1.00,-0.03,0.00,0.00,0.57,3.04,0.06,10.61,0.00,0,2,1002.85,35.13,93.21,1002.85,31.51,92.10,0.65,1002.22,33.00,98.18,-0.03,0.24,124.80,305.07,7501,0.78,1.29,9.53,1.00,0.06,-0.04,0.01,4.62,-7.27,0.42,3,8,41,0,35.2901450,136.2530033,56.10, 0.78
90129,-0.09,-0.60,9.51,1.00,-0.03,0.00,0.00,0.57,3.04,0.06,10.61,0.00,0,2,1002.85,35.12,93.21,1002.84,31.51,92.13,0.64,1002.22,33.00,98.16,-0.02,0.17,121.46,305.07,7500,0.74,1.46,9.61,1.00,0.06,-0.04,0.01,4.62,-7.27,0.42,3,8,41,0,35.2901450,136.2530033,56.10, 0.78
90187,-0.07,-0.53,9.50,1.00,-0.03,0.00,0.00,0.57,3.04,0.06,10.60,0.00,0,2,1002.85,35.12,93.19,1002.85,31.51,92.11,0.64,1002.21,33.00,98.25,-0.03,0.24,119.00,305.07,7500,0.77,1.16,9.51,1.00,0.06,-0.04,0.01,4.62,-7.27,0.42,3,8,41,0,35.2901450,136.2530033,56.10, 0.78
90243,-0.03,-0.46,9.56,1.00,-0.03,0.00,0.00,0.57,3.04,0.06,10.61,0.00,0,2,1002.85,35.13,93.20,1002.85,31.51,92.11,0.65,1002.22,33.02,98.20,-0.02,0.17,117.60,305.07,7500,0.71,1.05,9.49,1.00,0.06,-0.04,0.01,4.62,-7.27,0.42,3,8,41,0,35.2901450,136.2530033,56.10, 0.78
90298,-0.09,-0.49,9.52,1.00,-0.03,0.00,0.00,0.57,3.04,0.06,10.60,0.00,0,2,1002.85,35.13,93.19,1002.85,31.51,92.10,0.65,1002.22,33.00,98.19,-0.02,0.17,115.58,305.07,7500,0.74,1.27,9.57,1.00,0.06,-0.04,0.01,4.62,-7.27,0.42,3,8,41,0,35.2901450,136.2530033,56.10, 0.78
90356,-0.11,-0.54,9.51,1.00,-0.03,0.00,0.00,0.57,3.04,0.06,10.61,0.00,0,2,1002.84,35.12,93.24,1002.85,31.52,92.07,0.65,1002.22,33.00,98.21,-0.03,0.24,114.87,305.07,7500,0.79,1.36,9.58,1.00,0.06,-0.04,0.01,4.62,-7.27,0.42,3,8,41,0,35.2901450,136.2530033,56.10, 0.78
90408,-0.15,-0.57,9.49,1.00,-0.03,0.00,0.00,0.57,3.04,0.06,10.61,0.00,0,2,1002.84,35.13,93.24,1002.85,31.52,92.09,0.65,1002.22,33.00,98.16,-0.03,0.24,115.05,305.07,7500,0.79,1.09,9.49,1.00,0.06,-0.04,0.01,4.62,-7.27,0.42,3,8,41,0,35.2901450,136.2530033,56.10, 0.78
90466,-0.12,-0.54,9.54,1.00,-0.03,0.00,0.00,0.57,3.04,0.06,10.60,0.00,0,2,1002.84,35.13,93.22,1002.85,31.51,92.09,0.64,1002.22,33.01,98.17,-0.03,0.24,114.96,305.07,7500,0.81,1.01,9.50,1.00,0.06,-0.04,0.01,4.62,-7.27,0.42,3,8,41,0,35.2901450,136.2530033,56.10, 0.78
90517,-0.09,-0.53,9.56,1.00,-0.03,0.00,0.00,0.57,3.04,0.06,10.59,0.00,0,2,1002.85,35.13,93.20,1002.85,31.52,92.09,0.65,1002.22,33.02,98.13,-0.05,0.29,115.22,305.07,7500,0.76,1.40,9.55,1.00,0.06,-0.04,0.01,4.62,-7.27,0.42,3,8,41,0,35.2901450,136.2530033,56.10, 0.78
90572,-0.11,-0.50,9.51,1.00,-0.03,0.00,0.00,0.57,3.04,0.06,10.59,0.00,0,2,1002.84,35.14,93.25,1002.85,31.52,92.09,0.64,1002.22,33.02,98.18,-0.03,0.24,115.49,305.07,7500,0.77,1.29,9.58,1.00,0.06,-0.04,0.01,4.62,-7.27,0.42,3,8,41,0,35.2901450,136.2530033,56.10, 0.78
90627,-0.06,-0.51,9.57,1.00,-0.03,0.00,0.00,0.57,3.04,0.06,10.59,0.00,0,2,1002.84,35.13,93.22,1002.85,31.51,92.12,0.64,1002.22,33.02,98.18,-0.03,0.24,115.22,305.07,7500,0.74,1.21,9.52,1.00,0.06,-0.04,0.01,4.62,-7.27,0.42,3,8,42,0,35.2901450,136.2530033,56.10, 0.78
90684,-0.09,-0.50,9.52,1.00,-0.03,0.00,0.00,0.57,3.04,0.06,10.60,0.00,0,2,1002.84,35.15,93.26,1002.85,31.53,92.12,0.65,1002.22,33.01,98.17,-0.03,0.24,114.52,305.07,7584,0.71,1.34,9.57,1.00,0.06,-0.04,0.01,4.62,-7.27,0.42,3,8,42,0,35.2901450,136.2530033,56.10, 0.78
90737,0.00,-0.49,9.49,1.00,-0.03,0.00,0.00,0.57,3.04,0.06,10.60,0.00,0,2,1002.84,35.13,93.28,1002.85,31.52,92.09,0.65,1002.22,33.02,98.20,-0.03,0.24,113.64,305.07,7598,0.59,1.16,9.51,1.00,0.06,-0.04,0.01,4.62,-7.27,0.42,3,8,42,0,35.2901450,136.2530033,56.10, 0.78
90795,-0.08,-0.50,9.53,1.00,-0.03,0.00,0.00,0.57,3.04,0.06,10.60,0.00,0,2,1002.84,35.13,93.27,1002.85,31.52,92.11,0.64,1002.22,33.01,98.17,-0.02,0.17,113.91,305.07,7700,0.70,1.44,9.64,1.00,0.06,-0.04,0.01,4.62,-7.27,0.42,3,8,42,0,35.2901450,136.2530033,56.10, 0.78
90848,-0.08,-0.52,9.54,1.00,-0.03,0.00,0.00,0.57,3.04,0.06,10.60,0.00,0,2,1002.84,35.13,93.24,1002.85,31.52,92.09,0.64,1002.22,33.01,98.19,-0.05,0.29,114.96,305.07,7813,0.74,1.60,9.62,1.00,0.06,-0.04,0.01,4.62,-7.27,0.42,3,8,42,0,35.2901450,136.2530033,56.10, 0.78
90904,-0.15,-0.54,9.52,1.00,-0.03,0.00,0.00,0.57,3.04,0.06,10.61,0.00,0,2,1002.84,35.14,93.25,1002.85,31.52,92.12,0.64,1002.22,33.00,98.19,-0.03,0.24,115.58,305.07,7876,0.86,1.38,9.54,1.00,0.06,-0.04,0.01,4.62,-7.27,0.42,3,8,42,0,35.2901450,136.2530033,56.10, 0.78
90957,-0.13,-0.54,9.50,1.00,-0.03,0.00,0.00,0.57,3.04,0.06,10.62,0.00,0,2,1002.84,35.14,93.23,1002.85,31.52,92.14,0.65,1002.21,33.01,98.22,-0.03,0.24,115.84,305.07,7879,0.79,1.06,9.49,1.00,0.06,-0.04,0.01,4.62,-7.27,0.42,3,8,42,0,35.2901450,136.2530033,56.10, 0.78
91014,-0.11,-0.51,9.57,1.00,-0.03,0.00,0.00,0.57,3.04,0.06,10.62,0.00,0,2,1002.84,35.13,93.27,1002.85,31.51,92.11,0.65,1002.21,33.03,98.23,-0.03,0.24,115.75,305.07,7883,0.72,1.37,9.59,1.00,0.06,-0.04,0.01,4.62,-7.27,0.42,3,8,42,0,35.2901450,136.2530033,56.10, 0.78
91067,0.00,-0.43,9.53,1.00,-0.03,0.00,0.00,0.57,3.04,0.06,10.63,0.00,0,2,1002.84,35.15,93.23,1002.85,31.52,92.11,0.65,1002.22,33.02,98.21,-0.03,0.24,115.31,305.07,7884,0.65,1.39,9.62,1.00,0.06,-0.04,0.01,4.62,-7.27,0.41,3,8,42,0,35.2901450,136.2530033,56.10, 0.78
91120,-0.11,-0.53,9.51,1.00,-0.03,0.00,0.00,0.57,3.04,0.06,10.62,0.00,0,2,1002.84,35.13,93.25,1002.85,31.53,92.10,0.63,1002.22,33.02,98.20,-0.03,0.24,115.14,305.07,7898,0.89,1.46,9.60,1.00,0.06,-0.04,0.01,4.62,-7.27,0.39,3,8,42,0,35.2901450,136.2530033,56.10, 0.78
91175,-0.23,-0.57,9.50,1.00,-0.03,0.00,0.00,0.57,3.04,0.06,10.61,0.00,0,2,1002.84,35.14,93.23,1002.85,31.52,92.11,0.64,1002.22,33.00,98.18,-0.03,0.24,115.58,305.07,7900,0.86,1.34,9.51,1.00,0.06,-0.04,0.01,4.62,-7.27,0.39,3,8,42,0,35.2901450,136.2530033,56.10, 0.78
91230,-0.07,-0.56,9.56,1.00,-0.03,0.00,0.00,0.57,3.04,0.06,10.60,0.00,0,2,1002.85,35.14,93.19,1002.85,31.53,92.13,0.64,1002.22,33.00,98.19,-0.03,0.24,115.49,305.07,7904,0.76,1.38,9.60,1.00,0.06,-0.04,0.01,4.62,-7.27,0.39,3,8,42,0,35.2901450,136.2530033,56.10, 0.78
91286,-0.01,-0.49,9.52,1.00,-0.03,0.00,0.00,0.57,3.04,0.06,10.61,0.00,0,2,1002.85,35.14,93.20,1002.85,31.53,92.12,0.64,1002.22,33.00,98.19,-0.03,0.24,115.31,305.07,7904,0.67,1.20,9.54,1.00,0.06,-0.04,0.01,4.62,-7.27,0.39,3,8,42,0,35.2901450,136.2530033,56.10, 0.78
91343,0.13,-0.52,9.48,1.00,-0.03,0.00,0.00,0.57,3.04,0.06,10.59,0.00,0,2,1002.85,35.15,93.19,1002.85,31.53,92.09,0.64,1002.22,33.01,98.18,-0.03,0.24,114.70,305.07,7903,0.60,1.10,9.54,1.00,0.06,-0.04,0.01,4.59,-7.26,0.39,3,8,42,0,35.2901450,136.2530033,56.10, 0.78
91397,-0.57,-0.55,9.33,1.00,-0.03,0.00,0.00,0.57,3.04,0.06,10.60,0.00,0,2,1002.84,35.13,93.25,1002.85,31.53,92.10,0.64,1002.22,33.01,98.18,-0.03,0.24,113.38,305.07,7905,0.99,1.68,9.46,1.00,0.06,-0.04,0.01,4.59,-7.26,0.37,3,8,42,0,35.2901450,136.2530033,56.10, 0.78
91454,-0.29,-0.52,9.56,1.00,-0.03,0.00,0.00,0.57,3.04,0.06,10.59,0.00,0,2,1002.85,35.14,93.20,1002.85,31.54,92.11,0.64,1002.22,33.00,98.19,-0.05,0.29,112.15,304.98,7903,1.33,2.09,9.72,1.00,0.06,-0.04,0.01,4.59,-7.29,0.35,3,8,42,0,35.2901450,136.2530033,56.10, 0.78
91506,-0.07,-0.40,9.46,1.00,-0.03,0.00,0.00,0.57,3.04,0.06,10.59,0.00,0,2,1002.85,35.16,93.22,1002.85,31.52,92.13,0.64,1002.21,33.01,98.22,-0.03,0.24,112.06,304.98,7904,0.92,1.85,9.81,1.00,0.06,-0.04,0.01,4.59,-7.28,0.35,3,8,42,0,35.2901450,136.2530033,56.10, 0.78
91563,-0.05,-0.47,9.52,1.00,-0.03,0.00,0.00,0.57,3.04,0.06,10.60,0.00,0,2,1002.85,35.15,93.15,1002.84,31.53,92.12,0.64,1002.22,33.01,98.17,-0.03,0.24,112.68,304.98,7905,0.91,1.14,9.49,1.00,0.06,-0.04,0.01,4.59,-7.27,0.37,3,8,42,0,35.2901450,136.2530033,56.10, 0.78
91616,0.13,-0.56,9.08,1.00,-0.03,0.00,0.00,0.56,3.03,0.06,10.60,0.00,0,2,1002.85,35.16,93.17,1002.85,31.52,92.12,0.64,1002.22,33.00,98.16,-0.03,0.24,112.24,304.98,7904,0.01,2.20,9.65,1.00,0.06,-0.04,0.01,4.59,-7.28,0.37,3,8,43,0,35.2901450,136.2530033,56.10, 0.78
91675,-0.19,-0.64,8.93,1.00,-0.03,0.01,0.00,0.58,3.05,0.06,10.60,0.00,0,2,1002.85,35.15,93.20,1002.85,31.54,92.10,0.64,1002.22,33.02,98.15,-0.03,0.24,112.06,304.98,7904,1.43,2.99,9.95,1.00,0.06,-0.04,0.01,4.59,-7.30,0.37,3,8,43,0,35.2901450,136.2530033,56.10, 0.78
91727,-0.08,-0.44,9.56,1.00,-0.03,0.01,0.00,0.59,3.04,0.06,10.60,0.00,0,2,1002.84,35.14,93.22,1002.85,31.52,92.12,0.64,1002.22,32.99,98.18,-0.03,0.24,112.41,305.07,7904,0.95,2.49,9.86,1.00,0.06,-0.04,0.01,4.58,-7.29,0.37,3,8,43,0,35.2901450,136.2530033,56.10, 0.78
91784,-0.09,-0.48,9.55,1.00,-0.03,0.01,0.00,0.60,3.04,0.06,10.58,0.00,0,2,1002.85,35.14,93.21,1002.85,31.53,92.06,0.64,1002.22,33.01,98.15,-0.03,0.24,112.68,305.07,7904,1.43,0.67,9.20,1.00,0.06,-0.04,0.01,4.57,-7.26,0.35,3,8,43,0,35.2901450,136.2530033,56.10, 0.78
91836,-0.11,-0.55,9.55,1.00,-0.03,0.01,0.00,0.60,3.04,0.06,10.59,0.00,0,2,1002.84,35.13,93.23,1002.85,31.53,92.09,0.64,1002.22,33.02,98.18,-0.05,0.29,113.20,305.07,7904,0.50,1.72,9.74,1.00,0.06,-0.04,0.01,4.58,-7.26,0.38,3,8,43,0,35.2901450,136.2530033,56.10, 0.78
91893,-0.12,-0.52,9.59,1.00,-0.03,0.01,0.00,0.60,3.04,0.06,10.59,0.00,0,2,1002.85,35.16,93.17,1002.85,31.53,92.12,0.64,1002.22,33.02,98.18,-0.02,0.17,113.82,305.07,7904,0.42,1.93,9.80,1.00,0.06,-0.04,0.01,4.58,-7.28,0.37,3,8,43,0,35.2901450,136.2530033,56.10, 0.78
91945,-0.07,-0.53,9.56,1.00,-0.03,0.01,0.00,0.60,3.04,0.06,10.60,0.00,0,2,1002.85,35.16,93.18,1002.85,31.53,92.09,0.64,1002.22,33.02,98.20,-0.03,0.24,113.99,305.07,7904,0.48,1.21,9.54,1.00,0.06,-0.04,0.01,4.58,-7.26,0.38,3,8,43,0,35.2901450,136.2530033,56.10, 0.78
92002,-0.06,-0.57,9.51,1.00,-0.03,0.01,0.00,0.60,3.04,0.06,10.61,0.00,0,2,1002.85,35.16,93.21,1002.84,31.54,92.09,0.64,1002.22,33.02,98.20,-0.03,0.24,114.08,305.07,7904,1.03,0.95,9.45,1.00,0.06,-0.04,0.01,4.58,-7.25,0.36,3,8,43,0,35.2901450,136.2530033,56.10, 0.78
92055,-0.12,-0.52,9.56,1.00,-0.03,0.01,0.00,0.60,3.04,0.06,10.60,0.00,0,2,1002.85,35.15,93.18,1002.84,31.53,92.14,0.64,1002.23,33.03,98.12,-0.03,0.24,114.17,305.07,7904,0.77,1.93,9.75,1.00,0.06,-0.04,0.01,4.58,-7.26,0.38,3,8,43,0,35.2901450,136.2530033,56.10, 0.78
92113,-0.08,-0.48,9.48,1.00,-0.03,0.01,0.00,0.60,3.04,0.07,10.59,0.00,0,2,1002.84,35.14,93.22,1002.85,31.53,92.10,0.64,1002.22,33.02,98.16,-0.03,0.24,113.82,305.07,7904,0.94,1.75,9.63,1.00,0.06,-0.04,0.01,4.58,-7.26,0.39,3,8,43,0,35.2901450,136.2530033,56.10, 0.78
92166,-0.24,-0.58,9.52,1.00,-0.03,0.01,0.00,0.60,3.04,0.10,10.61,0.00,0,2,1002.84,35.16,93.25,1002.84,31.53,92.14,0.64,1002.22,33.02,98.18,-0.05,0.29,113.82,304.98,7904,0.80,1.73,9.66,1.00,0.06,-0.04,0.01,4.58,-7.27,0.41,3,8,43,0,35.2901450,136.2530033,56.10, 0.78
92217,-0.03,-0.51,9.49,1.00,-0.03,0.01,0.00,0.60,3.04,0.12,10.62,0.00,0,2,1002.84,35.15,93.25,1002.84,31.52,92.12,0.65,1002.21,33.01,98.25,-0.03,0.24,114.08,304.98,7904,0.32,0.63,9.37,1.00,0.06,-0.04,0.01,4.59,-7.25,0.45,3,8,43,0,35.2901450,136.2530033,56.10, 0.78
92274,-0.04,-0.53,9.61,1.00,-0.03,0.01,0.00,0.60,3.04,0.12,10.63,0.00,0,2,1002.85,35.16,93.22,1002.84,31.53,92.14,0.65,1002.22,33.03,98.19,-0.03,0.24,114.70,304.98,7904,0.74,1.10,9.51,1.00,0.06,-0.04,0.01,4.59,-7.25,0.47,3,8,43,0,35.2901450,136.2530033,56.10, 0.78
92332,-0.04,-0.57,9.58,1.00,-0.03,0.01,0.00,0.60,3.04,0.12,10.62,0.00,0,2,1002.84,35.13,93.27,1002.85,31.53,92.12,0.65,1002.22,33.02,98.20,-0.03,0.24,116.37,305.07,7904,0.94,1.58,9.63,1.00,0.06,-0.04,0.01,4.59,-7.27,0.47,3,8,43,0,35.2901450,136.2530033,56.10, 0.78
92386,-0.20,-0.54,9.49,1.00,-0.03,0.01,0.00,0.60,3.04,0.12,10.61,0.00,0,2,1002.84,35.15,93.26,1002.85,31.54,92.12,0.64,1002.22,33.03,98.19,-0.02,0.17,118.21,304.98,7904,1.13,1.54,9.58,1.00,0.06,-0.04,0.01,4.59,-7.27,0.46,3,8,43,0,35.2901450,136.2530033,56.10, 0.78
92436,-0.16,-0.60,9.51,1.00,-0.03,0.01,0.00,0.60,3.04,0.12,10.61,0.00,0,2,1002.84,35.14,93.23,1002.84,31.53,92.13,0.65,1002.21,33.01,98.22,-0.05,0.29,120.15,304.98,7904,0.60,1.31,9.53,1.00,0.06,-0.04,0.01,4.59,-7.25,0.48,3,8,43,0,35.2901450,136.2530033,56.10, 0.78
92493,-0.14,-0.54,9.58,1.00,-0.03,0.01,0.00,0.60,3.04,0.12,10.61,0.00,0,2,1002.85,35.15,93.22,1002.85,31.54,92.14,0.65,1002.22,33.02,98.18,-0.03,0.24,119.53,304.98,7905,0.62,1.51,9.76,1.00,0.06,-0.04,0.01,4.60,-7.27,0.49,3,8,43,0,35.2901450,136.2530033,56.10, 0.78
92552,-0.13,-0.47,9.40,1.00,-0.03,0.01,0.00,0.60,3.04,0.12,10.61,0.00,0,2,1002.84,35.15,93.23,1002.84,31.53,92.13,0.63,1002.22,33.01,98.22,-0.03,0.24,118.92,304.98,7904,0.53,1.06,9.41,1.00,0.06,-0.04,0.01,4.60,-7.26,0.51,3,8,43,0,35.2901450,136.2530033,56.10, 0.78
92605,0.00,-0.45,9.63,1.00,-0.03,0.01,0.00,0.60,3.04,0.12,10.62,0.00,0,2,1002.84,35.14,93.23,1002.85,31.54,92.12,0.65,1002.21,33.02,98.25,-0.03,0.24,119.36,304.98,7905,0.60,1.17,9.52,1.00,0.06,-0.04,0.01,4.60,-7.25,0.52,3,8,43,0,35.2901450,136.2530033,56.10, 0.78
92663,-0.09,-0.49,9.47,1.00,-0.03,0.01,0.00,0.60,3.04,0.12,10.62,0.00,0,2,1002.85,35.15,93.22,1002.84,31.55,92.14,0.65,1002.21,33.01,98.24,-0.03,0.24,118.74,304.98,7904,0.62,1.74,9.69,1.00,0.06,-0.04,0.01,4.60,-7.26,0.51,3,8,44,0,35.2901500,136.2529767,64.80, 0.78
92714,-0.09,-0.56,9.58,1.00,-0.03,0.01,0.00,0.60,3.04,0.12,10.61,0.00,0,2,1002.84,35.15,93.25,1002.85,31.54,92.09,0.66,1002.21,33.01,98.25,-0.02,0.17,116.46,305.07,7904,0.91,0.91,9.40,1.00,0.06,-0.04,0.01,4.60,-7.24,0.52,3,8,44,0,35.2901500,136.2529767,64.80, 0.78
92769,-0.10,-0.56,9.57,1.00,-0.03,0.01,0.00,0.60,3.04,0.12,10.61,0.00,0,2,1002.84,35.15,93.22,1002.85,31.54,92.11,0.63,1002.22,33.01,98.20,-0.03,0.24,114.17,305.07,7904,0.91,1.24,9.59,1.00,0.06,-0.04,0.01,4.60,-7.24,0.52,3,8,44,0,35.2901500,136.2529767,64.80, 0.78
92824,-0.03,-0.55,9.56,1.00,-0.03,0.01,0.00,0.60,3.04,0.12,10.61,0.00,0,2,1002.85,35.15,93.20,1002.85,31.53,92.10,0.65,1002.22,33.02,98.22,-0.03,0.24,112.59,305.07,7904,0.74,1.24,9.54,1.00,0.06,-0.04,0.01,4.59,-7.24,0.52,3,8,44,0,35.2901500,136.2529767,64.80, 0.78
92882,-0.11,-0.50,9.53,1.00,-0.03,0.01,0.00,0.60,3.04,0.12,10.61,0.00,0,2,1002.84,35.14,93.24,1002.85,31.54,92.12,0.65,1002.21,33.01,98.23,-0.03,0.24,110.48,305.07,7904,0.80,1.09,9.51,1.00,0.06,-0.04,0.01,4.59,-7.24,0.53,3,8,44,0,35.2901500,136.2529767,64.80, 0.78
92933,-0.08,-0.55,9.55,1.00,-0.03,0.01,0.00,0.60,3.04,0.12,10.61,0.00,0,2,1002.84,35.15,93.22,1002.85,31.54,92.12,0.65,1002.21,33.03,98.24,-0.02,0.17,108.81,305.07,7904,0.64,1.37,9.62,1.00,0.06,-0.04,0.01,4.59,-7.24,0.53,3,8,44,0,35.2901500,136.2529767,64.80, 0.78
92991,-0.11,-0.48,9.53,1.00,-0.03,0.01,0.00,0.60,3.04,0.12,10.62,0.00,0,2,1002.84,35.15,93.24,1002.85,31.56,92.07,0.65,1002.22,33.03,98.17,-0.03,0.24,108.02,305.07,7904,0.86,1.08,9.48,1.00,0.06,-0.04,0.01,4.59,-7.24,0.53,3,8,44,0,35.2901500,136.2529767,64.80, 0.78
93044,-0.09,-0.53,9.53,1.00,-0.03,0.01,0.00,0.60,3.04,0.12,10.62,0.00,0,2,1002.84,35.14,93.27,1002.85,31.55,92.10,0.65,1002.21,33.03,98.24,-0.03,0.24,107.40,305.07,7904,0.91,1.03,9.43,1.00,0.06,-0.04,0.01,4.59,-7.24,0.53,3,8,44,0,35.2901500,136.2529767,64.80, 0.78
93102,-0.10,-0.55,9.46,1.00,-0.03,0.01,0.00,0.60,3.04,0.12,10.63,0.00,0,2,1002.84,35.14,93.28,1002.84,31.54,92.13,0.65,1002.21,33.03,98.31,-0.03,0.24,107.31,305.16,7905,0.88,1.15,9.54,1.00,0.06,-0.04,0.01,4.59,-7.24,0.53,3,8,44,0,35.2901500,136.2529767,64.80, 0.78
93154,-0.09,-0.54,9.52,1.00,-0.03,0.01,0.00,0.60,3.04,0.12,10.64,0.00,0,2,1002.84,35.13,93.23,1002.84,31.54,92.15,0.65,1002.22,33.05,98.23,-0.03,0.24,106.88,305.16,7905,0.61,1.32,9.56,1.00,0.06,-0.04,0.01,4.59,-7.24,0.53,3,8,44,0,35.2901500,136.2529767,64.80, 0.78
93212,-0.05,-0.51,9.57,1.00,-0.03,0.01,0.00,0.60,3.04,0.12,10.63,0.00,0,2,1002.84,35.15,93.23,1002.85,31.54,92.11,0.65,1002.21,33.03,98.29,-0.02,0.17,106.44,304.98,7904,0.64,1.35,9.61,1.00,0.06,-0.04,0.01,4.59,-7.24,0.53,3,8,44,0,35.2901500,136.2529767,64.80, 0.78
93265,-0.13,-0.53,9.52,1.00,-0.03,0.01,0.00,0.60,3.04,0.12,10.60,0.00,0,2,1002.84,35.14,93.24,1002.84,31.53,92.13,0.65,1002.21,33.03,98.24,-0.03,0.24,106.44,305.16,7904,0.81,1.05,9.47,1.00,0.06,-0.04,0.01,4.57,-7.24,0.52,3,8,44,0,35.2901500,136.2529767,64.80, 0.49
93322,-0.12,-0.52,9.58,1.00,-0.03,0.01,0.00,0.60,3.04,0.12,10.61,0.00,0,2,1002.84,35.15,93.27,1002.84,31.53,92.13,0.65,1002.21,33.02,98.25,-0.03,0.24,106.44,305.16,7904,0.71,1.47,9.67,1.00,0.06,-0.04,0.01,4.57,-7.25,0.52,3,8,44,0,35.2901500,136.2529767,64.80, 0.49
93373,-0.13,-0.59,9.49,1.00,-0.03,0.01,0.00,0.60,3.04,0.12,10.61,0.00,0,2,1002.84,35.15,93.25,1002.85,31.53,92.10,0.65,1002.21,33.03,98.28,-0.05,0.29,106.08,305.16,7904,0.71,1.53,9.53,1.00,0.06,-0.04,0.01,4.57,-7.25,0.52,3,8,44,0,35.2901500,136.2529767,64.80, 0.49
93431,-0.07,-0.50,9.62,1.00,-0.03,0.01,0.00,0.60,3.04,0.12,10.62,0.00,0,2,1002.84,35.14,93.26,1002.85,31.54,92.11,0.65,1002.21,33.03,98.29,-0.02,0.17,105.64,305.16,7904,0.72,1.42,9.62,1.00,0.06,-0.04,0.01,4.57,-7.26,0.52,3,8,44,0,35.2901500,136.2529767,64.80, 0.49
93482,-0.09,-0.48,9.49,1.00,-0.03,0.01,0.00,0.60,3.04,0.12,10.63,0.00,0,2,1002.84,35.15,93.28,1002.85,31.54,92.13,0.65,1002.21,33.03,98.31,-0.03,0.24,105.82,305.16,7905,0.62,1.31,9.60,1.00,0.06,-0.04,0.01,4.57,-7.26,0.52,3,8,44,0,35.2901500,136.2529767,64.80, 0.49
93535,-0.13,-0.51,9.57,1.00,-0.03,0.01,0.00,0.60,3.04,0.12,10.62,0.00,0,2,1002.84,35.15,93.25,1002.85,31.55,92.12,0.65,1002.21,33.04,98.24,-0.03,0.24,106.79,305.16,7905,0.91,1.18,9.53,1.00,0.06,-0.04,0.01,4.57,-7.26,0.52,3,8,44,0,35.2901500,136.2529767,64.80, 0.49
93593,-0.11,-0.54,9.51,1.00,-0.03,0.01,0.00,0.60,3.04,0.12,10.64,0.00,0,2,1002.84,35.14,93.29,1002.85,31.54,92.11,0.65,1002.21,33.03,98.26,-0.02,0.17,106.44,305.16,7974,0.78,1.28,9.55,1.00,0.06,-0.04,0.01,4.57,-7.26,0.52,3,8,44,0,35.2901500,136.2529767,64.80, 0.49
93650,-0.07,-0.56,9.55,1.00,-0.03,0.01,0.00,0.60,3.04,0.12,10.63,0.00,0,2,1002.84,35.15,93.27,1002.85,31.54,92.12,0.65,1002.21,33.04,98.25,-0.03,0.24,106.70,305.07,8041,0.71,1.46,9.60,1.00,0.06,-0.04,0.01,4.56,-7.26,0.52,3,8,44,0,35.2901500,136.2529767,64.80, 0.49
93703,-0.08,-0.52,9.52,1.00,-0.03,0.01,0.00,0.60,3.04,0.12,10.64,0.00,0,2,1002.84,35.15,93.30,1002.85,31.54,92.11,0.64,1002.21,33.02,98.30,-0.03,0.24,106.96,305.07,8100,0.75,1.33,9.55,1.00,0.06,-0.04,0.01,4.56,-7.27,0.52,3,8,45,0,35.2901517,136.2529717,66.60, 0.49
93761,-0.08,-0.56,9.55,1.00,-0.03,0.01,0.00,0.60,3.04,0.12,10.63,0.00,0,2,1002.84,35.15,93.28,1002.84,31.54,92.14,0.65,1002.21,33.02,98.26,-0.03,0.24,106.79,305.07,8172,0.78,1.20,9.54,1.00,0.06,-0.04,0.01,4.57,-7.27,0.52,3,8,45,0,35.2901517,136.2529717,66.60, 0.49
93813,-0.06,-0.49,9.58,1.00,-0.03,0.01,0.00,0.60,3.04,0.12,10.63,0.00,0,2,1002.84,35.16,93.23,1002.84,31.52,92.18,0.65,1002.21,33.03,98.26,-0.03,0.24,105.82,305.07,8264,0.81,1.21,9.53,1.00,0.06,-0.04,0.01,4.56,-7.27,0.52,3,8,45,0,35.2901517,136.2529717,66.60, 0.49
93871,-0.14,-0.50,9.56,1.00,-0.03,0.01,0.00,0.60,3.04,0.12,10.62,0.00,0,2,1002.84,35.15,93.28,1002.84,31.53,92.20,0.65,1002.21,33.03,98.28,-0.03,0.24,105.29,305.07,8349,0.78,1.22,9.56,1.00,0.06,-0.04,0.01,4.56,-7.26,0.52,3,8,45,0,35.2901517,136.2529717,66.60, 0.49
93923,-0.04,-0.49,9.60,1.00,-0.03,0.01,0.00,0.60,3.04,0.12,10.63,0.00,0,2,1002.84,35.15,93.28,1002.84,31.55,92.19,0.65,1002.21,33.02,98.28,-0.03,0.24,105.82,305.07,8349,0.77,1.37,9.56,1.00,0.06,-0.04,0.01,4.57,-7.27,0.52,3,8,45,0,35.2901517,136.2529717,66.60, 0.49
93981,-0.10,-0.59,9.54,1.00,-0.03,0.01,0.00,0.60,3.04,0.12,10.64,0.00,0,2,1002.83,35.14,93.31,1002.84,31.54,92.15,0.65,1002.21,33.04,98.24,-0.02,0.17,106.35,305.07,8349,0.58,1.24,9.52,1.00,0.06,-0.04,0.01,4.56,-7.28,0.52,3,8,45,0,35.2901517,136.2529717,66.60, 0.49
94032,-0.07,-0.54,9.54,1.00,-0.03,0.01,0.00,0.60,3.04,0.12,10.63,0.00,0,2,1002.84,35.16,93.25,1002.84,31.54,92.17,0.65,1002.21,33.03,98.26,-0.03,0.24,106.52,305.07,8350,0.53,1.07,9.49,1.00,0.06,-0.04,0.01,4.55,-7.27,0.52,3,8,45,0,35.2901517,136.2529717,66.60, 0.49
94091,-0.08,-0.51,9.54,1.00,-0.03,0.01,0.00,0.60,3.04,0.12,10.61,0.00,0,2,1002.84,35.16,93.25,1002.84,31.53,92.15,0.65,1002.21,33.04,98.24,-0.02,0.17,106.44,305.07,8350,0.74,0.95,9.49,1.00,0.06,-0.04,0.01,4.55,-7.27,0.50,3,8,45,0,35.2901517,136.2529717,66.60, 0.49
94143,-0.14,-0.50,9.59,1.00,-0.03,0.01,0.00,0.60,3.04,0.12,10.60,0.00,0,2,1002.84,35.14,93.22,1002.84,31.56,92.15,0.65,1002.21,33.02,98.30,-0.02,0.17,106.44,305.07,8350,0.77,1.25,9.55,1.00,0.06,-0.04,0.01,4.55,-7.27,0.51,3,8,45,0,35.2901517,136.2529717,66.60, 0.49
94201,-0.08,-0.55,9.47,1.00,-0.03,0.01,0.00,0.60,3.04,0.12,10.62,0.00,0,2,1002.84,35.15,93.26,1002.84,31.55,92.13,0.65,1002.21,33.03,98.26,-0.03,0.24,106.44,305.07,8349,0.81,1.16,9.52,1.00,0.06,-0.04,0.01,4.55,-7.27,0.51,3,8,45,0,35.2901517,136.2529717,66.60, 0.49
94252,-0.04,-0.51,9.48,1.00,-0.03,0.01,0.00,0.60,3.04,0.12,10.61,0.00,0,2,1002.84,35.16,93.26,1002.85,31.55,92.16,0.64,1002.21,33.03,98.28,-0.05,0.29,106.44,305.07,8350,0.67,1.04,9.50,1.00,0.06,-0.04,0.01,4.55,-7.27,0.51,3,8,45,0,35.2901517,136.2529717,66.60, 0.45
94310,-0.07,-0.53,9.57,1.00,-0.03,0.01,0.00,0.60,3.04,0.12,10.61,0.00,0,2,1002.84,35.16,93.23,1002.85,31.54,92.14,0.64,1002.21,33.02,98.27,-0.03,0.24,106.52,305.07,8349,0.81,1.21,9.50,1.00,0.06,-0.04,0.01,4.55,-7.27,0.51,3,8,45,0,35.2901517,136.2529717,66.60, 0.45
94362,-0.13,-0.53,9.53,1.00,-0.03,0.01,0.00,0.60,3.04,0.12,10.61,0.00,0,2,1002.83,35.14,93.33,1002.85,31.56,92.12,0.65,1002.21,33.03,98.28,-0.03,0.24,106.70,305.07,8350,0.74,1.14,9.50,1.00,0.06,-0.04,0.01,4.55,-7.27,0.51,3,8,45,0,35.2901517,136.2529717,66.60, 0.45
94417,-0.06,-0.54,9.52,1.00,-0.03,0.01,0.00,0.60,3.04,0.12,10.60,0.00,0,2,1002.84,35.15,93.25,1002.84,31.54,92.14,0.64,1002.21,33.02,98.29,-0.03,0.24,106.52,305.07,8350,0.71,1.24,9.53,1.00,0.06,-0.04,0.01,4.55,-7.27,0.51,3,8,45,0,35.2901517,136.2529717,66.60, 0.45
94471,-0.12,-0.55,9.56,1.00,-0.03,0.01,0.00,0.60,3.04,0.12,10.61,0.00,0,2,1002.84,35.16,93.31,1002.84,31.54,92.14,0.64,1002.22,33.03,98.19,-0.05,0.29,106.79,305.07,8350,0.79,1.32,9.57,1.00,0.06,-0.04,0.01,4.55,-7.27,0.51,3,8,45,0,35.2901517,136.2529717,66.60, 0.45
94527,-0.11,-0.51,9.52,1.00,-0.03,0.01,0.00,0.60,3.04,0.12,10.60,0.00,0,2,1002.84,35.15,93.27,1002.85,31.54,92.15,0.64,1002.21,33.04,98.27,-0.03,0.24,107.05,305.07,8349,0.76,1.15,9.51,1.00,0.06,-0.04,0.01,4.55,-7.27,0.51,3,8,45,0,35.2901517,136.2529717,66.60, 0.45
94582,-0.15,-0.48,9.55,1.00,-0.03,0.01,0.00,0.60,3.04,0.12,10.59,0.00,0,2,1002.84,35.15,93.28,1002.84,31.54,92.13,0.65,1002.21,33.04,98.24,-0.05,0.29,107.05,305.07,8350,0.75,1.24,9.51,1.00,0.06,-0.04,0.01,4.55,-7.27,0.51,3,8,45,0,35.2901517,136.2529717,66.60, 0.45
94640,-0.07,-0.56,9.54,1.00,-0.03,0.01,0.00,0.60,3.04,0.12,10.59,0.00,0,2,1002.84,35.14,93.30,1002.84,31.53,92.13,0.64,1002.22,33.05,98.21,-0.03,0.24,107.23,305.07,8350,0.77,1.32,9.51,1.00,0.06,-0.04,0.01,4.55,-7.27,0.51,3,8,45,0,35.2901517,136.2529717,66.60, 0.45
94691,-0.14,-0.53,9.52,1.00,-0.03,0.01,0.00,0.60,3.04,0.12,10.60,0.00,0,2,1002.84,35.15,93.24,1002.84,31.53,92.13,0.65,1002.22,33.04,98.22,-0.03,0.24,106.52,305.07,8349,0.80,1.28,9.53,1.00,0.06,-0.04,0.01,4.55,-7.27,0.51,3,8,45,0,35.2901517,136.2529717,66.60, 0.45
94748,-0.06,-0.50,9.52,1.00,-0.03,0.01,0.00,0.60,3.04,0.12,10.60,0.00,0,2,1002.84,35.15,93.27,1002.85,31.56,92.12,0.64,1002.21,33.04,98.25,-0.05,0.29,106.52,305.07,8350,0.79,1.24,9.58,1.00,0.06,-0.04,0.01,4.55,-7.27,0.51,3,8,45,0,35.2901517,136.2529717,66.60, 0.45
94801,-0.07,-0.49,9.54,1.00,-0.03,0.01,0.00,0.60,3.04,0.12,10.59,0.00,0,2,1002.84,35.14,93.26,1002.84,31.54,92.15,0.65,1002.21,33.04,98.27,-0.03,0.24,106.52,305.07,8350,0.71,1.19,9.52,1.00,0.06,-0.04,0.01,4.55,-7.27,0.51,3,8,45,0,35.2901517,136.2529717,66.60, 0.45
94858,-0.08,-0.56,9.53,1.00,-0.03,0.01,0.00,0.60,3.04,0.12,10.60,0.00,0,2,1002.84,35.15,93.28,1002.84,31.55,92.15,0.65,1002.21,33.04,98.23,-0.03,0.24,106.52,305.07,8350,0.76,1.27,9.54,1.00,0.06,-0.04,0.01,4.55,-7.27,0.51,3,8,45,0,35.2901517,136.2529717,66.60, 0.45
94912,-0.10,-0.49,9.53,1.00,-0.03,0.01,0.00,0.60,3.04,0.12,10.60,0.00,0,2,1002.84,35.14,93.22,1002.85,31.53,92.12,0.65,1002.21,33.02,98.23,-0.03,0.24,107.84,305.07,8350,0.74,1.13,9.53,1.00,0.06,-0.04,0.01,4.55,-7.27,0.51,3,8,45,0,35.2901517,136.2529717,66.60, 0.45
94964,-0.09,-0.52,9.50,1.00,-0.03,0.01,0.00,0.60,3.04,0.12,10.58,0.00,0,2,1002.84,35.14,93.26,1002.84,31.54,92.14,0.64,1002.21,33.01,98.26,-0.03,0.24,109.34,305.07,8350,0.72,1.27,9.55,1.00,0.06,-0.04,0.01,4.55,-7.27,0.51,3,8,45,0,35.2901517,136.2529717,66.60, 0.45
95020,-0.11,-0.54,9.51,1.00,-0.03,0.01,0.00,0.60,3.04,0.12,10.59,0.00,0,2,1002.84,35.14,93.28,1002.84,31.55,92.13,0.64,1002.21,33.03,98.24,-0.03,0.24,110.04,305.07,8350,0.82,1.21,9.54,1.00,0.06,-0.04,0.01,4.55,-7.27,0.51,3,8,45,0,35.2901517,136.2529717,66.60, 0.45
95075,-0.08,-0.55,9.54,1.00,-0.03,0.01,0.00,0.60,3.04,0.12,10.59,0.00,0,2,1002.84,35.14,93.26,1002.84,31.54,92.14,0.65,1002.21,33.03,98.24,-0.05,0.29,110.39,305.07,8351,0.73,1.17,9.54,1.00,0.06,-0.04,0.01,4.55,-7.27,0.51,3,8,45,0,35.2901517,136.2529717,66.60, 0.45
95131,-0.09,-0.55,9.53,1.00,-0.03,0.01,0.00,0.60,3.04,0.12,10.59,0.00,0,2,1002.84,35.15,93.25,1002.84,31.53,92.14,0.64,1002.21,33.05,98.23,-0.02,0.17,110.48,304.98,8351,0.71,1.19,9.49,1.00,0.06,-0.04,0.01,4.55,-7.27,0.51,3,8,45,0,35.2901517,136.2529717,66.60, 0.45
95188,-0.10,-0.51,9.52,1.00,-0.03,0.01,0.00,0.60,3.04,0.12,10.59,0.00,0,2,1002.84,35.14,93.28,1002.84,31.53,92.14,0.65,1002.21,33.03,98.24,-0.03,0.24,110.57,304.98,8350,0.78,1.23,9.54,1.00,0.06,-0.04,0.01,4.55,-7.27,0.51,3,8,45,0,35.2901517,136.2529717,66.60, 0.45
95240,-0.08,-0.53,9.53,1.00,-0.03,0.01,0.00,0.60,3.04,0.12,10.59,0.00,0,2,1002.84,35.14,93.29,1002.84,31.52,92.16,0.64,1002.21,33.03,98.28,-0.03,0.24,110.74,304.98,8349,0.79,1.14,9.50,1.00,0.06,-0.04,0.01,4.55,-7.27,0.51,3,8,46,0,35.2901583,136.2529717,66.60, 0.50
95294,-0.11,-0.48,9.54,1.00,-0.03,0.01,0.00,0.60,3.04,0.12,10.60,0.00,0,2,1002.84,35.14,93.24,1002.84,31.54,92.13,0.64,1002.21,33.03,98.26,-0.03,0.24,110.48,304.98,8350,0.86,1.09,9.51,1.00,0.06,-0.04,0.01,4.55,-7.27,0.51,3,8,46,0,35.2901583,136.2529717,66.60, 0.50
95350,-0.06,-0.51,9.55,1.00,-0.03,0.01,0.00,0.60,3.04,0.12,10.60,0.00,0,2,1002.84,35.15,93.25,1002.84,31.54,92.13,0.64,1002.21,33.02,98.28,-0.05,0.29,110.48,304.98,8351,0.78,1.09,9.54,1.00,0.06,-0.04,0.01,4.55,-7.27,0.51,3,8,46,0,35.2901583,136.2529717,66.60, 0.50
95409,-0.09,-0.55,9.55,1.00,-0.03,0.01,0.00,0.60,3.04,0.12,10.60,0.00,0,2,1002.84,35.15,93.27,1002.85,31.55,92.10,0.65,1002.21,33.03,98.27,-0.02,0.17,110.74,304.98,8349,0.72,1.08,9.50,1.00,0.06,-0.04,0.01,4.55,-7.27,0.51,3,8,46,0,35.2901583,136.2529717,66.60, 0.50
95460,-0.11,-0.52,9.55,1.00,-0.03,0.01,0.00,0.60,3.04,0.12,10.60,0.00,0,2,1002.84,35.14,93.27,1002.85,31.55,92.09,0.65,1002.21,33.03,98.28,-0.02,0.17,111.01,304.89,8349,0.77,1.30,9.54,1.00,0.06,-0.04,0.01,4.55,-7.27,0.51,3,8,46,0,35.2901583,136.2529717,66.60, 0.50
95512,-0.08,-0.51,9.54,1.00,-0.03,0.01,0.00,0.60,3.04,0.12,10.59,0.00,0,2,1002.84,35.15,93.24,1002.85,31.54,92.11,0.65,1002.21,33.02,98.26,-0.03,0.24,111.18,304.89,8351,0.76,1.15,9.55,1.00,0.06,-0.04,0.01,4.55,-7.27,0.51,3,8,46,0,35.2901583,136.2529717,66.60, 0.50
95569,-0.06,-0.56,9.52,1.00,-0.03,0.01,0.00,0.60,3.04,0.12,10.59,0.00,0,2,1002.84,35.15,93.25,1002.85,31.55,92.14,0.65,1002.20,33.03,98.31,-0.03,0.24,110.92,304.89,8350,0.74,1.20,9.50,1.00,0.06,-0.04,0.01,4.55,-7.27,0.51,3,8,46,0,35.2901583,136.2529717,66.60, 0.50
95627,-0.09,-0.56,9.52,1.00,-0.03,0.01,0.00,0.60,3.04,0.12,10.58,0.00,0,2,1002.84,35.16,93.25,1002.85,31.54,92.09,0.65,1002.20,33.03,98.33,-0.03,0.24,111.01,304.89,8350,0.79,1.06,9.47,1.00,0.06,-0.04,0.01,4.55,-7.27,0.51,3,8,46,0,35.2901583,136.2529717,66.60, 0.50
95681,-0.10,-0.50,9.52,1.00,-0.03,0.01,0.00,0.60,3.04,0.12,10.60,0.00,0,2,1002.84,35.13,93.28,1002.84,31.53,92.13,0.65,1002.21,33.03,98.27,-0.02,0.17,111.18,304.89,8350,0.82,1.36,9.58,1.00,0.06,-0.04,0.01,4.55,-7.27,0.51,3,8,47,0,35.2901567,136.2529717,68.40, 0.50
95738,-0.07,-0.53,9.51,1.00,-0.03,0.01,0.00,0.60,3.04,0.12,10.61,0.00,0,2,1002.84,35.15,93.29,1002.85,31.55,92.11,0.65,1002.21,33.03,98.29,-0.03,0.24,110.92,304.89,8350,0.69,1.37,9.56,1.00,0.06,-0.04,0.01,4.55,-7.27,0.51,3,8,47,0,35.2901567,136.2529717,68.40, 0.50
95790,-0.08,-0.52,9.51,1.00,-0.03,0.01,0.00,0.60,3.04,0.12,10.61,0.00,0,2,1002.84,35.14,93.28,1002.84,31.54,92.13,0.65,1002.21,33.03,98.28,-0.05,0.29,110.65,304.89,8350,0.73,1.13,9.51,1.00,0.06,-0.04,0.01,4.55,-7.27,0.51,3,8,47,0,35.2901567,136.2529717,68.40, 0.50
95847,-0.06,-0.51,9.54,1.00,-0.03,0.01,0.00,0.60,3.04,0.12,10.61,0.00,0,2,1002.84,35.14,93.29,1002.85,31.56,92.16,0.65,1002.21,33.04,98.30,-0.03,0.24,110.74,304.89,8350,0.74,1.16,9.51,1.00,0.06,-0.04,0.01,4.55,-7.27,0.51,3,8,47,0,35.2901567,136.2529717,68.40, 0.50
95900,-0.10,-0.56,9.54,1.00,-0.03,0.01,0.00,0.60,3.04,0.12,10.61,0.00,0,2,1002.84,35.15,93.28,1002.85,31.54,92.11,0.65,1002.21,33.04,98.25,-0.03,0.24,110.92,304.89,8350,0.77,1.30,9.56,1.00,0.06,-0.04,0.01,4.55,-7.27,0.51,3,8,47,0,35.2901567,136.2529717,68.40, 0.50
95957,-0.14,-0.52,9.51,1.00,-0.03,0.01,0.00,0.60,3.04,0.12,10.61,0.00,0,2,1002.84,35.16,93.27,1002.85,31.56,92.13,0.65,1002.21,33.04,98.27,-0.03,0.24,110.48,304.98,8349,0.80,1.20,9.53,1.00,0.06,-0.04,0.01,4.55,-7.27,0.51,3,8,47,0,35.2901567,136.2529717,68.40, 0.50
96009,-0.13,-0.52,9.57,1.00,-0.03,0.01,0.00,0.60,3.04,0.12,10.59,0.00,0,2,1002.84,35.15,93.25,1002.84,31.55,92.13,0.65,1002.21,33.04,98.24,-0.03,0.24,110.65,304.98,8350,0.83,1.29,9.54,1.00,0.06,-0.04,0.01,4.55,-7.27,0.51,3,8,47,0,35.2901567,136.2529717,68.40, 0.50
96062,-0.15,-0.59,9.55,1.00,-0.03,0.01,0.00,0.60,3.04,0.12,10.60,0.00,0,2,1002.84,35.15,93.25,1002.84,31.56,92.17,0.65,1002.21,33.04,98.29,-0.03,0.24,111.09,304.98,8350,0.72,1.22,9.53,1.00,0.06,-0.04,0.01,4.55,-7.27,0.51,3,8,47,0,35.2901567,136.2529717,68.40, 0.50
96119,-0.03,-0.47,9.61,1.00,-0.03,0.01,0.00,0.60,3.04,0.12,10.61,0.00,0,2,1002.84,35.15,93.27,1002.84,31.54,92.14,0.65,1002.20,33.01,98.32,-0.03,0.24,110.92,304.98,8351,0.67,1.28,9.54,1.00,0.06,-0.04,0.01,4.55,-7.27,0.51,3,8,47,0,35.2901567,136.2529717,68.40, 0.50
96175,-0.05,-0.55,9.50,1.00,-0.03,0.01,0.00,0.60,3.04,0.12,10.61,0.00,0,2,1002.84,35.15,93.24,1002.85,31.55,92.12,0.65,1002.20,33.03,98.38,-0.02,0.17,110.65,304.98,8350,0.69,1.31,9.56,1.00,0.06,-0.04,0.01,4.55,-7.27,0.51,3,8,47,0,35.2901567,136.2529717,68.40, 0.50
96230,-0.11,-0.53,9.51,1.00,-0.03,0.01,0.00,0.60,3.04,0.12,10.60,0.00,0,2,1002.84,35.15,93.28,1002.84,31.54,92.14,0.65,1002.20,33.03,98.38,-0.03,0.24,111.53,304.89,8350,0.67,1.25,9.57,1.00,0.06,-0.04,0.01,4.55,-7.27,0.51,3,8,47,0,35.2901567,136.2529717,68.40, 0.46
96286,-0.07,-0.49,9.53,1.00,-0.03,0.01,0.00,0.60,3.04,0.12,10.63,0.00,0,2,1002.83,35.17,93.34,1002.84,31.54,92.16,0.65,1002.20,33.03,98.34,-0.03,0.24,112.85,304.98,8350,0.82,1.09,9.48,1.00,0.06,-0.04,0.01,4.55,-7.27,0.51,3,8,47,0,35.2901567,136.2529717,68.40, 0.46
96339,-0.08,-0.53,9.52,1.00,-0.03,0.01,0.00,0.60,3.04,0.12,10.65,0.00,0,2,1002.83,35.15,93.35,1002.84,31.54,92.18,0.65,1002.20,33.02,98.35,-0.03,0.24,113.29,304.89,8350,0.69,1.16,9.50,1.00,0.06,-0.04,0.01,4.55,-7.27,0.51,3,8,47,0,35.2901567,136.2529717,68.40, 0.46
96397,-0.09,-0.58,9.50,1.00,-0.03,0.01,0.00,0.60,3.04,0.12,10.67,0.00,0,2,1002.83,35.15,93.37,1002.84,31.56,92.15,0.65,1002.20,33.04,98.36,-0.03,0.24,112.50,304.98,8350,0.64,1.29,9.56,1.00,0.06,-0.04,0.01,4.55,-7.27,0.51,3,8,47,0,35.2901567,136.2529717,68.40, 0.46
96450,-0.09,-0.50,9.51,1.00,-0.03,0.01,0.00,0.60,3.04,0.12,10.67,0.00,0,2,1002.83,35.16,93.33,1002.84,31.55,92.17,0.65,1002.20,33.03,98.38,-0.02,0.17,111.53,304.98,8350,0.73,1.15,9.56,1.00,0.06,-0.04,0.01,4.55,-7.27,0.51,3,8,47,0,35.2901567,136.2529717,68.40, 0.46
96505,-0.10,-0.50,9.57,1.00,-0.03,0.01,0.00,0.60,3.04,0.12,10.66,0.00,0,2,1002.84,35.16,93.31,1002.84,31.56,92.17,0.65,1002.20,33.03,98.36,-0.03,0.24,111.09,304.98,8350,0.80,1.15,9.55,1.00,0.06,-0.04,0.01,4.55,-7.27,0.51,3,8,47,0,35.2901567,136.2529717,68.40, 0.46
96558,-0.09,-0.54,9.51,1.00,-0.03,0.01,0.00,0.60,3.04,0.12,10.64,0.00,0,2,1002.84,35.16,93.30,1002.84,31.54,92.18,0.65,1002.20,33.03,98.32,-0.03,0.24,112.06,304.89,8350,0.83,1.10,9.49,1.00,0.06,-0.04,0.01,4.55,-7.27,0.51,3,8,47,0,35.2901567,136.2529717,68.40, 0.46
96611,-0.07,-0.59,9.52,1.00,-0.03,0.01,0.00,0.60,3.04,0.12,10.63,0.00,0,2,1002.84,35.16,93.30,1002.84,31.56,92.16,0.65,1002.21,33.04,98.30,-0.02,0.17,112.41,304.98,8349,0.73,1.17,9.48,1.00,0.06,-0.04,0.01,4.55,-7.27,0.51,3,8,47,0,35.2901567,136.2529717,68.40, 0.46
96669,-0.13,-0.55,9.57,1.00,-0.03,0.01,0.00,0.60,3.04,0.12,10.62,0.00,0,2,1002.84,35.17,93.26,1002.85,31.56,92.11,0.65,1002.20,33.03,98.38,-0.05,0.29,112.50,304.98,8349,0.79,1.19,9.52,1.00,0.06,-0.04,0.01,4.55,-7.27,0.51,3,8,48,0,35.2901600,136.2529700,68.50, 0.46
96720,-0.11,-0.46,9.52,1.00,-0.03,0.01,0.00,0.60,3.04,0.12,10.60,0.00,0,2,1002.84,35.16,93.28,1002.84,31.55,92.14,0.65,1002.21,33.04,98.29,-0.03,0.24,112.59,304.89,8350,0.86,1.20,9.54,1.00,0.06,-0.04,0.01,4.55,-7.27,0.51,3,8,48,0,35.2901600,136.2529700,68.50, 0.46
96777,-0.15,-0.52,9.55,1.00,-0.03,0.01,0.00,0.60,3.04,0.12,10.60,0.00,0,2,1002.84,35.16,93.28,1002.84,31.55,92.13,0.65,1002.20,33.04,98.34,-0.03,0.24,112.68,304.98,8350,0.73,1.13,9.50,1.00,0.06,-0.04,0.01,4.55,-7.27,0.51,3,8,48,0,35.2901600,136.2529700,68.50, 0.46
96836,-0.09,-0.61,9.53,1.00,-0.03,0.01,0.00,0.60,3.04,0.12,10.61,0.00,0,2,1002.83,35.16,93.33,1002.85,31.55,92.15,0.65,1002.20,33.05,98.33,-0.03,0.24,113.47,304.98,8350,0.74,1.27,9.51,1.00,0.06,-0.04,0.01,4.55,-7.27,0.51,3,8,48,0,35.2901600,136.2529700,68.50, 0.46
96888,-0.04,-0.59,9.52,1.00,-0.03,0.01,0.00,0.60,3.04,0.12,10.62,0.00,0,2,1002.84,35.16,93.30,1002.85,31.56,92.11,0.65,1002.20,33.04,98.38,-0.02,0.17,113.47,304.98,8350,0.59,1.20,9.54,1.00,0.06,-0.04,0.01,4.55,-7.27,0.51,3,8,48,0,35.2901600,136.2529700,68.50, 0.46
96945,-0.03,-0.45,9.52,1.00,-0.03,0.01,0.00,0.60,3.04,0.12,10.62,0.00,0,2,1002.84,35.16,93.28,1002.84,31.55,92.14,0.65,1002.21,33.04,98.29,-0.03,0.24,113.99,304.98,8349,0.75,1.13,9.49,1.00,0.06,-0.04,0.01,4.55,-7.27,0.51,3,8,48,0,35.2901600,136.2529700,68.50, 0.46
96997,-0.08,-0.45,9.54,1.00,-0.03,0.01,0.00,0.60,3.04,0.12,10.60,0.00,0,2,1002.84,35.16,93.28,1002.85,31.55,92.12,0.65,1002.21,33.03,98.31,-0.03,0.24,113.38,304.98,8352,0.76,1.00,9.48,1.00,0.06,-0.04,0.01,4.55,-7.27,0.51,3,8,48,0,35.2901600,136.2529700,68.50, 0.46
97052,-0.05,-0.60,9.56,1.00,-0.03,0.01,0.00,0.60,3.04,0.12,10.59,0.00,0,2,1002.84,35.16,93.26,1002.85,31.57,92.14,0.65,1002.21,33.04,98.27,-0.02,0.17,112.94,304.89,8349,0.72,1.23,9.49,1.00,0.06,-0.04,0.01,4.55,-7.27,0.50,3,8,48,0,35.2901600,136.2529700,68.50, 0.46
97107,-0.15,-0.57,9.56,1.00,-0.03,0.01,0.00,0.60,3.04,0.12,10.58,0.00,0,2,1002.84,35.16,93.23,1002.84,31.55,92.10,0.65,1002.21,33.03,98.31,-0.03,0.24,113.20,304.98,8349,0.79,1.28,9.55,1.00,0.06,-0.04,0.01,4.55,-7.27,0.50,3,8,48,0,35.2901600,136.2529700,68.50, 0.46
97162,-0.10,-0.54,9.52,1.00,-0.03,0.01,0.00,0.60,3.04,0.12,10.57,0.00,0,2,1002.84,35.16,93.26,1002.84,31.56,92.15,0.65,1002.21,33.04,98.27,-0.03,0.24,113.55,304.98,8350,0.80,1.24,9.52,1.00,0.06,-0.04,0.01,4.55,-7.27,0.50,3,8,48,0,35.2901600,136.2529700,68.50, 0.46
97218,-0.15,-0.55,9.58,1.00,-0.03,0.01,0.00,0.60,3.04,0.12,10.58,0.00,0,2,1002.84,35.17,93.27,1002.85,31.57,92.13,0.65,1002.21,33.04,98.29,-0.03,0.24,115.40,304.98,8349,0.83,1.33,9.59,1.00,0.06,-0.04,0.01,4.55,-7.27,0.50,3,8,48,0,35.2901600,136.2529700,68.50, 0.46
97275,-0.07,-0.48,9.59,1.00,-0.03,0.01,0.00,0.60,3.04,0.12,10.59,0.00,0,2,1002.84,35.17,93.29,1002.85,31.57,92.13,0.65,1002.21,33.04,98.27,-0.02,0.17,117.95,304.98,8350,0.71,1.15,9.57,1.00,0.06,-0.04,0.01,4.55,-7.27,0.50,3,8,48,0,35.2901600,136.2529700,68.50, 0.41
97328,-0.06,-0.49,9.54,1.00,-0.03,0.01,0.00,0.60,3.04,0.12,10.59,0.00,0,2,1002.84,35.17,93.31,1002.84,31.56,92.13,0.65,1002.20,33.04,98.37,-0.03,0.24,119.44,304.98,8349,0.67,1.27,9.51,1.00,0.06,-0.04,0.01,4.55,-7.27,0.50,3,8,48,0,35.2901600,136.2529700,68.50, 0.41
97386,-0.03,-0.61,9.51,1.00,-0.03,0.01,0.00,0.60,3.04,0.12,10.60,0.00,0,2,1002.84,35.17,93.26,1002.84,31.57,92.14,0.65,1002.20,33.03,98.35,-0.05,0.29,119.88,304.89,8349,0.72,1.25,9.51,1.00,0.06,-0.04,0.01,4.55,-7.27,0.50,3,8,48,0,35.2901600,136.2529700,68.50, 0.41
97439,-0.09,-0.54,9.50,1.00,-0.03,0.01,0.00,0.60,3.04,0.12,10.60,0.00,0,2,1002.84,35.18,93.30,1002.84,31.57,92.16,0.65,1002.20,33.03,98.38,-0.03,0.24,120.15,304.98,8349,0.80,1.23,9.53,1.00,0.06,-0.04,0.01,4.55,-7.27,0.50,3,8,48,0,35.2901600,136.2529700,68.50, 0.41
97496,-0.07,-0.45,9.55,1.00,-0.03,0.01,0.00,0.60,3.04,0.12,10.62,0.00,0,2,1002.84,35.18,93.25,1002.84,31.55,92.19,0.64,1002.21,33.05,98.31,-0.03,0.24,119.88,304.89,8350,0.82,1.30,9.56,1.00,0.06,-0.04,0.01,4.55,-7.27,0.50,3,8,48,0,35.2901600,136.2529700,68.50, 0.41
97548,-0.11,-0.56,9.53,1.00,-0.03,0.01,0.00,0.60,3.04,0.12,10.61,0.00,0,2,1002.84,35.18,93.31,1002.85,31.57,92.13,0.65,1002.20,33.04,98.38,-0.03,0.24,119.97,304.89,8350,0.74,1.15,9.50,1.00,0.06,-0.04,0.01,4.55,-7.27,0.50,3,8,48,0,35.2901600,136.2529700,68.50, 0.41
97604,-0.11,-0.59,9.52,1.00,-0.03,0.01,0.00,0.60,3.04,0.12,10.61,0.00,0,2,1002.84,35.17,93.28,1002.84,31.58,92.14,0.64,1002.20,33.04,98.38,-0.03,0.24,119.88,304.89,8349,0.75,1.30,9.53,1.00,0.06,-0.04,0.01,4.55,-7.27,0.50,3,8,48,0,35.2901600,136.2529700,68.50, 0.41
97658,-0.12,-0.55,9.52,1.00,-0.03,0.01,0.00,0.60,3.04,0.12,10.60,0.00,0,2,1002.84,35.19,93.29,1002.84,31.56,92.15,0.64,1002.21,33.04,98.30,-0.03,0.24,118.04,304.89,8350,0.78,1.29,9.62,1.00,0.06,-0.04,0.01,4.55,-7.27,0.50,3,8,49,0,35.2901617,136.2529750,67.10, 0.41
97712,-0.10,-0.52,9.55,1.00,-0.03,0.01,0.00,0.60,3.04,0.12,10.61,0.00,0,2,1002.84,35.19,93.29,1002.84,31.57,92.17,0.65,1002.21,33.05,98.31,-0.03,0.24,115.93,304.80,8349,0.76,1.37,9.56,1.00,0.06,-0.04,0.01,4.55,-7.27,0.50,3,8,49,0,35.2901617,136.2529750,67.10, 0.41
97767,-0.13,-0.48,9.59,1.00,-0.03,0.01,0.00,0.60,3.04,0.12,10.60,0.00,0,2,1002.84,35.19,93.28,1002.84,31.55,92.15,0.65,1002.21,33.04,98.27,-0.03,0.24,112.94,304.63,8350,0.83,0.99,9.50,1.00,0.06,-0.04,0.01,4.55,-7.27,0.50,3,8,49,0,35.2901617,136.2529750,67.10, 0.41
97820,-0.09,-0.57,9.54,1.00,-0.03,0.01,0.00,0.60,3.04,0.12,10.59,0.00,0,2,1002.84,35.19,93.26,1002.84,31.57,92.14,0.65,1002.20,33.04,98.32,-0.03,0.24,113.29,304.63,8349,0.80,1.20,9.52,1.00,0.06,-0.04,0.01,4.55,-7.27,0.50,3,8,49,0,35.2901617,136.2529750,67.10, 0.41
97877,-0.08,-0.49,9.54,1.00,-0.03,0.01,0.00,0.60,3.04,0.12,10.59,0.00,0,2,1002.84,35.19,93.26,1002.84,31.57,92.16,0.65,1002.21,33.04,98.29,-0.03,0.24,113.73,304.63,8349,0.79,1.04,9.51,1.00,0.06,-0.04,0.01,4.55,-7.27,0.50,3,8,49,0,35.2901617,136.2529750,67.10, 0.41
97934,-0.05,-0.47,9.51,1.00,-0.03,0.01,0.00,0.60,3.04,0.12,10.57,0.00,0,2,1002.84,35.18,93.25,1002.85,31.57,92.11,0.65,1002.21,33.04,98.27,-0.03,0.24,114.08,304.54,8350,0.80,1.27,9.59,1.00,0.06,-0.04,0.01,4.55,-7.27,0.50,3,8,49,0,35.2901617,136.2529750,67.10, 0.41
97988,-0.07,-0.54,9.52,1.00,-0.03,0.01,0.00,0.60,3.04,0.12,10.57,0.00,0,2,1002.84,35.19,93.28,1002.84,31.57,92.14,0.65,1002.21,33.05,98.28,-0.03,0.24,114.79,304.54,8350,0.86,1.39,9.55,1.00,0.06,-0.04,0.01,4.55,-7.27,0.50,3,8,49,0,35.2901617,136.2529750,67.10, 0.41
98039,-0.09,-0.56,9.52,1.00,-0.03,0.01,0.00,0.60,3.04,0.12,10.57,0.00,0,2,1002.85,35.18,93.21,1002.85,31.58,92.13,0.65,1002.21,33.05,98.27,-0.03,0.24,117.51,304.54,8350,0.73,1.28,9.52,1.00,0.06,-0.04,0.01,4.55,-7.27,0.50,3,8,49,0,35.2901617,136.2529750,67.10, 0.41
98095,-0.12,-0.52,9.53,1.00,-0.03,0.01,0.00,0.60,3.04,0.12,10.57,0.00,0,2,1002.84,35.18,93.25,1002.84,31.58,92.14,0.65,1002.20,33.04,98.34,-0.05,0.29,122.43,304.54,8350,0.77,1.27,9.52,1.00,0.06,-0.04,0.01,4.55,-7.27,0.50,3,8,49,0,35.2901617,136.2529750,67.10, 0.41
98149,-0.11,-0.49,9.54,1.00,-0.03,0.01,0.00,0.60,3.04,0.12,10.59,0.00,0,2,1002.84,35.19,93.24,1002.84,31.57,92.17,0.65,1002.21,33.05,98.31,-0.03,0.24,124.10,304.54,8350,0.74,1.27,9.51,1.00,0.06,-0.04,0.01,4.55,-7.27,0.50,3,8,49,0,35.2901617,136.2529750,67.10, 0.41
98206,-0.06,-0.51,9.54,1.00,-0.03,0.01,0.00,0.60,3.04,0.12,10.61,0.00,0,2,1002.84,35.18,93.28,1002.84,31.57,92.16,0.65,1002.20,33.04,98.33,-0.03,0.24,124.72,304.63,8350,0.64,1.14,9.46,1.00,0.06,-0.04,0.01,4.55,-7.27,0.50,3,8,49,0,35.2901617,136.2529750,67.10, 0.41
98257,-0.06,-0.65,9.48,1.00,-0.03,0.01,0.00,0.60,3.04,0.12,10.60,0.00,0,2,1002.84,35.19,93.26,1002.84,31.56,92.16,0.65,1002.19,33.05,98.42,-0.03,0.24,122.96,304.54,8349,0.68,1.18,9.56,1.00,0.06,-0.04,0.01,4.55,-7.27,0.50,3,8,49,0,35.2901617,136.2529750,67.10, 0.38
98315,-0.04,-0.57,9.52,1.00,-0.03,0.01,0.00,0.60,3.04,0.12,10.61,0.00,0,2,1002.84,35.18,93.29,1002.85,31.58,92.13,0.65,1002.20,33.03,98.38,-0.03,0.24,121.11,304.63,8350,0.79,1.10,9.47,1.00,0.06,-0.04,0.01,4.54,-7.29,0.50,3,8,49,0,35.2901617,136.2529750,67.10, 0.38
98367,-0.07,-0.50,9.57,1.00,-0.03,0.01,0.00,0.60,3.04,0.12,10.61,0.00,0,2,1002.84,35.19,93.27,1002.84,31.56,92.15,0.65,1002.21,33.05,98.32,-0.03,0.24,119.00,304.63,8349,0.84,1.12,9.52,1.00,0.06,-0.04,0.01,4.54,-7.29,0.50,3,8,49,0,35.2901617,136.2529750,67.10, 0.38
98425,-0.08,-0.52,9.49,1.00,-0.03,0.01,0.00,0.60,3.04,0.12,10.60,0.00,0,2,1002.84,35.19,93.26,1002.84,31.57,92.16,0.65,1002.21,33.05,98.31,-0.03,0.24,117.77,304.54,8349,0.74,1.10,9.46,1.00,0.06,-0.04,0.01,4.54,-7.29,0.50,3,8,49,0,35.2901617,136.2529750,67.10, 0.38
98476,-0.09,-0.54,9.50,1.00,-0.03,0.01,0.00,0.60,3.04,0.12,10.59,0.00,0,2,1002.84,35.17,93.27,1002.84,31.57,92.16,0.65,1002.21,33.04,98.27,-0.03,0.24,120.85,304.54,8350,0.68,1.09,9.54,1.00,0.06,-0.04,0.01,4.54,-7.29,0.50,3,8,49,0,35.2901617,136.2529750,67.10, 0.38
98534,-0.04,-0.55,9.61,1.00,-0.03,0.01,0.00,0.60,3.04,0.12,10.59,0.00,0,2,1002.84,35.20,93.27,1002.85,31.58,92.14,0.65,1002.20,33.05,98.35,-0.03,0.24,121.90,304.54,8349,0.70,1.23,9.53,1.00,0.06,-0.04,0.01,4.53,-7.29,0.50,3,8,49,0,35.2901617,136.2529750,67.10, 0.38
98586,-0.08,-0.53,9.58,1.00,-0.03,0.01,0.00,0.60,3.04,0.12,10.59,0.00,0,2,1002.84,35.18,93.27,1002.84,31.58,92.13,0.65,1002.21,33.05,98.30,-0.02,0.17,121.20,304.54,8350,0.84,1.14,9.51,1.00,0.06,-0.04,0.01,4.53,-7.29,0.50,3,8,49,0,35.2901617,136.2529750,67.10, 0.38
98643,-0.09,-0.56,9.50,1.00,-0.03,0.01,0.00,0.60,3.04,0.12,10.60,0.00,0,2,1002.84,35.18,93.31,1002.84,31.57,92.14,0.65,1002.20,33.06,98.36,-0.03,0.24,120.15,304.54,8350,0.76,1.25,9.54,1.00,0.06,-0.04,0.01,4.53,-7.29,0.50,3,8,49,0,35.2901617,136.2529750,67.10, 0.38
98697,-0.05,-0.57,9.54,1.00,-0.03,0.01,0.00,0.60,3.04,0.12,10.61,0.00,0,2,1002.84,35.18,93.29,1002.84,31.57,92.14,0.65,1002.19,33.05,98.47,-0.02,0.17,119.88,304.54,8349,0.76,1.34,9.57,1.00,0.06,-0.04,0.01,4.53,-7.29,0.50,3,8,50,0,35.2901567,136.2529717,65.50, 0.38
98754,-0.11,-0.46,9.54,1.00,-0.03,0.01,0.00,0.60,3.04,0.12,10.63,0.00,0,2,1002.84,35.20,93.32,1002.85,31.57,92.13,0.65,1002.20,33.06,98.34,-0.05,0.29,117.51,304.54,8350,0.76,1.07,9.62,1.00,0.06,-0.04,0.01,4.53,-7.29,0.50,3,8,50,0,35.2901567,136.2529717,65.50, 0.38
98805,-0.07,-0.54,9.56,1.00,-0.03,0.01,0.00,0.60,3.04,0.12,10.62,0.00,0,2,1002.84,35.19,93.31,1002.84,31.57,92.13,0.65,1002.21,33.05,98.30,-0.03,0.24,117.42,304.54,8349,0.86,1.01,9.61,1.00,0.06,-0.04,0.01,4.52,-7.29,0.49,3,8,50,0,35.2901567,136.2529717,65.50, 0.38
98859,-0.11,-0.50,9.53,1.00,-0.03,0.01,0.00,0.60,3.04,0.12,10.61,0.00,0,2,1002.83,35.18,93.33,1002.84,31.57,92.14,0.65,1002.20,33.05,98.34,-0.03,0.24,119.79,304.54,8350,0.94,1.24,9.44,1.00,0.06,-0.04,0.01,4.52,-7.29,0.48,3,8,50,0,35.2901567,136.2529717,65.50, 0.38
98916,-0.08,-0.63,9.51,1.00,-0.03,0.01,0.00,0.60,3.04,0.12,10.61,0.00,0,2,1002.84,35.19,93.31,1002.84,31.58,92.16,0.65,1002.20,33.05,98.36,-0.02,0.17,119.71,304.54,8349,0.72,1.24,9.55,1.00,0.06,-0.04,0.01,4.52,-7.28,0.48,3,8,50,0,35.2901567,136.2529717,65.50, 0.38
98973,-0.05,-0.56,9.57,1.00,-0.03,0.01,0.00,0.60,3.04,0.12,10.60,0.00,0,2,1002.83,35.19,93.32,1002.85,31.58,92.12,0.65,1002.20,33.05,98.35,-0.03,0.24,119.27,304.54,8348,0.73,1.28,9.54,1.00,0.06,-0.04,0.01,4.52,-7.29,0.48,3,8,50,0,35.2901567,136.2529717,65.50, 0.38
99026,-0.06,-0.43,9.49,1.00,-0.03,0.01,0.00,0.60,3.04,0.12,10.61,0.00,0,2,1002.84,35.20,93.30,1002.84,31.55,92.17,0.65,1002.21,33.05,98.29,-0.03,0.24,118.56,304.45,8350,0.72,1.07,9.50,1.00,0.06,-0.04,0.01,4.52,-7.28,0.48,3,8,50,0,35.2901567,136.2529717,65.50, 0.38
99082,-0.08,-0.50,9.57,1.00,-0.03,0.01,0.00,0.60,3.04,0.12,10.60,0.00,0,2,1002.84,35.19,93.27,1002.84,31.58,92.16,0.65,1002.20,33.04,98.32,-0.03,0.24,115.66,304.45,8350,0.86,1.29,9.53,1.00,0.06,-0.04,0.01,4.52,-7.27,0.48,3,8,50,0,35.2901567,136.2529717,65.50, 0.38
99135,-0.06,-0.56,9.55,1.00,-0.03,0.01,0.00,0.60,3.04,0.12,10.61,0.00,0,2,1002.84,35.20,93.28,1002.84,31.58,92.16,0.64,1002.21,33.04,98.30,-0.03,0.24,111.53,304.45,8349,0.96,1.29,9.35,1.00,0.06,-0.04,0.01,4.52,-7.28,0.46,3,8,50,0,35.2901567,136.2529717,65.50, 0.38
99191,-0.11,-0.54,9.52,1.00,-0.03,0.01,0.00,0.60,3.04,0.12,10.61,0.00,0,2,1002.84,35.20,93.28,1002.84,31.60,92.16,0.64,1002.21,33.06,98.26,-0.03,0.24,110.21,304.45,8349,0.76,1.17,9.43,1.00,0.06,-0.04,0.01,4.52,-7.29,0.46,3,8,50,0,35.2901567,136.2529717,65.50, 0.38
99245,-0.16,-0.49,9.52,1.00,-0.03,0.01,0.00,0.60,3.04,0.12,10.61,0.00,0,2,1002.84,35.21,93.28,1002.84,31.58,92.15,0.65,1002.21,33.05,98.31,-0.03,0.24,109.78,304.45,8350,0.90,1.18,9.52,1.00,0.06,-0.04,0.01,4.52,-7.29,0.46,3,8,50,0,35.2901567,136.2529717,65.50, 0.23
99302,-0.19,-0.49,9.49,1.00,-0.03,0.01,0.00,0.60,3.04,0.12,10.60,0.00,0,2,1002.84,35.21,93.26,1002.85,31.58,92.15,0.64,1002.21,33.06,98.28,-0.03,0.24,111.27,304.45,8349,0.93,1.23,9.46,1.00,0.06,-0.04,0.01,4.53,-7.29,0.46,3,8,50,0,35.2901567,136.2529717,65.50, 0.23
99355,-0.30,-0.46,9.61,1.00,-0.03,0.01,0.00,0.60,3.04,0.12,10.60,0.00,0,2,1002.84,35.20,93.30,1002.84,31.58,92.15,0.64,1002.20,33.05,98.38,-0.03,0.24,113.55,304.54,8350,0.80,1.17,9.56,1.00,0.06,-0.04,0.01,4.53,-7.29,0.46,3,8,50,0,35.2901567,136.2529717,65.50, 0.23
99409,-0.06,-0.52,9.38,1.00,-0.03,0.01,0.00,0.60,3.04,0.12,10.61,0.00,0,2,1002.84,35.21,93.31,1002.84,31.58,92.15,0.65,1002.20,33.05,98.36,-0.03,0.24,114.26,304.45,8349,0.60,1.13,9.53,1.00,0.06,-0.04,0.01,4.53,-7.29,0.47,3,8,50,0,35.2901567,136.2529717,65.50, 0.23
99466,-0.11,-0.58,9.43,1.00,-0.03,0.01,0.00,0.60,3.04,0.12,10.61,0.00,0,2,1002.84,35.21,93.29,1002.84,31.59,92.18,0.64,1002.20,33.06,98.40,-0.02,0.17,113.82,304.45,8349,0.78,1.28,9.54,1.00,0.06,-0.04,0.01,4.53,-7.29,0.47,3,8,50,0,35.2901567,136.2529717,65.50, 0.23
99517,-0.08,-0.51,9.57,1.00,-0.03,0.01,0.00,0.60,3.04,0.12,10.61,0.00,0,2,1002.84,35.21,93.28,1002.84,31.59,92.15,0.64,1002.20,33.06,98.39,-0.05,0.29,113.20,304.45,8336,0.79,1.16,9.51,1.00,0.06,-0.04,0.01,4.53,-7.29,0.47,3,8,50,0,35.2901567,136.2529717,65.50, 0.23
99574,-0.06,-0.52,9.55,1.00,-0.03,0.01,0.00,0.60,3.04,0.12,10.61,0.00,0,2,1002.84,35.21,93.29,1002.84,31.58,92.16,0.64,1002.20,33.05,98.33,-0.03,0.24,113.73,304.45,8276,0.74,1.06,9.50,1.00,0.06,-0.04,0.01,4.53,-7.29,0.47,3,8,50,0,35.2901567,136.2529717,65.50, 0.23
99633,-0.11,-0.56,9.57,1.00,-0.03,0.01,0.00,0.60,3.04,0.12,10.61,0.00,0,2,1002.84,35.20,93.32,1002.85,31.57,92.14,0.64,1002.20,33.06,98.36,-0.03,0.24,113.73,304.45,8202,0.81,1.24,9.58,1.00,0.06,-0.04,0.01,4.53,-7.29,0.47,3,8,50,0,35.2901567,136.2529717,65.50, 0.23
99685,-0.07,-0.55,9.53,1.00,-0.03,0.01,0.00,0.60,3.04,0.12,10.62,0.00,0,2,1002.84,35.19,93.32,1002.84,31.59,92.16,0.64,1002.20,33.06,98.37,-0.03,0.24,113.73,304.45,8087,0.75,1.23,9.55,1.00,0.06,-0.04,0.01,4.53,-7.29,0.47,3,8,51,0,35.2901567,136.2529717,65.60, 0.23
99739,-0.10,-0.54,9.51,1.00,-0.03,0.01,0.00,0.60,3.04,0.12,10.61,0.00,0,2,1002.84,35.21,93.26,1002.84,31.58,92.15,0.64,1002.20,33.06,98.36,-0.03,0.24,113.20,304.54,7995,0.73,1.20,9.54,1.00,0.06,-0.04,0.01,4.53,-7.29,0.47,3,8,51,0,35.2901567,136.2529717,65.60, 0.23
99793,-0.01,-0.47,9.52,1.00,-0.03,0.01,0.00,0.60,3.04,0.12,10.61,0.00,0,2,1002.84,35.20,93.30,1002.85,31.58,92.12,0.65,1002.20,33.05,98.36,-0.03,0.24,112.41,304.54,7904,0.72,1.14,9.51,1.00,0.06,-0.04,0.01,4.53,-7.29,0.47,3,8,51,0,35.2901567,136.2529717,65.60, 0.23
99851,-0.05,-0.53,9.60,1.00,-0.03,0.01,0.00,0.60,3.04,0.12,10.60,0.00,0,2,1002.84,35.21,93.28,1002.85,31.59,92.13,0.64,1002.20,33.04,98.34,-0.03,0.24,112.76,304.54,7903,0.84,1.41,9.59,1.00,0.06,-0.04,0.01,4.53,-7.29,0.47,3,8,51,0,35.2901567,136.2529717,65.60, 0.23
99905,-0.17,-0.52,9.54,1.00,-0.03,0.01,0.00,0.60,3.04,0.12,10.60,0.00,0,2,1002.84,35.21,93.28,1002.84,31.59,92.16,0.63,1002.21,33.07,98.31,-0.05,0.29,113.12,304.54,7904,0.79,1.21,9.51,1.00,0.06,-0.04,0.01,4.53,-7.29,0.47,3,8,51,0,35.2901567,136.2529717,65.60, 0.23
99956,-0.14,-0.50,9.56,1.00,-0.03,0.01,0.00,0.60,3.04,0.12,10.59,0.00,0,2,1002.84,35.22,93.27,1002.84,31.59,92.14,0.64,1002.21,33.06,98.29,-0.03,0.24,113.20,304.45,7904,0.81,1.24,9.55,1.00,0.06,-0.04,0.01,4.53,-7.29,0.47,3,8,51,0,35.2901567,136.2529717,65.60, 0.23
100013,0.02,-0.53,9.56,1.00,-0.03,0.01,0.00,0.60,3.04,0.12,10.58,0.00,0,2,1002.84,35.23,93.28,1002.84,31.59,92.16,0.65,1002.21,33.07,98.28,-0.03,0.24,113.20,304.45,7904,0.67,1.19,9.55,1.00,0.06,-0.04,0.01,4.53,-7.29,0.47,3,8,51,0,35.2901567,136.2529717,65.60, 0.23
100070,-0.01,-0.44,9.54,1.00,-0.03,0.01,0.00,0.60,3.04,0.12,10.59,0.00,0,2,1002.84,35.21,93.29,1002.85,31.60,92.16,0.64,1002.20,33.06,98.41,-0.03,0.24,112.41,304.54,7905,0.75,1.20,9.58,1.00,0.06,-0.04,0.01,4.53,-7.29,0.47,3,8,51,0,35.2901567,136.2529717,65.60, 0.23
100124,-0.07,-0.62,9.53,1.00,-0.03,0.01,0.00,0.60,3.04,0.12,10.59,0.00,0,2,1002.84,35.21,93.31,1002.85,31.59,92.11,0.65,1002.21,33.07,98.30,-0.03,0.24,111.36,304.45,7905,0.68,1.15,9.52,1.00,0.06,-0.04,0.01,4.53,-7.29,0.47,3,8,51,0,35.2901567,136.2529717,65.60, 0.23
100177,-0.11,-0.74,9.53,1.00,-0.03,0.01,0.00,0.60,3.04,0.12,10.60,0.00,0,2,1002.84,35.21,93.27,1002.85,31.60,92.14,0.64,1002.20,33.06,98.32,-0.03,0.24,111.36,304.54,7905,0.73,1.34,9.56,1.00,0.06,-0.04,0.01,4.54,-7.30,0.47,3,8,51,0,35.2901567,136.2529717,65.60, 0.23
100234,-0.14,-0.45,9.54,1.00,-0.03,0.01,0.00,0.60,3.06,0.12,10.58,0.00,0,2,1002.84,35.21,93.26,1002.85,31.59,92.11,0.64,1002.20,33.07,98.34,-0.05,0.29,111.09,304.54,7904,0.78,1.13,9.55,1.00,0.06,-0.04,0.01,4.54,-7.30,0.47,3,8,51,0,35.2901567,136.2529717,65.60, 0.23
100291,-0.08,-0.44,9.51,1.00,-0.03,0.01,0.00,0.60,3.05,0.12,10.59,0.00,0,2,1002.84,35.22,93.27,1002.85,31.59,92.14,0.64,1002.21,33.07,98.30,-0.03,0.24,111.01,304.45,7904,0.67,1.19,9.52,1.00,0.06,-0.04,0.01,4.54,-7.29,0.48,3,8,51,0,35.2901567,136.2529717,65.60, 0.23
100343,-0.06,-0.55,9.52,1.00,-0.03,0.01,0.00,0.60,3.05,0.12,10.58,0.00,0,2,1002.84,35.22,93.27,1002.84,31.60,92.16,0.65,1002.21,33.06,98.29,-0.03,0.24,111.18,304.45,7904,0.71,1.31,9.57,1.00,0.06,-0.04,0.01,4.53,-7.29,0.47,3,8,51,0,35.2901567,136.2529717,65.60, 0.23
100401,-0.06,-0.51,9.55,1.00,-0.03,0.01,0.00,0.60,3.05,0.12,10.58,0.00,0,2,1002.84,35.21,93.24,1002.85,31.59,92.15,0.63,1002.20,33.07,98.37,-0.03,0.24,111.36,304.45,7905,0.75,1.26,9.55,1.00,0.06,-0.04,0.01,4.53,-7.29,0.47,3,8,51,0,35.2901567,136.2529717,65.60, 0.23
100454,-0.06,-0.51,9.57,1.00,-0.03,0.01,0.00,0.60,3.05,0.12,10.60,0.00,0,2,1002.84,35.22,93.29,1002.84,31.59,92.20,0.64,1002.20,33.06,98.39,-0.03,0.24,113.03,304.54,7904,0.79,1.20,9.49,1.00,0.06,-0.04,0.01,4.53,-7.29,0.47,3,8,51,0,35.2901567,136.2529717,65.60, 0.23
100507,-0.13,-0.51,9.55,1.00,-0.03,0.01,0.00,0.60,3.05,0.12,10.61,0.00,0,2,1002.84,35.22,93.26,1002.84,31.60,92.15,0.64,1002.20,33.06,98.37,-0.03,0.24,113.64,304.45,7904,0.82,1.39,9.60,1.00,0.06,-0.04,0.01,4.53,-7.29,0.47,3,8,51,0,35.2901567,136.2529717,65.60, 0.23
100563,-0.04,-0.54,9.55,1.00,-0.03,0.01,0.00,0.60,3.05,0.12,10.61,0.00,0,2,1002.84,35.22,93.27,1002.85,31.60,92.16,0.65,1002.20,33.06,98.36,-0.03,0.24,115.05,304.45,7905,0.76,1.35,9.55,1.00,0.06,-0.04,0.01,4.53,-7.29,0.47,3,8,51,0,35.2901567,136.2529717,65.60, 0.23
100618,-0.02,-0.64,9.66,1.00,-0.03,0.01,0.00,0.60,3.06,0.12,10.61,0.00,0,2,1002.84,35.23,93.28,1002.84,31.59,92.12,0.65,1002.20,33.06,98.36,-0.05,0.29,113.47,304.45,7904,0.70,1.42,9.62,1.00,0.06,-0.04,0.01,4.53,-7.29,0.47,3,8,51,0,35.2901567,136.2529717,65.60, 0.23
100674,0.00,-0.52,9.61,1.00,-0.03,0.01,0.00,0.60,3.06,0.12,10.60,0.00,0,2,1002.84,35.23,93.28,1002.84,31.60,92.16,0.65,1002.21,33.06,98.28,-0.03,0.24,113.20,304.45,7904,0.60,1.30,9.62,1.00,0.06,-0.04,0.01,4.53,-7.30,0.47,3,8,52,0,35.2901600,136.2529683,65.30, 0.23
100731,-0.13,-0.48,9.50,1.00,-0.03,0.01,0.00,0.59,3.06,0.12,10.60,0.00,0,2,1002.84,35.22,93.27,1002.84,31.60,92.15,0.64,1002.21,33.07,98.25,-0.03,0.24,113.29,304.45,7904,0.76,1.33,9.58,1.00,0.06,-0.04,0.01,4.52,-7.31,0.46,3,8,52,0,35.2901600,136.2529683,65.30, 0.23
100782,-0.14,-0.51,9.53,1.00,-0.03,0.01,0.00,0.59,3.06,0.12,10.60,0.00,0,2,1002.84,35.22,93.33,1002.85,31.61,92.15,0.64,1002.21,33.05,98.24,-0.03,0.24,112.76,304.54,7903,0.89,1.50,9.61,1.00,0.06,-0.04,0.01,4.52,-7.31,0.46,3,8,52,0,35.2901600,136.2529683,65.30, 0.23
100836,-0.10,-0.55,9.51,1.00,-0.03,0.01,0.00,0.59,3.06,0.12,10.60,0.00,0,2,1002.84,35.23,93.30,1002.84,31.60,92.15,0.64,1002.21,33.08,98.31,-0.03,0.24,113.03,304.54,7904,0.82,1.50,9.60,1.00,0.06,-0.04,0.01,4.52,-7.30,0.46,3,8,52,0,35.2901600,136.2529683,65.30, 0.23
100893,-0.07,-0.50,9.51,1.00,-0.03,0.01,0.00,0.59,3.06,0.12,10.60,0.00,0,2,1002.84,35.23,93.28,1002.84,31.60,92.15,0.64,1002.21,33.07,98.29,-0.05,0.29,112.94,304.54,7905,0.68,1.19,9.54,1.00,0.06,-0.04,0.01,4.52,-7.30,0.46,3,8,52,0,35.2901600,136.2529683,65.30, 0.23
100945,-0.11,-0.53,9.58,1.00,-0.03,0.01,0.00,0.59,3.06,0.12,10.61,0.00,0,2,1002.84,35.23,93.33,1002.84,31.60,92.15,0.64,1002.21,33.06,98.32,-0.02,0.17,112.50,304.45,7904,0.79,1.28,9.58,1.00,0.06,-0.04,0.01,4.53,-7.30,0.46,3,8,52,0,35.2901600,136.2529683,65.30, 0.23
101001,-0.12,-0.50,9.54,1.00,-0.03,0.01,0.00,0.59,3.06,0.12,10.61,0.00,0,2,1002.83,35.22,93.34,1002.84,31.59,92.16,0.64,1002.20,33.07,98.33,-0.03,0.24,111.97,304.54,7904,0.78,1.26,9.57,1.00,0.06,-0.04,0.01,4.53,-7.30,0.46,3,8,52,0,35.2901600,136.2529683,65.30, 0.23
101052,-0.09,-0.54,9.54,1.00,-0.03,0.01,0.00,0.59,3.06,0.12,10.62,0.00,0,2,1002.84,35.22,93.32,1002.84,31.59,92.16,0.64,1002.21,33.07,98.28,-0.03,0.24,111.09,304.54,7904,0.83,1.27,9.54,1.00,0.06,-0.04,0.01,4.53,-7.30,0.46,3,8,52,0,35.2901600,136.2529683,65.30, 0.23
101107,0.00,-0.67,9.53,1.00,-0.03,0.01,0.00,0.59,3.07,0.12,10.62,0.00,0,2,1002.84,35.23,93.31,1002.84,31.60,92.17,0.64,1002.21,33.06,98.31,-0.03,0.24,109.78,304.54,7904,0.38,1.35,9.46,1.00,0.06,-0.04,0.01,4.52,-7.31,0.46,3,8,52,0,35.2901600,136.2529683,65.30, 0.23
101163,0.11,-0.45,9.58,1.00,-0.03,0.01,0.00,0.58,3.08,0.12,10.62,0.00,0,2,1002.84,35.22,93.29,1002.84,31.60,92.16,0.64,1002.21,33.06,98.29,-0.03,0.24,108.46,304.45,7905,1.51,1.10,9.52,1.00,0.06,-0.04,0.01,4.51,-7.31,0.46,3,8,52,0,35.2901600,136.2529683,65.30, 0.23
101215,-0.24,-0.30,9.58,1.00,-0.03,0.01,0.00,0.58,3.08,0.12,10.60,0.00,0,2,1002.84,35.22,93.27,1002.84,31.61,92.17,0.64,1002.21,33.07,98.30,-0.03,0.24,109.78,304.45,7904,1.21,0.71,9.32,1.00,0.06,-0.04,0.01,4.51,-7.30,0.43,3,8,52,0,35.2901600,136.2529683,65.30, 0.23
101272,0.00,-0.48,9.62,1.00,-0.03,0.01,0.00,0.58,3.08,0.12,10.58,0.00,0,2,1002.84,35.22,93.25,1002.84,31.59,92.17,0.64,1002.21,33.06,98.28,-0.03,0.24,111.27,304.45,7904,0.82,1.36,9.59,1.00,0.06,-0.04,0.01,4.51,-7.30,0.41,3,8,52,0,35.2901600,136.2529683,65.30, 0.23
101329,-0.07,-0.57,9.48,1.00,-0.03,0.01,0.00,0.58,3.08,0.12,10.58,0.00,0,2,1002.85,35.22,93.24,1002.85,31.61,92.17,0.64,1002.21,33.07,98.32,-0.02,0.17,113.64,304.45,7904,0.84,1.67,9.60,1.00,0.06,-0.04,0.01,4.51,-7.30,0.43,3,8,52,0,35.2901600,136.2529683,65.30, 0.23
101383,-0.06,-0.58,9.48,1.00,-0.03,0.01,0.00,0.58,3.08,0.12,10.58,0.00,0,2,1002.84,35.24,93.26,1002.84,31.59,92.16,0.64,1002.21,33.06,98.31,-0.03,0.24,113.55,304.45,7905,0.70,1.01,9.51,1.00,0.06,-0.04,0.01,4.51,-7.30,0.42,3,8,52,0,35.2901600,136.2529683,65.30, 0.23
101437,-0.03,-0.52,9.65,1.00,-0.03,0.01,0.00,0.58,3.08,0.12,10.59,0.00,0,2,1002.84,35.22,93.29,1002.85,31.60,92.14,0.64,1002.20,33.07,98.33,-0.03,0.24,113.12,304.45,7905,0.66,1.17,9.67,1.00,0.06,-0.04,0.01,4.51,-7.30,0.41,3,8,52,0,35.2901600,136.2529683,65.30, 0.23
101491,-0.16,-0.59,9.39,1.00,-0.03,0.01,0.00,0.58,3.09,0.12,10.59,0.00,0,2,1002.84,35.22,93.27,1002.85,31.60,92.12,0.64,1002.21,33.07,98.30,-0.02,0.17,113.29,304.45,7904,0.92,0.90,9.51,1.00,0.06,-0.04,0.01,4.50,-7.30,0.40,3,8,52,0,35.2901600,136.2529683,65.30, 0.23
101544,-0.16,-0.55,9.38,1.00,-0.03,0.01,0.00,0.58,3.09,0.12,10.59,0.00,0,2,1002.84,35.22,93.28,1002.85,31.60,92.15,0.64,1002.21,33.07,98.28,-0.03,0.24,113.38,304.45,7905,0.86,0.86,9.46,1.00,0.06,-0.04,0.01,4.50,-7.30,0.40,3,8,52,0,35.2901600,136.2529683,65.30, 0.23
101601,-0.08,-0.52,9.62,1.00,-0.03,0.01,0.00,0.58,3.09,0.12,10.59,0.00,0,2,1002.84,35.22,93.30,1002.85,31.60,92.14,0.64,1002.20,33.08,98.33,-0.03,0.24,114.26,304.45,7905,0.66,1.67,9.74,1.00,0.06,-0.04,0.01,4.50,-7.31,0.40,3,8,52,0,35.2901600,136.2529683,65.30, 0.23
101653,-0.17,-0.57,9.41,1.00,-0.03,0.01,0.00,0.58,3.09,0.12,10.59,0.00,0,2,1002.84,35.22,93.32,1002.85,31.59,92.13,0.65,1002.21,33.07,98.32,-0.03,0.24,113.99,304.45,7905,0.89,1.78,9.80,1.00,0.06,-0.04,0.01,4.49,-7.32,0.39,3,8,53,0,35.2901633,136.2529733,64.20, 0.23
101710,-0.08,-0.46,9.55,1.00,-0.03,0.01,0.00,0.58,3.09,0.12,10.61,0.00,0,2,1002.83,35.21,93.34,1002.85,31.60,92.14,0.64,1002.21,33.07,98.30,-0.03,0.24,113.20,304.54,7906,0.65,0.45,9.26,1.00,0.06,-0.04,0.01,4.49,-7.29,0.39,3,8,53,0,35.2901633,136.2529733,64.20, 0.23
101761,-0.09,-0.54,9.45,1.00,-0.03,0.01,0.00,0.58,3.09,0.12,10.59,0.00,0,2,1002.84,35.22,93.32,1002.84,31.60,92.14,0.65,1002.21,33.06,98.26,-0.03,0.24,113.82,304.54,7905,1.06,1.94,9.72,1.00,0.06,-0.04,0.01,4.49,-7.33,0.36,3,8,53,0,35.2901633,136.2529733,64.20, 0.23
101819,-0.02,-0.54,9.59,1.00,-0.03,0.01,0.00,0.58,3.09,0.12,10.59,0.00,0,2,1002.84,35.22,93.32,1002.85,31.59,92.12,0.64,1002.21,33.06,98.29,-0.03,0.24,113.55,304.54,7904,0.99,1.34,9.50,1.00,0.06,-0.04,0.01,4.49,-7.34,0.34,3,8,53,0,35.2901633,136.2529733,64.20, 0.23
101872,-0.15,-0.47,9.54,1.00,-0.03,0.01,0.00,0.58,3.09,0.12,10.58,0.00,0,2,1002.84,35.22,93.30,1002.85,31.60,92.15,0.64,1002.21,33.08,98.27,-0.05,0.29,113.20,304.54,7905,0.90,0.67,9.34,1.00,0.06,-0.04,0.01,4.49,-7.32,0.34,3,8,53,0,35.2901633,136.2529733,64.20, 0.23
101929,-0.06,-0.55,9.58,1.00,-0.03,0.01,0.00,0.58,3.09,0.12,10.58,0.00,0,2,1002.84,35.22,93.30,1002.85,31.61,92.15,0.64,1002.21,33.06,98.29,-0.03,0.24,113.20,304.54,7905,0.77,0.55,9.31,1.00,0.06,-0.04,0.01,4.49,-7.33,0.32,3,8,53,0,35.2901633,136.2529733,64.20, 0.23
101981,-0.15,-0.52,9.49,1.00,-0.03,0.01,0.00,0.58,3.09,0.12,10.58,0.00,0,2,1002.85,35.23,93.23,1002.84,31.61,92.12,0.64,1002.21,33.08,98.26,-0.03,0.24,113.12,304.45,7910,0.95,1.65,9.62,1.00,0.06,-0.04,0.01,4.49,-7.36,0.33,3,8,53,0,35.2901633,136.2529733,64.20, 0.23
102038,-0.06,-0.52,9.58,1.00,-0.03,0.01,0.00,0.58,3.09,0.12,10.58,0.00,0,2,1002.84,35.22,93.25,1002.85,31.60,92.10,0.65,1002.21,33.07,98.25,-0.03,0.24,113.03,304.45,7909,0.79,1.17,9.55,1.00,0.06,-0.04,0.01,4.49,-7.35,0.33,3,8,53,0,35.2901633,136.2529733,64.20, 0.23
102091,-0.08,-0.56,9.47,1.00,-0.03,0.01,0.00,0.58,3.09,0.12,10.57,0.00,0,2,1002.84,35.22,93.27,1002.85,31.61,92.13,0.64,1002.21,33.07,98.26,-0.05,0.29,113.55,304.54,7910,0.86,1.28,9.51,1.00,0.06,-0.04,0.01,4.49,-7.35,0.31,3,8,53,0,35.2901633,136.2529733,64.20, 0.23
102143,-0.03,-0.61,9.58,1.00,-0.03,0.01,0.00,0.58,3.09,0.12,10.57,0.00,0,2,1002.84,35.23,93.28,1002.84,31.61,92.15,0.64,1002.21,33.07,98.26,-0.03,0.24,115.75,304.45,7911,0.82,1.14,9.50,1.00,0.06,-0.04,0.01,4.49,-7.35,0.30,3,8,53,0,35.2901633,136.2529733,64.20, 0.23
102200,-0.03,-0.54,9.61,1.00,-0.03,0.01,0.00,0.58,3.09,0.12,10.59,0.00,0,2,1002.84,35.21,93.31,1002.84,31.60,92.16,0.64,1002.21,33.08,98.28,-0.03,0.24,117.42,304.54,7909,0.38,1.49,9.73,1.00,0.06,-0.04,0.01,4.49,-7.35,0.31,3,8,53,0,35.2901633,136.2529733,64.20, 0.23
102253,-0.12,-0.48,9.61,1.00,-0.03,0.01,0.00,0.58,3.09,0.12,10.60,0.00,0,2,1002.84,35.22,93.32,1002.85,31.60,92.17,0.64,1002.21,33.06,98.26,-0.03,0.24,116.81,304.54,7910,0.61,1.47,9.63,1.00,0.06,-0.04,0.01,4.49,-7.35,0.30,3,8,53,0,35.2901633,136.2529733,64.20, 0.22
102311,-0.10,-0.51,9.54,1.00,-0.03,0.01,0.00,0.58,3.09,0.12,10.61,0.00,0,2,1002.84,35.22,93.30,1002.84,31.60,92.17,0.64,1002.21,33.07,98.25,-0.03,0.24,116.19,304.45,7909,0.77,1.48,9.59,1.00,0.06,-0.04,0.01,4.48,-7.35,0.29,3,8,53,0,35.2901633,136.2529733,64.20, 0.22
102368,-0.14,-0.49,9.58,1.00,-0.03,0.01,0.00,0.58,3.09,0.12,10.61,0.00,0,2,1002.84,35.22,93.32,1002.84,31.60,92.15,0.64,1002.22,33.07,98.23,-0.03,0.24,115.31,304.54,7910,0.79,0.97,9.48,1.00,0.06,-0.04,0.01,4.48,-7.35,0.29,3,8,53,0,35.2901633,136.2529733,64.20, 0.22
102420,-0.14,-0.60,9.55,1.00,-0.03,0.01,0.00,0.58,3.09,0.12,10.60,0.00,0,2,1002.84,35.22,93.30,1002.85,31.60,92.12,0.65,1002.21,33.07,98.25,-0.03,0.24,115.31,304.54,7910,0.75,1.51,9.62,1.00,0.06,-0.04,0.01,4.48,-7.35,0.29,3,8,53,0,35.2901633,136.2529733,64.20, 0.22
102477,-0.08,-0.56,9.55,1.00,-0.03,0.01,0.00,0.58,3.09,0.12,10.60,0.00,0,2,1002.84,35.22,93.28,1002.84,31.61,92.17,0.64,1002.21,33.07,98.32,-0.03,0.24,115.58,304.54,7911,0.72,1.53,9.59,1.00,0.06,-0.04,0.01,4.48,-7.36,0.29,3,8,53,0,35.2901633,136.2529733,64.20, 0.22
102530,-0.11,-0.48,9.53,1.00,-0.03,0.01,0.00,0.58,3.09,0.12,10.60,0.00,0,2,1002.84,35.22,93.27,1002.84,31.59,92.12,0.64,1002.21,33.07,98.30,-0.05,0.29,115.66,304.54,7911,0.73,1.05,9.49,1.00,0.06,-0.04,0.01,4.48,-7.36,0.29,3,8,53,0,35.2901633,136.2529733,64.20, 0.22
102589,-0.14,-0.52,9.51,1.00,-0.03,0.01,0.00,0.58,3.09,0.12,10.60,0.00,0,2,1002.84,35.24,93.26,1002.84,31.61,92.15,0.64,1002.21,33.06,98.27,-0.02,0.17,115.75,304.45,7912,0.74,1.03,9.50,1.00,0.06,-0.04,0.01,4.48,-7.36,0.29,3,8,53,0,35.2901633,136.2529733,64.20, 0.22
102641,-0.11,-0.57,9.51,1.00,-0.03,0.01,0.00,0.58,3.09,0.12,10.59,0.00,0,2,1002.84,35.22,93.27,1002.85,31.61,92.13,0.64,1002.21,33.07,98.30,-0.03,0.24,115.40,304.45,7911,0.73,1.40,9.57,1.00,0.06,-0.04,0.01,4.48,-7.35,0.29,3,8,53,0,35.2901633,136.2529733,64.20, 0.22
102697,-0.11,-0.54,9.56,1.00,-0.03,0.01,0.00,0.58,3.09,0.12,10.61,0.00,0,2,1002.83,35.23,93.38,1002.85,31.61,92.14,0.64,1002.20,33.06,98.37,-0.03,0.24,116.98,304.54,7905,0.85,1.16,9.52,1.00,0.06,-0.04,0.01,4.48,-7.35,0.29,3,8,53,0,35.2901633,136.2529733,64.20, 0.22
102749,-0.06,-0.49,9.52,1.00,-0.03,0.01,0.00,0.58,3.09,0.12,10.64,0.00,0,2,1002.84,35.24,93.32,1002.85,31.62,92.16,0.64,1002.20,33.08,98.38,-0.02,0.17,118.04,304.54,7889,0.70,0.90,9.40,1.00,0.06,-0.04,0.01,4.48,-7.35,0.29,3,8,53,0,35.2901633,136.2529733,64.20, 0.22
102803,-0.05,-0.52,9.58,1.00,-0.03,0.01,0.00,0.58,3.09,0.12,10.64,0.00,0,2,1002.84,35.23,93.26,1002.84,31.61,92.15,0.64,1002.19,33.07,98.43,-0.03,0.24,119.36,304.54,7847,0.68,1.17,9.54,1.00,0.06,-0.04,0.01,4.48,-7.36,0.29,3,8,53,0,35.2901633,136.2529733,64.20, 0.22
102860,-0.15,-0.54,9.50,1.00,-0.03,0.01,0.00,0.58,3.09,0.12,10.61,0.00,0,2,1002.84,35.23,93.26,1002.84,31.60,92.15,0.64,1002.20,33.09,98.34,-0.05,0.29,120.59,304.54,7778,0.90,1.17,9.47,1.00,0.06,-0.04,0.01,4.48,-7.36,0.29,3,8,53,0,35.2901633,136.2529733,64.20, 0.22
102917,-0.07,-0.54,9.56,1.00,-0.03,0.01,0.00,0.58,3.09,0.12,10.62,0.00,0,2,1002.84,35.23,93.31,1002.85,31.63,92.16,0.64,1002.21,33.08,98.29,-0.02,0.17,118.65,304.54,7722,0.65,1.13,9.51,1.00,0.06,-0.04,0.01,4.48,-7.36,0.29,3,8,53,0,35.2901633,136.2529733,64.20, 0.22
102970,-0.01,-0.44,9.55,1.00,-0.03,0.01,0.00,0.58,3.09,0.12,10.61,0.00,0,2,1002.84,35.24,93.29,1002.84,31.60,92.16,0.64,1002.20,33.09,98.39,-0.03,0.24,116.54,304.54,7672,0.57,1.33,9.60,1.00,0.06,-0.04,0.01,4.48,-7.36,0.29,3,8,53,0,35.2901633,136.2529733,64.20, 0.22
103027,-0.11,-0.54,9.56,1.00,-0.03,0.01,0.00,0.58,3.09,0.12,10.61,0.00,0,2,1002.84,35.24,93.30,1002.85,31.61,92.17,0.64,1002.20,33.09,98.33,-0.03,0.24,112.68,304.54,7634,0.85,1.15,9.48,1.00,0.06,-0.04,0.01,4.48,-7.36,0.29,3,8,53,0,35.2901633,136.2529733,64.20, 0.22
103079,-0.16,-0.63,9.60,1.00,-0.03,0.01,0.00,0.58,3.09,0.12,10.61,0.00,0,2,1002.84,35.24,93.30,1002.85,31.63,92.14,0.64,1002.21,33.08,98.31,-0.03,0.24,110.39,304.54,7595,0.65,0.90,9.47,1.00,0.06,-0.04,0.01,4.49,-7.36,0.30,3,8,53,0,35.2901633,136.2529733,64.20, 0.22
103138,-0.08,-0.58,9.55,1.00,-0.03,0.01,0.00,0.58,3.09,0.12,10.61,0.00,0,2,1002.84,35.25,93.28,1002.85,31.62,92.15,0.63,1002.20,33.09,98.34,-0.05,0.29,109.42,304.54,7578,0.45,0.80,9.43,1.00,0.06,-0.04,0.01,4.48,-7.35,0.29,3,8,53,0,35.2901633,136.2529733,64.20, 0.22
103188,-0.02,-0.50,9.56,1.00,-0.03,0.01,0.00,0.58,3.09,0.12,10.61,0.00,0,2,1002.84,35.24,93.32,1002.85,31.62,92.13,0.64,1002.20,33.07,98.35,-0.02,0.17,109.60,304.54,7555,0.35,1.00,9.56,1.00,0.06,-0.04,0.00,4.48,-7.35,0.28,3,8,53,0,35.2901633,136.2529733,64.20, 0.22
103244,-0.09,-0.45,9.48,1.00,-0.03,0.01,0.00,0.58,3.09,0.12,10.62,0.00,0,2,1002.84,35.26,93.29,1002.85,31.61,92.16,0.64,1002.21,33.07,98.26,-0.02,0.17,110.04,304.54,7530,0.58,1.36,9.60,1.00,0.06,-0.04,0.00,4.48,-7.36,0.27,3,8,54,0,35.2901650,136.2529800,64.20, 0.23
103298,-0.15,-0.57,9.56,1.00,-0.03,0.01,0.00,0.58,3.09,0.12,10.60,0.00,0,2,1002.84,35.25,93.33,1002.85,31.61,92.15,0.64,1002.22,33.09,98.24,-0.03,0.24,113.55,304.54,7500,0.89,1.26,9.48,1.00,0.06,-0.04,0.00,4.48,-7.35,0.25,3,8,54,0,35.2901650,136.2529800,64.20, 0.23
103352,-0.02,-0.52,9.56,1.00,-0.03,0.01,0.00,0.58,3.09,0.12,10.61,0.00,0,2,1002.84,35.25,93.32,1002.84,31.61,92.16,0.64,1002.21,33.07,98.28,-0.03,0.24,116.10,304.54,7500,1.01,1.10,9.50,1.00,0.06,-0.04,0.00,4.48,-7.34,0.25,3,8,54,0,35.2901650,136.2529800,64.20, 0.23
103409,-0.03,-0.46,9.44,1.00,-0.03,0.01,0.00,0.58,3.09,0.12,10.60,0.00,0,2,1002.84,35.26,93.32,1002.85,31.61,92.13,0.64,1002.21,33.08,98.28,-0.03,0.24,119.44,304.54,7500,0.71,0.69,9.32,1.00,0.06,-0.04,0.00,4.47,-7.32,0.24,3,8,54,0,35.2901650,136.2529800,64.20, 0.23
103460,-0.13,-0.55,9.65,1.00,-0.03,0.01,0.00,0.58,3.09,0.12,10.61,0.00,0,2,1002.84,35.25,93.31,1002.85,31.63,92.12,0.64,1002.20,33.08,98.34,-0.02,0.17,119.71,304.54,7500,0.74,1.38,9.60,1.00,0.06,-0.04,0.00,4.47,-7.34,0.24,3,8,54,0,35.2901650,136.2529800,64.20, 0.23
103517,-0.11,-0.56,9.52,1.00,-0.03,0.01,0.00,0.58,3.09,0.12,10.61,0.00,0,2,1002.84,35.25,93.29,1002.85,31.62,92.15,0.64,1002.20,33.08,98.37,-0.03,0.24,119.00,304.54,7500,0.81,0.65,9.32,1.00,0.06,-0.04,0.00,4.47,-7.31,0.24,3,8,54,0,35.2901650,136.2529800,64.20, 0.23
103570,-0.05,-0.56,9.59,1.00,-0.03,0.01,0.00,0.58,3.09,0.12,10.61,0.00,0,2,1002.84,35.25,93.28,1002.85,31.62,92.14,0.64,1002.20,33.07,98.35,-0.03,0.24,117.95,304.54,7500,0.60,0.56,9.37,1.00,0.06,-0.04,0.00,4.47,-7.31,0.23,3,8,54,0,35.2901650,136.2529800,64.20, 0.23
103628,-0.17,-0.55,9.54,1.00,-0.03,0.01,0.00,0.58,3.09,0.12,10.60,0.00,0,2,1002.84,35.24,93.30,1002.85,31.63,92.14,0.65,1002.21,33.08,98.31,-0.03,0.24,118.83,304.54,7500,0.98,1.23,9.62,1.00,0.06,-0.04,0.00,4.47,-7.33,0.22,3,8,54,0,35.2901650,136.2529800,64.20, 0.23
103678,-0.06,-0.48,9.52,1.00,-0.03,0.01,0.00,0.58,3.09,0.12,10.61,0.00,0,2,1002.84,35.26,93.33,1002.85,31.63,92.14,0.65,1002.20,33.08,98.39,-0.03,0.24,117.33,304.54,7500,0.61,1.19,9.52,1.00,0.06,-0.04,0.00,4.47,-7.33,0.22,3,8,55,0,35.2901683,136.2529767,64.70, 0.23
103736,-0.10,-0.49,9.51,1.00,-0.03,0.01,0.00,0.58,3.09,0.12,10.62,0.00,0,2,1002.84,35.26,93.33,1002.85,31.62,92.15,0.64,1002.20,33.08,98.34,-0.03,0.24,112.94,304.54,7500,0.60,1.19,9.61,1.00,0.06,-0.04,0.00,4.47,-7.33,0.20,3,8,55,0,35.2901683,136.2529767,64.70, 0.23
103789,-0.02,-0.55,9.54,1.00,-0.03,0.01,0.00,0.58,3.09,0.12,10.63,0.00,0,2,1002.83,35.25,93.35,1002.85,31.61,92.15,0.65,1002.21,33.08,98.31,-0.03,0.24,111.80,304.54,7501,0.73,1.34,9.56,1.00,0.06,-0.04,0.00,4.47,-7.33,0.20,3,8,55,0,35.2901683,136.2529767,64.70, 0.23
103841,-0.04,-0.53,9.52,1.00,-0.03,0.01,0.00,0.58,3.09,0.12,10.62,0.00,0,2,1002.84,35.26,93.31,1002.84,31.61,92.18,0.64,1002.20,33.09,98.37,-0.02,0.17,112.41,304.54,7500,0.74,1.18,9.49,1.00,0.06,-0.04,0.00,4.47,-7.33,0.20,3,8,55,0,35.2901683,136.2529767,64.70, 0.23
103898,-0.14,-0.50,9.64,1.00,-0.03,0.01,0.00,0.58,3.09,0.12,10.60,0.00,0,2,1002.84,35.25,93.29,1002.85,31.62,92.13,0.64,1002.21,33.09,98.30,-0.02,0.17,114.61,304.54,7501,0.99,1.35,9.60,1.00,0.06,-0.04,0.00,4.47,-7.33,0.18,3,8,55,0,35.2901683,136.2529767,64.70, 0.23
103951,-0.16,-0.51,9.49,1.00,-0.03,0.01,0.00,0.58,3.09,0.12,10.59,0.00,0,2,1002.84,35.26,93.31,1002.85,31.61,92.16,0.64,1002.20,33.09,98.35,-0.03,0.24,113.99,304.54,7500,1.13,0.94,9.34,1.00,0.06,-0.04,0.00,4.47,-7.34,0.16,3,8,55,0,35.2901683,136.2529767,64.70, 0.23
104008,-0.09,-0.53,9.43,1.00,-0.03,0.01,0.00,0.58,3.09,0.12,10.59,0.00,0,2,1002.84,35.26,93.29,1002.85,31.63,92.17,0.64,1002.21,33.09,98.32,-0.02,0.17,114.35,304.54,7500,0.72,0.32,9.19,1.00,0.06,-0.04,0.00,4.47,-7.32,0.16,3,8,55,0,35.2901683,136.2529767,64.70, 0.23
104067,-0.19,-0.55,9.70,1.00,-0.03,0.01,0.00,0.58,3.09,0.12,10.60,0.00,0,2,1002.84,35.25,93.32,1002.84,31.61,92.17,0.64,1002.18,33.08,98.52,-0.03,0.24,114.26,304.54,7500,0.66,1.20,9.58,1.00,0.06,-0.04,0.00,4.47,-7.36,0.15,3,8,55,0,35.2901683,136.2529767,64.70, 0.23
104119,-0.01,-0.45,9.37,1.00,-0.03,0.01,0.00,0.58,3.09,0.12,10.60,0.00,0,2,1002.84,35.26,93.31,1002.85,31.61,92.12,0.64,1002.20,33.08,98.38,-0.03,0.24,111.45,304.54,7500,0.71,0.47,9.27,1.00,0.06,-0.04,0.00,4.47,-7.33,0.15,3,8,55,0,35.2901683,136.2529767,64.70, 0.23
104177,-0.16,-0.57,9.61,1.00,-0.03,0.01,0.00,0.58,3.09,0.12,10.61,0.00,0,2,1002.84,35.26,93.33,1002.85,31.61,92.15,0.64,1002.20,33.08,98.38,-0.03,0.24,108.11,304.54,7500,0.83,1.31,9.52,1.00,0.06,-0.04,0.00,4.47,-7.35,0.15,3,8,55,0,35.2901683,136.2529767,64.70, 0.23
104229,-0.15,-0.50,9.48,1.00,-0.03,0.01,0.00,0.58,3.09,0.12,10.61,0.00,0,2,1002.84,35.26,93.29,1002.85,31.61,92.14,0.65,1002.21,33.09,98.29,-0.03,0.24,107.93,304.54,7501,0.87,1.29,9.59,1.00,0.06,-0.04,0.00,4.47,-7.35,0.15,3,8,55,0,35.2901683,136.2529767,64.70, 0.25
104286,-0.07,-0.52,9.59,1.00,-0.03,0.01,0.00,0.58,3.09,0.12,10.60,0.00,0,2,1002.84,35.26,93.28,1002.85,31.63,92.15,0.64,1002.21,33.08,98.31,-0.05,0.29,108.37,304.54,7500,0.96,1.45,9.60,1.00,0.06,-0.04,0.00,4.46,-7.35,0.13,3,8,55,0,35.2901683,136.2529767,64.70, 0.25
104339,-0.15,-0.45,9.57,1.00,-0.03,0.01,0.00,0.58,3.09,0.12,10.59,0.00,0,2,1002.84,35.25,93.31,1002.85,31.62,92.15,0.64,1002.21,33.08,98.31,-0.03,0.24,108.37,304.54,7500,0.63,0.90,9.43,1.00,0.06,-0.04,0.00,4.46,-7.34,0.13,3,8,55,0,35.2901683,136.2529767,64.70, 0.25
104395,-0.17,-0.53,9.58,1.00,-0.03,0.01,0.00,0.58,3.09,0.12,10.57,0.00,0,2,1002.84,35.24,93.27,1002.84,31.61,92.16,0.64,1002.20,33.08,98.34,-0.03,0.24,107.75,304.54,7501,0.88,1.22,9.51,1.00,0.06,-0.04,0.00,4.46,-7.35,0.13,3,8,55,0,35.2901683,136.2529767,64.70, 0.25
104449,-0.14,-0.55,9.47,1.00,-0.03,0.01,0.00,0.58,3.09,0.12,10.59,0.00,0,2,1002.84,35.26,93.27,1002.84,31.60,92.15,0.64,1002.20,33.08,98.40,-0.02,0.17,108.28,304.54,7500,0.80,1.38,9.53,1.00,0.06,-0.04,0.00,4.46,-7.34,0.13,3,8,55,0,35.2901683,136.2529767,64.70, 0.25
104506,-0.13,-0.53,9.49,1.00,-0.03,0.01,0.00,0.58,3.09,0.12,10.59,0.00,0,2,1002.84,35.26,93.29,1002.85,31.62,92.15,0.64,1002.20,33.07,98.40,-0.02,0.17,111.36,304.54,7500,0.85,1.23,9.51,1.00,0.06,-0.04,0.00,4.46,-7.34,0.13,3,8,55,0,35.2901683,136.2529767,64.70, 0.25
104557,-0.02,-0.46,9.61,1.00,-0.03,0.01,0.00,0.58,3.09,0.12,10.60,0.00,0,2,1002.84,35.27,93.27,1002.84,31.61,92.17,0.64,1002.21,33.08,98.32,-0.02,0.17,115.66,304.54,7500,0.87,1.25,9.62,1.00,0.06,-0.04,0.00,4.47,-7.34,0.14,3,8,55,0,35.2901683,136.2529767,64.70, 0.25
104615,-0.05,-0.50,9.54,1.00,-0.03,0.01,0.00,0.58,3.09,0.12,10.60,0.00,0,2,1002.84,35.27,93.30,1002.84,31.62,92.16,0.64,1002.20,33.07,98.37,-0.02,0.17,118.12,304.54,7500,0.87,0.91,9.39,1.00,0.06,-0.04,0.00,4.46,-7.34,0.13,3,8,55,0,35.2901683,136.2529767,64.70, 0.25
104668,-0.09,-0.56,9.50,1.00,-0.03,0.01,0.00,0.58,3.09,0.12,10.60,0.00,0,2,1002.84,35.27,93.27,1002.85,31.63,92.14,0.64,1002.21,33.08,98.32,-0.03,0.24,119.53,304.54,7500,0.75,0.79,9.41,1.00,0.06,-0.04,0.00,4.46,-7.33,0.12,3,8,55,0,35.2901683,136.2529767,64.70, 0.25
104722,-0.05,-0.53,9.64,1.00,-0.03,0.01,0.00,0.58,3.09,0.12,10.60,0.00,0,2,1002.84,35.26,93.33,1002.84,31.62,92.15,0.65,1002.18,33.08,98.54,-0.03,0.24,120.06,304.54,7500,0.69,0.90,9.46,1.00,0.06,-0.04,0.00,4.46,-7.34,0.13,3,8,55,0,35.2901683,136.2529767,64.70, 0.25
104777,-0.08,-0.52,9.52,1.00,-0.03,0.01,0.00,0.58,3.09,0.12,10.61,0.00,0,2,1002.84,35.26,93.31,1002.84,31.61,92.16,0.64,1002.20,33.09,98.42,-0.03,0.24,119.88,304.54,7500,0.84,1.18,9.55,1.00,0.06,-0.04,0.00,4.46,-7.33,0.12,3,8,56,0,35.2901700,136.2529783,64.70, 0.25
104835,-0.11,-0.48,9.41,1.00,-0.03,0.01,0.00,0.58,3.09,0.12,10.62,0.00,0,2,1002.84,35.27,93.33,1002.85,31.62,92.13,0.64,1002.20,33.09,98.37,-0.03,0.24,118.56,304.54,7500,0.74,0.51,9.35,1.00,0.06,-0.04,0.00,4.46,-7.32,0.12,3,8,56,0,35.2901700,136.2529783,64.70, 0.25
104888,-0.07,-0.51,9.50,1.00,-0.03,0.01,0.00,0.58,3.09,0.12,10.61,0.00,0,2,1002.84,35.27,93.30,1002.85,31.60,92.14,0.65,1002.20,33.08,98.41,-0.03,0.24,116.63,304.54,7500,0.83,0.77,9.44,1.00,0.06,-0.04,0.00,4.46,-7.32,0.12,3,8,56,0,35.2901700,136.2529783,64.70, 0.25
104940,-0.09,-0.53,9.52,1.00,-0.03,0.01,0.00,0.58,3.09,0.12,10.61,0.00,0,2,1002.84,35.26,93.32,1002.85,31.61,92.15,0.64,1002.20,33.07,98.33,-0.03,0.24,114.96,304.54,7500,0.67,1.69,9.63,1.00,0.06,-0.04,0.00,4.46,-7.34,0.13,3,8,56,0,35.2901700,136.2529783,64.70, 0.25
104996,-0.05,-0.53,9.49,1.00,-0.03,0.01,0.00,0.58,3.09,0.12,10.59,0.00,0,2,1002.84,35.26,93.32,1002.85,31.60,92.12,0.64,1002.20,33.09,98.34,-0.03,0.24,117.42,304.54,7501,0.53,1.01,9.43,1.00,0.06,-0.04,0.00,4.46,-7.32,0.12,3,8,56,0,35.2901700,136.2529783,64.70, 0.25
105049,-0.11,-0.56,9.60,1.00,-0.03,0.01,0.00,0.58,3.09,0.12,10.59,0.00,0,2,1002.84,35.27,93.30,1002.85,31.61,92.14,0.64,1002.21,33.08,98.32,-0.03,0.24,116.54,304.54,7501,0.62,1.08,9.54,1.00,0.06,-0.04,0.00,4.46,-7.32,0.12,3,8,56,0,35.2901700,136.2529783,64.70, 0.25
105106,-0.04,-0.47,9.50,1.00,-0.03,0.01,0.00,0.58,3.09,0.12,10.58,0.00,0,2,1002.84,35.27,93.28,1002.85,31.61,92.13,0.64,1002.20,33.07,98.35,-0.02,0.17,114.43,304.54,7500,0.67,1.00,9.49,1.00,0.06,-0.04,0.00,4.45,-7.31,0.12,3,8,56,0,35.2901700,136.2529783,64.70, 0.25
105157,-0.11,-0.52,9.52,1.00,-0.03,0.01,0.00,0.58,3.09,0.12,10.59,0.00,0,2,1002.84,35.26,93.29,1002.85,31.62,92.14,0.64,1002.21,33.08,98.29,-0.03,0.24,111.18,304.54,32895,0.78,1.41,9.65,1.00,0.06,-0.04,0.00,4.45,-7.30,0.12,3,8,56,0,35.2901700,136.2529783,64.70, 0.25
105214,-0.15,-0.53,9.59,1.00,-0.03,0.01,0.00,0.58,3.09,0.12,10.58,0.00,0,2,1002.84,35.27,93.28,1002.85,31.61,92.15,0.64,1002.20,33.08,98.33,-0.03,0.24,109.16,304.54,7500,0.79,1.31,9.58,1.00,0.06,-0.04,0.00,4.45,-7.30,0.11,3,8,56,0,35.2901700,136.2529783,64.70, 0.25
105268,-0.10,-0.58,9.52,1.00,-0.03,0.01,0.00,0.58,3.09,0.12,10.58,0.00,0,2,1002.85,35.27,93.23,1002.85,31.61,92.13,0.64,1002.20,33.08,98.33,-0.03,0.24,108.81,304.54,7500,0.91,1.19,9.46,1.00,0.06,-0.04,0.00,4.45,-7.31,0.11,3,8,56,0,35.2901700,136.2529783,64.70, 0.25
105325,-0.12,-0.49,9.59,1.00,-0.03,0.01,0.00,0.58,3.09,0.12,10.58,0.00,0,2,1002.84,35.27,93.29,1002.85,31.61,92.15,0.64,1002.20,33.07,98.33,-0.05,0.29,108.90,304.54,7500,0.80,0.84,9.46,1.00,0.06,-0.04,0.00,4.45,-7.31,0.11,3,8,56,0,35.2901700,136.2529783,64.70, 0.25
105376,-0.09,-0.48,9.50,1.00,-0.03,0.01,0.00,0.58,3.09,0.12,10.58,0.00,0,2,1002.84,35.28,93.26,1002.85,31.61,92.13,0.64,1002.21,33.09,98.29,-0.02,0.17,112.24,304.54,7500,0.74,1.36,9.55,1.00,0.06,-0.04,0.00,4.45,-7.31,0.11,3,8,56,0,35.2901700,136.2529783,64.70, 0.25
105433,-0.02,-0.51,9.52,1.00,-0.03,0.01,0.00,0.58,3.09,0.12,10.59,0.00,0,2,1002.84,35.27,93.27,1002.85,31.61,92.12,0.64,1002.21,33.08,98.27,-0.03,0.24,113.99,304.54,7518,0.67,1.39,9.59,1.00,0.06,-0.04,0.00,4.44,-7.31,0.11,3,8,56,0,35.2901700,136.2529783,64.70, 0.25
105486,-0.04,-0.51,9.52,1.00,-0.03,0.01,0.00,0.58,3.09,0.12,10.59,0.00,0,2,1002.84,35.27,93.31,1002.84,31.62,92.13,0.64,1002.21,33.09,98.30,-0.02,0.17,113.64,304.54,7571,0.80,1.37,9.62,1.00,0.06,-0.04,0.00,4.44,-7.31,0.11,3,8,56,0,35.2901700,136.2529783,64.70, 0.25
105544,-0.06,-0.48,9.48,1.00,-0.03,0.01,0.00,0.58,3.09,0.12,10.59,0.00,0,2,1002.84,35.26,93.32,1002.85,31.61,92.14,0.64,1002.20,33.10,98.37,-0.03,0.24,113.29,304.54,7705,0.81,1.25,9.54,1.00,0.06,-0.04,0.00,4.44,-7.30,0.11,3,8,56,0,35.2901700,136.2529783,64.70, 0.25
105597,-0.13,-0.56,9.45,1.00,-0.03,0.01,0.00,0.58,3.09,0.12,10.61,0.00,0,2,1002.84,35.29,93.30,1002.84,31.61,92.16,0.64,1002.20,33.10,98.36,-0.03,0.24,112.41,304.54,7769,0.87,1.26,9.49,1.00,0.06,-0.04,0.00,4.44,-7.30,0.11,3,8,56,0,35.2901700,136.2529783,64.70, 0.25
105650,-0.14,-0.53,9.61,1.00,-0.03,0.01,0.00,0.58,3.09,0.12,10.61,0.00,0,2,1002.84,35.28,93.33,1002.85,31.60,92.14,0.64,1002.21,33.09,98.30,-0.03,0.24,110.48,304.54,7861,0.83,1.39,9.70,1.00,0.06,-0.04,0.00,4.44,-7.31,0.09,3,8,57,0,35.2901733,136.2529867,62.40, 0.25
105706,-0.15,-0.58,9.47,1.00,-0.03,0.01,0.00,0.58,3.09,0.12,10.61,0.00,0,2,1002.84,35.27,93.30,1002.84,31.60,92.17,0.64,1002.21,33.09,98.30,-0.03,0.24,109.34,304.54,7880,0.99,1.20,9.52,1.00,0.06,-0.04,0.00,4.45,-7.31,0.08,3,8,57,0,35.2901733,136.2529867,62.40, 0.25
105760,-0.08,-0.47,9.47,1.00,-0.03,0.01,0.00,0.58,3.09,0.12,10.61,0.00,0,2,1002.84,35.27,93.31,1002.85,31.61,92.15,0.63,1002.20,33.09,98.41,-0.03,0.24,108.90,304.54,7898,0.64,1.40,9.59,1.00,0.06,-0.04,0.00,4.45,-7.31,0.08,3,8,57,0,35.2901733,136.2529867,62.40, 0.25
105816,0.04,-0.48,9.58,1.00,-0.03,0.01,0.00,0.58,3.09,0.12,10.61,0.00,0,2,1002.84,35.28,93.26,1002.84,31.59,92.14,0.64,1002.21,33.10,98.33,-0.03,0.24,108.46,304.54,7899,0.60,1.48,9.61,1.00,0.06,-0.04,0.00,4.45,-7.32,0.07,3,8,57,0,35.2901733,136.2529867,62.40, 0.25
105874,-0.05,-0.56,9.50,1.00,-0.03,0.01,0.00,0.58,3.09,0.12,10.61,0.00,0,2,1002.84,35.27,93.26,1002.84,31.60,92.16,0.64,1002.21,33.11,98.29,-0.03,0.24,108.46,304.54,7898,0.66,1.18,9.55,1.00,0.06,-0.04,0.00,4.44,-7.31,0.07,3,8,57,0,35.2901733,136.2529867,62.40, 0.25
105927,-0.17,-0.53,9.52,1.00,-0.03,0.01,0.00,0.58,3.09,0.12,10.58,0.00,0,2,1002.84,35.27,93.27,1002.85,31.61,92.15,0.64,1002.21,33.10,98.26,-0.03,0.24,108.37,304.54,7899,0.78,1.30,9.58,1.00,0.06,-0.04,0.00,4.45,-7.32,0.05,3,8,57,0,35.2901733,136.2529867,62.40, 0.25
105984,-0.19,-0.51,9.52,1.00,-0.03,0.01,0.00,0.58,3.09,0.12,10.58,0.00,0,2,1002.84,35.27,93.28,1002.85,31.61,92.15,0.64,1002.20,33.10,98.38,-0.03,0.24,108.72,304.54,7899,0.90,1.06,9.49,1.00,0.06,-0.04,0.00,4.45,-7.32,0.05,3,8,57,0,35.2901733,136.2529867,62.40, 0.25
106036,-0.09,-0.50,9.57,1.00,-0.03,0.01,0.00,0.58,3.09,0.12,10.59,0.00,0,2,1002.84,35.28,93.29,1002.85,31.61,92.13,0.64,1002.21,33.11,98.29,-0.03,0.24,106.61,304.54,7899,0.83,1.14,9.52,1.00,0.06,-0.04,0.00,4.48,-7.30,0.05,3,8,57,0,35.2901733,136.2529867,62.40, 0.25
106094,-0.03,-0.53,9.56,1.00,-0.03,0.01,0.00,0.58,3.09,0.12,10.60,0.00,0,2,1002.84,35.26,93.29,1002.84,31.60,92.17,0.64,1002.21,33.09,98.30,-0.03,0.24,106.17,304.54,7899,0.74,1.33,9.61,1.00,0.06,-0.04,0.00,4.48,-7.30,0.05,3,8,57,0,35.2901733,136.2529867,62.40, 0.25
106146,-0.15,-0.58,9.53,1.00,-0.03,0.01,0.00,0.58,3.09,0.12,10.60,0.00,0,2,1002.84,35.27,93.30,1002.85,31.61,92.15,0.64,1002.21,33.10,98.30,-0.02,0.17,106.79,304.54,7898,0.78,1.29,9.50,1.00,0.06,-0.04,0.00,4.48,-7.30,0.05,3,8,57,0,35.2901733,136.2529867,62.40, 0.25
106198,-0.17,-0.53,9.60,1.00,-0.03,0.01,0.00,0.58,3.09,0.12,10.60,0.00,0,2,1002.84,35.27,93.31,1002.84,31.60,92.17,0.64,1002.21,33.10,98.27,-0.03,0.24,106.79,304.54,7898,0.67,1.13,9.47,1.00,0.06,-0.04,0.00,4.48,-7.30,0.05,3,8,57,0,35.2901733,136.2529867,62.40, 0.25
106255,-0.13,-0.50,9.54,1.00,-0.03,0.01,0.00,0.58,3.09,0.12,10.60,0.00,0,2,1002.84,35.27,93.32,1002.84,31.60,92.11,0.65,1002.21,33.10,98.33,-0.02,0.17,106.61,304.54,7900,0.68,1.30,9.56,1.00,0.06,-0.04,0.00,4.48,-7.30,0.05,3,8,57,0,35.2901733,136.2529867,62.40, 0.23
106313,-0.10,-0.47,9.48,1.00,-0.03,0.01,0.00,0.58,3.09,0.12,10.61,0.00,0,2,1002.84,35.27,93.33,1002.84,31.61,92.18,0.64,1002.21,33.11,98.32,-0.03,0.24,107.05,304.54,7899,0.73,1.20,9.53,1.00,0.06,-0.04,0.00,4.48,-7.30,0.06,3,8,57,0,35.2901733,136.2529867,62.40, 0.23
106366,-0.04,-0.59,9.50,1.00,-0.03,0.01,0.00,0.58,3.09,0.12,10.60,0.00,0,2,1002.84,35.26,93.31,1002.85,31.60,92.14,0.64,1002.21,33.10,98.32,-0.03,0.24,107.58,304.54,7900,0.70,1.40,9.58,1.00,0.06,-0.04,0.00,4.48,-7.31,0.05,3,8,57,0,35.2901733,136.2529867,62.40, 0.23
106418,-0.04,-0.54,9.57,1.00,-0.03,0.01,0.00,0.58,3.09,0.12,10.61,0.00,0,2,1002.84,35.27,93.27,1002.85,31.60,92.11,0.64,1002.20,33.10,98.36,-0.03,0.24,110.57,304.54,7899,0.78,1.08,9.45,1.00,0.06,-0.04,0.00,4.48,-7.31,0.05,3,8,57,0,35.2901733,136.2529867,62.40, 0.23
106475,-0.12,-0.49,9.54,1.00,-0.03,0.01,0.00,0.58,3.09,0.12,10.60,0.00,0,2,1002.84,35.28,93.27,1002.85,31.62,92.13,0.64,1002.20,33.10,98.37,-0.03,0.24,111.09,304.54,7899,0.61,0.97,9.49,1.00,0.06,-0.04,0.00,4.48,-7.31,0.05,3,8,57,0,35.2901733,136.2529867,62.40, 0.23
106533,-0.19,-0.48,9.56,1.00,-0.03,0.01,0.00,0.58,3.09,0.12,10.59,0.00,0,2,1002.85,35.27,93.20,1002.85,31.60,92.15,0.64,1002.20,33.10,98.35,-0.05,0.29,110.21,304.54,7900,0.83,1.07,9.54,1.00,0.06,-0.04,0.00,4.48,-7.31,0.05,3,8,57,0,35.2901733,136.2529867,62.40, 0.23
106586,-0.12,-0.56,9.47,1.00,-0.03,0.01,0.00,0.58,3.09,0.12,10.60,0.00,0,2,1002.85,35.27,93.25,1002.84,31.60,92.15,0.64,1002.21,33.10,98.28,-0.03,0.24,107.58,304.54,7899,0.67,1.39,9.55,1.00,0.06,-0.04,0.00,4.48,-7.31,0.05,3,8,57,0,35.2901733,136.2529867,62.40, 0.23
106637,-0.05,-0.60,9.55,1.00,-0.03,0.01,0.00,0.58,3.09,0.12,10.59,0.00,0,2,1002.84,35.28,93.27,1002.84,31.61,92.18,0.64,1002.21,33.09,98.30,-0.02,0.17,106.96,304.54,7899,0.77,1.23,9.52,1.00,0.06,-0.04,0.00,4.48,-7.31,0.05,3,8,57,0,35.2901733,136.2529867,62.40, 0.23
106694,-0.09,-0.51,9.53,1.00,-0.03,0.01,0.00,0.58,3.09,0.12,10.59,0.00,0,2,1002.84,35.27,93.31,1002.85,31.60,92.13,0.64,1002.20,33.11,98.34,-0.03,0.24,107.67,304.54,7899,0.67,1.04,9.52,1.00,0.06,-0.04,0.00,4.48,-7.31,0.05,3,8,58,0,35.2901767,136.2529867,64.10, 0.23
106746,-0.13,-0.49,9.61,1.00,-0.03,0.01,0.00,0.58,3.09,0.12,10.60,0.00,0,2,1002.84,35.27,93.30,1002.85,31.61,92.13,0.64,1002.20,33.10,98.41,-0.03,0.24,107.93,304.54,7899,0.72,1.05,9.56,1.00,0.06,-0.04,0.00,4.49,-7.31,0.06,3,8,58,0,35.2901767,136.2529867,64.10, 0.23
106804,-0.07,-0.45,9.54,1.00,-0.03,0.01,0.00,0.58,3.09,0.12,10.62,0.00,0,2,1002.84,35.26,93.31,1002.84,31.59,92.16,0.64,1002.20,33.09,98.38,-0.05,0.29,108.19,304.54,7899,0.87,1.14,9.53,1.00,0.06,-0.04,0.00,4.49,-7.30,0.06,3,8,58,0,35.2901767,136.2529867,64.10, 0.23
106855,0.00,-0.54,9.55,1.00,-0.03,0.01,0.00,0.58,3.09,0.12,10.62,0.00,0,2,1002.83,35.26,93.35,1002.84,31.61,92.17,0.64,1002.20,33.09,98.41,-0.03,0.24,108.46,304.54,7899,0.67,1.33,9.58,1.00,0.06,-0.04,0.00,4.49,-7.29,0.06,3,8,58,0,35.2901767,136.2529867,64.10, 0.23
106912,-0.05,-0.55,9.57,1.00,-0.03,0.01,0.00,0.58,3.09,0.12,10.63,0.00,0,2,1002.84,35.27,93.33,1002.84,31.60,92.17,0.64,1002.20,33.08,98.36,-0.03,0.24,111.01,304.54,7900,0.83,1.23,9.53,1.00,0.06,-0.04,0.00,4.48,-7.30,0.05,3,8,58,0,35.2901767,136.2529867,64.10, 0.23
106964,-0.09,-0.51,9.56,1.00,-0.03,0.01,0.00,0.58,3.09,0.12,10.64,0.00,0,2,1002.83,35.26,93.37,1002.84,31.60,92.13,0.64,1002.20,33.09,98.38,-0.03,0.24,113.82,304.54,7899,0.73,1.35,9.56,1.00,0.06,-0.04,0.00,4.48,-7.30,0.05,3,8,58,0,35.2901767,136.2529867,64.10, 0.23
107022,-0.07,-0.53,9.52,1.00,-0.03,0.01,0.00,0.58,3.09,0.12,10.65,0.00,0,2,1002.84,35.27,93.33,1002.84,31.60,92.17,0.64,1002.17,33.10,98.60,-0.03,0.24,114.70,304.54,7899,0.72,0.98,9.45,1.00,0.06,-0.04,0.00,4.48,-7.30,0.05,3,8,58,0,35.2901767,136.2529867,64.10, 0.23
107075,-0.10,-0.50,9.51,1.00,-0.03,0.01,0.00,0.58,3.09,0.12,10.64,0.00,0,2,1002.84,35.27,93.35,1002.84,31.60,92.17,0.64,1002.18,33.09,98.52,-0.03,0.24,112.76,304.54,7900,0.78,0.91,9.45,1.00,0.06,-0.04,0.00,4.48,-7.28,0.05,3,8,58,0,35.2901767,136.2529867,64.10, 0.23
107133,-0.12,-0.55,9.47,1.00,-0.03,0.01,0.00,0.58,3.09,0.12,10.63,0.00,0,2,1002.83,35.26,93.35,1002.84,31.60,92.15,0.64,1002.20,33.10,98.41,-0.03,0.24,112.24,304.54,7900,0.85,1.41,9.51,1.00,0.06,-0.04,0.00,4.48,-7.29,0.05,3,8,58,0,35.2901767,136.2529867,64.10, 0.23
107184,-0.09,-0.55,9.47,1.00,-0.03,0.01,0.00,0.58,3.09,0.12,10.65,0.00,0,2,1002.84,35.27,93.34,1002.84,31.60,92.19,0.64,1002.20,33.10,98.41,-0.02,0.17,112.94,304.54,7900,0.73,1.27,9.57,1.00,0.06,-0.04,0.00,4.48,-7.29,0.05,3,8,58,0,35.2901767,136.2529867,64.10, 0.23
107241,-0.06,-0.50,9.55,1.00,-0.03,0.01,0.00,0.58,3.09,0.12,10.64,0.00,0,2,1002.84,35.28,93.30,1002.84,31.60,92.17,0.64,1002.20,33.10,98.41,-0.03,0.24,112.15,304.54,7899,0.67,1.28,9.57,1.00,0.06,-0.04,0.00,4.48,-7.29,0.05,3,8,58,0,35.2901767,136.2529867,64.10, 0.27
107295,0.77,-0.55,9.15,1.00,-0.03,0.01,0.00,0.58,3.10,0.12,10.63,0.00,0,2,1002.84,35.26,93.31,1002.84,31.60,92.19,0.64,1002.20,33.13,98.40,-0.03,0.24,108.98,304.63,7900,-0.02,0.61,9.83,1.00,0.06,-0.04,0.00,4.48,-7.30,0.08,3,8,58,0,35.2901767,136.2529867,64.10, 0.27
107351,-0.26,-0.58,10.32,1.00,-0.03,0.01,0.00,0.58,3.09,0.12,10.62,0.00,0,2,1002.84,35.26,93.31,1002.84,31.60,92.22,0.65,1002.20,33.10,98.36,-0.03,0.24,107.67,304.63,7900,0.22,0.41,9.09,1.00,0.06,-0.04,0.00,4.48,-7.28,0.08,3,8,58,0,35.2901767,136.2529867,64.10, 0.27
107405,0.10,-0.47,10.15,1.00,-0.03,0.01,0.00,0.59,3.11,0.12,10.61,0.00,0,2,1002.84,35.27,93.33,1002.84,31.61,92.18,0.65,1002.21,33.11,98.31,-0.03,0.24,107.14,304.80,7900,0.39,1.19,9.61,1.00,0.06,-0.04,0.00,4.49,-7.31,0.09,3,8,58,0,35.2901767,136.2529867,64.10, 0.27
107461,-0.05,-0.59,9.26,1.00,-0.03,0.00,0.00,0.56,3.12,0.12,10.61,0.00,0,2,1002.84,35.26,93.31,1002.84,31.62,92.16,0.65,1002.21,33.12,98.28,-0.03,0.24,108.54,304.80,7899,0.48,1.07,9.64,1.00,0.06,-0.04,0.00,4.45,-7.32,0.08,3,8,58,0,35.2901767,136.2529867,64.10, 0.27
107514,-0.14,-0.55,9.57,1.00,-0.03,0.00,0.00,0.56,3.12,0.12,10.61,0.00,0,2,1002.84,35.26,93.32,1002.85,31.61,92.15,0.65,1002.20,33.09,98.34,-0.03,0.24,106.79,304.80,7900,0.76,1.16,9.58,1.00,0.06,-0.04,0.00,4.45,-7.32,0.07,3,8,58,0,35.2901767,136.2529867,64.10, 0.27
107572,-0.22,-0.53,9.48,1.00,-0.03,0.00,0.00,0.56,3.13,0.12,10.61,0.00,0,2,1002.84,35.27,93.30,1002.84,31.60,92.17,0.65,1002.20,33.11,98.34,-0.03,0.24,106.79,304.72,7899,0.65,1.35,9.57,1.00,0.06,-0.04,0.00,4.46,-7.31,0.05,3,8,58,0,35.2901767,136.2529867,64.10, 0.27
107623,-0.02,-0.57,9.46,1.00,-0.03,0.00,0.00,0.56,3.13,0.12,10.60,0.00,0,2,1002.84,35.27,93.30,1002.84,31.61,92.17,0.65,1002.21,33.11,98.32,-0.05,0.29,108.28,304.72,7900,0.53,1.24,9.58,1.00,0.06,-0.04,0.00,4.47,-7.32,0.05,3,8,58,0,35.2901767,136.2529867,64.10, 0.27
107675,-0.01,-0.48,9.72,1.00,-0.03,0.00,0.00,0.56,3.13,0.12,10.60,0.00,0,2,1002.84,35.27,93.33,1002.84,31.61,92.17,0.65,1002.21,33.11,98.33,-0.03,0.24,111.01,304.72,7900,0.95,1.37,9.63,1.00,0.06,-0.04,0.00,4.46,-7.32,0.03,3,8,59,0,35.2901800,136.2529900,63.30, 0.27
107732,-0.22,-0.47,9.46,1.00,-0.03,0.00,0.00,0.56,3.13,0.12,10.60,0.00,0,2,1002.84,35.27,93.28,1002.84,31.61,92.17,0.65,1002.20,33.10,98.36,-0.03,0.24,111.71,304.72,7899,0.88,1.13,9.44,1.00,0.06,-0.04,0.00,4.46,-7.31,0.03,3,8,59,0,35.2901800,136.2529900,63.30, 0.27
107788,0.00,-0.56,9.48,1.00,-0.03,0.00,0.00,0.56,3.13,0.12,10.59,0.00,0,2,1002.84,35.27,93.26,1002.85,31.61,92.13,0.65,1002.21,33.11,98.31,-0.03,0.24,111.45,304.72,7898,0.74,0.77,9.31,1.00,0.06,-0.04,0.00,4.46,-7.31,0.02,3,8,59,0,35.2901800,136.2529900,63.30, 0.27
107843,-0.09,-0.51,9.52,1.00,-0.03,0.00,0.00,0.55,3.15,0.12,10.58,0.00,0,2,1002.84,35.27,93.27,1002.84,31.59,92.20,0.65,1002.20,33.11,98.36,-0.02,0.17,110.30,304.80,7898,0.55,1.63,9.73,1.00,0.06,-0.04,0.00,4.46,-7.35,0.00,3,8,59,0,35.2901800,136.2529900,63.30, 0.27
107895,-0.32,-0.52,9.53,1.00,-0.03,0.00,0.00,0.56,3.15,0.12,10.58,0.00,0,2,1002.84,35.27,93.31,1002.84,31.61,92.17,0.65,1002.20,33.11,98.39,-0.03,0.24,110.21,304.72,7900,0.54,1.18,9.64,1.00,0.06,-0.04,0.00,4.46,-7.33,0.01,3,8,59,0,35.2901800,136.2529900,63.30, 0.27
107952,-0.06,-0.71,9.69,1.00,-0.03,0.00,0.00,0.56,3.14,0.12,10.59,0.00,0,2,1002.84,35.26,93.29,1002.84,31.59,92.15,0.64,1002.20,33.13,98.35,-0.02,0.17,110.13,304.89,7899,0.46,1.73,9.79,1.00,0.06,-0.04,0.00,4.46,-7.35,0.01,3,8,59,0,35.2901800,136.2529900,63.30, 0.27
108011,-0.06,-0.53,9.51,1.00,-0.03,0.00,0.00,0.56,3.15,0.12,10.59,0.00,0,2,1002.84,35.28,93.26,1002.84,31.60,92.17,0.64,1002.21,33.12,98.34,-0.05,0.29,109.95,305.24,7900,0.66,0.75,9.39,1.00,0.06,-0.04,0.00,4.46,-7.33,-0.01,3,8,59,0,35.2901800,136.2529900,63.30, 0.27
108064,-0.28,-0.57,9.64,1.00,-0.03,0.00,0.00,0.57,3.15,0.12,10.58,0.00,0,2,1002.84,35.28,93.29,1002.84,31.61,92.17,0.64,1002.21,33.11,98.32,-0.03,0.24,109.95,305.33,7899,0.73,0.65,9.32,1.00,0.06,-0.04,0.00,4.46,-7.33,-0.01,3,8,59,0,35.2901800,136.2529900,63.30, 0.27
108120,-0.05,-0.48,9.60,1.00,-0.03,0.01,0.00,0.58,3.15,0.12,10.58,0.00,0,2,1002.84,35.29,93.29,1002.85,31.61,92.13,0.64,1002.20,33.11,98.38,-0.02,0.17,109.95,305.33,7900,1.02,1.40,9.56,1.00,0.06,-0.04,0.00,4.46,-7.34,-0.01,3,8,59,0,35.2901800,136.2529900,63.30, 0.27
108172,0.00,-0.48,9.47,1.00,-0.03,0.01,0.00,0.58,3.15,0.12,10.58,0.00,0,2,1002.84,35.29,93.32,1002.84,31.62,92.13,0.64,1002.20,33.13,98.34,-0.03,0.24,109.34,305.33,7907,0.58,0.97,9.53,1.00,0.06,-0.04,0.00,4.46,-7.34,0.01,3,8,59,0,35.2901800,136.2529900,63.30, 0.27
108230,0.00,-0.51,9.58,1.00,-0.03,0.00,0.00,0.57,3.15,0.12,10.58,0.00,0,2,1002.84,35.29,93.29,1002.85,31.60,92.17,0.64,1002.21,33.11,98.31,-0.03,0.24,108.72,305.33,8026,0.72,1.13,9.55,1.00,0.06,-0.04,0.00,4.45,-7.35,0.01,3,8,59,0,35.2901800,136.2529900,63.30, 0.27
108283,-0.15,-0.58,9.51,1.00,-0.03,0.00,0.00,0.57,3.15,0.12,10.57,0.00,0,2,1002.84,35.28,93.28,1002.85,31.61,92.13,0.64,1002.21,33.12,98.30,-0.03,0.24,108.63,305.33,8120,0.84,1.16,9.39,1.00,0.06,-0.04,0.00,4.45,-7.35,0.02,3,8,59,0,35.2901800,136.2529900,63.30, 0.27
108335,-0.13,-0.60,9.61,1.00,-0.03,0.01,0.00,0.58,3.15,0.12,10.56,0.00,0,2,1002.85,35.27,93.25,1002.85,31.61,92.12,0.64,1002.21,33.12,98.30,-0.03,0.24,108.72,305.33,8190,0.79,1.23,9.50,1.00,0.06,-0.04,0.00,4.45,-7.35,0.02,3,8,59,0,35.2901800,136.2529900,63.30, 0.27
108391,0.02,-0.53,9.52,1.00,-0.03,0.01,0.00,0.58,3.16,0.12,10.56,0.00,0,2,1002.84,35.27,93.26,1002.85,31.61,92.15,0.64,1002.21,33.13,98.32,-0.03,0.24,108.72,305.33,8257,0.63,1.13,9.57,1.00,0.06,-0.04,0.00,4.45,-7.35,0.02,3,8,59,0,35.2901800,136.2529900,63.30, 0.27
108446,-0.10,-0.50,9.53,1.00,-0.03,0.00,0.00,0.57,3.16,0.12,10.57,0.00,0,2,1002.84,35.26,93.30,1002.84,31.61,92.18,0.64,1002.21,33.13,98.26,-0.05,0.29,109.07,305.33,8343,0.83,0.64,9.28,1.00,0.06,-0.04,0.00,4.45,-7.33,0.01,3,8,59,0,35.2901800,136.2529900,63.30, 0.27
108502,-0.12,-0.57,9.54,1.00,-0.03,0.01,0.00,0.58,3.15,0.12,10.58,0.00,0,2,1002.84,35.27,93.31,1002.85,31.63,92.14,0.64,1002.20,33.12,98.37,-0.03,0.24,108.02,305.33,8345,0.83,1.32,9.50,1.00,0.06,-0.04,0.00,4.45,-7.33,0.01,3,8,59,0,35.2901800,136.2529900,63.30, 0.27
108555,-0.10,-0.50,9.51,1.00,-0.03,0.01,0.00,0.58,3.16,0.12,10.58,0.00,0,2,1002.84,35.27,93.27,1002.84,31.60,92.19,0.64,1002.21,33.11,98.31,-0.03,0.24,107.84,305.51,8344,0.79,1.29,9.53,1.00,0.06,-0.04,0.00,4.45,-7.35,0.01,3,8,59,0,35.2901800,136.2529900,63.30, 0.27
108611,-0.13,-0.46,9.55,1.00,-0.03,0.01,0.00,0.58,3.16,0.12,10.59,0.00,0,2,1002.84,35.29,93.27,1002.84,31.60,92.20,0.64,1002.21,33.12,98.30,-0.03,0.24,107.93,305.51,8344,0.72,1.51,9.70,1.00,0.06,-0.04,0.00,4.45,-7.37,0.01,3,8,59,0,35.2901800,136.2529900,63.30, 0.27
108669,-0.02,-0.49,9.43,1.00,-0.03,0.01,0.00,0.58,3.16,0.12,10.60,0.00,0,2,1002.84,35.27,93.33,1002.84,31.61,92.18,0.64,1002.21,33.13,98.33,-0.02,0.17,108.02,305.51,8344,0.76,0.87,9.35,1.00,0.06,-0.04,0.00,4.45,-7.35,0.01,3,9,0,0,35.2901800,136.2529883,62.70, 0.27
108722,-0.11,-0.56,9.60,1.00,-0.03,0.01,0.00,0.58,3.16,0.12,10.61,0.00,0,2,1002.84,35.27,93.33,1002.84,31.63,92.16,0.64,1002.21,33.11,98.31,-0.03,0.24,107.84,305.51,8344,0.75,1.15,9.59,1.00,0.06,-0.04,0.00,4.45,-7.36,0.01,3,9,0,0,35.2901800,136.2529883,62.70, 0.27
108780,-0.07,-0.49,9.55,1.00,-0.03,0.01,0.00,0.58,3.16,0.12,10.61,0.00,0,2,1002.84,35.27,93.33,1002.84,31.62,92.20,0.64,1002.20,33.12,98.35,-0.03,0.24,107.58,305.51,8344,0.72,1.12,9.39,1.00,0.06,-0.04,0.00,4.45,-7.35,0.01,3,9,0,0,35.2901800,136.2529883,62.70, 0.27
108833,-0.01,-0.50,9.62,1.00,-0.03,0.01,0.00,0.58,3.16,0.12,10.61,0.00,0,2,1002.84,35.27,93.32,1002.84,31.62,92.21,0.64,1002.21,33.12,98.34,-0.03,0.24,108.11,305.51,8344,0.71,1.40,9.52,1.00,0.06,-0.04,0.00,4.46,-7.35,0.01,3,9,0,0,35.2901800,136.2529883,62.70, 0.27
108890,-0.10,-0.58,9.38,1.00,-0.03,0.01,0.00,0.58,3.16,0.12,10.62,0.00,0,2,1002.84,35.28,93.31,1002.84,31.62,92.21,0.64,1002.21,33.13,98.33,-0.02,0.17,107.93,305.51,8344,0.70,1.36,9.64,1.00,0.06,-0.04,0.00,4.46,-7.35,0.01,3,9,0,0,35.2901800,136.2529883,62.70, 0.27
108941,-0.15,-0.51,9.39,1.00,-0.03,0.01,0.00,0.58,3.17,0.12,10.61,0.00,0,2,1002.84,35.28,93.31,1002.84,31.64,92.20,0.64,1002.20,33.13,98.37,-0.03,0.24,108.02,305.42,8345,0.93,1.19,9.52,1.00,0.06,-0.04,0.00,4.45,-7.36,0.02,3,9,0,0,35.2901800,136.2529883,62.70, 0.27
108994,-0.07,-0.49,9.62,1.00,-0.03,0.01,0.00,0.58,3.17,0.12,10.62,0.00,0,2,1002.84,35.27,93.31,1002.84,31.63,92.17,0.64,1002.21,33.12,98.34,-0.02,0.17,107.49,305.51,8344,0.79,1.49,9.64,1.00,0.06,-0.04,0.00,4.45,-7.36,0.02,3,9,0,0,35.2901800,136.2529883,62.70, 0.27
109051,-0.01,-0.54,9.52,1.00,-0.03,0.01,0.00,0.58,3.17,0.12,10.61,0.00,0,2,1002.84,35.27,93.28,1002.84,31.63,92.15,0.64,1002.20,33.11,98.36,-0.05,0.29,107.49,305.51,8344,0.64,1.39,9.64,1.00,0.06,-0.04,0.00,4.45,-7.37,0.02,3,9,0,0,35.2901800,136.2529883,62.70, 0.27
109103,-0.04,-0.54,9.52,1.00,-0.03,0.01,0.00,0.58,3.17,0.12,10.61,0.00,0,2,1002.84,35.27,93.27,1002.84,31.62,92.20,0.64,1002.21,33.14,98.32,-0.02,0.17,107.40,305.51,8344,0.57,0.77,9.36,1.00,0.06,-0.04,0.00,4.45,-7.35,0.02,3,9,0,0,35.2901800,136.2529883,62.70, 0.27
109160,-0.05,-0.57,9.65,1.00,-0.03,0.01,0.00,0.58,3.17,0.12,10.61,0.00,0,2,1002.84,35.25,93.26,1002.84,31.62,92.21,0.64,1002.20,33.12,98.37,-0.05,0.29,107.75,305.51,8343,0.82,1.65,9.73,1.00,0.06,-0.04,0.00,4.45,-7.38,0.02,3,9,0,0,35.2901800,136.2529883,62.70, 0.27
109217,-0.14,-0.50,9.45,1.00,-0.03,0.01,0.00,0.58,3.17,0.12,10.61,0.00,0,2,1002.84,35.27,93.33,1002.84,31.63,92.19,0.64,1002.20,33.13,98.34,-0.03,0.24,108.02,305.51,8343,0.92,1.10,9.44,1.00,0.06,-0.04,0.00,4.45,-7.37,0.02,3,9,0,0,35.2901800,136.2529883,62.70, 0.27
109272,-0.13,-0.51,9.51,1.00,-0.03,0.01,0.00,0.58,3.17,0.12,10.62,0.00,0,2,1002.84,35.27,93.30,1002.84,31.62,92.16,0.64,1002.19,33.13,98.45,-0.03,0.24,108.37,305.51,8342,0.83,1.15,9.58,1.00,0.06,-0.04,0.00,4.47,-7.37,0.02,3,9,0,0,35.2901800,136.2529883,62.70, 0.27
109328,-0.04,-0.59,9.49,1.00,-0.03,0.01,0.00,0.58,3.17,0.12,10.62,0.00,0,2,1002.83,35.27,93.35,1002.84,31.63,92.18,0.64,1002.20,33.12,98.40,-0.02,0.17,107.93,305.51,8345,0.80,1.47,9.53,1.00,0.06,-0.04,0.00,4.47,-7.37,0.02,3,9,0,0,35.2901800,136.2529883,62.70, 0.27
109380,-0.07,-0.51,9.54,1.00,-0.03,0.01,0.00,0.58,3.17,0.12,10.62,0.00,0,2,1002.84,35.28,93.29,1002.84,31.63,92.17,0.64,1002.20,33.11,98.36,-0.03,0.24,107.40,305.51,8344,0.62,1.10,9.51,1.00,0.06,-0.04,0.00,4.47,-7.37,0.02,3,9,0,0,35.2901800,136.2529883,62.70, 0.27
109433,-0.08,-0.50,9.57,1.00,-0.03,0.01,0.00,0.58,3.17,0.12,10.62,0.00,0,2,1002.84,35.26,93.33,1002.84,31.62,92.17,0.64,1002.21,33.13,98.31,-0.03,0.24,107.49,305.42,8344,0.79,1.40,9.55,1.00,0.06,-0.04,0.00,4.47,-7.37,0.03,3,9,0,0,35.2901800,136.2529883,62.70, 0.27
109489,-0.09,-0.50,9.50,1.00,-0.03,0.01,0.00,0.58,3.17,0.12,10.60,0.00,0,2,1002.84,35.27,93.31,1002.84,31.64,92.20,0.64,1002.20,33.13,98.39,-0.03,0.24,107.58,305.42,8344,0.74,1.49,9.62,1.00,0.06,-0.04,0.00,4.47,-7.37,0.03,3,9,0,0,35.2901800,136.2529883,62.70, 0.27
109543,-0.07,-0.56,9.50,1.00,-0.03,0.01,0.00,0.58,3.17,0.12,10.61,0.00,0,2,1002.84,35.27,93.33,1002.84,31.64,92.19,0.64,1002.20,33.13,98.34,-0.05,0.29,107.93,305.42,8344,0.70,0.92,9.48,1.00,0.06,-0.04,0.00,4.47,-7.37,0.03,3,9,0,0,35.2901800,136.2529883,62.70, 0.27
109600,-0.08,-0.54,9.53,1.00,-0.03,0.01,0.00,0.58,3.17,0.12,10.62,0.00,0,2,1002.84,35.28,93.29,1002.85,31.63,92.15,0.64,1002.21,33.13,98.35,-0.03,0.24,107.93,305.42,8344,0.71,1.41,9.62,1.00,0.06,-0.04,0.00,4.47,-7.37,0.03,3,9,0,0,35.2901800,136.2529883,62.70, 0.27
109651,-0.07,-0.58,9.52,1.00,-0.03,0.01,0.00,0.58,3.17,0.12,10.61,0.00,0,2,1002.84,35.27,93.27,1002.84,31.63,92.20,0.64,1002.21,33.13,98.31,-0.05,0.29,107.75,305.51,8343,0.75,1.45,9.55,1.00,0.06,-0.04,0.00,4.47,-7.37,0.03,3,9,0,0,35.2901800,136.2529883,62.70, 0.19
109709,-0.04,-0.55,9.64,1.00,-0.03,0.01,0.00,0.58,3.17,0.12,10.60,0.00,0,2,1002.84,35.26,93.29,1002.84,31.61,92.19,0.64,1002.21,33.14,98.32,-0.03,0.24,107.84,305.51,8344,0.59,1.17,9.59,1.00,0.06,-0.04,0.00,4.47,-7.37,0.03,3,9,1,0,35.2901750,136.2529867,62.20, 0.19
109765,-0.18,-0.50,9.53,1.00,-0.03,0.01,0.00,0.58,3.17,0.12,10.59,0.00,0,2,1002.84,35.26,93.32,1002.84,31.62,92.25,0.64,1002.21,33.14,98.34,-0.03,0.24,107.31,305.77,8344,0.81,1.24,9.56,1.00,0.06,-0.04,0.00,4.47,-7.37,0.03,3,9,1,0,35.2901750,136.2529867,62.20, 0.19
109820,-0.11,-0.50,9.49,1.00,-0.03,0.01,0.00,0.58,3.17,0.12,10.60,0.00,0,2,1002.84,35.27,93.32,1002.84,31.62,92.19,0.64,1002.21,33.14,98.32,-0.03,0.24,106.70,306.12,8225,0.84,1.04,9.47,1.00,0.06,-0.04,0.00,4.47,-7.37,0.03,3,9,1,0,35.2901750,136.2529867,62.20, 0.19
109877,-0.07,-0.58,9.51,1.00,-0.03,0.01,0.00,0.58,3.17,0.12,10.60,0.00,0,2,1002.84,35.27,93.30,1002.84,31.63,92.19,0.64,1002.20,33.13,98.36,-0.03,0.24,106.96,306.04,8098,0.71,1.19,9.54,1.00,0.06,-0.04,0.00,4.47,-7.37,0.03,3,9,1,0,35.2901750,136.2529867,62.20, 0.19
109930,-0.05,-0.55,9.57,1.00,-0.03,0.01,0.00,0.58,3.17,0.12,10.60,0.00,0,2,1002.84,35.27,93.31,1002.84,31.62,92.23,0.64,1002.19,33.14,98.46,-0.03,0.24,107.05,306.12,7907,0.90,1.21,9.51,1.00,0.06,-0.04,0.00,4.47,-7.37,0.02,3,9,1,0,35.2901750,136.2529867,62.20, 0.19
109986,-0.15,-0.53,9.53,1.00,-0.03,0.01,0.00,0.58,3.17,0.12,10.60,0.00,0,2,1002.84,35.27,93.28,1002.84,31.62,92.25,0.64,1002.20,33.12,98.38,-0.05,0.29,106.26,306.12,7900,0.85,1.29,9.62,1.00,0.06,-0.04,0.00,4.47,-7.37,0.01,3,9,1,0,35.2901750,136.2529867,62.20, 0.19
110040,-0.11,-0.47,9.59,1.00,-0.03,0.01,0.00,0.58,3.17,0.12,10.62,0.00,0,2,1002.84,35.28,93.26,1002.84,31.63,92.20,0.64,1002.20,33.13,98.40,-0.03,0.24,106.08,306.12,7900,0.68,1.12,9.51,1.00,0.06,-0.04,0.00,4.48,-7.37,0.01,3,9,1,0,35.2901750,136.2529867,62.20, 0.19
110094,-0.22,-0.54,9.52,1.00,-0.03,0.01,0.00,0.58,3.17,0.12,10.62,0.00,0,2,1002.84,35.26,93.27,1002.84,31.63,92.22,0.64,1002.21,33.13,98.29,-0.03,0.24,106.17,306.12,7900,0.85,1.19,9.52,1.00,0.06,-0.04,0.00,4.49,-7.36,0.03,3,9,1,0,35.2901750,136.2529867,62.20, 0.19
110149,-0.06,-0.56,9.51,1.00,-0.03,0.01,0.00,0.58,3.17,0.14,10.59,0.00,0,2,1002.84,35.27,93.30,1002.84,31.62,92.21,0.64,1002.21,33.12,98.26,-0.03,0.24,106.00,306.12,7900,0.61,1.13,9.53,1.00,0.06,-0.04,0.00,4.49,-7.36,0.05,3,9,1,0,35.2901750,136.2529867,62.20, 0.19
110201,0.06,-0.56,9.61,1.00,-0.03,0.01,0.00,0.58,3.17,0.14,10.59,0.00,0,2,1002.84,35.28,93.28,1002.85,31.63,92.21,0.64,1002.21,33.13,98.31,-0.02,0.17,106.35,306.12,7900,0.63,1.15,9.52,1.00,0.06,-0.04,0.00,4.49,-7.36,0.05,3,9,1,0,35.2901750,136.2529867,62.20, 0.19
110258,-0.02,-0.47,9.55,1.00,-0.03,0.01,0.00,0.58,3.17,0.13,10.60,0.00,0,2,1002.84,35.28,93.31,1002.84,31.63,92.19,0.64,1002.21,33.14,98.30,-0.03,0.24,107.49,306.12,7899,0.84,1.22,9.51,1.00,0.06,-0.04,0.00,4.46,-7.35,0.05,3,9,1,0,35.2901750,136.2529867,62.20, 0.15
110315,-0.22,-0.51,9.51,1.00,-0.03,0.01,0.00,0.58,3.17,0.13,10.59,0.00,0,2,1002.84,35.27,93.33,1002.84,31.63,92.17,0.64,1002.21,33.14,98.30,-0.03,0.24,107.67,306.12,7900,0.73,1.20,9.52,1.00,0.06,-0.04,0.00,4.46,-7.35,0.04,3,9,1,0,35.2901750,136.2529867,62.20, 0.15
110370,-0.24,-0.53,9.61,1.00,-0.03,0.01,0.00,0.58,3.17,0.13,10.60,0.00,0,2,1002.84,35.25,93.31,1002.84,31.64,92.21,0.64,1002.21,33.13,98.31,-0.02,0.17,107.75,306.12,7900,0.69,1.35,9.55,1.00,0.06,-0.04,0.00,4.50,-7.35,0.05,3,9,1,0,35.2901750,136.2529867,62.20, 0.15
110427,-0.01,-0.59,9.57,1.00,-0.03,0.01,0.00,0.58,3.17,0.13,10.60,0.00,0,2,1002.84,35.27,93.30,1002.84,31.62,92.21,0.64,1002.21,33.13,98.29,-0.05,0.29,107.84,306.12,7900,0.70,1.13,9.50,1.00,0.06,-0.04,0.00,4.50,-7.35,0.05,3,9,1,0,35.2901750,136.2529867,62.20, 0.15
110478,-0.07,-0.54,9.49,1.00,-0.03,0.01,0.00,0.58,3.17,0.13,10.60,0.00,0,2,1002.84,35.29,93.27,1002.84,31.63,92.15,0.64,1002.20,33.13,98.38,-0.03,0.24,107.67,306.12,7900,0.66,1.06,9.53,1.00,0.06,-0.04,0.00,4.49,-7.36,0.05,3,9,1,0,35.2901750,136.2529867,62.20, 0.15
110535,-0.10,-0.48,9.55,1.00,-0.03,0.01,0.00,0.58,3.17,0.13,10.60,0.00,0,2,1002.84,35.28,93.31,1002.84,31.65,92.19,0.64,1002.20,33.14,98.38,-0.03,0.24,107.75,306.12,7898,0.82,1.05,9.46,1.00,0.06,-0.04,0.00,4.49,-7.35,0.05,3,9,1,0,35.2901750,136.2529867,62.20, 0.15
110590,-0.13,-0.48,9.58,1.00,-0.03,0.01,0.00,0.58,3.17,0.13,10.59,0.00,0,2,1002.84,35.28,93.29,1002.84,31.64,92.19,0.64,1002.20,33.14,98.39,-0.03,0.24,107.75,306.12,7898,0.77,1.34,9.62,1.00,0.06,-0.04,0.00,4.50,-7.35,0.05,3,9,1,0,35.2901750,136.2529867,62.20, 0.15
110640,-0.07,-0.55,9.50,1.00,-0.03,0.01,0.00,0.58,3.17,0.13,10.61,0.00,0,2,1002.84,35.28,93.31,1002.84,31.62,92.21,0.63,1002.20,33.14,98.37,-0.03,0.24,108.19,306.12,7898,0.71,1.10,9.50,1.00,0.06,-0.04,0.00,4.50,-7.35,0.05,3,9,1,0,35.2901750,136.2529867,62.20, 0.15
110698,-0.04,-0.55,9.58,1.00,-0.03,0.01,0.00,0.58,3.17,0.13,10.61,0.00,0,2,1002.84,35.28,93.29,1002.84,31.63,92.19,0.64,1002.19,33.14,98.44,-0.05,0.29,108.72,305.51,7900,0.74,1.38,9.60,1.00,0.06,-0.04,0.00,4.49,-7.35,0.05,3,9,2,0,35.2901700,136.2529900,61.30, 0.15
110752,-0.05,-0.53,9.54,1.00,-0.03,0.01,0.00,0.58,3.17,0.13,10.61,0.00,0,2,1002.84,35.27,93.30,1002.84,31.65,92.21,0.64,1002.20,33.14,98.37,-0.02,0.17,108.37,305.42,7900,0.69,1.45,9.54,1.00,0.06,-0.04,0.00,4.48,-7.35,0.05,3,9,2,0,35.2901700,136.2529900,61.30, 0.15
110809,0.01,-0.33,10.99,1.00,-0.03,0.00,0.00,0.55,3.21,0.10,10.61,0.00,0,2,1002.84,35.28,93.31,1002.84,31.63,92.23,0.64,1002.21,33.14,98.30,-0.02,0.17,108.54,305.51,7900,1.02,3.44,10.11,1.00,0.06,-0.04,0.00,4.46,-7.40,-0.02,3,9,2,0,35.2901700,136.2529900,61.30, 0.15
110866,-0.53,-0.47,9.18,1.00,-0.03,0.00,0.00,0.55,3.18,0.10,10.61,0.00,0,2,1002.84,35.28,93.32,1002.84,31.63,92.21,0.64,1002.20,33.13,98.39,-0.03,0.24,108.02,305.60,7900,1.84,2.93,10.06,1.00,0.06,-0.04,0.00,4.46,-7.36,-0.02,3,9,2,0,35.2901700,136.2529900,61.30, 0.15
110918,-0.10,-0.50,9.65,1.00,-0.03,0.01,0.00,0.58,3.17,0.10,10.62,0.00,0,2,1002.84,35.28,93.32,1002.84,31.63,92.20,0.64,1002.20,33.14,98.36,-0.03,0.24,106.79,305.60,7901,0.26,0.69,9.54,1.00,0.06,-0.04,0.00,4.46,-7.38,0.02,3,9,2,0,35.2901700,136.2529900,61.30, 0.15
110975,-0.14,-0.63,9.49,1.00,-0.03,0.01,0.00,0.58,3.17,0.10,10.62,0.00,0,2,1002.84,35.28,93.31,1002.84,31.63,92.20,0.64,1002.20,33.14,98.37,-0.03,0.24,106.44,305.60,7901,0.70,3.03,10.18,1.00,0.06,-0.04,0.00,4.46,-7.40,0.02,3,9,2,0,35.2901700,136.2529900,61.30, 0.15
111028,-0.05,-0.58,9.29,1.00,-0.03,0.01,0.00,0.58,3.17,0.10,10.62,0.00,0,2,1002.84,35.27,93.30,1002.84,31.64,92.18,0.64,1002.20,33.14,98.35,-0.03,0.24,106.08,305.60,7900,0.55,1.86,9.74,1.00,0.06,-0.04,0.00,4.46,-7.37,0.01,3,9,2,0,35.2901700,136.2529900,61.30, 0.15
111087,-0.08,-0.54,9.61,1.00,-0.03,0.01,0.00,0.58,3.17,0.10,10.60,0.00,0,2,1002.84,35.28,93.32,1002.84,31.65,92.18,0.64,1002.21,33.13,98.31,-0.03,0.24,106.00,305.60,7901,0.75,1.10,9.53,1.00,0.06,-0.04,0.00,4.46,-7.37,0.02,3,9,2,0,35.2901700,136.2529900,61.30, 0.15
111139,-0.11,-0.47,9.61,1.00,-0.03,0.01,0.00,0.58,3.17,0.10,10.58,0.00,0,2,1002.84,35.28,93.32,1002.85,31.65,92.16,0.64,1002.21,33.13,98.29,-0.03,0.24,106.52,305.60,7902,0.81,1.69,9.73,1.00,0.06,-0.04,0.00,4.46,-7.37,0.01,3,9,2,0,35.2901700,136.2529900,61.30, 0.15
111192,-0.07,-0.56,9.48,1.00,-0.03,0.01,0.00,0.58,3.17,0.10,10.59,0.00,0,2,1002.85,35.29,93.26,1002.84,31.63,92.22,0.64,1002.21,33.14,98.30,-0.03,0.24,107.14,305.60,7901,0.58,1.74,9.72,1.00,0.06,-0.04,0.00,4.46,-7.38,0.01,3,9,2,0,35.2901700,136.2529900,61.30, 0.15
111248,-0.09,-0.51,9.59,1.00,-0.03,0.01,0.00,0.58,3.17,0.10,10.60,0.00,0,2,1002.84,35.28,93.28,1002.84,31.65,92.17,0.64,1002.21,33.13,98.33,-0.02,0.17,107.14,305.60,7902,0.74,1.52,9.61,1.00,0.06,-0.04,0.00,4.46,-7.36,0.02,3,9,2,0,35.2901700,136.2529900,61.30, 0.13
111306,-0.17,-0.54,9.63,1.00,-0.03,0.01,0.00,0.58,3.17,0.10,10.58,0.00,0,2,1002.84,35.27,93.26,1002.84,31.65,92.22,0.64,1002.20,33.12,98.37,-0.03,0.24,106.88,305.51,7902,1.25,0.96,9.41,1.00,0.06,-0.04,0.00,4.46,-7.36,0.00,3,9,2,0,35.2901700,136.2529900,61.30, 0.13
111359,-0.12,-0.58,9.75,1.00,-0.03,0.01,0.00,0.58,3.18,0.10,10.58,0.00,0,2,1002.84,35.28,93.31,1002.84,31.64,92.23,0.64,1002.21,33.14,98.30,-0.03,0.24,106.79,305.60,7903,1.16,1.57,9.59,1.00,0.06,-0.04,0.00,4.46,-7.38,-0.01,3,9,2,0,35.2901700,136.2529900,61.30, 0.13
111417,-0.08,-0.47,9.19,1.00,-0.03,0.01,0.00,0.58,3.16,0.10,10.59,0.00,0,2,1002.84,35.28,93.31,1002.84,31.65,92.21,0.64,1002.20,33.13,98.39,-0.02,0.17,107.23,305.60,7903,0.94,0.64,9.27,1.00,0.06,-0.04,0.00,4.46,-7.36,0.02,3,9,2,0,35.2901700,136.2529900,61.30, 0.13
111468,-0.04,-0.56,9.69,1.00,-0.03,0.01,0.00,0.58,3.16,0.10,10.60,0.00,0,2,1002.84,35.28,93.29,1002.84,31.65,92.17,0.64,1002.21,33.15,98.31,-0.03,0.24,107.49,305.60,7901,1.30,1.03,9.42,1.00,0.06,-0.04,0.00,4.46,-7.40,0.02,3,9,2,0,35.2901700,136.2529900,61.30, 0.13
111522,-0.12,-0.52,9.47,1.00,-0.03,0.01,0.00,0.58,3.16,0.10,10.60,0.00,0,2,1002.84,35.28,93.29,1002.84,31.66,92.20,0.64,1002.20,33.14,98.35,-0.05,0.29,107.31,305.60,7901,0.67,0.68,9.31,1.00,0.06,-0.04,0.00,4.46,-7.37,0.04,3,9,2,0,35.2901700,136.2529900,61.30, 0.13
111578,-0.03,-0.55,9.47,1.00,-0.03,0.01,0.00,0.58,3.16,0.10,10.59,0.00,0,2,1002.84,35.27,93.28,1002.85,31.65,92.16,0.64,1002.21,33.14,98.34,-0.02,0.17,107.31,305.60,7901,0.89,0.92,9.40,1.00,0.06,-0.04,0.00,4.46,-7.38,0.03,3,9,2,0,35.2901700,136.2529900,61.30, 0.13
111635,-0.09,-0.56,9.53,1.00,-0.03,0.00,0.00,0.57,3.17,0.10,10.60,0.00,0,2,1002.84,35.27,93.31,1002.84,31.65,92.19,0.64,1002.21,33.15,98.35,-0.02,0.17,107.14,305.60,7901,0.81,0.98,9.51,1.00,0.06,-0.04,0.00,4.46,-7.39,0.03,3,9,2,0,35.2901700,136.2529900,61.30, 0.13
111687,-0.08,-0.47,9.63,1.00,-0.03,0.01,0.00,0.58,3.17,0.10,10.60,0.00,0,2,1002.84,35.29,93.30,1002.84,31.65,92.19,0.64,1002.21,33.16,98.31,-0.05,0.29,106.79,305.60,7901,0.82,1.60,9.62,1.00,0.06,-0.04,0.00,4.46,-7.38,0.02,3,9,3,0,35.2901683,136.2529850,63.00, 0.13
111740,-0.04,-0.55,9.59,1.00,-0.03,0.01,0.00,0.58,3.17,0.10,10.61,0.00,0,2,1002.84,35.28,93.32,1002.84,31.65,92.22,0.64,1002.21,33.15,98.33,-0.02,0.17,106.88,305.51,7901,0.87,1.90,9.74,1.00,0.06,-0.04,0.00,4.46,-7.40,0.01,3,9,3,0,35.2901683,136.2529850,63.00, 0.13
111797,-0.18,-0.50,9.54,1.00,-0.03,0.01,0.00,0.58,3.16,0.10,10.61,0.00,0,2,1002.84,35.28,93.31,1002.84,31.65,92.19,0.64,1002.21,33.16,98.33,-0.03,0.24,107.93,305.51,7903,0.72,0.24,9.21,1.00,0.06,-0.04,0.00,4.46,-7.35,0.03,3,9,3,0,35.2901683,136.2529850,63.00, 0.13
111850,-0.12,-0.56,9.59,1.00,-0.03,0.01,0.00,0.58,3.16,0.10,10.61,0.00,0,2,1002.84,35.28,93.32,1002.84,31.63,92.20,0.64,1002.21,33.15,98.33,-0.03,0.24,109.07,305.51,7903,0.75,0.79,9.47,1.00,0.06,-0.04,0.00,4.46,-7.38,0.02,3,9,3,0,35.2901683,136.2529850,63.00, 0.13
111906,-0.07,-0.53,9.50,1.00,-0.03,0.01,0.00,0.58,3.16,0.10,10.61,0.00,0,2,1002.84,35.27,93.29,1002.84,31.64,92.23,0.64,1002.21,33.13,98.34,-0.03,0.24,110.83,305.51,7902,0.77,1.29,9.63,1.00,0.06,-0.04,0.00,4.46,-7.38,0.01,3,9,3,0,35.2901683,136.2529850,63.00, 0.13
111957,-0.16,-0.53,9.52,1.00,-0.03,0.01,0.00,0.58,3.16,0.10,10.61,0.00,0,2,1002.84,35.28,93.32,1002.84,31.65,92.21,0.64,1002.21,33.14,98.32,-0.02,0.17,113.03,305.51,7903,1.11,1.23,9.49,1.00,0.06,-0.04,0.00,4.46,-7.38,0.01,3,9,3,0,35.2901683,136.2529850,63.00, 0.13
112015,-0.14,-0.54,9.66,1.00,-0.03,0.01,0.00,0.58,3.17,0.10,10.60,0.00,0,2,1002.84,35.29,93.27,1002.84,31.63,92.19,0.64,1002.21,33.15,98.35,-0.03,0.24,113.29,305.51,7903,0.90,1.32,9.55,1.00,0.06,-0.04,0.00,4.47,-7.38,0.01,3,9,3,0,35.2901683,136.2529850,63.00, 0.13
112069,-0.12,-0.54,9.53,1.00,-0.03,0.01,0.00,0.58,3.17,0.10,10.59,0.00,0,2,1002.84,35.28,93.26,1002.84,31.64,92.18,0.64,1002.21,33.15,98.31,-0.03,0.24,113.03,305.51,7904,0.61,1.04,9.44,1.00,0.06,-0.04,0.00,4.47,-7.39,0.03,3,9,3,0,35.2901683,136.2529850,63.00, 0.13
112126,-0.13,-0.55,9.48,1.00,-0.03,0.01,0.00,0.58,3.17,0.10,10.57,0.00,0,2,1002.85,35.28,93.26,1002.85,31.64,92.15,0.64,1002.22,33.17,98.25,-0.03,0.24,113.03,305.51,7902,0.85,1.17,9.52,1.00,0.06,-0.04,0.00,4.48,-7.39,0.03,3,9,3,0,35.2901683,136.2529850,63.00, 0.13
112177,-0.15,-0.55,9.48,1.00,-0.03,0.01,0.00,0.58,3.17,0.10,10.57,0.00,0,2,1002.85,35.28,93.26,1002.84,31.64,92.21,0.64,1002.21,33.15,98.30,-0.02,0.17,112.68,305.33,7895,0.75,1.30,9.55,1.00,0.06,-0.04,0.00,4.49,-7.39,0.03,3,9,3,0,35.2901683,136.2529850,63.00, 0.13
112234,-0.07,-0.45,9.56,1.00,-0.03,0.01,0.00,0.58,3.17,0.10,10.58,0.00,0,2,1002.84,35.28,93.29,1002.84,31.64,92.23,0.64,1002.20,33.14,98.35,-0.03,0.24,112.76,305.33,7889,0.78,1.40,9.64,1.00,0.06,-0.04,0.00,4.49,-7.38,0.03,3,9,3,0,35.2901683,136.2529850,63.00, 0.13
112287,-0.06,-0.51,9.50,1.00,-0.03,0.01,0.00,0.58,3.17,0.10,10.60,0.00,0,2,1002.84,35.28,93.31,1002.83,31.64,92.28,0.64,1002.21,33.15,98.35,-0.02,0.17,113.03,305.33,7885,0.86,1.39,9.62,1.00,0.06,-0.04,0.00,4.48,-7.37,0.03,3,9,3,0,35.2901683,136.2529850,63.00, 0.24
112339,-0.09,-0.54,9.52,1.00,-0.03,0.01,0.00,0.58,3.17,0.10,10.61,0.00,0,2,1002.84,35.29,93.28,1002.84,31.65,92.22,0.64,1002.21,33.15,98.33,-0.02,0.17,112.85,305.33,7870,0.73,1.18,9.49,1.00,0.06,-0.04,0.00,4.48,-7.37,0.03,3,9,3,0,35.2901683,136.2529850,63.00, 0.24
112395,-0.09,-0.51,9.58,1.00,-0.03,0.01,0.00,0.58,3.17,0.10,10.61,0.00,0,2,1002.84,35.27,93.30,1002.84,31.65,92.21,0.64,1002.21,33.14,98.32,-0.03,0.24,112.85,305.33,7847,0.72,1.54,9.66,1.00,0.06,-0.04,0.00,4.48,-7.37,0.03,3,9,3,0,35.2901683,136.2529850,63.00, 0.24
112453,-0.12,-0.62,9.50,1.00,-0.03,0.01,0.00,0.58,3.17,0.10,10.60,0.00,0,2,1002.84,35.29,93.27,1002.84,31.65,92.17,0.64,1002.21,33.15,98.30,-0.03,0.24,112.76,305.33,7798,0.69,1.55,9.61,1.00,0.06,-0.04,0.00,4.48,-7.37,0.03,3,9,3,0,35.2901683,136.2529850,63.00, 0.24
112506,-0.19,-0.54,9.55,1.00,-0.03,0.01,0.00,0.58,3.17,0.10,10.60,0.00,0,2,1002.84,35.27,93.33,1002.84,31.65,92.20,0.64,1002.21,33.15,98.30,-0.03,0.24,112.06,305.33,7768,0.72,1.17,9.47,1.00,0.06,-0.04,0.00,4.48,-7.37,0.03,3,9,3,0,35.2901683,136.2529850,63.00, 0.24
112564,-0.05,-0.42,9.55,1.00,-0.03,0.01,0.00,0.58,3.17,0.10,10.59,0.00,0,2,1002.85,35.28,93.24,1002.84,31.66,92.22,0.64,1002.21,33.15,98.31,-0.02,0.17,111.88,305.33,7745,0.59,1.13,9.60,1.00,0.06,-0.04,0.00,4.48,-7.36,0.03,3,9,3,0,35.2901683,136.2529850,63.00, 0.24
112617,0.00,-0.44,9.48,1.00,-0.03,0.01,0.00,0.58,3.17,0.10,10.60,0.00,0,2,1002.84,35.28,93.28,1002.84,31.66,92.18,0.64,1002.20,33.14,98.35,-0.03,0.24,111.97,305.33,7719,0.78,1.06,9.50,1.00,0.06,-0.04,0.00,4.48,-7.36,0.03,3,9,3,0,35.2901683,136.2529850,63.00, 0.24
112674,-0.10,-0.55,9.57,1.00,-0.03,0.01,0.00,0.58,3.17,0.10,10.59,0.00,0,2,1002.84,35.27,93.30,1002.84,31.66,92.18,0.65,1002.20,33.14,98.39,-0.03,0.24,111.97,305.33,7687,0.81,1.46,9.59,1.00,0.06,-0.04,0.00,4.48,-7.35,0.03,3,9,4,0,35.2901650,136.2529850,62.70, 0.24
112726,-0.02,-0.53,9.59,1.00,-0.03,0.01,0.00,0.58,3.17,0.10,10.60,0.00,0,2,1002.84,35.28,93.29,1002.85,31.67,92.18,0.64,1002.21,33.14,98.33,-0.03,0.24,112.32,305.33,7661,0.64,1.53,9.68,1.00,0.06,-0.04,0.00,4.48,-7.35,0.03,3,9,4,0,35.2901650,136.2529850,62.70, 0.24
112784,-0.07,-0.56,9.45,1.00,-0.03,0.01,0.00,0.58,3.17,0.10,10.61,0.00,0,2,1002.84,35.26,93.32,1002.84,31.66,92.22,0.64,1002.21,33.14,98.29,-0.03,0.24,112.68,305.33,7636,0.72,1.00,9.47,1.00,0.06,-0.04,0.00,4.48,-7.35,0.03,3,9,4,0,35.2901650,136.2529850,62.70, 0.24
112837,-0.16,-0.50,9.57,1.00,-0.03,0.01,0.00,0.58,3.17,0.10,10.59,0.00,0,2,1002.84,35.28,93.29,1002.84,31.65,92.20,0.64,1002.21,33.14,98.30,-0.02,0.17,112.59,305.33,7610,0.86,1.05,9.49,1.00,0.06,-0.04,0.00,4.49,-7.34,0.03,3,9,4,0,35.2901650,136.2529850,62.70, 0.24
112890,-0.08,-0.52,9.56,1.00,-0.03,0.01,0.00,0.58,3.17,0.10,10.60,0.00,0,2,1002.84,35.28,93.31,1002.84,31.66,92.20,0.64,1002.21,33.14,98.32,-0.03,0.24,112.76,305.33,7571,0.79,1.16,9.50,1.00,0.06,-0.04,0.00,4.49,-7.33,0.03,3,9,4,0,35.2901650,136.2529850,62.70, 0.24
112946,-0.11,-0.53,9.50,1.00,-0.03,0.01,0.00,0.58,3.17,0.10,10.60,0.00,0,2,1002.84,35.28,93.31,1002.84,31.67,92.18,0.64,1002.21,33.15,98.32,-0.03,0.24,112.76,305.33,7519,0.79,1.50,9.64,1.00,0.06,-0.04,0.00,4.49,-7.33,0.03,3,9,4,0,35.2901650,136.2529850,62.70, 0.24
113003,-0.04,-0.56,9.52,1.00,-0.03,0.01,0.00,0.58,3.17,0.10,10.60,0.00,0,2,1002.85,35.28,93.26,1002.84,31.67,92.22,0.64,1002.21,33.17,98.35,-0.02,0.17,112.15,305.33,7500,0.65,1.00,9.42,1.00,0.06,-0.04,0.00,4.49,-7.33,0.03,3,9,4,0,35.2901650,136.2529850,62.70, 0.24
113056,-0.15,-0.54,9.51,1.00,-0.03,0.01,0.00,0.58,3.17,0.10,10.60,0.00,0,2,1002.85,35.28,93.26,1002.84,31.67,92.20,0.64,1002.20,33.14,98.35,-0.03,0.24,110.39,305.33,7500,0.73,0.89,9.46,1.00,0.06,-0.04,0.00,4.49,-7.33,0.03,3,9,4,0,35.2901650,136.2529850,62.70, 0.24
113114,-0.06,-0.51,9.61,1.00,-0.03,0.01,0.00,0.58,3.17,0.10,10.61,0.00,0,2,1002.84,35.28,93.29,1002.84,31.66,92.22,0.64,1002.20,33.14,98.37,-0.03,0.24,110.48,305.33,7500,0.68,1.44,9.65,1.00,0.06,-0.04,0.00,4.49,-7.35,0.03,3,9,4,0,35.2901650,136.2529850,62.70, 0.24
113164,-0.09,-0.45,9.52,1.00,-0.03,0.01,0.00,0.58,3.17,0.10,10.61,0.00,0,2,1002.84,35.28,93.31,1002.84,31.65,92.20,0.64,1002.20,33.15,98.36,-0.03,0.24,110.74,305.33,7499,0.65,1.10,9.52,1.00,0.06,-0.04,0.00,4.49,-7.35,0.03,3,9,4,0,35.2901650,136.2529850,62.70, 0.24
113217,-0.12,-0.53,9.59,1.00,-0.03,0.01,0.00,0.58,3.17,0.10,10.61,0.00,0,2,1002.84,35.29,93.29,1002.84,31.66,92.17,0.64,1002.20,33.15,98.36,-0.03,0.24,110.74,305.33,7500,0.88,1.23,9.57,1.00,0.06,-0.04,0.00,4.49,-7.34,0.03,3,9,4,0,35.2901650,136.2529850,62.70, 0.24
113274,-0.06,-0.52,9.57,1.00,-0.03,0.01,0.00,0.58,3.17,0.10,10.60,0.00,0,2,1002.85,35.29,93.26,1002.84,31.66,92.20,0.64,1002.21,33.16,98.33,-0.03,0.24,110.83,305.42,7500,0.69,1.13,9.50,1.00,0.06,-0.04,0.00,4.49,-7.34,0.03,3,9,4,0,35.2901650,136.2529850,62.70, 0.22
113326,-0.13,-0.51,9.42,1.00,-0.03,0.01,0.00,0.58,3.17,0.10,10.60,0.00,0,2,1002.84,35.29,93.27,1002.84,31.66,92.20,0.64,1002.20,33.15,98.36,-0.03,0.24,110.74,305.42,7500,0.83,0.71,9.36,1.00,0.06,-0.04,0.00,4.49,-7.33,0.03,3,9,4,0,35.2901650,136.2529850,62.70, 0.22
113381,-0.13,-0.52,9.55,1.00,-0.03,0.01,0.00,0.58,3.17,0.10,10.59,0.00,0,2,1002.84,35.30,93.28,1002.84,31.67,92.18,0.64,1002.21,33.15,98.33,-0.02,0.17,110.57,305.42,7501,0.64,0.64,9.32,1.00,0.06,-0.04,0.00,4.49,-7.33,0.02,3,9,4,0,35.2901650,136.2529850,62.70, 0.22
113434,-0.07,-0.50,9.54,1.00,-0.03,0.01,0.00,0.58,3.17,0.10,10.59,0.00,0,2,1002.85,35.30,93.26,1002.84,31.65,92.18,0.64,1002.20,33.16,98.36,-0.03,0.24,110.39,305.42,7500,0.82,1.06,9.47,1.00,0.06,-0.04,0.00,4.49,-7.35,0.02,3,9,4,0,35.2901650,136.2529850,62.70, 0.22
113489,-0.07,-0.47,9.48,1.00,-0.03,0.01,0.00,0.58,3.17,0.10,10.59,0.00,0,2,1002.84,35.28,93.27,1002.84,31.66,92.20,0.65,1002.21,33.16,98.32,-0.02,0.17,110.30,305.42,7500,0.83,0.79,9.29,1.00,0.06,-0.04,0.00,4.49,-7.34,0.02,3,9,4,0,35.2901650,136.2529850,62.70, 0.22
113545,-0.11,-0.60,9.70,1.00,-0.03,0.01,0.00,0.58,3.17,0.10,10.60,0.00,0,2,1002.84,35.30,93.28,1002.84,31.65,92.22,0.65,1002.20,33.16,98.41,-0.02,0.17,108.90,305.42,7500,0.84,1.13,9.46,1.00,0.06,-0.04,0.00,4.49,-7.35,0.02,3,9,4,0,35.2901650,136.2529850,62.70, 0.22
113596,-0.08,-0.50,9.46,1.00,-0.03,0.01,0.00,0.58,3.17,0.10,10.61,0.00,0,2,1002.84,35.29,93.28,1002.84,31.65,92.22,0.64,1002.20,33.16,98.39,-0.03,0.24,108.63,305.42,7500,0.76,0.87,9.44,1.00,0.06,-0.04,0.00,4.49,-7.35,0.02,3,9,4,0,35.2901650,136.2529850,62.70, 0.22
113653,-0.11,-0.47,9.45,1.00,-0.03,0.01,0.00,0.58,3.17,0.10,10.61,0.00,0,2,1002.84,35.30,93.28,1002.84,31.66,92.24,0.64,1002.20,33.15,98.42,-0.03,0.24,109.07,305.42,7501,0.67,0.66,9.36,1.00,0.06,-0.04,0.00,4.49,-7.35,0.02,3,9,4,0,35.2901650,136.2529850,62.70, 0.22
113711,-0.04,-0.52,9.58,1.00,-0.03,0.01,0.00,0.58,3.17,0.10,10.61,0.00,0,2,1002.84,35.29,93.27,1002.84,31.66,92.23,0.64,1002.20,33.16,98.41,-0.03,0.24,109.16,305.42,7500,0.68,0.99,9.50,1.00,0.06,-0.04,0.00,4.49,-7.37,0.01,3,9,5,0,35.2901650,136.2529817,63.90, 0.22
113765,-0.07,-0.54,9.55,1.00,-0.03,0.01,0.00,0.58,3.17,0.10,10.61,0.00,0,2,1002.84,35.28,93.33,1002.84,31.67,92.20,0.64,1002.21,33.16,98.33,-0.03,0.24,108.72,305.42,7500,0.84,1.14,9.54,1.00,0.06,-0.04,0.00,4.49,-7.37,0.01,3,9,5,0,35.2901650,136.2529817,63.90, 0.22
113823,-0.17,-0.49,9.50,1.00,-0.03,0.01,0.00,0.58,3.17,0.10,10.61,0.00,0,2,1002.84,35.30,93.27,1002.84,31.67,92.20,0.64,1002.21,33.16,98.34,-0.03,0.24,108.11,305.42,7500,0.91,0.80,9.33,1.00,0.06,-0.04,0.00,4.49,-7.37,0.01,3,9,5,0,35.2901650,136.2529817,63.90, 0.22
113874,-0.13,-0.54,9.65,1.00,-0.03,0.01,0.00,0.58,3.17,0.10,10.61,0.00,0,2,1002.84,35.30,93.29,1002.84,31.66,92.22,0.64,1002.20,33.16,98.39,-0.02,0.17,109.25,305.42,7500,0.72,1.16,9.58,1.00,0.06,-0.04,0.00,4.49,-7.39,0.00,3,9,5,0,35.2901650,136.2529817,63.90, 0.22
113933,-0.08,-0.54,9.52,1.00,-0.03,0.01,0.00,0.58,3.17,0.10,10.60,0.00,0,2,1002.84,35.30,93.29,1002.84,31.66,92.18,0.64,1002.20,33.16,98.41,-0.03,0.24,108.72,305.42,7500,0.83,1.20,9.60,1.00,0.06,-0.04,0.00,4.49,-7.39,0.00,3,9,5,0,35.2901650,136.2529817,63.90, 0.22
113984,-0.06,-0.50,9.49,1.00,-0.03,0.01,0.00,0.58,3.17,0.10,10.61,0.00,0,2,1002.84,35.28,93.31,1002.84,31.67,92.20,0.64,1002.20,33.16,98.39,-0.03,0.24,108.46,305.42,7500,0.56,1.24,9.60,1.00,0.06,-0.04,0.00,4.49,-7.40,0.00,3,9,5,0,35.2901650,136.2529817,63.90, 0.22
114039,-0.17,-0.54,9.57,1.00,-0.03,0.01,0.00,0.58,3.17,0.10,10.61,0.00,0,2,1002.84,35.28,93.29,1002.84,31.66,92.22,0.64,1002.20,33.16,98.38,-0.02,0.17,108.54,305.42,7500,0.86,1.39,9.57,1.00,0.06,-0.04,0.00,4.49,-7.40,0.00,3,9,5,0,35.2901650,136.2529817,63.90, 0.22
114092,-0.10,-0.50,9.50,1.00,-0.03,0.01,0.00,0.58,3.17,0.10,10.61,0.00,0,2,1002.84,35.30,93.30,1002.84,31.67,92.23,0.64,1002.21,33.16,98.29,-0.03,0.24,108.63,305.42,7500,0.79,0.94,9.41,1.00,0.06,-0.04,0.00,4.49,-7.38,0.00,3,9,5,0,35.2901650,136.2529817,63.90, 0.22
114146,-0.02,-0.54,9.57,1.00,-0.03,0.01,0.00,0.58,3.17,0.10,10.60,0.00,0,2,1002.84,35.30,93.32,1002.84,31.67,92.18,0.64,1002.21,33.17,98.32,-0.03,0.24,108.63,305.42,7500,0.68,1.02,9.48,1.00,0.06,-0.04,0.00,4.49,-7.40,0.00,3,9,5,0,35.2901650,136.2529817,63.90, 0.22
114203,-0.09,-0.53,9.59,1.00,-0.03,0.01,0.00,0.58,3.17,0.10,10.60,0.00,0,2,1002.85,35.30,93.24,1002.84,31.66,92.23,0.64,1002.21,33.17,98.35,-0.03,0.24,108.72,305.42,7500,0.85,1.31,9.57,1.00,0.06,-0.04,0.00,4.49,-7.41,0.00,3,9,5,0,35.2901650,136.2529817,63.90, 0.22
114260,-0.06,-0.53,9.50,1.00,-0.03,0.01,0.00,0.58,3.17,0.10,10.59,0.00,0,2,1002.84,35.30,93.28,1002.84,31.66,92.20,0.64,1002.21,33.16,98.27,-0.03,0.24,110.21,305.42,7500,0.77,1.08,9.43,1.00,0.06,-0.04,0.00,4.49,-7.42,0.00,3,9,5,0,35.2901650,136.2529817,63.90, 0.11
114313,-0.11,-0.52,9.55,1.00,-0.03,0.01,0.00,0.58,3.17,0.10,10.58,0.00,0,2,1002.84,35.29,93.30,1002.84,31.66,92.20,0.64,1002.21,33.17,98.31,-0.03,0.24,110.48,305.42,7499,0.75,1.04,9.51,1.00,0.06,-0.04,0.00,4.49,-7.42,0.00,3,9,5,0,35.2901650,136.2529817,63.90, 0.11
114370,-0.14,-0.52,9.52,1.00,-0.03,0.01,0.00,0.58,3.17,0.10,10.59,0.00,0,2,1002.84,35.29,93.32,1002.84,31.67,92.20,0.64,1002.21,33.16,98.31,-0.03,0.24,110.39,305.42,7500,0.76,1.13,9.56,1.00,0.06,-0.04,0.00,4.49,-7.42,0.00,3,9,5,0,35.2901650,136.2529817,63.90, 0.11
114423,-0.08,-0.56,9.49,1.00,-0.03,0.01,0.00,0.58,3.17,0.10,10.59,0.00,0,2,1002.84,35.28,93.29,1002.84,31.67,92.19,0.64,1002.21,33.15,98.33,-0.03,0.24,109.78,305.42,7500,0.76,1.05,9.49,1.00,0.06,-0.04,0.00,4.49,-7.42,0.00,3,9,5,0,35.2901650,136.2529817,63.90, 0.11
114479,-0.12,-0.54,9.56,1.00,-0.03,0.01,0.00,0.58,3.17,0.10,10.59,0.00,0,2,1002.84,35.29,93.28,1002.84,31.66,92.20,0.64,1002.21,33.16,98.33,-0.03,0.24,108.90,305.42,7500,0.75,1.43,9.58,1.00,0.06,-0.04,0.00,4.49,-7.42,0.00,3,9,5,0,35.2901650,136.2529817,63.90, 0.11
114533,-0.09,-0.53,9.59,1.00,-0.03,0.01,0.00,0.58,3.17,0.10,10.60,0.00,0,2,1002.84,35.29,93.29,1002.84,31.66,92.22,0.64,1002.20,33.15,98.42,-0.03,0.24,108.98,305.42,7500,0.86,1.47,9.64,1.00,0.06,-0.04,0.00,4.49,-7.43,0.00,3,9,5,0,35.2901650,136.2529817,63.90, 0.11
114586,-0.10,-0.48,9.52,1.00,-0.03,0.01,0.00,0.58,3.17,0.10,10.60,0.00,0,2,1002.84,35.30,93.31,1002.84,31.67,92.21,0.64,1002.21,33.15,98.35,-0.03,0.24,108.90,305.51,7501,0.89,1.03,9.45,1.00,0.06,-0.04,0.00,4.49,-7.42,0.00,3,9,5,0,35.2901650,136.2529817,63.90, 0.11
114642,-0.09,-0.51,9.54,1.00,-0.03,0.01,0.00,0.58,3.17,0.10,10.61,0.00,0,2,1002.84,35.29,93.30,1002.84,31.66,92.20,0.64,1002.21,33.16,98.33,-0.03,0.24,109.86,305.51,7501,0.59,1.31,9.60,1.00,0.06,-0.04,0.00,4.49,-7.43,0.00,3,9,5,0,35.2901650,136.2529817,63.90, 0.11
114695,-0.16,-0.51,9.43,1.00,-0.03,0.01,0.00,0.58,3.17,0.10,10.60,0.00,0,2,1002.84,35.30,93.29,1002.84,31.67,92.20,0.64,1002.21,33.17,98.35,-0.03,0.24,109.42,305.51,7500,0.74,1.63,9.68,1.00,0.06,-0.04,0.00,4.49,-7.43,0.00,3,9,5,0,35.2901650,136.2529817,63.90, 0.11
114751,-0.03,-0.57,9.53,1.00,-0.03,0.01,0.00,0.58,3.17,0.10,10.60,0.00,0,2,1002.85,35.31,93.26,1002.84,31.67,92.18,0.64,1002.21,33.17,98.34,-0.03,0.24,109.69,305.51,7500,0.75,1.34,9.52,1.00,0.06,-0.04,0.00,4.49,-7.44,0.01,3,9,5,0,35.2901650,136.2529817,63.90, 0.11
114805,-0.07,-0.51,9.59,1.00,-0.03,0.01,0.00,0.58,3.17,0.10,10.59,0.00,0,2,1002.84,35.29,93.28,1002.84,31.67,92.20,0.64,1002.21,33.16,98.33,-0.02,0.17,109.60,305.51,7500,0.76,0.92,9.41,1.00,0.06,-0.04,0.00,4.49,-7.44,0.01,3,9,5,0,35.2901650,136.2529817,63.90, 0.11
114860,-0.19,-0.45,9.55,1.00,-0.03,0.01,0.00,0.58,3.17,0.10,10.59,0.00,0,2,1002.84,35.30,93.29,1002.84,31.67,92.24,0.64,1002.21,33.18,98.29,-0.02,0.17,109.69,305.51,7500,0.76,1.12,9.54,1.00,0.06,-0.04,0.00,4.49,-7.45,0.01,3,9,5,0,35.2901650,136.2529817,63.90, 0.11
114911,-0.14,-0.52,9.48,1.00,-0.03,0.01,0.00,0.58,3.17,0.10,10.60,0.00,0,2,1002.84,35.29,93.29,1002.84,31.66,92.20,0.64,1002.21,33.16,98.31,-0.03,0.24,109.51,305.51,7501,0.72,1.02,9.45,1.00,0.06,-0.04,0.00,4.49,-7.44,0.01,3,9,5,0,35.2901650,136.2529817,63.90, 0.11
114970,-0.13,-0.57,9.57,1.00,-0.03,0.01,0.00,0.58,3.17,0.10,10.60,0.00,0,2,1002.84,35.29,93.31,1002.84,31.67,92.19,0.64,1002.21,33.16,98.28,-0.02,0.17,109.16,305.51,7500,0.63,1.11,9.54,1.00,0.06,-0.04,0.00,4.49,-7.44,0.01,3,9,5,0,35.2901650,136.2529817,63.90, 0.11
115023,-0.10,-0.46,9.52,1.00,-0.03,0.01,0.00,0.58,3.17,0.10,10.60,0.00,0,2,1002.84,35.29,93.33,1002.84,31.66,92.22,0.64,1002.20,33.16,98.36,-0.03,0.24,109.95,305.51,7501,0.77,1.33,9.66,1.00,0.06,-0.04,0.00,4.49,-7.44,0.01,3,9,5,0,35.2901650,136.2529817,63.90, 0.11
115079,-0.10,-0.47,9.49,1.00,-0.03,0.01,0.00,0.58,3.17,0.10,10.59,0.00,0,2,1002.84,35.29,93.33,1002.85,31.68,92.17,0.64,1002.21,33.16,98.34,-0.03,0.24,110.30,305.51,7501,0.88,0.85,9.40,1.00,0.06,-0.04,0.00,4.49,-7.44,0.01,3,9,5,0,35.2901650,136.2529817,63.90, 0.11
115131,-0.09,-0.57,9.54,1.00,-0.03,0.01,0.00,0.58,3.17,0.10,10.60,0.00,0,2,1002.84,35.30,93.33,1002.84,31.67,92.19,0.64,1002.21,33.17,98.35,-0.02,0.17,109.95,305.51,7500,0.72,1.46,9.64,1.00,0.06,-0.04,0.00,4.49,-7.45,0.01,3,9,5,0,35.2901650,136.2529817,63.90, 0.11
115185,-0.08,-0.53,9.51,1.00,-0.03,0.01,0.00,0.58,3.17,0.10,10.60,0.00,0,2,1002.84,35.29,93.30,1002.84,31.67,92.21,0.64,1002.21,33.17,98.31,-0.02,0.17,109.07,305.51,7500,0.76,1.22,9.54,1.00,0.06,-0.04,0.00,4.49,-7.44,0.01,3,9,5,0,35.2901650,136.2529817,63.90, 0.11
115242,-0.10,-0.53,9.53,1.00,-0.03,0.01,0.00,0.58,3.17,0.10,10.60,0.00,0,2,1002.84,35.29,93.28,1002.84,31.68,92.22,0.64,1002.21,33.16,98.31,-0.03,0.24,108.98,305.51,7500,0.78,1.35,9.58,1.00,0.06,-0.04,0.00,4.49,-7.44,0.01,3,9,6,0,35.2901683,136.2529783,63.90, 0.27
115294,-0.05,-0.52,9.54,1.00,-0.03,0.01,0.00,0.58,3.17,0.10,10.60,0.00,0,2,1002.84,35.30,93.31,1002.84,31.67,92.19,0.64,1002.21,33.17,98.35,-0.03,0.24,108.98,305.51,7500,0.71,1.53,9.66,1.00,0.06,-0.04,0.00,4.49,-7.44,0.01,3,9,6,0,35.2901683,136.2529783,63.90, 0.27
115351,-0.09,-0.51,9.52,1.00,-0.03,0.01,0.00,0.58,3.17,0.10,10.61,0.00,0,2,1002.84,35.31,93.29,1002.84,31.67,92.21,0.64,1002.21,33.18,98.31,-0.03,0.24,107.49,305.51,7500,0.82,0.92,9.44,1.00,0.06,-0.04,0.00,4.49,-7.44,0.01,3,9,6,0,35.2901683,136.2529783,63.90, 0.27
115409,-0.06,-0.49,9.58,1.00,-0.03,0.01,0.00,0.58,3.17,0.10,10.60,0.00,0,2,1002.85,35.31,93.24,1002.84,31.68,92.18,0.64,1002.21,33.16,98.29,-0.02,0.17,106.79,305.51,7500,0.75,1.06,9.49,1.00,0.06,-0.04,0.00,4.49,-7.43,0.01,3,9,6,0,35.2901683,136.2529783,63.90, 0.27
115461,-0.11,-0.50,9.54,1.00,-0.03,0.01,0.00,0.58,3.17,0.10,10.58,0.00,0,2,1002.85,35.29,93.25,1002.84,31.67,92.21,0.64,1002.21,33.15,98.30,-0.03,0.24,106.79,305.51,7500,0.80,1.31,9.58,1.00,0.06,-0.04,0.00,4.49,-7.42,0.01,3,9,6,0,35.2901683,136.2529783,63.90, 0.27
115518,-0.11,-0.54,9.46,1.00,-0.03,0.01,0.00,0.58,3.17,0.10,10.58,0.00,0,2,1002.84,35.30,93.31,1002.84,31.67,92.21,0.64,1002.21,33.16,98.29,-0.03,0.24,107.23,305.51,7500,0.68,1.15,9.48,1.00,0.06,-0.04,0.00,4.49,-7.42,0.01,3,9,6,0,35.2901683,136.2529783,63.90, 0.27
115571,-0.10,-0.55,9.53,1.00,-0.03,0.01,0.00,0.58,3.17,0.10,10.59,0.00,0,2,1002.84,35.30,93.28,1002.84,31.67,92.21,0.63,1002.21,33.17,98.28,-0.03,0.24,107.93,305.51,7500,0.70,1.32,9.57,1.00,0.06,-0.04,0.00,4.49,-7.43,0.01,3,9,6,0,35.2901683,136.2529783,63.90, 0.27
115629,-0.11,-0.47,9.53,1.00,-0.03,0.01,0.00,0.58,3.17,0.10,10.61,0.00,0,2,1002.84,35.30,93.29,1002.84,31.68,92.20,0.64,1002.22,33.18,98.26,-0.03,0.24,108.02,305.51,7500,0.79,1.31,9.59,1.00,0.06,-0.04,0.00,4.49,-7.43,0.01,3,9,6,0,35.2901683,136.2529783,63.90, 0.27
115680,-0.09,-0.50,9.51,1.00,-0.03,0.01,0.00,0.58,3.17,0.10,10.60,0.00,0,2,1002.84,35.30,93.28,1002.84,31.66,92.23,0.64,1002.22,33.18,98.26,-0.03,0.24,108.11,305.51,7500,0.75,1.12,9.53,1.00,0.06,-0.04,0.00,4.49,-7.43,0.01,3,9,7,0,35.2901650,136.2529750,65.40, 0.27
115735,-0.16,-0.54,9.63,1.00,-0.03,0.01,0.00,0.58,3.17,0.10,10.60,0.00,0,2,1002.84,35.30,93.28,1002.84,31.66,92.22,0.64,1002.22,33.18,98.26,-0.03,0.24,108.11,305.51,7500,0.79,1.37,9.66,1.00,0.06,-0.04,0.00,4.49,-7.42,-0.00,3,9,7,0,35.2901650,136.2529750,65.40, 0.27
115792,-0.10,-0.53,9.50,1.00,-0.03,0.01,0.00,0.58,3.17,0.10,10.60,0.00,0,2,1002.84,35.30,93.31,1002.84,31.66,92.19,0.64,1002.21,33.18,98.28,-0.03,0.24,107.93,305.51,7500,0.67,0.98,9.44,1.00,0.06,-0.04,0.00,4.49,-7.43,-0.00,3,9,7,0,35.2901650,136.2529750,65.40, 0.27
115848,-0.23,-0.67,9.49,1.00,-0.03,0.01,0.00,0.58,3.17,0.10,10.60,0.00,0,2,1002.84,35.31,93.27,1002.84,31.68,92.22,0.64,1002.21,33.16,98.33,-0.02,0.17,107.93,305.51,7501,0.92,1.11,9.44,1.00,0.06,-0.04,0.00,4.49,-7.44,-0.00,3,9,7,0,35.2901650,136.2529750,65.40, 0.27
115900,-0.15,-0.52,9.51,1.00,-0.03,0.01,0.00,0.58,3.17,0.10,10.60,0.00,0,2,1002.84,35.30,93.28,1002.84,31.66,92.23,0.64,1002.21,33.17,98.28,-0.02,0.17,108.02,305.51,7500,0.76,1.54,9.65,1.00,0.06,-0.04,0.00,4.49,-7.44,-0.01,3,9,7,0,35.2901650,136.2529750,65.40, 0.27
115953,-0.11,-0.52,9.57,1.00,-0.03,0.01,0.00,0.58,3.17,0.10,10.60,0.00,0,2,1002.84,35.29,93.29,1002.84,31.68,92.22,0.64,1002.21,33.17,98.28,-0.03,0.24,107.67,305.51,7500,0.83,1.62,9.63,1.00,0.06,-0.04,0.00,4.49,-7.45,-0.01,3,9,7,0,35.2901650,136.2529750,65.40, 0.27
116010,-0.09,-0.51,9.51,1.00,-0.03,0.01,0.00,0.58,3.17,0.10,10.60,0.00,0,2,1002.84,35.30,93.31,1002.84,31.67,92.24,0.64,1002.21,33.18,98.27,-0.02,0.17,107.84,305.51,7500,0.81,1.23,9.51,1.00,0.06,-0.04,0.00,4.49,-7.45,-0.01,3,9,7,0,35.2901650,136.2529750,65.40, 0.27
116061,-0.07,-0.55,9.55,1.00,-0.03,0.01,0.00,0.58,3.17,0.10,10.60,0.00,0,2,1002.84,35.31,93.31,1002.84,31.67,92.21,0.64,1002.22,33.17,98.26,-0.03,0.24,108.11,305.51,7500,0.67,1.02,9.45,1.00,0.07,-0.04,0.00,4.49,-7.46,-0.01,3,9,7,0,35.2901650,136.2529750,65.40, 0.27
116119,-0.12,-0.51,9.48,1.00,-0.03,0.01,0.00,0.58,3.17,0.10,10.60,0.00,0,2,1002.84,35.30,93.31,1002.84,31.67,92.19,0.64,1002.21,33.18,98.29,-0.03,0.24,107.49,305.51,7501,0.74,1.21,9.50,1.00,0.07,-0.04,0.00,4.49,-7.46,-0.01,3,9,7,0,35.2901650,136.2529750,65.40, 0.27
116170,-0.11,-0.54,9.50,1.00,-0.03,0.01,0.00,0.58,3.17,0.10,10.60,0.00,0,2,1002.84,35.30,93.34,1002.84,31.67,92.21,0.64,1002.21,33.18,98.31,-0.02,0.17,107.31,305.51,7500,0.72,1.09,9.53,1.00,0.07,-0.04,0.00,4.50,-7.46,-0.01,3,9,7,0,35.2901650,136.2529750,65.40, 0.27
116229,-0.06,-0.47,9.50,1.00,-0.03,0.01,0.00,0.58,3.17,0.10,10.60,0.00,0,2,1002.84,35.31,93.32,1002.83,31.65,92.26,0.64,1002.21,33.18,98.29,-0.03,0.24,107.67,305.51,7500,0.52,1.18,9.61,1.00,0.07,-0.04,0.00,4.50,-7.46,-0.01,3,9,7,0,35.2901650,136.2529750,65.40, 0.27
116281,-0.12,-0.57,9.63,1.00,-0.03,0.01,0.00,0.58,3.17,0.10,10.62,0.00,0,2,1002.84,35.30,93.33,1002.84,31.67,92.24,0.64,1002.21,33.17,98.30,-0.03,0.24,108.19,305.51,7500,0.88,1.23,9.56,1.00,0.07,-0.04,0.00,4.50,-7.46,-0.01,3,9,7,0,35.2901650,136.2529750,65.40, 0.18
116339,-0.12,-0.61,9.50,1.00,-0.03,0.01,0.00,0.58,3.17,0.10,10.63,0.00,0,2,1002.84,35.30,93.31,1002.84,31.67,92.24,0.64,1002.21,33.17,98.30,-0.03,0.24,107.93,305.51,7500,0.76,1.21,9.48,1.00,0.07,-0.04,0.00,4.50,-7.46,-0.01,3,9,7,0,35.2901650,136.2529750,65.40, 0.18
116390,-0.12,-0.49,9.59,1.00,-0.03,0.01,0.00,0.58,3.17,0.10,10.63,0.00,0,2,1002.84,35.30,93.31,1002.84,31.68,92.24,0.64,1002.21,33.18,98.31,-0.03,0.24,107.05,305.51,7500,0.83,1.26,9.57,1.00,0.07,-0.04,0.00,4.50,-7.46,-0.01,3,9,7,0,35.2901650,136.2529750,65.40, 0.18
116448,-0.12,-0.45,9.49,1.00,-0.03,0.01,0.00,0.58,3.17,0.10,10.61,0.00,0,2,1002.84,35.31,93.31,1002.84,31.68,92.22,0.64,1002.21,33.19,98.32,-0.03,0.24,107.05,305.51,7500,0.88,1.13,9.54,1.00,0.07,-0.04,0.00,4.50,-7.46,-0.01,3,9,7,0,35.2901650,136.2529750,65.40, 0.18
116501,-0.14,-0.55,9.55,1.00,-0.03,0.01,0.00,0.58,3.17,0.10,10.61,0.00,0,2,1002.84,35.30,93.31,1002.84,31.67,92.21,0.64,1002.21,33.18,98.28,-0.03,0.24,107.05,305.51,7500,0.85,1.13,9.50,1.00,0.07,-0.04,0.00,4.50,-7.46,-0.01,3,9,7,0,35.2901650,136.2529750,65.40, 0.18
116556,-0.11,-0.57,9.64,1.00,-0.03,0.01,0.00,0.58,3.17,0.10,10.61,0.00,0,2,1002.84,35.31,93.32,1002.84,31.68,92.22,0.64,1002.21,33.17,98.31,-0.03,0.24,107.05,305.51,7500,0.79,1.18,9.50,1.00,0.07,-0.04,0.00,4.50,-7.46,-0.01,3,9,7,0,35.2901650,136.2529750,65.40, 0.18
116611,-0.10,-0.53,9.52,1.00,-0.03,0.01,0.00,0.58,3.17,0.10,10.61,0.00,0,2,1002.84,35.30,93.34,1002.84,31.67,92.20,0.64,1002.21,33.19,98.29,-0.03,0.24,106.88,305.51,7500,0.74,1.04,9.50,1.00,0.07,-0.04,0.00,4.50,-7.46,-0.01,3,9,7,0,35.2901650,136.2529750,65.40, 0.18
116668,-0.07,-0.57,9.51,1.00,-0.03,0.01,0.00,0.58,3.17,0.10,10.61,0.00,0,2,1002.84,35.30,93.31,1002.85,31.68,92.21,0.64,1002.21,33.18,98.33,-0.03,0.24,107.14,305.51,7500,0.86,1.06,9.42,1.00,0.06,-0.04,0.00,4.50,-7.45,-0.01,3,9,8,0,35.2901650,136.2529700,65.80, 0.18
116720,-0.09,-0.51,9.52,1.00,-0.03,0.01,0.00,0.58,3.17,0.10,10.61,0.00,0,2,1002.84,35.32,93.28,1002.84,31.67,92.22,0.64,1002.21,33.18,98.31,-0.05,0.29,107.84,305.51,7501,0.78,1.39,9.58,1.00,0.06,-0.04,0.00,4.50,-7.45,-0.01,3,9,8,0,35.2901650,136.2529700,65.80, 0.18
116777,-0.12,-0.54,9.52,1.00,-0.03,0.01,0.00,0.58,3.17,0.10,10.60,0.00,0,2,1002.84,35.31,93.31,1002.84,31.68,92.20,0.64,1002.21,33.17,98.33,-0.03,0.24,108.02,305.51,7500,0.64,0.91,9.43,1.00,0.06,-0.04,0.00,4.50,-7.45,-0.02,3,9,8,0,35.2901650,136.2529700,65.80, 0.18
116830,-0.07,-0.51,9.57,1.00,-0.03,0.01,0.00,0.58,3.17,0.10,10.61,0.00,0,2,1002.84,35.31,93.32,1002.84,31.68,92.20,0.64,1002.20,33.18,98.36,-0.03,0.24,107.31,305.51,7580,0.53,0.92,9.54,1.00,0.07,-0.04,0.00,4.50,-7.46,-0.02,3,9,8,0,35.2901650,136.2529700,65.80, 0.18
116884,0.02,-0.49,9.57,1.00,-0.03,0.01,0.00,0.58,3.17,0.10,10.61,0.00,0,2,1002.84,35.31,93.32,1002.84,31.67,92.22,0.64,1002.21,33.17,98.30,-0.03,0.24,106.96,305.51,7723,0.83,1.06,9.55,1.00,0.07,-0.04,0.00,4.50,-7.46,-0.02,3,9,8,0,35.2901650,136.2529700,65.80, 0.18
116940,-0.18,-0.60,9.59,1.00,-0.03,0.01,0.00,0.58,3.17,0.10,10.61,0.00,0,2,1002.84,35.31,93.32,1002.84,31.66,92.22,0.64,1002.20,33.19,98.39,-0.03,0.24,107.49,305.51,7870,0.85,1.41,9.53,1.00,0.07,-0.04,0.00,4.50,-7.46,-0.02,3,9,8,0,35.2901650,136.2529700,65.80, 0.18
116998,-0.28,-0.83,9.80,1.00,-0.03,0.01,0.00,0.58,3.17,0.10,10.61,0.00,0,2,1002.84,35.31,93.29,1002.84,31.67,92.22,0.64,1002.20,33.19,98.41,-0.03,0.24,107.93,305.60,7898,0.41,1.20,9.75,1.00,0.07,-0.04,0.00,4.51,-7.47,-0.01,3,9,8,0,35.2901650,136.2529700,65.80, 0.18
117051,0.01,-0.51,9.53,1.00,-0.03,0.01,0.00,0.58,3.17,0.10,10.61,0.00,0,2,1002.84,35.32,93.32,1002.84,31.68,92.22,0.64,1002.20,33.18,98.45,-0.03,0.24,108.02,305.68,7900,1.20,0.50,9.29,1.00,0.07,-0.04,0.00,4.51,-7.47,-0.01,3,9,8,0,35.2901650,136.2529700,65.80, 0.18
117106,0.08,-0.47,9.62,1.00,-0.03,0.01,0.00,0.58,3.17,0.10,10.61,0.00,0,2,1002.85,35.31,93.25,1002.84,31.69,92.22,0.64,1002.20,33.18,98.38,-0.03,0.24,108.19,305.51,7900,0.48,0.43,9.27,1.00,0.07,-0.04,0.00,4.51,-7.47,-0.01,3,9,8,0,35.2901650,136.2529700,65.80, 0.18
117159,-0.04,-0.57,9.57,1.00,-0.03,0.01,0.00,0.58,3.17,0.07,10.61,0.00,0,2,1002.84,35.32,93.28,1002.84,31.68,92.20,0.64,1002.20,33.19,98.39,-0.02,0.17,108.19,305.51,7900,0.87,1.51,9.56,1.00,0.07,-0.04,0.00,4.51,-7.48,-0.04,3,9,8,0,35.2901650,136.2529700,65.80, 0.18
117217,-0.25,-0.54,9.41,1.00,-0.03,0.01,0.00,0.58,3.17,0.07,10.60,0.00,0,2,1002.84,35.31,93.30,1002.84,31.69,92.21,0.64,1002.20,33.17,98.38,-0.05,0.29,108.28,305.42,7900,0.81,1.04,9.42,1.00,0.07,-0.04,0.00,4.50,-7.48,-0.06,3,9,8,0,35.2901650,136.2529700,65.80, 0.18
117270,-0.21,-0.53,9.53,1.00,-0.03,0.01,0.00,0.58,3.17,0.07,10.60,0.00,0,2,1002.84,35.31,93.30,1002.84,31.68,92.22,0.64,1002.20,33.16,98.39,-0.03,0.24,108.37,305.42,7900,0.70,1.08,9.51,1.00,0.07,-0.04,0.00,4.51,-7.48,-0.04,3,9,8,0,35.2901650,136.2529700,65.80, 0.20
117324,-0.01,-0.49,9.59,1.00,-0.03,0.01,0.00,0.58,3.17,0.07,10.60,0.00,0,2,1002.84,35.31,93.32,1002.84,31.69,92.22,0.64,1002.21,33.18,98.33,-0.03,0.24,107.67,305.42,7899,0.58,1.08,9.54,1.00,0.07,-0.04,0.00,4.51,-7.48,-0.04,3,9,8,0,35.2901650,136.2529700,65.80, 0.20
117378,0.03,-0.49,9.48,1.00,-0.03,0.01,0.00,0.58,3.17,0.07,10.60,0.00,0,2,1002.84,35.30,93.31,1002.84,31.68,92.23,0.64,1002.21,33.17,98.35,-0.03,0.24,107.58,305.42,7900,0.65,1.21,9.54,1.00,0.07,-0.04,0.00,4.49,-7.47,-0.04,3,9,8,0,35.2901650,136.2529700,65.80, 0.20
117431,-0.15,-0.53,9.53,1.00,-0.03,0.01,0.00,0.58,3.17,0.07,10.61,0.00,0,2,1002.85,35.32,93.27,1002.84,31.67,92.25,0.64,1002.21,33.18,98.35,-0.03,0.24,107.58,305.42,7900,0.90,1.20,9.50,1.00,0.07,-0.04,0.00,4.48,-7.46,-0.04,3,9,8,0,35.2901650,136.2529700,65.80, 0.20
117490,-0.18,-0.53,9.58,1.00,-0.03,0.01,0.00,0.58,3.17,0.07,10.61,0.00,0,2,1002.84,35.32,93.31,1002.84,31.67,92.24,0.64,1002.21,33.18,98.31,-0.03,0.24,107.67,305.51,7900,0.86,1.37,9.60,1.00,0.06,-0.04,0.00,4.51,-7.45,-0.04,3,9,8,0,35.2901650,136.2529700,65.80, 0.20
117541,-0.13,-0.53,9.51,1.00,-0.03,0.01,0.00,0.58,3.17,0.07,10.61,0.00,0,2,1002.85,35.33,93.26,1002.84,31.67,92.23,0.64,1002.20,33.18,98.36,-0.03,0.24,109.51,305.51,7899,0.77,1.24,9.55,1.00,0.06,-0.04,0.00,4.51,-7.45,-0.04,3,9,8,0,35.2901650,136.2529700,65.80, 0.20
117598,0.02,-0.50,9.56,1.00,-0.03,0.01,0.00,0.58,3.17,0.07,10.60,0.00,0,2,1002.85,35.31,93.27,1002.84,31.69,92.20,0.64,1002.20,33.19,98.39,-0.03,0.24,110.65,305.51,7900,0.65,1.32,9.58,1.00,0.06,-0.04,0.00,4.51,-7.45,-0.04,3,9,8,0,35.2901650,136.2529700,65.80, 0.20
117655,-0.12,-0.56,9.59,1.00,-0.03,0.01,0.00,0.58,3.17,0.07,10.59,0.00,0,2,1002.84,35.32,93.31,1002.84,31.67,92.23,0.64,1002.20,33.17,98.36,-0.02,0.17,111.18,305.51,7900,0.60,1.30,9.55,1.00,0.06,-0.04,0.00,4.52,-7.44,-0.03,3,9,8,0,35.2901650,136.2529700,65.80, 0.20
117709,-0.15,-0.56,9.45,1.00,-0.03,0.01,0.00,0.58,3.17,0.07,10.60,0.00,0,2,1002.84,35.32,93.29,1002.84,31.68,92.24,0.64,1002.21,33.19,98.34,-0.03,0.24,111.18,305.51,7900,0.76,1.42,9.55,1.00,0.06,-0.04,0.00,4.52,-7.44,-0.03,3,9,9,0,35.2901667,136.2529650,66.70, 0.20
117766,-0.10,-0.55,9.59,1.00,-0.03,0.01,0.00,0.58,3.17,0.07,10.61,0.00,0,2,1002.84,35.32,93.28,1002.84,31.68,92.22,0.64,1002.20,33.19,98.39,-0.03,0.24,108.72,305.68,7900,0.88,1.63,9.63,1.00,0.06,-0.04,0.00,4.52,-7.44,-0.03,3,9,9,0,35.2901667,136.2529650,66.70, 0.20
117818,-0.19,-0.57,9.51,1.00,-0.03,0.01,0.00,0.58,3.17,0.07,10.60,0.00,0,2,1002.84,35.31,93.28,1002.84,31.69,92.20,0.64,1002.20,33.18,98.38,-0.03,0.24,102.13,305.42,7899,0.73,0.98,9.47,1.00,0.06,-0.04,0.00,4.52,-7.43,-0.03,3,9,9,0,35.2901667,136.2529650,66.70, 0.20
117875,-0.04,-0.56,9.58,1.00,-0.03,0.01,0.00,0.58,3.17,0.07,10.60,0.00,0,2,1002.84,35.32,93.31,1002.84,31.69,92.23,0.64,1002.21,33.18,98.33,-0.03,0.24,93.78,305.42,7900,0.63,1.28,9.54,1.00,0.06,-0.04,0.00,4.52,-7.43,-0.03,3,9,9,0,35.2901667,136.2529650,66.70, 0.20
117929,-0.02,-0.44,9.49,1.00,-0.03,0.01,0.00,0.58,3.17,0.07,10.59,0.00,0,2,1002.84,35.32,93.30,1002.84,31.67,92.22,0.64,1002.21,33.18,98.36,-0.02,0.17,89.65,305.42,7900,0.69,0.82,9.49,1.00,0.06,-0.04,0.00,4.51,-7.43,-0.03,3,9,9,0,35.2901667,136.2529650,66.70, 0.20
117981,-0.11,-0.46,9.60,1.00,-0.03,0.01,0.00,0.58,3.17,0.07,10.60,0.00,0,2,1002.84,35.32,93.28,1002.84,31.69,92.23,0.64,1002.21,33.18,98.34,-0.02,0.17,84.11,305.42,7900,0.78,1.69,9.74,1.00,0.06,-0.04,0.00,4.51,-7.45,-0.03,3,9,9,0,35.2901667,136.2529650,66.70, 0.20
118039,-0.19,-0.55,9.53,1.00,-0.03,0.01,0.00,0.58,3.17,0.07,10.60,0.00,0,2,1002.84,35.31,93.29,1002.84,31.68,92.25,0.64,1002.21,33.19,98.34,-0.03,0.24,83.41,305.42,7900,0.96,1.69,9.62,1.00,0.06,-0.04,0.00,4.51,-7.43,-0.04,3,9,9,0,35.2901667,136.2529650,66.70, 0.20
118096,-0.13,-0.60,9.59,1.00,-0.03,0.01,0.00,0.58,3.17,0.07,10.60,0.00,0,2,1002.84,35.31,93.29,1002.84,31.69,92.22,0.64,1002.20,33.18,98.36,-0.03,0.24,84.29,305.33,7900,0.66,1.21,9.55,1.00,0.06,-0.04,0.00,4.51,-7.43,-0.03,3,9,9,0,35.2901667,136.2529650,66.70, 0.20
118148,0.00,-0.46,9.59,1.00,-0.03,0.01,0.00,0.58,3.17,0.07,10.60,0.00,0,2,1002.84,35.30,93.31,1002.84,31.68,92.25,0.64,1002.21,33.19,98.35,-0.03,0.24,84.64,305.42,7899,0.42,1.19,9.50,1.00,0.06,-0.04,0.00,4.51,-7.42,-0.03,3,9,9,0,35.2901667,136.2529650,66.70, 0.20
118205,-0.13,-0.54,9.51,1.00,-0.03,0.01,0.00,0.58,3.17,0.07,10.60,0.00,0,2,1002.84,35.31,93.34,1002.84,31.68,92.25,0.64,1002.20,33.19,98.37,-0.03,0.24,84.55,305.33,7900,0.96,1.04,9.48,1.00,0.06,-0.04,0.00,4.51,-7.42,-0.03,3,9,9,0,35.2901667,136.2529650,66.70, 0.20
118258,-0.17,-0.53,9.58,1.00,-0.03,0.01,0.00,0.58,3.17,0.07,10.61,0.00,0,2,1002.84,35.32,93.31,1002.84,31.69,92.21,0.64,1002.20,33.20,98.40,-0.05,0.29,84.55,305.42,7899,0.99,1.27,9.57,1.00,0.06,-0.04,0.00,4.51,-7.43,-0.05,3,9,9,0,35.2901667,136.2529650,66.70, 0.20
118315,-0.10,-0.54,9.56,1.00,-0.03,0.01,0.00,0.58,3.17,0.07,10.62,0.00,0,2,1002.84,35.31,93.32,1002.84,31.70,92.26,0.64,1002.20,33.20,98.38,-0.02,0.17,84.55,305.42,7900,0.82,1.37,9.63,1.00,0.06,-0.04,0.00,4.51,-7.43,-0.04,3,9,9,0,35.2901667,136.2529650,66.70, 0.20
118367,-0.12,-0.49,9.42,1.00,-0.03,0.01,0.00,0.58,3.17,0.07,10.62,0.00,0,2,1002.84,35.31,93.31,1002.84,31.69,92.21,0.64,1002.21,33.20,98.33,-0.03,0.24,84.55,305.42,7900,0.82,0.91,9.42,1.00,0.06,-0.04,0.00,4.51,-7.43,-0.05,3,9,9,0,35.2901667,136.2529650,66.70, 0.20
118425,0.02,-0.54,9.63,1.00,-0.03,0.01,0.00,0.58,3.17,0.07,10.61,0.00,0,2,1002.84,35.29,93.31,1002.84,31.70,92.23,0.64,1002.20,33.18,98.41,-0.05,0.29,85.08,305.42,7926,0.61,1.27,9.64,1.00,0.06,-0.04,0.00,4.51,-7.45,-0.06,3,9,9,0,35.2901667,136.2529650,66.70, 0.20
118478,-0.21,-0.64,9.56,1.00,-0.03,0.01,0.00,0.58,3.17,0.07,10.60,0.00,0,2,1002.84,35.30,93.29,1002.84,31.70,92.22,0.64,1002.21,33.20,98.28,-0.03,0.24,86.04,305.42,8065,0.92,1.30,9.45,1.00,0.06,-0.04,0.00,4.51,-7.45,-0.06,3,9,9,0,35.2901667,136.2529650,66.70, 0.20
118533,-0.17,-0.49,9.58,1.00,-0.03,0.01,0.00,0.58,3.17,0.07,10.60,0.00,0,2,1002.84,35.31,93.30,1002.84,31.71,92.20,0.64,1002.21,33.19,98.32,-0.03,0.24,85.78,305.42,8130,0.87,1.32,9.55,1.00,0.06,-0.04,0.00,4.52,-7.44,-0.06,3,9,9,0,35.2901667,136.2529650,66.70, 0.20
118587,-0.13,-0.44,9.57,1.00,-0.03,0.01,0.00,0.58,3.17,0.07,10.60,0.00,0,2,1002.84,35.31,93.30,1002.84,31.70,92.23,0.64,1002.21,33.20,98.29,-0.03,0.24,85.08,305.42,8197,0.84,0.93,9.49,1.00,0.06,-0.04,0.00,4.53,-7.44,-0.06,3,9,9,0,35.2901667,136.2529650,66.70, 0.20
118640,0.01,-0.48,9.48,1.00,-0.03,0.01,0.00,0.58,3.17,0.07,10.60,0.00,0,2,1002.84,35.31,93.32,1002.84,31.70,92.24,0.64,1002.21,33.20,98.35,-0.02,0.17,84.20,305.42,8282,0.67,1.23,9.54,1.00,0.06,-0.04,0.00,4.51,-7.42,-0.05,3,9,9,0,35.2901667,136.2529650,66.70, 0.20
118696,0.07,-0.54,9.56,1.00,-0.03,0.01,0.00,0.58,3.17,0.07,10.60,0.00,0,2,1002.84,35.32,93.28,1002.84,31.69,92.22,0.64,1002.20,33.19,98.37,-0.03,0.24,84.38,305.42,8343,0.64,1.37,9.56,1.00,0.06,-0.04,0.00,4.50,-7.43,-0.06,3,9,10,0,35.2901683,136.2529650,66.90, 0.20
118754,-0.19,-0.67,9.49,1.00,-0.03,0.01,0.00,0.58,3.17,0.07,10.61,0.00,0,2,1002.84,35.30,93.32,1002.84,31.71,92.25,0.64,1002.20,33.19,98.39,-0.03,0.24,84.29,305.42,8345,0.95,1.68,9.66,1.00,0.06,-0.04,0.00,4.50,-7.43,-0.07,3,9,10,0,35.2901683,136.2529650,66.90, 0.20
118808,-0.10,-0.43,9.50,1.00,-0.03,0.01,0.00,0.58,3.17,0.07,10.61,0.00,0,2,1002.84,35.30,93.33,1002.84,31.70,92.24,0.64,1002.21,33.19,98.36,-0.05,0.29,84.29,305.42,8344,0.94,1.06,9.40,1.00,0.06,-0.04,0.00,4.50,-7.42,-0.07,3,9,10,0,35.2901683,136.2529650,66.90, 0.20
118865,-0.10,-0.52,9.59,1.00,-0.03,0.01,0.00,0.58,3.17,0.07,10.61,0.00,0,2,1002.84,35.31,93.32,1002.84,31.70,92.26,0.64,1002.21,33.20,98.35,-0.03,0.24,84.29,305.51,8344,0.68,1.42,9.66,1.00,0.06,-0.04,0.00,4.50,-7.42,-0.07,3,9,10,0,35.2901683,136.2529650,66.90, 0.20
118917,-0.26,-0.59,9.54,1.00,-0.03,0.01,0.00,0.58,3.17,0.07,10.60,0.00,0,2,1002.84,35.31,93.32,1002.84,31.70,92.26,0.64,1002.20,33.18,98.37,-0.03,0.24,84.29,305.51,8344,0.98,1.37,9.53,1.00,0.06,-0.04,0.00,4.51,-7.42,-0.07,3,9,10,0,35.2901683,136.2529650,66.90, 0.20
118975,-0.09,-0.52,9.56,1.00,-0.03,0.01,0.00,0.58,3.17,0.07,10.61,0.00,0,2,1002.84,35.30,93.33,1002.84,31.68,92.22,0.64,1002.21,33.20,98.33,-0.03,0.24,84.55,305.42,8344,0.74,1.40,9.66,1.00,0.06,-0.04,0.00,4.53,-7.44,-0.06,3,9,10,0,35.2901683,136.2529650,66.90, 0.20
119027,-0.09,-0.49,9.51,1.00,-0.03,0.01,0.00,0.58,3.17,0.07,10.61,0.00,0,2,1002.84,35.31,93.32,1002.84,31.69,92.21,0.64,1002.21,33.19,98.32,-0.03,0.24,85.08,305.42,8344,0.77,1.08,9.43,1.00,0.06,-0.04,0.00,4.53,-7.43,-0.06,3,9,10,0,35.2901683,136.2529650,66.90, 0.20
119085,-0.02,-0.55,9.55,1.00,-0.03,0.01,0.00,0.58,3.17,0.07,10.61,0.00,0,2,1002.83,35.30,93.40,1002.84,31.69,92.25,0.64,1002.21,33.20,98.37,-0.03,0.24,86.48,305.42,8344,0.69,1.55,9.67,1.00,0.06,-0.04,0.00,4.53,-7.46,-0.06,3,9,10,0,35.2901683,136.2529650,66.90, 0.20
119137,0.05,-0.46,9.55,1.00,-0.03,0.01,0.00,0.58,3.17,0.07,10.62,0.00,0,2,1002.84,35.32,93.33,1002.83,31.69,92.27,0.64,1002.20,33.20,98.38,-0.03,0.24,87.01,305.42,8344,0.79,1.50,9.63,1.00,0.07,-0.04,0.00,4.53,-7.46,-0.05,3,9,10,0,35.2901683,136.2529650,66.90, 0.20
119194,-0.11,-0.58,9.47,1.00,-0.03,0.01,0.00,0.58,3.17,0.07,10.63,0.00,0,2,1002.84,35.31,93.30,1002.84,31.69,92.23,0.64,1002.20,33.21,98.37,-0.03,0.24,86.75,305.51,8344,0.89,1.31,9.56,1.00,0.07,-0.04,0.00,4.54,-7.46,-0.06,3,9,10,0,35.2901683,136.2529650,66.90, 0.20
119247,-0.10,-0.57,9.53,1.00,-0.03,0.01,0.00,0.58,3.17,0.07,10.62,0.00,0,2,1002.84,35.32,93.34,1002.84,31.69,92.25,0.64,1002.20,33.20,98.38,-0.02,0.17,86.04,305.51,8345,0.81,1.08,9.48,1.00,0.07,-0.04,0.00,4.54,-7.46,-0.06,3,9,10,0,35.2901683,136.2529650,66.90, 0.20
119305,-0.05,-0.55,9.59,1.00,-0.03,0.01,0.00,0.58,3.17,0.07,10.62,0.00,0,2,1002.84,35.30,93.33,1002.84,31.70,92.26,0.64,1002.20,33.19,98.37,-0.03,0.24,85.96,305.51,8345,0.65,1.33,9.61,1.00,0.07,-0.04,0.00,4.54,-7.46,-0.06,3,9,10,0,35.2901683,136.2529650,66.90, 0.20
119356,-0.08,-0.50,9.52,1.00,-0.03,0.01,0.00,0.58,3.17,0.07,10.62,0.00,0,2,1002.84,35.30,93.31,1002.84,31.70,92.26,0.64,1002.20,33.20,98.37,-0.03,0.24,86.04,305.68,8344,0.67,1.16,9.48,1.00,0.06,-0.04,0.00,4.53,-7.45,-0.06,3,9,10,0,35.2901683,136.2529650,66.90, 0.20
119414,-0.12,-0.56,9.49,1.00,-0.03,0.01,0.00,0.58,3.17,0.07,10.62,0.00,0,2,1002.84,35.31,93.33,1002.83,31.70,92.28,0.64,1002.20,33.19,98.39,-0.02,0.17,85.96,305.68,8344,0.67,1.11,9.56,1.00,0.06,-0.04,0.00,4.53,-7.45,-0.06,3,9,10,0,35.2901683,136.2529650,66.90, 0.20
119465,-0.15,-0.55,9.48,1.00,-0.03,0.01,0.00,0.58,3.17,0.07,10.61,0.00,0,2,1002.84,35.31,93.30,1002.83,31.70,92.28,0.64,1002.21,33.20,98.37,-0.03,0.24,85.69,305.68,8344,0.78,0.99,9.38,1.00,0.06,-0.04,0.00,4.53,-7.43,-0.06,3,9,10,0,35.2901683,136.2529650,66.90, 0.20
119521,0.00,-0.52,9.37,1.00,-0.03,0.01,0.00,0.58,3.17,0.07,10.62,0.00,0,2,1002.84,35.31,93.32,1002.84,31.70,92.22,0.64,1002.20,33.19,98.40,-0.03,0.24,85.78,305.51,8344,0.72,1.45,9.59,1.00,0.06,-0.04,0.00,4.53,-7.44,-0.06,3,9,10,0,35.2901683,136.2529650,66.90, 0.20
119575,0.01,-0.38,9.65,1.00,-0.03,0.01,0.00,0.58,3.17,0.07,10.62,0.00,0,2,1002.84,35.31,93.32,1002.83,31.70,92.27,0.64,1002.20,33.18,98.43,-0.03,0.24,86.04,305.60,8344,0.91,1.28,9.51,1.00,0.06,-0.04,0.00,4.53,-7.44,-0.06,3,9,10,0,35.2901683,136.2529650,66.90, 0.20
119628,-0.16,-0.59,9.67,1.00,-0.03,0.01,0.00,0.58,3.17,0.07,10.63,0.00,0,2,1002.84,35.32,93.35,1002.83,31.68,92.28,0.64,1002.20,33.18,98.41,-0.03,0.24,85.96,305.60,8344,0.73,1.35,9.57,1.00,0.06,-0.04,0.00,4.53,-7.44,-0.07,3,9,10,0,35.2901683,136.2529650,66.90, 0.20
119684,-0.22,-0.62,9.52,1.00,-0.03,0.01,0.00,0.58,3.17,0.07,10.62,0.00,0,2,1002.84,35.30,93.36,1002.83,31.68,92.27,0.64,1002.21,33.20,98.37,-0.03,0.24,85.87,305.60,8343,0.82,1.29,9.50,1.00,0.06,-0.04,0.00,4.53,-7.44,-0.08,3,9,11,0,35.2901733,136.2529650,67.60, 0.20
119742,-0.09,-0.48,9.63,1.00,-0.03,0.01,0.00,0.58,3.17,0.07,10.62,0.00,0,2,1002.84,35.31,93.32,1002.83,31.69,92.28,0.64,1002.20,33.20,98.42,-0.03,0.24,85.34,305.60,8344,0.91,1.49,9.63,1.00,0.06,-0.04,0.00,4.53,-7.45,-0.08,3,9,11,0,35.2901733,136.2529650,67.60, 0.20
119796,0.00,-0.41,9.58,1.00,-0.03,0.01,0.00,0.58,3.17,0.07,10.61,0.00,0,2,1002.84,35.31,93.27,1002.83,31.71,92.27,0.64,1002.20,33.20,98.38,-0.03,0.24,85.61,305.60,8344,0.74,1.17,9.54,1.00,0.06,-0.04,0.00,4.53,-7.45,-0.06,3,9,11,0,35.2901733,136.2529650,67.60, 0.20
119852,-0.06,-0.52,9.49,1.00,-0.03,0.01,0.00,0.58,3.17,0.07,10.62,0.00,0,2,1002.84,35.31,93.31,1002.84,31.69,92.26,0.64,1002.20,33.21,98.38,-0.03,0.24,85.61,305.60,8344,0.80,1.18,9.52,1.00,0.06,-0.04,0.00,4.53,-7.45,-0.06,3,9,11,0,35.2901733,136.2529650,67.60, 0.20
119905,-0.02,-0.65,9.47,1.00,-0.03,0.01,0.00,0.58,3.17,0.07,10.61,0.00,0,2,1002.84,35.31,93.32,1002.84,31.69,92.23,0.64,1002.21,33.22,98.36,-0.02,0.17,85.52,305.51,8344,0.57,1.45,9.60,1.00,0.06,-0.04,0.00,4.53,-7.45,-0.06,3,9,11,0,35.2901733,136.2529650,67.60, 0.20
119962,-0.15,-0.43,9.62,1.00,-0.03,0.01,0.00,0.58,3.17,0.07,10.59,0.00,0,2,1002.84,35.30,93.29,1002.84,31.70,92.25,0.64,1002.21,33.21,98.34,-0.03,0.24,85.25,305.51,8344,0.90,0.94,9.48,1.00,0.06,-0.04,0.00,4.53,-7.45,-0.06,3,9,11,0,35.2901733,136.2529650,67.60, 0.20
120015,-0.02,-0.52,9.48,1.00,-0.03,0.01,0.00,0.58,3.17,0.07,10.59,0.00,0,2,1002.84,35.31,93.30,1002.84,31.70,92.21,0.64,1002.21,33.20,98.31,-0.03,0.24,84.81,305.60,8319,0.64,1.04,9.51,1.00,0.06,-0.04,0.00,4.53,-7.45,-0.06,3,9,11,0,35.2901733,136.2529650,67.60, 0.20
120072,0.11,-0.48,9.53,1.00,-0.03,0.01,0.00,0.58,3.17,0.07,10.58,0.00,0,2,1002.84,35.30,93.29,1002.84,31.70,92.24,0.64,1002.21,33.20,98.33,-0.03,0.24,84.64,305.60,8191,0.65,1.28,9.51,1.00,0.06,-0.04,0.00,4.53,-7.45,-0.08,3,9,11,0,35.2901733,136.2529650,67.60, 0.20
120124,-0.11,-0.57,9.49,1.00,-0.03,0.01,0.00,0.58,3.17,0.07,10.59,0.00,0,2,1002.84,35.30,93.31,1002.84,31.70,92.24,0.65,1002.21,33.21,98.34,-0.02,0.17,84.55,305.60,8056,0.72,1.04,9.42,1.00,0.06,-0.04,0.00,4.51,-7.44,-0.09,3,9,11,0,35.2901733,136.2529650,67.60, 0.20
120178,-0.23,-0.60,9.61,1.00,-0.03,0.01,0.00,0.58,3.17,0.07,10.59,0.00,0,2,1002.84,35.30,93.29,1002.84,31.70,92.23,0.64,1002.21,33.21,98.34,-0.05,0.29,84.55,305.60,7901,1.16,1.03,9.42,1.00,0.06,-0.04,0.00,4.50,-7.43,-0.12,3,9,11,0,35.2901733,136.2529650,67.60, 0.20
120235,-0.15,-0.49,9.65,1.00,-0.03,0.01,0.00,0.61,3.17,0.07,10.58,0.00,0,2,1002.84,35.31,93.31,1002.84,31.70,92.23,0.64,1002.21,33.21,98.33,-0.03,0.24,85.34,305.60,7900,0.89,1.40,9.58,1.00,0.06,-0.04,0.00,4.51,-7.43,-0.13,3,9,11,0,35.2901733,136.2529650,67.60, 0.20
120288,-0.18,-0.46,9.46,1.00,-0.03,0.01,0.00,0.62,3.16,0.07,10.57,0.00,0,2,1002.84,35.30,93.32,1002.84,31.69,92.21,0.64,1002.21,33.21,98.29,-0.05,0.29,85.52,305.60,7900,0.95,1.29,9.53,1.00,0.06,-0.04,0.00,4.51,-7.42,-0.13,3,9,11,0,35.2901733,136.2529650,67.60, 0.24
120343,-0.24,-0.61,9.62,1.00,-0.03,0.01,0.00,0.63,3.17,0.11,10.57,0.00,0,2,1002.84,35.30,93.31,1002.84,31.69,92.23,0.64,1002.21,33.22,98.30,-0.03,0.24,84.90,305.60,7899,0.94,1.44,9.61,1.00,0.06,-0.04,0.00,4.51,-7.43,-0.12,3,9,11,0,35.2901733,136.2529650,67.60, 0.24
120398,-0.09,-0.61,9.58,1.00,-0.03,0.01,0.00,0.65,3.18,0.16,10.57,0.00,0,2,1002.85,35.31,93.26,1002.84,31.69,92.23,0.64,1002.21,33.21,98.32,-0.03,0.24,84.64,305.51,7900,0.67,1.39,9.64,1.00,0.06,-0.04,0.00,4.52,-7.44,-0.09,3,9,11,0,35.2901733,136.2529650,67.60, 0.24
120454,0.05,-0.44,9.54,1.00,-0.03,0.01,0.00,0.63,3.18,0.16,10.58,0.00,0,2,1002.84,35.32,93.32,1002.84,31.70,92.23,0.64,1002.21,33.20,98.30,-0.02,0.17,84.64,305.51,7900,0.59,1.01,9.57,1.00,0.06,-0.04,0.00,4.52,-7.44,-0.09,3,9,11,0,35.2901733,136.2529650,67.60, 0.24
120512,-0.04,-0.50,9.52,1.00,-0.03,0.01,0.00,0.61,3.16,0.16,10.57,0.00,0,2,1002.84,35.32,93.29,1002.84,31.69,92.23,0.64,1002.21,33.20,98.31,-0.03,0.24,85.34,305.51,7900,0.80,1.04,9.42,1.00,0.06,-0.04,0.00,4.50,-7.43,-0.10,3,9,11,0,35.2901733,136.2529650,67.60, 0.24
120565,-0.18,-0.55,9.55,1.00,-0.03,0.01,0.00,0.61,3.16,0.17,10.57,0.00,0,2,1002.85,35.32,93.26,1002.84,31.72,92.21,0.64,1002.21,33.20,98.35,-0.02,0.17,87.54,305.51,7900,0.92,1.26,9.52,1.00,0.06,-0.04,0.00,4.51,-7.42,-0.10,3,9,11,0,35.2901733,136.2529650,67.60, 0.24
120620,-0.26,-0.56,9.52,1.00,-0.03,0.01,0.00,0.63,3.17,0.19,10.58,0.00,0,2,1002.85,35.32,93.27,1002.84,31.70,92.24,0.64,1002.20,33.20,98.38,-0.03,0.24,88.33,305.51,7900,0.86,1.27,9.54,1.00,0.06,-0.04,0.00,4.52,-7.42,-0.10,3,9,11,0,35.2901733,136.2529650,67.60, 0.24
120673,-0.09,-0.51,9.55,1.00,-0.03,0.01,0.00,0.64,3.17,0.23,10.58,0.00,0,2,1002.84,35.32,93.31,1002.84,31.70,92.23,0.64,1002.21,33.21,98.35,-0.03,0.24,88.07,305.51,7900,0.68,1.20,9.53,1.00,0.06,-0.04,0.00,4.53,-7.42,-0.10,3,9,12,0,35.2901783,136.2529700,66.70, 0.24
120726,-0.02,-0.62,9.49,1.00,-0.03,0.01,0.00,0.64,3.17,0.25,10.59,0.00,0,2,1002.84,35.31,93.30,1002.84,31.71,92.24,0.64,1002.21,33.21,98.34,-0.03,0.24,87.28,305.51,7900,0.75,1.05,9.51,1.00,0.06,-0.04,0.00,4.53,-7.42,-0.10,3,9,12,0,35.2901783,136.2529700,66.70, 0.24
120783,-0.04,-0.51,9.52,1.00,-0.03,0.01,0.00,0.64,3.17,0.27,10.58,0.00,0,2,1002.84,35.32,93.30,1002.84,31.70,92.22,0.64,1002.21,33.21,98.29,-0.03,0.24,87.28,305.51,7900,0.78,1.35,9.52,1.00,0.06,-0.04,0.00,4.53,-7.42,-0.10,3,9,12,0,35.2901783,136.2529700,66.70, 0.24
120834,0.04,-0.49,9.32,1.00,-0.03,0.01,0.00,0.63,3.18,0.27,10.58,0.00,0,2,1002.84,35.31,93.30,1002.84,31.71,92.23,0.64,1002.21,33.22,98.30,-0.03,0.24,87.19,305.51,7899,1.03,1.37,9.65,1.00,0.06,-0.04,0.00,4.52,-7.41,-0.09,3,9,12,0,35.2901783,136.2529700,66.70, 0.24
120892,0.04,-0.39,10.04,1.00,-0.03,0.01,0.00,0.63,3.19,0.27,10.58,0.00,0,2,1002.84,35.32,93.30,1002.84,31.71,92.24,0.64,1002.21,33.22,98.28,-0.03,0.24,87.19,305.51,7900,0.98,1.27,9.59,1.00,0.06,-0.04,0.00,4.53,-7.41,-0.08,3,9,12,0,35.2901783,136.2529700,66.70, 0.24
120944,0.02,-0.43,9.80,1.00,-0.03,0.01,0.00,0.64,3.20,0.27,10.59,0.00,0,2,1002.84,35.30,93.29,1002.84,31.71,92.24,0.64,1002.20,33.21,98.37,-0.03,0.24,87.19,305.51,7900,0.72,1.37,9.63,1.00,0.06,-0.04,0.00,4.53,-7.41,-0.08,3,9,12,0,35.2901783,136.2529700,66.70, 0.24
121002,-0.15,-0.60,9.18,1.00,-0.03,0.01,0.00,0.63,3.19,0.27,10.59,0.00,0,2,1002.84,35.31,93.33,1002.84,31.73,92.21,0.64,1002.21,33.21,98.34,-0.03,0.24,87.01,305.51,7900,0.64,1.11,9.62,1.00,0.06,-0.04,0.00,4.53,-7.41,-0.08,3,9,12,0,35.2901783,136.2529700,66.70, 0.24
121054,-0.12,-0.59,9.50,1.00,-0.03,0.01,0.00,0.62,3.19,0.27,10.59,0.00,0,2,1002.84,35.32,93.30,1002.84,31.71,92.24,0.64,1002.21,33.21,98.30,-0.03,0.24,87.10,305.51,7900,0.79,1.46,9.63,1.00,0.06,-0.04,0.00,4.52,-7.40,-0.08,3,9,12,0,35.2901783,136.2529700,66.70, 0.24
121111,-0.10,-0.48,9.67,1.00,-0.03,0.01,0.00,0.62,3.19,0.27,10.60,0.00,0,2,1002.84,35.32,93.35,1002.84,31.71,92.25,0.64,1002.21,33.22,98.34,-0.03,0.24,87.01,305.51,7900,0.74,1.33,9.62,1.00,0.06,-0.04,0.00,4.52,-7.40,-0.08,3,9,12,0,35.2901783,136.2529700,66.70, 0.24
121163,-0.12,-0.57,9.54,1.00,-0.03,0.01,0.00,0.62,3.20,0.27,10.61,0.00,0,2,1002.84,35.31,93.32,1002.84,31.72,92.24,0.64,1002.20,33.21,98.43,-0.02,0.17,87.89,305.60,7900,0.85,1.06,9.48,1.00,0.06,-0.04,0.00,4.52,-7.40,-0.08,3,9,12,0,35.2901783,136.2529700,66.70, 0.24
121221,-0.12,-0.56,9.52,1.00,-0.03,0.01,0.00,0.62,3.20,0.27,10.61,0.00,0,2,1002.84,35.32,93.31,1002.84,31.71,92.24,0.64,1002.21,33.21,98.34,-0.03,0.24,88.68,305.51,7900,0.77,1.22,9.52,1.00,0.06,-0.04,0.00,4.52,-7.40,-0.08,3,9,12,0,35.2901783,136.2529700,66.70, 0.24
121273,-0.08,-0.51,9.50,1.00,-0.03,0.01,0.00,0.62,3.20,0.27,10.61,0.00,0,2,1002.84,35.33,93.30,1002.84,31.70,92.22,0.64,1002.20,33.21,98.37,-0.03,0.24,89.30,305.51,7900,0.75,1.27,9.55,1.00,0.06,-0.04,0.00,4.52,-7.40,-0.08,3,9,12,0,35.2901783,136.2529700,66.70, 0.27
121327,-0.02,-0.50,9.51,1.00,-0.03,0.01,0.00,0.62,3.20,0.27,10.60,0.00,0,2,1002.84,35.32,93.27,1002.84,31.72,92.24,0.64,1002.21,33.22,98.37,-0.02,0.17,89.47,305.51,7900,0.77,1.07,9.54,1.00,0.06,-0.04,0.00,4.52,-7.39,-0.07,3,9,12,0,35.2901783,136.2529700,66.70, 0.27
121382,-0.05,-0.58,9.54,1.00,-0.03,0.01,0.00,0.62,3.20,0.27,10.60,0.00,0,2,1002.84,35.31,93.32,1002.84,31.70,92.25,0.64,1002.21,33.21,98.34,-0.05,0.29,89.82,305.51,7900,0.65,1.24,9.55,1.00,0.06,-0.04,0.00,4.52,-7.39,-0.07,3,9,12,0,35.2901783,136.2529700,66.70, 0.27
121435,-0.22,-0.55,9.48,1.00,-0.03,0.01,0.00,0.62,3.20,0.27,10.60,0.00,0,2,1002.85,35.33,93.26,1002.84,31.70,92.24,0.63,1002.21,33.21,98.30,-0.03,0.24,89.30,305.51,7899,0.89,1.05,9.45,1.00,0.06,-0.04,0.00,4.52,-7.39,-0.09,3,9,12,0,35.2901783,136.2529700,66.70, 0.27
121493,-0.20,-0.44,9.64,1.00,-0.03,0.01,0.00,0.62,3.20,0.27,10.59,0.00,0,2,1002.84,35.32,93.28,1002.84,31.71,92.25,0.64,1002.21,33.23,98.35,-0.03,0.24,88.95,305.51,7900,0.90,1.08,9.51,1.00,0.06,-0.04,0.00,4.54,-7.37,-0.09,3,9,12,0,35.2901783,136.2529700,66.70, 0.27
121547,-0.11,-0.59,9.46,1.00,-0.03,0.01,0.00,0.62,3.20,0.27,10.60,0.00,0,2,1002.84,35.31,93.32,1002.84,31.73,92.24,0.64,1002.20,33.22,98.39,-0.03,0.24,88.86,305.51,7900,0.81,1.22,9.60,1.00,0.06,-0.04,0.00,4.54,-7.37,-0.09,3,9,12,0,35.2901783,136.2529700,66.70, 0.27
121602,-0.02,-0.53,9.51,1.00,-0.03,0.01,0.00,0.62,3.20,0.27,10.61,0.00,0,2,1002.84,35.31,93.32,1002.84,31.71,92.22,0.64,1002.20,33.22,98.39,-0.03,0.24,88.59,305.51,7900,0.66,1.24,9.56,1.00,0.06,-0.04,0.00,4.54,-7.37,-0.08,3,9,12,0,35.2901783,136.2529700,66.70, 0.27
121659,-0.07,-0.56,9.49,1.00,-0.03,0.01,0.00,0.62,3.20,0.27,10.62,0.00,0,2,1002.84,35.31,93.30,1002.84,31.72,92.26,0.64,1002.20,33.21,98.37,-0.02,0.17,89.03,305.51,7900,0.62,1.35,9.57,1.00,0.06,-0.04,0.00,4.54,-7.37,-0.08,3,9,12,0,35.2901783,136.2529700,66.70, 0.27
121713,-0.08,-0.50,9.50,1.00,-0.03,0.01,0.00,0.62,3.20,0.27,10.62,0.00,0,2,1002.84,35.32,93.28,1002.84,31.72,92.25,0.64,1002.20,33.20,98.41,-0.03,0.24,89.38,305.51,7900,0.58,1.27,9.61,1.00,0.06,-0.04,0.00,4.54,-7.37,-0.08,3,9,13,0,35.2901783,136.2529717,65.90, 0.27
121769,-0.06,-0.51,9.58,1.00,-0.03,0.01,0.00,0.62,3.20,0.27,10.61,0.00,0,2,1002.84,35.31,93.32,1002.84,31.73,92.22,0.64,1002.20,33.21,98.37,-0.02,0.17,89.65,305.51,7900,0.72,1.07,9.48,1.00,0.06,-0.04,0.00,4.54,-7.37,-0.08,3,9,13,0,35.2901783,136.2529717,65.90, 0.27
121822,-0.04,-0.64,9.52,1.00,-0.03,0.01,0.00,0.62,3.20,0.27,10.60,0.00,0,2,1002.84,35.33,93.29,1002.84,31.72,92.23,0.64,1002.21,33.22,98.37,-0.02,0.17,90.00,305.51,7899,0.85,1.42,9.52,1.00,0.06,-0.04,0.00,4.54,-7.36,-0.08,3,9,13,0,35.2901783,136.2529717,65.90, 0.27
121876,-0.01,-0.59,9.46,1.00,-0.03,0.01,0.00,0.62,3.20,0.27,10.62,0.00,0,2,1002.84,35.31,93.34,1002.84,31.72,92.25,0.64,1002.20,33.21,98.41,-0.02,0.17,89.74,305.51,7900,0.78,1.22,9.53,1.00,0.06,-0.04,0.00,4.54,-7.37,-0.08,3,9,13,0,35.2901783,136.2529717,65.90, 0.27
121932,-0.12,-0.44,9.54,1.00,-0.03,0.01,0.00,0.62,3.20,0.27,10.62,0.00,0,2,1002.84,35.31,93.32,1002.84,31.72,92.25,0.64,1002.20,33.22,98.42,-0.02,0.17,90.00,305.51,7900,0.89,1.16,9.56,1.00,0.06,-0.04,0.00,4.54,-7.36,-0.10,3,9,13,0,35.2901783,136.2529717,65.90, 0.27
121991,-0.10,-0.45,9.52,1.00,-0.03,0.01,0.00,0.62,3.20,0.27,10.63,0.00,0,2,1002.84,35.31,93.30,1002.84,31.72,92.24,0.64,1002.20,33.22,98.42,-0.02,0.17,91.58,305.51,7900,0.76,1.27,9.56,1.00,0.06,-0.04,0.00,4.54,-7.34,-0.09,3,9,13,0,35.2901783,136.2529717,65.90, 0.27
122043,-0.05,-0.59,9.55,1.00,-0.03,0.01,0.00,0.62,3.20,0.27,10.61,0.00,0,2,1002.84,35.33,93.29,1002.84,31.73,92.26,0.64,1002.21,33.22,98.37,-0.03,0.24,95.36,305.60,7900,0.62,1.15,9.51,1.00,0.06,-0.04,0.00,4.54,-7.34,-0.09,3,9,13,0,35.2901783,136.2529717,65.90, 0.27
122100,-0.05,-0.54,9.56,1.00,-0.03,0.01,0.00,0.62,3.20,0.27,10.61,0.00,0,2,1002.84,35.33,93.31,1002.84,31.72,92.24,0.64,1002.21,33.23,98.33,-0.03,0.24,99.32,305.60,7901,0.71,1.14,9.59,1.00,0.06,-0.04,0.00,4.54,-7.34,-0.09,3,9,13,0,35.2901783,136.2529717,65.90, 0.27
122152,-0.17,-0.56,9.55,1.00,-0.03,0.01,0.00,0.62,3.20,0.27,10.60,0.00,0,2,1002.84,35.31,93.28,1002.84,31.73,92.26,0.64,1002.21,33.23,98.33,-0.02,0.17,104.50,305.60,7900,0.78,1.20,9.51,1.00,0.06,-0.04,0.00,4.54,-7.34,-0.09,3,9,13,0,35.2901783,136.2529717,65.90, 0.27
122210,-0.08,-0.53,9.49,1.00,-0.03,0.01,0.00,0.62,3.20,0.27,10.60,0.00,0,2,1002.84,35.32,93.30,1002.84,31.73,92.27,0.64,1002.21,33.22,98.36,-0.03,0.24,107.23,305.60,7900,0.66,1.16,9.54,1.00,0.06,-0.04,0.00,4.54,-7.34,-0.09,3,9,13,0,35.2901783,136.2529717,65.90, 0.27
122262,-0.20,-0.45,9.37,1.00,-0.03,0.01,0.00,0.62,3.20,0.27,10.59,0.00,0,2,1002.84,35.32,93.29,1002.84,31.73,92.24,0.64,1002.21,33.22,98.36,-0.03,0.24,110.48,305.60,7900,0.79,1.18,9.48,1.00,0.06,-0.04,0.00,4.54,-7.34,-0.09,3,9,13,0,35.2901783,136.2529717,65.90, 0.12
122319,-0.18,-0.60,9.52,1.00,-0.03,0.01,0.00,0.62,3.20,0.27,10.59,0.00,0,2,1002.84,35.32,93.28,1002.84,31.72,92.24,0.64,1002.21,33.22,98.34,-0.02,0.17,110.83,305.86,7900,0.80,1.27,9.59,1.00,0.06,-0.04,0.00,4.55,-7.33,-0.10,3,9,13,0,35.2901783,136.2529717,65.90, 0.12
122371,-0.12,-0.51,9.50,1.00,-0.03,0.01,0.00,0.62,3.20,0.27,10.60,0.00,0,2,1002.84,35.32,93.28,1002.84,31.73,92.26,0.64,1002.21,33.22,98.37,-0.03,0.24,108.90,305.86,7900,0.74,1.48,9.59,1.00,0.06,-0.04,0.00,4.55,-7.33,-0.10,3,9,13,0,35.2901783,136.2529717,65.90, 0.12
122424,-0.01,-0.45,9.51,1.00,-0.03,0.01,0.00,0.62,3.20,0.27,10.60,0.00,0,2,1002.85,35.33,93.27,1002.84,31.73,92.25,0.64,1002.20,33.22,98.42,-0.03,0.24,108.11,305.86,7899,0.70,1.39,9.60,1.00,0.06,-0.04,0.00,4.55,-7.33,-0.10,3,9,13,0,35.2901783,136.2529717,65.90, 0.12
122482,-0.02,-0.62,9.48,1.00,-0.03,0.01,0.00,0.62,3.20,0.27,10.61,0.00,0,2,1002.84,35.32,93.28,1002.84,31.73,92.24,0.64,1002.20,33.22,98.39,-0.03,0.24,108.19,305.86,7899,0.69,1.21,9.51,1.00,0.06,-0.04,0.00,4.55,-7.33,-0.10,3,9,13,0,35.2901783,136.2529717,65.90, 0.12
122540,-0.06,-0.53,9.49,1.00,-0.03,0.01,0.00,0.62,3.20,0.27,10.60,0.00,0,2,1002.84,35.32,93.31,1002.84,31.73,92.26,0.64,1002.20,33.23,98.38,-0.03,0.24,107.49,305.77,7899,0.89,1.15,9.51,1.00,0.06,-0.04,0.00,4.55,-7.33,-0.12,3,9,13,0,35.2901783,136.2529717,65.90, 0.12
122591,-0.12,-0.53,9.62,1.00,-0.03,0.01,0.00,0.62,3.20,0.27,10.60,0.00,0,2,1002.84,35.33,93.30,1002.84,31.74,92.25,0.64,1002.20,33.22,98.39,-0.03,0.24,106.17,305.77,7900,0.90,1.30,9.57,1.00,0.06,-0.04,0.00,4.55,-7.33,-0.12,3,9,13,0,35.2901783,136.2529717,65.90, 0.12
122649,-0.12,-0.50,9.55,1.00,-0.03,0.01,0.00,0.62,3.20,0.27,10.61,0.00,0,2,1002.84,35.31,93.30,1002.84,31.74,92.22,0.64,1002.20,33.23,98.41,-0.03,0.24,102.66,305.77,7900,0.67,1.20,9.53,1.00,0.06,-0.04,0.00,4.55,-7.33,-0.12,3,9,13,0,35.2901783,136.2529717,65.90, 0.12
122701,-0.10,-0.54,9.52,1.00,-0.03,0.01,0.00,0.62,3.20,0.27,10.61,0.00,0,2,1002.84,35.32,93.33,1002.84,31.74,92.23,0.64,1002.20,33.22,98.44,-0.03,0.24,100.63,305.77,7900,0.67,1.20,9.54,1.00,0.06,-0.04,0.00,4.55,-7.33,-0.12,3,9,13,0,35.2901783,136.2529717,65.90, 0.12
122759,-0.09,-0.55,9.54,1.00,-0.03,0.01,0.00,0.62,3.20,0.27,10.62,0.00,0,2,1002.84,35.31,93.35,1002.84,31.73,92.24,0.64,1002.20,33.23,98.38,-0.03,0.24,101.78,305.77,7900,0.74,1.29,9.54,1.00,0.06,-0.04,0.00,4.55,-7.33,-0.12,3,9,13,0,35.2901783,136.2529717,65.90, 0.12
122812,-0.32,-0.91,9.98,1.00,-0.03,0.01,0.00,0.62,3.20,0.27,10.62,0.00,0,2,1002.84,35.32,93.33,1002.84,31.73,92.25,0.64,1002.20,33.23,98.42,-0.03,0.24,101.95,305.77,7899,-0.22,1.23,9.33,1.00,0.06,-0.04,0.00,4.55,-7.33,-0.12,3,9,13,0,35.2901783,136.2529717,65.90, 0.12
122867,-0.02,-0.77,8.80,1.00,-0.03,0.01,0.00,0.62,3.20,0.27,10.62,0.00,0,2,1002.84,35.32,93.36,1002.84,31.74,92.25,0.64,1002.21,33.23,98.37,-0.03,0.24,102.22,305.60,7900,1.11,0.64,9.31,1.00,0.06,-0.04,0.00,4.55,-7.32,-0.12,3,9,13,0,35.2901783,136.2529717,65.90, 0.12
122920,-0.04,-0.36,10.11,1.00,-0.03,0.01,0.00,0.62,3.20,0.27,10.63,0.00,0,2,1002.84,35.32,93.32,1002.84,31.74,92.25,0.64,1002.20,33.23,98.38,-0.02,0.17,102.13,305.51,7900,0.61,1.86,9.54,1.00,0.06,-0.04,0.00,4.55,-7.35,-0.12,3,9,13,0,35.2901783,136.2529717,65.90, 0.12
122973,0.04,-0.32,9.97,1.00,-0.03,0.01,0.00,0.62,3.18,0.27,10.62,0.00,0,2,1002.84,35.32,93.31,1002.84,31.72,92.25,0.64,1002.20,33.23,98.38,-0.03,0.24,101.25,305.60,7899,0.61,1.68,9.57,1.00,0.06,-0.04,0.00,4.55,-7.32,-0.12,3,9,13,0,35.2901783,136.2529717,65.90, 0.12
123031,-0.26,-0.74,9.07,1.00,-0.03,0.01,0.00,0.64,3.20,0.27,10.60,0.00,0,2,1002.84,35.31,93.32,1002.84,31.73,92.25,0.64,1002.20,33.22,98.42,-0.02,0.17,101.43,305.60,7898,0.34,1.85,9.71,1.00,0.06,-0.04,0.00,4.55,-7.35,-0.12,3,9,13,0,35.2901783,136.2529717,65.90, 0.12
123086,0.03,-0.45,9.72,1.00,-0.03,0.01,0.00,0.63,3.18,0.27,10.60,0.00,0,2,1002.84,35.31,93.31,1002.84,31.75,92.23,0.64,1002.20,33.25,98.42,-0.03,0.24,102.30,305.60,7900,0.58,1.66,9.65,1.00,0.06,-0.04,0.00,4.55,-7.35,-0.11,3,9,13,0,35.2901783,136.2529717,65.90, 0.12
123140,0.01,-0.48,9.65,1.00,-0.03,0.01,0.00,0.63,3.18,0.27,10.60,0.00,0,2,1002.84,35.32,93.30,1002.84,31.73,92.24,0.64,1002.21,33.24,98.36,-0.03,0.24,102.04,305.60,7900,0.84,1.09,9.51,1.00,0.06,-0.04,0.00,4.55,-7.34,-0.12,3,9,13,0,35.2901783,136.2529717,65.90, 0.12
123197,-0.06,-0.59,9.58,1.00,-0.03,0.01,0.00,0.63,3.18,0.27,10.59,0.00,0,2,1002.84,35.32,93.29,1002.84,31.72,92.25,0.64,1002.21,33.23,98.33,-0.03,0.24,101.78,305.60,7900,0.70,1.22,9.50,1.00,0.06,-0.04,0.00,4.55,-7.34,-0.12,3,9,13,0,35.2901783,136.2529717,65.90, 0.12
123251,-0.20,-0.54,9.55,1.00,-0.03,0.01,0.00,0.63,3.18,0.27,10.60,0.00,0,2,1002.84,35.31,93.32,1002.84,31.73,92.22,0.64,1002.21,33.23,98.33,-0.03,0.24,101.78,305.60,7900,0.92,1.21,9.54,1.00,0.06,-0.04,0.00,4.55,-7.34,-0.13,3,9,14,0,35.2901733,136.2529817,65.90, 0.27
123303,-0.11,-0.46,9.61,1.00,-0.03,0.01,0.00,0.63,3.18,0.27,10.59,0.00,0,2,1002.84,35.31,93.34,1002.84,31.73,92.25,0.64,1002.21,33.24,98.34,-0.03,0.24,102.48,305.60,7899,0.81,1.06,9.50,1.00,0.06,-0.04,0.00,4.55,-7.34,-0.13,3,9,14,0,35.2901733,136.2529817,65.90, 0.27
123359,0.00,-0.64,9.34,1.00,-0.03,0.01,0.00,0.63,3.18,0.27,10.59,0.00,0,2,1002.84,35.31,93.30,1002.84,31.73,92.24,0.64,1002.21,33.24,98.34,-0.05,0.29,101.95,305.60,7900,0.50,1.36,9.46,1.00,0.06,-0.04,0.00,4.56,-7.34,-0.12,3,9,14,0,35.2901733,136.2529817,65.90, 0.27
123411,-0.09,-0.63,9.18,1.00,-0.03,0.01,0.00,0.63,3.18,0.27,10.59,0.00,0,2,1002.84,35.33,93.29,1002.84,31.74,92.22,0.64,1002.21,33.24,98.32,-0.03,0.24,102.74,305.60,7900,0.43,1.40,9.58,1.00,0.06,-0.04,0.00,4.56,-7.35,-0.12,3,9,14,0,35.2901733,136.2529817,65.90, 0.27
123469,-0.09,-0.55,9.70,1.00,-0.03,0.01,0.00,0.64,3.17,0.27,10.60,0.00,0,2,1002.84,35.32,93.29,1002.84,31.73,92.26,0.64,1002.21,33.25,98.32,-0.03,0.24,102.39,305.60,7900,0.79,1.68,9.66,1.00,0.06,-0.04,0.00,4.56,-7.35,-0.12,3,9,14,0,35.2901733,136.2529817,65.90, 0.27
123522,-0.15,-0.50,9.45,1.00,-0.03,0.01,0.00,0.64,3.17,0.27,10.60,0.00,0,2,1002.84,35.31,93.34,1002.84,31.72,92.24,0.64,1002.21,33.22,98.36,-0.03,0.24,102.04,305.68,7900,0.96,0.85,9.40,1.00,0.06,-0.04,0.00,4.56,-7.35,-0.12,3,9,14,0,35.2901733,136.2529817,65.90, 0.27
123578,-0.14,-0.54,9.59,1.00,-0.03,0.01,0.00,0.64,3.17,0.27,10.60,0.00,0,2,1002.84,35.32,93.31,1002.84,31.73,92.22,0.64,1002.21,33.25,98.31,-0.02,0.17,101.51,306.30,7899,0.84,1.17,9.56,1.00,0.06,-0.04,0.00,4.56,-7.35,-0.12,3,9,14,0,35.2901733,136.2529817,65.90, 0.27
123637,-0.07,-0.60,9.50,1.00,-0.03,0.01,0.00,0.64,3.17,0.27,10.60,0.00,0,2,1002.84,35.32,93.33,1002.84,31.74,92.26,0.64,1002.21,33.24,98.32,-0.02,0.17,101.34,306.39,7900,0.63,1.20,9.49,1.00,0.06,-0.04,0.00,4.56,-7.35,-0.11,3,9,14,0,35.2901733,136.2529817,65.90, 0.27
123689,0.00,-0.56,9.51,1.00,-0.03,0.01,0.00,0.64,3.17,0.27,10.61,0.00,0,2,1002.84,35.33,93.35,1002.84,31.74,92.25,0.64,1002.21,33.23,98.32,-0.05,0.29,101.69,306.39,7900,0.68,0.96,9.45,1.00,0.06,-0.04,0.00,4.56,-7.35,-0.11,3,9,15,0,35.2901717,136.2529883,63.70, 0.27
123747,-0.07,-0.54,9.57,1.00,-0.03,0.01,0.00,0.64,3.17,0.27,10.61,0.00,0,2,1002.84,35.32,93.34,1002.84,31.73,92.24,0.64,1002.21,33.24,98.37,-0.03,0.24,102.57,306.39,7900,0.69,1.33,9.57,1.00,0.06,-0.04,0.00,4.56,-7.36,-0.11,3,9,15,0,35.2901717,136.2529883,63.70, 0.27
123800,-0.16,-0.48,9.57,1.00,-0.03,0.01,0.00,0.64,3.17,0.27,10.60,0.00,0,2,1002.84,35.32,93.30,1002.84,31.72,92.24,0.64,1002.21,33.23,98.36,-0.03,0.24,102.48,306.39,7900,0.87,0.92,9.49,1.00,0.06,-0.04,0.00,4.56,-7.37,-0.11,3,9,15,0,35.2901717,136.2529883,63.70, 0.27
123858,-0.12,-0.52,9.53,1.00,-0.03,0.01,0.00,0.64,3.17,0.27,10.59,0.00,0,2,1002.84,35.32,93.35,1002.84,31.74,92.22,0.64,1002.21,33.23,98.36,-0.03,0.24,102.48,306.39,7900,0.76,0.96,9.45,1.00,0.06,-0.04,0.00,4.56,-7.37,-0.11,3,9,15,0,35.2901717,136.2529883,63.70, 0.27
123910,0.00,-0.51,9.57,1.00,-0.03,0.01,0.00,0.64,3.17,0.27,10.59,0.00,0,2,1002.84,35.33,93.31,1002.84,31.73,92.23,0.64,1002.21,33.23,98.33,-0.03,0.24,102.66,306.39,7900,0.71,1.21,9.54,1.00,0.06,-0.04,0.00,4.56,-7.37,-0.11,3,9,15,0,35.2901717,136.2529883,63.70, 0.27
123968,-0.06,-0.52,9.52,1.00,-0.03,0.01,0.00,0.64,3.17,0.27,10.59,0.00,0,2,1002.84,35.33,93.32,1002.84,31.72,92.22,0.64,1002.21,33.25,98.33,-0.03,0.24,102.92,306.39,7900,0.58,0.94,9.46,1.00,0.06,-0.04,0.00,4.56,-7.37,-0.11,3,9,15,0,35.2901717,136.2529883,63.70, 0.27
124021,-0.18,-0.57,9.55,1.00,-0.03,0.01,0.00,0.64,3.17,0.27,10.59,0.00,0,2,1002.84,35.33,93.34,1002.84,31.74,92.22,0.64,1002.21,33.25,98.33,-0.03,0.24,102.83,306.39,7900,0.67,1.20,9.52,1.00,0.06,-0.04,0.00,4.56,-7.37,-0.11,3,9,15,0,35.2901717,136.2529883,63.70, 0.27
124079,-0.12,-0.57,9.47,1.00,-0.03,0.01,0.00,0.64,3.17,0.27,10.59,0.00,0,2,1002.84,35.33,93.31,1002.84,31.75,92.23,0.64,1002.21,33.24,98.33,-0.03,0.24,102.74,306.39,7900,0.81,1.17,9.51,1.00,0.06,-0.04,0.00,4.56,-7.37,-0.11,3,9,15,0,35.2901717,136.2529883,63.70, 0.27
124137,-0.02,-0.52,9.51,1.00,-0.03,0.01,0.00,0.64,3.17,0.27,10.60,0.00,0,2,1002.84,35.32,93.35,1002.84,31.73,92.24,0.64,1002.21,33.25,98.37,-0.03,0.24,103.01,306.39,7900,0.89,1.16,9.44,1.00,0.06,-0.04,0.00,4.56,-7.37,-0.11,3,9,15,0,35.2901717,136.2529883,63.70, 0.27
124189,-0.05,-0.53,9.58,1.00,-0.03,0.01,0.00,0.64,3.17,0.27,10.59,0.00,0,2,1002.83,35.31,93.37,1002.84,31.75,92.23,0.64,1002.21,33.25,98.35,-0.03,0.24,103.01,306.39,7900,0.82,1.46,9.59,1.00,0.06,-0.04,0.00,4.56,-7.37,-0.11,3,9,15,0,35.2901717,136.2529883,63.70, 0.27
124246,-0.18,-0.53,9.49,1.00,-0.03,0.01,0.00,0.64,3.17,0.27,10.60,0.00,0,2,1002.84,35.31,93.35,1002.84,31.73,92.25,0.64,1002.22,33.26,98.29,-0.02,0.17,102.66,306.39,7900,0.81,1.08,9.46,1.00,0.06,-0.04,0.00,4.54,-7.37,-0.12,3,9,15,0,35.2901717,136.2529883,63.70, 0.24
124299,-0.05,-0.48,9.65,1.00,-0.03,0.01,0.00,0.64,3.17,0.27,10.59,0.00,0,2,1002.84,35.32,93.36,1002.84,31.74,92.23,0.64,1002.21,33.23,98.34,-0.02,0.17,102.74,306.39,7900,0.85,1.70,9.72,1.00,0.06,-0.04,0.00,4.54,-7.38,-0.12,3,9,15,0,35.2901717,136.2529883,63.70, 0.24
124355,-0.16,-0.51,9.38,1.00,-0.03,0.01,0.00,0.64,3.17,0.27,10.61,0.00,0,2,1002.84,35.33,93.35,1002.84,31.74,92.25,0.64,1002.21,33.25,98.37,-0.03,0.24,103.36,306.47,7900,0.84,1.25,9.49,1.00,0.06,-0.04,0.00,4.54,-7.37,-0.10,3,9,15,0,35.2901717,136.2529883,63.70, 0.24
124408,-0.10,-1.45,9.66,1.00,-0.03,0.01,0.00,0.64,3.17,0.27,10.61,0.00,0,2,1002.84,35.31,93.35,1002.84,31.74,92.23,0.64,1002.21,33.24,98.34,-0.03,0.24,103.45,306.47,7899,0.56,1.25,9.60,1.00,0.06,-0.04,0.00,4.54,-7.37,-0.08,3,9,15,0,35.2901717,136.2529883,63.70, 0.24
124466,-0.09,-0.56,9.49,1.00,-0.03,0.01,0.00,0.65,3.17,0.27,10.61,0.00,0,2,1002.84,35.32,93.36,1002.84,31.74,92.23,0.64,1002.21,33.23,98.34,-0.03,0.24,103.01,306.65,7900,1.37,1.18,9.33,1.00,0.06,-0.04,0.00,4.55,-7.37,-0.08,3,9,15,0,35.2901717,136.2529883,63.70, 0.24
124518,-0.28,-0.51,9.62,1.00,-0.03,0.01,0.00,0.64,3.17,0.27,10.60,0.00,0,2,1002.83,35.32,93.38,1002.84,31.74,92.25,0.64,1002.21,33.25,98.33,-0.03,0.24,102.13,306.56,7900,0.88,0.62,9.62,1.00,0.06,-0.04,0.00,4.55,-7.37,-0.10,3,9,15,0,35.2901717,136.2529883,63.70, 0.24
124572,-0.31,-0.62,9.74,1.00,-0.03,0.01,0.00,0.64,3.17,0.27,10.60,0.00,0,2,1002.84,35.30,93.36,1002.84,31.74,92.25,0.64,1002.21,33.24,98.32,-0.03,0.24,101.87,306.47,7900,0.77,0.82,9.46,1.00,0.06,-0.04,0.00,4.55,-7.37,-0.10,3,9,15,0,35.2901717,136.2529883,63.70, 0.24
124629,-0.11,-0.58,9.53,1.00,-0.03,0.01,0.00,0.65,3.18,0.27,10.60,0.00,0,2,1002.84,35.33,93.34,1002.84,31.75,92.24,0.64,1002.21,33.24,98.35,-0.03,0.24,102.22,306.47,7900,0.68,1.58,9.77,1.00,0.06,-0.04,0.00,4.55,-7.39,-0.10,3,9,15,0,35.2901717,136.2529883,63.70, 0.24
124680,-0.06,-0.48,9.47,1.00,-0.03,0.01,0.00,0.65,3.18,0.27,10.61,0.00,0,2,1002.84,35.33,93.34,1002.85,31.75,92.23,0.64,1002.21,33.23,98.34,-0.02,0.17,103.71,306.47,7900,0.53,1.26,9.52,1.00,0.06,-0.04,0.00,4.55,-7.40,-0.11,3,9,16,0,35.2901700,136.2529950,62.90, 0.24
124738,-0.12,-0.48,9.44,1.00,-0.03,0.01,0.00,0.64,3.17,0.27,10.60,0.00,0,2,1002.83,35.31,93.38,1002.84,31.75,92.19,0.64,1002.21,33.24,98.34,-0.02,0.17,104.85,306.56,7900,0.54,0.79,9.40,1.00,0.06,-0.04,0.00,4.55,-7.39,-0.09,3,9,16,0,35.2901700,136.2529950,62.90, 0.24
124796,-0.11,-0.65,9.64,1.00,-0.03,0.01,0.00,0.64,3.17,0.27,10.60,0.00,0,2,1002.84,35.32,93.34,1002.84,31.74,92.23,0.64,1002.21,33.25,98.37,-0.05,0.29,104.33,306.56,7900,0.66,1.58,9.62,1.00,0.06,-0.04,0.00,4.55,-7.40,-0.11,3,9,16,0,35.2901700,136.2529950,62.90, 0.24
124849,-0.10,-0.51,9.50,1.00,-0.03,0.01,0.00,0.64,3.17,0.27,10.60,0.00,0,2,1002.84,35.32,93.36,1002.84,31.73,92.24,0.64,1002.21,33.26,98.37,-0.03,0.24,104.41,306.56,7899,0.99,0.56,9.22,1.00,0.06,-0.04,0.00,4.55,-7.39,-0.13,3,9,16,0,35.2901700,136.2529950,62.90, 0.24
124905,-0.16,-0.50,9.49,1.00,-0.03,0.01,0.00,0.64,3.17,0.27,10.61,0.00,0,2,1002.83,35.32,93.38,1002.84,31.75,92.21,0.64,1002.21,33.26,98.37,-0.03,0.24,104.59,306.56,7899,0.96,0.62,9.33,1.00,0.06,-0.04,0.00,4.55,-7.40,-0.15,3,9,16,0,35.2901700,136.2529950,62.90, 0.24
124957,-0.11,-0.54,9.68,1.00,-0.03,0.01,0.00,0.64,3.17,0.27,10.61,0.00,0,2,1002.84,35.32,93.33,1002.84,31.73,92.23,0.64,1002.21,33.24,98.33,-0.03,0.24,104.33,306.56,7899,1.11,1.73,9.73,1.00,0.06,-0.04,0.00,4.55,-7.42,-0.14,3,9,16,0,35.2901700,136.2529950,62.90, 0.24
125014,-0.11,-0.50,9.41,1.00,-0.03,0.01,0.00,0.64,3.17,0.27,10.60,0.00,0,2,1002.84,35.32,93.33,1002.84,31.74,92.26,0.64,1002.21,33.25,98.37,-0.03,0.24,104.15,306.56,7901,0.94,1.58,9.70,1.00,0.06,-0.04,0.00,4.55,-7.41,-0.13,3,9,16,0,35.2901700,136.2529950,62.90, 0.24
125068,-0.05,-0.49,9.44,1.00,-0.03,0.01,0.00,0.64,3.17,0.27,10.59,0.00,0,2,1002.84,35.32,93.36,1002.84,31.74,92.22,0.64,1002.21,33.25,98.37,-0.03,0.24,104.15,306.56,7900,0.67,1.73,9.72,1.00,0.06,-0.04,0.00,4.55,-7.41,-0.11,3,9,16,0,35.2901700,136.2529950,62.90, 0.24
125120,-0.08,-0.56,9.50,1.00,-0.03,0.01,0.00,0.64,3.17,0.27,10.60,0.00,0,2,1002.84,35.31,93.35,1002.84,31.74,92.23,0.64,1002.21,33.25,98.36,-0.03,0.24,104.33,306.56,7900,0.67,2.24,9.80,1.00,0.06,-0.04,0.00,4.55,-7.42,-0.11,3,9,16,0,35.2901700,136.2529950,62.90, 0.24
125176,-0.15,-0.49,9.38,1.00,-0.03,0.01,0.00,0.64,3.17,0.27,10.61,0.00,0,2,1002.83,35.31,93.38,1002.84,31.75,92.24,0.64,1002.21,33.25,98.33,-0.05,0.29,104.15,306.56,7900,0.67,1.14,9.39,1.00,0.06,-0.04,0.00,4.55,-7.39,-0.10,3,9,16,0,35.2901700,136.2529950,62.90, 0.24
125234,-0.12,-0.54,9.66,1.00,-0.03,0.01,0.00,0.64,3.17,0.27,10.61,0.00,0,2,1002.83,35.32,93.37,1002.84,31.75,92.23,0.64,1002.21,33.25,98.35,-0.05,0.29,104.15,306.56,7900,0.60,1.25,9.51,1.00,0.06,-0.04,0.00,4.55,-7.41,-0.11,3,9,16,0,35.2901700,136.2529950,62.90, 0.25
125286,-0.11,-0.55,9.48,1.00,-0.03,0.01,0.00,0.64,3.17,0.27,10.61,0.00,0,2,1002.84,35.32,93.36,1002.84,31.75,92.26,0.64,1002.21,33.25,98.31,-0.03,0.24,104.24,306.56,7900,0.62,1.10,9.51,1.00,0.06,-0.04,0.00,4.55,-7.40,-0.11,3,9,16,0,35.2901700,136.2529950,62.90, 0.25
125339,-0.01,-0.50,9.63,1.00,-0.03,0.01,0.00,0.64,3.17,0.27,10.60,0.00,0,2,1002.83,35.31,93.37,1002.84,31.74,92.25,0.64,1002.21,33.25,98.34,-0.03,0.24,104.94,306.56,7900,0.67,1.31,9.67,1.00,0.06,-0.04,0.00,4.54,-7.40,-0.10,3,9,16,0,35.2901700,136.2529950,62.90, 0.25
125397,-0.19,-0.48,9.56,1.00,-0.03,0.01,0.00,0.64,3.17,0.27,10.59,0.00,0,2,1002.84,35.33,93.34,1002.84,31.74,92.23,0.64,1002.22,33.25,98.28,-0.03,0.24,105.56,306.56,7900,0.77,1.47,9.74,1.00,0.06,-0.04,0.00,4.54,-7.42,-0.11,3,9,16,0,35.2901700,136.2529950,62.90, 0.25
125454,-0.12,-0.45,9.74,1.00,-0.03,0.01,0.00,0.62,3.19,0.27,10.59,0.00,0,2,1002.83,35.32,93.38,1002.84,31.74,92.25,0.64,1002.21,33.25,98.33,-0.02,0.17,105.64,306.47,7900,0.89,1.13,9.51,1.00,0.06,-0.04,0.00,4.54,-7.42,-0.13,3,9,16,0,35.2901700,136.2529950,62.90, 0.25
125506,-0.09,-0.45,9.46,1.00,-0.03,0.01,0.00,0.62,3.19,0.27,10.60,0.00,0,2,1002.83,35.31,93.39,1002.84,31.75,92.28,0.64,1002.21,33.25,98.33,-0.03,0.24,105.56,306.47,7903,0.43,0.71,9.43,1.00,0.06,-0.04,0.00,4.54,-7.42,-0.11,3,9,16,0,35.2901700,136.2529950,62.90, 0.25
125564,-0.11,-0.50,9.57,1.00,-0.03,0.01,0.00,0.62,3.18,0.27,10.60,0.00,0,2,1002.83,35.31,93.38,1002.84,31.74,92.28,0.64,1002.21,33.25,98.37,-0.02,0.17,105.64,306.47,7904,0.65,0.90,9.51,1.00,0.06,-0.04,0.00,4.54,-7.42,-0.13,3,9,16,0,35.2901700,136.2529950,62.90, 0.25
125617,-0.08,-0.67,9.53,1.00,-0.03,0.01,0.00,0.62,3.18,0.27,10.60,0.00,0,2,1002.83,35.32,93.38,1002.84,31.74,92.28,0.64,1002.21,33.27,98.33,-0.02,0.17,105.73,306.47,7904,0.49,1.11,9.60,1.00,0.06,-0.04,0.00,4.54,-7.43,-0.13,3,9,16,0,35.2901700,136.2529950,62.90, 0.25
125669,-0.05,-0.46,9.53,1.00,-0.03,0.01,0.00,0.62,3.18,0.27,10.61,0.00,0,2,1002.84,35.32,93.35,1002.84,31.75,92.25,0.64,1002.21,33.25,98.34,-0.03,0.24,105.56,306.47,7906,0.69,1.28,9.62,1.00,0.06,-0.04,0.00,4.54,-7.43,-0.13,3,9,16,0,35.2901700,136.2529950,62.90, 0.25
125725,-0.16,-0.56,9.52,1.00,-0.03,0.01,0.00,0.62,3.18,0.27,10.61,0.00,0,2,1002.84,35.32,93.36,1002.84,31.76,92.28,0.64,1002.20,33.25,98.41,-0.03,0.24,104.41,306.47,7906,0.98,1.39,9.59,1.00,0.06,-0.04,0.00,4.53,-7.43,-0.13,3,9,17,0,35.2901683,136.2529900,63.80, 0.25
125782,-0.02,-0.52,9.67,1.00,-0.03,0.01,0.00,0.62,3.18,0.27,10.62,0.00,0,2,1002.84,35.32,93.32,1002.84,31.75,92.31,0.64,1002.20,33.25,98.47,-0.03,0.24,102.74,306.47,7904,0.83,1.43,9.65,1.00,0.06,-0.04,0.00,4.53,-7.44,-0.14,3,9,17,0,35.2901683,136.2529900,63.80, 0.25
125837,-0.02,-0.48,9.67,1.00,-0.03,0.01,0.00,0.62,3.18,0.27,10.63,0.00,0,2,1002.84,35.33,93.32,1002.84,31.75,92.24,0.64,1002.20,33.25,98.43,-0.02,0.17,102.22,306.56,7903,0.83,0.89,9.52,1.00,0.06,-0.04,0.00,4.53,-7.44,-0.15,3,9,17,0,35.2901683,136.2529900,63.80, 0.25
125894,-0.16,-0.47,9.52,1.00,-0.03,0.01,0.00,0.62,3.18,0.27,10.62,0.00,0,2,1002.84,35.30,93.36,1002.84,31.74,92.27,0.64,1002.20,33.25,98.40,-0.03,0.24,101.34,306.74,7902,0.77,1.23,9.44,1.00,0.06,-0.04,0.00,4.53,-7.43,-0.15,3,9,17,0,35.2901683,136.2529900,63.80, 0.25
125946,0.05,-0.58,9.49,1.00,-0.03,0.01,0.00,0.62,3.18,0.27,10.61,0.00,0,2,1002.84,35.31,93.32,1002.84,31.74,92.28,0.64,1002.20,33.26,98.39,-0.03,0.24,101.07,307.18,7889,0.51,1.34,9.47,1.00,0.06,-0.04,0.00,4.53,-7.43,-0.15,3,9,17,0,35.2901683,136.2529900,63.80, 0.25
126003,-0.12,-0.56,9.56,1.00,-0.03,0.01,0.00,0.62,3.18,0.27,10.62,0.00,0,2,1002.84,35.31,93.32,1002.84,31.74,92.30,0.64,1002.20,33.25,98.42,-0.02,0.17,100.72,307.18,7850,0.62,1.33,9.63,1.00,0.06,-0.04,0.00,4.53,-7.44,-0.17,3,9,17,0,35.2901683,136.2529900,63.80, 0.25
126055,-0.23,-0.50,9.42,1.00,-0.03,0.01,0.00,0.62,3.18,0.27,10.63,0.00,0,2,1002.84,35.31,93.35,1002.84,31.75,92.26,0.64,1002.20,33.24,98.42,-0.03,0.24,100.63,307.18,7813,1.01,1.64,9.65,1.00,0.06,-0.04,0.00,4.52,-7.45,-0.20,3,9,17,0,35.2901683,136.2529900,63.80, 0.25
126115,-0.14,-0.55,9.52,1.00,-0.03,0.01,0.00,0.64,3.18,0.27,10.62,0.00,0,2,1002.84,35.32,93.30,1002.84,31.75,92.26,0.64,1002.20,33.26,98.41,-0.03,0.24,100.20,307.18,7714,0.67,1.43,9.59,1.00,0.06,-0.04,0.00,4.52,-7.46,-0.19,3,9,17,0,35.2901683,136.2529900,63.80, 0.25
126166,0.00,-0.55,9.53,1.00,-0.03,0.01,0.00,0.63,3.18,0.27,10.62,0.00,0,2,1002.84,35.32,93.31,1002.84,31.74,92.28,0.64,1002.21,33.25,98.37,-0.02,0.17,100.11,306.91,7607,0.64,1.12,9.58,1.00,0.07,-0.04,0.00,4.53,-7.47,-0.17,3,9,17,0,35.2901683,136.2529900,63.80, 0.25
126220,-0.02,-0.55,9.57,1.00,-0.03,0.01,0.00,0.63,3.18,0.27,10.62,0.00,0,2,1002.84,35.31,93.33,1002.83,31.74,92.27,0.64,1002.21,33.28,98.38,-0.03,0.24,99.67,307.00,7565,0.66,1.20,9.59,1.00,0.07,-0.04,0.00,4.52,-7.47,-0.18,3,9,17,0,35.2901683,136.2529900,63.80, 0.25
126275,-0.19,-0.55,9.47,1.00,-0.03,0.01,0.00,0.63,3.18,0.27,10.61,0.00,0,2,1002.84,35.31,93.32,1002.84,31.74,92.25,0.64,1002.20,33.26,98.39,-0.03,0.24,99.58,307.00,7539,0.81,1.14,9.51,1.00,0.07,-0.04,0.00,4.52,-7.47,-0.18,3,9,17,0,35.2901683,136.2529900,63.80, 0.26
126333,-0.18,-0.57,9.57,1.00,-0.03,0.01,0.00,0.63,3.18,0.27,10.61,0.00,0,2,1002.83,35.31,93.37,1002.84,31.74,92.27,0.64,1002.21,33.26,98.37,-0.03,0.24,99.67,307.00,7500,0.88,1.23,9.47,1.00,0.06,-0.04,0.00,4.53,-7.46,-0.18,3,9,17,0,35.2901683,136.2529900,63.80, 0.26
126386,-0.04,-0.63,9.64,1.00,-0.03,0.01,0.00,0.64,3.19,0.27,10.61,0.00,0,2,1002.83,35.32,93.38,1002.83,31.75,92.29,0.64,1002.20,33.27,98.40,-0.03,0.24,99.84,307.00,7500,0.49,1.32,9.57,1.00,0.07,-0.04,0.00,4.55,-7.47,-0.17,3,9,17,0,35.2901683,136.2529900,63.80, 0.26
126442,-0.03,-0.47,9.53,1.00,-0.03,0.01,0.00,0.63,3.19,0.27,10.60,0.00,0,2,1002.84,35.32,93.31,1002.84,31.74,92.26,0.64,1002.20,33.27,98.39,-0.03,0.24,99.32,307.09,7500,0.60,1.47,9.72,1.00,0.07,-0.04,0.00,4.55,-7.47,-0.18,3,9,17,0,35.2901683,136.2529900,63.80, 0.26
126495,-0.09,-0.49,9.46,1.00,-0.03,0.01,0.00,0.62,3.18,0.27,10.60,0.00,0,2,1002.84,35.31,93.33,1002.83,31.74,92.28,0.64,1002.20,33.25,98.43,-0.05,0.29,98.96,307.09,7500,0.76,0.95,9.44,1.00,0.06,-0.04,0.00,4.54,-7.45,-0.21,3,9,17,0,35.2901683,136.2529900,63.80, 0.26
126552,-0.16,-0.58,9.53,1.00,-0.03,0.01,0.00,0.62,3.18,0.27,10.59,0.00,0,2,1002.84,35.31,93.35,1002.84,31.75,92.25,0.64,1002.21,33.25,98.36,-0.02,0.17,99.67,307.09,7501,1.09,0.70,9.30,1.00,0.06,-0.04,0.00,4.54,-7.46,-0.23,3,9,17,0,35.2901683,136.2529900,63.80, 0.26
126605,-0.20,-0.56,9.51,1.00,-0.03,0.01,0.00,0.63,3.19,0.27,10.59,0.00,0,2,1002.84,35.32,93.34,1002.84,31.75,92.25,0.64,1002.21,33.26,98.37,-0.03,0.24,100.28,307.27,32895,0.58,1.66,9.64,1.00,0.07,-0.04,0.00,4.54,-7.48,-0.23,3,9,17,0,35.2901683,136.2529900,63.80, 0.26
126662,-0.12,-0.53,9.52,1.00,-0.03,0.01,0.00,0.64,3.19,0.27,10.60,0.00,0,2,1002.84,35.33,93.33,1002.84,31.75,92.26,0.64,1002.21,33.25,98.36,-0.03,0.24,100.11,307.79,7500,0.48,1.51,9.60,1.00,0.07,-0.04,0.00,4.54,-7.48,-0.23,3,9,17,0,35.2901683,136.2529900,63.80, 0.26
126715,0.00,-0.55,9.62,1.00,-0.03,0.01,0.00,0.63,3.19,0.27,10.60,0.00,0,2,1002.83,35.32,93.36,1002.84,31.74,92.25,0.64,1002.21,33.26,98.38,-0.03,0.24,100.02,308.06,7500,0.58,1.46,9.66,1.00,0.07,-0.04,0.00,4.54,-7.48,-0.23,3,9,18,0,35.2901650,136.2529883,63.40, 0.26
126768,-0.04,-0.45,9.45,1.00,-0.03,0.01,0.00,0.62,3.19,0.27,10.60,0.00,0,2,1002.83,35.31,93.40,1002.84,31.74,92.22,0.64,1002.21,33.26,98.36,-0.03,0.24,99.67,308.67,7500,0.68,0.91,9.49,1.00,0.07,-0.04,0.00,4.54,-7.47,-0.24,3,9,18,0,35.2901650,136.2529883,63.40, 0.26
126824,-0.10,-0.49,9.57,1.00,-0.03,0.01,0.00,0.62,3.18,0.27,10.59,0.00,0,2,1002.84,35.32,93.35,1002.84,31.74,92.26,0.64,1002.21,33.26,98.34,-0.02,0.17,99.67,310.43,32895,0.82,1.70,9.68,1.00,0.07,-0.04,0.00,4.54,-7.49,-0.24,3,9,18,0,35.2901650,136.2529883,63.40, 0.26
126882,-0.15,-0.58,9.54,1.00,-0.03,0.01,0.00,0.62,3.18,0.27,10.59,0.00,0,2,1002.84,35.32,93.36,1002.84,31.74,92.28,0.64,1002.21,33.26,98.34,-0.03,0.24,99.67,310.43,7500,0.80,1.74,9.70,1.00,0.07,-0.04,0.00,4.54,-7.48,-0.24,3,9,18,0,35.2901650,136.2529883,63.40, 0.26
126934,-0.02,-0.51,9.45,1.00,-0.03,0.01,0.00,0.63,3.18,0.27,10.59,0.00,0,2,1002.83,35.32,93.38,1002.84,31.76,92.27,0.64,1002.21,33.26,98.36,-0.03,0.24,99.40,310.61,7500,0.80,1.25,9.54,1.00,0.07,-0.04,0.00,4.54,-7.47,-0.24,3,9,18,0,35.2901650,136.2529883,63.40, 0.26
126991,-0.05,-0.66,9.61,1.00,-0.03,0.01,0.00,0.62,3.19,0.27,10.60,0.00,0,2,1002.84,35.32,93.34,1002.84,31.75,92.26,0.64,1002.21,33.26,98.35,-0.03,0.24,99.40,310.78,7500,0.90,0.79,9.35,1.00,0.07,-0.04,0.00,4.54,-7.47,-0.24,3,9,18,0,35.2901650,136.2529883,63.40, 0.26
127044,-0.15,-0.49,9.50,1.00,-0.03,0.01,0.00,0.62,3.19,0.27,10.61,0.00,0,2,1002.84,35.31,93.35,1002.84,31.75,92.24,0.64,1002.20,33.27,98.41,-0.02,0.17,99.67,310.78,7679,0.80,1.44,9.65,1.00,0.07,-0.04,0.00,4.54,-7.48,-0.24,3,9,18,0,35.2901650,136.2529883,63.40, 0.26
127102,-0.07,-0.50,9.52,1.00,-0.03,0.01,0.00,0.62,3.19,0.27,10.60,0.00,0,2,1002.84,35.32,93.34,1002.84,31.75,92.28,0.64,1002.20,33.27,98.40,-0.05,0.29,99.40,310.78,7500,0.63,1.04,9.44,1.00,0.07,-0.04,0.00,4.54,-7.49,-0.25,3,9,18,0,35.2901650,136.2529883,63.40, 0.26
127155,-0.09,-0.60,9.65,1.00,-0.03,0.01,0.00,0.62,3.19,0.27,10.61,0.00,0,2,1002.84,35.32,93.36,1002.84,31.75,92.24,0.64,1002.20,33.26,98.40,-0.03,0.24,99.49,310.87,7500,0.74,1.52,9.61,1.00,0.07,-0.04,0.00,4.54,-7.49,-0.26,3,9,18,0,35.2901650,136.2529883,63.40, 0.26
127212,-0.11,-0.55,9.39,1.00,-0.03,0.01,0.00,0.62,3.19,0.27,10.60,0.00,0,2,1002.84,35.32,93.36,1002.84,31.75,92.28,0.64,1002.21,33.27,98.33,-0.03,0.24,99.93,311.04,7500,0.82,1.64,9.70,1.00,0.07,-0.04,0.00,4.54,-7.48,-0.27,3,9,18,0,35.2901650,136.2529883,63.40, 0.26
127263,-0.19,-0.47,9.50,1.00,-0.03,0.01,0.00,0.62,3.19,0.27,10.59,0.00,0,2,1002.84,35.33,93.34,1002.84,31.76,92.25,0.64,1002.21,33.27,98.35,-0.03,0.24,99.93,311.04,7500,0.67,1.24,9.52,1.00,0.07,-0.04,0.00,4.54,-7.48,-0.27,3,9,18,0,35.2901650,136.2529883,63.40, 0.09
127318,-0.08,-0.54,9.60,1.00,-0.03,0.01,0.00,0.62,3.19,0.27,10.59,0.00,0,2,1002.84,35.31,93.35,1002.84,31.75,92.24,0.64,1002.20,33.26,98.41,-0.03,0.24,100.20,311.04,7500,0.57,1.66,9.73,1.00,0.07,-0.04,0.00,4.54,-7.50,-0.26,3,9,18,0,35.2901650,136.2529883,63.40, 0.09
127374,-0.02,-0.54,9.57,1.00,-0.03,0.01,0.00,0.62,3.19,0.27,10.60,0.00,0,2,1002.83,35.31,93.37,1002.84,31.76,92.23,0.64,1002.20,33.26,98.43,-0.03,0.24,100.46,311.04,7500,0.59,1.66,9.68,1.00,0.07,-0.04,0.00,4.54,-7.50,-0.27,3,9,18,0,35.2901650,136.2529883,63.40, 0.09
127427,-0.06,-0.47,9.50,1.00,-0.03,0.01,0.00,0.62,3.19,0.27,10.61,0.00,0,2,1002.84,35.32,93.33,1002.84,31.76,92.24,0.64,1002.20,33.27,98.40,-0.02,0.17,100.37,311.04,7500,0.90,0.72,9.36,1.00,0.07,-0.04,0.00,4.54,-7.49,-0.28,3,9,18,0,35.2901650,136.2529883,63.40, 0.09
127482,-0.15,-0.54,9.54,1.00,-0.03,0.01,0.00,0.62,3.19,0.27,10.58,0.00,0,2,1002.84,35.31,93.30,1002.84,31.75,92.26,0.64,1002.20,33.27,98.43,-0.03,0.24,100.63,311.04,7500,0.96,1.04,9.45,1.00,0.07,-0.04,0.00,4.53,-7.50,-0.29,3,9,18,0,35.2901650,136.2529883,63.40, 0.09
127538,-0.18,-0.56,9.48,1.00,-0.03,0.01,0.00,0.62,3.19,0.27,10.59,0.00,0,2,1002.84,35.32,93.31,1002.84,31.75,92.27,0.64,1002.20,33.25,98.42,-0.05,0.29,100.55,311.13,7500,0.87,1.15,9.50,1.00,0.07,-0.04,0.00,4.54,-7.50,-0.30,3,9,18,0,35.2901650,136.2529883,63.40, 0.09
127594,-0.08,-0.51,9.50,1.00,-0.03,0.01,0.00,0.62,3.19,0.27,10.59,0.00,0,2,1002.84,35.33,93.30,1002.84,31.76,92.23,0.64,1002.20,33.26,98.39,-0.02,0.17,100.55,311.13,7500,0.84,1.31,9.60,1.00,0.07,-0.04,0.00,4.54,-7.49,-0.30,3,9,18,0,35.2901650,136.2529883,63.40, 0.09
127650,-0.03,-0.51,9.53,1.00,-0.03,0.01,0.00,0.62,3.19,0.27,10.60,0.00,0,2,1002.84,35.32,93.34,1002.84,31.75,92.28,0.64,1002.21,33.26,98.37,-0.03,0.24,100.63,311.13,7500,0.82,1.01,9.40,1.00,0.07,-0.04,0.00,4.54,-7.49,-0.30,3,9,18,0,35.2901650,136.2529883,63.40, 0.09
127702,-0.10,-0.58,9.47,1.00,-0.03,0.01,0.00,0.62,3.19,0.27,10.61,0.00,0,2,1002.84,35.33,93.36,1002.84,31.74,92.27,0.64,1002.21,33.27,98.34,-0.02,0.17,100.55,311.13,7500,0.90,0.90,9.40,1.00,0.07,-0.04,0.00,4.54,-7.50,-0.30,3,9,19,0,35.2901617,136.2529917,62.00, 0.09
127761,-0.04,-0.54,9.55,1.00,-0.03,0.01,0.00,0.62,3.19,0.27,10.61,0.00,0,2,1002.84,35.32,93.36,1002.84,31.75,92.26,0.64,1002.21,33.25,98.35,-0.05,0.29,100.55,311.40,7500,0.83,0.80,9.40,1.00,0.07,-0.04,0.00,4.54,-7.51,-0.30,3,9,19,0,35.2901617,136.2529917,62.00, 0.09
127813,-0.13,-0.50,9.61,1.00,-0.03,0.01,0.00,0.62,3.19,0.27,10.61,0.00,0,2,1002.83,35.31,93.39,1002.84,31.75,92.26,0.64,1002.21,33.27,98.37,-0.03,0.24,100.55,311.48,7500,0.72,1.39,9.60,1.00,0.07,-0.04,0.00,4.54,-7.51,-0.30,3,9,19,0,35.2901617,136.2529917,62.00, 0.09
127871,-0.19,-0.56,9.48,1.00,-0.03,0.01,0.00,0.62,3.19,0.27,10.62,0.00,0,2,1002.83,35.32,93.40,1002.83,31.74,92.30,0.64,1002.20,33.28,98.45,-0.03,0.24,102.30,311.57,7500,0.80,1.57,9.68,1.00,0.07,-0.04,0.00,4.55,-7.53,-0.29,3,9,19,0,35.2901617,136.2529917,62.00, 0.09
127923,-0.10,-0.47,9.56,1.00,-0.03,0.01,0.00,0.62,3.19,0.27,10.63,0.00,0,2,1002.84,35.32,93.36,1002.83,31.75,92.29,0.64,1002.20,33.28,98.40,-0.03,0.24,104.33,311.57,7500,0.76,0.79,9.38,1.00,0.07,-0.04,0.00,4.54,-7.51,-0.30,3,9,19,0,35.2901617,136.2529917,62.00, 0.09
127981,-0.02,-0.54,9.57,1.00,-0.03,0.01,0.00,0.62,3.19,0.27,10.63,0.00,0,2,1002.83,35.30,93.37,1002.83,31.75,92.29,0.64,1002.21,33.27,98.38,-0.02,0.17,104.85,311.57,7500,0.59,1.07,9.52,1.00,0.07,-0.04,0.00,4.55,-7.52,-0.29,3,9,19,0,35.2901617,136.2529917,62.00, 0.09
128032,-0.05,-0.55,9.44,1.00,-0.03,0.01,0.00,0.62,3.19,0.27,10.62,0.00,0,2,1002.84,35.31,93.33,1002.84,31.76,92.25,0.64,1002.20,33.28,98.40,-0.03,0.24,105.38,311.57,7500,0.67,0.92,9.52,1.00,0.07,-0.04,0.00,4.53,-7.51,-0.30,3,9,19,0,35.2901617,136.2529917,62.00, 0.09
128090,0.01,-0.48,9.55,1.00,-0.03,0.01,0.00,0.62,3.19,0.27,10.61,0.00,0,2,1002.83,35.31,93.39,1002.83,31.75,92.29,0.64,1002.21,33.27,98.37,-0.03,0.24,106.35,311.57,7500,0.75,1.43,9.61,1.00,0.07,-0.04,0.00,4.53,-7.51,-0.30,3,9,19,0,35.2901617,136.2529917,62.00, 0.09
128143,-0.15,-0.56,9.53,1.00,-0.03,0.01,0.00,0.62,3.19,0.27,10.61,0.00,0,2,1002.83,35.32,93.38,1002.83,31.74,92.30,0.64,1002.21,33.26,98.37,-0.03,0.24,106.44,311.48,7500,0.81,1.13,9.50,1.00,0.07,-0.04,0.00,4.54,-7.51,-0.29,3,9,19,0,35.2901617,136.2529917,62.00, 0.09
128201,-0.25,-0.61,9.57,1.00,-0.03,0.01,0.00,0.62,3.19,0.27,10.62,0.00,0,2,1002.83,35.31,93.38,1002.84,31.75,92.27,0.64,1002.21,33.27,98.37,-0.03,0.24,106.88,311.57,7500,0.87,1.09,9.47,1.00,0.07,-0.04,0.00,4.54,-7.51,-0.30,3,9,19,0,35.2901617,136.2529917,62.00, 0.09
128253,-0.18,-0.52,9.52,1.00,-0.03,0.01,0.00,0.62,3.19,0.27,10.61,0.00,0,2,1002.83,35.31,93.37,1002.84,31.75,92.27,0.64,1002.20,33.26,98.44,-0.03,0.24,107.31,311.57,7500,0.71,0.99,9.48,1.00,0.07,-0.04,0.00,4.54,-7.51,-0.30,3,9,19,0,35.2901617,136.2529917,62.00, 0.09
128311,-0.01,-0.50,9.73,1.00,-0.03,0.01,0.00,0.62,3.19,0.27,10.61,0.00,0,2,1002.83,35.30,93.39,1002.83,31.75,92.26,0.64,1002.21,33.28,98.36,-0.03,0.24,107.49,311.48,7500,0.69,1.46,9.59,1.00,0.07,-0.04,0.00,4.54,-7.50,-0.30,3,9,19,0,35.2901617,136.2529917,62.00, 0.09
128362,-0.03,-0.52,9.57,1.00,-0.03,0.01,0.00,0.62,3.19,0.27,10.61,0.00,0,2,1002.84,35.33,93.36,1002.84,31.76,92.27,0.64,1002.21,33.27,98.38,-0.03,0.24,108.11,311.48,7501,0.82,1.22,9.54,1.00,0.07,-0.04,0.00,4.52,-7.50,-0.29,3,9,19,0,35.2901617,136.2529917,62.00, 0.09
128417,-0.11,-0.53,9.44,1.00,-0.03,0.01,0.00,0.62,3.19,0.27,10.60,0.00,0,2,1002.84,35.32,93.31,1002.83,31.76,92.29,0.64,1002.21,33.27,98.35,-0.03,0.24,108.37,311.48,7500,0.92,1.01,9.49,1.00,0.07,-0.04,0.00,4.52,-7.49,-0.29,3,9,19,0,35.2901617,136.2529917,62.00, 0.09
128471,-0.15,-0.55,9.60,1.00,-0.03,0.01,0.00,0.62,3.19,0.27,10.58,0.00,0,2,1002.84,35.32,93.31,1002.84,31.75,92.25,0.64,1002.20,33.27,98.40,-0.02,0.17,108.54,311.66,7500,0.78,1.42,9.59,1.00,0.07,-0.04,0.00,4.52,-7.49,-0.29,3,9,19,0,35.2901617,136.2529917,62.00, 0.09
128526,-0.05,-0.57,9.63,1.00,-0.03,0.01,0.00,0.62,3.19,0.27,10.58,0.00,0,2,1002.84,35.32,93.31,1002.84,31.75,92.29,0.63,1002.20,33.28,98.40,-0.03,0.24,108.54,311.84,7500,0.60,1.32,9.57,1.00,0.07,-0.04,0.00,4.53,-7.49,-0.29,3,9,19,0,35.2901617,136.2529917,62.00, 0.09
128581,0.05,-0.52,9.47,1.00,-0.03,0.01,0.00,0.62,3.19,0.27,10.59,0.00,0,2,1002.84,35.32,93.35,1002.83,31.75,92.27,0.64,1002.20,33.28,98.41,-0.02,0.17,106.88,311.84,7500,0.58,1.24,9.49,1.00,0.07,-0.04,0.00,4.51,-7.48,-0.28,3,9,19,0,35.2901617,136.2529917,62.00, 0.09
128639,0.12,-0.54,9.53,1.00,-0.03,0.01,0.00,0.62,3.19,0.27,10.60,0.00,0,2,1002.84,35.31,93.32,1002.84,31.76,92.27,0.64,1002.20,33.27,98.40,-0.03,0.24,104.41,311.92,7500,0.27,1.18,9.47,1.00,0.07,-0.04,0.00,4.47,-7.47,-0.28,3,9,19,0,35.2901617,136.2529917,62.00, 0.09
128691,-0.17,-0.47,9.38,1.00,-0.03,0.00,0.00,0.56,3.19,0.27,10.61,0.00,0,2,1002.84,35.32,93.33,1002.84,31.77,92.24,0.64,1002.20,33.27,98.41,-0.03,0.24,103.71,312.01,7500,1.00,1.10,9.47,1.00,0.07,-0.04,-0.00,4.47,-7.48,-0.33,3,9,20,0,35.2901667,136.2529950,61.70, 0.09
128744,-0.08,-0.41,9.73,1.00,-0.03,0.00,0.00,0.56,3.19,0.27,10.60,0.00,0,2,1002.83,35.32,93.37,1002.84,31.77,92.30,0.64,1002.20,33.28,98.39,-0.05,0.29,104.94,312.01,7500,1.12,1.37,9.57,1.00,0.07,-0.04,-0.00,4.46,-7.48,-0.36,3,9,20,0,35.2901667,136.2529950,61.70, 0.09
128800,-0.37,-0.63,9.47,1.00,-0.03,0.01,0.00,0.60,3.19,0.27,10.60,0.00,0,2,1002.83,35.32,93.36,1002.84,31.76,92.24,0.64,1002.20,33.28,98.43,-0.03,0.24,104.85,312.01,7500,0.41,1.09,9.52,1.00,0.07,-0.04,-0.00,4.46,-7.48,-0.36,3,9,20,0,35.2901667,136.2529950,61.70, 0.09
128852,-0.08,-0.56,9.45,1.00,-0.03,0.01,0.00,0.60,3.20,0.27,10.61,0.00,0,2,1002.83,35.31,93.39,1002.84,31.76,92.27,0.64,1002.20,33.29,98.43,-0.03,0.24,104.68,312.01,7501,0.36,0.94,9.44,1.00,0.07,-0.04,-0.00,4.46,-7.48,-0.36,3,9,20,0,35.2901667,136.2529950,61.70, 0.09
128905,-0.09,-0.50,9.58,1.00,-0.03,0.01,0.00,0.60,3.20,0.27,10.62,0.00,0,2,1002.83,35.32,93.39,1002.84,31.75,92.27,0.64,1002.20,33.28,98.43,-0.03,0.24,106.70,312.01,7500,1.19,1.31,9.51,1.00,0.07,-0.04,-0.00,4.45,-7.48,-0.39,3,9,20,0,35.2901667,136.2529950,61.70, 0.09
128960,-0.11,-0.54,9.52,1.00,-0.03,0.01,0.00,0.60,3.20,0.27,10.61,0.00,0,2,1002.83,35.30,93.37,1002.84,31.76,92.29,0.64,1002.20,33.27,98.47,-0.03,0.24,109.16,312.01,7500,1.10,1.20,9.46,1.00,0.07,-0.04,-0.00,4.45,-7.48,-0.39,3,9,20,0,35.2901667,136.2529950,61.70, 0.09
129013,-0.04,-0.60,9.52,1.00,-0.03,0.01,0.00,0.60,3.20,0.27,10.61,0.00,0,2,1002.83,35.31,93.38,1002.84,31.75,92.27,0.63,1002.20,33.27,98.44,-0.03,0.24,110.57,312.01,7500,0.67,1.49,9.66,1.00,0.07,-0.04,-0.00,4.46,-7.48,-0.38,3,9,20,0,35.2901667,136.2529950,61.70, 0.09
129070,0.00,-0.45,9.61,1.00,-0.03,0.01,0.00,0.60,3.20,0.27,10.62,0.00,0,2,1002.83,35.32,93.40,1002.84,31.76,92.23,0.64,1002.20,33.28,98.45,-0.03,0.24,112.41,312.01,7501,0.50,0.82,9.46,1.00,0.07,-0.04,-0.00,4.46,-7.48,-0.37,3,9,20,0,35.2901667,136.2529950,61.70, 0.09
129120,-0.11,-0.53,9.60,1.00,-0.03,0.01,0.00,0.60,3.19,0.27,10.60,0.00,0,2,1002.83,35.30,93.39,1002.84,31.75,92.27,0.64,1002.21,33.29,98.36,-0.03,0.24,111.62,312.01,7500,0.63,0.98,9.45,1.00,0.07,-0.04,-0.00,4.45,-7.48,-0.39,3,9,20,0,35.2901667,136.2529950,61.70, 0.09
129173,-0.15,-0.54,9.51,1.00,-0.03,0.01,0.00,0.60,3.20,0.27,10.59,0.00,0,2,1002.83,35.31,93.38,1002.83,31.76,92.25,0.64,1002.21,33.27,98.35,-0.03,0.24,111.97,312.01,7500,0.67,0.91,9.49,1.00,0.07,-0.04,-0.00,4.45,-7.48,-0.40,3,9,20,0,35.2901667,136.2529950,61.70, 0.09
129229,-0.11,-0.50,9.54,1.00,-0.03,0.01,0.00,0.60,3.20,0.27,10.60,0.00,0,2,1002.84,35.31,93.35,1002.83,31.77,92.30,0.64,1002.21,33.28,98.33,-0.03,0.24,112.76,311.92,7500,0.84,1.50,9.58,1.00,0.07,-0.04,-0.00,4.45,-7.48,-0.41,3,9,20,0,35.2901667,136.2529950,61.70, 0.09
129282,-0.09,-0.55,9.52,1.00,-0.03,0.01,0.00,0.60,3.20,0.27,10.59,0.00,0,2,1002.83,35.30,93.41,1002.84,31.76,92.22,0.64,1002.20,33.27,98.41,-0.03,0.24,112.94,311.48,7500,0.77,1.41,9.56,1.00,0.07,-0.04,-0.00,4.46,-7.48,-0.42,3,9,20,0,35.2901667,136.2529950,61.70, 0.49
129339,-0.10,-0.56,9.55,1.00,-0.03,0.01,0.00,0.60,3.20,0.27,10.59,0.00,0,2,1002.83,35.32,93.38,1002.84,31.77,92.25,0.64,1002.21,33.28,98.38,-0.03,0.24,111.53,311.40,7500,0.75,1.19,9.52,1.00,0.07,-0.04,-0.00,4.46,-7.49,-0.44,3,9,20,0,35.2901667,136.2529950,61.70, 0.49
129391,-0.14,-0.51,9.49,1.00,-0.03,0.01,0.00,0.60,3.20,0.27,10.58,0.00,0,2,1002.84,35.32,93.31,1002.83,31.75,92.27,0.64,1002.21,33.28,98.33,-0.03,0.24,109.51,311.40,7500,0.66,1.00,9.50,1.00,0.07,-0.04,-0.00,4.46,-7.49,-0.44,3,9,20,0,35.2901667,136.2529950,61.70, 0.49
129447,-0.09,-0.50,9.52,1.00,-0.03,0.01,0.00,0.60,3.20,0.27,10.59,0.00,0,2,1002.84,35.32,93.35,1002.83,31.76,92.29,0.64,1002.21,33.27,98.37,-0.03,0.24,102.74,311.40,7500,0.65,1.30,9.59,1.00,0.07,-0.04,-0.00,4.46,-7.49,-0.44,3,9,20,0,35.2901667,136.2529950,61.70, 0.49
129502,-0.08,-0.60,9.50,1.00,-0.03,0.01,0.00,0.60,3.20,0.27,10.57,0.00,0,2,1002.84,35.32,93.33,1002.84,31.75,92.27,0.64,1002.21,33.28,98.33,-0.03,0.24,96.50,311.31,7500,0.78,1.51,9.65,1.00,0.07,-0.04,-0.00,4.46,-7.48,-0.44,3,9,20,0,35.2901667,136.2529950,61.70, 0.49
129559,-0.13,-0.51,9.56,1.00,-0.03,0.01,0.00,0.60,3.20,0.27,10.56,0.00,0,2,1002.84,35.32,93.29,1002.84,31.76,92.27,0.64,1002.21,33.27,98.35,-0.03,0.24,89.56,311.31,7500,0.86,1.10,9.49,1.00,0.07,-0.04,-0.00,4.46,-7.48,-0.44,3,9,20,0,35.2901667,136.2529950,61.70, 0.49
129612,-0.11,-0.42,9.39,1.00,-0.03,0.01,0.00,0.60,3.20,0.27,10.55,0.00,0,2,1002.85,35.32,93.23,1002.84,31.75,92.27,0.64,1002.21,33.29,98.34,-0.02,0.17,85.17,311.22,7500,1.03,0.73,9.43,1.00,0.07,-0.04,-0.00,4.46,-7.48,-0.44,3,9,20,0,35.2901667,136.2529950,61.70, 0.49
129669,-0.10,-0.55,9.62,1.00,-0.03,0.01,0.00,0.60,3.20,0.27,10.56,0.00,0,2,1002.85,35.32,93.26,1002.84,31.77,92.31,0.64,1002.21,33.29,98.32,-0.02,0.17,76.90,311.22,7500,1.01,1.03,9.43,1.00,0.07,-0.04,-0.00,4.46,-7.48,-0.44,3,9,20,0,35.2901667,136.2529950,61.70, 0.49
129721,-0.11,-0.48,9.51,1.00,-0.03,0.01,0.00,0.60,3.20,0.27,10.58,0.00,0,2,1002.85,35.33,93.26,1002.84,31.76,92.25,0.64,1002.21,33.27,98.38,-0.02,0.17,71.81,311.22,7500,0.82,1.23,9.49,1.00,0.07,-0.04,-0.00,4.46,-7.49,-0.43,3,9,21,0,35.2901667,136.2529967,62.40, 0.49
129779,0.00,-0.54,9.41,1.00,-0.03,0.01,0.00,0.60,3.20,0.27,10.58,0.00,0,2,1002.84,35.33,93.27,1002.84,31.78,92.26,0.64,1002.21,33.28,98.35,-0.05,0.29,70.93,311.22,7501,0.58,1.07,9.43,1.00,0.07,-0.04,-0.00,4.45,-7.48,-0.43,3,9,21,0,35.2901667,136.2529967,62.40, 0.49
129830,-0.13,-0.56,9.53,1.00,-0.03,0.01,0.00,0.60,3.20,0.27,10.58,0.00,0,2,1002.85,35.32,93.27,1002.84,31.77,92.24,0.64,1002.21,33.28,98.35,-0.03,0.24,71.46,311.22,7569,0.83,1.13,9.57,1.00,0.07,-0.04,-0.00,4.44,-7.48,-0.43,3,9,21,0,35.2901667,136.2529967,62.40, 0.49
129886,-0.15,-0.48,9.35,1.00,-0.03,0.01,0.00,0.60,3.20,0.27,10.57,0.00,0,2,1002.84,35.33,93.29,1002.84,31.77,92.28,0.64,1002.21,33.28,98.35,-0.03,0.24,73.39,311.22,7627,0.66,1.36,9.59,1.00,0.06,-0.04,-0.00,4.45,-7.47,-0.42,3,9,21,0,35.2901667,136.2529967,62.40, 0.49
129940,-0.10,-0.51,9.60,1.00,-0.03,0.01,0.00,0.60,3.20,0.27,10.57,0.00,0,2,1002.84,35.32,93.31,1002.84,31.77,92.24,0.64,1002.20,33.28,98.40,-0.05,0.29,77.87,311.13,7703,0.72,1.74,9.69,1.00,0.07,-0.04,-0.00,4.45,-7.48,-0.42,3,9,21,0,35.2901667,136.2529967,62.40, 0.49
129997,0.05,-0.47,9.55,1.00,-0.03,0.01,0.00,0.60,3.20,0.27,10.58,0.00,0,2,1002.84,35.32,93.33,1002.84,31.77,92.28,0.64,1002.21,33.29,98.34,-0.02,0.17,81.74,311.13,7749,0.61,1.36,9.48,1.00,0.06,-0.04,-0.00,4.45,-7.46,-0.41,3,9,21,0,35.2901667,136.2529967,62.40, 0.49
130050,-0.09,-0.58,9.40,1.00,-0.03,0.01,0.00,0.60,3.20,0.27,10.59,0.00,0,2,1002.84,35.32,93.32,1002.84,31.78,92.28,0.64,1002.21,33.28,98.33,-0.02,0.17,83.85,311.13,7834,0.58,1.35,9.47,1.00,0.06,-0.04,-0.00,4.45,-7.46,-0.42,3,9,21,0,35.2901667,136.2529967,62.40, 0.49
130108,-0.13,-0.57,9.78,1.00,-0.03,0.01,0.00,0.60,3.20,0.27,10.59,0.00,0,2,1002.84,35.33,93.32,1002.83,31.76,92.30,0.64,1002.21,33.28,98.33,-0.03,0.24,85.43,311.22,7898,1.01,1.10,9.54,1.00,0.06,-0.04,-0.00,4.45,-7.46,-0.43,3,9,21,0,35.2901667,136.2529967,62.40, 0.49
130159,-0.16,-0.57,9.58,1.00,-0.03,0.01,0.00,0.60,3.20,0.27,10.59,0.00,0,2,1002.84,35.33,93.32,1002.84,31.77,92.26,0.64,1002.21,33.28,98.35,-0.03,0.24,85.87,311.04,7908,1.15,0.78,9.36,1.00,0.06,-0.04,-0.00,4.45,-7.46,-0.43,3,9,21,0,35.2901667,136.2529967,62.40, 0.49
130214,-0.23,-0.65,9.56,1.00,-0.03,0.01,0.00,0.60,3.20,0.27,10.59,0.00,0,2,1002.84,35.33,93.31,1002.84,31.76,92.22,0.64,1002.21,33.28,98.34,-0.03,0.24,86.40,311.04,7910,1.05,1.13,9.58,1.00,0.06,-0.04,-0.00,4.45,-7.47,-0.44,3,9,21,0,35.2901667,136.2529967,62.40, 0.49
130271,-0.12,-0.52,9.46,1.00,-0.03,0.01,0.00,0.60,3.20,0.27,10.58,0.00,0,2,1002.83,35.33,93.40,1002.84,31.78,92.26,0.64,1002.21,33.29,98.36,-0.03,0.24,85.78,311.13,7910,0.83,0.44,9.30,1.00,0.06,-0.04,-0.00,4.45,-7.45,-0.43,3,9,21,0,35.2901667,136.2529967,62.40, 0.57
130328,-0.17,-0.43,9.53,1.00,-0.03,0.01,0.00,0.60,3.20,0.27,10.59,0.00,0,2,1002.83,35.33,93.40,1002.84,31.78,92.27,0.64,1002.21,33.29,98.35,-0.02,0.17,85.61,311.13,7910,0.96,1.97,9.85,1.00,0.07,-0.04,-0.00,4.45,-7.48,-0.42,3,9,21,0,35.2901667,136.2529967,62.40, 0.57
130380,-0.14,-0.54,9.45,1.00,-0.03,0.01,0.00,0.60,3.20,0.27,10.60,0.00,0,2,1002.84,35.33,93.37,1002.84,31.78,92.30,0.64,1002.21,33.29,98.32,-0.03,0.24,86.13,311.13,7910,0.70,1.91,9.75,1.00,0.07,-0.04,-0.00,4.46,-7.48,-0.41,3,9,21,0,35.2901667,136.2529967,62.40, 0.57
130437,0.00,-0.62,9.55,1.00,-0.03,0.01,0.00,0.60,3.20,0.27,10.61,0.00,0,2,1002.83,35.35,93.38,1002.84,31.78,92.25,0.65,1002.21,33.27,98.35,-0.03,0.24,86.31,311.13,7910,0.76,0.98,9.40,1.00,0.06,-0.04,-0.00,4.46,-7.46,-0.39,3,9,21,0,35.2901667,136.2529967,62.40, 0.57
130490,-0.05,-0.51,9.61,1.00,-0.03,0.01,0.00,0.60,3.20,0.27,10.61,0.00,0,2,1002.84,35.34,93.35,1002.83,31.78,92.30,0.66,1002.21,33.26,98.34,-0.03,0.24,86.48,311.13,7911,0.62,1.11,9.55,1.00,0.06,-0.04,-0.00,4.46,-7.45,-0.40,3,9,21,0,35.2901667,136.2529967,62.40, 0.57
130548,-0.04,-0.44,9.48,1.00,-0.03,0.01,0.00,0.60,3.20,0.27,10.60,0.00,0,2,1002.84,35.34,93.35,1002.84,31.78,92.25,0.65,1002.21,33.29,98.37,-0.03,0.24,86.66,311.13,7910,0.66,1.12,9.53,1.00,0.06,-0.04,-0.00,4.45,-7.45,-0.40,3,9,21,0,35.2901667,136.2529967,62.40, 0.57
130599,-0.11,-0.55,9.55,1.00,-0.03,0.01,0.00,0.60,3.20,0.27,10.60,0.00,0,2,1002.84,35.34,93.36,1002.84,31.80,92.22,0.65,1002.21,33.30,98.33,-0.02,0.17,86.40,311.13,7910,0.79,1.21,9.54,1.00,0.06,-0.04,-0.00,4.45,-7.44,-0.42,3,9,21,0,35.2901667,136.2529967,62.40, 0.57
130658,-0.04,-0.58,9.52,1.00,-0.03,0.01,0.00,0.60,3.20,0.27,10.60,0.00,0,2,1002.84,35.33,93.35,1002.84,31.78,92.28,0.65,1002.22,33.30,98.29,-0.03,0.24,86.75,311.04,7910,0.60,1.32,9.62,1.00,0.06,-0.04,-0.00,4.46,-7.44,-0.41,3,9,21,0,35.2901667,136.2529967,62.40, 0.57
130710,-0.36,-0.68,9.27,1.00,-0.03,0.01,0.00,0.61,3.21,0.27,10.60,0.00,0,2,1002.84,35.33,93.34,1002.84,31.80,92.27,0.64,1002.21,33.30,98.33,-0.03,0.24,87.36,310.87,7910,0.06,1.06,9.52,1.00,0.06,-0.04,-0.00,4.46,-7.44,-0.41,3,9,22,0,35.2901733,136.2529983,63.80, 0.57
130763,0.07,-0.38,9.85,1.00,-0.03,0.01,0.00,0.61,3.20,0.27,10.61,0.00,0,2,1002.84,35.33,93.32,1002.84,31.80,92.26,0.64,1002.21,33.29,98.34,-0.03,0.24,89.65,310.78,7910,0.55,0.96,9.54,1.00,0.06,-0.04,-0.00,4.47,-7.45,-0.38,3,9,22,0,35.2901733,136.2529983,63.80, 0.57
130819,-0.03,-0.48,9.71,1.00,-0.03,0.01,0.00,0.61,3.20,0.27,10.60,0.00,0,2,1002.84,35.35,93.33,1002.84,31.80,92.28,0.64,1002.21,33.28,98.35,-0.03,0.24,90.62,310.78,7911,1.00,1.18,9.62,1.00,0.06,-0.04,-0.00,4.47,-7.47,-0.38,3,9,22,0,35.2901733,136.2529983,63.80, 0.57
130876,-0.11,-0.60,9.43,1.00,-0.03,0.01,0.00,0.61,3.20,0.27,10.60,0.00,0,2,1002.84,35.35,93.33,1002.84,31.80,92.26,0.64,1002.21,33.28,98.38,-0.03,0.24,90.35,310.96,7910,0.66,0.98,9.54,1.00,0.06,-0.04,-0.00,4.47,-7.46,-0.37,3,9,22,0,35.2901733,136.2529983,63.80, 0.57
130927,-0.28,-0.56,9.61,1.00,-0.03,0.01,0.00,0.62,3.20,0.27,10.60,0.00,0,2,1002.84,35.34,93.33,1002.84,31.80,92.28,0.64,1002.21,33.30,98.35,-0.05,0.29,90.00,311.04,7910,0.67,1.38,9.62,1.00,0.06,-0.04,-0.00,4.49,-7.45,-0.36,3,9,22,0,35.2901733,136.2529983,63.80, 0.57
130985,-0.06,-0.56,9.47,1.00,-0.03,0.01,0.00,0.63,3.20,0.27,10.61,0.00,0,2,1002.84,35.34,93.36,1002.84,31.79,92.27,0.64,1002.21,33.28,98.36,-0.03,0.24,89.74,311.04,7910,0.59,1.42,9.62,1.00,0.06,-0.04,-0.00,4.50,-7.46,-0.33,3,9,22,0,35.2901733,136.2529983,63.80, 0.57
131038,0.22,-0.57,9.53,1.00,-0.03,0.01,0.00,0.60,3.20,0.27,10.62,0.00,0,2,1002.83,35.33,93.37,1002.83,31.79,92.32,0.63,1002.21,33.29,98.37,-0.03,0.24,89.56,311.31,7911,0.23,1.20,9.52,1.00,0.06,-0.04,-0.00,4.50,-7.46,-0.32,3,9,22,0,35.2901733,136.2529983,63.80, 0.57
131096,-0.03,-0.49,9.39,1.00,-0.03,0.00,0.00,0.55,3.21,0.26,10.62,0.00,0,2,1002.84,35.34,93.32,1002.84,31.80,92.28,0.64,1002.21,33.29,98.37,-0.03,0.24,89.56,311.31,7910,0.52,0.71,9.52,1.00,0.06,-0.04,-0.00,4.49,-7.46,-0.36,3,9,22,0,35.2901733,136.2529983,63.80, 0.57
131148,-0.21,-0.61,9.57,1.00,-0.03,0.00,0.00,0.55,3.21,0.26,10.62,0.00,0,2,1002.84,35.34,93.35,1002.83,31.78,92.31,0.64,1002.21,33.27,98.37,-0.02,0.17,89.74,311.31,7911,1.02,1.69,9.63,1.00,0.07,-0.04,-0.00,4.49,-7.48,-0.38,3,9,22,0,35.2901733,136.2529983,63.80, 0.57
131205,-0.08,-0.57,9.40,1.00,-0.03,0.00,0.00,0.57,3.20,0.26,10.62,0.00,0,2,1002.83,35.33,93.40,1002.83,31.78,92.28,0.64,1002.21,33.29,98.39,-0.03,0.24,91.58,311.13,7966,1.40,1.35,9.46,1.00,0.07,-0.04,-0.00,4.49,-7.48,-0.41,3,9,22,0,35.2901733,136.2529983,63.80, 0.57
131258,-0.11,-0.53,9.48,1.00,-0.03,0.00,0.00,0.57,3.20,0.26,10.63,0.00,0,2,1002.83,35.34,93.38,1002.83,31.78,92.31,0.64,1002.21,33.28,98.38,-0.03,0.24,93.08,311.04,8024,0.88,1.18,9.45,1.00,0.07,-0.04,-0.00,4.48,-7.48,-0.41,3,9,22,0,35.2901733,136.2529983,63.80, 0.60
131311,-0.11,-0.49,9.55,1.00,-0.03,0.00,0.00,0.57,3.20,0.26,10.63,0.00,0,2,1002.84,35.34,93.35,1002.84,31.79,92.27,0.64,1002.20,33.30,98.40,-0.03,0.24,93.60,311.04,8108,0.87,1.32,9.43,1.00,0.07,-0.04,-0.00,4.49,-7.48,-0.41,3,9,22,0,35.2901733,136.2529983,63.80, 0.60
131367,-0.17,-0.64,9.58,1.00,-0.03,0.00,0.00,0.57,3.20,0.26,10.63,0.00,0,2,1002.83,35.34,93.40,1002.84,31.80,92.26,0.64,1002.21,33.30,98.36,-0.03,0.24,93.43,311.04,8197,0.70,1.29,9.53,1.00,0.07,-0.04,-0.00,4.49,-7.49,-0.41,3,9,22,0,35.2901733,136.2529983,63.80, 0.60
131418,-0.08,-0.53,9.47,1.00,-0.03,0.00,0.00,0.57,3.20,0.26,10.62,0.00,0,2,1002.84,35.33,93.35,1002.84,31.80,92.24,0.64,1002.21,33.30,98.36,-0.05,0.29,92.81,311.13,8267,0.66,0.94,9.56,1.00,0.07,-0.04,-0.00,4.49,-7.49,-0.41,3,9,22,0,35.2901733,136.2529983,63.80, 0.60
131476,0.03,-0.44,9.63,1.00,-0.03,0.00,0.00,0.57,3.20,0.26,10.61,0.00,0,2,1002.84,35.34,93.36,1002.84,31.80,92.25,0.64,1002.21,33.30,98.31,-0.03,0.24,92.55,311.13,8327,0.79,0.70,9.47,1.00,0.07,-0.04,-0.00,4.49,-7.48,-0.41,3,9,22,0,35.2901733,136.2529983,63.80, 0.60
131528,-0.01,-0.56,9.46,1.00,-0.03,0.00,0.00,0.57,3.20,0.26,10.59,0.00,0,2,1002.83,35.33,93.37,1002.84,31.80,92.25,0.64,1002.21,33.29,98.33,-0.03,0.24,92.11,311.13,8354,0.82,1.53,9.56,1.00,0.07,-0.04,-0.00,4.49,-7.48,-0.42,3,9,22,0,35.2901733,136.2529983,63.80, 0.60
131585,-0.04,-0.55,9.54,1.00,-0.03,0.00,0.00,0.57,3.20,0.26,10.59,0.00,0,2,1002.84,35.33,93.34,1002.84,31.79,92.28,0.64,1002.21,33.27,98.36,-0.02,0.17,92.20,311.13,8354,0.82,1.64,9.65,1.00,0.07,-0.04,-0.00,4.49,-7.49,-0.43,3,9,22,0,35.2901733,136.2529983,63.80, 0.60
131637,-0.05,-0.54,9.52,1.00,-0.03,0.00,0.00,0.57,3.20,0.26,10.60,0.00,0,2,1002.84,35.33,93.35,1002.84,31.78,92.29,0.64,1002.21,33.28,98.38,-0.03,0.24,92.20,311.13,8354,0.95,1.34,9.60,1.00,0.07,-0.04,-0.00,4.49,-7.49,-0.43,3,9,22,0,35.2901733,136.2529983,63.80, 0.60
131695,-0.16,-0.55,9.28,1.00,-0.03,0.00,0.00,0.57,3.20,0.26,10.61,0.00,0,2,1002.84,35.33,93.34,1002.84,31.80,92.26,0.64,1002.20,33.29,98.41,-0.03,0.24,92.20,311.13,8354,0.72,0.59,9.40,1.00,0.07,-0.04,-0.00,4.49,-7.48,-0.45,3,9,23,0,35.2901800,136.2529950,66.20, 0.60
131749,-0.15,-0.49,9.55,1.00,-0.03,0.00,0.00,0.57,3.20,0.26,10.61,0.00,0,2,1002.84,35.33,93.35,1002.84,31.79,92.28,0.64,1002.21,33.28,98.38,-0.03,0.24,92.11,311.13,8354,0.92,0.85,9.40,1.00,0.06,-0.04,-0.00,4.49,-7.47,-0.45,3,9,23,0,35.2901800,136.2529950,66.20, 0.60
131806,-0.11,-0.51,9.53,1.00,-0.03,0.01,0.00,0.58,3.20,0.26,10.60,0.00,0,2,1002.84,35.33,93.30,1002.84,31.80,92.28,0.64,1002.21,33.28,98.36,-0.03,0.24,92.11,311.13,8356,0.73,1.41,9.59,1.00,0.06,-0.04,-0.00,4.49,-7.46,-0.43,3,9,23,0,35.2901800,136.2529950,66.20, 0.60
131858,-0.08,-0.52,9.49,1.00,-0.03,0.01,0.00,0.58,3.20,0.26,10.59,0.00,0,2,1002.84,35.33,93.37,1002.84,31.80,92.28,0.64,1002.21,33.28,98.35,-0.02,0.17,92.02,311.13,8354,0.56,1.18,9.51,1.00,0.06,-0.04,-0.00,4.49,-7.46,-0.43,3,9,23,0,35.2901800,136.2529950,66.20, 0.60
131912,0.00,-0.51,9.63,1.00,-0.03,0.00,0.00,0.57,3.20,0.26,10.58,0.00,0,2,1002.84,35.32,93.33,1002.84,31.79,92.28,0.64,1002.21,33.29,98.32,-0.03,0.24,92.02,311.13,8355,0.45,1.37,9.55,1.00,0.06,-0.04,-0.00,4.48,-7.46,-0.44,3,9,23,0,35.2901800,136.2529950,66.20, 0.60
131967,-0.09,-0.57,9.59,1.00,-0.03,0.00,0.00,0.57,3.20,0.26,10.58,0.00,0,2,1002.84,35.34,93.33,1002.84,31.80,92.24,0.64,1002.21,33.28,98.32,-0.03,0.24,92.02,311.13,8354,0.83,1.01,9.44,1.00,0.06,-0.04,-0.00,4.48,-7.46,-0.44,3,9,23,0,35.2901800,136.2529950,66.20, 0.60
132020,-0.10,-0.52,9.58,1.00,-0.03,0.00,0.00,0.57,3.20,0.26,10.58,0.00,0,2,1002.84,35.32,93.34,1002.84,31.80,92.28,0.63,1002.21,33.29,98.35,-0.05,0.29,92.02,311.13,8355,0.74,0.96,9.48,1.00,0.06,-0.04,-0.00,4.48,-7.46,-0.44,3,9,23,0,35.2901800,136.2529950,66.20, 0.60
132077,-0.12,-0.56,9.53,1.00,-0.03,0.00,0.00,0.57,3.20,0.26,10.59,0.00,0,2,1002.84,35.33,93.35,1002.84,31.80,92.28,0.64,1002.21,33.29,98.34,-0.03,0.24,91.93,311.13,8354,0.67,1.17,9.52,1.00,0.06,-0.04,-0.00,4.48,-7.46,-0.44,3,9,23,0,35.2901800,136.2529950,66.20, 0.60
132135,-0.18,-0.52,9.50,1.00,-0.03,0.00,0.00,0.57,3.20,0.26,10.60,0.00,0,2,1002.84,35.33,93.34,1002.84,31.80,92.28,0.64,1002.21,33.29,98.34,-0.03,0.24,91.93,311.04,8354,0.83,0.87,9.38,1.00,0.06,-0.04,-0.00,4.49,-7.47,-0.44,3,9,23,0,35.2901800,136.2529950,66.20, 0.60
132186,-0.15,-0.53,9.48,1.00,-0.03,0.00,0.00,0.57,3.20,0.26,10.60,0.00,0,2,1002.84,35.34,93.36,1002.84,31.81,92.29,0.65,1002.21,33.29,98.37,-0.02,0.17,91.93,311.13,8355,0.76,1.44,9.66,1.00,0.07,-0.04,-0.00,4.49,-7.48,-0.44,3,9,23,0,35.2901800,136.2529950,66.20, 0.60
132245,-0.12,-0.51,9.46,1.00,-0.03,0.00,0.00,0.57,3.20,0.26,10.60,0.00,0,2,1002.84,35.33,93.35,1002.84,31.79,92.28,0.65,1002.21,33.29,98.37,-0.05,0.29,91.93,311.13,8354,0.74,1.13,9.45,1.00,0.07,-0.04,-0.00,4.49,-7.48,-0.44,3,9,23,0,35.2901800,136.2529950,66.20, 0.60
132297,-0.05,-0.52,9.47,1.00,-0.03,0.00,0.00,0.57,3.20,0.26,10.60,0.00,0,2,1002.84,35.35,93.34,1002.84,31.80,92.28,0.65,1002.21,33.29,98.37,-0.03,0.24,91.93,311.04,8354,0.53,1.10,9.54,1.00,0.07,-0.04,-0.00,4.50,-7.48,-0.43,3,9,23,0,35.2901800,136.2529950,66.20, 0.60
132354,0.06,-0.57,9.50,1.00,-0.03,0.00,0.00,0.57,3.20,0.26,10.60,0.00,0,2,1002.83,35.34,93.38,1002.84,31.80,92.24,0.64,1002.21,33.29,98.39,-0.03,0.24,91.93,311.13,8354,0.50,1.34,9.63,1.00,0.07,-0.04,-0.00,4.50,-7.48,-0.43,3,9,23,0,35.2901800,136.2529950,66.20, 0.60
132406,-0.10,-0.46,9.48,1.00,-0.03,0.00,0.00,0.57,3.20,0.26,10.61,0.00,0,2,1002.83,35.34,93.41,1002.84,31.80,92.28,0.64,1002.20,33.28,98.43,-0.03,0.24,91.93,311.13,8354,0.81,0.68,9.33,1.00,0.07,-0.04,-0.00,4.49,-7.48,-0.44,3,9,23,0,35.2901800,136.2529950,66.20, 0.60
132460,-0.02,-0.55,9.58,1.00,-0.03,0.00,0.00,0.57,3.20,0.26,10.61,0.00,0,2,1002.84,35.34,93.33,1002.84,31.79,92.28,0.64,1002.20,33.29,98.41,-0.05,0.29,92.02,311.04,8355,0.59,1.61,9.73,1.00,0.07,-0.04,-0.00,4.49,-7.52,-0.44,3,9,23,0,35.2901800,136.2529950,66.20, 0.60
132517,-0.11,-0.48,9.49,1.00,-0.03,0.00,0.00,0.57,3.20,0.26,10.61,0.00,0,2,1002.84,35.33,93.34,1002.84,31.80,92.28,0.64,1002.21,33.28,98.39,-0.03,0.24,92.02,311.04,8354,0.59,0.55,9.30,1.00,0.07,-0.04,-0.00,4.49,-7.50,-0.45,3,9,23,0,35.2901800,136.2529950,66.20, 0.60
132574,-0.17,-0.50,9.59,1.00,-0.03,0.00,0.00,0.57,3.20,0.26,10.59,0.00,0,2,1002.84,35.34,93.31,1002.84,31.81,92.23,0.64,1002.21,33.29,98.36,-0.03,0.24,92.11,311.04,8355,0.62,0.61,9.31,1.00,0.07,-0.04,-0.00,4.48,-7.51,-0.46,3,9,23,0,35.2901800,136.2529950,66.20, 0.60
132626,-0.03,-0.63,9.64,1.00,-0.03,0.00,0.00,0.57,3.20,0.26,10.59,0.00,0,2,1002.84,35.35,93.31,1002.84,31.80,92.25,0.64,1002.21,33.29,98.34,-0.03,0.24,92.02,311.04,8354,0.67,1.34,9.59,1.00,0.07,-0.04,-0.00,4.49,-7.51,-0.46,3,9,23,0,35.2901800,136.2529950,66.20, 0.60
132683,0.00,-0.52,9.51,1.00,-0.03,0.00,0.00,0.57,3.20,0.26,10.58,0.00,0,2,1002.84,35.33,93.32,1002.84,31.80,92.28,0.64,1002.21,33.29,98.35,-0.03,0.24,91.93,311.04,8355,0.70,1.01,9.44,1.00,0.07,-0.04,-0.00,4.49,-7.51,-0.46,3,9,23,0,35.2901800,136.2529950,66.20, 0.60
132736,0.00,-0.47,9.56,1.00,-0.03,0.00,0.00,0.57,3.20,0.26,10.59,0.00,0,2,1002.84,35.33,93.34,1002.84,31.80,92.26,0.64,1002.21,33.28,98.38,-0.03,0.24,92.02,311.04,8354,0.57,1.02,9.58,1.00,0.07,-0.04,-0.00,4.47,-7.49,-0.46,3,9,23,0,35.2901800,136.2529950,66.20, 0.60
132795,-0.11,-0.56,9.62,1.00,-0.03,0.00,0.00,0.57,3.20,0.26,10.59,0.00,0,2,1002.84,35.32,93.35,1002.84,31.80,92.26,0.64,1002.21,33.30,98.36,-0.03,0.24,92.02,311.04,8355,0.77,1.17,9.52,1.00,0.07,-0.04,-0.00,4.48,-7.49,-0.47,3,9,23,0,35.2901800,136.2529950,66.20, 0.60
132847,-0.11,-0.53,9.55,1.00,-0.03,0.00,0.00,0.57,3.20,0.26,10.59,0.00,0,2,1002.84,35.33,93.35,1002.84,31.80,92.24,0.64,1002.21,33.28,98.33,-0.03,0.24,92.02,311.04,8355,0.94,1.37,9.58,1.00,0.07,-0.04,-0.00,4.48,-7.50,-0.47,3,9,23,0,35.2901800,136.2529950,66.20, 0.60
132904,-0.12,-0.46,9.48,1.00,-0.03,0.00,0.00,0.57,3.20,0.26,10.59,0.00,0,2,1002.84,35.33,93.37,1002.84,31.82,92.25,0.64,1002.21,33.30,98.38,-0.05,0.29,91.93,311.04,8355,0.88,1.28,9.57,1.00,0.07,-0.04,-0.00,4.48,-7.50,-0.47,3,9,23,0,35.2901800,136.2529950,66.20, 0.60
132956,-0.04,-0.48,9.57,1.00,-0.03,0.00,0.00,0.57,3.20,0.26,10.60,0.00,0,2,1002.83,35.32,93.39,1002.84,31.79,92.28,0.64,1002.21,33.30,98.36,-0.03,0.24,92.11,311.04,8354,0.70,1.31,9.60,1.00,0.07,-0.04,-0.00,4.48,-7.49,-0.47,3,9,23,0,35.2901800,136.2529950,66.20, 0.60
133009,-0.14,-0.66,9.37,1.00,-0.03,0.00,0.00,0.57,3.20,0.26,10.61,0.00,0,2,1002.84,35.34,93.32,1002.84,31.80,92.28,0.64,1002.21,33.30,98.36,-0.03,0.24,92.11,311.04,8354,1.01,1.28,9.56,1.00,0.07,-0.04,-0.00,4.49,-7.49,-0.47,3,9,23,0,35.2901800,136.2529950,66.20, 0.60
133066,-0.12,-0.50,9.42,1.00,-0.03,0.00,0.00,0.57,3.20,0.26,10.61,0.00,0,2,1002.83,35.35,93.38,1002.84,31.80,92.28,0.64,1002.21,33.30,98.33,-0.03,0.24,92.02,311.04,8354,0.56,1.46,9.63,1.00,0.07,-0.04,-0.00,4.49,-7.49,-0.46,3,9,23,0,35.2901800,136.2529950,66.20, 0.60
133124,-0.10,-0.48,9.51,1.00,-0.03,0.00,0.00,0.57,3.20,0.26,10.61,0.00,0,2,1002.84,35.34,93.37,1002.84,31.79,92.27,0.64,1002.21,33.31,98.32,-0.03,0.24,91.93,311.04,8355,0.70,1.48,9.67,1.00,0.07,-0.04,-0.00,4.49,-7.49,-0.47,3,9,23,0,35.2901800,136.2529950,66.20, 0.60
133175,-0.13,-0.52,9.51,1.00,-0.03,0.00,0.00,0.57,3.20,0.26,10.61,0.00,0,2,1002.84,35.33,93.35,1002.84,31.80,92.26,0.64,1002.21,33.31,98.34,-0.02,0.17,91.93,311.04,8354,0.69,1.40,9.56,1.00,0.07,-0.04,-0.00,4.49,-7.49,-0.47,3,9,23,0,35.2901800,136.2529950,66.20, 0.60
133233,-0.08,-0.57,9.52,1.00,-0.03,0.00,0.00,0.57,3.20,0.26,10.60,0.00,0,2,1002.84,35.33,93.35,1002.84,31.80,92.28,0.64,1002.21,33.29,98.31,-0.03,0.24,91.93,311.04,8355,0.78,1.19,9.54,1.00,0.07,-0.04,-0.00,4.49,-7.49,-0.47,3,9,24,0,35.2901867,136.2529917,66.20, 0.41
133286,-0.05,-0.51,9.51,1.00,-0.03,0.00,0.00,0.57,3.20,0.26,10.59,0.00,0,2,1002.84,35.34,93.31,1002.84,31.81,92.27,0.64,1002.21,33.30,98.34,-0.03,0.24,92.02,311.04,8354,0.87,1.11,9.43,1.00,0.07,-0.04,-0.00,4.49,-7.48,-0.47,3,9,24,0,35.2901867,136.2529917,66.20, 0.41
133344,-0.06,-0.58,9.49,1.00,-0.03,0.00,0.00,0.57,3.20,0.26,10.59,0.00,0,2,1002.84,35.34,93.33,1002.84,31.79,92.26,0.64,1002.21,33.29,98.32,-0.03,0.24,91.93,311.04,8354,0.63,1.51,9.65,1.00,0.07,-0.04,-0.00,4.50,-7.49,-0.47,3,9,24,0,35.2901867,136.2529917,66.20, 0.41
133397,-0.10,-0.49,9.44,1.00,-0.03,0.00,0.00,0.57,3.20,0.26,10.59,0.00,0,2,1002.84,35.34,93.33,1002.84,31.80,92.27,0.64,1002.21,33.31,98.37,-0.02,0.17,92.11,311.04,8354,0.79,1.52,9.65,1.00,0.07,-0.04,-0.00,4.50,-7.49,-0.47,3,9,24,0,35.2901867,136.2529917,66.20, 0.41
133454,-0.13,-0.54,9.61,1.00,-0.03,0.00,0.00,0.57,3.20,0.26,10.59,0.00,0,2,1002.84,35.35,93.33,1002.84,31.80,92.25,0.64,1002.21,33.31,98.38,-0.03,0.24,92.20,311.04,8354,0.87,1.26,9.51,1.00,0.07,-0.04,-0.00,4.50,-7.49,-0.47,3,9,24,0,35.2901867,136.2529917,66.20, 0.41
133506,-0.31,-0.54,9.51,1.00,-0.03,0.00,0.00,0.57,3.20,0.26,10.59,0.00,0,2,1002.84,35.34,93.35,1002.84,31.80,92.23,0.64,1002.21,33.30,98.37,-0.02,0.17,92.11,311.04,8355,0.84,1.23,9.50,1.00,0.07,-0.04,-0.00,4.50,-7.49,-0.47,3,9,24,0,35.2901867,136.2529917,66.20, 0.41
133561,-0.12,-0.50,9.54,1.00,-0.03,0.00,0.00,0.57,3.20,0.26,10.60,0.00,0,2,1002.84,35.33,93.33,1002.84,31.81,92.27,0.64,1002.21,33.30,98.34,-0.03,0.24,92.02,311.04,8354,0.59,1.33,9.61,1.00,0.07,-0.04,-0.00,4.51,-7.49,-0.45,3,9,24,0,35.2901867,136.2529917,66.20, 0.41
133615,-0.09,-0.52,9.43,1.00,-0.03,0.00,0.00,0.57,3.20,0.26,10.60,0.00,0,2,1002.84,35.33,93.37,1002.84,31.80,92.30,0.64,1002.22,33.30,98.30,-0.03,0.24,92.02,311.04,8355,0.78,1.20,9.58,1.00,0.07,-0.04,-0.00,4.51,-7.50,-0.44,3,9,24,0,35.2901867,136.2529917,66.20, 0.41
133674,-0.01,-0.52,9.60,1.00,-0.03,0.00,0.00,0.57,3.20,0.26,10.60,0.00,0,2,1002.84,35.34,93.35,1002.84,31.81,92.29,0.64,1002.21,33.30,98.31,-0.03,0.24,92.02,311.04,8354,0.58,1.30,9.61,1.00,0.07,-0.04,-0.00,4.51,-7.49,-0.44,3,9,24,0,35.2901867,136.2529917,66.20, 0.41
133724,-0.02,-0.50,9.52,1.00,-0.03,0.00,0.00,0.57,3.20,0.26,10.60,0.00,0,2,1002.84,35.35,93.34,1002.84,31.80,92.29,0.64,1002.22,33.31,98.30,-0.03,0.24,92.20,311.04,8345,0.93,1.06,9.50,1.00,0.07,-0.04,-0.00,4.51,-7.49,-0.44,3,9,24,0,35.2901867,136.2529917,66.20, 0.41
133777,-0.23,-0.65,9.45,1.00,-0.03,0.00,0.00,0.57,3.20,0.26,10.60,0.00,0,2,1002.84,35.34,93.35,1002.84,31.80,92.26,0.64,1002.21,33.30,98.34,-0.03,0.24,92.20,311.04,8292,1.16,1.30,9.48,1.00,0.07,-0.04,-0.00,4.51,-7.49,-0.45,3,9,25,0,35.2901900,136.2529950,67.80, 0.41
133835,-0.06,-0.49,9.63,1.00,-0.03,0.00,0.00,0.57,3.20,0.26,10.61,0.00,0,2,1002.83,35.33,93.39,1002.84,31.80,92.28,0.64,1002.21,33.29,98.32,-0.02,0.17,92.20,311.04,8209,1.10,1.42,9.49,1.00,0.07,-0.04,-0.00,4.51,-7.49,-0.46,3,9,25,0,35.2901900,136.2529950,67.80, 0.41
133891,-0.08,-0.49,9.39,1.00,-0.03,0.00,0.00,0.57,3.20,0.26,10.61,0.00,0,2,1002.84,35.34,93.35,1002.84,31.82,92.27,0.64,1002.21,33.31,98.32,-0.03,0.24,92.11,311.04,8121,0.77,1.15,9.53,1.00,0.07,-0.04,-0.00,4.51,-7.50,-0.46,3,9,25,0,35.2901900,136.2529950,67.80, 0.41
133943,-0.09,-0.61,9.50,1.00,-0.03,0.00,0.00,0.57,3.20,0.26,10.60,0.00,0,2,1002.84,35.34,93.36,1002.84,31.82,92.29,0.64,1002.21,33.30,98.38,-0.02,0.17,92.20,311.04,7989,0.51,1.32,9.56,1.00,0.07,-0.04,-0.00,4.51,-7.50,-0.44,3,9,25,0,35.2901900,136.2529950,67.80, 0.41
133997,-0.05,-0.51,9.48,1.00,-0.03,0.00,0.00,0.57,3.20,0.26,10.61,0.00,0,2,1002.84,35.33,93.35,1002.84,31.80,92.28,0.64,1002.21,33.30,98.35,-0.02,0.17,92.20,311.04,7911,0.74,1.48,9.60,1.00,0.07,-0.04,-0.00,4.51,-7.51,-0.46,3,9,25,0,35.2901900,136.2529950,67.80, 0.41
134054,-0.08,-0.42,9.50,1.00,-0.03,0.00,0.00,0.57,3.20,0.26,10.61,0.00,0,2,1002.84,35.33,93.35,1002.83,31.80,92.31,0.64,1002.21,33.31,98.36,-0.02,0.17,92.20,311.04,7909,0.66,1.07,9.52,1.00,0.07,-0.04,-0.00,4.51,-7.49,-0.46,3,9,25,0,35.2901900,136.2529950,67.80, 0.41
134106,-0.07,-0.56,9.54,1.00,-0.03,0.00,0.00,0.57,3.20,0.26,10.61,0.00,0,2,1002.83,35.33,93.37,1002.84,31.81,92.29,0.64,1002.21,33.30,98.35,-0.05,0.29,92.20,311.04,7910,0.70,1.17,9.47,1.00,0.07,-0.04,-0.00,4.51,-7.48,-0.45,3,9,25,0,35.2901900,136.2529950,67.80, 0.41
134160,-0.12,-0.63,9.52,1.00,-0.03,0.00,0.00,0.57,3.20,0.26,10.61,0.00,0,2,1002.84,35.34,93.33,1002.84,31.82,92.27,0.64,1002.21,33.30,98.34,-0.03,0.24,92.29,311.04,7910,0.71,1.29,9.53,1.00,0.07,-0.04,-0.00,4.51,-7.48,-0.44,3,9,25,0,35.2901900,136.2529950,67.80, 0.41
134215,-0.04,-0.59,9.52,1.00,-0.03,0.00,0.00,0.57,3.20,0.26,10.61,0.00,0,2,1002.84,35.34,93.33,1002.84,31.81,92.30,0.64,1002.21,33.30,98.34,-0.03,0.24,92.55,311.04,7910,0.63,1.28,9.57,1.00,0.07,-0.04,-0.00,4.52,-7.48,-0.42,3,9,25,0,35.2901900,136.2529950,67.80, 0.41
134273,0.00,-0.47,9.54,1.00,-0.03,0.00,0.00,0.57,3.20,0.26,10.60,0.00,0,2,1002.84,35.34,93.36,1002.84,31.81,92.29,0.64,1002.21,33.31,98.32,-0.03,0.24,92.46,311.04,7911,0.49,1.04,9.55,1.00,0.07,-0.04,-0.00,4.52,-7.48,-0.43,3,9,25,0,35.2901900,136.2529950,67.80, 0.37
134324,-0.06,-0.50,9.54,1.00,-0.03,0.00,0.00,0.57,3.20,0.26,10.60,0.00,0,2,1002.84,35.35,93.36,1002.84,31.82,92.26,0.64,1002.22,33.30,98.30,-0.03,0.24,92.64,311.04,7911,0.94,1.17,9.54,1.00,0.06,-0.04,-0.00,4.50,-7.47,-0.45,3,9,25,0,35.2901900,136.2529950,67.80, 0.37
134382,-0.13,-0.53,9.49,1.00,-0.03,0.00,0.00,0.57,3.20,0.26,10.59,0.00,0,2,1002.84,35.34,93.33,1002.84,31.80,92.27,0.64,1002.21,33.30,98.34,-0.02,0.17,92.64,311.04,7909,1.01,1.34,9.57,1.00,0.06,-0.04,-0.00,4.50,-7.46,-0.45,3,9,25,0,35.2901900,136.2529950,67.80, 0.37
134435,-0.08,-0.57,9.50,1.00,-0.03,0.00,0.00,0.57,3.20,0.26,10.59,0.00,0,2,1002.84,35.34,93.33,1002.84,31.81,92.27,0.64,1002.21,33.31,98.35,-0.03,0.24,92.55,311.04,7910,0.92,1.29,9.52,1.00,0.06,-0.04,-0.00,4.51,-7.46,-0.44,3,9,25,0,35.2901900,136.2529950,67.80, 0.37
134492,-0.10,-0.56,9.55,1.00,-0.03,0.00,0.00,0.57,3.20,0.26,10.60,0.00,0,2,1002.84,35.32,93.32,1002.84,31.80,92.26,0.64,1002.21,33.30,98.36,-0.03,0.24,92.37,311.04,7910,0.57,1.20,9.52,1.00,0.06,-0.04,-0.00,4.51,-7.46,-0.43,3,9,25,0,35.2901900,136.2529950,67.80, 0.37
134543,-0.04,-0.43,9.59,1.00,-0.03,0.00,0.00,0.57,3.20,0.26,10.60,0.00,0,2,1002.84,35.34,93.35,1002.84,31.81,92.29,0.64,1002.21,33.29,98.35,-0.03,0.24,92.20,311.04,7910,0.75,1.25,9.60,1.00,0.06,-0.04,-0.00,4.51,-7.46,-0.43,3,9,25,0,35.2901900,136.2529950,67.80, 0.37
134596,-0.19,-0.45,9.50,1.00,-0.03,0.00,0.00,0.57,3.20,0.26,10.60,0.00,0,2,1002.84,35.33,93.32,1002.84,31.81,92.28,0.64,1002.21,33.31,98.37,-0.03,0.24,91.93,311.04,7910,0.70,1.25,9.55,1.00,0.06,-0.04,-0.00,4.51,-7.44,-0.45,3,9,25,0,35.2901900,136.2529950,67.80, 0.37
134653,-0.22,-0.58,9.51,1.00,-0.03,0.00,0.00,0.57,3.20,0.26,10.60,0.00,0,2,1002.84,35.35,93.34,1002.84,31.81,92.29,0.64,1002.21,33.31,98.37,-0.03,0.24,91.85,311.04,7910,1.07,1.52,9.59,1.00,0.06,-0.04,-0.00,4.51,-7.43,-0.45,3,9,25,0,35.2901900,136.2529950,67.80, 0.37
134707,-0.16,-0.55,9.58,1.00,-0.03,0.00,0.00,0.57,3.20,0.26,10.59,0.00,0,2,1002.84,35.34,93.33,1002.84,31.82,92.23,0.64,1002.21,33.30,98.36,-0.03,0.24,92.11,311.04,7910,0.67,0.99,9.49,1.00,0.06,-0.04,-0.00,4.52,-7.42,-0.43,3,9,26,0,35.2901967,136.2530000,67.30, 0.37
134763,-0.16,-0.54,9.53,1.00,-0.03,0.00,0.00,0.57,3.20,0.26,10.60,0.00,0,2,1002.84,35.33,93.35,1002.84,31.82,92.26,0.64,1002.21,33.31,98.36,-0.05,0.29,91.58,311.04,7910,0.60,1.13,9.53,1.00,0.06,-0.04,-0.00,4.53,-7.43,-0.41,3,9,26,0,35.2901967,136.2530000,67.30, 0.37
134821,0.00,-0.47,9.58,1.00,-0.03,0.00,0.00,0.57,3.20,0.26,10.60,0.00,0,2,1002.84,35.34,93.35,1002.84,31.81,92.26,0.64,1002.21,33.29,98.39,-0.05,0.29,92.29,311.04,7910,0.52,1.13,9.60,1.00,0.06,-0.04,-0.00,4.52,-7.42,-0.40,3,9,26,0,35.2901967,136.2530000,67.30, 0.37
134873,-0.01,-0.60,9.55,1.00,-0.03,0.00,0.00,0.57,3.20,0.26,10.59,0.00,0,2,1002.84,35.35,93.31,1002.84,31.82,92.23,0.64,1002.20,33.29,98.41,-0.03,0.24,92.90,311.04,7910,0.50,1.23,9.57,1.00,0.06,-0.04,-0.00,4.51,-7.42,-0.39,3,9,26,0,35.2901967,136.2530000,67.30, 0.37
134930,-0.04,-0.61,9.53,1.00,-0.03,0.00,0.00,0.57,3.20,0.26,10.58,0.00,0,2,1002.84,35.34,93.31,1002.84,31.83,92.26,0.64,1002.21,33.31,98.40,-0.03,0.24,93.87,311.04,7910,0.59,1.37,9.55,1.00,0.06,-0.04,-0.00,4.51,-7.42,-0.38,3,9,26,0,35.2901967,136.2530000,67.30, 0.37
134984,-0.13,-0.51,9.53,1.00,-0.03,0.00,0.00,0.57,3.20,0.26,10.58,0.00,0,2,1002.84,35.35,93.33,1002.84,31.82,92.25,0.64,1002.20,33.30,98.40,-0.03,0.24,95.45,311.04,7910,0.94,1.10,9.51,1.00,0.06,-0.04,-0.00,4.51,-7.42,-0.38,3,9,26,0,35.2901967,136.2530000,67.30, 0.37
135042,-0.03,-0.51,9.51,1.00,-0.03,0.00,0.00,0.57,3.20,0.26,10.59,0.00,0,2,1002.84,35.35,93.33,1002.84,31.82,92.26,0.64,1002.21,33.29,98.34,-0.03,0.24,96.15,311.04,7910,0.76,1.21,9.55,1.00,0.06,-0.04,-0.00,4.51,-7.41,-0.38,3,9,26,0,35.2901967,136.2530000,67.30, 0.37
135094,-0.11,-0.56,9.49,1.00,-0.03,0.00,0.00,0.57,3.20,0.26,10.59,0.00,0,2,1002.84,35.36,93.30,1002.84,31.83,92.26,0.64,1002.21,33.32,98.37,-0.03,0.24,96.68,311.04,7910,0.92,1.39,9.50,1.00,0.06,-0.04,-0.00,4.51,-7.40,-0.38,3,9,26,0,35.2901967,136.2530000,67.30, 0.37
135152,-0.13,-0.56,9.57,1.00,-0.03,0.00,0.00,0.57,3.20,0.26,10.60,0.00,0,2,1002.84,35.35,93.35,1002.84,31.81,92.31,0.64,1002.21,33.30,98.40,-0.05,0.29,98.79,311.04,7911,0.90,1.42,9.67,1.00,0.06,-0.04,-0.00,4.50,-7.38,-0.37,3,9,26,0,35.2901967,136.2530000,67.30, 0.37
135203,0.00,-0.49,9.61,1.00,-0.03,0.00,0.00,0.57,3.20,0.26,10.60,0.00,0,2,1002.84,35.34,93.35,1002.84,31.82,92.26,0.64,1002.21,33.31,98.37,-0.03,0.24,100.28,311.04,7915,0.86,1.06,9.40,1.00,0.06,-0.04,-0.00,4.50,-7.38,-0.37,3,9,26,0,35.2901967,136.2530000,67.30, 0.37
135259,0.10,-0.37,9.62,1.00,-0.03,0.00,0.00,0.57,3.20,0.26,10.61,0.00,0,2,1002.84,35.34,93.33,1002.84,31.83,92.26,0.64,1002.21,33.31,98.37,-0.03,0.24,99.40,311.04,7920,0.99,0.88,9.42,1.00,0.06,-0.04,-0.00,4.50,-7.38,-0.37,3,9,26,0,35.2901967,136.2530000,67.30, 0.54
135312,-0.03,-0.56,9.66,1.00,-0.03,0.00,0.00,0.57,3.20,0.26,10.60,0.00,0,2,1002.84,35.34,93.36,1002.84,31.83,92.26,0.64,1002.21,33.30,98.38,-0.02,0.17,99.05,311.04,7927,0.99,1.32,9.58,1.00,0.06,-0.04,-0.00,4.50,-7.38,-0.38,3,9,26,0,35.2901967,136.2530000,67.30, 0.54
135370,-0.18,-0.66,9.47,1.00,-0.03,0.00,0.00,0.57,3.20,0.26,10.61,0.00,0,2,1002.84,35.34,93.36,1002.84,31.83,92.26,0.64,1002.21,33.31,98.37,-0.03,0.24,99.05,311.04,7929,0.86,1.40,9.62,1.00,0.06,-0.04,-0.00,4.50,-7.39,-0.39,3,9,26,0,35.2901967,136.2530000,67.30, 0.54
135422,-0.19,-0.48,9.52,1.00,-0.03,0.00,0.00,0.57,3.20,0.26,10.61,0.00,0,2,1002.84,35.36,93.33,1002.84,31.83,92.24,0.64,1002.21,33.32,98.35,-0.03,0.24,98.88,311.04,7929,0.78,1.01,9.53,1.00,0.06,-0.04,-0.00,4.51,-7.40,-0.40,3,9,26,0,35.2901967,136.2530000,67.30, 0.54
135475,-0.01,-0.49,9.51,1.00,-0.03,0.00,0.00,0.57,3.20,0.26,10.60,0.00,0,2,1002.84,35.36,93.33,1002.84,31.81,92.27,0.64,1002.21,33.31,98.35,-0.03,0.24,98.88,311.04,7932,0.53,1.01,9.53,1.00,0.06,-0.04,-0.00,4.51,-7.39,-0.39,3,9,26,0,35.2901967,136.2530000,67.30, 0.54
135531,-0.03,-0.54,9.48,1.00,-0.03,0.00,0.00,0.57,3.20,0.26,10.60,0.00,0,2,1002.84,35.35,93.33,1002.84,31.83,92.26,0.64,1002.21,33.31,98.34,-0.03,0.24,99.05,311.04,7936,0.67,1.10,9.49,1.00,0.06,-0.04,-0.00,4.49,-7.38,-0.39,3,9,26,0,35.2901967,136.2530000,67.30, 0.54
135583,-0.02,-0.62,9.50,1.00,-0.03,0.00,0.00,0.57,3.20,0.26,10.59,0.00,0,2,1002.84,35.35,93.30,1002.84,31.83,92.26,0.64,1002.21,33.30,98.35,-0.02,0.17,98.88,311.04,7937,0.56,1.16,9.58,1.00,0.06,-0.04,-0.00,4.47,-7.37,-0.40,3,9,26,0,35.2901967,136.2530000,67.30, 0.54
135635,-0.15,-0.60,9.50,1.00,-0.03,0.00,0.00,0.57,3.20,0.26,10.60,0.00,0,2,1002.84,35.35,93.32,1002.84,31.83,92.25,0.64,1002.21,33.32,98.35,-0.03,0.24,98.88,311.04,7933,0.71,1.25,9.52,1.00,0.06,-0.04,-0.00,4.47,-7.37,-0.41,3,9,26,0,35.2901967,136.2530000,67.30, 0.54
135692,-0.09,-0.53,9.55,1.00,-0.03,0.00,0.00,0.57,3.20,0.26,10.60,0.00,0,2,1002.84,35.36,93.32,1002.84,31.83,92.27,0.64,1002.21,33.32,98.35,-0.03,0.24,98.96,311.04,7931,0.62,1.05,9.54,1.00,0.06,-0.04,-0.00,4.48,-7.37,-0.43,3,9,27,0,35.2902000,136.2530033,66.80, 0.54
135742,-0.05,-0.45,9.61,1.00,-0.03,0.00,0.00,0.57,3.20,0.26,10.59,0.00,0,2,1002.84,35.36,93.33,1002.84,31.83,92.29,0.64,1002.21,33.33,98.36,-0.05,0.29,98.96,311.04,7930,0.90,1.41,9.65,1.00,0.06,-0.04,-0.00,4.48,-7.37,-0.44,3,9,27,0,35.2902000,136.2530033,66.80, 0.54
135800,-0.08,-0.49,9.50,1.00,-0.03,0.00,0.00,0.57,3.20,0.26,10.59,0.00,0,2,1002.84,35.36,93.33,1002.84,31.84,92.27,0.64,1002.21,33.31,98.37,-0.03,0.24,98.88,311.04,7928,0.96,1.41,9.57,1.00,0.06,-0.04,-0.00,4.48,-7.37,-0.46,3,9,27,0,35.2902000,136.2530033,66.80, 0.54
135852,-0.18,-0.58,9.58,1.00,-0.03,0.00,0.00,0.57,3.20,0.26,10.59,0.00,0,2,1002.84,35.37,93.36,1002.84,31.84,92.29,0.64,1002.21,33.30,98.33,-0.03,0.24,99.14,311.04,7927,0.95,1.14,9.49,1.00,0.06,-0.04,-0.00,4.48,-7.37,-0.48,3,9,27,0,35.2902000,136.2530033,66.80, 0.54
135906,-0.09,-0.58,9.62,1.00,-0.03,0.00,0.00,0.57,3.20,0.26,10.61,0.00,0,2,1002.83,35.35,93.38,1002.83,31.83,92.31,0.64,1002.22,33.32,98.32,-0.02,0.17,99.32,311.04,7927,0.52,1.01,9.54,1.00,0.06,-0.04,-0.00,4.48,-7.37,-0.48,3,9,27,0,35.2902000,136.2530033,66.80, 0.54
135962,-0.16,-0.65,9.52,1.00,-0.03,0.00,0.00,0.57,3.20,0.26,10.62,0.00,0,2,1002.84,35.37,93.34,1002.84,31.83,92.28,0.63,1002.21,33.31,98.37,-0.03,0.24,99.32,311.04,7928,0.73,1.43,9.57,1.00,0.06,-0.04,-0.00,4.48,-7.37,-0.51,3,9,27,0,35.2902000,136.2530033,66.80, 0.54
136020,-0.07,-0.51,9.61,1.00,-0.03,0.00,0.00,0.57,3.20,0.26,10.62,0.00,0,2,1002.83,35.37,93.38,1002.84,31.84,92.29,0.64,1002.21,33.33,98.38,-0.03,0.24,99.40,311.04,7928,0.76,1.35,9.60,1.00,0.06,-0.04,-0.00,4.48,-7.38,-0.53,3,9,27,0,35.2902000,136.2530033,66.80, 0.54
136071,-0.11,-0.48,9.49,1.00,-0.03,0.00,0.00,0.57,3.20,0.26,10.61,0.00,0,2,1002.84,35.37,93.37,1002.84,31.83,92.29,0.64,1002.21,33.33,98.38,-0.03,0.24,99.40,311.04,7929,0.77,1.18,9.58,1.00,0.06,-0.04,-0.00,4.47,-7.37,-0.56,3,9,27,0,35.2902000,136.2530033,66.80, 0.54
136129,-0.12,-0.47,9.50,1.00,-0.03,0.00,0.00,0.57,3.20,0.26,10.62,0.00,0,2,1002.84,35.36,93.36,1002.84,31.82,92.30,0.64,1002.21,33.31,98.32,-0.03,0.24,99.14,311.13,7937,0.64,1.10,9.58,1.00,0.06,-0.04,-0.00,4.47,-7.36,-0.55,3,9,27,0,35.2902000,136.2530033,66.80, 0.54
136182,0.00,-0.41,9.53,1.00,-0.03,0.00,0.00,0.57,3.20,0.26,10.60,0.00,0,2,1002.84,35.37,93.34,1002.84,31.84,92.25,0.64,1002.21,33.32,98.37,-0.03,0.24,98.70,311.13,7938,0.72,1.27,9.57,1.00,0.06,-0.04,-0.00,4.47,-7.36,-0.58,3,9,27,0,35.2902000,136.2530033,66.80, 0.54
136239,-0.18,-0.66,9.40,1.00,-0.03,0.00,0.00,0.57,3.20,0.26,10.60,0.00,0,2,1002.84,35.37,93.34,1002.84,31.84,92.29,0.64,1002.21,33.32,98.37,-0.03,0.24,98.79,311.13,7941,0.37,1.38,9.73,1.00,0.06,-0.04,-0.00,4.46,-7.36,-0.59,3,9,27,0,35.2902000,136.2530033,66.80, 0.54
136291,-0.09,-0.51,9.44,1.00,-0.03,0.00,0.00,0.57,3.20,0.26,10.60,0.00,0,2,1002.84,35.38,93.30,1002.84,31.83,92.28,0.64,1002.21,33.32,98.35,-0.05,0.29,98.61,311.13,7941,0.57,1.44,9.51,1.00,0.06,-0.04,-0.00,4.46,-7.37,-0.62,3,9,27,0,35.2902000,136.2530033,66.80, 0.54
136348,-0.13,-0.45,9.63,1.00,-0.03,0.00,0.00,0.57,3.20,0.26,10.60,0.00,0,2,1002.84,35.37,93.32,1002.84,31.82,92.27,0.64,1002.21,33.33,98.34,-0.03,0.24,98.53,311.13,7940,0.98,1.17,9.65,1.00,0.06,-0.04,-0.00,4.46,-7.38,-0.62,3,9,27,0,35.2902000,136.2530033,66.80, 0.54
136402,-0.11,-0.42,9.63,1.00,-0.03,0.00,0.00,0.57,3.20,0.26,10.60,0.00,0,2,1002.84,35.38,93.32,1002.84,31.85,92.26,0.63,1002.21,33.32,98.37,-0.03,0.24,98.79,311.13,7938,0.95,1.03,9.45,1.00,0.06,-0.04,-0.00,4.48,-7.36,-0.61,3,9,27,0,35.2902000,136.2530033,66.80, 0.54
136454,-0.06,-0.56,9.49,1.00,-0.03,0.00,0.00,0.57,3.20,0.26,10.59,0.00,0,2,1002.84,35.38,93.34,1002.84,31.83,92.29,0.64,1002.21,33.32,98.39,-0.03,0.24,99.23,311.13,7931,0.86,1.40,9.58,1.00,0.06,-0.04,-0.00,4.48,-7.35,-0.61,3,9,27,0,35.2902000,136.2530033,66.80, 0.54
136510,0.00,-0.73,9.52,1.00,-0.03,0.00,0.00,0.57,3.20,0.26,10.60,0.00,0,2,1002.84,35.38,93.34,1002.84,31.84,92.28,0.64,1002.21,33.33,98.34,-0.03,0.24,99.23,311.13,7931,0.73,1.72,9.57,1.00,0.06,-0.04,-0.00,4.48,-7.35,-0.61,3,9,27,0,35.2902000,136.2530033,66.80, 0.54
136564,-0.03,-0.50,9.52,1.00,-0.03,0.00,0.00,0.56,3.24,0.26,10.60,0.00,0,2,1002.84,35.38,93.35,1002.84,31.84,92.31,0.64,1002.21,33.32,98.35,-0.03,0.24,99.49,311.13,7937,0.87,0.94,9.45,1.00,0.06,-0.04,-0.00,4.48,-7.35,-0.60,3,9,27,0,35.2902000,136.2530033,66.80, 0.54
136620,-0.15,-0.15,9.73,1.00,-0.03,0.00,0.00,0.56,3.23,0.26,10.61,0.00,0,2,1002.84,35.37,93.34,1002.84,31.84,92.27,0.64,1002.21,33.31,98.32,-0.03,0.24,99.76,311.13,7938,0.63,1.08,9.49,1.00,0.06,-0.04,-0.00,4.48,-7.35,-0.60,3,9,27,0,35.2902000,136.2530033,66.80, 0.54
136674,-0.10,-0.48,9.43,1.00,-0.03,0.00,0.00,0.55,3.22,0.26,10.60,0.00,0,2,1002.84,35.37,93.32,1002.84,31.83,92.29,0.64,1002.21,33.31,98.34,-0.03,0.24,99.67,311.13,7941,0.77,1.20,9.49,1.00,0.06,-0.04,-0.00,4.46,-7.32,-0.60,3,9,28,0,35.2901967,136.2530033,67.10, 0.54
136732,-0.09,-0.68,9.38,1.00,-0.03,0.00,0.00,0.55,3.22,0.26,10.60,0.00,0,2,1002.84,35.37,93.34,1002.84,31.84,92.27,0.64,1002.21,33.31,98.40,-0.03,0.24,99.84,311.13,7942,0.88,1.04,9.43,1.00,0.06,-0.04,-0.00,4.46,-7.32,-0.61,3,9,28,0,35.2901967,136.2530033,67.10, 0.54
136788,-0.11,-0.50,9.59,1.00,-0.03,0.00,0.00,0.55,3.22,0.26,10.60,0.00,0,2,1002.84,35.37,93.37,1002.84,31.84,92.28,0.64,1002.21,33.31,98.37,-0.03,0.24,99.67,311.13,7942,0.66,1.21,9.64,1.00,0.06,-0.04,-0.00,4.46,-7.32,-0.61,3,9,28,0,35.2901967,136.2530033,67.10, 0.54
136840,-0.08,-0.46,9.56,1.00,-0.03,0.00,0.00,0.56,3.22,0.26,10.60,0.00,0,2,1002.84,35.38,93.35,1002.84,31.85,92.26,0.64,1002.20,33.31,98.41,-0.03,0.24,99.76,311.22,7940,0.72,0.99,9.51,1.00,0.06,-0.04,-0.00,4.46,-7.32,-0.61,3,9,28,0,35.2901967,136.2530033,67.10, 0.54
136894,-0.06,-0.49,9.47,1.00,-0.03,0.00,0.00,0.56,3.22,0.26,10.61,0.00,0,2,1002.84,35.37,93.37,1002.84,31.85,92.26,0.64,1002.20,33.32,98.42,-0.03,0.24,99.67,311.22,7936,0.71,0.80,9.38,1.00,0.06,-0.04,-0.00,4.46,-7.32,-0.61,3,9,28,0,35.2901967,136.2530033,67.10, 0.54
136950,-0.11,-0.59,9.54,1.00,-0.03,0.00,0.00,0.56,3.22,0.26,10.61,0.00,0,2,1002.84,35.38,93.33,1002.84,31.85,92.28,0.64,1002.20,33.31,98.42,-0.03,0.24,99.84,311.22,7937,0.84,1.50,9.60,1.00,0.06,-0.04,-0.00,4.46,-7.33,-0.62,3,9,28,0,35.2901967,136.2530033,67.10, 0.54
137003,-0.11,-0.56,9.50,1.00,-0.03,0.00,0.00,0.56,3.22,0.26,10.61,0.00,0,2,1002.84,35.39,93.32,1002.84,31.85,92.27,0.64,1002.20,33.33,98.41,-0.03,0.24,99.14,311.22,7939,0.76,0.89,9.45,1.00,0.06,-0.04,-0.00,4.46,-7.32,-0.62,3,9,28,0,35.2901967,136.2530033,67.10, 0.54
137059,0.01,-0.55,9.58,1.00,-0.03,0.00,0.00,0.56,3.22,0.26,10.60,0.00,0,2,1002.84,35.37,93.34,1002.84,31.85,92.27,0.64,1002.20,33.32,98.42,-0.02,0.17,99.14,311.22,7942,0.60,0.99,9.51,1.00,0.06,-0.04,-0.00,4.46,-7.33,-0.62,3,9,28,0,35.2901967,136.2530033,67.10, 0.54
137113,0.00,-0.62,9.53,1.00,-0.03,0.00,0.00,0.55,3.22,0.26,10.61,0.00,0,2,1002.83,35.37,93.41,1002.84,31.84,92.30,0.64,1002.20,33.33,98.45,-0.02,0.17,99.32,311.13,7942,0.75,0.76,9.39,1.00,0.06,-0.04,-0.00,4.46,-7.34,-0.62,3,9,28,0,35.2901967,136.2530033,67.10, 0.54
137170,-0.18,-0.51,9.67,1.00,-0.03,0.00,0.00,0.56,3.23,0.26,10.62,0.00,0,2,1002.83,35.38,93.38,1002.84,31.84,92.28,0.64,1002.21,33.33,98.40,-0.05,0.29,99.32,311.13,7940,0.90,1.15,9.59,1.00,0.06,-0.04,-0.00,4.46,-7.35,-0.62,3,9,28,0,35.2901967,136.2530033,67.10, 0.54
137222,-0.28,-0.51,9.43,1.00,-0.03,0.00,0.00,0.57,3.22,0.26,10.63,0.00,0,2,1002.84,35.38,93.36,1002.84,31.85,92.28,0.62,1002.21,33.34,98.41,-0.03,0.24,99.40,311.22,7938,0.83,0.90,9.43,1.00,0.06,-0.04,-0.00,4.46,-7.34,-0.62,3,9,28,0,35.2901967,136.2530033,67.10, 0.54
137279,-0.10,-0.55,9.54,1.00,-0.03,0.01,0.00,0.58,3.22,0.26,10.61,0.00,0,2,1002.84,35.38,93.33,1002.83,31.85,92.30,0.61,1002.20,33.33,98.41,-0.03,0.24,98.96,311.13,7938,0.76,0.96,9.53,1.00,0.06,-0.04,-0.00,4.46,-7.35,-0.62,3,9,28,0,35.2901967,136.2530033,67.10, 0.26
137332,-0.14,-0.59,9.53,1.00,-0.03,0.01,0.00,0.58,3.22,0.26,10.61,0.00,0,2,1002.84,35.40,93.34,1002.84,31.84,92.31,0.57,1002.20,33.32,98.43,-0.03,0.24,98.79,311.22,7939,0.61,0.83,9.49,1.00,0.06,-0.04,-0.00,4.47,-7.35,-0.62,3,9,28,0,35.2901967,136.2530033,67.10, 0.26
137389,-0.14,-0.53,9.52,1.00,-0.03,0.01,0.00,0.58,3.22,0.26,10.61,0.00,0,2,1002.84,35.39,93.34,1002.84,31.84,92.27,0.57,1002.21,33.33,98.41,-0.03,0.24,99.14,311.13,7940,0.84,1.76,9.69,1.00,0.06,-0.04,-0.00,4.47,-7.36,-0.62,3,9,28,0,35.2901967,136.2530033,67.10, 0.26
137442,-0.10,-0.56,9.59,1.00,-0.03,0.01,0.00,0.58,3.22,0.26,10.61,0.00,0,2,1002.83,35.38,93.38,1002.84,31.85,92.26,0.57,1002.20,33.32,98.42,-0.03,0.24,99.23,311.13,7940,0.83,1.77,9.79,1.00,0.06,-0.04,-0.00,4.47,-7.37,-0.62,3,9,28,0,35.2901967,136.2530033,67.10, 0.26
137499,-0.03,-0.41,9.33,1.00,-0.03,0.00,0.00,0.57,3.22,0.26,10.61,0.00,0,2,1002.84,35.39,93.34,1002.84,31.86,92.27,0.59,1002.20,33.32,98.44,-0.03,0.24,99.93,311.13,7940,0.62,0.88,9.42,1.00,0.06,-0.04,-0.00,4.47,-7.35,-0.60,3,9,28,0,35.2901967,136.2530033,67.10, 0.26
137552,-0.01,-0.55,9.50,1.00,-0.03,0.00,0.00,0.57,3.22,0.26,10.62,0.00,0,2,1002.83,35.39,93.39,1002.84,31.84,92.31,0.62,1002.20,33.35,98.42,-0.02,0.17,99.67,311.13,7938,0.69,0.73,9.31,1.00,0.06,-0.04,-0.00,4.47,-7.37,-0.59,3,9,28,0,35.2901967,136.2530033,67.10, 0.26
137610,-0.08,-0.64,9.46,1.00,-0.03,0.00,0.00,0.57,3.22,0.26,10.62,0.00,0,2,1002.83,35.40,93.39,1002.84,31.86,92.30,0.61,1002.20,33.33,98.43,-0.05,0.29,99.23,311.04,7935,0.67,1.68,9.77,1.00,0.06,-0.04,-0.00,4.47,-7.39,-0.58,3,9,28,0,35.2901967,136.2530033,67.10, 0.26
137668,-0.06,-0.47,9.54,1.00,-0.03,0.00,0.00,0.56,3.23,0.26,10.62,0.00,0,2,1002.84,35.39,93.36,1002.84,31.86,92.30,0.35,1002.20,33.34,98.42,-0.03,0.24,99.32,311.04,7931,0.43,0.76,9.39,1.00,0.06,-0.04,-0.00,4.47,-7.38,-0.59,3,9,28,0,35.2901967,136.2530033,67.10, 0.26
137720,-0.19,-0.47,9.56,1.00,-0.03,0.00,0.00,0.55,3.23,0.26,10.62,0.00,0,2,1002.84,35.39,93.36,1002.84,31.86,92.28,0.35,1002.20,33.34,98.46,-0.03,0.24,99.14,310.96,7931,0.62,1.16,9.56,1.00,0.06,-0.04,-0.00,4.47,-7.39,-0.60,3,9,29,0,35.2901950,136.2530000,67.30, 0.26
137777,-0.18,-0.59,9.51,1.00,-0.03,0.00,0.00,0.55,3.23,0.26,10.61,0.00,0,2,1002.84,35.39,93.33,1002.84,31.86,92.29,0.19,1002.21,33.34,98.40,-0.03,0.24,98.79,310.96,7931,0.78,1.46,9.54,1.00,0.06,-0.04,-0.00,4.48,-7.38,-0.61,3,9,29,0,35.2901950,136.2530000,67.30, 0.26
137829,-0.07,-0.57,9.53,1.00,-0.03,0.00,0.00,0.55,3.23,0.26,10.60,0.00,0,2,1002.84,35.38,93.37,1002.84,31.85,92.25,0.16,1002.20,33.34,98.42,-0.05,0.29,98.70,310.96,7931,1.01,1.11,9.46,1.00,0.06,-0.04,-0.00,4.49,-7.38,-0.61,3,9,29,0,35.2901950,136.2530000,67.30, 0.26
137883,-0.04,-0.56,9.61,1.00,-0.03,0.00,0.00,0.55,3.23,0.26,10.60,0.00,0,2,1002.84,35.39,93.33,1002.84,31.84,92.30,0.15,1002.20,33.33,98.41,-0.05,0.29,98.61,310.96,7931,0.91,1.40,9.59,1.00,0.06,-0.04,-0.00,4.49,-7.39,-0.60,3,9,29,0,35.2901950,136.2530000,67.30, 0.26
137939,-0.11,-0.46,9.47,1.00,-0.03,0.00,0.00,0.55,3.23,0.26,10.61,0.00,0,2,1002.84,35.39,93.34,1002.84,31.86,92.25,0.14,1002.21,33.34,98.40,-0.03,0.24,98.53,310.96,7930,0.82,0.90,9.50,1.00,0.06,-0.04,-0.00,4.50,-7.38,-0.58,3,9,29,0,35.2901950,136.2530000,67.30, 0.26
137998,-0.17,-0.57,9.58,1.00,-0.03,0.00,0.00,0.55,3.23,0.26,10.60,0.00,0,2,1002.84,35.38,93.35,1002.84,31.85,92.26,0.14,1002.20,33.32,98.44,-0.03,0.24,98.96,310.96,7932,1.16,1.24,9.44,1.00,0.06,-0.04,-0.00,4.50,-7.36,-0.58,3,9,29,0,35.2901950,136.2530000,67.30, 0.26
138050,-0.11,-0.57,9.53,1.00,-0.03,0.00,0.00,0.55,3.23,0.26,10.60,0.00,0,2,1002.84,35.39,93.36,1002.84,31.86,92.28,0.13,1002.20,33.32,98.42,-0.03,0.24,100.72,310.96,7931,0.91,1.73,9.69,1.00,0.06,-0.04,-0.00,4.50,-7.36,-0.58,3,9,29,0,35.2901950,136.2530000,67.30, 0.26
138108,-0.11,-0.51,9.53,1.00,-0.03,0.00,0.00,0.55,3.23,0.26,10.60,0.00,0,2,1002.84,35.38,93.36,1002.84,31.86,92.31,0.14,1002.21,33.34,98.39,-0.03,0.24,102.48,310.96,7931,0.73,0.93,9.46,1.00,0.06,-0.04,-0.00,4.50,-7.35,-0.56,3,9,29,0,35.2901950,136.2530000,67.30, 0.26
138160,-0.09,-0.56,9.67,1.00,-0.03,0.00,0.00,0.55,3.23,0.26,10.60,0.00,0,2,1002.84,35.39,93.34,1002.84,31.86,92.31,0.14,1002.20,33.33,98.41,-0.03,0.24,102.57,310.96,7931,0.69,1.43,9.66,1.00,0.06,-0.04,-0.00,4.50,-7.36,-0.56,3,9,29,0,35.2901950,136.2530000,67.30, 0.26
138218,-0.06,-0.52,9.49,1.00,-0.03,0.00,0.00,0.55,3.23,0.26,10.60,0.00,0,2,1002.84,35.39,93.37,1002.84,31.85,92.28,0.18,1002.20,33.34,98.42,-0.03,0.24,102.30,310.96,7931,0.75,1.38,9.60,1.00,0.06,-0.04,-0.00,4.50,-7.36,-0.56,3,9,29,0,35.2901950,136.2530000,67.30, 0.26
138270,-0.09,-0.48,9.51,1.00,-0.03,0.00,0.00,0.55,3.23,0.26,10.60,0.00,0,2,1002.84,35.39,93.37,1002.84,31.86,92.27,0.17,1002.20,33.33,98.41,-0.03,0.24,101.34,311.04,7931,0.90,0.45,9.26,1.00,0.06,-0.04,-0.00,4.50,-7.34,-0.56,3,9,29,0,35.2901950,136.2530000,67.30, 0.26
138326,-0.07,-0.62,9.76,1.00,-0.03,0.00,0.00,0.55,3.23,0.26,10.60,0.00,0,2,1002.84,35.38,93.36,1002.84,31.85,92.31,0.19,1002.21,33.33,98.39,-0.03,0.24,101.16,310.96,7932,0.55,1.91,9.90,1.00,0.06,-0.04,-0.00,4.50,-7.38,-0.56,3,9,29,0,35.2901950,136.2530000,67.30, 0.26
138379,0.04,-0.56,9.48,1.00,-0.03,0.00,0.00,0.55,3.23,0.26,10.61,0.00,0,2,1002.84,35.38,93.35,1002.84,31.86,92.28,0.35,1002.20,33.32,98.44,-0.02,0.17,100.90,310.96,7932,0.39,0.31,9.26,1.00,0.06,-0.04,-0.00,4.50,-7.36,-0.58,3,9,29,0,35.2901950,136.2530000,67.30, 0.26
138437,-0.04,-0.53,9.52,1.00,-0.03,0.00,0.00,0.55,3.23,0.26,10.60,0.00,0,2,1002.84,35.38,93.35,1002.84,31.86,92.26,0.22,1002.21,33.34,98.39,-0.03,0.24,101.95,310.96,7932,0.35,0.09,9.19,1.00,0.06,-0.04,-0.00,4.50,-7.34,-0.60,3,9,29,0,35.2901950,136.2530000,67.30, 0.26
138489,-0.08,-0.56,9.72,1.00,-0.03,0.00,0.00,0.55,3.23,0.26,10.59,0.00,0,2,1002.84,35.38,93.35,1002.84,31.86,92.27,0.35,1002.21,33.34,98.37,-0.03,0.24,105.12,310.96,7931,0.98,1.41,9.65,1.00,0.06,-0.04,-0.00,4.49,-7.37,-0.65,3,9,29,0,35.2901950,136.2530000,67.30, 0.26
138543,-0.22,-0.50,9.34,1.00,-0.03,0.00,0.00,0.55,3.23,0.25,10.60,0.00,0,2,1002.83,35.38,93.40,1002.84,31.86,92.30,0.35,1002.20,33.34,98.43,-0.05,0.29,106.79,310.96,7931,0.89,1.03,9.43,1.00,0.06,-0.04,-0.00,4.49,-7.37,-0.66,3,9,29,0,35.2901950,136.2530000,67.30, 0.26
138597,-0.07,-0.51,9.61,1.00,-0.03,0.00,0.00,0.55,3.23,0.25,10.60,0.00,0,2,1002.84,35.39,93.34,1002.83,31.86,92.31,0.35,1002.21,33.34,98.40,-0.03,0.24,108.63,311.13,7931,0.49,0.95,9.52,1.00,0.06,-0.04,-0.00,4.49,-7.37,-0.66,3,9,29,0,35.2901950,136.2530000,67.30, 0.26
138650,-0.07,-0.54,9.63,1.00,-0.03,0.00,0.00,0.55,3.23,0.25,10.60,0.00,0,2,1002.84,35.39,93.34,1002.84,31.86,92.28,0.35,1002.21,33.35,98.38,-0.03,0.24,108.90,311.13,7932,0.86,1.15,9.48,1.00,0.06,-0.04,-0.00,4.49,-7.37,-0.67,3,9,29,0,35.2901950,136.2530000,67.30, 0.10
138707,-0.12,-0.54,9.50,1.00,-0.03,0.00,0.00,0.55,3.23,0.25,10.59,0.00,0,2,1002.84,35.39,93.34,1002.84,31.86,92.29,0.13,1002.21,33.33,98.40,-0.03,0.24,107.93,311.13,7931,0.86,1.47,9.58,1.00,0.06,-0.04,-0.00,4.49,-7.37,-0.69,3,9,30,0,35.2901950,136.2529950,67.10, 0.10
138758,-0.08,-0.50,9.61,1.00,-0.03,0.00,0.00,0.55,3.23,0.25,10.58,0.00,0,2,1002.84,35.40,93.32,1002.84,31.85,92.27,0.35,1002.21,33.34,98.41,-0.03,0.24,107.75,311.13,7931,0.93,1.63,9.68,1.00,0.06,-0.04,-0.00,4.49,-7.38,-0.70,3,9,30,0,35.2901950,136.2529950,67.10, 0.10
138813,-0.05,-0.55,9.56,1.00,-0.03,0.00,0.00,0.55,3.23,0.25,10.59,0.00,0,2,1002.84,35.39,93.37,1002.84,31.85,92.28,0.35,1002.20,33.34,98.43,-0.03,0.24,106.26,311.13,32895,0.89,1.47,9.59,1.00,0.06,-0.04,-0.00,4.49,-7.38,-0.71,3,9,30,0,35.2901950,136.2529950,67.10, 0.10
138869,-0.03,-0.63,9.42,1.00,-0.03,0.00,0.00,0.55,3.23,0.25,10.60,0.00,0,2,1002.84,35.40,93.34,1002.84,31.87,92.27,0.38,1002.21,33.34,98.40,-0.03,0.24,106.08,311.13,7931,0.97,1.44,9.62,1.00,0.06,-0.04,-0.00,4.48,-7.38,-0.75,3,9,30,0,35.2901950,136.2529950,67.10, 0.10
138925,-0.15,-0.50,9.67,1.00,-0.03,0.00,0.00,0.55,3.23,0.25,10.60,0.00,0,2,1002.84,35.38,93.34,1002.84,31.86,92.30,0.35,1002.21,33.33,98.40,-0.03,0.24,107.58,311.04,7931,0.66,1.61,9.64,1.00,0.06,-0.04,-0.00,4.48,-7.38,-0.75,3,9,30,0,35.2901950,136.2529950,67.10, 0.10
138977,-0.25,-0.57,9.50,1.00,-0.03,0.00,0.00,0.55,3.23,0.25,10.59,0.00,0,2,1002.84,35.38,93.35,1002.84,31.85,92.26,0.37,1002.21,33.33,98.39,-0.03,0.24,108.98,311.04,7931,0.86,1.76,9.72,1.00,0.06,-0.04,-0.00,4.48,-7.41,-0.77,3,9,30,0,35.2901950,136.2529950,67.10, 0.10
139030,-0.23,-0.47,9.45,1.00,-0.03,0.00,0.00,0.55,3.23,0.25,10.60,0.00,0,2,1002.83,35.39,93.39,1002.84,31.87,92.27,0.35,1002.21,33.34,98.39,-0.02,0.17,109.95,310.96,7931,0.91,0.70,9.27,1.00,0.06,-0.04,-0.00,4.48,-7.40,-0.77,3,9,30,0,35.2901950,136.2529950,67.10, 0.10
139086,-0.17,-0.56,9.62,1.00,-0.03,0.00,0.00,0.55,3.23,0.25,10.60,0.00,0,2,1002.84,35.39,93.38,1002.84,31.86,92.25,0.16,1002.20,33.35,98.42,-0.03,0.24,111.71,310.87,7931,0.80,1.24,9.61,1.00,0.06,-0.04,-0.00,4.48,-7.41,-0.77,3,9,30,0,35.2901950,136.2529950,67.10, 0.10
139140,-0.06,-0.48,9.36,1.00,-0.03,0.00,0.00,0.55,3.23,0.25,10.59,0.00,0,2,1002.84,35.38,93.35,1002.84,31.86,92.29,0.15,1002.20,33.35,98.41,-0.03,0.24,111.27,310.87,7931,0.73,0.90,9.32,1.00,0.06,-0.04,-0.00,4.48,-7.41,-0.77,3,9,30,0,35.2901950,136.2529950,67.10, 0.10
139197,-0.06,-0.56,9.62,1.00,-0.03,0.00,0.00,0.55,3.23,0.25,10.60,0.00,0,2,1002.84,35.37,93.33,1002.84,31.87,92.25,0.15,1002.21,33.35,98.38,-0.03,0.24,110.30,310.87,7931,0.77,1.62,9.68,1.00,0.06,-0.04,-0.00,4.48,-7.43,-0.77,3,9,30,0,35.2901950,136.2529950,67.10, 0.10
139250,-0.04,-0.56,9.54,1.00,-0.03,0.00,0.00,0.55,3.23,0.25,10.59,0.00,0,2,1002.84,35.38,93.35,1002.84,31.87,92.28,0.15,1002.20,33.34,98.43,-0.02,0.17,109.34,310.87,7931,0.63,1.86,9.85,1.00,0.06,-0.04,-0.00,4.48,-7.48,-0.76,3,9,30,0,35.2901950,136.2529950,67.10, 0.11
139307,-0.05,-0.42,9.28,1.00,-0.03,0.00,0.00,0.55,3.23,0.25,10.59,0.00,0,2,1002.84,35.40,93.32,1002.84,31.87,92.30,0.17,1002.21,33.35,98.37,-0.05,0.29,107.84,310.87,7932,0.70,-0.05,8.99,1.00,0.06,-0.04,-0.00,4.48,-7.41,-0.77,3,9,30,0,35.2901950,136.2529950,67.10, 0.11
139366,-0.07,-0.61,9.84,1.00,-0.03,0.00,0.00,0.55,3.23,0.25,10.59,0.00,0,2,1002.84,35.38,93.35,1002.84,31.86,92.29,0.16,1002.21,33.35,98.35,-0.02,0.17,105.82,310.87,7931,0.82,2.47,10.06,1.00,0.06,-0.04,-0.00,4.48,-7.47,-0.76,3,9,30,0,35.2901950,136.2529950,67.10, 0.11
139418,-0.15,-0.47,9.34,1.00,-0.03,0.00,0.00,0.55,3.23,0.25,10.60,0.00,0,2,1002.84,35.38,93.37,1002.84,31.87,92.26,0.15,1002.20,33.35,98.42,-0.03,0.24,104.41,310.87,7931,0.82,1.06,9.40,1.00,0.06,-0.04,-0.00,4.48,-7.43,-0.77,3,9,30,0,35.2901950,136.2529950,67.10, 0.11
139476,-0.10,-0.58,9.60,1.00,-0.03,0.00,0.00,0.55,3.23,0.25,10.59,0.00,0,2,1002.84,35.37,93.34,1002.84,31.86,92.30,0.15,1002.21,33.34,98.36,-0.03,0.24,104.41,310.87,7931,0.83,1.04,9.39,1.00,0.06,-0.04,-0.00,4.48,-7.42,-0.77,3,9,30,0,35.2901950,136.2529950,67.10, 0.11
139527,-0.17,-0.56,9.62,1.00,-0.03,0.00,0.00,0.55,3.23,0.25,10.58,0.00,0,2,1002.84,35.39,93.33,1002.84,31.87,92.23,0.35,1002.21,33.36,98.39,-0.02,0.17,104.94,310.87,7931,0.68,1.01,9.51,1.00,0.06,-0.04,-0.00,4.48,-7.45,-0.77,3,9,30,0,35.2901950,136.2529950,67.10, 0.11
139579,-0.11,-0.53,9.34,1.00,-0.03,0.00,0.00,0.55,3.23,0.25,10.58,0.00,0,2,1002.84,35.38,93.34,1002.84,31.87,92.24,0.20,1002.21,33.35,98.37,-0.03,0.24,104.68,310.96,7931,0.77,0.08,9.03,1.00,0.06,-0.04,-0.00,4.48,-7.43,-0.77,3,9,30,0,35.2901950,136.2529950,67.10, 0.11
139635,-0.16,-0.53,9.74,1.00,-0.03,0.00,0.00,0.55,3.23,0.25,10.58,0.00,0,2,1002.84,35.38,93.37,1002.84,31.86,92.30,0.22,1002.21,33.35,98.40,-0.02,0.17,104.50,310.96,7932,0.64,2.12,9.98,1.00,0.07,-0.04,-0.00,4.48,-7.50,-0.76,3,9,30,0,35.2901950,136.2529950,67.10, 0.11
139688,-0.12,-0.44,9.33,1.00,-0.03,0.00,0.00,0.55,3.23,0.25,10.60,0.00,0,2,1002.84,35.38,93.37,1002.84,31.86,92.29,0.35,1002.21,33.35,98.36,-0.03,0.24,104.77,310.96,7931,0.67,1.32,9.58,1.00,0.06,-0.04,-0.00,4.48,-7.48,-0.76,3,9,31,0,35.2901983,136.2529983,66.30, 0.11
139745,-0.03,-0.57,9.76,1.00,-0.03,0.00,0.00,0.55,3.23,0.25,10.60,0.00,0,2,1002.84,35.39,93.34,1002.84,31.88,92.30,0.23,1002.21,33.35,98.33,-0.03,0.24,105.12,310.87,7931,0.87,1.93,9.90,1.00,0.07,-0.04,-0.00,4.48,-7.49,-0.76,3,9,31,0,35.2901983,136.2529983,66.30, 0.11
139797,0.05,-0.55,9.66,1.00,-0.03,0.00,0.00,0.55,3.23,0.25,10.60,0.00,0,2,1002.84,35.37,93.37,1002.84,31.86,92.30,0.24,1002.21,33.34,98.37,-0.03,0.24,105.73,310.96,7931,0.86,2.10,9.95,1.00,0.07,-0.04,-0.00,4.48,-7.50,-0.76,3,9,31,0,35.2901983,136.2529983,66.30, 0.11
139851,-0.03,-0.47,9.39,1.00,-0.03,0.00,0.00,0.55,3.23,0.25,10.61,0.00,0,2,1002.84,35.39,93.36,1002.84,31.87,92.25,0.35,1002.21,33.35,98.33,-0.02,0.17,106.52,310.96,7931,0.80,0.10,9.04,1.00,0.06,-0.04,-0.00,4.48,-7.48,-0.75,3,9,31,0,35.2901983,136.2529983,66.30, 0.11
139907,-0.20,-0.62,9.68,1.00,-0.03,0.00,0.00,0.55,3.23,0.25,10.60,0.00,0,2,1002.84,35.38,93.33,1002.84,31.87,92.30,0.26,1002.21,33.36,98.36,-0.02,0.17,108.37,310.96,7931,0.77,2.26,9.94,1.00,0.07,-0.04,-0.00,4.48,-7.52,-0.75,3,9,31,0,35.2901983,136.2529983,66.30, 0.11
139962,-0.20,-0.45,9.44,1.00,-0.03,0.00,0.00,0.55,3.23,0.25,10.60,0.00,0,2,1002.84,35.38,93.35,1002.84,31.87,92.28,0.25,1002.21,33.36,98.41,-0.03,0.24,109.25,310.87,7931,0.74,1.05,9.40,1.00,0.06,-0.04,-0.00,4.48,-7.48,-0.75,3,9,31,0,35.2901983,136.2529983,66.30, 0.11
140016,-0.14,-0.54,9.59,1.00,-0.03,0.00,0.00,0.55,3.23,0.25,10.60,0.00,0,2,1002.84,35.38,93.33,1002.84,31.87,92.27,0.27,1002.21,33.36,98.37,-0.03,0.24,107.67,310.87,7932,0.84,1.52,9.70,1.00,0.07,-0.04,-0.00,4.48,-7.50,-0.75,3,9,31,0,35.2901983,136.2529983,66.30, 0.11
140073,-0.11,-0.58,9.51,1.00,-0.03,0.00,0.00,0.55,3.23,0.25,10.60,0.00,0,2,1002.84,35.38,93.35,1002.84,31.87,92.29,0.27,1002.21,33.35,98.38,-0.02,0.17,106.61,310.87,7931,0.77,2.06,9.89,1.00,0.07,-0.04,-0.00,4.48,-7.52,-0.75,3,9,31,0,35.2901983,136.2529983,66.30, 0.11
140127,-0.03,-0.50,9.46,1.00,-0.03,0.00,0.00,0.55,3.23,0.25,10.59,0.00,0,2,1002.84,35.38,93.33,1002.84,31.87,92.25,0.27,1002.21,33.37,98.37,-0.03,0.24,106.00,310.87,7930,0.67,0.80,9.40,1.00,0.07,-0.04,-0.00,4.48,-7.49,-0.75,3,9,31,0,35.2901983,136.2529983,66.30, 0.11
140184,-0.07,-0.54,9.64,1.00,-0.03,0.00,0.00,0.55,3.23,0.25,10.59,0.00,0,2,1002.84,35.40,93.35,1002.84,31.87,92.28,0.30,1002.21,33.37,98.35,-0.05,0.29,106.17,310.87,7930,0.79,1.93,9.87,1.00,0.07,-0.04,-0.00,4.48,-7.52,-0.75,3,9,31,0,35.2901983,136.2529983,66.30, 0.11
140235,-0.09,-0.51,9.49,1.00,-0.03,0.00,0.00,0.55,3.23,0.25,10.59,0.00,0,2,1002.84,35.38,93.37,1002.84,31.87,92.28,0.35,1002.21,33.36,98.39,-0.05,0.29,106.17,310.96,7931,0.80,1.13,9.46,1.00,0.07,-0.04,-0.00,4.48,-7.50,-0.75,3,9,31,0,35.2901983,136.2529983,66.30, 0.11
140288,-0.11,-0.56,9.57,1.00,-0.03,0.00,0.00,0.55,3.23,0.25,10.60,0.00,0,2,1002.84,35.37,93.36,1002.84,31.87,92.29,0.35,1002.21,33.35,98.42,-0.03,0.24,106.08,310.96,7932,0.84,0.81,9.30,1.00,0.07,-0.04,-0.00,4.48,-7.50,-0.75,3,9,31,0,35.2901983,136.2529983,66.30, 0.29
140345,-0.07,-0.56,9.49,1.00,-0.03,0.00,0.00,0.55,3.23,0.25,10.61,0.00,0,2,1002.84,35.39,93.34,1002.84,31.87,92.31,0.35,1002.21,33.38,98.40,-0.02,0.17,107.84,311.13,7930,0.72,1.19,9.52,1.00,0.07,-0.04,-0.00,4.48,-7.51,-0.75,3,9,31,0,35.2901983,136.2529983,66.30, 0.29
140398,0.00,-0.49,9.45,1.00,-0.03,0.00,0.00,0.55,3.23,0.25,10.61,0.00,0,2,1002.84,35.40,93.35,1002.83,31.86,92.32,0.64,1002.20,33.36,98.50,-0.03,0.24,109.86,311.22,7931,0.66,0.69,9.29,1.00,0.07,-0.04,-0.00,4.48,-7.50,-0.74,3,9,31,0,35.2901983,136.2529983,66.30, 0.29
140454,-0.04,-0.55,9.67,1.00,-0.03,0.00,0.00,0.55,3.23,0.25,10.62,0.00,0,2,1002.84,35.39,93.38,1002.84,31.87,92.26,0.64,1002.20,33.34,98.44,-0.03,0.24,110.21,311.13,7931,0.73,1.00,9.47,1.00,0.07,-0.04,-0.00,4.48,-7.53,-0.76,3,9,31,0,35.2901983,136.2529983,66.30, 0.29
140507,-0.05,-0.50,9.51,1.00,-0.03,0.00,0.00,0.55,3.23,0.25,10.63,0.00,0,2,1002.84,35.38,93.36,1002.83,31.86,92.29,0.64,1002.20,33.35,98.48,-0.03,0.24,107.84,310.61,7933,0.99,1.75,9.72,1.00,0.07,-0.04,-0.00,4.48,-7.53,-0.79,3,9,31,0,35.2901983,136.2529983,66.30, 0.29
140564,-0.15,-0.57,9.39,1.00,-0.03,0.00,0.00,0.55,3.23,0.25,10.62,0.00,0,2,1002.84,35.39,93.31,1002.83,31.86,92.32,0.64,1002.21,33.35,98.42,-0.03,0.24,102.57,310.61,7931,0.87,1.00,9.43,1.00,0.07,-0.04,-0.00,4.48,-7.51,-0.80,3,9,31,0,35.2901983,136.2529983,66.30, 0.29
140618,-0.17,-0.55,9.58,1.00,-0.03,0.00,0.00,0.55,3.23,0.25,10.62,0.00,0,2,1002.84,35.38,93.34,1002.84,31.87,92.30,0.63,1002.20,33.35,98.47,-0.03,0.24,97.56,310.61,7931,0.81,1.72,9.69,1.00,0.07,-0.04,-0.00,4.48,-7.53,-0.80,3,9,31,0,35.2901983,136.2529983,66.30, 0.29
140675,-0.10,-0.46,9.43,1.00,-0.03,0.00,0.00,0.55,3.23,0.25,10.61,0.00,0,2,1002.84,35.39,93.36,1002.84,31.87,92.28,0.64,1002.20,33.35,98.45,-0.03,0.24,94.75,310.61,7930,0.72,1.15,9.55,1.00,0.07,-0.04,-0.00,4.48,-7.51,-0.80,3,9,31,0,35.2901983,136.2529983,66.30, 0.29
140729,-0.17,-0.39,9.54,1.00,-0.03,0.00,0.00,0.55,3.23,0.25,10.61,0.00,0,2,1002.84,35.39,93.37,1002.84,31.87,92.28,0.64,1002.21,33.35,98.42,-0.03,0.24,95.45,310.61,7932,0.75,1.01,9.40,1.00,0.07,-0.04,-0.00,4.48,-7.50,-0.80,3,9,32,0,35.2901983,136.2529950,66.50, 0.29
140784,-0.13,-0.70,9.55,1.00,-0.03,0.00,0.00,0.55,3.23,0.25,10.61,0.00,0,2,1002.84,35.40,93.37,1002.84,31.88,92.26,0.63,1002.20,33.35,98.45,-0.03,0.24,100.46,310.61,7931,0.70,1.15,9.48,1.00,0.07,-0.04,-0.00,4.48,-7.50,-0.80,3,9,32,0,35.2901983,136.2529950,66.50, 0.29
140835,-0.11,-0.40,9.57,1.00,-0.03,0.00,0.00,0.55,3.23,0.25,10.60,0.00,0,2,1002.84,35.38,93.35,1002.84,31.86,92.29,0.64,1002.20,33.35,98.47,-0.03,0.24,102.22,310.69,7931,0.72,0.34,9.25,1.00,0.07,-0.04,-0.00,4.48,-7.49,-0.79,3,9,32,0,35.2901983,136.2529950,66.50, 0.29
140894,-0.02,-0.43,9.59,1.00,-0.03,0.00,0.00,0.55,3.23,0.25,10.61,0.00,0,2,1002.84,35.38,93.35,1002.84,31.86,92.30,0.64,1002.20,33.34,98.46,-0.03,0.24,103.71,310.78,7931,0.61,1.24,9.68,1.00,0.07,-0.04,-0.00,4.48,-7.51,-0.79,3,9,32,0,35.2901983,136.2529950,66.50, 0.29
140945,0.01,-0.52,9.40,1.00,-0.03,0.00,0.00,0.55,3.23,0.25,10.62,0.00,0,2,1002.84,35.39,93.34,1002.84,31.86,92.30,0.63,1002.20,33.36,98.49,-0.03,0.24,103.62,310.78,7931,0.87,0.89,9.39,1.00,0.07,-0.04,-0.00,4.48,-7.50,-0.79,3,9,32,0,35.2901983,136.2529950,66.50, 0.29
140998,-0.02,-0.68,9.64,1.00,-0.03,0.00,0.00,0.55,3.23,0.25,10.61,0.00,0,2,1002.83,35.38,93.38,1002.84,31.87,92.30,0.60,1002.20,33.35,98.48,-0.03,0.24,100.37,310.78,7931,0.68,1.41,9.68,1.00,0.07,-0.04,-0.00,4.48,-7.50,-0.79,3,9,32,0,35.2901983,136.2529950,66.50, 0.29
141055,-0.09,-0.56,9.46,1.00,-0.03,0.00,0.00,0.55,3.23,0.25,10.60,0.00,0,2,1002.84,35.40,93.35,1002.84,31.87,92.27,0.59,1002.20,33.35,98.50,-0.03,0.24,99.49,310.78,7931,0.66,0.73,9.35,1.00,0.06,-0.04,-0.00,4.48,-7.48,-0.79,3,9,32,0,35.2901983,136.2529950,66.50, 0.29
141113,-0.09,-0.49,9.52,1.00,-0.03,0.00,0.00,0.55,3.23,0.25,10.62,0.00,0,2,1002.83,35.39,93.39,1002.84,31.86,92.27,0.57,1002.20,33.35,98.47,-0.02,0.17,100.37,310.78,7931,0.78,0.61,9.33,1.00,0.06,-0.04,-0.00,4.48,-7.48,-0.79,3,9,32,0,35.2901983,136.2529950,66.50, 0.29
141164,-0.17,-0.56,9.58,1.00,-0.03,0.00,0.00,0.55,3.23,0.25,10.61,0.00,0,2,1002.84,35.40,93.35,1002.84,31.87,92.27,0.65,1002.20,33.36,98.46,-0.03,0.24,102.74,310.78,7931,0.75,1.66,9.68,1.00,0.07,-0.04,-0.00,4.48,-7.51,-0.79,3,9,32,0,35.2901983,136.2529950,66.50, 0.29
141217,-0.12,-0.55,9.44,1.00,-0.03,0.00,0.00,0.55,3.23,0.25,10.61,0.00,0,2,1002.84,35.39,93.36,1002.84,31.86,92.32,0.65,1002.21,33.38,98.40,-0.03,0.24,103.97,310.78,7931,0.75,0.83,9.31,1.00,0.07,-0.04,-0.00,4.48,-7.50,-0.79,3,9,32,0,35.2901983,136.2529950,66.50, 0.29
141275,-0.07,-0.52,9.60,1.00,-0.03,0.00,0.00,0.55,3.23,0.25,10.60,0.00,0,2,1002.84,35.40,93.35,1002.84,31.88,92.30,0.65,1002.20,33.36,98.46,-0.03,0.24,103.62,310.78,7931,0.65,0.97,9.49,1.00,0.07,-0.04,-0.00,4.48,-7.51,-0.79,3,9,32,0,35.2901983,136.2529950,66.50, 0.23
141332,-0.05,-0.55,9.42,1.00,-0.03,0.00,0.00,0.55,3.23,0.25,10.61,0.00,0,2,1002.84,35.38,93.38,1002.84,31.88,92.31,0.65,1002.20,33.36,98.42,-0.03,0.24,103.89,310.78,7929,0.69,1.19,9.58,1.00,0.07,-0.04,-0.00,4.48,-7.51,-0.80,3,9,32,0,35.2901983,136.2529950,66.50, 0.23
141385,-0.11,-0.50,9.45,1.00,-0.03,0.00,0.00,0.55,3.23,0.25,10.61,0.00,0,2,1002.84,35.39,93.34,1002.84,31.87,92.28,0.65,1002.20,33.36,98.46,-0.03,0.24,104.59,310.78,7931,0.73,1.30,9.57,1.00,0.07,-0.04,-0.00,4.48,-7.51,-0.80,3,9,32,0,35.2901983,136.2529950,66.50, 0.23
141442,-0.20,-0.57,9.57,1.00,-0.03,0.00,0.00,0.55,3.23,0.25,10.60,0.00,0,2,1002.84,35.39,93.36,1002.83,31.87,92.33,0.65,1002.21,33.35,98.42,-0.03,0.24,104.68,310.69,7931,0.69,0.97,9.48,1.00,0.07,-0.04,-0.00,4.48,-7.49,-0.80,3,9,32,0,35.2901983,136.2529950,66.50, 0.23
141494,-0.14,-0.56,9.48,1.00,-0.03,0.00,0.00,0.55,3.23,0.25,10.60,0.00,0,2,1002.84,35.40,93.37,1002.84,31.88,92.33,0.65,1002.20,33.35,98.43,-0.03,0.24,104.59,310.52,7931,0.55,0.54,9.30,1.00,0.06,-0.04,-0.00,4.49,-7.48,-0.78,3,9,32,0,35.2901983,136.2529950,66.50, 0.23
141549,-0.11,-0.59,9.52,1.00,-0.03,0.00,0.00,0.55,3.23,0.25,10.60,0.00,0,2,1002.84,35.41,93.33,1002.84,31.87,92.27,0.65,1002.21,33.37,98.37,-0.02,0.17,104.94,310.52,7931,0.63,0.74,9.47,1.00,0.07,-0.04,-0.00,4.49,-7.49,-0.78,3,9,32,0,35.2901983,136.2529950,66.50, 0.23
141605,-0.06,-0.51,9.55,1.00,-0.03,0.00,0.00,0.55,3.23,0.25,10.60,0.00,0,2,1002.84,35.40,93.39,1002.84,31.88,92.24,0.65,1002.21,33.36,98.38,-0.05,0.29,105.56,310.52,7931,0.80,1.28,9.52,1.00,0.07,-0.04,-0.00,4.49,-7.50,-0.78,3,9,32,0,35.2901983,136.2529950,66.50, 0.23
141657,-0.04,-0.53,9.51,1.00,-0.03,0.00,0.00,0.55,3.23,0.25,10.59,0.00,0,2,1002.84,35.40,93.37,1002.84,31.87,92.31,0.66,1002.21,33.36,98.41,-0.05,0.29,105.64,310.52,7932,0.79,1.02,9.43,1.00,0.07,-0.04,-0.00,4.49,-7.50,-0.78,3,9,32,0,35.2901983,136.2529950,66.50, 0.23
141713,-0.05,-0.54,9.59,1.00,-0.03,0.00,0.00,0.55,3.23,0.25,10.59,0.00,0,2,1002.84,35.38,93.38,1002.84,31.88,92.29,0.65,1002.21,33.36,98.39,-0.05,0.29,105.82,310.52,7932,0.85,1.35,9.62,1.00,0.07,-0.04,-0.00,4.48,-7.50,-0.78,3,9,32,0,35.2901983,136.2529950,66.50, 0.23
141770,-0.09,-0.51,9.43,1.00,-0.03,0.00,0.00,0.55,3.23,0.25,10.60,0.00,0,2,1002.84,35.40,93.35,1002.84,31.88,92.24,0.65,1002.20,33.35,98.43,-0.03,0.24,105.56,310.52,7931,0.62,1.02,9.47,1.00,0.07,-0.04,-0.00,4.48,-7.50,-0.78,3,9,32,0,35.2901983,136.2529950,66.50, 0.23
141823,-0.03,-0.51,9.61,1.00,-0.03,0.00,0.00,0.55,3.23,0.25,10.59,0.00,0,2,1002.84,35.40,93.37,1002.84,31.88,92.28,0.65,1002.21,33.36,98.41,-0.03,0.24,105.82,310.43,7931,0.74,1.48,9.65,1.00,0.07,-0.04,-0.00,4.48,-7.50,-0.78,3,9,32,0,35.2901983,136.2529950,66.50, 0.23
141877,-0.11,-0.54,9.29,1.00,-0.03,0.00,0.00,0.55,3.23,0.25,10.59,0.00,0,2,1002.84,35.40,93.37,1002.84,31.88,92.31,0.65,1002.20,33.36,98.42,-0.03,0.24,105.91,310.52,7931,0.98,0.98,9.46,1.00,0.07,-0.04,-0.00,4.48,-7.51,-0.78,3,9,32,0,35.2901983,136.2529950,66.50, 0.23
141932,-0.17,-0.59,9.60,1.00,-0.03,0.00,0.00,0.55,3.23,0.25,10.60,0.00,0,2,1002.83,35.40,93.43,1002.84,31.88,92.28,0.65,1002.21,33.36,98.36,-0.03,0.24,106.52,310.52,7931,0.95,0.95,9.28,1.00,0.07,-0.04,-0.00,4.48,-7.51,-0.79,3,9,32,0,35.2901983,136.2529950,66.50, 0.23
141986,-0.09,-0.61,9.60,1.00,-0.03,0.00,0.00,0.55,3.23,0.25,10.60,0.00,0,2,1002.83,35.40,93.42,1002.84,31.89,92.30,0.65,1002.21,33.37,98.42,-0.02,0.17,106.88,310.52,7931,0.62,1.25,9.51,1.00,0.07,-0.04,-0.00,4.48,-7.53,-0.79,3,9,32,0,35.2901983,136.2529950,66.50, 0.23
142042,-0.08,-0.44,9.57,1.00,-0.03,0.00,0.00,0.55,3.23,0.25,10.59,0.00,0,2,1002.83,35.40,93.42,1002.84,31.90,92.26,0.65,1002.21,33.37,98.40,-0.03,0.24,109.25,310.52,7930,0.75,0.47,9.22,1.00,0.07,-0.04,-0.00,4.48,-7.50,-0.78,3,9,32,0,35.2901983,136.2529950,66.50, 0.23
142095,-0.08,-0.55,9.79,1.00,-0.03,0.00,0.00,0.55,3.23,0.25,10.59,0.00,0,2,1002.84,35.41,93.38,1002.84,31.88,92.29,0.65,1002.21,33.36,98.41,-0.02,0.17,109.16,310.52,7931,0.85,1.74,9.85,1.00,0.07,-0.04,-0.00,4.48,-7.55,-0.79,3,9,32,0,35.2901983,136.2529950,66.50, 0.23
142154,-0.08,-0.55,9.54,1.00,-0.03,0.00,0.00,0.55,3.23,0.25,10.58,0.00,0,2,1002.84,35.41,93.37,1002.84,31.90,92.26,0.64,1002.21,33.38,98.40,-0.05,0.29,108.72,310.43,7931,0.79,0.94,9.45,1.00,0.07,-0.04,-0.00,4.48,-7.51,-0.79,3,9,32,0,35.2901983,136.2529950,66.50, 0.23
142213,-0.04,-0.43,9.35,1.00,-0.03,0.00,0.00,0.55,3.22,0.25,10.60,0.00,0,2,1002.84,35.40,93.38,1002.84,31.88,92.29,0.65,1002.21,33.36,98.40,-0.03,0.24,108.81,310.43,7931,0.79,-0.33,8.78,1.00,0.07,-0.04,-0.00,4.48,-7.49,-0.78,3,9,32,0,35.2901983,136.2529950,66.50, 0.23
142265,0.00,-0.67,9.85,1.00,-0.03,0.00,0.00,0.55,3.22,0.25,10.60,0.00,0,2,1002.84,35.43,93.38,1002.84,31.89,92.31,0.65,1002.20,33.39,98.44,-0.03,0.24,108.11,310.52,7932,0.57,2.49,10.17,1.00,0.07,-0.04,-0.00,4.48,-7.57,-0.78,3,9,33,0,35.2902033,136.2529950,66.50, 0.22
142322,-0.09,-0.21,9.32,1.00,-0.03,0.00,0.00,0.55,3.20,0.25,10.61,0.00,0,2,1002.84,35.40,93.38,1002.83,31.88,92.30,0.65,1002.20,33.35,98.43,-0.03,0.24,108.90,310.61,7931,1.10,-0.43,8.70,1.00,0.06,-0.04,-0.00,4.48,-7.48,-0.78,3,9,33,0,35.2902033,136.2529950,66.50, 0.22
142380,-0.28,-0.75,9.32,1.00,-0.03,0.00,0.00,0.55,3.22,0.25,10.60,0.00,0,2,1002.84,35.40,93.35,1002.84,31.88,92.31,0.65,1002.21,33.36,98.39,-0.03,0.24,111.71,310.61,7930,0.90,2.19,9.78,1.00,0.07,-0.04,-0.00,4.48,-7.55,-0.79,3,9,33,0,35.2902033,136.2529950,66.50, 0.22
142434,-0.04,-0.41,9.85,1.00,-0.03,0.00,0.00,0.55,3.21,0.25,10.60,0.00,0,2,1002.84,35.41,93.36,1002.84,31.87,92.30,0.64,1002.20,33.37,98.45,-0.03,0.24,111.27,310.61,7931,0.74,2.63,10.25,1.00,0.07,-0.04,-0.00,4.48,-7.58,-0.79,3,9,33,0,35.2902033,136.2529950,66.50, 0.22
142491,-0.45,-0.31,9.07,1.00,-0.03,0.00,0.00,0.56,3.22,0.25,10.59,0.00,0,2,1002.84,35.41,93.37,1002.84,31.88,92.29,0.63,1002.21,33.36,98.41,-0.05,0.29,111.01,310.52,7932,0.54,1.15,9.46,1.00,0.07,-0.04,-0.00,4.48,-7.56,-0.78,3,9,33,0,35.2902033,136.2529950,66.50, 0.22
142542,-0.06,-0.76,9.88,1.00,-0.03,0.00,0.00,0.56,3.23,0.25,10.61,0.00,0,2,1002.83,35.40,93.42,1002.83,31.87,92.32,0.64,1002.20,33.36,98.44,-0.03,0.24,111.01,310.78,7932,1.47,3.40,10.41,1.00,0.07,-0.04,-0.00,4.48,-7.60,-0.77,3,9,33,0,35.2902033,136.2529950,66.50, 0.22
142595,0.02,-0.49,9.06,1.00,-0.03,0.00,0.00,0.56,3.21,0.25,10.62,0.00,0,2,1002.84,35.43,93.37,1002.84,31.89,92.30,0.64,1002.20,33.37,98.45,-0.05,0.29,110.57,310.87,7932,1.16,1.93,9.76,1.00,0.07,-0.04,-0.00,4.48,-7.53,-0.78,3,9,33,0,35.2902033,136.2529950,66.50, 0.22
142652,-0.01,-0.56,9.82,1.00,-0.03,0.00,0.00,0.56,3.22,0.25,10.63,0.00,0,2,1002.84,35.42,93.37,1002.83,31.88,92.33,0.64,1002.20,33.36,98.44,-0.02,0.17,111.62,310.78,7932,0.59,0.37,9.20,1.00,0.07,-0.04,-0.00,4.48,-7.53,-0.78,3,9,33,0,35.2902033,136.2529950,66.50, 0.22
142703,-0.18,-0.56,9.65,1.00,-0.03,0.00,0.00,0.56,3.22,0.25,10.63,0.00,0,2,1002.83,35.40,93.40,1002.84,31.88,92.31,0.64,1002.20,33.37,98.47,-0.03,0.24,107.58,310.69,7931,1.02,1.26,9.51,1.00,0.07,-0.04,-0.00,4.48,-7.53,-0.78,3,9,34,0,35.2901983,136.2529900,67.10, 0.22
142761,-0.12,-0.50,9.48,1.00,-0.03,0.00,0.00,0.56,3.22,0.25,10.63,0.00,0,2,1002.83,35.40,93.40,1002.84,31.87,92.31,0.64,1002.20,33.37,98.46,-0.05,0.29,99.14,310.61,7931,0.79,0.60,9.25,1.00,0.07,-0.04,-0.00,4.48,-7.53,-0.78,3,9,34,0,35.2901983,136.2529900,67.10, 0.22
142817,-0.15,-0.57,9.60,1.00,-0.03,0.00,0.00,0.56,3.22,0.25,10.62,0.00,0,2,1002.83,35.41,93.43,1002.84,31.89,92.34,0.64,1002.20,33.36,98.48,-0.02,0.17,93.96,310.61,7930,0.89,1.76,9.76,1.00,0.07,-0.04,-0.00,4.48,-7.55,-0.77,3,9,34,0,35.2901983,136.2529900,67.10, 0.22
142872,-0.13,-0.52,9.49,1.00,-0.03,0.00,0.00,0.56,3.22,0.25,10.62,0.00,0,2,1002.83,35.42,93.40,1002.83,31.87,92.33,0.64,1002.19,33.36,98.51,-0.03,0.24,90.44,310.61,7931,0.79,1.73,9.77,1.00,0.07,-0.04,-0.00,4.48,-7.57,-0.77,3,9,34,0,35.2901983,136.2529900,67.10, 0.22
142931,-0.10,-0.49,9.50,1.00,-0.03,0.00,0.00,0.56,3.22,0.25,10.63,0.00,0,2,1002.84,35.43,93.38,1002.83,31.89,92.33,0.63,1002.20,33.37,98.47,-0.03,0.24,88.42,310.61,7931,0.75,1.12,9.45,1.00,0.07,-0.04,-0.00,4.48,-7.55,-0.77,3,9,34,0,35.2901983,136.2529900,67.10, 0.22
142982,-0.04,-0.54,9.66,1.00,-0.03,0.00,0.00,0.56,3.22,0.25,10.63,0.00,0,2,1002.83,35.41,93.40,1002.84,31.89,92.32,0.64,1002.21,33.38,98.41,-0.03,0.24,91.67,310.61,7931,0.76,1.47,9.68,1.00,0.07,-0.04,-0.00,4.48,-7.57,-0.77,3,9,34,0,35.2901983,136.2529900,67.10, 0.22
143039,-0.06,-0.50,9.44,1.00,-0.03,0.00,0.00,0.56,3.22,0.25,10.62,0.00,0,2,1002.83,35.40,93.40,1002.83,31.88,92.33,0.64,1002.20,33.36,98.46,-0.03,0.24,93.87,310.61,7930,0.79,0.97,9.45,1.00,0.07,-0.04,-0.00,4.48,-7.57,-0.77,3,9,34,0,35.2901983,136.2529900,67.10, 0.22
143092,-0.01,-0.54,9.61,1.00,-0.03,0.00,0.00,0.56,3.22,0.25,10.62,0.00,0,2,1002.83,35.39,93.42,1002.83,31.89,92.35,0.64,1002.21,33.38,98.41,-0.03,0.24,98.00,310.61,7931,0.73,1.08,9.52,1.00,0.07,-0.04,-0.00,4.48,-7.59,-0.77,3,9,34,0,35.2901983,136.2529900,67.10, 0.22
143146,-0.06,-0.47,9.51,1.00,-0.03,0.00,0.00,0.56,3.22,0.25,10.63,0.00,0,2,1002.83,35.40,93.43,1002.83,31.89,92.35,0.64,1002.20,33.38,98.46,-0.03,0.24,100.81,310.69,7931,0.79,1.40,9.66,1.00,0.07,-0.04,-0.00,4.48,-7.59,-0.77,3,9,34,0,35.2901983,136.2529900,67.10, 0.22
143203,-0.12,-0.53,9.52,1.00,-0.03,0.00,0.00,0.56,3.22,0.25,10.62,0.00,0,2,1002.83,35.43,93.43,1002.83,31.88,92.34,0.64,1002.20,33.37,98.45,-0.03,0.24,100.37,310.61,7931,0.77,1.21,9.52,1.00,0.07,-0.04,-0.00,4.48,-7.58,-0.77,3,9,34,0,35.2901983,136.2529900,67.10, 0.22
143261,-0.07,-0.57,9.61,1.00,-0.03,0.00,0.00,0.56,3.22,0.25,10.62,0.00,0,2,1002.83,35.43,93.43,1002.84,31.90,92.28,0.64,1002.20,33.36,98.48,-0.03,0.24,100.81,310.61,7929,0.83,1.66,9.67,1.00,0.07,-0.04,-0.00,4.48,-7.58,-0.77,3,9,34,0,35.2901983,136.2529900,67.10, 0.21
143312,-0.05,-0.52,9.50,1.00,-0.03,0.00,0.00,0.56,3.22,0.25,10.62,0.00,0,2,1002.84,35.42,93.38,1002.84,31.91,92.32,0.64,1002.20,33.36,98.48,-0.02,0.17,100.81,310.69,7931,0.70,1.29,9.57,1.00,0.07,-0.04,-0.00,4.48,-7.58,-0.77,3,9,34,0,35.2901983,136.2529900,67.10, 0.21
143369,-0.05,-0.51,9.56,1.00,-0.03,0.00,0.00,0.56,3.22,0.25,10.61,0.00,0,2,1002.83,35.43,93.40,1002.84,31.90,92.31,0.64,1002.20,33.36,98.44,-0.03,0.24,100.81,310.61,7931,0.72,1.30,9.62,1.00,0.07,-0.04,-0.00,4.48,-7.58,-0.77,3,9,34,0,35.2901983,136.2529900,67.10, 0.21
143423,-0.07,-0.54,9.52,1.00,-0.03,0.00,0.00,0.56,3.22,0.25,10.60,0.00,0,2,1002.84,35.43,93.35,1002.84,31.89,92.30,0.63,1002.20,33.37,98.46,-0.02,0.17,100.81,310.61,7931,0.79,1.20,9.52,1.00,0.07,-0.04,-0.00,4.48,-7.57,-0.77,3,9,34,0,35.2901983,136.2529900,67.10, 0.21
143479,-0.11,-0.53,9.50,1.00,-0.03,0.00,0.00,0.56,3.22,0.25,10.59,0.00,0,2,1002.84,35.43,93.37,1002.84,31.90,92.29,0.63,1002.21,33.37,98.42,-0.05,0.29,101.34,310.61,7931,0.77,1.09,9.51,1.00,0.07,-0.04,-0.00,4.48,-7.56,-0.77,3,9,34,0,35.2901983,136.2529900,67.10, 0.21
143531,-0.13,-0.51,9.56,1.00,-0.03,0.00,0.00,0.56,3.22,0.25,10.58,0.00,0,2,1002.84,35.43,93.32,1002.84,31.92,92.30,0.64,1002.21,33.37,98.38,-0.03,0.24,102.04,310.61,7931,0.79,1.22,9.56,1.00,0.07,-0.04,-0.00,4.49,-7.55,-0.77,3,9,34,0,35.2901983,136.2529900,67.10, 0.21
143584,-0.14,-0.55,9.50,1.00,-0.03,0.00,0.00,0.56,3.22,0.25,10.58,0.00,0,2,1002.84,35.43,93.37,1002.84,31.90,92.28,0.64,1002.20,33.37,98.46,-0.03,0.24,103.62,310.61,7932,0.76,1.24,9.54,1.00,0.07,-0.04,-0.00,4.49,-7.55,-0.77,3,9,34,0,35.2901983,136.2529900,67.10, 0.21
143641,-0.09,-0.50,9.57,1.00,-0.03,0.00,0.00,0.56,3.22,0.25,10.59,0.00,0,2,1002.84,35.42,93.30,1002.84,31.90,92.33,0.63,1002.21,33.39,98.41,-0.03,0.24,103.36,310.61,7932,0.71,1.19,9.54,1.00,0.07,-0.04,-0.00,4.49,-7.55,-0.77,3,9,34,0,35.2901983,136.2529900,67.10, 0.21
143695,-0.08,-0.58,9.51,1.00,-0.03,0.00,0.00,0.56,3.22,0.25,10.59,0.00,0,2,1002.84,35.43,93.37,1002.84,31.91,92.31,0.63,1002.21,33.37,98.42,-0.02,0.17,103.45,310.61,7931,0.73,1.15,9.49,1.00,0.07,-0.04,-0.00,4.49,-7.55,-0.77,3,9,35,0,35.2901933,136.2529850,67.40, 0.21
143751,-0.11,-0.75,9.23,1.00,-0.03,0.00,0.00,0.56,3.22,0.25,10.57,0.00,0,2,1002.84,35.42,93.35,1002.84,31.91,92.31,0.63,1002.21,33.37,98.36,-0.03,0.24,103.01,310.61,7931,0.94,1.32,9.41,1.00,0.07,-0.04,-0.00,4.49,-7.55,-0.77,3,9,35,0,35.2901933,136.2529850,67.40, 0.21
143807,-0.21,-0.42,9.92,1.00,-0.03,0.00,0.00,0.55,3.22,0.25,10.57,0.00,0,2,1002.84,35.43,93.35,1002.84,31.90,92.32,0.64,1002.20,33.38,98.45,-0.03,0.24,102.83,310.61,7931,1.45,1.03,9.38,1.00,0.07,-0.04,-0.00,4.49,-7.55,-0.77,3,9,35,0,35.2901933,136.2529850,67.40, 0.21
143860,0.03,-0.48,9.74,1.00,-0.03,0.00,0.00,0.55,3.22,0.25,10.58,0.00,0,2,1002.84,35.42,93.34,1002.84,31.91,92.28,0.64,1002.21,33.37,98.38,-0.03,0.24,102.66,310.52,7931,1.01,1.19,9.52,1.00,0.07,-0.04,-0.00,4.50,-7.54,-0.77,3,9,35,0,35.2901933,136.2529850,67.40, 0.21
143916,0.01,-0.52,9.53,1.00,-0.03,0.00,0.00,0.55,3.22,0.25,10.58,0.00,0,2,1002.84,35.43,93.37,1002.84,31.91,92.27,0.64,1002.21,33.37,98.40,-0.03,0.24,102.22,310.52,7930,0.84,1.36,9.55,1.00,0.07,-0.04,-0.00,4.50,-7.53,-0.77,3,9,35,0,35.2901933,136.2529850,67.40, 0.21
143971,-0.09,-0.55,9.43,1.00,-0.03,0.00,0.00,0.55,3.22,0.25,10.58,0.00,0,2,1002.84,35.43,93.35,1002.84,31.90,92.31,0.63,1002.20,33.37,98.46,-0.03,0.24,98.70,310.52,7932,0.66,1.10,9.47,1.00,0.07,-0.04,-0.00,4.49,-7.52,-0.77,3,9,35,0,35.2901933,136.2529850,67.40, 0.21
144030,-0.08,-0.54,9.62,1.00,-0.03,0.00,0.00,0.55,3.22,0.25,10.58,0.00,0,2,1002.84,35.43,93.36,1002.83,31.91,92.36,0.63,1002.21,33.37,98.41,-0.03,0.24,95.98,310.52,7931,0.71,1.42,9.66,1.00,0.07,-0.04,-0.00,4.50,-7.52,-0.77,3,9,35,0,35.2901933,136.2529850,67.40, 0.21
144082,-0.09,-0.51,9.49,1.00,-0.03,0.00,0.00,0.55,3.22,0.25,10.58,0.00,0,2,1002.84,35.43,93.35,1002.84,31.91,92.29,0.63,1002.21,33.38,98.38,-0.02,0.17,96.77,310.52,7931,0.90,0.93,9.43,1.00,0.07,-0.04,-0.00,4.50,-7.51,-0.77,3,9,35,0,35.2901933,136.2529850,67.40, 0.21
144140,-0.08,-0.50,9.66,1.00,-0.03,0.00,0.00,0.55,3.22,0.25,10.58,0.00,0,2,1002.84,35.43,93.35,1002.84,31.91,92.32,0.63,1002.21,33.38,98.40,-0.03,0.24,97.73,310.52,7931,0.84,1.16,9.56,1.00,0.07,-0.04,-0.00,4.50,-7.51,-0.79,3,9,35,0,35.2901933,136.2529850,67.40, 0.21
144193,-0.13,-0.60,9.60,1.00,-0.03,0.00,0.00,0.55,3.22,0.25,10.59,0.00,0,2,1002.83,35.43,93.40,1002.84,31.90,92.33,0.63,1002.21,33.37,98.40,-0.03,0.24,97.91,310.43,7931,0.81,1.42,9.65,1.00,0.07,-0.04,-0.00,4.50,-7.51,-0.79,3,9,35,0,35.2901933,136.2529850,67.40, 0.21
144250,-0.12,-0.55,9.56,1.00,-0.03,0.00,0.00,0.55,3.22,0.25,10.59,0.00,0,2,1002.83,35.43,93.42,1002.84,31.92,92.27,0.63,1002.21,33.37,98.40,-0.02,0.17,98.09,310.52,7930,0.69,1.40,9.54,1.00,0.07,-0.04,-0.00,4.50,-7.51,-0.79,3,9,35,0,35.2901933,136.2529850,67.40, 0.61
144301,-0.08,-0.47,9.58,1.00,-0.03,0.00,0.00,0.55,3.22,0.25,10.58,0.00,0,2,1002.83,35.41,93.39,1002.84,31.91,92.28,0.63,1002.21,33.38,98.41,-0.03,0.24,98.35,310.52,7931,0.67,1.41,9.64,1.00,0.07,-0.04,-0.00,4.50,-7.51,-0.79,3,9,35,0,35.2901933,136.2529850,67.40, 0.61
144359,-0.12,-0.46,9.51,1.00,-0.03,0.00,0.00,0.55,3.22,0.25,10.58,0.00,0,2,1002.83,35.40,93.45,1002.84,31.91,92.30,0.64,1002.21,33.37,98.42,-0.03,0.24,98.44,310.52,7931,0.78,1.07,9.47,1.00,0.07,-0.04,-0.00,4.50,-7.51,-0.79,3,9,35,0,35.2901933,136.2529850,67.40, 0.61
144410,-0.07,-0.64,9.57,1.00,-0.03,0.00,0.00,0.55,3.22,0.25,10.58,0.00,0,2,1002.83,35.40,93.45,1002.83,31.90,92.34,0.64,1002.21,33.38,98.40,-0.03,0.24,98.53,310.52,7931,0.75,1.35,9.60,1.00,0.07,-0.04,-0.00,4.50,-7.51,-0.79,3,9,35,0,35.2901933,136.2529850,67.40, 0.61
144464,-0.06,-0.51,9.51,1.00,-0.03,0.00,0.00,0.55,3.22,0.25,10.61,0.00,0,2,1002.83,35.41,93.43,1002.84,31.91,92.32,0.64,1002.21,33.38,98.39,-0.05,0.29,98.88,310.52,7931,0.74,1.02,9.48,1.00,0.07,-0.04,-0.00,4.50,-7.51,-0.79,3,9,35,0,35.2901933,136.2529850,67.40, 0.61
144519,-0.05,-0.48,9.51,1.00,-0.03,0.00,0.00,0.55,3.22,0.25,10.61,0.00,0,2,1002.83,35.41,93.41,1002.84,31.92,92.32,0.64,1002.20,33.37,98.44,-0.03,0.24,103.10,310.52,7931,0.78,1.09,9.50,1.00,0.07,-0.04,-0.00,4.50,-7.51,-0.79,3,9,35,0,35.2901933,136.2529850,67.40, 0.61
144576,-0.09,-0.52,9.53,1.00,-0.03,0.00,0.00,0.55,3.22,0.25,10.61,0.00,0,2,1002.83,35.39,93.39,1002.84,31.90,92.32,0.64,1002.21,33.39,98.41,-0.02,0.17,105.73,310.43,7931,0.81,1.38,9.59,1.00,0.07,-0.04,-0.00,4.50,-7.51,-0.79,3,9,35,0,35.2901933,136.2529850,67.40, 0.61
144631,-0.10,-0.55,9.50,1.00,-0.03,0.00,0.00,0.55,3.22,0.25,10.60,0.00,0,2,1002.83,35.40,93.42,1002.84,31.93,92.28,0.64,1002.21,33.38,98.39,-0.03,0.24,109.07,310.43,7931,0.89,1.16,9.45,1.00,0.07,-0.04,-0.00,4.50,-7.51,-0.79,3,9,35,0,35.2901933,136.2529850,67.40, 0.61
144689,0.16,-0.57,9.54,1.00,-0.03,0.00,0.00,0.55,3.22,0.25,10.60,0.00,0,2,1002.83,35.39,93.39,1002.84,31.92,92.31,0.64,1002.21,33.37,98.39,-0.03,0.24,109.86,310.43,7931,0.57,1.35,9.62,1.00,0.07,-0.04,-0.00,4.51,-7.50,-0.79,3,9,36,0,35.2901883,136.2529817,67.00, 0.61
144740,-0.08,-0.54,9.47,1.00,-0.03,0.00,0.00,0.55,3.22,0.25,10.59,0.00,0,2,1002.83,35.40,93.42,1002.84,31.92,92.28,0.64,1002.21,33.38,98.41,-0.03,0.24,109.60,310.52,7931,0.47,0.98,9.49,1.00,0.07,-0.04,-0.00,4.50,-7.51,-0.79,3,9,36,0,35.2901883,136.2529817,67.00, 0.61
144794,0.00,-0.54,9.63,1.00,-0.03,0.00,0.00,0.55,3.22,0.25,10.60,0.00,0,2,1002.83,35.40,93.40,1002.84,31.93,92.30,0.64,1002.21,33.37,98.40,-0.03,0.24,109.25,310.52,7931,0.67,1.17,9.56,1.00,0.07,-0.04,-0.00,4.50,-7.51,-0.79,3,9,36,0,35.2901883,136.2529817,67.00, 0.61
144850,-0.11,-0.55,9.52,1.00,-0.03,0.00,0.00,0.55,3.22,0.25,10.60,0.00,0,2,1002.83,35.40,93.40,1002.84,31.92,92.27,0.63,1002.21,33.38,98.41,-0.03,0.24,108.19,310.43,7931,0.74,1.39,9.56,1.00,0.07,-0.04,-0.00,4.50,-7.51,-0.79,3,9,36,0,35.2901883,136.2529817,67.00, 0.61
144908,-0.17,-0.52,9.50,1.00,-0.03,0.00,0.00,0.55,3.22,0.25,10.60,0.00,0,2,1002.84,35.40,93.37,1002.84,31.92,92.28,0.64,1002.21,33.37,98.40,-0.03,0.24,107.84,310.43,7931,0.77,1.02,9.43,1.00,0.07,-0.04,-0.00,4.50,-7.51,-0.79,3,9,36,0,35.2901883,136.2529817,67.00, 0.61
144961,-0.15,-0.49,9.56,1.00,-0.03,0.00,0.00,0.55,3.22,0.25,10.59,0.00,0,2,1002.84,35.39,93.34,1002.84,31.92,92.30,0.64,1002.21,33.38,98.36,-0.03,0.24,108.81,310.43,7930,0.74,1.12,9.55,1.00,0.07,-0.04,-0.00,4.50,-7.51,-0.79,3,9,36,0,35.2901883,136.2529817,67.00, 0.61
145019,-0.12,-0.50,9.52,1.00,-0.03,0.00,0.00,0.55,3.22,0.25,10.59,0.00,0,2,1002.83,35.38,93.42,1002.84,31.92,92.33,0.64,1002.22,33.38,98.32,-0.03,0.24,109.34,310.43,7932,0.80,1.12,9.50,1.00,0.07,-0.04,-0.00,4.51,-7.50,-0.79,3,9,36,0,35.2901883,136.2529817,67.00, 0.61
145070,0.03,-0.53,9.34,1.00,-0.03,0.00,0.00,0.56,3.22,0.25,10.59,0.00,0,2,1002.83,35.38,93.42,1002.84,31.93,92.30,0.64,1002.21,33.39,98.37,-0.03,0.24,109.42,310.43,7931,1.06,1.24,9.70,1.00,0.07,-0.04,-0.00,4.51,-7.50,-0.79,3,9,36,0,35.2901883,136.2529817,67.00, 0.61
145127,-0.01,-0.64,9.27,1.00,-0.03,0.00,0.00,0.57,3.22,0.25,10.60,0.00,0,2,1002.83,35.38,93.40,1002.84,31.93,92.30,0.64,1002.21,33.38,98.41,-0.03,0.24,109.78,310.43,7931,0.56,1.34,9.43,1.00,0.07,-0.04,-0.00,4.51,-7.49,-0.77,3,9,36,0,35.2901883,136.2529817,67.00, 0.61
145180,0.03,-0.47,9.72,1.00,-0.03,0.00,0.00,0.55,3.21,0.25,10.59,0.00,0,2,1002.84,35.40,93.35,1002.84,31.93,92.28,0.64,1002.21,33.39,98.39,-0.03,0.24,109.25,310.43,7931,0.65,1.48,9.53,1.00,0.06,-0.04,-0.00,4.51,-7.48,-0.76,3,9,36,0,35.2901883,136.2529817,67.00, 0.61
145238,-0.02,-0.55,9.30,1.00,-0.03,0.00,0.00,0.55,3.21,0.25,10.59,0.00,0,2,1002.83,35.38,93.38,1002.84,31.93,92.29,0.64,1002.21,33.38,98.39,-0.03,0.24,108.72,310.43,7931,0.74,1.19,9.58,1.00,0.06,-0.04,-0.00,4.51,-7.48,-0.76,3,9,36,0,35.2901883,136.2529817,67.00, 0.61
145290,-0.13,-0.54,9.51,1.00,-0.03,0.00,0.00,0.55,3.21,0.25,10.58,0.00,0,2,1002.84,35.38,93.37,1002.84,31.94,92.27,0.64,1002.21,33.38,98.38,-0.02,0.17,107.75,310.34,7931,0.77,1.34,9.60,1.00,0.06,-0.04,-0.00,4.51,-7.48,-0.77,3,9,36,0,35.2901883,136.2529817,67.00, 0.69
145342,-0.22,-0.69,9.43,1.00,-0.03,0.00,0.00,0.55,3.21,0.25,10.58,0.00,0,2,1002.83,35.38,93.40,1002.84,31.93,92.28,0.64,1002.22,33.39,98.32,-0.05,0.29,108.63,310.34,7931,0.81,1.46,9.47,1.00,0.06,-0.04,-0.00,4.51,-7.48,-0.77,3,9,36,0,35.2901883,136.2529817,67.00, 0.69
145399,-0.15,-0.71,9.41,1.00,-0.03,0.00,0.00,0.56,3.22,0.25,10.58,0.00,0,2,1002.83,35.39,93.39,1002.84,31.93,92.28,0.64,1002.22,33.38,98.32,-0.03,0.24,109.07,310.34,7931,0.81,1.59,9.50,1.00,0.06,-0.04,-0.00,4.51,-7.48,-0.77,3,9,36,0,35.2901883,136.2529817,67.00, 0.69
145457,0.05,-0.55,9.57,1.00,-0.03,0.00,0.00,0.56,3.22,0.25,10.59,0.00,0,2,1002.84,35.40,93.39,1002.84,31.93,92.30,0.64,1002.21,33.38,98.38,-0.03,0.24,108.72,310.34,7930,0.69,1.62,9.71,1.00,0.07,-0.04,-0.00,4.51,-7.50,-0.77,3,9,36,0,35.2901883,136.2529817,67.00, 0.69
145509,0.00,-0.44,9.53,1.00,-0.03,0.00,0.00,0.55,3.22,0.25,10.59,0.00,0,2,1002.83,35.38,93.40,1002.84,31.93,92.31,0.64,1002.21,33.38,98.38,-0.02,0.17,108.19,310.34,7931,0.63,0.89,9.46,1.00,0.07,-0.04,-0.00,4.51,-7.50,-0.77,3,9,36,0,35.2901883,136.2529817,67.00, 0.69
145566,-0.07,-0.60,9.59,1.00,-0.03,0.00,0.00,0.55,3.21,0.25,10.59,0.00,0,2,1002.84,35.38,93.36,1002.84,31.93,92.33,0.64,1002.22,33.41,98.31,-0.03,0.24,108.54,310.34,7931,0.85,1.32,9.61,1.00,0.07,-0.04,-0.00,4.51,-7.52,-0.77,3,9,36,0,35.2901883,136.2529817,67.00, 0.69
145619,-0.17,-0.56,9.39,1.00,-0.03,0.00,0.00,0.55,3.22,0.25,10.58,0.00,0,2,1002.84,35.39,93.34,1002.84,31.92,92.30,0.65,1002.22,33.40,98.33,-0.03,0.24,108.90,310.34,7932,0.89,1.43,9.52,1.00,0.07,-0.04,-0.00,4.52,-7.52,-0.77,3,9,36,0,35.2901883,136.2529817,67.00, 0.69
145676,-0.09,-0.52,9.52,1.00,-0.03,0.00,0.00,0.55,3.22,0.25,10.56,0.00,0,2,1002.84,35.38,93.35,1002.84,31.93,92.28,0.64,1002.21,33.39,98.39,-0.03,0.24,109.51,310.34,7931,0.84,1.54,9.69,1.00,0.07,-0.04,-0.00,4.52,-7.53,-0.77,3,9,36,0,35.2901883,136.2529817,67.00, 0.69
145729,-0.12,-0.42,9.45,1.00,-0.03,0.00,0.00,0.56,3.22,0.25,10.56,0.00,0,2,1002.84,35.39,93.34,1002.84,31.93,92.31,0.64,1002.21,33.38,98.34,-0.05,0.29,110.13,310.34,7931,0.80,0.75,9.36,1.00,0.07,-0.04,-0.00,4.52,-7.52,-0.77,3,9,37,0,35.2901933,136.2529783,67.70, 0.69
145786,-0.11,-0.59,9.60,1.00,-0.03,0.00,0.00,0.56,3.22,0.25,10.56,0.00,0,2,1002.84,35.40,93.32,1002.84,31.93,92.31,0.64,1002.21,33.37,98.33,-0.03,0.24,110.13,310.34,7931,0.76,1.56,9.71,1.00,0.07,-0.04,-0.00,4.52,-7.53,-0.77,3,9,37,0,35.2901933,136.2529783,67.70, 0.69
145838,-0.09,-0.57,9.48,1.00,-0.03,0.00,0.00,0.57,3.22,0.25,10.56,0.00,0,2,1002.84,35.38,93.35,1002.83,31.93,92.35,0.64,1002.22,33.38,98.32,-0.05,0.29,109.86,310.34,7931,0.76,1.36,9.49,1.00,0.07,-0.04,-0.00,4.52,-7.53,-0.76,3,9,37,0,35.2901933,136.2529783,67.70, 0.69
145891,-0.01,-0.56,9.51,1.00,-0.03,0.00,0.00,0.56,3.22,0.25,10.56,0.00,0,2,1002.84,35.38,93.34,1002.84,31.93,92.33,0.64,1002.21,33.39,98.36,-0.03,0.24,109.34,310.34,7931,0.64,0.91,9.46,1.00,0.07,-0.04,-0.00,4.51,-7.53,-0.75,3,9,37,0,35.2901933,136.2529783,67.70, 0.69
145947,0.06,-0.44,9.65,1.00,-0.03,0.00,0.00,0.55,3.22,0.25,10.58,0.00,0,2,1002.84,35.40,93.35,1002.84,31.93,92.31,0.64,1002.21,33.38,98.39,-0.02,0.17,109.34,310.34,7931,0.55,1.20,9.62,1.00,0.07,-0.04,-0.00,4.52,-7.54,-0.75,3,9,37,0,35.2901933,136.2529783,67.70, 0.69
145999,0.00,-0.50,9.33,1.00,-0.03,0.00,0.00,0.54,3.21,0.24,10.59,0.00,0,2,1002.84,35.37,93.37,1002.84,31.93,92.30,0.64,1002.21,33.38,98.40,-0.03,0.24,109.07,310.34,7931,0.61,0.53,9.25,1.00,0.07,-0.04,-0.00,4.51,-7.52,-0.75,3,9,37,0,35.2901933,136.2529783,67.70, 0.69
146057,-0.13,-0.58,9.75,1.00,-0.03,0.00,0.00,0.53,3.22,0.20,10.59,0.00,0,2,1002.84,35.39,93.38,1002.84,31.95,92.30,0.64,1002.21,33.39,98.37,-0.03,0.24,109.69,310.34,7931,0.85,0.90,9.37,1.00,0.07,-0.04,-0.00,4.51,-7.53,-0.78,3,9,37,0,35.2901933,136.2529783,67.70, 0.69
146110,-0.14,-0.59,9.46,1.00,-0.03,0.00,0.00,0.54,3.22,0.19,10.59,0.00,0,2,1002.84,35.39,93.37,1002.84,31.95,92.32,0.64,1002.21,33.39,98.37,-0.03,0.24,109.69,310.34,7931,0.77,2.26,10.08,1.00,0.07,-0.04,-0.00,4.51,-7.57,-0.78,3,9,37,0,35.2901933,136.2529783,67.70, 0.69
146167,-0.31,-0.35,9.33,1.00,-0.03,0.00,0.00,0.54,3.22,0.19,10.60,0.00,0,2,1002.84,35.39,93.36,1002.84,31.95,92.28,0.64,1002.21,33.38,98.39,-0.03,0.24,109.34,310.34,7931,1.14,1.07,9.40,1.00,0.07,-0.04,-0.00,4.51,-7.53,-0.78,3,9,37,0,35.2901933,136.2529783,67.70, 0.69
146225,-0.12,-0.65,9.83,1.00,-0.03,0.00,0.00,0.54,3.22,0.19,10.59,0.00,0,2,1002.84,35.40,93.37,1002.84,31.95,92.30,0.64,1002.21,33.38,98.36,-0.03,0.24,109.16,310.34,7931,0.77,2.65,10.27,1.00,0.07,-0.04,-0.00,4.51,-7.59,-0.78,3,9,37,0,35.2901933,136.2529783,67.70, 0.69
146279,0.00,-0.47,9.28,1.00,-0.03,0.00,0.00,0.54,3.20,0.19,10.60,0.00,0,2,1002.84,35.40,93.37,1002.84,31.93,92.30,0.64,1002.21,33.39,98.39,-0.03,0.24,108.98,310.34,7931,0.64,0.95,9.44,1.00,0.07,-0.04,-0.00,4.51,-7.52,-0.76,3,9,37,0,35.2901933,136.2529783,67.70, 0.19
146336,-0.13,-0.65,9.75,1.00,-0.03,0.00,0.00,0.54,3.21,0.19,10.60,0.00,0,2,1002.84,35.38,93.36,1002.84,31.95,92.33,0.64,1002.22,33.39,98.30,-0.02,0.17,108.46,310.34,7930,0.77,-0.10,9.00,1.00,0.07,-0.04,-0.00,4.52,-7.50,-0.74,3,9,37,0,35.2901933,136.2529783,67.70, 0.19
146387,0.00,-0.47,9.53,1.00,-0.03,0.00,0.00,0.54,3.20,0.19,10.61,0.00,0,2,1002.84,35.40,93.39,1002.83,31.93,92.30,0.64,1002.21,33.39,98.39,-0.03,0.24,108.54,310.34,7931,0.62,0.76,9.35,1.00,0.07,-0.04,-0.00,4.52,-7.50,-0.74,3,9,37,0,35.2901933,136.2529783,67.70, 0.19
146441,0.02,-0.52,9.32,1.00,-0.03,0.00,0.00,0.54,3.20,0.19,10.60,0.00,0,2,1002.84,35.40,93.35,1002.84,31.94,92.27,0.64,1002.21,33.40,98.39,-0.05,0.29,108.98,310.34,7932,0.43,-0.65,8.79,1.00,0.07,-0.04,-0.00,4.52,-7.49,-0.74,3,9,37,0,35.2901933,136.2529783,67.70, 0.19
146499,-0.13,-0.57,9.83,1.00,-0.03,0.00,0.00,0.54,3.20,0.19,10.60,0.00,0,2,1002.84,35.38,93.36,1002.84,31.92,92.30,0.64,1002.22,33.39,98.33,-0.02,0.17,109.07,310.34,7931,0.70,0.39,9.30,1.00,0.07,-0.04,-0.00,4.51,-7.53,-0.76,3,9,37,0,35.2901933,136.2529783,67.70, 0.19
146555,-0.07,-0.50,9.37,1.00,-0.03,0.00,0.00,0.54,3.20,0.19,10.58,0.00,0,2,1002.84,35.40,93.35,1002.84,31.95,92.28,0.64,1002.21,33.38,98.36,-0.03,0.24,109.16,310.34,7931,0.54,0.35,9.15,1.00,0.07,-0.04,-0.00,4.52,-7.51,-0.75,3,9,37,0,35.2901933,136.2529783,67.70, 0.19
146607,-0.10,-0.46,9.50,1.00,-0.03,0.00,0.00,0.54,3.20,0.19,10.59,0.00,0,2,1002.84,35.40,93.37,1002.84,31.93,92.30,0.64,1002.21,33.39,98.37,-0.05,0.29,110.57,310.34,7931,0.27,0.43,9.24,1.00,0.07,-0.04,-0.00,4.51,-7.52,-0.75,3,9,37,0,35.2901933,136.2529783,67.70, 0.19
146661,-0.20,-0.70,9.76,1.00,-0.03,0.00,0.00,0.54,3.20,0.19,10.59,0.00,0,2,1002.84,35.39,93.37,1002.84,31.94,92.27,0.64,1002.21,33.39,98.38,-0.02,0.17,111.71,310.34,7930,0.67,2.14,10.08,1.00,0.07,-0.04,-0.00,4.51,-7.58,-0.76,3,9,37,0,35.2901933,136.2529783,67.70, 0.19
146719,-0.06,-0.45,9.42,1.00,-0.03,0.00,0.00,0.54,3.20,0.19,10.61,0.00,0,2,1002.83,35.38,93.38,1002.84,31.95,92.31,0.63,1002.21,33.39,98.41,-0.03,0.24,111.97,310.34,7931,0.57,1.22,9.62,1.00,0.07,-0.04,-0.00,4.51,-7.55,-0.75,3,9,38,0,35.2901933,136.2529750,68.60, 0.19
146776,-0.08,-0.45,9.81,1.00,-0.03,0.00,0.00,0.54,3.20,0.19,10.62,0.00,0,2,1002.83,35.38,93.40,1002.84,31.93,92.33,0.63,1002.21,33.40,98.35,-0.03,0.24,112.15,310.34,7932,0.79,2.02,9.95,1.00,0.07,-0.04,-0.00,4.51,-7.59,-0.76,3,9,38,0,35.2901933,136.2529750,68.60, 0.19
146828,-0.15,-0.49,9.56,1.00,-0.03,0.00,0.00,0.54,3.20,0.19,10.61,0.00,0,2,1002.84,35.38,93.35,1002.84,31.93,92.33,0.64,1002.21,33.39,98.37,-0.03,0.24,111.36,310.34,7932,1.01,1.38,9.52,1.00,0.07,-0.04,-0.00,4.51,-7.55,-0.75,3,9,38,0,35.2901933,136.2529750,68.60, 0.19
146885,-0.06,-0.53,9.53,1.00,-0.03,0.00,0.00,0.54,3.20,0.19,10.61,0.00,0,2,1002.83,35.36,93.39,1002.84,31.94,92.30,0.63,1002.21,33.39,98.38,-0.03,0.24,111.18,310.34,7931,0.73,1.11,9.46,1.00,0.07,-0.04,-0.00,4.51,-7.55,-0.76,3,9,38,0,35.2901933,136.2529750,68.60, 0.19
146938,-0.11,-0.66,9.47,1.00,-0.03,0.00,0.00,0.54,3.20,0.19,10.61,0.00,0,2,1002.83,35.38,93.39,1002.84,31.94,92.29,0.64,1002.21,33.38,98.36,-0.02,0.17,111.27,310.34,7931,0.64,1.59,9.73,1.00,0.07,-0.04,-0.00,4.51,-7.57,-0.75,3,9,38,0,35.2901933,136.2529750,68.60, 0.19
146990,-0.05,-0.58,9.59,1.00,-0.03,0.00,0.00,0.54,3.20,0.19,10.61,0.00,0,2,1002.84,35.38,93.37,1002.84,31.94,92.30,0.64,1002.21,33.38,98.35,-0.03,0.24,111.01,310.34,7931,0.82,1.07,9.50,1.00,0.07,-0.04,-0.00,4.51,-7.57,-0.75,3,9,38,0,35.2901933,136.2529750,68.60, 0.19
147046,-0.05,-0.52,9.60,1.00,-0.03,0.00,0.00,0.54,3.20,0.19,10.61,0.00,0,2,1002.83,35.38,93.39,1002.83,31.92,92.35,0.64,1002.22,33.40,98.33,-0.03,0.24,110.83,310.34,7931,0.78,1.30,9.60,1.00,0.07,-0.04,-0.00,4.51,-7.57,-0.75,3,9,38,0,35.2901933,136.2529750,68.60, 0.19
147103,-0.13,-0.48,9.44,1.00,-0.03,0.00,0.00,0.54,3.20,0.19,10.61,0.00,0,2,1002.84,35.37,93.37,1002.84,31.93,92.29,0.63,1002.21,33.39,98.42,-0.03,0.24,110.83,310.34,7931,0.71,1.22,9.53,1.00,0.07,-0.04,-0.00,4.51,-7.56,-0.75,3,9,38,0,35.2901933,136.2529750,68.60, 0.19
147157,-0.06,-0.53,9.53,1.00,-0.03,0.00,0.00,0.54,3.20,0.19,10.61,0.00,0,2,1002.84,35.37,93.37,1002.84,31.93,92.29,0.63,1002.21,33.40,98.38,-0.03,0.24,110.65,310.34,7930,0.78,1.19,9.51,1.00,0.07,-0.04,-0.00,4.53,-7.55,-0.75,3,9,38,0,35.2901933,136.2529750,68.60, 0.19
147215,-0.20,-0.64,9.44,1.00,-0.03,0.00,0.00,0.57,3.24,0.19,10.62,0.00,0,2,1002.83,35.37,93.43,1002.84,31.94,92.27,0.63,1002.21,33.40,98.40,-0.03,0.24,110.57,310.34,7931,1.01,1.23,9.57,1.00,0.07,-0.04,-0.00,4.53,-7.55,-0.75,3,9,38,0,35.2901933,136.2529750,68.60, 0.19
147267,-0.11,-0.59,9.55,1.00,-0.03,0.00,0.00,0.57,3.23,0.19,10.64,0.00,0,2,1002.83,35.36,93.43,1002.84,31.95,92.31,0.63,1002.21,33.40,98.41,-0.03,0.24,110.57,310.34,7931,0.77,1.00,9.51,1.00,0.07,-0.04,-0.00,4.53,-7.55,-0.75,3,9,38,0,35.2901933,136.2529750,68.60, 0.19
147324,-0.07,-0.53,9.52,1.00,-0.03,0.00,0.00,0.57,3.23,0.19,10.63,0.00,0,2,1002.84,35.37,93.37,1002.84,31.95,92.28,0.63,1002.21,33.39,98.42,-0.03,0.24,110.57,310.34,7931,0.74,0.77,9.44,1.00,0.07,-0.04,-0.00,4.53,-7.55,-0.73,3,9,38,0,35.2901933,136.2529750,68.60, 0.19
147377,-0.05,-0.56,9.44,1.00,-0.03,0.00,0.00,0.56,3.20,0.19,10.61,0.00,0,2,1002.84,35.37,93.38,1002.84,31.95,92.31,0.64,1002.20,33.40,98.45,-0.03,0.24,110.57,310.34,7931,0.68,0.93,9.47,1.00,0.07,-0.04,-0.00,4.53,-7.56,-0.73,3,9,38,0,35.2901933,136.2529750,68.60, 0.19
147434,-0.07,-0.39,9.58,1.00,-0.03,0.00,0.00,0.56,3.19,0.19,10.61,0.00,0,2,1002.83,35.37,93.39,1002.83,31.95,92.28,0.64,1002.21,33.39,98.39,-0.03,0.24,110.65,310.34,7931,0.75,1.16,9.56,1.00,0.07,-0.04,-0.00,4.53,-7.57,-0.73,3,9,38,0,35.2901933,136.2529750,68.60, 0.19
147486,-0.06,-0.59,9.57,1.00,-0.03,0.00,0.00,0.56,3.19,0.19,10.62,0.00,0,2,1002.83,35.36,93.43,1002.84,31.95,92.29,0.65,1002.20,33.40,98.47,-0.03,0.24,110.83,310.34,7930,0.85,1.12,9.51,1.00,0.07,-0.04,-0.00,4.53,-7.57,-0.73,3,9,38,0,35.2901933,136.2529750,68.60, 0.19
147541,-0.22,-0.62,9.30,1.00,-0.03,0.00,0.00,0.56,3.19,0.19,10.62,0.00,0,2,1002.84,35.37,93.36,1002.84,31.95,92.30,0.64,1002.19,33.40,98.55,-0.05,0.29,110.57,310.34,7931,0.79,1.17,9.57,1.00,0.07,-0.04,-0.00,4.53,-7.57,-0.73,3,9,38,0,35.2901933,136.2529750,68.60, 0.19
147596,0.02,-0.38,9.61,1.00,-0.03,0.00,0.00,0.54,3.17,0.15,10.61,0.00,0,2,1002.83,35.35,93.38,1002.84,31.95,92.28,0.64,1002.20,33.40,98.44,-0.03,0.24,110.65,310.34,7931,0.86,0.84,9.43,1.00,0.07,-0.04,-0.00,4.53,-7.56,-0.73,3,9,38,0,35.2901933,136.2529750,68.60, 0.19
147654,-0.12,-0.67,9.26,1.00,-0.03,0.00,0.00,0.54,3.15,0.13,10.59,0.00,0,2,1002.84,35.35,93.37,1002.84,31.95,92.32,0.64,1002.21,33.39,98.42,-0.03,0.24,111.01,310.34,7931,0.60,1.48,9.61,1.00,0.07,-0.04,-0.00,4.53,-7.57,-0.74,3,9,38,0,35.2901933,136.2529750,68.60, 0.19
147706,-0.11,-0.56,9.47,1.00,-0.03,0.00,0.00,0.52,3.06,0.11,10.60,0.00,0,2,1002.83,35.34,93.41,1002.84,31.94,92.32,0.64,1002.20,33.39,98.44,-0.03,0.24,112.06,310.34,7931,0.68,1.42,9.61,1.00,0.07,-0.04,-0.00,4.53,-7.57,-0.76,3,9,39,0,35.2901883,136.2529717,69.10, 0.19
147763,-0.07,-0.49,9.73,1.00,-0.03,0.00,0.00,0.52,3.06,0.11,10.60,0.00,0,2,1002.83,35.35,93.38,1002.84,31.95,92.29,0.63,1002.21,33.41,98.43,-0.03,0.24,112.32,310.34,7930,0.86,1.20,9.57,1.00,0.07,-0.04,-0.00,4.54,-7.56,-0.76,3,9,39,0,35.2901883,136.2529717,69.10, 0.19
147816,-0.19,-0.56,9.41,1.00,-0.03,0.00,0.00,0.53,3.10,0.11,10.60,0.00,0,2,1002.83,35.35,93.39,1002.84,31.95,92.31,0.65,1002.21,33.40,98.42,-0.03,0.24,112.41,310.34,7931,0.90,1.31,9.51,1.00,0.07,-0.04,-0.00,4.54,-7.56,-0.76,3,9,39,0,35.2901883,136.2529717,69.10, 0.19
147867,-0.19,-0.59,9.39,1.00,-0.03,0.00,0.00,0.49,3.06,0.11,10.60,0.00,0,2,1002.83,35.34,93.39,1002.84,31.95,92.30,0.64,1002.21,33.40,98.40,-0.03,0.24,112.15,310.34,7930,0.83,1.49,9.62,1.00,0.07,-0.04,-0.00,4.54,-7.56,-0.76,3,9,39,0,35.2901883,136.2529717,69.10, 0.19
147924,-0.15,-0.51,9.36,1.00,-0.03,0.00,0.00,0.47,3.04,0.11,10.60,0.00,0,2,1002.83,35.35,93.37,1002.84,31.94,92.34,0.64,1002.21,33.40,98.43,-0.03,0.24,112.32,310.34,7931,0.73,1.36,9.55,1.00,0.07,-0.04,-0.00,4.54,-7.56,-0.76,3,9,39,0,35.2901883,136.2529717,69.10, 0.19
147977,-0.05,-0.45,9.59,1.00,-0.03,0.00,0.00,0.43,3.04,0.11,10.61,0.00,0,2,1002.83,35.35,93.39,1002.84,31.95,92.28,0.64,1002.20,33.40,98.45,-0.03,0.24,111.27,310.34,7932,0.76,1.21,9.54,1.00,0.07,-0.04,-0.00,4.54,-7.56,-0.76,3,9,39,0,35.2901883,136.2529717,69.10, 0.19
148035,-0.03,-0.30,10.13,1.00,-0.03,0.00,0.00,0.42,3.04,0.11,10.59,0.00,0,2,1002.83,35.35,93.37,1002.84,31.94,92.28,0.64,1002.21,33.39,98.43,-0.03,0.24,110.57,310.34,7931,0.80,1.07,9.48,1.00,0.07,-0.04,-0.00,4.54,-7.55,-0.76,3,9,39,0,35.2901883,136.2529717,69.10, 0.19
148087,-0.07,-0.59,9.73,1.00,-0.03,0.00,0.00,0.42,3.04,0.11,10.60,0.00,0,2,1002.83,35.34,93.38,1002.84,31.93,92.35,0.64,1002.21,33.41,98.36,-0.03,0.24,111.45,310.34,7931,0.62,1.36,9.57,1.00,0.07,-0.04,-0.00,4.54,-7.54,-0.75,3,9,39,0,35.2901883,136.2529717,69.10, 0.19
148142,0.00,-0.45,9.70,1.00,-0.03,0.00,0.00,0.41,3.01,0.12,10.59,0.00,0,2,1002.84,35.35,93.36,1002.84,31.95,92.28,0.64,1002.21,33.40,98.36,-0.03,0.24,111.53,310.34,7931,0.90,1.28,9.57,1.00,0.07,-0.04,-0.00,4.51,-7.53,-0.76,3,9,39,0,35.2901883,136.2529717,69.10, 0.19
148197,-0.03,-0.41,9.49,1.00,-0.03,0.00,0.00,0.34,2.98,0.11,10.59,0.00,0,2,1002.84,35.35,93.36,1002.84,31.94,92.32,0.64,1002.21,33.39,98.38,-0.05,0.29,111.18,310.34,7931,0.99,1.38,9.58,1.00,0.07,-0.04,-0.00,4.51,-7.52,-0.77,3,9,39,0,35.2901883,136.2529717,69.10, 0.19
148254,-0.03,-0.47,9.59,1.00,-0.03,0.00,0.00,0.32,2.94,0.11,10.58,0.00,0,2,1002.84,35.34,93.36,1002.84,31.95,92.30,0.64,1002.21,33.40,98.42,-0.03,0.24,110.57,310.34,7930,0.67,1.33,9.56,1.00,0.07,-0.04,-0.00,4.51,-7.52,-0.77,3,9,39,0,35.2901883,136.2529717,69.10, 0.19
148305,0.05,-0.40,9.57,1.00,-0.03,0.00,0.00,0.30,2.91,0.11,10.59,0.00,0,2,1002.83,35.33,93.38,1002.84,31.93,92.30,0.64,1002.21,33.39,98.38,-0.03,0.24,111.18,310.34,7931,0.65,1.44,9.59,1.00,0.07,-0.04,-0.00,4.52,-7.52,-0.77,3,9,39,0,35.2901883,136.2529717,69.10, 0.19
148362,-0.08,-0.46,9.61,1.00,-0.02,0.00,0.00,0.30,2.83,0.11,10.60,0.00,0,2,1002.83,35.34,93.38,1002.84,31.94,92.31,0.64,1002.21,33.40,98.40,-0.03,0.24,110.83,310.34,7931,0.67,1.29,9.58,1.00,0.07,-0.04,-0.00,4.52,-7.51,-0.77,3,9,39,0,35.2901883,136.2529717,69.10, 0.19
