217757,0.38,-1.28,9.56,1.00,-0.06,-0.02,-0.02,-2.45,7.35,-2.39,10.58,0.00,0,2,1001.17,40.62,110.26,1001.17,38.54,109.56,0.79,1000.53,38.64,115.42,1.50,1.63,98.09,314.12,7955,0.20,1.60,9.65,1.00,0.08,-0.01,-0.02,1.54,-9.71,-1.88,6,17,39,0,35.2901767,136.2529150,87.10, 0.06
217809,0.39,-1.23,9.74,1.00,-0.06,-0.02,-0.02,-2.45,7.35,-2.39,10.56,0.00,0,2,1001.16,40.62,110.31,1001.17,38.54,109.56,0.79,1000.53,38.64,115.42,1.50,1.63,98.09,314.12,7954,0.20,1.60,9.65,1.00,0.08,-0.01,-0.02,1.54,-9.71,-1.88,6,17,39,0,35.2901767,136.2529150,87.10, 0.06
217864,0.35,-1.21,9.66,1.00,-0.06,-0.02,-0.02,-2.45,7.35,-2.39,10.57,0.00,0,2,1001.16,40.62,110.32,1001.16,38.53,109.61,0.64,1000.53,38.64,115.38,1.33,1.54,98.09,314.12,7955,0.32,1.63,9.79,1.00,0.08,-0.01,-0.02,1.56,-9.71,-1.87,6,17,39,0,35.2901767,136.2529150,87.10, 0.06
217918,0.42,-1.21,9.69,1.00,-0.06,-0.02,-0.02,-2.45,7.35,-2.39,10.58,0.00,0,2,1001.17,40.61,110.29,1001.16,38.55,109.61,0.77,1000.53,38.64,115.38,1.50,1.63,98.09,314.12,7955,0.41,1.59,9.67,1.00,0.08,-0.02,-0.02,1.58,-9.70,-1.87,6,17,39,0,35.2901767,136.2529150,87.10, 0.06
217971,0.47,-1.17,9.46,1.00,-0.06,-0.02,-0.02,-2.45,7.35,-2.39,10.59,0.00,0,2,1001.16,40.61,110.31,1001.16,38.55,109.61,0.79,1000.53,38.64,115.38,1.35,1.55,98.17,314.21,7955,0.13,1.71,9.66,1.00,0.08,-0.02,-0.02,1.57,-9.70,-1.87,6,17,39,0,35.2901767,136.2529150,87.10, 0.06
218028,0.36,-1.13,9.52,1.00,-0.06,-0.02,-0.02,-2.45,7.35,-2.39,10.59,0.00,0,2,1001.17,40.62,110.30,1001.16,38.56,109.60,0.82,1000.53,38.64,115.43,0.90,1.26,98.26,314.21,7955,0.51,1.48,9.57,1.00,0.08,-0.02,-0.02,1.58,-9.69,-1.87,6,17,39,0,35.2901767,136.2529150,87.10, 0.06
218085,0.43,-1.16,9.73,1.00,-0.06,-0.02,-0.02,-2.45,7.35,-2.39,10.59,0.00,0,2,1001.16,40.61,110.31,1001.16,38.55,109.62,0.75,1000.53,38.63,115.42,1.00,1.33,98.44,314.21,7955,0.58,1.59,9.70,1.00,0.08,-0.02,-0.02,1.58,-9.69,-1.87,6,17,39,0,35.2901767,136.2529150,87.10, 0.06
218137,0.37,-1.17,9.71,1.00,-0.06,-0.02,-0.02,-2.45,7.35,-2.39,10.59,0.00,0,2,1001.16,40.61,110.31,1001.16,38.55,109.60,0.58,1000.53,38.64,115.42,1.23,1.48,98.53,314.12,7955,0.24,1.68,9.79,1.00,0.08,-0.02,-0.02,1.58,-9.69,-1.86,6,17,39,0,35.2901767,136.2529150,87.10, 0.06
218194,0.41,-1.18,9.85,1.00,-0.06,-0.02,-0.02,-2.45,7.35,-2.39,10.59,0.00,0,2,1001.16,40.61,110.31,1001.16,38.55,109.62,0.72,1000.52,38.62,115.46,0.75,1.15,98.61,314.12,7954,0.61,1.69,9.85,1.00,0.08,-0.02,-0.02,1.59,-9.69,-1.87,6,17,39,0,35.2901767,136.2529150,87.10, 0.06
218247,0.44,-1.20,9.74,1.00,-0.06,-0.02,-0.02,-2.45,7.35,-2.39,10.59,0.00,0,2,1001.16,40.60,110.31,1001.16,38.56,109.60,0.73,1000.53,38.65,115.45,0.55,0.99,98.79,314.12,7955,0.49,1.64,9.81,1.00,0.08,-0.02,-0.02,1.59,-9.69,-1.86,6,17,39,0,35.2901767,136.2529150,87.10, 0.06
218305,0.44,-1.17,9.63,1.00,-0.06,-0.02,-0.02,-2.45,7.35,-2.39,10.60,0.00,0,2,1001.16,40.62,110.34,1001.16,38.56,109.62,0.70,1000.52,38.64,115.47,1.20,1.46,98.88,314.12,7955,0.05,1.61,9.72,1.00,0.08,-0.02,-0.01,1.59,-9.69,-1.85,6,17,39,0,35.2901767,136.2529150,87.10, 0.06
218356,0.39,-1.17,9.66,1.00,-0.06,-0.02,-0.02,-2.45,7.35,-2.39,10.60,0.00,0,2,1001.16,40.60,110.30,1001.16,38.56,109.63,0.68,1000.52,38.63,115.47,1.32,1.53,99.05,314.21,7955,0.23,1.62,9.71,1.00,0.08,-0.02,-0.02,1.58,-9.69,-1.86,6,17,39,0,35.2901767,136.2529150,87.10, 0.06
218411,0.46,-1.18,9.82,1.00,-0.06,-0.02,-0.02,-2.45,7.35,-2.39,10.61,0.00,0,2,1001.16,40.61,110.35,1001.16,38.55,109.61,0.48,1000.52,38.63,115.47,1.05,1.36,99.23,314.12,7955,0.25,1.50,10.00,1.00,0.08,-0.02,-0.02,1.58,-9.68,-1.86,6,17,39,0,35.2901767,136.2529150,87.10, 0.06
218466,0.45,-1.19,10.04,1.00,-0.06,-0.02,-0.02,-2.45,7.35,-2.39,10.61,0.00,0,2,1001.16,40.61,110.35,1001.16,38.57,109.64,0.44,1000.52,38.64,115.50,0.58,1.02,99.32,314.12,7956,0.28,1.83,10.20,1.00,0.08,-0.02,-0.02,1.58,-9.69,-1.86,6,17,39,0,35.2901767,136.2529150,87.10, 0.06
218520,0.52,-1.26,9.64,1.00,-0.06,-0.02,-0.02,-2.45,7.35,-2.39,10.61,0.00,0,2,1001.17,40.62,110.29,1001.16,38.57,109.61,0.69,1000.52,38.64,115.52,0.53,0.97,99.23,314.12,7955,0.31,1.52,9.52,1.00,0.08,-0.02,-0.02,1.58,-9.66,-1.86,6,17,39,0,35.2901767,136.2529150,87.10, 0.06
218578,0.34,-1.11,9.23,1.00,-0.06,-0.02,-0.02,-2.45,7.35,-2.39,10.61,0.00,0,2,1001.17,40.61,110.28,1001.16,38.57,109.64,0.81,1000.52,38.63,115.52,0.62,1.04,99.32,314.12,7956,0.46,1.35,9.31,1.00,0.08,-0.02,-0.02,1.58,-9.66,-1.86,6,17,39,0,35.2901767,136.2529150,87.10, 0.25
218635,0.30,-1.01,9.58,1.00,-0.06,-0.02,-0.02,-2.45,7.35,-2.39,10.60,0.00,0,2,1001.16,40.62,110.32,1001.16,38.58,109.65,0.83,1000.52,38.62,115.53,0.73,1.14,99.14,314.12,7955,0.42,1.46,9.57,1.00,0.08,-0.02,-0.02,1.58,-9.67,-1.86,6,17,39,0,35.2901767,136.2529150,87.10, 0.25
218686,0.32,-1.17,9.76,1.00,-0.06,-0.02,-0.02,-2.45,7.33,-2.39,10.60,0.00,0,2,1001.17,40.62,110.29,1001.16,38.57,109.61,0.82,1000.51,38.63,115.54,0.78,1.18,99.05,314.12,7955,0.32,1.72,9.81,1.00,0.08,-0.02,-0.01,1.59,-9.66,-1.85,6,17,40,0,35.2901750,136.2529167,87.10, 0.25
218743,0.33,-1.07,9.80,1.00,-0.06,-0.02,-0.02,-2.43,7.29,-2.39,10.60,0.00,0,2,1001.16,40.61,110.31,1001.16,38.56,109.61,0.58,1000.52,38.63,115.54,0.55,0.99,98.79,314.12,7953,0.46,1.45,9.86,1.00,0.08,-0.02,-0.01,1.59,-9.64,-1.85,6,17,40,0,35.2901750,136.2529167,87.10, 0.25
218797,0.20,-1.30,9.87,1.00,-0.06,-0.02,-0.02,-2.42,7.24,-2.39,10.60,0.00,0,2,1001.16,40.62,110.34,1001.16,38.57,109.61,0.82,1000.52,38.63,115.51,0.27,0.69,98.79,314.12,7955,0.75,1.62,9.88,1.00,0.08,-0.02,-0.02,1.60,-9.57,-1.86,6,17,40,0,35.2901750,136.2529167,87.10, 0.25
218853,0.31,-1.26,9.65,1.00,-0.06,-0.02,-0.02,-2.41,7.18,-2.39,10.60,0.00,0,2,1001.16,40.62,110.30,1001.16,38.57,109.61,0.51,1000.52,38.65,115.53,0.70,1.11,98.79,314.12,7955,0.37,1.98,9.73,1.00,0.08,-0.02,-0.02,1.59,-9.53,-1.86,6,17,40,0,35.2901750,136.2529167,87.10, 0.25
218905,0.26,-1.23,9.39,1.00,-0.06,-0.02,-0.02,-2.39,7.17,-2.39,10.60,0.00,0,2,1001.17,40.62,110.29,1001.16,38.58,109.59,0.50,1000.52,38.65,115.50,0.77,1.16,99.23,314.12,7955,0.57,1.63,9.63,1.00,0.08,-0.02,-0.02,1.59,-9.51,-1.87,6,17,40,0,35.2901750,136.2529167,87.10, 0.25
218963,0.37,-1.06,9.96,1.00,-0.06,-0.02,-0.02,-2.40,7.16,-2.39,10.60,0.00,0,2,1001.16,40.60,110.32,1001.16,38.58,109.60,0.81,1000.52,38.64,115.51,0.48,0.92,98.88,314.12,7956,0.52,1.74,9.83,1.00,0.08,-0.02,-0.02,1.59,-9.49,-1.88,6,17,40,0,35.2901750,136.2529167,87.10, 0.25
219016,0.43,-1.04,9.75,1.00,-0.06,-0.02,-0.02,-2.43,7.07,-2.39,10.59,0.00,0,2,1001.17,40.63,110.29,1001.16,38.56,109.63,0.82,1000.51,38.64,115.56,0.48,0.92,98.70,314.12,7955,-0.05,1.81,9.84,1.00,0.08,-0.01,-0.02,1.56,-9.45,-1.87,6,17,40,0,35.2901750,136.2529167,87.10, 0.25
219070,0.69,-1.14,9.85,1.00,-0.06,-0.02,-0.02,-2.45,7.07,-2.39,10.60,0.00,0,2,1001.17,40.63,110.27,1001.16,38.58,109.61,0.83,1000.51,38.64,115.59,0.62,1.04,98.35,314.12,7955,0.76,1.79,9.78,1.00,0.08,-0.01,-0.02,1.56,-9.45,-1.89,6,17,40,0,35.2901750,136.2529167,87.10, 0.25
219124,0.56,-1.26,9.42,1.00,-0.06,-0.02,-0.02,-2.53,7.05,-2.37,10.60,0.00,0,2,1001.16,40.63,110.33,1001.16,38.58,109.65,0.82,1000.52,38.63,115.54,0.78,1.18,99.05,314.12,7955,0.05,1.69,9.73,1.00,0.08,-0.01,-0.02,1.49,-9.42,-1.88,6,17,40,0,35.2901750,136.2529167,87.10, 0.25
219177,0.41,-1.04,9.11,1.00,-0.06,-0.02,-0.02,-2.58,7.00,-2.37,10.61,0.00,0,2,1001.17,40.63,110.30,1001.16,38.57,109.64,0.60,1000.52,38.64,115.52,0.98,1.32,99.23,314.12,7956,-0.15,2.28,9.86,1.00,0.08,-0.01,-0.02,1.42,-9.38,-1.86,6,17,40,0,35.2901750,136.2529167,87.10, 0.25
219235,0.50,-1.04,9.76,1.00,-0.06,-0.02,-0.02,-2.63,6.98,-2.36,10.62,0.00,0,2,1001.16,40.60,110.32,1001.16,38.58,109.64,0.55,1000.52,38.64,115.48,1.10,1.39,99.40,314.12,7955,-0.61,1.90,9.88,1.00,0.08,-0.01,-0.02,1.38,-9.36,-1.85,6,17,40,0,35.2901750,136.2529167,87.10, 0.25
219288,0.36,-1.10,9.61,1.00,-0.06,-0.02,-0.02,-2.69,6.97,-2.36,10.60,0.00,0,2,1001.16,40.60,110.31,1001.16,38.57,109.61,0.51,1000.52,38.67,115.48,0.82,1.20,99.23,314.12,7956,1.09,1.09,9.47,1.00,0.08,-0.01,-0.02,1.37,-9.34,-1.87,6,17,40,0,35.2901750,136.2529167,87.10, 0.25
219345,0.30,-0.99,9.83,1.00,-0.06,-0.02,-0.02,-2.77,6.93,-2.35,10.60,0.00,0,2,1001.16,40.61,110.36,1001.16,38.58,109.60,0.81,1000.52,38.65,115.48,0.82,1.20,99.23,314.12,7955,0.25,1.43,10.01,1.00,0.08,-0.01,-0.02,1.30,-9.34,-1.84,6,17,40,0,35.2901750,136.2529167,87.10, 0.25
219399,0.51,-1.17,9.91,1.00,-0.06,-0.02,-0.02,-2.83,6.94,-2.35,10.61,0.00,0,2,1001.16,40.61,110.31,1001.16,38.59,109.67,0.81,1000.52,38.65,115.47,1.03,1.35,99.32,314.12,7955,0.87,1.78,9.97,1.00,0.08,-0.01,-0.02,1.25,-9.37,-1.84,6,17,40,0,35.2901750,136.2529167,87.10, 0.25
219454,0.40,-1.12,9.25,1.00,-0.06,-0.02,-0.02,-2.85,6.94,-2.34,10.60,0.00,0,2,1001.16,40.60,110.30,1001.16,38.59,109.60,0.81,1000.52,38.64,115.50,1.30,1.52,99.40,314.12,7955,0.17,1.58,10.04,1.00,0.08,-0.01,-0.02,1.21,-9.35,-1.83,6,17,40,0,35.2901750,136.2529167,87.10, 0.25
219511,0.28,-1.47,9.30,1.00,-0.06,-0.02,-0.02,-2.87,6.94,-2.33,10.60,0.00,0,2,1001.16,40.61,110.33,1001.16,38.60,109.63,0.56,1000.52,38.63,115.48,0.42,0.86,99.58,314.21,7955,0.50,1.28,9.55,1.00,0.08,-0.01,-0.01,1.21,-9.35,-1.82,6,17,40,0,35.2901750,136.2529167,87.10, 0.25
219564,0.53,-1.15,9.65,1.00,-0.06,-0.02,-0.02,-2.90,6.93,-2.33,10.61,0.00,0,2,1001.16,40.62,110.36,1001.16,38.60,109.63,0.80,1000.52,38.65,115.48,0.25,0.66,100.11,314.21,7956,0.35,2.23,10.22,1.00,0.08,-0.01,-0.01,1.18,-9.35,-1.81,6,17,40,0,35.2901750,136.2529167,87.10, 0.26
219618,0.36,-1.06,9.44,1.00,-0.06,-0.02,-0.02,-2.91,6.91,-2.33,10.61,0.00,0,2,1001.17,40.61,110.29,1001.16,38.57,109.64,0.82,1000.52,38.63,115.49,0.48,0.92,100.37,314.21,7955,-0.22,1.48,9.52,1.00,0.08,-0.01,-0.01,1.18,-9.33,-1.76,6,17,40,0,35.2901750,136.2529167,87.10, 0.26
219675,0.46,-1.09,9.75,1.00,-0.06,-0.02,-0.02,-2.92,6.92,-2.33,10.60,0.00,0,2,1001.17,40.62,110.29,1001.16,38.59,109.60,0.81,1000.52,38.65,115.48,0.60,1.03,100.72,314.21,7955,-0.66,1.57,9.99,1.00,0.08,-0.01,-0.01,1.16,-9.35,-1.74,6,17,40,0,35.2901750,136.2529167,87.10, 0.26
219731,0.56,-0.93,9.73,1.00,-0.06,-0.02,-0.02,-2.93,6.86,-2.33,10.59,0.00,0,2,1001.17,40.62,110.28,1001.16,38.58,109.64,0.55,1000.52,38.64,115.51,0.63,1.06,101.78,314.21,7955,0.52,0.89,9.44,1.00,0.08,-0.01,-0.01,1.16,-9.32,-1.75,6,17,40,0,35.2901750,136.2529167,87.10, 0.26
219784,0.58,-1.09,9.90,1.00,-0.06,-0.02,-0.02,-2.94,6.83,-2.33,10.59,0.00,0,2,1001.16,40.62,110.31,1001.16,38.60,109.64,0.81,1000.52,38.63,115.49,0.35,0.79,102.74,314.21,7955,-0.70,1.96,10.19,1.00,0.08,-0.01,-0.01,1.17,-9.32,-1.70,6,17,40,0,35.2901750,136.2529167,87.10, 0.26
219842,0.52,-1.13,9.97,1.00,-0.06,-0.02,-0.02,-2.91,6.80,-2.34,10.60,0.00,0,2,1001.16,40.61,110.33,1001.16,38.61,109.62,0.81,1000.52,38.64,115.48,0.38,0.82,102.66,314.12,7953,-0.28,1.81,10.12,1.00,0.08,-0.01,-0.01,1.19,-9.27,-1.71,6,17,41,0,35.2901750,136.2529133,87.10, 0.26
219894,0.46,-1.10,9.69,1.00,-0.06,-0.02,-0.02,-2.91,6.74,-2.34,10.61,0.00,0,2,1001.16,40.61,110.31,1001.16,38.60,109.61,0.82,1000.52,38.64,115.52,0.78,1.18,102.57,314.12,7955,0.77,1.71,9.66,1.00,0.08,-0.01,-0.01,1.21,-9.23,-1.71,6,17,41,0,35.2901750,136.2529133,87.10, 0.26
219951,0.48,-1.10,9.72,1.00,-0.06,-0.02,-0.02,-2.91,6.73,-2.34,10.61,0.00,0,2,1001.16,40.61,110.31,1001.16,38.60,109.63,0.51,1000.52,38.65,115.53,1.07,1.37,103.18,314.12,7955,-0.26,1.84,10.06,1.00,0.08,-0.01,-0.01,1.21,-9.23,-1.68,6,17,41,0,35.2901750,136.2529133,87.10, 0.26
220003,0.56,-1.08,9.76,1.00,-0.06,-0.02,-0.02,-2.91,6.69,-2.34,10.60,0.00,0,2,1001.17,40.62,110.29,1001.16,38.60,109.61,0.52,1000.52,38.64,115.52,0.22,0.62,104.41,314.12,7954,-0.11,1.60,10.06,1.00,0.08,-0.01,-0.01,1.22,-9.20,-1.69,6,17,41,0,35.2901750,136.2529133,87.10, 0.26
220061,0.44,-1.12,9.74,1.00,-0.06,-0.02,-0.02,-2.90,6.68,-2.34,10.59,0.00,0,2,1001.17,40.60,110.28,1001.16,38.60,109.63,0.82,1000.52,38.65,115.51,0.18,0.57,104.24,314.12,7954,0.41,1.65,9.85,1.00,0.08,-0.01,-0.01,1.23,-9.17,-1.69,6,17,41,0,35.2901750,136.2529133,87.10, 0.26
220113,0.47,-1.15,9.62,1.00,-0.06,-0.02,-0.02,-2.88,6.68,-2.34,10.59,0.00,0,2,1001.16,40.60,110.30,1001.17,38.60,109.59,0.53,1000.52,38.65,115.48,0.20,0.59,104.24,314.12,7954,-0.16,1.72,9.78,1.00,0.08,-0.01,-0.01,1.24,-9.17,-1.66,6,17,41,0,35.2901750,136.2529133,87.10, 0.26
220167,0.48,-1.01,9.49,1.00,-0.06,-0.02,-0.02,-2.86,6.68,-2.34,10.58,0.00,0,2,1001.17,40.62,110.28,1001.16,38.61,109.58,0.51,1000.52,38.64,115.52,0.62,1.04,104.41,314.12,7955,-0.19,1.62,9.70,1.00,0.08,-0.01,-0.01,1.26,-9.15,-1.65,6,17,41,0,35.2901750,136.2529133,87.10, 0.26
220222,0.47,-0.92,9.50,1.00,-0.06,-0.02,-0.02,-2.86,6.67,-2.34,10.58,0.00,0,2,1001.17,40.62,110.29,1001.16,38.60,109.61,0.51,1000.53,38.66,115.45,0.95,1.30,104.59,314.12,7956,0.35,1.22,9.55,1.00,0.08,-0.01,-0.01,1.29,-9.13,-1.65,6,17,41,0,35.2901750,136.2529133,87.10, 0.26
220280,0.34,-0.94,9.78,1.00,-0.06,-0.02,-0.02,-2.84,6.64,-2.34,10.58,0.00,0,2,1001.17,40.62,110.29,1001.16,38.62,109.63,0.81,1000.52,38.66,115.47,0.83,1.21,104.77,314.12,7955,0.19,1.60,9.86,1.00,0.08,-0.01,-0.01,1.31,-9.09,-1.65,6,17,41,0,35.2901750,136.2529133,87.10, 0.26
220333,0.40,-1.03,9.48,1.00,-0.06,-0.02,-0.02,-2.83,6.64,-2.35,10.59,0.00,0,2,1001.17,40.61,110.29,1001.16,38.62,109.63,0.51,1000.52,38.65,115.48,1.00,1.33,105.12,314.12,7955,0.37,1.30,9.37,1.00,0.08,-0.01,-0.01,1.33,-9.09,-1.64,6,17,41,0,35.2901750,136.2529133,87.10, 0.26
220389,0.37,-0.93,9.96,1.00,-0.06,-0.02,-0.02,-2.81,6.62,-2.35,10.59,0.00,0,2,1001.16,40.62,110.31,1001.16,38.63,109.64,0.81,1000.52,38.65,115.47,0.98,1.32,105.47,314.12,7954,0.75,1.70,9.86,1.00,0.08,-0.01,-0.01,1.34,-9.10,-1.64,6,17,41,0,35.2901750,136.2529133,87.10, 0.26
220443,0.33,-0.99,9.67,1.00,-0.06,-0.02,-0.02,-2.80,6.61,-2.35,10.60,0.00,0,2,1001.16,40.60,110.30,1001.16,38.61,109.59,0.80,1000.52,38.65,115.47,1.12,1.41,103.89,314.12,7956,0.71,1.24,9.52,1.00,0.08,-0.01,-0.01,1.34,-9.07,-1.63,6,17,41,0,35.2901750,136.2529133,87.10, 0.26
220501,0.46,-1.09,10.07,1.00,-0.06,-0.02,-0.02,-2.79,6.62,-2.35,10.60,0.00,0,2,1001.16,40.62,110.31,1001.16,38.62,109.63,0.80,1000.52,38.64,115.50,0.63,1.06,103.62,314.12,7955,0.01,1.84,10.16,1.00,0.08,-0.01,-0.01,1.35,-9.09,-1.61,6,17,41,0,35.2901750,136.2529133,87.10, 0.26
220553,0.37,-1.04,9.96,1.00,-0.06,-0.02,-0.02,-2.78,6.62,-2.35,10.60,0.00,0,2,1001.17,40.61,110.30,1001.16,38.62,109.64,0.54,1000.52,38.65,115.52,1.12,1.41,104.24,314.21,7954,0.86,1.65,10.05,1.00,0.08,-0.01,-0.01,1.35,-9.09,-1.62,6,17,41,0,35.2901750,136.2529133,87.10, 0.26
220610,0.50,-1.16,9.44,1.00,-0.06,-0.02,-0.02,-2.77,6.62,-2.35,10.61,0.00,0,2,1001.16,40.60,110.30,1001.16,38.62,109.62,0.80,1000.52,38.65,115.49,1.15,1.43,104.77,314.12,7955,0.31,1.30,9.54,1.00,0.08,-0.01,-0.01,1.37,-9.09,-1.60,6,17,41,0,35.2901750,136.2529133,87.10, 0.26
220661,0.34,-1.13,9.76,1.00,-0.06,-0.02,-0.02,-2.77,6.62,-2.35,10.60,0.00,0,2,1001.16,40.62,110.33,1001.17,38.61,109.63,0.80,1000.52,38.64,115.46,1.03,1.35,104.77,314.12,7956,0.18,1.19,9.69,1.00,0.08,-0.01,-0.01,1.39,-9.11,-1.60,6,17,41,0,35.2901750,136.2529133,87.10, 0.27
220714,0.43,-1.26,9.85,1.00,-0.06,-0.02,-0.02,-2.76,6.63,-2.35,10.59,0.00,0,2,1001.16,40.61,110.32,1001.17,38.61,109.58,0.80,1000.53,38.64,115.45,1.05,1.36,104.77,314.12,7955,1.00,1.63,9.80,1.00,0.08,-0.01,-0.01,1.39,-9.11,-1.61,6,17,41,0,35.2901750,136.2529133,87.10, 0.27
220771,0.47,-1.11,9.80,1.00,-0.06,-0.02,-0.02,-2.75,6.64,-2.35,10.58,0.00,0,2,1001.16,40.61,110.31,1001.16,38.62,109.63,0.52,1000.53,38.65,115.44,1.30,1.52,104.68,314.12,7956,0.28,1.32,9.80,1.00,0.08,-0.01,-0.01,1.40,-9.11,-1.58,6,17,42,0,35.2901733,136.2529183,87.10, 0.27
220823,0.52,-0.96,9.66,1.00,-0.06,-0.02,-0.02,-2.75,6.64,-2.35,10.58,0.00,0,2,1001.17,40.62,110.28,1001.17,38.62,109.60,0.80,1000.53,38.64,115.43,1.37,1.55,104.68,314.12,7955,0.53,1.66,9.84,1.00,0.08,-0.01,-0.01,1.40,-9.12,-1.59,6,17,42,0,35.2901733,136.2529183,87.10, 0.27
220880,0.39,-0.92,9.24,1.00,-0.06,-0.02,-0.02,-2.75,6.62,-2.35,10.57,0.00,0,2,1001.17,40.61,110.27,1001.16,38.61,109.62,0.80,1000.52,38.64,115.50,1.52,1.64,104.77,314.12,7955,0.54,1.03,9.52,1.00,0.08,-0.01,-0.01,1.39,-9.10,-1.58,6,17,42,0,35.2901733,136.2529183,87.10, 0.27
220931,0.72,-0.63,10.27,1.00,-0.06,-0.02,-0.02,-2.75,6.61,-2.35,10.57,0.00,0,2,1001.16,40.60,110.31,1001.16,38.63,109.63,0.56,1000.53,38.64,115.45,1.37,1.55,104.77,314.12,7955,-0.54,1.29,9.99,1.00,0.08,-0.01,-0.01,1.39,-9.11,-1.60,6,17,42,0,35.2901733,136.2529183,87.10, 0.27
220988,0.22,-0.98,9.32,1.00,-0.06,-0.02,-0.02,-2.71,6.60,-2.36,10.58,0.00,0,2,1001.17,40.62,110.27,1001.16,38.62,109.63,0.80,1000.52,38.64,115.46,1.62,1.69,104.77,314.12,7955,1.93,0.84,9.26,1.00,0.08,-0.01,-0.01,1.43,-9.08,-1.64,6,17,42,0,35.2901733,136.2529183,87.10, 0.27
221041,0.45,-1.04,10.11,1.00,-0.06,-0.02,-0.02,-2.68,6.62,-2.36,10.60,0.00,0,2,1001.17,40.61,110.28,1001.16,38.61,109.62,0.80,1000.53,38.65,115.43,1.88,1.83,104.94,314.12,7956,1.01,1.49,9.80,1.00,0.08,-0.01,-0.01,1.44,-9.11,-1.63,6,17,42,0,35.2901733,136.2529183,87.10, 0.27
221098,0.14,-1.12,9.28,1.00,-0.06,-0.02,-0.02,-2.65,6.62,-2.37,10.60,0.00,0,2,1001.16,40.61,110.33,1001.16,38.62,109.63,0.80,1000.53,38.64,115.45,2.03,1.90,104.94,314.12,7954,-0.39,1.61,10.07,1.00,0.08,-0.01,-0.01,1.48,-9.11,-1.63,6,17,42,0,35.2901733,136.2529183,87.10, 0.27
221151,0.41,-1.06,9.80,1.00,-0.06,-0.02,-0.02,-2.63,6.63,-2.37,10.60,0.00,0,2,1001.17,40.60,110.29,1001.17,38.63,109.59,0.80,1000.53,38.64,115.45,1.82,1.79,104.85,314.12,7956,1.67,1.03,9.62,1.00,0.08,-0.01,-0.01,1.48,-9.10,-1.65,6,17,42,0,35.2901733,136.2529183,87.10, 0.27
221207,0.51,-1.10,10.15,1.00,-0.06,-0.02,-0.02,-2.63,6.65,-2.37,10.59,0.00,0,2,1001.17,40.60,110.28,1001.16,38.63,109.63,0.55,1000.52,38.64,115.47,1.73,1.75,105.03,314.12,7955,1.26,1.82,9.86,1.00,0.08,-0.01,-0.01,1.49,-9.12,-1.66,6,17,42,0,35.2901733,136.2529183,87.10, 0.27
221260,0.43,-0.95,9.94,1.00,-0.06,-0.02,-0.02,-2.62,6.64,-2.37,10.59,0.00,0,2,1001.16,40.61,110.31,1001.16,38.63,109.61,0.80,1000.53,38.66,115.46,1.20,1.46,105.21,314.12,7955,-0.48,1.63,10.20,1.00,0.08,-0.01,-0.01,1.53,-9.12,-1.62,6,17,42,0,35.2901733,136.2529183,87.10, 0.27
221313,0.45,-0.88,9.79,1.00,-0.06,-0.02,-0.02,-2.60,6.60,-2.37,10.60,0.00,0,2,1001.17,40.61,110.28,1001.16,38.63,109.63,0.80,1000.52,38.65,115.50,1.30,1.52,105.21,314.12,7955,0.08,1.60,9.93,1.00,0.08,-0.01,-0.01,1.55,-9.10,-1.61,6,17,42,0,35.2901733,136.2529183,87.10, 0.27
221369,0.46,-0.98,9.96,1.00,-0.06,-0.02,-0.02,-2.60,6.56,-2.38,10.60,0.00,0,2,1001.17,40.61,110.28,1001.16,38.64,109.60,0.80,1000.52,38.65,115.48,0.92,1.27,105.56,314.12,7955,-0.72,1.86,10.34,1.00,0.08,-0.01,-0.01,1.57,-9.09,-1.62,6,17,42,0,35.2901733,136.2529183,87.10, 0.27
221426,0.41,-1.08,9.54,1.00,-0.06,-0.02,-0.02,-2.58,6.56,-2.37,10.61,0.00,0,2,1001.17,40.62,110.24,1001.17,38.63,109.59,0.52,1000.52,38.66,115.47,0.75,1.15,106.61,314.12,7954,-0.70,1.69,9.65,1.00,0.08,-0.01,-0.01,1.59,-9.08,-1.61,6,17,42,0,35.2901733,136.2529183,87.10, 0.27
221479,0.45,-0.90,9.84,1.00,-0.06,-0.02,-0.02,-2.58,6.55,-2.38,10.60,0.00,0,2,1001.17,40.60,110.28,1001.16,38.64,109.62,0.80,1000.53,38.66,115.44,0.27,0.69,108.02,314.12,7955,0.43,1.10,9.71,1.00,0.08,-0.01,-0.01,1.59,-9.08,-1.63,6,17,42,0,35.2901733,136.2529183,87.10, 0.27
221537,0.43,-0.98,9.61,1.00,-0.06,-0.02,-0.02,-2.59,6.51,-2.38,10.60,0.00,0,2,1001.17,40.62,110.29,1001.16,38.65,109.65,0.53,1000.52,38.66,115.50,0.62,1.04,109.34,314.21,7955,1.36,1.15,9.48,1.00,0.08,-0.02,-0.01,1.60,-9.07,-1.65,6,17,42,0,35.2901733,136.2529183,87.10, 0.27
221589,0.43,-1.25,9.55,1.00,-0.06,-0.02,-0.02,-2.59,6.51,-2.38,10.60,0.00,0,2,1001.17,40.62,110.24,1001.17,38.64,109.64,0.80,1000.52,38.67,115.52,0.68,1.10,109.95,314.21,7955,-0.30,1.94,9.82,1.00,0.08,-0.02,-0.01,1.61,-9.08,-1.63,6,17,42,0,35.2901733,136.2529183,87.10, 0.27
221647,0.27,-1.07,9.50,1.00,-0.06,-0.02,-0.02,-2.58,6.50,-2.38,10.61,0.00,0,2,1001.17,40.61,110.26,1001.16,38.64,109.64,0.79,1000.52,38.64,115.52,0.48,0.92,110.65,314.21,7955,0.71,1.24,9.57,1.00,0.08,-0.02,-0.01,1.61,-9.04,-1.65,6,17,42,0,35.2901733,136.2529183,87.10, 0.24
221699,0.43,-0.99,9.52,1.00,-0.06,-0.02,-0.02,-2.57,6.47,-2.38,10.61,0.00,0,2,1001.17,40.61,110.27,1001.16,38.63,109.63,0.80,1000.52,38.66,115.53,0.30,0.73,110.13,314.21,7956,1.05,1.20,9.34,1.00,0.08,-0.02,-0.01,1.62,-9.04,-1.65,6,17,42,0,35.2901733,136.2529183,87.10, 0.24
221758,0.33,-0.93,9.92,1.00,-0.06,-0.02,-0.02,-2.54,6.51,-2.38,10.60,0.00,0,2,1001.17,40.62,110.26,1001.17,38.65,109.59,0.52,1000.52,38.67,115.50,0.33,0.77,109.51,314.21,7955,1.10,1.89,10.04,1.00,0.08,-0.02,-0.01,1.63,-9.08,-1.66,6,17,43,0,35.2901733,136.2529133,87.10, 0.24
221811,0.57,-0.58,10.09,1.00,-0.06,-0.02,-0.02,-2.55,6.49,-2.39,10.60,0.00,0,2,1001.17,40.61,110.28,1001.17,38.64,109.60,0.80,1000.52,38.66,115.51,-0.07,0.34,107.23,314.21,7954,0.58,0.41,9.65,1.00,0.08,-0.02,-0.01,1.63,-9.04,-1.67,6,17,43,0,35.2901733,136.2529133,87.10, 0.24
221868,0.44,-0.95,10.40,1.00,-0.06,-0.02,-0.02,-2.55,6.49,-2.39,10.60,0.00,0,2,1001.16,40.62,110.31,1001.16,38.64,109.62,0.80,1000.52,38.66,115.47,0.40,0.84,104.24,314.21,7956,0.54,1.96,10.38,1.00,0.08,-0.02,-0.01,1.63,-9.06,-1.66,6,17,43,0,35.2901733,136.2529133,87.10, 0.24
221926,0.31,-1.00,9.68,1.00,-0.06,-0.02,-0.02,-2.53,6.47,-2.39,10.60,0.00,0,2,1001.17,40.62,110.23,1001.17,38.65,109.60,0.52,1000.52,38.65,115.50,0.13,0.49,101.78,314.21,7955,0.59,0.85,9.53,1.00,0.08,-0.02,-0.01,1.67,-9.01,-1.66,6,17,43,0,35.2901733,136.2529133,87.10, 0.24
221979,0.33,-0.73,9.80,1.00,-0.06,-0.02,-0.02,-2.48,6.47,-2.39,10.60,0.00,0,2,1001.16,40.62,110.30,1001.16,38.66,109.63,0.55,1000.52,38.66,115.47,0.48,0.92,101.34,314.21,7955,0.58,1.19,9.67,1.00,0.08,-0.02,-0.01,1.71,-8.98,-1.64,6,17,43,0,35.2901733,136.2529133,87.10, 0.24
222035,0.17,-0.89,9.22,1.00,-0.06,-0.02,-0.02,-2.44,6.44,-2.39,10.59,0.00,0,2,1001.17,40.61,110.24,1001.17,38.66,109.59,0.81,1000.53,38.66,115.46,0.50,0.94,101.25,314.21,7955,-0.20,1.78,9.48,1.00,0.08,-0.02,-0.01,1.72,-9.00,-1.63,6,17,43,0,35.2901733,136.2529133,87.10, 0.24
222089,0.28,-1.14,9.41,1.00,-0.06,-0.02,-0.02,-2.40,6.47,-2.40,10.58,0.00,0,2,1001.17,40.61,110.26,1001.17,38.66,109.58,0.54,1000.52,38.66,115.49,0.12,0.45,101.25,314.21,7956,0.73,1.19,9.22,1.00,0.08,-0.02,-0.01,1.76,-9.00,-1.65,6,17,43,0,35.2901733,136.2529133,87.10, 0.24
222144,0.05,-1.08,9.23,1.00,-0.06,-0.02,-0.02,-2.38,6.52,-2.40,10.58,0.00,0,2,1001.17,40.62,110.24,1001.17,38.66,109.59,0.51,1000.53,38.65,115.45,0.70,1.11,101.34,314.21,7954,1.20,1.33,9.43,1.00,0.08,-0.02,-0.01,1.77,-9.06,-1.64,6,17,43,0,35.2901733,136.2529133,87.10, 0.24
222198,0.09,-1.51,9.43,1.00,-0.06,-0.02,-0.02,-2.29,6.61,-2.41,10.58,0.00,0,2,1001.18,40.62,110.20,1001.17,38.66,109.59,0.51,1000.52,38.65,115.48,0.65,1.07,101.43,314.21,7955,0.18,1.81,9.61,1.00,0.08,-0.02,-0.01,1.83,-9.16,-1.63,6,17,43,0,35.2901733,136.2529133,87.10, 0.24
222255,-0.01,-1.49,9.58,1.00,-0.06,-0.02,-0.02,-2.30,6.67,-2.40,10.58,0.00,0,2,1001.16,40.62,110.31,1001.17,38.66,109.61,0.55,1000.53,38.65,115.44,0.40,0.84,101.78,314.21,7956,1.35,0.82,9.85,1.00,0.08,-0.02,-0.01,1.83,-9.21,-1.62,6,17,43,0,35.2901733,136.2529133,87.10, 0.24
222309,0.16,-1.30,9.28,1.00,-0.06,-0.02,-0.02,-2.31,6.73,-2.41,10.58,0.00,0,2,1001.17,40.61,110.26,1001.17,38.66,109.57,0.79,1000.53,38.66,115.45,0.25,0.66,102.04,314.21,7955,0.54,1.69,10.02,1.00,0.08,-0.02,-0.01,1.83,-9.26,-1.62,6,17,43,0,35.2901733,136.2529133,87.10, 0.24
222361,0.14,-1.04,9.98,1.00,-0.06,-0.02,-0.02,-2.31,6.76,-2.41,10.59,0.00,0,2,1001.16,40.61,110.31,1001.17,38.66,109.60,0.51,1000.53,38.65,115.43,0.00,0.00,101.95,314.21,7953,0.16,1.52,10.20,1.00,0.08,-0.02,-0.01,1.81,-9.30,-1.62,6,17,43,0,35.2901733,136.2529133,87.10, 0.24
222417,0.38,-1.04,10.07,1.00,-0.06,-0.02,-0.02,-2.39,6.73,-2.40,10.58,0.00,0,2,1001.16,40.61,110.30,1001.17,38.67,109.63,0.79,1000.53,38.64,115.41,0.15,0.52,101.87,314.30,7955,0.70,0.80,9.78,1.00,0.08,-0.02,-0.01,1.77,-9.24,-1.61,6,17,43,0,35.2901733,136.2529133,87.10, 0.24
222473,0.57,-1.26,9.98,1.00,-0.06,-0.02,-0.02,-2.39,6.73,-2.40,10.60,0.00,0,2,1001.17,40.61,110.26,1001.16,38.66,109.63,0.54,1000.53,38.65,115.41,0.22,0.62,102.04,314.21,7955,1.34,1.57,10.06,1.00,0.08,-0.02,-0.01,1.78,-9.22,-1.61,6,17,43,0,35.2901733,136.2529133,87.10, 0.24
222526,0.61,-1.08,10.29,1.00,-0.06,-0.02,-0.02,-2.45,6.66,-2.39,10.61,0.00,0,2,1001.16,40.60,110.32,1001.17,38.67,109.60,0.79,1000.52,38.65,115.48,0.27,0.69,101.60,314.21,7954,0.49,1.78,10.22,1.00,0.08,-0.02,-0.01,1.74,-9.19,-1.56,6,17,43,0,35.2901733,136.2529133,87.10, 0.24
222583,0.32,-0.93,9.72,1.00,-0.06,-0.02,-0.02,-2.50,6.58,-2.38,10.61,0.00,0,2,1001.16,40.60,110.31,1001.16,38.67,109.65,0.79,1000.52,38.64,115.50,0.52,0.96,100.81,314.21,7955,0.89,1.31,9.95,1.00,0.08,-0.02,-0.01,1.69,-9.07,-1.59,6,17,43,0,35.2901733,136.2529133,87.10, 0.24
222637,0.31,-1.21,9.56,1.00,-0.06,-0.02,-0.02,-2.55,6.45,-2.39,10.61,0.00,0,2,1001.17,40.61,110.27,1001.17,38.67,109.60,0.80,1000.52,38.65,115.50,0.78,1.18,100.02,314.21,7956,0.58,1.61,9.61,1.00,0.08,-0.02,-0.01,1.64,-8.94,-1.59,6,17,43,0,35.2901733,136.2529133,87.10, 0.16
222691,0.30,-1.07,9.56,1.00,-0.06,-0.02,-0.02,-2.56,6.35,-2.39,10.61,0.00,0,2,1001.17,40.60,110.29,1001.17,38.66,109.60,0.82,1000.53,38.65,115.44,0.98,1.32,99.67,314.21,7953,0.69,1.54,9.47,1.00,0.08,-0.02,-0.01,1.62,-8.88,-1.59,6,17,43,0,35.2901733,136.2529133,87.10, 0.16
222745,0.26,-1.01,9.75,1.00,-0.05,-0.02,-0.02,-2.55,6.24,-2.38,10.59,0.00,0,2,1001.17,40.60,110.29,1001.17,38.68,109.61,0.81,1000.53,38.65,115.44,1.25,1.49,98.70,314.21,7955,0.96,0.98,9.40,1.00,0.08,-0.02,-0.01,1.60,-8.77,-1.60,6,17,44,0,35.2901750,136.2529133,87.10, 0.16
222798,0.39,-0.91,9.51,1.00,-0.05,-0.02,-0.02,-2.55,6.14,-2.39,10.60,0.00,0,2,1001.17,40.62,110.28,1001.17,38.68,109.61,0.83,1000.52,38.66,115.49,1.18,1.45,98.09,314.21,7956,0.05,1.55,9.60,1.00,0.08,-0.01,-0.01,1.59,-8.66,-1.59,6,17,44,0,35.2901750,136.2529133,87.10, 0.16
222854,0.31,-0.85,9.35,1.00,-0.05,-0.02,-0.02,-2.54,6.05,-2.39,10.60,0.00,0,2,1001.17,40.62,110.26,1001.17,38.68,109.63,0.81,1000.52,38.66,115.49,1.23,1.48,97.47,314.21,7956,-0.07,1.61,9.72,1.00,0.07,-0.01,-0.01,1.59,-8.56,-1.57,6,17,44,0,35.2901750,136.2529133,87.10, 0.16
222905,0.28,-0.67,9.60,1.00,-0.05,-0.02,-0.02,-2.51,5.91,-2.39,10.61,0.00,0,2,1001.17,40.62,110.27,1001.16,38.66,109.64,0.53,1000.52,38.66,115.49,0.28,0.71,97.65,314.21,7955,0.86,0.98,9.51,1.00,0.07,-0.01,-0.01,1.59,-8.51,-1.59,6,17,44,0,35.2901750,136.2529133,87.10, 0.16
222960,0.35,-0.90,9.19,1.00,-0.05,-0.02,-0.02,-2.49,5.78,-2.39,10.60,0.00,0,2,1001.17,40.60,110.27,1001.17,38.68,109.61,0.81,1000.53,38.66,115.43,0.55,0.99,97.82,314.21,7955,0.05,1.11,9.14,1.00,0.07,-0.01,-0.01,1.59,-8.43,-1.58,6,17,44,0,35.2901750,136.2529133,87.10, 0.16
223017,0.25,-1.04,9.86,1.00,-0.05,-0.02,-0.02,-2.47,5.76,-2.39,10.60,0.00,0,2,1001.16,40.61,110.31,1001.16,38.68,109.63,0.82,1000.53,38.67,115.41,0.75,1.15,97.91,314.21,7956,-0.23,1.39,9.86,1.00,0.07,-0.01,-0.01,1.58,-8.40,-1.57,6,17,44,0,35.2901750,136.2529133,87.10, 0.16
223073,0.22,-0.94,9.76,1.00,-0.05,-0.02,-0.02,-2.47,5.74,-2.39,10.61,0.00,0,2,1001.17,40.61,110.28,1001.16,38.67,109.62,0.82,1000.53,38.66,115.44,0.82,1.20,98.00,314.21,7955,0.90,2.08,10.19,1.00,0.07,-0.01,-0.01,1.56,-8.42,-1.59,6,17,44,0,35.2901750,136.2529133,87.10, 0.16
223124,0.43,-1.05,10.08,1.00,-0.05,-0.02,-0.02,-2.52,5.74,-2.39,10.61,0.00,0,2,1001.17,40.62,110.27,1001.16,38.68,109.64,0.53,1000.53,38.65,115.44,0.53,0.97,97.91,314.21,7956,-0.45,1.15,10.04,1.00,0.07,-0.01,-0.01,1.53,-8.41,-1.56,6,17,44,0,35.2901750,136.2529133,87.10, 0.16
223182,0.26,-0.98,9.72,1.00,-0.05,-0.02,-0.02,-2.49,5.78,-2.39,10.60,0.00,0,2,1001.17,40.62,110.26,1001.17,38.68,109.61,0.83,1000.53,38.66,115.44,0.23,0.64,98.09,314.21,7955,0.68,2.48,10.12,1.00,0.07,-0.01,-0.01,1.53,-8.47,-1.59,6,17,44,0,35.2901750,136.2529133,87.10, 0.16
223235,0.33,-0.84,9.59,1.00,-0.05,-0.02,-0.02,-2.49,5.79,-2.39,10.60,0.00,0,2,1001.17,40.61,110.28,1001.16,38.68,109.63,0.81,1000.53,38.66,115.46,0.40,0.84,98.17,314.21,7955,0.01,0.86,9.47,1.00,0.07,-0.01,-0.01,1.54,-8.47,-1.59,6,17,44,0,35.2901750,136.2529133,87.10, 0.16
223292,0.27,-0.90,9.50,1.00,-0.05,-0.02,-0.02,-2.46,5.84,-2.39,10.59,0.00,0,2,1001.17,40.61,110.26,1001.17,38.68,109.58,0.55,1000.53,38.67,115.45,0.65,1.07,98.70,314.21,7956,-0.08,1.46,9.90,1.00,0.07,-0.01,-0.01,1.54,-8.54,-1.61,6,17,44,0,35.2901750,136.2529133,87.10, 0.16
223345,0.31,-0.79,9.67,1.00,-0.05,-0.02,-0.02,-2.47,5.81,-2.40,10.61,0.00,0,2,1001.17,40.61,110.28,1001.16,38.67,109.63,0.83,1000.53,38.67,115.47,0.62,1.04,99.23,314.21,7955,0.35,1.05,9.70,1.00,0.07,-0.01,-0.01,1.54,-8.54,-1.62,6,17,44,0,35.2901750,136.2529133,87.10, 0.16
223402,0.39,-0.82,9.83,1.00,-0.05,-0.02,-0.02,-2.45,5.81,-2.40,10.61,0.00,0,2,1001.16,40.61,110.31,1001.16,38.66,109.63,0.82,1000.52,38.66,115.49,0.27,0.69,99.14,314.21,7955,-0.09,0.97,9.94,1.00,0.07,-0.01,-0.01,1.55,-8.56,-1.61,6,17,44,0,35.2901750,136.2529133,87.10, 0.16
223455,0.33,-1.08,9.48,1.00,-0.05,-0.02,-0.02,-2.44,5.81,-2.40,10.62,0.00,0,2,1001.17,40.60,110.27,1001.17,38.68,109.61,0.82,1000.52,38.66,115.53,0.85,1.23,99.05,314.21,7955,-0.04,1.79,10.01,1.00,0.07,-0.01,-0.01,1.55,-8.61,-1.63,6,17,44,0,35.2901750,136.2529133,87.10, 0.16
223509,0.41,-0.73,9.85,1.00,-0.05,-0.02,-0.02,-2.44,5.79,-2.40,10.61,0.00,0,2,1001.16,40.61,110.31,1001.16,38.68,109.63,0.82,1000.52,38.66,115.49,0.13,0.49,99.05,314.21,7955,-0.09,1.48,9.89,1.00,0.07,-0.01,-0.01,1.55,-8.59,-1.63,6,17,44,0,35.2901750,136.2529133,87.10, 0.16
223565,0.40,-0.77,9.76,1.00,-0.05,-0.02,-0.02,-2.45,5.77,-2.40,10.61,0.00,0,2,1001.17,40.60,110.27,1001.17,38.68,109.61,0.82,1000.52,38.66,115.51,0.37,0.81,99.14,314.21,7955,0.44,1.97,10.23,1.00,0.07,-0.01,-0.01,1.55,-8.62,-1.63,6,17,44,0,35.2901750,136.2529133,87.10, 0.16
223623,0.45,-0.98,10.07,1.00,-0.05,-0.02,-0.02,-2.44,5.75,-2.40,10.62,0.00,0,2,1001.16,40.60,110.34,1001.16,38.67,109.63,0.81,1000.52,38.66,115.50,0.17,0.54,99.84,314.12,7956,0.13,1.44,9.92,1.00,0.07,-0.01,-0.01,1.55,-8.59,-1.62,6,17,44,0,35.2901750,136.2529133,87.10, 0.16
223679,0.31,-0.93,9.70,1.00,-0.05,-0.02,-0.02,-2.44,5.76,-2.40,10.61,0.00,0,2,1001.17,40.62,110.29,1001.17,38.68,109.62,0.81,1000.52,38.66,115.49,0.08,0.38,102.30,314.12,7955,0.50,1.88,9.91,1.00,0.07,-0.01,-0.01,1.55,-8.61,-1.64,6,17,44,0,35.2901750,136.2529133,87.10, 0.16
223734,0.35,-0.72,9.68,1.00,-0.05,-0.02,-0.02,-2.43,5.73,-2.40,10.61,0.00,0,2,1001.17,40.62,110.29,1001.16,38.68,109.66,0.81,1000.52,38.67,115.48,0.22,0.62,103.71,314.12,7955,0.82,0.93,9.61,1.00,0.07,-0.01,-0.01,1.55,-8.60,-1.64,6,17,44,0,35.2901750,136.2529133,87.10, 0.16
223787,0.40,-0.79,9.91,1.00,-0.05,-0.02,-0.02,-2.42,5.70,-2.40,10.60,0.00,0,2,1001.17,40.61,110.28,1001.16,38.69,109.66,0.81,1000.52,38.67,115.48,0.53,0.97,105.82,314.12,7955,0.09,1.43,9.93,1.00,0.07,-0.01,-0.01,1.55,-8.59,-1.65,6,17,45,0,35.2901750,136.2529150,87.20, 0.16
223844,0.37,-0.90,9.96,1.00,-0.05,-0.02,-0.02,-2.41,5.68,-2.40,10.60,0.00,0,2,1001.17,40.62,110.27,1001.17,38.69,109.62,0.81,1000.52,38.67,115.50,0.53,0.97,106.00,314.12,7955,0.80,1.19,9.60,1.00,0.07,-0.01,-0.01,1.55,-8.58,-1.67,6,17,45,0,35.2901750,136.2529150,87.20, 0.16
223896,0.27,-1.00,9.40,1.00,-0.05,-0.02,-0.02,-2.39,5.68,-2.40,10.60,0.00,0,2,1001.17,40.62,110.29,1001.17,38.70,109.64,0.80,1000.52,38.67,115.50,0.80,1.19,106.00,314.12,7956,0.75,1.04,9.69,1.00,0.07,-0.01,-0.01,1.55,-8.57,-1.67,6,17,45,0,35.2901750,136.2529150,87.20, 0.16
223953,0.22,-0.92,9.96,1.00,-0.05,-0.02,-0.02,-2.39,5.68,-2.40,10.59,0.00,0,2,1001.17,40.61,110.26,1001.17,38.71,109.60,0.81,1000.52,38.66,115.51,0.62,1.04,105.03,314.12,7954,0.71,1.90,10.09,1.00,0.07,-0.01,-0.01,1.54,-8.57,-1.68,6,17,45,0,35.2901750,136.2529150,87.20, 0.16
224006,0.33,-0.88,9.86,1.00,-0.05,-0.02,-0.02,-2.39,5.66,-2.40,10.60,0.00,0,2,1001.17,40.60,110.28,1001.17,38.69,109.62,0.81,1000.52,38.67,115.52,0.17,0.54,103.71,314.12,7955,1.15,0.80,9.72,1.00,0.07,-0.01,-0.01,1.53,-8.55,-1.69,6,17,45,0,35.2901750,136.2529150,87.20, 0.16
224063,0.42,-0.91,9.74,1.00,-0.05,-0.02,-0.02,-2.39,5.67,-2.40,10.59,0.00,0,2,1001.17,40.61,110.26,1001.17,38.69,109.61,0.53,1000.52,38.68,115.49,-0.15,0.52,102.04,314.12,7955,1.31,2.04,10.03,1.00,0.07,-0.01,-0.01,1.53,-8.57,-1.70,6,17,45,0,35.2901750,136.2529150,87.20, 0.16
224120,0.36,-0.76,9.59,1.00,-0.05,-0.02,-0.02,-2.38,5.67,-2.40,10.61,0.00,0,2,1001.17,40.61,110.26,1001.16,38.68,109.66,0.81,1000.52,38.68,115.48,-0.03,0.24,100.28,314.12,7956,0.71,1.24,9.53,1.00,0.07,-0.01,-0.01,1.50,-8.53,-1.68,6,17,45,0,35.2901750,136.2529150,87.20, 0.16
224173,0.37,-0.80,9.78,1.00,-0.05,-0.02,-0.02,-2.37,5.67,-2.40,10.60,0.00,0,2,1001.16,40.62,110.31,1001.17,38.69,109.61,0.81,1000.52,38.67,115.48,0.00,0.00,99.58,314.12,7956,-0.42,1.02,9.67,1.00,0.07,-0.01,-0.01,1.50,-8.54,-1.65,6,17,45,0,35.2901750,136.2529150,87.20, 0.16
224226,0.26,-0.94,9.47,1.00,-0.05,-0.02,-0.02,-2.38,5.70,-2.40,10.61,0.00,0,2,1001.17,40.62,110.28,1001.17,38.70,109.62,0.54,1000.52,38.66,115.49,0.38,0.82,99.84,314.12,7954,0.95,1.39,9.48,1.00,0.07,-0.01,-0.01,1.50,-8.58,-1.68,6,17,45,0,35.2901750,136.2529150,87.20, 0.16
224283,0.31,-0.98,9.65,1.00,-0.05,-0.02,-0.02,-2.37,5.71,-2.40,10.61,0.00,0,2,1001.16,40.61,110.30,1001.17,38.69,109.62,0.52,1000.53,38.68,115.46,1.35,1.55,100.20,314.12,7955,0.09,1.38,9.92,1.00,0.07,-0.01,-0.01,1.50,-8.61,-1.66,6,17,45,0,35.2901750,136.2529150,87.20, 0.16
224340,0.35,-0.91,9.64,1.00,-0.05,-0.02,-0.02,-2.37,5.73,-2.40,10.60,0.00,0,2,1001.17,40.61,110.28,1001.17,38.70,109.60,0.53,1000.52,38.66,115.50,1.82,1.79,100.11,314.12,7955,-0.12,2.18,9.91,1.00,0.08,-0.01,-0.01,1.50,-8.66,-1.66,6,17,45,0,35.2901750,136.2529150,87.20, 0.16
224393,0.27,-0.81,9.70,1.00,-0.05,-0.02,-0.02,-2.36,5.75,-2.40,10.60,0.00,0,2,1001.17,40.61,110.28,1001.17,38.69,109.56,0.81,1000.52,38.67,115.47,0.52,0.96,99.76,314.12,7955,0.34,0.76,9.61,1.00,0.08,-0.01,-0.01,1.50,-8.66,-1.67,6,17,45,0,35.2901750,136.2529150,87.20, 0.16
224446,0.28,-0.98,9.62,1.00,-0.05,-0.02,-0.02,-2.35,5.78,-2.40,10.59,0.00,0,2,1001.16,40.60,110.32,1001.17,38.70,109.62,0.81,1000.53,38.66,115.46,0.50,0.94,99.32,314.12,7955,0.15,1.63,9.83,1.00,0.08,-0.01,-0.01,1.50,-8.70,-1.66,6,17,45,0,35.2901750,136.2529150,87.20, 0.16
224501,0.38,-0.92,9.69,1.00,-0.05,-0.02,-0.02,-2.34,5.82,-2.40,10.59,0.00,0,2,1001.17,40.61,110.28,1001.16,38.69,109.64,0.81,1000.52,38.67,115.50,0.87,1.24,99.84,314.12,7955,-0.10,1.85,9.92,1.00,0.08,-0.01,-0.01,1.50,-8.76,-1.69,6,17,45,0,35.2901750,136.2529150,87.20, 0.16
224554,0.41,-1.04,9.79,1.00,-0.05,-0.02,-0.02,-2.34,5.86,-2.40,10.60,0.00,0,2,1001.17,40.60,110.28,1001.17,38.69,109.62,0.53,1000.52,38.67,115.47,0.87,1.24,100.63,314.12,7954,0.33,1.56,9.98,1.00,0.08,-0.01,-0.01,1.50,-8.77,-1.69,6,17,45,0,35.2901750,136.2529150,87.20, 0.16
224611,0.50,-1.03,9.79,1.00,-0.05,-0.02,-0.02,-2.36,5.87,-2.40,10.60,0.00,0,2,1001.17,40.61,110.28,1001.17,38.71,109.60,0.52,1000.52,38.66,115.49,0.98,1.32,101.78,314.12,7955,0.19,1.30,9.90,1.00,0.08,-0.01,-0.01,1.51,-8.76,-1.69,6,17,45,0,35.2901750,136.2529150,87.20, 0.16
224662,0.44,-1.14,9.73,1.00,-0.05,-0.02,-0.02,-2.36,5.92,-2.40,10.60,0.00,0,2,1001.16,40.61,110.34,1001.17,38.70,109.65,0.52,1000.52,38.67,115.48,1.23,1.48,101.60,314.12,7956,-0.11,1.75,9.94,1.00,0.08,-0.01,-0.01,1.52,-8.81,-1.68,6,17,45,0,35.2901750,136.2529150,87.20, 0.13
224720,0.46,-0.97,9.90,1.00,-0.05,-0.02,-0.02,-2.36,5.95,-2.40,10.60,0.00,0,2,1001.17,40.61,110.26,1001.17,38.69,109.62,0.52,1000.52,38.67,115.48,1.95,1.86,101.69,314.12,7955,0.40,1.42,9.76,1.00,0.08,-0.01,-0.01,1.52,-8.82,-1.70,6,17,45,0,35.2901750,136.2529150,87.20, 0.13
224773,0.35,-0.90,9.76,1.00,-0.05,-0.02,-0.02,-2.36,5.96,-2.40,10.60,0.00,0,2,1001.16,40.59,110.31,1001.17,38.70,109.60,0.80,1000.52,38.67,115.48,2.38,2.05,101.69,314.12,7955,0.69,1.37,9.69,1.00,0.08,-0.01,-0.01,1.56,-8.80,-1.71,6,17,46,0,35.2901750,136.2529133,87.20, 0.13
224829,0.27,-0.96,9.58,1.00,-0.05,-0.02,-0.02,-2.35,6.00,-2.40,10.59,0.00,0,2,1001.17,40.61,110.27,1001.17,38.69,109.62,0.80,1000.53,38.67,115.47,1.90,1.83,101.78,314.12,7955,-0.04,1.49,9.72,1.00,0.08,-0.01,-0.01,1.57,-8.83,-1.70,6,17,46,0,35.2901750,136.2529133,87.20, 0.13
224880,0.28,-0.93,9.72,1.00,-0.05,-0.02,-0.02,-2.34,6.01,-2.40,10.59,0.00,0,2,1001.17,40.61,110.28,1001.17,38.70,109.65,0.80,1000.52,38.67,115.47,1.70,1.73,101.95,314.12,7955,0.36,1.66,9.89,1.00,0.08,-0.01,-0.01,1.56,-8.85,-1.72,6,17,46,0,35.2901750,136.2529133,87.20, 0.13
224938,0.33,-0.97,9.67,1.00,-0.05,-0.02,-0.02,-2.32,6.01,-2.40,10.58,0.00,0,2,1001.17,40.62,110.24,1001.17,38.72,109.62,0.80,1000.52,38.68,115.48,1.62,1.69,102.22,314.12,7955,0.67,1.76,9.74,1.00,0.08,-0.02,-0.01,1.59,-8.86,-1.72,6,17,46,0,35.2901750,136.2529133,87.20, 0.13
224990,0.30,-0.87,9.87,1.00,-0.05,-0.02,-0.02,-2.31,6.02,-2.40,10.58,0.00,0,2,1001.17,40.61,110.26,1001.17,38.73,109.60,0.52,1000.52,38.69,115.49,0.57,1.00,103.01,314.12,7955,0.59,1.07,9.78,1.00,0.08,-0.02,-0.01,1.59,-8.86,-1.73,6,17,46,0,35.2901750,136.2529133,87.20, 0.13
225047,0.26,-1.02,9.70,1.00,-0.05,-0.02,-0.02,-2.30,6.01,-2.40,10.59,0.00,0,2,1001.17,40.61,110.26,1001.17,38.72,109.59,0.54,1000.52,38.67,115.54,0.47,0.91,103.45,314.12,7955,0.52,1.52,9.79,1.00,0.08,-0.02,-0.01,1.59,-8.87,-1.74,6,17,46,0,35.2901750,136.2529133,87.20, 0.13
225100,0.26,-1.02,9.71,1.00,-0.05,-0.02,-0.02,-2.28,6.00,-2.40,10.59,0.00,0,2,1001.17,40.62,110.26,1001.17,38.72,109.62,0.80,1000.52,38.67,115.48,0.37,0.81,103.45,314.12,7955,0.83,1.22,9.64,1.00,0.08,-0.02,-0.01,1.61,-8.84,-1.77,6,17,46,0,35.2901750,136.2529133,87.20, 0.13
225153,0.30,-0.95,9.83,1.00,-0.05,-0.02,-0.02,-2.27,6.01,-2.40,10.60,0.00,0,2,1001.17,40.62,110.27,1001.16,38.72,109.64,0.55,1000.52,38.67,115.48,0.75,1.15,104.41,314.12,7955,0.67,1.32,9.78,1.00,0.08,-0.02,-0.01,1.64,-8.86,-1.77,6,17,46,0,35.2901750,136.2529133,87.20, 0.13
225209,0.30,-0.85,9.84,1.00,-0.05,-0.02,-0.02,-2.25,5.99,-2.40,10.60,0.00,0,2,1001.17,40.62,110.29,1001.17,38.73,109.63,0.80,1000.52,38.67,115.50,0.53,0.97,104.24,314.12,7956,0.35,1.33,9.82,1.00,0.08,-0.02,-0.01,1.65,-8.84,-1.78,6,17,46,0,35.2901750,136.2529133,87.20, 0.13
225262,0.35,-0.92,9.76,1.00,-0.05,-0.02,-0.02,-2.24,5.98,-2.40,10.60,0.00,0,2,1001.16,40.62,110.31,1001.17,38.73,109.63,0.53,1000.52,38.67,115.50,0.80,1.19,103.89,314.03,32895,0.57,1.33,9.74,1.00,0.08,-0.02,-0.01,1.71,-8.78,-1.78,6,17,46,0,35.2901750,136.2529133,87.20, 0.13
225319,0.32,-0.98,9.49,1.00,-0.05,-0.02,-0.02,-2.23,5.99,-2.41,10.61,0.00,0,2,1001.17,40.61,110.28,1001.17,38.73,109.62,0.53,1000.53,38.68,115.46,1.18,1.45,104.24,314.03,7955,0.60,1.46,9.47,1.00,0.08,-0.02,-0.01,1.72,-8.77,-1.79,6,17,46,0,35.2901750,136.2529133,87.20, 0.13
225373,0.33,-1.02,9.70,1.00,-0.05,-0.02,-0.02,-2.23,5.99,-2.41,10.60,0.00,0,2,1001.17,40.61,110.27,1001.17,38.72,109.64,0.79,1000.52,38.67,115.48,1.30,1.52,103.97,314.03,7956,0.23,1.42,9.84,1.00,0.08,-0.02,-0.01,1.72,-8.77,-1.79,6,17,46,0,35.2901750,136.2529133,87.20, 0.13
225430,0.31,-1.08,9.67,1.00,-0.05,-0.02,-0.02,-2.23,5.99,-2.41,10.60,0.00,0,2,1001.17,40.62,110.27,1001.17,38.74,109.59,0.55,1000.52,38.67,115.48,1.37,1.55,103.89,314.03,7954,0.46,1.48,9.78,1.00,0.08,-0.02,-0.01,1.73,-8.77,-1.81,6,17,46,0,35.2901750,136.2529133,87.20, 0.13
225486,0.28,-1.04,9.97,1.00,-0.05,-0.02,-0.02,-2.23,5.99,-2.41,10.60,0.00,0,2,1001.17,40.61,110.29,1001.17,38.74,109.63,0.53,1000.53,38.68,115.46,1.63,1.70,103.97,314.03,7956,0.49,1.62,10.06,1.00,0.08,-0.02,-0.01,1.75,-8.78,-1.82,6,17,46,0,35.2901750,136.2529133,87.20, 0.13
225541,0.28,-0.96,9.85,1.00,-0.05,-0.02,-0.02,-2.22,5.99,-2.41,10.60,0.00,0,2,1001.17,40.61,110.25,1001.17,38.74,109.58,0.54,1000.52,38.66,115.49,1.65,1.71,104.06,314.03,7954,0.20,1.49,9.91,1.00,0.08,-0.02,-0.01,1.76,-8.76,-1.83,6,17,46,0,35.2901750,136.2529133,87.20, 0.13
225598,0.26,-1.02,9.79,1.00,-0.05,-0.02,-0.02,-2.21,5.99,-2.41,10.60,0.00,0,2,1001.17,40.62,110.29,1001.17,38.75,109.60,0.54,1000.53,38.68,115.46,1.27,1.50,104.15,314.03,7954,0.54,1.59,9.74,1.00,0.08,-0.02,-0.01,1.78,-8.76,-1.83,6,17,46,0,35.2901750,136.2529133,87.20, 0.13
225650,0.32,-0.90,9.79,1.00,-0.05,-0.02,-0.02,-2.21,5.99,-2.41,10.59,0.00,0,2,1001.16,40.62,110.31,1001.17,38.76,109.63,0.53,1000.53,38.68,115.46,1.58,1.67,104.33,314.03,7956,0.43,1.20,9.76,1.00,0.08,-0.02,-0.01,1.82,-8.75,-1.83,6,17,46,0,35.2901750,136.2529133,87.20, 0.13
225707,0.33,-0.95,9.58,1.00,-0.05,-0.02,-0.02,-2.19,5.97,-2.41,10.59,0.00,0,2,1001.17,40.61,110.26,1001.17,38.76,109.59,0.52,1000.53,38.68,115.44,1.18,1.45,104.15,314.03,7955,0.27,1.41,9.68,1.00,0.08,-0.02,-0.01,1.82,-8.75,-1.83,6,17,46,0,35.2901750,136.2529133,87.20, 0.13
225759,0.33,-0.91,9.85,1.00,-0.05,-0.02,-0.02,-2.19,5.95,-2.41,10.59,0.00,0,2,1001.17,40.61,110.30,1001.17,38.75,109.61,0.53,1000.53,38.68,115.41,0.50,0.94,104.24,314.03,7955,0.44,1.20,9.90,1.00,0.08,-0.02,-0.01,1.82,-8.74,-1.83,6,17,46,0,35.2901750,136.2529133,87.20, 0.08
225817,0.42,-1.02,9.76,1.00,-0.05,-0.02,-0.02,-2.20,5.94,-2.41,10.59,0.00,0,2,1001.17,40.61,110.28,1001.17,38.75,109.60,0.54,1000.53,38.66,115.42,0.55,0.99,104.33,314.03,7955,0.43,1.58,9.92,1.00,0.08,-0.02,-0.01,1.82,-8.73,-1.83,6,17,46,0,35.2901750,136.2529133,87.20, 0.08
225870,0.41,-0.92,10.04,1.00,-0.05,-0.02,-0.02,-2.20,5.90,-2.41,10.59,0.00,0,2,1001.16,40.61,110.31,1001.17,38.75,109.63,0.50,1000.53,38.67,115.43,0.52,0.96,104.33,314.03,7955,0.05,1.34,9.93,1.00,0.08,-0.02,-0.01,1.81,-8.68,-1.83,6,17,46,0,35.2901750,136.2529133,87.20, 0.08
225927,0.42,-0.96,9.77,1.00,-0.05,-0.02,-0.02,-2.20,5.88,-2.41,10.60,0.00,0,2,1001.17,40.62,110.29,1001.17,38.75,109.62,0.51,1000.53,38.67,115.43,0.95,1.30,104.33,314.03,7956,0.49,1.48,9.81,1.00,0.08,-0.02,-0.01,1.80,-8.66,-1.85,6,17,46,0,35.2901750,136.2529133,87.20, 0.08
225981,0.32,-0.97,9.83,1.00,-0.05,-0.02,-0.02,-2.20,5.87,-2.41,10.60,0.00,0,2,1001.17,40.61,110.28,1001.17,38.74,109.62,0.80,1000.53,38.68,115.44,0.93,1.28,104.33,314.03,7955,0.24,1.00,9.78,1.00,0.08,-0.02,-0.01,1.80,-8.64,-1.85,6,17,46,0,35.2901750,136.2529133,87.20, 0.08
226038,0.33,-1.01,9.69,1.00,-0.05,-0.02,-0.02,-2.20,5.83,-2.41,10.60,0.00,0,2,1001.16,40.61,110.31,1001.17,38.74,109.63,0.52,1000.53,38.67,115.47,1.03,1.35,104.24,314.03,7955,0.20,1.35,9.84,1.00,0.08,-0.02,-0.01,1.80,-8.64,-1.85,6,17,46,0,35.2901750,136.2529133,87.20, 0.08
226091,0.34,-0.95,9.51,1.00,-0.05,-0.02,-0.02,-2.20,5.80,-2.41,10.61,0.00,0,2,1001.16,40.60,110.30,1001.16,38.74,109.65,0.53,1000.53,38.68,115.45,1.23,1.48,104.06,314.03,7955,0.19,1.68,9.85,1.00,0.07,-0.02,-0.01,1.81,-8.60,-1.85,6,17,46,0,35.2901750,136.2529133,87.20, 0.08
226147,0.46,-0.86,9.64,1.00,-0.05,-0.02,-0.02,-2.20,5.76,-2.40,10.62,0.00,0,2,1001.16,40.60,110.31,1001.17,38.74,109.66,0.55,1000.53,38.68,115.40,1.63,1.70,104.15,314.03,7955,0.31,1.14,9.57,1.00,0.07,-0.02,-0.01,1.81,-8.57,-1.85,6,17,46,0,35.2901750,136.2529133,87.20, 0.08
226201,0.31,-0.89,9.47,1.00,-0.05,-0.02,-0.02,-2.20,5.76,-2.40,10.61,0.00,0,2,1001.17,40.61,110.29,1001.17,38.75,109.62,0.81,1000.53,38.68,115.44,1.72,1.74,104.24,314.03,7955,0.18,1.51,9.71,1.00,0.07,-0.02,-0.02,1.82,-8.57,-1.86,6,17,46,0,35.2901750,136.2529133,87.20, 0.08
226258,0.37,-0.89,9.70,1.00,-0.05,-0.02,-0.02,-2.19,5.73,-2.41,10.61,0.00,0,2,1001.17,40.62,110.29,1001.17,38.76,109.64,0.81,1000.53,38.68,115.44,1.92,1.84,104.33,314.03,7955,0.23,1.63,9.89,1.00,0.07,-0.02,-0.02,1.82,-8.56,-1.88,6,17,46,0,35.2901750,136.2529133,87.20, 0.08
226316,0.36,-1.00,9.71,1.00,-0.05,-0.02,-0.02,-2.19,5.72,-2.41,10.60,0.00,0,2,1001.17,40.62,110.28,1001.16,38.75,109.65,0.81,1000.53,38.66,115.43,1.87,1.82,104.41,314.03,7955,0.78,2.08,9.88,1.00,0.07,-0.02,-0.02,1.82,-8.57,-1.88,6,17,46,0,35.2901750,136.2529133,87.20, 0.08
226367,0.50,-1.04,9.43,1.00,-0.05,-0.02,-0.02,-2.18,5.75,-2.41,10.61,0.00,0,2,1001.17,40.61,110.28,1001.16,38.75,109.67,0.53,1000.53,38.66,115.45,1.73,1.75,104.59,314.03,7955,-0.41,1.58,9.92,1.00,0.07,-0.02,-0.02,1.82,-8.58,-1.88,6,17,46,0,35.2901750,136.2529133,87.20, 0.08
226423,0.45,-1.04,9.56,1.00,-0.05,-0.02,-0.02,-2.20,5.77,-2.41,10.61,0.00,0,2,1001.17,40.63,110.28,1001.17,38.77,109.66,0.55,1000.52,38.68,115.48,1.48,1.62,104.77,314.12,7955,0.11,2.09,9.87,1.00,0.07,-0.02,-0.02,1.83,-8.62,-1.87,6,17,46,0,35.2901750,136.2529133,87.20, 0.08
226477,0.37,-0.82,10.01,1.00,-0.05,-0.02,-0.02,-2.19,5.80,-2.41,10.61,0.00,0,2,1001.17,40.61,110.29,1001.16,38.75,109.66,0.81,1000.52,38.68,115.48,1.57,1.66,104.85,314.12,7956,0.09,1.13,9.74,1.00,0.07,-0.02,-0.02,1.82,-8.63,-1.88,6,17,46,0,35.2901750,136.2529133,87.20, 0.08
226535,0.39,-0.95,9.73,1.00,-0.05,-0.02,-0.02,-2.20,5.79,-2.41,10.62,0.00,0,2,1001.16,40.60,110.32,1001.17,38.75,109.64,0.81,1000.53,38.67,115.45,1.43,1.59,104.85,314.12,7955,0.03,1.43,9.77,1.00,0.08,-0.02,-0.02,1.81,-8.64,-1.89,6,17,46,0,35.2901750,136.2529133,87.20, 0.08
226588,0.40,-0.79,9.67,1.00,-0.05,-0.02,-0.02,-2.20,5.80,-2.41,10.62,0.00,0,2,1001.16,40.61,110.33,1001.17,38.76,109.63,0.52,1000.52,38.68,115.48,1.38,1.56,105.03,314.12,7954,0.41,0.82,9.46,1.00,0.08,-0.02,-0.02,1.82,-8.64,-1.88,6,17,46,0,35.2901750,136.2529133,87.20, 0.08
226644,0.36,-0.86,9.35,1.00,-0.05,-0.02,-0.02,-2.20,5.81,-2.41,10.62,0.00,0,2,1001.16,40.61,110.31,1001.16,38.76,109.67,0.55,1000.52,38.68,115.48,2.32,2.02,105.38,314.12,7955,0.38,1.06,9.58,1.00,0.08,-0.02,-0.02,1.81,-8.66,-1.89,6,17,47,0,35.2901733,136.2529150,87.20, 0.21
226697,0.45,-0.86,9.54,1.00,-0.05,-0.02,-0.02,-2.20,5.82,-2.41,10.62,0.00,0,2,1001.17,40.61,110.28,1001.17,38.75,109.69,0.81,1000.52,38.68,115.47,1.52,1.64,105.73,314.12,7956,0.50,1.15,9.65,1.00,0.08,-0.02,-0.02,1.79,-8.65,-1.90,6,17,47,0,35.2901733,136.2529150,87.20, 0.21
226752,0.26,-1.06,9.53,1.00,-0.05,-0.02,-0.02,-2.20,5.88,-2.41,10.61,0.00,0,2,1001.17,40.61,110.29,1001.17,38.77,109.65,0.80,1000.53,38.67,115.46,1.93,1.85,107.23,314.12,7954,0.41,1.60,9.76,1.00,0.08,-0.02,-0.02,1.78,-8.72,-1.90,6,17,48,0,35.2901750,136.2529133,87.20, 0.21
226806,0.43,-1.00,9.57,1.00,-0.05,-0.02,-0.02,-2.20,5.93,-2.41,10.62,0.00,0,2,1001.16,40.61,110.31,1001.16,38.76,109.67,0.81,1000.52,38.67,115.48,2.47,2.09,110.13,314.12,7956,-0.02,1.41,9.80,1.00,0.08,-0.02,-0.02,1.78,-8.74,-1.90,6,17,48,0,35.2901750,136.2529133,87.20, 0.21
226859,0.28,-1.04,9.97,1.00,-0.05,-0.02,-0.02,-2.20,6.01,-2.41,10.62,0.00,0,2,1001.16,40.60,110.31,1001.17,38.77,109.60,0.80,1000.52,38.68,115.51,2.05,1.90,114.08,314.12,7955,0.88,1.42,9.99,1.00,0.08,-0.02,-0.02,1.78,-8.83,-1.90,6,17,48,0,35.2901750,136.2529133,87.20, 0.21
226916,0.35,-1.15,9.58,1.00,-0.05,-0.02,-0.02,-2.20,6.08,-2.41,10.62,0.00,0,2,1001.17,40.60,110.29,1001.16,38.75,109.64,0.81,1000.52,38.68,115.49,2.25,1.99,115.22,314.12,7955,0.43,1.45,9.57,1.00,0.08,-0.02,-0.02,1.77,-8.90,-1.90,6,17,48,0,35.2901750,136.2529133,87.20, 0.21
226974,0.33,-0.95,9.64,1.00,-0.05,-0.02,-0.02,-2.21,6.13,-2.41,10.61,0.00,0,2,1001.16,40.61,110.33,1001.17,38.77,109.65,0.80,1000.53,38.69,115.47,1.65,1.71,114.96,314.12,7955,-0.11,1.17,9.79,1.00,0.08,-0.02,-0.02,1.75,-8.94,-1.89,6,17,48,0,35.2901750,136.2529133,87.20, 0.21
227025,0.36,-0.93,9.81,1.00,-0.05,-0.02,-0.02,-2.21,6.18,-2.41,10.61,0.00,0,2,1001.17,40.62,110.28,1001.17,38.77,109.61,0.80,1000.52,38.68,115.50,0.55,0.99,114.35,314.12,7955,0.87,1.21,9.59,1.00,0.08,-0.02,-0.02,1.75,-8.96,-1.90,6,17,48,0,35.2901750,136.2529133,87.20, 0.21
227084,0.39,-0.99,9.65,1.00,-0.05,-0.02,-0.02,-2.21,6.21,-2.41,10.61,0.00,0,2,1001.16,40.62,110.31,1001.16,38.77,109.65,0.53,1000.52,38.67,115.55,1.03,1.35,113.91,314.12,7956,0.50,1.35,9.63,1.00,0.08,-0.02,-0.02,1.74,-8.99,-1.91,6,17,48,0,35.2901750,136.2529133,87.20, 0.21
227135,0.42,-0.95,9.78,1.00,-0.05,-0.02,-0.02,-2.21,6.23,-2.41,10.60,0.00,0,2,1001.17,40.62,110.29,1001.17,38.77,109.64,0.80,1000.52,38.68,115.53,1.13,1.42,113.38,314.12,7954,-0.17,1.48,9.99,1.00,0.08,-0.02,-0.02,1.74,-9.01,-1.91,6,17,48,0,35.2901750,136.2529133,87.20, 0.21
227193,0.51,-0.92,9.97,1.00,-0.05,-0.02,-0.02,-2.21,6.24,-2.41,10.61,0.00,0,2,1001.16,40.62,110.30,1001.16,38.77,109.65,0.80,1000.52,38.68,115.49,1.92,1.84,113.12,314.21,7956,0.76,1.07,9.71,1.00,0.08,-0.02,-0.02,1.74,-9.01,-1.94,6,17,48,0,35.2901750,136.2529133,87.20, 0.21
227245,0.32,-1.14,9.66,1.00,-0.05,-0.02,-0.02,-2.22,6.24,-2.41,10.60,0.00,0,2,1001.16,40.62,110.31,1001.17,38.77,109.64,0.80,1000.52,38.68,115.48,1.02,1.34,113.12,314.21,7955,0.78,1.53,9.75,1.00,0.08,-0.02,-0.02,1.73,-9.01,-1.94,6,17,48,0,35.2901750,136.2529133,87.20, 0.21
227299,0.35,-1.07,9.89,1.00,-0.05,-0.02,-0.02,-2.22,6.25,-2.41,10.61,0.00,0,2,1001.16,40.62,110.31,1001.17,38.78,109.63,0.55,1000.53,38.68,115.44,1.13,1.42,112.94,314.21,7954,-0.47,1.57,9.90,1.00,0.08,-0.02,-0.02,1.71,-9.02,-1.92,6,17,48,0,35.2901750,136.2529133,87.20, 0.21
227355,0.38,-0.96,9.78,1.00,-0.05,-0.02,-0.02,-2.22,6.25,-2.41,10.60,0.00,0,2,1001.17,40.62,110.30,1001.17,38.77,109.65,0.51,1000.52,38.67,115.50,0.75,1.15,111.97,314.21,7955,0.06,1.49,9.93,1.00,0.08,-0.02,-0.02,1.71,-9.02,-1.93,6,17,48,0,35.2901750,136.2529133,87.20, 0.21
227412,0.47,-1.04,9.47,1.00,-0.05,-0.02,-0.02,-2.23,6.24,-2.41,10.59,0.00,0,2,1001.17,40.61,110.26,1001.17,38.78,109.62,0.55,1000.52,38.68,115.49,0.05,0.30,111.62,314.21,7956,-0.02,1.38,9.74,1.00,0.08,-0.02,-0.02,1.70,-9.01,-1.93,6,17,48,0,35.2901750,136.2529133,87.20, 0.21
227464,0.46,-1.00,9.70,1.00,-0.05,-0.02,-0.02,-2.24,6.23,-2.41,10.60,0.00,0,2,1001.17,40.61,110.28,1001.16,38.77,109.60,0.79,1000.53,38.69,115.46,0.85,1.23,112.50,314.21,7955,-0.25,1.65,9.88,1.00,0.08,-0.02,-0.02,1.70,-9.00,-1.93,6,17,48,0,35.2901750,136.2529133,87.20, 0.21
227522,0.45,-0.95,9.63,1.00,-0.05,-0.02,-0.02,-2.25,6.18,-2.42,10.59,0.00,0,2,1001.17,40.60,110.27,1001.17,38.76,109.64,0.79,1000.53,38.70,115.47,1.47,1.61,112.59,314.21,7954,0.19,1.35,9.78,1.00,0.08,-0.02,-0.02,1.70,-8.93,-1.94,6,17,48,0,35.2901750,136.2529133,87.20, 0.21
227575,0.42,-0.94,9.53,1.00,-0.05,-0.02,-0.02,-2.26,6.11,-2.42,10.59,0.00,0,2,1001.17,40.61,110.28,1001.17,38.78,109.63,0.54,1000.53,38.68,115.46,1.50,1.63,112.41,314.21,7955,0.76,1.40,9.63,1.00,0.08,-0.02,-0.02,1.67,-8.85,-1.96,6,17,48,0,35.2901750,136.2529133,87.20, 0.21
227633,0.43,-0.93,9.64,1.00,-0.05,-0.02,-0.02,-2.26,6.07,-2.41,10.60,0.00,0,2,1001.17,40.62,110.29,1001.17,38.77,109.64,0.49,1000.52,38.68,115.50,1.73,1.75,112.76,314.21,7953,0.81,1.25,9.57,1.00,0.08,-0.02,-0.02,1.67,-8.79,-1.96,6,17,48,0,35.2901750,136.2529133,87.20, 0.13
227684,0.43,-0.95,9.72,1.00,-0.05,-0.02,-0.02,-2.27,6.01,-2.41,10.59,0.00,0,2,1001.17,40.60,110.29,1001.17,38.77,109.60,0.51,1000.52,38.68,115.48,1.43,1.59,112.15,314.21,7954,0.10,1.26,9.70,1.00,0.08,-0.02,-0.02,1.67,-8.75,-1.96,6,17,48,0,35.2901750,136.2529133,87.20, 0.13
227742,0.36,-1.04,9.59,1.00,-0.05,-0.02,-0.02,-2.27,5.99,-2.41,10.59,0.00,0,2,1001.17,40.60,110.29,1001.17,38.78,109.63,0.54,1000.52,38.68,115.49,1.40,1.57,111.36,314.21,7956,0.80,1.44,9.72,1.00,0.08,-0.02,-0.02,1.66,-8.69,-1.97,6,17,48,0,35.2901750,136.2529133,87.20, 0.13
227794,0.33,-1.07,9.47,1.00,-0.05,-0.02,-0.02,-2.28,5.96,-2.41,10.59,0.00,0,2,1001.17,40.60,110.27,1001.17,38.78,109.60,0.55,1000.53,38.66,115.45,1.37,1.55,110.30,314.21,7956,0.80,1.26,9.50,1.00,0.08,-0.02,-0.02,1.67,-8.64,-1.98,6,17,48,0,35.2901750,136.2529133,87.20, 0.13
227847,0.35,-0.96,9.63,1.00,-0.05,-0.02,-0.02,-2.28,5.94,-2.41,10.58,0.00,0,2,1001.17,40.61,110.26,1001.17,38.78,109.62,0.56,1000.52,38.68,115.48,1.17,1.44,111.01,314.21,7955,0.24,1.53,9.75,1.00,0.07,-0.02,-0.02,1.67,-8.62,-1.98,6,17,48,0,35.2901750,136.2529133,87.20, 0.13
227902,0.39,-0.87,9.67,1.00,-0.05,-0.02,-0.02,-2.28,5.93,-2.41,10.58,0.00,0,2,1001.17,40.62,110.24,1001.17,38.78,109.60,0.54,1000.52,38.68,115.48,1.53,1.65,111.97,314.21,8191,0.64,1.29,9.63,1.00,0.07,-0.02,-0.02,1.68,-8.59,-1.99,6,17,48,0,35.2901750,136.2529133,87.20, 0.13
227958,0.36,-0.80,9.55,1.00,-0.05,-0.02,-0.02,-2.28,5.91,-2.41,10.58,0.00,0,2,1001.17,40.60,110.26,1001.17,38.77,109.61,0.52,1000.52,38.69,115.47,1.55,1.66,112.24,314.21,7955,0.72,0.99,9.40,1.00,0.07,-0.02,-0.02,1.68,-8.54,-1.97,6,17,48,0,35.2901750,136.2529133,87.20, 0.13
228013,0.31,-0.89,9.64,1.00,-0.05,-0.02,-0.02,-2.28,5.91,-2.41,10.58,0.00,0,2,1001.17,40.61,110.23,1001.17,38.77,109.65,0.51,1000.52,38.68,115.47,1.07,1.37,112.24,314.21,7955,0.08,1.13,9.63,1.00,0.07,-0.02,-0.02,1.68,-8.52,-1.96,6,17,48,0,35.2901750,136.2529133,87.20, 0.13
228070,0.26,-0.98,9.57,1.00,-0.05,-0.02,-0.02,-2.28,5.91,-2.41,10.57,0.00,0,2,1001.17,40.59,110.26,1001.17,38.77,109.62,0.54,1000.53,38.68,115.42,1.20,1.46,112.24,314.21,7955,0.80,1.44,9.63,1.00,0.07,-0.02,-0.02,1.70,-8.52,-1.98,6,17,48,0,35.2901750,136.2529133,87.20, 0.13
228124,0.44,-0.97,8.66,1.00,-0.05,-0.02,-0.02,-2.26,5.92,-2.41,10.57,0.00,0,2,1001.17,40.61,110.26,1001.17,38.78,109.62,0.54,1000.53,38.70,115.40,1.03,1.35,113.03,314.21,7955,0.60,0.00,8.96,1.00,0.07,-0.02,-0.02,1.70,-8.50,-1.99,6,17,48,0,35.2901750,136.2529133,87.20, 0.13
228181,0.58,-0.65,10.80,1.00,-0.05,-0.02,-0.02,-2.29,5.92,-2.41,10.57,0.00,0,2,1001.17,40.60,110.24,1001.17,38.78,109.62,0.75,1000.53,38.70,115.41,1.17,1.44,114.79,314.30,7954,0.33,0.58,9.51,1.00,0.07,-0.02,-0.02,1.70,-8.52,-1.99,6,17,48,0,35.2901750,136.2529133,87.20, 0.13
228232,0.49,-0.69,10.44,1.00,-0.05,-0.02,-0.02,-2.28,5.93,-2.41,10.56,0.00,0,2,1001.17,40.61,110.23,1001.17,38.78,109.60,0.75,1000.53,38.68,115.46,0.35,0.79,115.84,314.30,8191,0.64,1.89,10.03,1.00,0.07,-0.02,-0.02,1.70,-8.53,-1.98,6,17,48,0,35.2901750,136.2529133,87.20, 0.13
228291,0.38,-1.04,10.04,1.00,-0.05,-0.02,-0.02,-2.27,5.97,-2.41,10.56,0.00,0,2,1001.17,40.62,110.23,1001.17,38.79,109.60,0.74,1000.53,38.68,115.46,0.57,1.00,117.77,314.21,7956,0.55,1.89,9.98,1.00,0.07,-0.02,-0.02,1.70,-8.54,-1.97,6,17,48,0,35.2901750,136.2529133,87.20, 0.13
228343,0.33,-1.13,9.44,1.00,-0.05,-0.02,-0.02,-2.26,6.00,-2.41,10.56,0.00,0,2,1001.17,40.60,110.22,1001.18,38.79,109.57,0.52,1000.53,38.68,115.46,0.85,1.23,120.59,314.30,7955,0.58,1.47,9.68,1.00,0.07,-0.02,-0.02,1.70,-8.57,-1.97,6,17,48,0,35.2901750,136.2529133,87.20, 0.13
228401,0.38,-1.05,9.66,1.00,-0.05,-0.02,-0.02,-2.26,6.06,-2.42,10.56,0.00,0,2,1001.17,40.61,110.21,1001.18,38.78,109.57,0.73,1000.53,38.66,115.45,0.77,1.16,120.15,314.30,7954,0.15,1.83,9.76,1.00,0.08,-0.02,-0.02,1.71,-8.64,-1.97,6,17,48,0,35.2901750,136.2529133,87.20, 0.13
228454,0.37,-1.10,9.54,1.00,-0.05,-0.02,-0.02,-2.25,6.15,-2.42,10.56,0.00,0,2,1001.17,40.60,110.21,1001.18,38.79,109.55,0.72,1000.53,38.69,115.46,0.57,1.00,118.12,314.30,7954,0.03,1.20,9.50,1.00,0.08,-0.02,-0.02,1.74,-8.74,-1.98,6,17,48,0,35.2901750,136.2529133,87.20, 0.13
228510,0.36,-0.87,9.85,1.00,-0.05,-0.02,-0.02,-2.25,6.20,-2.41,10.55,0.00,0,2,1001.17,40.61,110.23,1001.18,38.78,109.57,0.72,1000.53,38.69,115.42,1.45,1.60,116.63,314.30,7954,0.68,1.71,9.85,1.00,0.08,-0.02,-0.02,1.73,-8.76,-1.98,6,17,48,0,35.2901750,136.2529133,87.20, 0.13
228564,0.45,-0.86,9.82,1.00,-0.05,-0.02,-0.02,-2.25,6.23,-2.41,10.55,0.00,0,2,1001.18,40.61,110.20,1001.18,38.79,109.54,0.72,1000.53,38.67,115.43,1.13,1.42,116.72,314.30,7955,0.25,1.21,9.76,1.00,0.08,-0.02,-0.02,1.73,-8.75,-1.98,6,17,48,0,35.2901750,136.2529133,87.20, 0.13
228623,0.43,-0.90,9.89,1.00,-0.05,-0.02,-0.02,-2.26,6.25,-2.41,10.56,0.00,0,2,1001.18,40.61,110.20,1001.18,38.80,109.52,0.71,1000.53,38.68,115.44,0.95,1.30,116.63,314.30,7955,0.07,1.58,9.98,1.00,0.08,-0.02,-0.02,1.73,-8.77,-1.98,6,17,48,0,35.2901750,136.2529133,87.20, 0.13
228680,0.50,-0.86,9.62,1.00,-0.05,-0.02,-0.02,-2.28,6.22,-2.42,10.54,0.00,0,2,1001.18,40.61,110.20,1001.18,38.79,109.54,0.70,1000.53,38.68,115.43,2.20,1.97,116.63,314.30,7956,0.37,1.47,9.87,1.00,0.08,-0.02,-0.02,1.73,-8.77,-1.99,6,17,48,0,35.2901750,136.2529133,87.20, 0.13
228732,0.50,-0.98,9.92,1.00,-0.05,-0.02,-0.02,-2.30,6.18,-2.42,10.55,0.00,0,2,1001.17,40.61,110.21,1001.18,38.80,109.53,0.61,1000.53,38.70,115.41,2.13,1.94,116.81,314.30,7955,0.00,1.15,9.84,1.00,0.08,-0.02,-0.02,1.71,-8.73,-1.99,6,17,49,0,35.2901733,136.2529133,87.20, 0.07
228789,0.45,-0.90,9.79,1.00,-0.05,-0.02,-0.02,-2.32,6.17,-2.42,10.55,0.00,0,2,1001.18,40.62,110.18,1001.17,38.78,109.57,0.68,1000.54,38.69,115.38,1.67,1.72,117.77,314.30,7955,0.21,1.59,9.79,1.00,0.08,-0.02,-0.02,1.71,-8.74,-1.99,6,17,49,0,35.2901733,136.2529133,87.20, 0.07
228841,0.43,-0.85,9.96,1.00,-0.05,-0.02,-0.02,-2.33,6.14,-2.42,10.55,0.00,0,2,1001.17,40.62,110.23,1001.18,38.79,109.55,0.68,1000.53,38.69,115.39,1.38,1.56,117.95,314.30,7955,0.29,1.44,9.67,1.00,0.08,-0.02,-0.02,1.71,-8.72,-1.99,6,17,50,0,35.2901733,136.2529117,87.40, 0.07
228900,0.31,-0.98,9.44,1.00,-0.05,-0.02,-0.02,-2.32,6.13,-2.43,10.54,0.00,0,2,1001.18,40.62,110.15,1001.18,38.81,109.51,0.67,1000.53,38.69,115.40,1.53,1.65,116.54,314.21,7955,0.75,1.53,9.52,1.00,0.08,-0.02,-0.02,1.73,-8.72,-2.00,6,17,50,0,35.2901733,136.2529117,87.40, 0.07
228952,0.22,-1.04,9.29,1.00,-0.05,-0.02,-0.02,-2.28,6.14,-2.43,10.54,0.00,0,2,1001.19,40.62,110.11,1001.18,38.79,109.53,0.66,1000.54,38.69,115.35,1.85,1.81,115.31,314.21,7955,0.52,1.39,9.55,1.00,0.08,-0.02,-0.02,1.77,-8.71,-2.00,6,17,50,0,35.2901733,136.2529117,87.40, 0.07
229010,0.22,-0.89,9.65,1.00,-0.05,-0.02,-0.02,-2.25,6.13,-2.42,10.53,0.00,0,2,1001.18,40.61,110.17,1001.18,38.80,109.53,0.66,1000.54,38.68,115.35,2.33,2.03,113.82,314.21,7955,0.62,1.49,9.76,1.00,0.08,-0.02,-0.02,1.80,-8.70,-2.00,6,17,50,0,35.2901733,136.2529117,87.40, 0.07
229063,0.36,-0.83,9.77,1.00,-0.05,-0.02,-0.02,-2.24,6.11,-2.43,10.52,0.00,0,2,1001.18,40.61,110.14,1001.18,38.79,109.49,0.65,1000.54,38.68,115.32,2.42,2.07,113.82,314.21,7954,0.44,1.10,9.64,1.00,0.08,-0.02,-0.02,1.82,-8.69,-2.01,6,17,50,0,35.2901733,136.2529117,87.40, 0.07
229120,0.33,-0.96,9.83,1.00,-0.05,-0.02,-0.02,-2.24,6.15,-2.43,10.52,0.00,0,2,1001.19,40.62,110.09,1001.19,38.80,109.47,0.54,1000.54,38.70,115.31,2.15,1.95,114.26,314.21,7954,0.33,1.51,9.94,1.00,0.08,-0.02,-0.02,1.82,-8.72,-2.01,6,17,50,0,35.2901733,136.2529117,87.40, 0.07
229178,0.32,-0.88,9.97,1.00,-0.05,-0.02,-0.02,-2.23,6.15,-2.43,10.52,0.00,0,2,1001.18,40.62,110.16,1001.18,38.80,109.49,0.63,1000.54,38.68,115.32,1.73,1.75,114.43,314.21,7955,0.06,0.82,9.71,1.00,0.08,-0.02,-0.02,1.83,-8.72,-2.01,6,17,50,0,35.2901733,136.2529117,87.40, 0.07
229231,0.36,-0.94,9.67,1.00,-0.05,-0.02,-0.02,-2.22,6.13,-2.43,10.52,0.00,0,2,1001.18,40.62,110.16,1001.18,38.81,109.48,0.56,1000.54,38.69,115.33,1.57,1.66,113.91,314.21,7954,0.40,1.49,9.82,1.00,0.08,-0.02,-0.02,1.83,-8.74,-2.01,6,17,50,0,35.2901733,136.2529117,87.40, 0.07
229288,0.42,-0.70,9.65,1.00,-0.05,-0.02,-0.02,-2.21,6.11,-2.43,10.53,0.00,0,2,1001.19,40.61,110.10,1001.18,38.79,109.48,0.62,1000.54,38.70,115.30,1.50,1.63,111.53,314.21,7955,0.03,0.95,9.71,1.00,0.08,-0.02,-0.02,1.83,-8.73,-2.01,6,17,50,0,35.2901733,136.2529117,87.40, 0.07
229340,0.26,-0.79,9.90,1.00,-0.05,-0.02,-0.02,-2.16,6.06,-2.44,10.53,0.00,0,2,1001.18,40.60,110.16,1001.18,38.80,109.49,0.61,1000.54,38.70,115.31,1.50,1.63,111.01,314.21,7955,0.50,0.99,9.88,1.00,0.08,-0.02,-0.02,1.87,-8.72,-2.02,6,17,50,0,35.2901733,136.2529117,87.40, 0.07
229393,0.46,-0.64,9.86,1.00,-0.05,-0.02,-0.02,-2.14,5.99,-2.45,10.54,0.00,0,2,1001.18,40.61,110.13,1001.18,38.80,109.50,0.61,1000.54,38.70,115.31,1.50,1.63,111.01,314.21,7954,0.40,1.43,9.61,1.00,0.08,-0.02,-0.02,1.89,-8.72,-2.02,6,17,50,0,35.2901733,136.2529117,87.40, 0.07
229449,0.38,-0.81,9.77,1.00,-0.05,-0.02,-0.02,-2.10,5.99,-2.45,10.54,0.00,0,2,1001.18,40.61,110.14,1001.18,38.80,109.49,0.60,1000.55,38.71,115.28,1.38,1.56,111.09,314.21,7955,0.40,0.96,9.77,1.00,0.08,-0.02,-0.02,1.91,-8.72,-2.03,6,17,50,0,35.2901733,136.2529117,87.40, 0.07
229505,0.29,-0.81,9.79,1.00,-0.05,-0.02,-0.02,-2.08,6.00,-2.45,10.54,0.00,0,2,1001.19,40.61,110.08,1001.18,38.80,109.47,0.59,1000.55,38.70,115.27,1.38,1.56,110.21,314.21,7955,0.32,1.48,9.89,1.00,0.08,-0.02,-0.02,1.92,-8.68,-2.03,6,17,50,0,35.2901733,136.2529117,87.40, 0.07
229558,0.26,-0.98,9.62,1.00,-0.05,-0.02,-0.02,-2.03,6.05,-2.46,10.53,0.00,0,2,1001.19,40.61,110.08,1001.19,38.80,109.45,0.53,1000.55,38.71,115.26,1.37,1.55,108.81,314.21,7955,0.37,1.62,9.86,1.00,0.08,-0.02,-0.02,1.96,-8.73,-2.03,6,17,50,0,35.2901733,136.2529117,87.40, 0.07
229611,0.40,-0.94,9.82,1.00,-0.05,-0.02,-0.02,-1.99,6.12,-2.46,10.52,0.00,0,2,1001.19,40.62,110.09,1001.19,38.81,109.46,0.51,1000.55,38.68,115.28,1.17,1.44,108.63,314.21,7956,0.28,2.10,9.94,1.00,0.08,-0.02,-0.02,2.00,-8.83,-2.05,6,17,50,0,35.2901733,136.2529117,87.40, 0.07
229668,0.26,-1.30,9.48,1.00,-0.05,-0.02,-0.02,-1.93,6.22,-2.47,10.51,0.00,0,2,1001.19,40.61,110.05,1001.19,38.80,109.45,0.57,1000.55,38.69,115.28,1.15,1.43,108.72,314.21,7955,0.27,0.87,9.43,1.00,0.08,-0.02,-0.02,2.02,-8.85,-2.05,6,17,50,0,35.2901733,136.2529117,87.40, 0.07
229720,0.33,-1.31,9.68,1.00,-0.06,-0.02,-0.02,-1.86,6.37,-2.47,10.51,0.00,0,2,1001.19,40.61,110.06,1001.19,38.81,109.46,0.54,1000.55,38.71,115.21,1.27,1.50,108.63,314.21,7955,0.76,3.07,10.12,1.00,0.08,-0.02,-0.02,2.07,-9.03,-2.09,6,17,50,0,35.2901733,136.2529117,87.40, 0.15
229777,0.51,-0.92,9.77,1.00,-0.06,-0.01,-0.02,-1.86,6.44,-2.47,10.51,0.00,0,2,1001.19,40.61,110.06,1001.19,38.81,109.39,0.55,1000.55,38.69,115.23,1.08,1.38,108.54,314.21,7956,0.00,1.09,9.96,1.00,0.08,-0.02,-0.02,2.09,-9.09,-2.08,6,17,50,0,35.2901733,136.2529117,87.40, 0.15
229829,0.24,-1.05,9.50,1.00,-0.06,-0.01,-0.02,-1.83,6.49,-2.48,10.52,0.00,0,2,1001.19,40.61,110.10,1001.19,38.80,109.43,0.55,1000.55,38.70,115.22,0.90,1.26,108.54,314.21,7955,0.34,0.73,9.56,1.00,0.08,-0.02,-0.02,2.11,-9.11,-2.09,6,17,51,0,35.2901717,136.2529150,87.40, 0.15
229886,0.17,-1.26,9.42,1.00,-0.06,-0.01,-0.02,-1.75,6.53,-2.49,10.51,0.00,0,2,1001.19,40.61,110.04,1001.20,38.81,109.37,0.51,1000.56,38.71,115.16,0.30,0.73,108.46,314.21,7955,0.41,1.89,9.39,1.00,0.08,-0.02,-0.02,2.20,-9.16,-2.11,6,17,51,0,35.2901717,136.2529150,87.40, 0.15
229938,0.16,-1.24,9.33,1.00,-0.06,-0.01,-0.02,-1.66,6.62,-2.50,10.50,0.00,0,2,1001.20,40.61,110.01,1001.20,38.82,109.39,0.52,1000.55,38.69,115.21,0.97,1.31,108.72,314.21,7955,0.35,1.65,9.69,1.00,0.08,-0.02,-0.02,2.26,-9.24,-2.12,6,17,51,0,35.2901717,136.2529150,87.40, 0.15
229991,0.08,-1.10,9.93,1.00,-0.06,-0.01,-0.02,-1.64,6.69,-2.50,10.50,0.00,0,2,1001.19,40.60,110.07,1001.19,38.80,109.41,0.53,1000.56,38.69,115.18,0.48,0.92,108.72,314.21,7952,0.77,1.27,10.09,1.00,0.08,-0.02,-0.02,2.28,-9.31,-2.14,6,17,51,0,35.2901717,136.2529150,87.40, 0.15
230047,0.22,-1.06,9.91,1.00,-0.06,-0.01,-0.02,-1.63,6.74,-2.50,10.51,0.00,0,2,1001.19,40.60,110.03,1001.19,38.82,109.41,0.51,1000.56,38.68,115.20,0.22,0.62,108.37,314.21,7955,-0.02,1.54,10.32,1.00,0.08,-0.02,-0.02,2.29,-9.33,-2.14,6,17,51,0,35.2901717,136.2529150,87.40, 0.15
230103,0.20,-1.21,9.42,1.00,-0.06,-0.01,-0.02,-1.54,6.81,-2.51,10.51,0.00,0,2,1001.20,40.62,109.98,1001.20,38.82,109.36,0.52,1000.56,38.69,115.17,0.10,0.42,108.19,314.21,7956,0.34,1.41,9.57,1.00,0.08,-0.02,-0.02,2.36,-9.40,-2.17,6,17,51,0,35.2901717,136.2529150,87.40, 0.15
230159,0.28,-1.01,9.72,1.00,-0.06,-0.01,-0.02,-1.49,6.81,-2.51,10.51,0.00,0,2,1001.19,40.62,110.02,1001.19,38.81,109.41,0.51,1000.56,38.71,115.16,0.15,0.52,108.11,314.12,7955,0.83,1.27,9.99,1.00,0.08,-0.02,-0.02,2.38,-9.41,-2.20,6,17,51,0,35.2901717,136.2529150,87.40, 0.15
230215,0.37,-1.05,10.10,1.00,-0.06,-0.01,-0.02,-1.47,6.83,-2.52,10.52,0.00,0,2,1001.19,40.62,110.02,1001.20,38.82,109.38,0.49,1000.56,38.70,115.16,0.82,1.20,108.11,314.12,7955,0.63,1.18,9.63,1.00,0.08,-0.02,-0.02,2.40,-9.45,-2.21,6,17,51,0,35.2901717,136.2529150,87.40, 0.15
230268,0.27,-1.35,9.69,1.00,-0.06,-0.01,-0.02,-1.38,6.90,-2.53,10.52,0.00,0,2,1001.20,40.61,109.98,1001.20,38.82,109.33,0.50,1000.56,38.70,115.15,0.45,0.89,108.28,314.12,7954,-0.24,2.22,9.85,1.00,0.08,-0.02,-0.02,2.43,-9.48,-2.20,6,17,51,0,35.2901717,136.2529150,87.40, 0.15
230325,0.37,-1.12,9.68,1.00,-0.06,-0.01,-0.02,-1.34,6.92,-2.53,10.51,0.00,0,2,1001.20,40.62,110.01,1001.20,38.82,109.34,0.51,1000.56,38.69,115.15,0.90,1.26,108.37,314.12,7955,0.78,1.17,9.55,1.00,0.08,-0.02,-0.02,2.49,-9.48,-2.23,6,17,51,0,35.2901717,136.2529150,87.40, 0.15
230378,0.41,-1.27,9.70,1.00,-0.06,-0.01,-0.02,-1.34,6.93,-2.53,10.49,0.00,0,2,1001.20,40.62,109.97,1001.20,38.82,109.35,0.48,1000.56,38.70,115.15,0.70,1.11,108.54,314.21,7954,1.08,1.84,9.65,1.00,0.08,-0.02,-0.02,2.52,-9.47,-2.24,6,17,51,0,35.2901717,136.2529150,87.40, 0.15
230435,0.35,-1.66,9.80,1.00,-0.06,-0.01,-0.02,-1.31,6.94,-2.54,10.50,0.00,0,2,1001.20,40.61,109.98,1001.20,38.82,109.32,0.48,1000.56,38.70,115.13,0.72,1.13,108.54,314.12,7955,-0.11,1.16,9.99,1.00,0.08,-0.02,-0.02,2.62,-9.40,-2.24,6,17,51,0,35.2901717,136.2529150,87.40, 0.15
230487,0.36,-0.79,9.93,1.00,-0.06,-0.01,-0.02,-1.22,6.85,-2.56,10.50,0.00,0,2,1001.20,40.62,109.99,1001.20,38.83,109.33,0.47,1000.56,38.70,115.11,0.32,0.75,108.28,314.12,7956,-0.03,1.64,10.02,1.00,0.08,-0.02,-0.02,2.69,-9.35,-2.23,6,17,51,0,35.2901717,136.2529150,87.40, 0.15
230545,0.41,-1.32,9.62,1.00,-0.06,-0.01,-0.02,-1.16,6.83,-2.56,10.51,0.00,0,2,1001.20,40.62,109.97,1001.20,38.83,109.31,0.47,1000.56,38.68,115.12,0.15,0.52,108.72,314.21,7955,0.58,1.71,9.83,1.00,0.08,-0.03,-0.02,2.72,-9.32,-2.24,6,17,51,0,35.2901717,136.2529150,87.40, 0.15
230599,0.00,-1.02,9.74,1.00,-0.06,-0.01,-0.02,-1.08,6.75,-2.56,10.51,0.00,0,2,1001.20,40.62,110.01,1001.20,38.84,109.32,0.47,1000.56,38.68,115.12,0.90,1.26,108.90,314.12,7953,0.23,1.12,9.74,1.00,0.08,-0.03,-0.02,2.81,-9.22,-2.24,6,17,51,0,35.2901717,136.2529150,87.40, 0.15
230657,0.12,-1.05,9.50,1.00,-0.06,-0.01,-0.02,-1.01,6.73,-2.57,10.51,0.00,0,2,1001.20,40.62,109.96,1001.21,38.84,109.29,0.46,1000.56,38.70,115.11,0.73,1.14,108.81,314.12,7955,0.28,1.53,9.76,1.00,0.08,-0.03,-0.02,2.87,-9.19,-2.23,6,17,51,0,35.2901717,136.2529150,87.40, 0.15
230713,0.13,-0.94,9.56,1.00,-0.06,-0.01,-0.02,-0.96,6.67,-2.58,10.53,0.00,0,2,1001.20,40.61,110.00,1001.20,38.83,109.33,0.46,1000.56,38.69,115.12,0.62,1.04,108.81,314.21,7955,0.68,2.34,10.03,1.00,0.08,-0.03,-0.02,2.95,-9.15,-2.22,6,17,51,0,35.2901717,136.2529150,87.40, 0.27
230766,0.06,-1.00,10.19,1.00,-0.06,-0.01,-0.02,-0.89,6.62,-2.58,10.53,0.00,0,2,1001.19,40.61,110.03,1001.20,38.83,109.35,0.45,1000.56,38.69,115.14,0.38,0.82,108.72,314.12,7955,0.20,1.25,10.45,1.00,0.08,-0.03,-0.02,2.99,-9.11,-2.21,6,17,51,0,35.2901717,136.2529150,87.40, 0.27
230823,-0.02,-0.74,10.28,1.00,-0.06,-0.01,-0.02,-0.78,6.57,-2.58,10.55,0.00,0,2,1001.20,40.61,109.98,1001.20,38.83,109.33,0.45,1000.57,38.69,115.08,0.15,0.52,108.28,314.12,7955,0.44,0.92,9.83,1.00,0.08,-0.03,-0.02,3.12,-9.01,-2.20,6,17,52,0,35.2901717,136.2529117,87.40, 0.27
230876,-0.04,-1.03,9.70,1.00,-0.06,-0.00,-0.02,-0.67,6.56,-2.60,10.55,0.00,0,2,1001.20,40.62,109.96,1001.20,38.84,109.33,0.45,1000.56,38.69,115.14,0.73,1.14,108.28,314.12,7954,1.37,1.83,9.79,1.00,0.08,-0.03,-0.02,3.17,-9.01,-2.22,6,17,52,0,35.2901717,136.2529117,87.40, 0.27
230933,-0.05,-1.03,9.74,1.00,-0.06,-0.00,-0.02,-0.56,6.51,-2.60,10.55,0.00,0,2,1001.20,40.62,109.97,1001.21,38.84,109.31,0.45,1000.57,38.69,115.10,0.72,1.13,108.46,314.12,7955,1.20,2.55,9.86,1.00,0.08,-0.03,-0.02,3.27,-9.00,-2.22,6,17,52,0,35.2901717,136.2529117,87.40, 0.27
230985,-0.12,-0.86,9.94,1.00,-0.06,-0.00,-0.02,-0.44,6.30,-2.62,10.55,0.00,0,2,1001.20,40.61,109.96,1001.21,38.84,109.31,0.44,1000.56,38.69,115.12,0.50,0.94,108.46,314.12,7955,0.13,1.90,10.15,1.00,0.08,-0.03,-0.02,3.36,-8.80,-2.15,6,17,52,0,35.2901717,136.2529117,87.40, 0.27
231038,-0.08,-1.03,9.79,1.00,-0.05,-0.00,-0.02,-0.37,6.16,-2.62,10.55,0.00,0,2,1001.20,40.61,109.96,1001.21,38.84,109.31,0.44,1000.57,38.69,115.10,0.68,1.10,108.54,314.12,7955,0.01,1.82,9.79,1.00,0.07,-0.03,-0.02,3.42,-8.65,-2.14,6,17,52,0,35.2901717,136.2529117,87.40, 0.27
231095,-0.25,-1.29,9.88,1.00,-0.05,-0.00,-0.02,-0.27,6.00,-2.63,10.55,0.00,0,2,1001.21,40.62,109.93,1001.21,38.83,109.30,0.44,1000.56,38.69,115.11,0.82,1.20,108.54,314.12,7955,1.57,2.64,10.07,1.00,0.07,-0.03,-0.02,3.50,-8.49,-2.13,6,17,52,0,35.2901717,136.2529117,87.40, 0.27
231149,-0.18,-0.77,9.59,1.00,-0.05,-0.00,-0.02,-0.23,5.85,-2.64,10.56,0.00,0,2,1001.20,40.61,109.98,1001.20,38.83,109.33,0.44,1000.56,38.68,115.14,0.95,1.30,108.11,314.12,7955,0.59,0.26,9.68,1.00,0.07,-0.03,-0.02,3.54,-8.32,-2.10,6,17,52,0,35.2901717,136.2529117,87.40, 0.27
231205,0.00,-0.90,9.61,1.00,-0.05,-0.00,-0.02,-0.20,5.75,-2.64,10.57,0.00,0,2,1001.20,40.62,109.97,1001.20,38.84,109.33,0.44,1000.56,38.69,115.14,1.25,1.49,108.02,314.12,7954,0.59,1.27,9.88,1.00,0.07,-0.03,-0.02,3.55,-8.25,-2.09,6,17,52,0,35.2901717,136.2529117,87.40, 0.27
231261,0.15,-0.83,9.78,1.00,-0.05,-0.00,-0.02,-0.19,5.69,-2.64,10.57,0.00,0,2,1001.20,40.61,109.96,1001.20,38.84,109.32,0.44,1000.56,38.68,115.13,1.28,1.51,108.11,314.12,7954,0.87,1.26,9.69,1.00,0.07,-0.03,-0.02,3.57,-8.18,-2.10,6,17,52,0,35.2901717,136.2529117,87.40, 0.27
231315,0.00,-0.75,9.88,1.00,-0.05,-0.00,-0.02,-0.16,5.57,-2.64,10.57,0.00,0,2,1001.20,40.62,109.94,1001.21,38.85,109.30,0.44,1000.57,38.69,115.10,1.17,1.44,108.02,314.12,7955,0.92,2.05,9.94,1.00,0.07,-0.03,-0.02,3.60,-8.10,-2.10,6,17,52,0,35.2901717,136.2529117,87.40, 0.27
231372,0.18,-0.66,9.54,1.00,-0.05,-0.00,-0.02,-0.15,5.44,-2.65,10.57,0.00,0,2,1001.20,40.62,109.96,1001.20,38.84,109.32,0.44,1000.56,38.70,115.15,1.30,1.52,107.93,314.12,7955,0.45,0.24,9.40,1.00,0.07,-0.03,-0.02,3.61,-8.02,-2.08,6,17,52,0,35.2901717,136.2529117,87.40, 0.27
231425,0.10,-0.93,9.94,1.00,-0.05,-0.00,-0.02,-0.13,5.31,-2.65,10.57,0.00,0,2,1001.20,40.61,109.96,1001.21,38.84,109.29,0.44,1000.57,38.70,115.09,0.95,1.30,107.58,314.12,7955,1.08,1.05,9.56,1.00,0.07,-0.03,-0.02,3.63,-7.90,-2.07,6,17,52,0,35.2901717,136.2529117,87.40, 0.27
231479,-0.04,-0.91,9.47,1.00,-0.05,0.00,-0.02,-0.11,5.18,-2.65,10.57,0.00,0,2,1001.20,40.61,109.94,1001.21,38.84,109.29,0.44,1000.57,38.71,115.11,0.88,1.25,107.67,314.03,7955,1.41,1.01,9.63,1.00,0.07,-0.03,-0.02,3.65,-7.75,-2.04,6,17,52,0,35.2901717,136.2529117,87.40, 0.27
231533,0.12,-0.62,9.96,1.00,-0.04,0.00,-0.02,-0.10,5.04,-2.65,10.58,0.00,0,2,1001.20,40.61,109.95,1001.20,38.84,109.32,0.43,1000.56,38.70,115.13,0.97,1.31,107.31,314.03,7955,0.02,1.34,9.98,1.00,0.07,-0.03,-0.02,3.66,-7.66,-2.01,6,17,52,0,35.2901717,136.2529117,87.40, 0.27
231586,0.12,-0.90,9.79,1.00,-0.04,0.00,-0.02,-0.10,4.94,-2.65,10.58,0.00,0,2,1001.20,40.60,109.94,1001.21,38.84,109.29,0.44,1000.56,38.69,115.12,0.98,1.32,107.31,314.03,7954,0.84,1.73,9.82,1.00,0.07,-0.03,-0.02,3.67,-7.54,-2.00,6,17,52,0,35.2901717,136.2529117,87.40, 0.27
231642,-0.03,-0.72,9.72,1.00,-0.04,0.00,-0.02,-0.10,4.81,-2.65,10.59,0.00,0,2,1001.20,40.62,109.94,1001.20,38.85,109.32,0.43,1000.57,38.69,115.10,1.12,1.41,106.96,314.03,7955,1.31,1.39,9.74,1.00,0.06,-0.03,-0.02,3.66,-7.40,-1.98,6,17,52,0,35.2901717,136.2529117,87.40, 0.27
231697,-0.02,-0.63,9.88,1.00,-0.04,0.00,-0.02,-0.10,4.69,-2.65,10.58,0.00,0,2,1001.21,40.62,109.91,1001.21,38.85,109.29,0.43,1000.56,38.70,115.11,1.02,1.34,106.96,314.03,7955,1.20,1.43,9.84,1.00,0.06,-0.03,-0.01,3.67,-7.24,-1.94,6,17,52,0,35.2901717,136.2529117,87.40, 0.11
231754,-0.03,-0.58,9.58,1.00,-0.04,0.00,-0.02,-0.08,4.55,-2.65,10.59,0.00,0,2,1001.21,40.62,109.92,1001.20,38.85,109.32,0.43,1000.57,38.71,115.10,1.10,1.39,107.05,313.95,7956,0.62,1.29,9.78,1.00,0.06,-0.03,-0.01,3.67,-7.13,-1.92,6,17,52,0,35.2901717,136.2529117,87.40, 0.11
231808,-0.04,-0.72,9.79,1.00,-0.04,0.00,-0.02,-0.07,4.43,-2.65,10.58,0.00,0,2,1001.20,40.62,109.96,1001.21,38.84,109.28,0.43,1000.57,38.70,115.10,1.00,1.33,107.05,313.95,7956,1.05,1.02,9.74,1.00,0.06,-0.03,-0.01,3.68,-7.05,-1.90,6,17,53,0,35.2901717,136.2529167,87.50, 0.11
231863,0.00,-0.66,9.90,1.00,-0.04,0.00,-0.02,-0.07,4.31,-2.65,10.58,0.00,0,2,1001.21,40.61,109.93,1001.21,38.84,109.31,0.43,1000.57,38.70,115.09,0.98,1.32,106.88,313.95,7955,1.02,1.03,9.82,1.00,0.06,-0.03,-0.01,3.68,-6.94,-1.86,6,17,53,0,35.2901717,136.2529167,87.50, 0.11
231921,0.24,-0.63,9.79,1.00,-0.04,0.00,-0.02,-0.08,4.22,-2.65,10.58,0.00,0,2,1001.21,40.61,109.92,1001.21,38.85,109.31,0.43,1000.57,38.73,115.08,1.00,1.33,106.70,313.95,7955,0.37,0.99,9.71,1.00,0.06,-0.03,-0.01,3.70,-6.82,-1.83,6,17,53,0,35.2901717,136.2529167,87.50, 0.11
231974,0.00,-0.69,9.64,1.00,-0.04,0.00,-0.02,-0.08,4.11,-2.64,10.58,0.00,0,2,1001.21,40.62,109.91,1001.21,38.85,109.29,0.43,1000.57,38.71,115.09,1.27,1.50,106.26,313.95,7955,1.11,1.48,9.82,1.00,0.06,-0.03,-0.01,3.69,-6.75,-1.82,6,17,53,0,35.2901717,136.2529167,87.50, 0.11
232030,-0.01,-0.58,9.86,1.00,-0.03,0.00,-0.02,-0.09,3.99,-2.64,10.59,0.00,0,2,1001.21,40.61,109.93,1001.20,38.85,109.35,0.43,1000.57,38.70,115.11,0.98,1.32,106.35,313.95,7956,1.05,1.53,9.81,1.00,0.06,-0.03,-0.01,3.70,-6.63,-1.78,6,17,53,0,35.2901717,136.2529167,87.50, 0.11
232082,-0.13,-0.45,9.92,1.00,-0.03,0.00,-0.02,-0.07,3.84,-2.64,10.59,0.00,0,2,1001.21,40.62,109.89,1001.21,38.85,109.31,0.43,1000.56,38.68,115.12,0.98,1.32,106.17,313.95,7955,0.74,1.15,9.87,1.00,0.06,-0.03,-0.01,3.71,-6.46,-1.74,6,17,53,0,35.2901717,136.2529167,87.50, 0.11
232136,-0.11,-0.39,9.82,1.00,-0.03,0.00,-0.02,-0.01,3.68,-2.65,10.59,0.00,0,2,1001.21,40.61,109.90,1001.21,38.87,109.29,0.43,1000.57,38.70,115.11,1.05,1.36,106.08,313.95,7955,0.64,0.91,9.87,1.00,0.05,-0.03,-0.01,3.75,-6.29,-1.71,6,17,53,0,35.2901717,136.2529167,87.50, 0.11
232191,0.02,-0.42,9.87,1.00,-0.03,0.00,-0.02,0.01,3.53,-2.65,10.59,0.00,0,2,1001.21,40.61,109.90,1001.21,38.86,109.30,0.43,1000.56,38.71,115.13,1.32,1.53,106.08,313.95,7955,0.89,0.66,9.75,1.00,0.05,-0.03,-0.01,3.75,-6.23,-1.70,6,17,53,0,35.2901717,136.2529167,87.50, 0.11
232244,0.06,-0.65,9.70,1.00,-0.03,0.00,-0.02,0.00,3.42,-2.65,10.59,0.00,0,2,1001.21,40.62,109.93,1001.21,38.86,109.32,0.43,1000.56,38.69,115.12,1.12,1.41,106.44,313.95,7956,0.34,1.24,9.84,1.00,0.05,-0.03,-0.01,3.78,-6.10,-1.66,6,17,53,0,35.2901717,136.2529167,87.50, 0.11
232301,0.04,-0.52,9.74,1.00,-0.03,0.00,-0.02,-0.00,3.34,-2.65,10.59,0.00,0,2,1001.20,40.61,109.94,1001.21,38.86,109.33,0.43,1000.56,38.71,115.14,0.47,0.91,106.44,313.95,7956,0.59,0.91,9.71,1.00,0.05,-0.03,-0.01,3.78,-5.99,-1.63,6,17,53,0,35.2901717,136.2529167,87.50, 0.11
232357,-0.03,-0.28,9.79,1.00,-0.03,0.00,-0.02,0.00,3.25,-2.65,10.60,0.00,0,2,1001.20,40.61,109.94,1001.21,38.85,109.31,0.43,1000.56,38.69,115.13,1.13,1.42,106.26,313.95,7955,0.70,0.49,9.89,1.00,0.05,-0.03,-0.01,3.79,-5.86,-1.60,6,17,53,0,35.2901717,136.2529167,87.50, 0.11
232412,-0.13,-0.50,9.62,1.00,-0.03,0.00,-0.02,-0.00,3.13,-2.65,10.59,0.00,0,2,1001.21,40.60,109.87,1001.21,38.86,109.28,0.43,1000.57,38.72,115.10,0.77,1.16,106.96,313.95,7955,0.74,1.53,9.76,1.00,0.05,-0.03,-0.01,3.79,-5.81,-1.59,6,17,53,0,35.2901717,136.2529167,87.50, 0.11
232468,-0.05,-0.46,9.90,1.00,-0.03,0.00,-0.02,0.01,3.02,-2.65,10.58,0.00,0,2,1001.21,40.62,109.93,1001.21,38.88,109.27,0.43,1000.56,38.70,115.11,1.25,1.49,107.40,313.95,7955,0.75,1.00,9.93,1.00,0.05,-0.03,-0.01,3.80,-5.66,-1.57,6,17,53,0,35.2901717,136.2529167,87.50, 0.11
232521,-0.05,-0.37,9.73,1.00,-0.03,0.00,-0.02,0.01,2.90,-2.65,10.58,0.00,0,2,1001.21,40.61,109.90,1001.21,38.86,109.28,0.43,1000.57,38.71,115.10,1.22,1.47,107.40,313.95,7954,0.76,1.20,9.93,1.00,0.05,-0.03,-0.01,3.80,-5.52,-1.54,6,17,53,0,35.2901717,136.2529167,87.50, 0.11
232576,0.00,-0.40,9.74,1.00,-0.02,0.00,-0.02,0.01,2.81,-2.65,10.58,0.00,0,2,1001.21,40.61,109.90,1001.21,38.86,109.28,0.42,1000.57,38.71,115.10,1.18,1.45,107.93,313.95,7955,0.62,0.35,9.59,1.00,0.05,-0.03,-0.01,3.79,-5.39,-1.53,6,17,53,0,35.2901717,136.2529167,87.50, 0.11
232630,0.00,-0.31,9.87,1.00,-0.02,0.00,-0.02,0.01,2.70,-2.65,10.58,0.00,0,2,1001.21,40.62,109.91,1001.21,38.87,109.27,0.43,1000.56,38.71,115.14,1.43,1.59,107.93,313.95,7955,0.69,1.06,9.95,1.00,0.05,-0.03,-0.01,3.79,-5.34,-1.53,6,17,53,0,35.2901717,136.2529167,87.50, 0.11
232682,-0.05,-0.27,9.82,1.00,-0.02,0.00,-0.02,0.02,2.61,-2.65,10.59,0.00,0,2,1001.21,40.62,109.93,1001.21,38.87,109.30,0.43,1000.56,38.70,115.13,1.55,1.66,107.93,313.95,7955,0.71,1.28,9.93,1.00,0.05,-0.03,-0.01,3.80,-5.24,-1.52,6,17,53,0,35.2901717,136.2529167,87.50, 0.10
232735,-0.01,-0.42,9.75,1.00,-0.02,0.00,-0.02,0.02,2.53,-2.65,10.60,0.00,0,2,1001.21,40.61,109.92,1001.20,38.87,109.29,0.43,1000.57,38.70,115.11,1.48,1.62,107.75,313.95,7955,0.64,1.31,9.86,1.00,0.04,-0.03,-0.01,3.80,-5.14,-1.52,6,17,53,0,35.2901717,136.2529167,87.50, 0.10
232790,-0.08,-0.33,9.85,1.00,-0.02,0.00,-0.02,0.02,2.40,-2.65,10.61,0.00,0,2,1001.21,40.60,109.90,1001.20,38.86,109.27,0.43,1000.56,38.69,115.13,1.50,1.63,107.58,313.95,7954,0.84,1.26,9.97,1.00,0.04,-0.03,-0.01,3.80,-4.96,-1.52,6,17,54,0,35.2901700,136.2529150,87.50, 0.10
232844,-0.03,-0.15,9.80,1.00,-0.02,0.00,-0.02,0.03,2.28,-2.65,10.60,0.00,0,2,1001.21,40.62,109.92,1001.21,38.87,109.31,0.43,1000.56,38.71,115.14,1.43,1.59,107.14,313.95,7955,0.75,-0.05,9.63,1.00,0.04,-0.03,-0.01,3.80,-4.87,-1.51,6,17,54,0,35.2901700,136.2529150,87.50, 0.10
232901,-0.02,-0.26,9.70,1.00,-0.02,0.00,-0.02,0.03,2.14,-2.65,10.60,0.00,0,2,1001.21,40.60,109.90,1001.21,38.87,109.31,0.43,1000.56,38.72,115.14,1.43,1.59,106.79,313.95,7955,0.77,0.36,9.60,1.00,0.04,-0.03,-0.01,3.80,-4.78,-1.51,6,17,54,0,35.2901700,136.2529150,87.50, 0.10
232959,0.01,-0.28,9.83,1.00,-0.02,0.00,-0.02,0.04,2.06,-2.65,10.60,0.00,0,2,1001.21,40.61,109.90,1001.21,38.90,109.29,0.43,1000.56,38.71,115.14,1.40,1.57,106.79,313.95,7954,0.77,0.13,9.72,1.00,0.04,-0.03,-0.01,3.80,-4.62,-1.51,6,17,54,0,35.2901700,136.2529150,87.50, 0.10
233011,-0.14,0.09,10.23,1.00,-0.02,0.00,-0.02,0.03,1.95,-2.65,10.60,0.00,0,2,1001.21,40.61,109.93,1001.21,38.87,109.34,0.43,1000.56,38.73,115.13,1.45,1.60,106.79,313.95,7956,0.79,-0.04,9.74,1.00,0.04,-0.03,-0.01,3.80,-4.57,-1.51,6,17,54,0,35.2901700,136.2529150,87.50, 0.10
233069,-0.16,-0.22,9.58,1.00,-0.02,0.00,-0.02,0.04,1.94,-2.65,10.61,0.00,0,2,1001.21,40.62,109.93,1001.20,38.88,109.32,0.43,1000.56,38.72,115.15,1.45,1.60,106.88,313.95,7956,0.91,1.14,9.67,1.00,0.04,-0.03,-0.01,3.80,-4.59,-1.51,6,17,54,0,35.2901700,136.2529150,87.50, 0.10
233121,-0.05,-0.40,9.64,1.00,-0.02,0.00,-0.02,0.04,1.95,-2.65,10.61,0.00,0,2,1001.21,40.62,109.91,1001.21,38.90,109.29,0.43,1000.56,38.70,115.15,1.57,1.66,107.05,313.95,7954,0.91,0.84,9.82,1.00,0.04,-0.03,-0.01,3.80,-4.61,-1.51,6,17,54,0,35.2901700,136.2529150,87.50, 0.10
233179,-0.08,-0.03,9.85,1.00,-0.02,0.00,-0.02,0.05,1.95,-2.65,10.62,0.00,0,2,1001.20,40.60,109.97,1001.21,38.89,109.31,0.43,1000.56,38.71,115.14,1.70,1.73,107.05,313.95,7955,0.82,0.44,9.78,1.00,0.04,-0.03,-0.01,3.81,-4.61,-1.51,6,17,54,0,35.2901700,136.2529150,87.50, 0.10
233231,0.00,-0.28,9.73,1.00,-0.02,0.00,-0.02,0.05,1.93,-2.65,10.61,0.00,0,2,1001.21,40.61,109.91,1001.21,38.88,109.31,0.43,1000.56,38.71,115.17,1.63,1.70,107.05,313.95,7953,0.79,0.74,9.70,1.00,0.04,-0.03,-0.01,3.81,-4.60,-1.51,6,17,54,0,35.2901700,136.2529150,87.50, 0.10
233284,0.01,-0.28,9.62,1.00,-0.02,0.00,-0.02,0.04,1.95,-2.65,10.62,0.00,0,2,1001.21,40.60,109.92,1001.21,38.88,109.30,0.43,1000.56,38.71,115.16,1.72,1.74,107.05,313.95,7955,0.68,0.96,9.67,1.00,0.04,-0.03,-0.01,3.81,-4.59,-1.51,6,17,54,0,35.2901700,136.2529150,87.50, 0.10
233340,-0.07,-0.13,9.92,1.00,-0.02,0.00,-0.02,0.05,1.95,-2.65,10.61,0.00,0,2,1001.20,40.62,109.94,1001.21,38.89,109.30,0.43,1000.56,38.70,115.18,1.80,1.78,106.96,313.95,7956,0.89,0.62,9.86,1.00,0.04,-0.03,-0.01,3.82,-4.57,-1.51,6,17,54,0,35.2901700,136.2529150,87.50, 0.10
233398,-0.09,-0.25,9.55,1.00,-0.02,0.00,-0.02,0.05,1.95,-2.65,10.61,0.00,0,2,1001.21,40.62,109.91,1001.21,38.88,109.32,0.43,1000.56,38.70,115.16,1.73,1.75,106.96,313.95,7956,0.75,0.82,9.74,1.00,0.04,-0.03,-0.01,3.84,-4.55,-1.51,6,17,54,0,35.2901700,136.2529150,87.50, 0.10
233450,-0.11,-0.22,9.73,1.00,-0.02,0.00,-0.02,0.06,1.93,-2.65,10.61,0.00,0,2,1001.21,40.62,109.92,1001.21,38.89,109.31,0.43,1000.56,38.71,115.19,1.72,1.74,106.96,313.95,7955,0.80,0.86,9.83,1.00,0.04,-0.03,-0.01,3.85,-4.55,-1.51,6,17,54,0,35.2901700,136.2529150,87.50, 0.10
233506,-0.09,-0.11,9.88,1.00,-0.02,0.00,-0.02,0.07,1.90,-2.65,10.62,0.00,0,2,1001.21,40.62,109.91,1001.20,38.87,109.34,0.43,1000.56,38.70,115.18,1.72,1.74,106.88,313.95,7955,0.91,0.34,9.72,1.00,0.04,-0.03,-0.01,3.89,-4.52,-1.51,6,17,54,0,35.2901700,136.2529150,87.50, 0.10
233558,-0.05,-0.22,9.68,1.00,-0.02,0.00,-0.02,0.08,1.87,-2.65,10.62,0.00,0,2,1001.21,40.61,109.91,1001.21,38.88,109.34,0.43,1000.55,38.70,115.21,1.65,1.71,107.23,313.95,7954,0.75,0.65,9.69,1.00,0.04,-0.03,-0.01,3.89,-4.52,-1.51,6,17,54,0,35.2901700,136.2529150,87.50, 0.10
233613,0.01,-0.15,9.85,1.00,-0.02,0.00,-0.02,0.08,1.86,-2.65,10.62,0.00,0,2,1001.20,40.60,109.93,1001.21,38.89,109.33,0.43,1000.56,38.71,115.18,1.63,1.70,107.23,313.95,7956,0.58,0.55,9.84,1.00,0.04,-0.03,-0.01,3.91,-4.50,-1.51,6,17,54,0,35.2901700,136.2529150,87.50, 0.10
233668,0.07,-0.24,9.79,1.00,-0.02,0.00,-0.02,0.08,1.86,-2.65,10.61,0.00,0,2,1001.21,40.61,109.91,1001.21,38.89,109.29,0.43,1000.56,38.72,115.17,1.52,1.64,107.14,313.95,7955,0.71,0.93,9.82,1.00,0.04,-0.03,-0.01,3.91,-4.49,-1.51,6,17,54,0,35.2901700,136.2529150,87.50, 0.24
233719,0.07,-0.17,9.88,1.00,-0.02,0.00,-0.02,0.07,1.83,-2.65,10.61,0.00,0,2,1001.20,40.61,109.94,1001.21,38.90,109.31,0.43,1000.56,38.71,115.16,1.45,1.60,107.05,313.95,7955,0.71,0.50,9.78,1.00,0.04,-0.03,-0.01,3.91,-4.48,-1.50,6,17,54,0,35.2901700,136.2529150,87.50, 0.24
233777,0.03,-0.20,9.92,1.00,-0.02,0.00,-0.02,0.06,1.83,-2.65,10.61,0.00,0,2,1001.20,40.61,109.94,1001.21,38.89,109.31,0.43,1000.56,38.71,115.16,1.27,1.50,107.05,313.95,7956,0.66,0.58,9.77,1.00,0.04,-0.03,-0.01,3.92,-4.48,-1.51,6,17,54,0,35.2901700,136.2529150,87.50, 0.24
233830,0.00,-0.17,9.81,1.00,-0.02,0.00,-0.02,0.06,1.83,-2.65,10.61,0.00,0,2,1001.21,40.61,109.91,1001.21,38.89,109.32,0.43,1000.56,38.72,115.15,1.48,1.62,106.96,313.95,7955,0.79,0.59,9.71,1.00,0.04,-0.03,-0.01,3.93,-4.48,-1.51,6,17,55,0,35.2901683,136.2529133,87.50, 0.24
233887,-0.14,-0.18,9.74,1.00,-0.02,0.00,-0.02,0.07,1.81,-2.65,10.60,0.00,0,2,1001.21,40.62,109.93,1001.21,38.90,109.29,0.43,1000.56,38.70,115.16,1.47,1.61,106.96,313.95,7955,0.90,0.70,9.80,1.00,0.04,-0.03,-0.01,3.95,-4.46,-1.51,6,17,55,0,35.2901683,136.2529133,87.50, 0.24
233939,-0.11,-0.20,9.69,1.00,-0.02,0.00,-0.02,0.08,1.82,-2.65,10.60,0.00,0,2,1001.21,40.62,109.93,1001.21,38.90,109.33,0.43,1000.56,38.71,115.16,1.53,1.65,106.88,313.95,7956,0.83,0.81,9.76,1.00,0.04,-0.04,-0.01,4.00,-4.43,-1.51,6,17,55,0,35.2901683,136.2529133,87.50, 0.24
233996,-0.06,-0.22,9.83,1.00,-0.02,0.00,-0.02,0.09,1.81,-2.65,10.60,0.00,0,2,1001.21,40.61,109.90,1001.20,38.89,109.30,0.43,1000.56,38.71,115.16,1.52,1.64,106.88,313.95,7954,0.94,0.86,9.79,1.00,0.04,-0.04,-0.01,4.04,-4.43,-1.50,6,17,55,0,35.2901683,136.2529133,87.50, 0.24
234048,-0.07,-0.16,9.81,1.00,-0.02,0.00,-0.02,0.10,1.80,-2.65,10.60,0.00,0,2,1001.21,40.61,109.93,1001.21,38.89,109.29,0.43,1000.56,38.70,115.16,1.47,1.61,106.88,313.95,7954,0.73,0.66,9.76,1.00,0.04,-0.04,-0.01,4.05,-4.42,-1.50,6,17,55,0,35.2901683,136.2529133,87.50, 0.24
234105,0.03,-0.01,9.90,1.00,-0.02,0.00,-0.02,0.10,1.77,-2.65,10.60,0.00,0,2,1001.21,40.60,109.92,1001.21,38.91,109.32,0.42,1000.56,38.72,115.15,1.43,1.59,106.79,313.95,7954,0.74,0.47,9.83,1.00,0.04,-0.04,-0.01,4.08,-4.37,-1.50,6,17,55,0,35.2901683,136.2529133,87.50, 0.24
234158,0.07,-0.11,9.97,1.00,-0.02,0.00,-0.02,0.10,1.72,-2.65,10.60,0.00,0,2,1001.20,40.60,109.94,1001.20,38.90,109.34,0.43,1000.56,38.71,115.18,1.50,1.63,106.79,313.95,7955,0.88,0.05,9.73,1.00,0.04,-0.04,-0.01,4.10,-4.32,-1.49,6,17,55,0,35.2901683,136.2529133,87.50, 0.24
234216,0.11,-0.13,10.00,1.00,-0.01,0.00,-0.02,0.09,1.71,-2.65,10.60,0.00,0,2,1001.20,40.60,109.93,1001.21,38.91,109.28,0.43,1000.56,38.71,115.18,1.40,1.57,106.26,313.95,7955,0.91,0.66,9.84,1.00,0.04,-0.04,-0.01,4.10,-4.34,-1.49,6,17,55,0,35.2901683,136.2529133,87.50, 0.24
234268,0.00,-0.31,9.75,1.00,-0.02,0.00,-0.02,0.09,1.72,-2.65,10.60,0.00,0,2,1001.21,40.61,109.92,1001.21,38.90,109.30,0.43,1000.56,38.71,115.18,1.58,1.67,105.47,313.95,7956,1.10,0.91,9.80,1.00,0.04,-0.04,-0.01,4.09,-4.35,-1.50,6,17,55,0,35.2901683,136.2529133,87.50, 0.24
234326,-0.12,-0.23,9.84,1.00,-0.02,0.00,-0.02,0.09,1.72,-2.65,10.60,0.00,0,2,1001.21,40.61,109.91,1001.21,38.91,109.30,0.43,1000.56,38.70,115.18,1.40,1.57,104.68,313.95,7955,0.72,0.40,9.74,1.00,0.04,-0.04,-0.01,4.10,-4.34,-1.49,6,17,55,0,35.2901683,136.2529133,87.50, 0.24
234378,-0.04,-0.16,9.79,1.00,-0.01,0.00,-0.02,0.11,1.71,-2.65,10.60,0.00,0,2,1001.21,40.62,109.92,1001.21,38.91,109.30,0.43,1000.56,38.71,115.12,1.48,1.62,104.59,313.95,7956,0.79,0.11,9.54,1.00,0.04,-0.04,-0.01,4.10,-4.34,-1.48,6,17,55,0,35.2901683,136.2529133,87.50, 0.24
234431,-0.03,-0.16,9.79,1.00,-0.01,0.00,-0.02,0.11,1.70,-2.64,10.59,0.00,0,2,1001.21,40.62,109.91,1001.21,38.90,109.32,0.42,1000.56,38.70,115.16,1.42,1.58,104.59,313.95,7954,1.14,0.21,9.67,1.00,0.04,-0.04,-0.01,4.10,-4.33,-1.48,6,17,55,0,35.2901683,136.2529133,87.50, 0.24
234487,-0.01,-0.12,9.85,1.00,-0.01,0.00,-0.02,0.12,1.67,-2.64,10.59,0.00,0,2,1001.20,40.62,109.94,1001.21,38.90,109.32,0.43,1000.56,38.71,115.14,1.60,1.68,104.77,313.95,7955,0.74,0.17,9.66,1.00,0.04,-0.04,-0.01,4.10,-4.34,-1.46,6,17,55,0,35.2901683,136.2529133,87.50, 0.24
234544,-0.03,-0.16,9.68,1.00,-0.01,0.00,-0.02,0.12,1.66,-2.64,10.60,0.00,0,2,1001.21,40.61,109.90,1001.21,38.91,109.32,0.43,1000.56,38.70,115.13,1.47,1.61,104.68,313.95,7956,0.70,1.23,9.83,1.00,0.04,-0.04,-0.01,4.10,-4.35,-1.47,6,17,55,0,35.2901683,136.2529133,87.50, 0.24
234597,-0.08,-0.15,9.86,1.00,-0.01,0.00,-0.02,0.12,1.65,-2.64,10.60,0.00,0,2,1001.21,40.62,109.93,1001.21,38.92,109.33,0.43,1000.56,38.71,115.14,1.45,1.60,104.85,313.95,7954,1.09,0.83,9.89,1.00,0.04,-0.04,-0.01,4.10,-4.34,-1.47,6,17,55,0,35.2901683,136.2529133,87.50, 0.24
234655,-0.06,-0.22,9.68,1.00,-0.01,0.00,-0.02,0.12,1.63,-2.64,10.59,0.00,0,2,1001.21,40.62,109.91,1001.21,38.91,109.31,0.43,1000.56,38.70,115.18,1.47,1.61,104.94,313.95,7955,0.77,1.04,9.87,1.00,0.04,-0.04,-0.01,4.10,-4.35,-1.47,6,17,55,0,35.2901683,136.2529133,87.50, 0.24
234706,0.00,-0.17,9.81,1.00,-0.01,0.00,-0.02,0.12,1.62,-2.64,10.60,0.00,0,2,1001.21,40.62,109.90,1001.21,38.90,109.32,0.43,1000.56,38.70,115.16,1.45,1.60,104.85,313.95,7955,0.97,0.24,9.70,1.00,0.04,-0.04,-0.01,4.10,-4.35,-1.47,6,17,55,0,35.2901683,136.2529133,87.50, 0.24
234760,0.01,-0.20,9.78,1.00,-0.01,0.00,-0.02,0.12,1.61,-2.64,10.60,0.00,0,2,1001.21,40.62,109.91,1001.21,38.91,109.32,0.43,1000.56,38.70,115.18,1.73,1.75,104.85,313.95,7954,0.95,0.73,9.76,1.00,0.04,-0.04,-0.01,4.10,-4.36,-1.47,6,17,55,0,35.2901683,136.2529133,87.50, 0.24
234816,0.00,-0.20,9.81,1.00,-0.01,0.00,-0.02,0.12,1.60,-2.64,10.61,0.00,0,2,1001.21,40.62,109.93,1001.21,38.91,109.33,0.43,1000.56,38.71,115.16,1.78,1.78,104.77,313.95,7955,0.91,0.92,9.81,1.00,0.04,-0.04,-0.01,4.10,-4.36,-1.48,6,17,56,0,35.2901683,136.2529117,87.50, 0.24
234871,-0.01,-0.13,9.77,1.00,-0.01,0.00,-0.02,0.12,1.59,-2.64,10.61,0.00,0,2,1001.21,40.62,109.91,1001.21,38.92,109.33,0.43,1000.56,38.70,115.18,1.65,1.71,104.77,313.95,7954,0.56,0.57,9.81,1.00,0.04,-0.04,-0.01,4.11,-4.35,-1.48,6,17,56,0,35.2901683,136.2529117,87.50, 0.24
234927,-0.05,-0.15,9.74,1.00,-0.01,0.00,-0.02,0.12,1.57,-2.64,10.61,0.00,0,2,1001.20,40.62,109.94,1001.20,38.92,109.34,0.43,1000.56,38.72,115.21,1.90,1.83,104.85,313.95,7955,0.91,0.41,9.69,1.00,0.04,-0.04,-0.01,4.13,-4.32,-1.49,6,17,56,0,35.2901683,136.2529117,87.50, 0.24
234979,-0.08,-0.17,9.79,1.00,-0.01,0.00,-0.02,0.12,1.56,-2.64,10.62,0.00,0,2,1001.20,40.60,109.93,1001.20,38.91,109.32,0.43,1000.56,38.73,115.18,1.93,1.85,105.38,313.95,7955,0.99,0.42,9.71,1.00,0.04,-0.04,-0.01,4.13,-4.32,-1.49,6,17,56,0,35.2901683,136.2529117,87.50, 0.24
235036,-0.02,-0.15,9.75,1.00,-0.01,0.00,-0.02,0.13,1.55,-2.64,10.62,0.00,0,2,1001.21,40.62,109.93,1001.21,38.91,109.30,0.43,1000.55,38.71,115.21,1.98,1.87,105.38,313.95,7955,0.56,0.43,9.79,1.00,0.04,-0.04,-0.01,4.14,-4.32,-1.49,6,17,56,0,35.2901683,136.2529117,87.50, 0.24
235093,-0.05,-0.20,9.79,1.00,-0.01,0.00,-0.02,0.13,1.54,-2.64,10.62,0.00,0,2,1001.21,40.62,109.93,1001.21,38.91,109.33,0.43,1000.56,38.71,115.19,1.87,1.82,105.29,313.95,7954,0.60,0.50,9.74,1.00,0.04,-0.04,-0.01,4.15,-4.32,-1.50,6,17,56,0,35.2901683,136.2529117,87.50, 0.24
235145,0.00,-0.23,9.84,1.00,-0.01,0.00,-0.02,0.13,1.54,-2.64,10.60,0.00,0,2,1001.21,40.61,109.91,1001.21,38.93,109.32,0.43,1000.56,38.72,115.19,1.87,1.82,105.12,313.95,7956,0.95,0.86,9.76,1.00,0.04,-0.04,-0.01,4.17,-4.32,-1.50,6,17,56,0,35.2901683,136.2529117,87.50, 0.24
235203,0.00,-0.04,9.82,1.00,-0.01,0.00,-0.02,0.13,1.53,-2.64,10.62,0.00,0,2,1001.20,40.62,109.94,1001.20,38.92,109.36,0.43,1000.56,38.72,115.15,1.75,1.76,104.41,313.95,7954,0.67,0.60,9.83,1.00,0.04,-0.04,-0.01,4.17,-4.32,-1.50,6,17,56,0,35.2901683,136.2529117,87.50, 0.24
235255,-0.05,-0.16,9.78,1.00,-0.01,0.00,-0.02,0.13,1.52,-2.64,10.61,0.00,0,2,1001.20,40.61,109.95,1001.20,38.92,109.32,0.43,1000.55,38.71,115.21,1.72,1.74,104.15,313.95,7955,0.81,0.70,9.79,1.00,0.04,-0.04,-0.01,4.17,-4.31,-1.50,6,17,56,0,35.2901683,136.2529117,87.50, 0.24
235312,-0.09,-0.26,9.72,1.00,-0.01,0.00,-0.02,0.13,1.52,-2.64,10.61,0.00,0,2,1001.20,40.61,109.96,1001.21,38.91,109.32,0.43,1000.56,38.72,115.17,1.83,1.80,103.97,313.95,7955,0.91,0.71,9.74,1.00,0.04,-0.04,-0.01,4.19,-4.31,-1.51,6,17,56,0,35.2901683,136.2529117,87.50, 0.24
235366,-0.07,-0.09,9.91,1.00,-0.01,0.00,-0.02,0.13,1.52,-2.64,10.61,0.00,0,2,1001.21,40.62,109.93,1001.20,38.92,109.35,0.43,1000.56,38.73,115.16,1.87,1.82,104.06,313.95,7956,0.75,0.53,9.79,1.00,0.04,-0.04,-0.01,4.20,-4.31,-1.51,6,17,56,0,35.2901683,136.2529117,87.50, 0.24
235422,-0.04,-0.17,9.73,1.00,-0.01,0.00,-0.02,0.13,1.52,-2.64,10.62,0.00,0,2,1001.21,40.61,109.93,1001.20,38.90,109.38,0.43,1000.56,38.72,115.21,1.85,1.81,104.33,313.95,7955,0.64,0.71,9.82,1.00,0.04,-0.04,-0.01,4.22,-4.28,-1.51,6,17,56,0,35.2901683,136.2529117,87.50, 0.24
235475,-0.01,-0.18,9.83,1.00,-0.01,0.00,-0.02,0.13,1.52,-2.64,10.61,0.00,0,2,1001.21,40.61,109.93,1001.21,38.93,109.38,0.43,1000.55,38.71,115.21,1.95,1.86,104.33,313.95,7955,0.80,0.74,9.82,1.00,0.04,-0.04,-0.01,4.22,-4.28,-1.51,6,17,56,0,35.2901683,136.2529117,87.50, 0.24
235528,0.01,-0.16,9.82,1.00,-0.01,0.00,-0.02,0.13,1.52,-2.64,10.62,0.00,0,2,1001.21,40.61,109.93,1001.20,38.91,109.31,0.43,1000.56,38.71,115.17,1.92,1.84,104.33,313.95,7956,0.79,0.84,9.82,1.00,0.04,-0.04,-0.01,4.23,-4.27,-1.51,6,17,56,0,35.2901683,136.2529117,87.50, 0.24
235584,-0.03,-0.15,9.81,1.00,-0.01,0.00,-0.02,0.13,1.52,-2.64,10.62,0.00,0,2,1001.20,40.60,109.93,1001.20,38.91,109.39,0.43,1000.55,38.71,115.21,1.98,1.87,104.33,313.95,7955,0.65,0.49,9.74,1.00,0.04,-0.04,-0.01,4.24,-4.26,-1.50,6,17,56,0,35.2901683,136.2529117,87.50, 0.24
235638,-0.06,-0.18,9.79,1.00,-0.01,0.00,-0.02,0.13,1.52,-2.64,10.62,0.00,0,2,1001.21,40.61,109.93,1001.20,38.92,109.36,0.43,1000.55,38.71,115.21,2.15,1.95,104.24,313.95,7955,0.73,0.60,9.79,1.00,0.04,-0.04,-0.01,4.24,-4.26,-1.50,6,17,56,0,35.2901683,136.2529117,87.50, 0.24
235693,-0.05,-0.19,9.74,1.00,-0.01,0.00,-0.02,0.13,1.52,-2.64,10.63,0.00,0,2,1001.20,40.60,109.93,1001.21,38.93,109.34,0.43,1000.56,38.72,115.20,2.10,1.93,104.24,313.95,7955,0.80,0.72,9.76,1.00,0.04,-0.04,-0.01,4.25,-4.25,-1.50,6,17,56,0,35.2901683,136.2529117,87.50, 0.24
235746,-0.03,-0.13,9.79,1.00,-0.01,0.00,-0.02,0.13,1.52,-2.64,10.63,0.00,0,2,1001.20,40.62,109.94,1001.20,38.93,109.34,0.43,1000.56,38.74,115.21,1.90,1.83,103.80,313.86,7955,0.79,0.65,9.85,1.00,0.04,-0.04,-0.01,4.26,-4.24,-1.50,6,17,56,0,35.2901683,136.2529117,87.50, 0.24
235803,-0.03,-0.19,9.76,1.00,-0.01,0.00,-0.02,0.13,1.52,-2.64,10.62,0.00,0,2,1001.20,40.60,109.93,1001.20,38.92,109.36,0.43,1000.56,38.72,115.20,1.93,1.85,103.80,313.86,7956,0.75,0.53,9.74,1.00,0.04,-0.04,-0.01,4.26,-4.22,-1.50,6,17,56,0,35.2901683,136.2529117,87.50, 0.24
235862,-0.03,-0.18,9.77,1.00,-0.01,0.00,-0.02,0.13,1.52,-2.64,10.62,0.00,0,2,1001.21,40.61,109.91,1001.21,38.93,109.34,0.43,1000.56,38.73,115.20,1.87,1.82,103.80,313.86,7955,0.79,0.58,9.76,1.00,0.04,-0.04,-0.01,4.28,-4.21,-1.50,6,17,56,0,35.2901683,136.2529117,87.50, 0.24
235914,0.00,-0.15,9.77,1.00,-0.01,0.00,-0.02,0.13,1.52,-2.64,10.61,0.00,0,2,1001.20,40.61,109.94,1001.20,38.93,109.35,0.43,1000.56,38.73,115.20,1.78,1.78,103.89,313.86,7954,0.76,0.58,9.78,1.00,0.04,-0.04,-0.01,4.28,-4.21,-1.50,6,17,56,0,35.2901683,136.2529117,87.50, 0.24
235970,0.01,-0.17,9.82,1.00,-0.01,0.00,-0.02,0.13,1.52,-2.64,10.61,0.00,0,2,1001.20,40.61,109.94,1001.21,38.93,109.34,0.43,1000.56,38.74,115.17,1.95,1.86,103.97,313.86,7955,0.75,0.68,9.78,1.00,0.04,-0.04,-0.01,4.28,-4.21,-1.50,6,17,56,0,35.2901683,136.2529117,87.50, 0.24
236023,-0.04,-0.19,9.79,1.00,-0.01,0.00,-0.02,0.13,1.52,-2.64,10.61,0.00,0,2,1001.20,40.61,109.95,1001.20,38.94,109.34,0.43,1000.55,38.71,115.21,2.07,1.91,103.97,313.86,7955,0.80,0.75,9.79,1.00,0.04,-0.04,-0.01,4.29,-4.20,-1.50,6,17,56,0,35.2901683,136.2529117,87.50, 0.24
236078,-0.09,-0.12,9.82,1.00,-0.01,0.00,-0.02,0.13,1.52,-2.64,10.60,0.00,0,2,1001.21,40.60,109.92,1001.21,38.93,109.32,0.43,1000.56,38.73,115.20,2.05,1.90,103.97,313.86,7956,0.84,0.75,9.81,1.00,0.04,-0.04,-0.01,4.31,-4.18,-1.50,6,17,56,0,35.2901683,136.2529117,87.50, 0.24
236134,-0.09,-0.20,9.80,1.00,-0.01,0.00,-0.02,0.13,1.52,-2.64,10.61,0.00,0,2,1001.21,40.61,109.93,1001.20,38.93,109.37,0.43,1000.55,38.72,115.22,2.08,1.92,103.97,313.86,7955,0.87,0.71,9.82,1.00,0.04,-0.04,-0.01,4.31,-4.18,-1.50,6,17,56,0,35.2901683,136.2529117,87.50, 0.24
236192,-0.04,-0.16,9.84,1.00,-0.01,0.00,-0.02,0.13,1.52,-2.64,10.60,0.00,0,2,1001.21,40.62,109.93,1001.20,38.93,109.35,0.43,1000.55,38.71,115.24,2.12,1.94,103.97,313.86,7956,0.74,0.70,9.81,1.00,0.04,-0.04,-0.01,4.33,-4.17,-1.50,6,17,56,0,35.2901683,136.2529117,87.50, 0.24
236243,0.00,-0.17,9.79,1.00,-0.01,0.00,-0.02,0.13,1.52,-2.64,10.61,0.00,0,2,1001.20,40.61,109.94,1001.20,38.93,109.38,0.43,1000.55,38.71,115.23,2.35,2.04,103.89,313.86,7956,0.80,0.57,9.82,1.00,0.04,-0.04,-0.01,4.33,-4.16,-1.50,6,17,56,0,35.2901683,136.2529117,87.50, 0.24
236301,0.00,-0.21,9.78,1.00,-0.01,0.00,-0.02,0.13,1.52,-2.64,10.61,0.00,0,2,1001.21,40.62,109.91,1001.21,38.93,109.33,0.43,1000.55,38.71,115.21,2.30,2.02,103.89,313.86,7954,0.78,0.60,9.77,1.00,0.04,-0.04,-0.01,4.33,-4.16,-1.50,6,17,56,0,35.2901683,136.2529117,87.50, 0.24
236354,-0.01,-0.13,9.81,1.00,-0.01,0.00,-0.02,0.13,1.52,-2.64,10.60,0.00,0,2,1001.21,40.61,109.93,1001.21,38.95,109.33,0.43,1000.55,38.71,115.23,2.57,2.13,103.89,313.86,7954,0.80,0.59,9.80,1.00,0.04,-0.04,-0.01,4.33,-4.15,-1.49,6,17,56,0,35.2901683,136.2529117,87.50, 0.24
236411,-0.03,-0.20,9.77,1.00,-0.01,0.00,-0.02,0.13,1.52,-2.64,10.59,0.00,0,2,1001.20,40.62,109.94,1001.21,38.94,109.33,0.43,1000.55,38.71,115.24,2.28,2.01,103.89,313.86,7954,0.76,0.60,9.78,1.00,0.04,-0.04,-0.01,4.34,-4.15,-1.50,6,17,56,0,35.2901683,136.2529117,87.50, 0.24
236463,-0.07,-0.17,9.75,1.00,-0.01,0.00,-0.02,0.13,1.52,-2.64,10.59,0.00,0,2,1001.21,40.62,109.93,1001.21,38.96,109.31,0.43,1000.55,38.71,115.23,1.72,1.74,103.18,313.86,7955,0.84,0.79,9.81,1.00,0.04,-0.04,-0.01,4.34,-4.15,-1.50,6,17,56,0,35.2901683,136.2529117,87.50, 0.24
236520,-0.09,-0.13,9.81,1.00,-0.01,0.00,-0.02,0.13,1.52,-2.64,10.59,0.00,0,2,1001.21,40.61,109.91,1001.21,38.94,109.33,0.43,1000.56,38.72,115.19,1.50,1.63,102.30,313.77,7954,0.87,0.56,9.76,1.00,0.04,-0.04,-0.01,4.34,-4.15,-1.50,6,17,56,0,35.2901683,136.2529117,87.50, 0.24
236572,-0.05,-0.21,9.74,1.00,-0.01,0.00,-0.02,0.13,1.52,-2.64,10.58,0.00,0,2,1001.21,40.61,109.90,1001.21,38.94,109.33,0.43,1000.56,38.72,115.20,1.52,1.64,100.90,313.86,7956,0.78,0.66,9.81,1.00,0.04,-0.04,-0.01,4.34,-4.15,-1.50,6,17,56,0,35.2901683,136.2529117,87.50, 0.24
236625,-0.07,-0.12,9.83,1.00,-0.01,0.00,-0.02,0.13,1.52,-2.64,10.59,0.00,0,2,1001.21,40.61,109.91,1001.20,38.95,109.36,0.43,1000.56,38.73,115.18,1.43,1.59,97.91,313.86,7955,0.86,0.58,9.78,1.00,0.04,-0.04,-0.01,4.34,-4.15,-1.50,6,17,57,0,35.2901667,136.2529083,87.50, 0.17
236682,-0.08,-0.17,9.72,1.00,-0.01,0.00,-0.02,0.13,1.52,-2.64,10.59,0.00,0,2,1001.21,40.61,109.89,1001.21,38.94,109.35,0.43,1000.56,38.72,115.20,1.45,1.60,95.54,313.86,7955,0.88,0.74,9.73,1.00,0.04,-0.04,-0.01,4.34,-4.15,-1.50,6,17,57,0,35.2901667,136.2529083,87.50, 0.17
236738,-0.03,-0.16,9.86,1.00,-0.01,0.00,-0.02,0.13,1.52,-2.64,10.59,0.00,0,2,1001.21,40.62,109.89,1001.20,38.95,109.36,0.43,1000.56,38.72,115.18,1.52,1.64,94.48,313.86,7955,0.79,0.64,9.83,1.00,0.04,-0.04,-0.01,4.34,-4.15,-1.50,6,17,57,0,35.2901667,136.2529083,87.50, 0.17
236791,-0.04,-0.17,9.78,1.00,-0.01,0.00,-0.02,0.13,1.52,-2.64,10.59,0.00,0,2,1001.20,40.62,109.94,1001.21,38.96,109.36,0.43,1000.56,38.73,115.15,1.43,1.59,94.39,313.86,7954,0.72,0.63,9.75,1.00,0.04,-0.04,-0.01,4.34,-4.15,-1.50,6,17,58,0,35.2901667,136.2529100,87.50, 0.17
236848,-0.06,-0.17,9.74,1.00,-0.01,0.00,-0.02,0.13,1.52,-2.64,10.60,0.00,0,2,1001.21,40.61,109.93,1001.20,38.97,109.38,0.43,1000.56,38.71,115.16,1.60,1.68,94.48,313.86,7955,0.84,0.72,9.79,1.00,0.04,-0.04,-0.01,4.34,-4.15,-1.50,6,17,58,0,35.2901667,136.2529100,87.50, 0.17
236901,-0.07,-0.15,9.76,1.00,-0.01,0.00,-0.02,0.13,1.52,-2.64,10.61,0.00,0,2,1001.20,40.61,109.96,1001.20,38.96,109.37,0.43,1000.57,38.72,115.12,1.55,1.66,94.48,313.86,7955,0.83,0.62,9.84,1.00,0.04,-0.04,-0.01,4.34,-4.15,-1.50,6,17,58,0,35.2901667,136.2529100,87.50, 0.17
236959,-0.06,-0.13,9.73,1.00,-0.01,0.00,-0.02,0.13,1.52,-2.64,10.61,0.00,0,2,1001.20,40.62,109.96,1001.21,38.96,109.34,0.43,1000.56,38.71,115.17,1.47,1.61,94.83,313.77,7955,0.75,0.65,9.75,1.00,0.04,-0.04,-0.01,4.34,-4.15,-1.50,6,17,58,0,35.2901667,136.2529100,87.50, 0.17
237010,-0.04,-0.22,9.69,1.00,-0.01,0.00,-0.02,0.13,1.52,-2.64,10.61,0.00,0,2,1001.20,40.61,109.95,1001.20,38.96,109.37,0.43,1000.57,38.73,115.12,1.60,1.68,95.19,313.86,7956,0.80,0.66,9.77,1.00,0.04,-0.04,-0.01,4.34,-4.15,-1.50,6,17,58,0,35.2901667,136.2529100,87.50, 0.17
237063,-0.04,-0.19,9.79,1.00,-0.01,0.00,-0.02,0.13,1.52,-2.64,10.61,0.00,0,2,1001.20,40.62,109.94,1001.20,38.94,109.36,0.43,1000.56,38.73,115.15,1.80,1.78,95.19,313.77,7955,0.83,0.71,9.78,1.00,0.04,-0.04,-0.01,4.34,-4.15,-1.50,6,17,58,0,35.2901667,136.2529100,87.50, 0.17
237120,-0.04,-0.11,9.74,1.00,-0.01,0.00,-0.02,0.13,1.52,-2.64,10.61,0.00,0,2,1001.21,40.62,109.91,1001.21,38.96,109.35,0.43,1000.56,38.73,115.15,1.80,1.78,95.19,313.86,7955,0.75,0.56,9.76,1.00,0.04,-0.04,-0.01,4.34,-4.15,-1.50,6,17,58,0,35.2901667,136.2529100,87.50, 0.17
237174,-0.01,-0.12,9.85,1.00,-0.01,0.00,-0.02,0.13,1.52,-2.64,10.61,0.00,0,2,1001.20,40.59,109.96,1001.20,38.96,109.37,0.43,1000.57,38.72,115.11,1.87,1.82,95.19,313.77,7954,0.81,0.62,9.79,1.00,0.04,-0.04,-0.01,4.34,-4.15,-1.50,6,17,58,0,35.2901667,136.2529100,87.50, 0.17
237230,-0.04,-0.20,9.76,1.00,-0.01,0.00,-0.02,0.13,1.52,-2.64,10.61,0.00,0,2,1001.21,40.60,109.92,1001.20,38.96,109.36,0.43,1000.56,38.71,115.17,1.37,1.55,95.19,313.77,7955,0.80,0.56,9.73,1.00,0.04,-0.04,-0.01,4.34,-4.15,-1.50,6,17,58,0,35.2901667,136.2529100,87.50, 0.17
237283,-0.02,-0.15,9.83,1.00,-0.01,0.00,-0.02,0.13,1.52,-2.64,10.61,0.00,0,2,1001.20,40.62,109.98,1001.20,38.96,109.37,0.43,1000.56,38.71,115.16,1.28,1.51,95.36,313.86,7955,0.86,0.57,9.79,1.00,0.04,-0.04,-0.01,4.34,-4.15,-1.50,6,17,58,0,35.2901667,136.2529100,87.50, 0.17
237339,-0.03,-0.13,9.82,1.00,-0.01,0.00,-0.02,0.13,1.52,-2.64,10.61,0.00,0,2,1001.20,40.60,109.96,1001.20,38.96,109.35,0.43,1000.56,38.72,115.18,1.30,1.52,97.12,313.86,7953,0.77,0.69,9.82,1.00,0.04,-0.04,-0.01,4.34,-4.15,-1.50,6,17,58,0,35.2901667,136.2529100,87.50, 0.17
237397,-0.01,-0.17,9.76,1.00,-0.01,0.00,-0.02,0.13,1.52,-2.64,10.61,0.00,0,2,1001.20,40.60,109.95,1001.21,38.97,109.33,0.43,1000.56,38.72,115.20,1.45,1.60,100.11,313.77,7955,0.80,0.72,9.81,1.00,0.04,-0.04,-0.01,4.34,-4.15,-1.50,6,17,58,0,35.2901667,136.2529100,87.50, 0.17
237451,-0.02,-0.16,9.83,1.00,-0.01,0.00,-0.02,0.13,1.52,-2.64,10.60,0.00,0,2,1001.20,40.60,109.96,1001.20,38.96,109.36,0.43,1000.56,38.72,115.19,1.47,1.61,100.99,313.86,7955,0.73,0.60,9.82,1.00,0.04,-0.04,-0.01,4.34,-4.15,-1.50,6,17,58,0,35.2901667,136.2529100,87.50, 0.17
237507,-0.06,-0.19,9.74,1.00,-0.01,0.00,-0.02,0.13,1.52,-2.64,10.60,0.00,0,2,1001.21,40.61,109.93,1001.21,38.96,109.34,0.43,1000.56,38.72,115.17,1.60,1.68,101.34,313.77,7955,0.72,0.68,9.78,1.00,0.04,-0.04,-0.01,4.34,-4.15,-1.50,6,17,58,0,35.2901667,136.2529100,87.50, 0.17
237560,-0.02,-0.14,9.80,1.00,-0.01,0.00,-0.02,0.13,1.52,-2.64,10.59,0.00,0,2,1001.21,40.61,109.93,1001.21,38.96,109.36,0.43,1000.56,38.71,115.17,1.63,1.70,101.43,313.86,7956,0.70,0.61,9.81,1.00,0.04,-0.04,-0.01,4.34,-4.15,-1.50,6,17,58,0,35.2901667,136.2529100,87.50, 0.17
237617,-0.16,-0.15,9.80,1.00,-0.01,0.00,-0.02,0.13,1.52,-2.64,10.59,0.00,0,2,1001.20,40.61,109.94,1001.21,38.98,109.35,0.43,1000.56,38.74,115.15,1.77,1.77,101.34,313.86,7956,0.67,0.64,9.80,1.00,0.04,-0.04,-0.01,4.34,-4.15,-1.50,6,17,58,0,35.2901667,136.2529100,87.50, 0.25
237670,-0.04,-0.13,9.87,1.00,-0.01,0.00,-0.02,0.13,1.52,-2.64,10.60,0.00,0,2,1001.21,40.62,109.93,1001.21,38.98,109.36,0.43,1000.56,38.71,115.16,1.90,1.83,101.34,313.86,7956,0.81,0.70,9.76,1.00,0.04,-0.04,-0.01,4.34,-4.15,-1.50,6,17,58,0,35.2901667,136.2529100,87.50, 0.25
237723,-0.11,-0.16,9.72,1.00,-0.01,0.00,-0.02,0.13,1.52,-2.64,10.60,0.00,0,2,1001.21,40.61,109.93,1001.20,38.97,109.38,0.43,1000.55,38.71,115.21,1.92,1.84,101.34,313.77,7955,0.63,0.65,9.80,1.00,0.04,-0.04,-0.01,4.34,-4.15,-1.50,6,17,58,0,35.2901667,136.2529100,87.50, 0.25
237778,-0.02,-0.10,9.81,1.00,-0.01,0.00,-0.02,0.13,1.52,-2.64,10.60,0.00,0,2,1001.20,40.62,109.94,1001.21,38.98,109.35,0.43,1000.56,38.72,115.20,1.82,1.79,101.34,313.77,7953,0.66,0.69,9.79,1.00,0.04,-0.04,-0.01,4.35,-4.15,-1.50,6,17,59,0,35.2901667,136.2529067,87.50, 0.25
237836,-0.01,-0.15,9.95,1.00,-0.01,0.00,-0.02,0.13,1.52,-2.64,10.61,0.00,0,2,1001.21,40.61,109.93,1001.21,38.98,109.38,0.43,1000.56,38.72,115.20,1.83,1.80,101.43,313.77,7955,0.91,0.72,9.81,1.00,0.04,-0.04,-0.01,4.36,-4.13,-1.50,6,17,59,0,35.2901667,136.2529067,87.50, 0.25
237890,-0.01,-0.15,9.80,1.00,-0.01,0.00,-0.02,0.13,1.52,-2.64,10.61,0.00,0,2,1001.20,40.61,109.94,1001.20,38.98,109.38,0.43,1000.56,38.72,115.17,1.68,1.73,101.34,313.77,7954,0.87,0.81,9.83,1.00,0.04,-0.04,-0.01,4.36,-4.13,-1.50,6,17,59,0,35.2901667,136.2529067,87.50, 0.25
237946,0.03,-0.21,9.85,1.00,-0.01,0.00,-0.02,0.13,1.52,-2.64,10.60,0.00,0,2,1001.21,40.61,109.90,1001.20,38.97,109.36,0.43,1000.56,38.72,115.17,1.55,1.66,101.25,313.77,7955,0.60,0.53,9.79,1.00,0.04,-0.04,-0.01,4.36,-4.13,-1.50,6,17,59,0,35.2901667,136.2529067,87.50, 0.25
237998,0.04,-0.08,9.88,1.00,-0.01,0.00,-0.02,0.13,1.52,-2.64,10.60,0.00,0,2,1001.21,40.60,109.92,1001.21,39.00,109.37,0.43,1000.56,38.72,115.19,1.68,1.73,101.60,313.77,7955,0.62,0.19,9.70,1.00,0.04,-0.04,-0.01,4.36,-4.12,-1.49,6,17,59,0,35.2901667,136.2529067,87.50, 0.25
238052,-0.13,-0.20,9.58,1.00,-0.01,0.00,-0.02,0.13,1.52,-2.64,10.59,0.00,0,2,1001.21,40.61,109.91,1001.21,38.98,109.34,0.43,1000.56,38.72,115.17,1.77,1.77,101.69,313.77,7955,1.05,0.23,9.65,1.00,0.04,-0.04,-0.01,4.36,-4.12,-1.50,6,17,59,0,35.2901667,136.2529067,87.50, 0.25
238107,-0.15,-0.13,9.74,1.00,-0.01,0.00,-0.02,0.13,1.52,-2.64,10.59,0.00,0,2,1001.20,40.60,109.94,1001.21,38.99,109.35,0.43,1000.56,38.73,115.16,1.75,1.76,101.51,313.86,7955,0.85,0.99,9.89,1.00,0.04,-0.04,-0.01,4.36,-4.13,-1.50,6,17,59,0,35.2901667,136.2529067,87.50, 0.25
238157,-0.05,-0.21,9.74,1.00,-0.01,0.00,-0.02,0.13,1.52,-2.64,10.59,0.00,0,2,1001.21,40.61,109.90,1001.21,39.00,109.33,0.43,1000.56,38.72,115.18,2.10,1.93,101.51,313.86,7956,0.83,0.70,9.76,1.00,0.04,-0.04,-0.01,4.36,-4.14,-1.50,6,17,59,0,35.2901667,136.2529067,87.50, 0.25
238214,0.00,-0.15,9.90,1.00,-0.01,0.00,-0.02,0.13,1.52,-2.64,10.59,0.00,0,2,1001.20,40.60,109.94,1001.21,39.00,109.35,0.43,1000.56,38.71,115.19,1.63,1.70,101.43,313.86,7955,0.88,0.84,9.81,1.00,0.04,-0.04,-0.01,4.36,-4.14,-1.50,6,17,59,0,35.2901667,136.2529067,87.50, 0.25
238267,0.09,-0.13,9.93,1.00,-0.01,0.00,-0.02,0.13,1.52,-2.64,10.59,0.00,0,2,1001.21,40.61,109.93,1001.21,38.99,109.37,0.43,1000.56,38.72,115.19,1.58,1.67,101.51,313.86,7955,0.80,0.49,9.72,1.00,0.04,-0.04,-0.01,4.36,-4.14,-1.50,6,17,59,0,35.2901667,136.2529067,87.50, 0.25
238321,0.00,-0.18,9.75,1.00,-0.01,0.00,-0.02,0.13,1.52,-2.64,10.60,0.00,0,2,1001.20,40.62,109.96,1001.20,38.99,109.37,0.43,1000.56,38.72,115.17,1.57,1.66,101.87,313.86,7955,0.84,0.79,9.84,1.00,0.04,-0.04,-0.01,4.36,-4.14,-1.50,6,17,59,0,35.2901667,136.2529067,87.50, 0.25
238378,-0.09,-0.11,9.93,1.00,-0.01,0.00,-0.02,0.13,1.52,-2.64,10.61,0.00,0,2,1001.21,40.62,109.93,1001.21,38.98,109.36,0.43,1000.56,38.72,115.19,1.38,1.56,102.39,313.77,7956,0.99,0.44,9.81,1.00,0.04,-0.04,-0.01,4.37,-4.12,-1.50,6,17,59,0,35.2901667,136.2529067,87.50, 0.25
238436,-0.28,-0.33,9.51,1.00,-0.01,0.00,-0.02,0.13,1.52,-2.64,10.61,0.00,0,2,1001.21,40.62,109.93,1001.21,39.00,109.35,0.43,1000.56,38.72,115.20,1.53,1.65,102.39,313.77,7956,0.88,0.77,9.84,1.00,0.04,-0.04,-0.01,4.38,-4.13,-1.50,6,17,59,0,35.2901667,136.2529067,87.50, 0.25
238489,-0.04,-0.24,9.56,1.00,-0.01,0.00,-0.02,0.13,1.52,-2.64,10.59,0.00,0,2,1001.21,40.60,109.92,1001.21,38.98,109.34,0.43,1000.56,38.72,115.19,1.62,1.69,102.57,313.86,7955,0.74,0.84,9.85,1.00,0.04,-0.04,-0.01,4.38,-4.13,-1.50,6,17,59,0,35.2901667,136.2529067,87.50, 0.25
238546,0.00,-0.16,9.67,1.00,-0.01,0.00,-0.02,0.13,1.52,-2.64,10.59,0.00,0,2,1001.21,40.62,109.91,1001.21,39.00,109.35,0.43,1000.56,38.72,115.18,1.67,1.72,102.57,313.77,7955,0.67,0.26,9.80,1.00,0.04,-0.04,-0.01,4.38,-4.13,-1.50,6,17,59,0,35.2901667,136.2529067,87.50, 0.25
238598,-0.04,-0.21,9.62,1.00,-0.01,0.00,-0.02,0.13,1.52,-2.64,10.59,0.00,0,2,1001.21,40.62,109.92,1001.21,39.00,109.35,0.43,1000.56,38.73,115.19,1.78,1.78,102.48,313.77,7954,0.90,0.42,9.72,1.00,0.04,-0.04,-0.01,4.38,-4.13,-1.50,6,17,59,0,35.2901667,136.2529067,87.50, 0.17
238655,-0.10,-0.20,9.83,1.00,-0.01,0.00,-0.02,0.13,1.52,-2.64,10.61,0.00,0,2,1001.21,40.62,109.92,1001.20,39.00,109.38,0.43,1000.55,38.73,115.22,1.65,1.71,102.48,313.77,7955,0.93,0.46,9.74,1.00,0.04,-0.04,-0.01,4.38,-4.13,-1.50,6,17,59,0,35.2901667,136.2529067,87.50, 0.17
238707,-0.04,-0.14,9.97,1.00,-0.01,0.00,-0.02,0.13,1.52,-2.64,10.61,0.00,0,2,1001.21,40.61,109.90,1001.21,39.00,109.35,0.43,1000.56,38.73,115.18,1.72,1.74,102.48,313.77,7955,0.82,0.60,9.91,1.00,0.04,-0.04,-0.01,4.38,-4.13,-1.50,6,18,0,0,35.2901667,136.2529067,87.60, 0.17
238764,0.15,-0.07,9.98,1.00,-0.01,0.00,-0.02,0.13,1.52,-2.64,10.60,0.00,0,2,1001.20,40.60,109.94,1001.21,38.99,109.35,0.43,1000.56,38.72,115.19,1.65,1.71,102.92,313.77,7955,0.47,0.56,9.86,1.00,0.04,-0.04,-0.01,4.40,-4.12,-1.50,6,18,0,0,35.2901667,136.2529067,87.60, 0.17
238816,0.10,-0.18,9.97,1.00,-0.01,0.00,-0.02,0.13,1.52,-2.64,10.60,0.00,0,2,1001.20,40.60,109.97,1001.21,39.00,109.34,0.43,1000.56,38.71,115.17,1.65,1.71,103.18,313.86,7954,0.78,0.71,9.86,1.00,0.04,-0.04,-0.01,4.40,-4.12,-1.50,6,18,0,0,35.2901667,136.2529067,87.60, 0.17
238870,-0.07,-0.16,9.88,1.00,-0.01,0.00,-0.02,0.13,1.52,-2.64,10.61,0.00,0,2,1001.20,40.60,109.95,1001.21,39.00,109.36,0.43,1000.56,38.73,115.21,1.55,1.66,103.10,313.77,7956,1.00,0.55,9.74,1.00,0.04,-0.04,-0.01,4.41,-4.12,-1.50,6,18,0,0,35.2901667,136.2529067,87.60, 0.17
238926,-0.07,-0.10,9.86,1.00,-0.01,0.00,-0.02,0.13,1.49,-2.64,10.61,0.00,0,2,1001.20,40.60,109.93,1001.21,39.01,109.36,0.43,1000.55,38.72,115.24,1.63,1.70,103.01,313.77,7955,0.75,0.53,9.82,1.00,0.04,-0.04,-0.01,4.42,-4.11,-1.50,6,18,0,0,35.2901667,136.2529067,87.60, 0.17
238983,0.00,-0.22,9.78,1.00,-0.01,0.00,-0.02,0.13,1.49,-2.64,10.62,0.00,0,2,1001.20,40.60,109.94,1001.20,39.00,109.34,0.43,1000.56,38.72,115.21,1.78,1.78,102.30,313.77,7955,0.84,0.82,9.82,1.00,0.04,-0.04,-0.01,4.42,-4.10,-1.50,6,18,0,0,35.2901667,136.2529067,87.60, 0.17
239036,-0.08,-0.19,9.81,1.00,-0.01,0.00,-0.02,0.13,1.49,-2.64,10.61,0.00,0,2,1001.20,40.62,109.94,1001.20,39.00,109.36,0.43,1000.55,38.72,115.26,1.83,1.80,101.16,313.86,7956,0.92,0.70,9.78,1.00,0.04,-0.04,-0.01,4.42,-4.10,-1.50,6,18,0,0,35.2901667,136.2529067,87.60, 0.17
239094,0.01,-0.16,9.69,1.00,-0.01,0.00,-0.02,0.14,1.48,-2.64,10.61,0.00,0,2,1001.20,40.61,109.94,1001.21,39.01,109.36,0.42,1000.55,38.71,115.24,1.95,1.86,100.02,313.77,7956,0.62,0.60,9.82,1.00,0.04,-0.04,-0.01,4.43,-4.10,-1.49,6,18,0,0,35.2901667,136.2529067,87.60, 0.17
239146,0.02,-0.12,9.82,1.00,-0.01,0.00,-0.02,0.14,1.46,-2.64,10.62,0.00,0,2,1001.20,40.60,109.95,1001.21,39.01,109.34,0.43,1000.55,38.72,115.24,2.30,2.02,97.65,313.86,7955,0.69,0.63,9.81,1.00,0.04,-0.04,-0.01,4.43,-4.08,-1.49,6,18,0,0,35.2901667,136.2529067,87.60, 0.17
239198,-0.02,-0.20,9.76,1.00,-0.01,0.00,-0.02,0.13,1.45,-2.64,10.62,0.00,0,2,1001.20,40.61,109.96,1001.20,39.00,109.38,0.43,1000.56,38.72,115.17,2.00,1.88,97.38,313.86,7954,0.74,0.71,9.80,1.00,0.04,-0.04,-0.01,4.43,-4.08,-1.49,6,18,0,0,35.2901667,136.2529067,87.60, 0.17
239255,-0.05,-0.18,9.77,1.00,-0.01,0.00,-0.02,0.14,1.45,-2.64,10.61,0.00,0,2,1001.21,40.60,109.90,1001.21,39.01,109.36,0.43,1000.56,38.73,115.20,1.57,1.66,98.44,313.86,7955,0.92,0.58,9.76,1.00,0.04,-0.04,-0.01,4.43,-4.08,-1.49,6,18,0,0,35.2901667,136.2529067,87.60, 0.17
239310,-0.03,-0.10,9.81,1.00,-0.01,0.00,-0.02,0.14,1.44,-2.64,10.60,0.00,0,2,1001.21,40.62,109.91,1001.20,39.00,109.38,0.43,1000.56,38.72,115.15,1.35,1.55,98.88,313.86,7955,0.68,0.48,9.76,1.00,0.03,-0.04,-0.01,4.44,-4.07,-1.49,6,18,0,0,35.2901667,136.2529067,87.60, 0.17
239366,0.04,-0.21,9.92,1.00,-0.01,0.00,-0.02,0.14,1.43,-2.64,10.60,0.00,0,2,1001.21,40.60,109.90,1001.21,39.00,109.35,0.43,1000.56,38.73,115.20,1.30,1.52,96.77,313.86,7955,0.54,0.82,9.79,1.00,0.03,-0.04,-0.01,4.44,-4.07,-1.49,6,18,0,0,35.2901667,136.2529067,87.60, 0.17
239418,-0.02,-0.11,9.95,1.00,-0.01,0.00,-0.02,0.14,1.42,-2.64,10.59,0.00,0,2,1001.20,40.60,109.94,1001.21,39.00,109.36,0.43,1000.56,38.72,115.20,1.28,1.51,91.14,313.86,7954,0.82,0.43,9.75,1.00,0.03,-0.04,-0.01,4.45,-4.06,-1.49,6,18,0,0,35.2901667,136.2529067,87.60, 0.17
239474,-0.18,-0.07,9.84,1.00,-0.01,0.00,-0.02,0.15,1.41,-2.64,10.60,0.00,0,2,1001.20,40.60,109.94,1001.20,39.00,109.36,0.43,1000.55,38.71,115.23,1.20,1.46,85.69,313.86,7955,0.96,0.25,9.73,1.00,0.03,-0.04,-0.01,4.46,-4.06,-1.49,6,18,0,0,35.2901667,136.2529067,87.60, 0.17
239527,-0.07,-0.19,9.74,1.00,-0.01,0.00,-0.02,0.15,1.40,-2.64,10.61,0.00,0,2,1001.20,40.60,109.94,1001.20,38.99,109.37,0.43,1000.56,38.72,115.19,1.17,1.44,80.33,313.86,7955,0.84,0.94,9.83,1.00,0.03,-0.04,-0.01,4.46,-4.06,-1.49,6,18,0,0,35.2901667,136.2529067,87.60, 0.17
239584,0.01,-0.21,9.78,1.00,-0.01,0.00,-0.02,0.14,1.39,-2.64,10.61,0.00,0,2,1001.21,40.59,109.91,1001.21,38.99,109.35,0.43,1000.56,38.72,115.20,1.18,1.45,77.08,313.86,7955,0.80,0.84,9.83,1.00,0.03,-0.04,-0.01,4.46,-4.06,-1.49,6,18,0,0,35.2901667,136.2529067,87.60, 0.21
239637,0.02,-0.19,9.72,1.00,-0.01,0.00,-0.02,0.14,1.39,-2.64,10.61,0.00,0,2,1001.20,40.60,109.93,1001.20,38.98,109.39,0.43,1000.56,38.72,115.19,1.08,1.38,76.55,313.86,7955,0.71,0.77,9.85,1.00,0.03,-0.04,-0.01,4.46,-4.05,-1.49,6,18,0,0,35.2901667,136.2529067,87.60, 0.21
239693,-0.01,-0.19,9.74,1.00,-0.01,0.00,-0.02,0.14,1.38,-2.64,10.60,0.00,0,2,1001.20,40.60,109.93,1001.21,38.99,109.33,0.43,1000.56,38.72,115.15,1.02,1.34,76.73,313.86,7955,0.64,0.49,9.75,1.00,0.03,-0.04,-0.01,4.46,-4.04,-1.49,6,18,0,0,35.2901667,136.2529067,87.60, 0.21
239746,0.00,-0.08,9.90,1.00,-0.01,0.00,-0.02,0.14,1.37,-2.64,10.60,0.00,0,2,1001.20,40.59,109.94,1001.21,38.99,109.36,0.43,1000.56,38.73,115.16,1.23,1.48,76.90,313.86,7955,0.66,0.78,9.82,1.00,0.03,-0.04,-0.01,4.46,-4.04,-1.49,6,18,0,0,35.2901667,136.2529067,87.60, 0.21
239803,-0.05,-0.11,9.88,1.00,-0.01,0.00,-0.02,0.14,1.36,-2.64,10.59,0.00,0,2,1001.21,40.61,109.92,1001.20,38.99,109.37,0.43,1000.56,38.73,115.12,1.37,1.55,77.78,313.86,7955,0.78,0.64,9.83,1.00,0.03,-0.04,-0.01,4.46,-4.03,-1.49,6,18,1,0,35.2901650,136.2529050,87.60, 0.21
239854,0.00,-0.14,9.90,1.00,-0.01,0.00,-0.02,0.15,1.35,-2.64,10.60,0.00,0,2,1001.21,40.60,109.92,1001.20,39.00,109.38,0.44,1000.56,38.73,115.13,1.58,1.67,79.54,313.86,7955,0.89,0.76,9.81,1.00,0.03,-0.04,-0.01,4.48,-4.02,-1.49,6,18,1,0,35.2901650,136.2529050,87.60, 0.21
239912,-0.05,-0.16,9.71,1.00,-0.01,0.00,-0.02,0.15,1.35,-2.64,10.60,0.00,0,2,1001.20,40.60,109.93,1001.20,39.00,109.38,0.43,1000.56,38.73,115.14,1.53,1.65,81.74,313.86,7956,0.80,0.72,9.78,1.00,0.03,-0.04,-0.01,4.48,-4.02,-1.49,6,18,1,0,35.2901650,136.2529050,87.60, 0.21
239963,-0.01,-0.15,9.87,1.00,-0.01,0.00,-0.02,0.15,1.35,-2.64,10.61,0.00,0,2,1001.20,40.60,109.99,1001.20,39.00,109.38,0.43,1000.56,38.73,115.15,1.62,1.69,83.06,313.86,7956,0.83,0.71,9.80,1.00,0.03,-0.04,-0.01,4.48,-4.02,-1.49,6,18,1,0,35.2901650,136.2529050,87.60, 0.21
240017,-0.04,-0.11,9.84,1.00,-0.01,0.00,-0.02,0.15,1.35,-2.64,10.61,0.00,0,2,1001.20,40.59,109.96,1001.20,38.99,109.40,0.44,1000.56,38.73,115.15,1.65,1.71,85.08,313.86,7955,0.71,0.49,9.74,1.00,0.03,-0.04,-0.01,4.48,-4.01,-1.49,6,18,1,0,35.2901650,136.2529050,87.60, 0.21
240074,-0.08,-0.20,9.76,1.00,-0.01,0.00,-0.02,0.15,1.35,-2.64,10.62,0.00,0,2,1001.20,40.61,109.95,1001.20,39.00,109.40,0.44,1000.57,38.74,115.12,1.43,1.59,88.07,313.86,7956,0.95,0.54,9.74,1.00,0.03,-0.04,-0.01,4.48,-4.01,-1.49,6,18,1,0,35.2901650,136.2529050,87.60, 0.21
240131,0.02,-0.12,9.81,1.00,-0.01,0.00,-0.02,0.15,1.35,-2.64,10.61,0.00,0,2,1001.21,40.61,109.93,1001.20,39.00,109.40,0.43,1000.56,38.73,115.16,1.43,1.59,89.38,313.86,7955,0.86,0.49,9.77,1.00,0.03,-0.04,-0.01,4.48,-4.01,-1.49,6,18,1,0,35.2901650,136.2529050,87.60, 0.21
240183,-0.05,-0.18,9.78,1.00,-0.01,0.00,-0.02,0.15,1.35,-2.64,10.60,0.00,0,2,1001.21,40.61,109.92,1001.21,39.00,109.37,0.43,1000.56,38.72,115.15,1.28,1.51,92.55,313.86,7956,0.88,0.82,9.83,1.00,0.03,-0.04,-0.01,4.48,-4.00,-1.49,6,18,1,0,35.2901650,136.2529050,87.60, 0.21
240240,-0.03,-0.21,9.78,1.00,-0.01,0.00,-0.02,0.15,1.35,-2.64,10.61,0.00,0,2,1001.20,40.58,109.98,1001.20,39.00,109.42,0.43,1000.56,38.74,115.15,1.15,1.43,94.48,313.86,7954,0.94,0.84,9.80,1.00,0.03,-0.04,-0.01,4.49,-4.00,-1.49,6,18,1,0,35.2901650,136.2529050,87.60, 0.21
240293,-0.06,-0.12,9.80,1.00,-0.01,0.00,-0.02,0.15,1.35,-2.64,10.61,0.00,0,2,1001.20,40.61,109.96,1001.20,39.00,109.38,0.44,1000.56,38.72,115.17,1.07,1.37,94.66,313.86,7956,0.91,0.67,9.81,1.00,0.03,-0.04,-0.01,4.49,-4.00,-1.49,6,18,1,0,35.2901650,136.2529050,87.60, 0.21
240351,-0.04,-0.09,9.82,1.00,-0.01,0.00,-0.02,0.15,1.35,-2.64,10.62,0.00,0,2,1001.20,40.60,109.94,1001.20,39.00,109.38,0.43,1000.56,38.73,115.18,1.07,1.37,94.66,313.86,7956,0.74,0.68,9.78,1.00,0.03,-0.04,-0.01,4.51,-3.98,-1.48,6,18,1,0,35.2901650,136.2529050,87.60, 0.21
240402,0.00,-0.18,9.85,1.00,-0.01,0.00,-0.02,0.15,1.35,-2.64,10.61,0.00,0,2,1001.20,40.59,109.94,1001.20,39.00,109.41,0.43,1000.56,38.73,115.20,1.03,1.35,94.22,313.86,7956,0.86,0.67,9.77,1.00,0.03,-0.04,-0.01,4.51,-3.98,-1.48,6,18,1,0,35.2901650,136.2529050,87.60, 0.21
240459,0.01,-0.16,9.79,1.00,-0.01,0.00,-0.02,0.15,1.35,-2.64,10.61,0.00,0,2,1001.20,40.61,109.95,1001.20,39.01,109.38,0.44,1000.56,38.73,115.22,1.00,1.33,93.78,313.86,7955,0.81,0.73,9.82,1.00,0.03,-0.04,-0.01,4.51,-3.98,-1.48,6,18,1,0,35.2901650,136.2529050,87.60, 0.21
240513,0.00,-0.12,9.85,1.00,-0.01,0.00,-0.02,0.15,1.35,-2.64,10.61,0.00,0,2,1001.21,40.60,109.92,1001.20,39.01,109.37,0.43,1000.56,38.73,115.16,1.02,1.34,93.60,313.86,7955,0.73,0.69,9.83,1.00,0.03,-0.04,-0.01,4.50,-3.97,-1.48,6,18,1,0,35.2901650,136.2529050,87.60, 0.21
240567,-0.12,-0.13,9.75,1.00,-0.01,0.00,-0.02,0.15,1.35,-2.64,10.60,0.00,0,2,1001.20,40.60,109.97,1001.21,39.02,109.37,0.44,1000.56,38.73,115.16,1.03,1.35,93.16,313.86,7954,0.60,0.69,9.84,1.00,0.03,-0.04,-0.01,4.51,-3.97,-1.48,6,18,1,0,35.2901650,136.2529050,87.60, 0.21
240623,-0.01,-0.08,10.03,1.00,-0.01,0.00,-0.02,0.15,1.35,-2.64,10.60,0.00,0,2,1001.21,40.62,109.93,1001.20,39.00,109.38,0.43,1000.56,38.74,115.14,0.97,1.31,92.29,313.95,7955,0.61,0.60,9.83,1.00,0.03,-0.04,-0.01,4.51,-3.97,-1.48,6,18,1,0,35.2901650,136.2529050,87.60, 0.21
240676,-0.08,-0.17,9.67,1.00,-0.01,0.00,-0.02,0.15,1.35,-2.64,10.60,0.00,0,2,1001.20,40.60,109.93,1001.20,39.01,109.37,0.43,1000.57,38.74,115.11,0.95,1.30,92.02,313.95,7956,0.91,0.68,9.71,1.00,0.03,-0.04,-0.01,4.51,-3.97,-1.48,6,18,1,0,35.2901650,136.2529050,87.60, 0.63
240731,0.03,-0.17,9.87,1.00,-0.01,0.00,-0.02,0.15,1.35,-2.64,10.60,0.00,0,2,1001.21,40.60,109.92,1001.21,39.03,109.39,0.43,1000.56,38.74,115.14,1.00,1.33,92.02,313.95,7954,0.72,0.60,9.77,1.00,0.03,-0.04,-0.01,4.51,-3.97,-1.48,6,18,1,0,35.2901650,136.2529050,87.60, 0.63
240789,-0.02,-0.13,9.71,1.00,-0.01,0.00,-0.02,0.15,1.35,-2.64,10.60,0.00,0,2,1001.20,40.60,109.95,1001.20,39.01,109.39,0.43,1000.57,38.74,115.10,1.13,1.42,92.02,313.95,7955,0.72,0.72,9.74,1.00,0.03,-0.04,-0.01,4.51,-3.97,-1.48,6,18,2,0,35.2901633,136.2529033,87.60, 0.63
240842,-0.04,-0.16,9.81,1.00,-0.01,0.00,-0.02,0.15,1.35,-2.64,10.61,0.00,0,2,1001.20,40.61,109.96,1001.20,39.02,109.39,0.44,1000.57,38.73,115.11,1.27,1.50,92.11,313.95,7956,0.72,0.58,9.77,1.00,0.03,-0.04,-0.01,4.51,-3.97,-1.48,6,18,2,0,35.2901633,136.2529033,87.60, 0.63
240899,-0.03,-0.16,9.77,1.00,-0.01,0.00,-0.02,0.15,1.35,-2.64,10.61,0.00,0,2,1001.20,40.60,109.94,1001.20,39.01,109.38,0.43,1000.57,38.73,115.08,1.38,1.56,92.11,313.95,7955,0.81,0.51,9.80,1.00,0.03,-0.04,-0.01,4.51,-3.97,-1.48,6,18,2,0,35.2901633,136.2529033,87.60, 0.63
240951,-0.01,-0.17,9.76,1.00,-0.01,0.00,-0.02,0.15,1.35,-2.64,10.60,0.00,0,2,1001.20,40.62,109.94,1001.20,39.03,109.40,0.42,1000.57,38.73,115.12,1.58,1.67,92.11,313.95,7955,0.77,0.63,9.76,1.00,0.03,-0.04,-0.01,4.51,-3.97,-1.48,6,18,2,0,35.2901633,136.2529033,87.60, 0.63
241009,0.00,-0.15,9.80,1.00,-0.01,0.00,-0.02,0.15,1.35,-2.64,10.60,0.00,0,2,1001.20,40.61,109.94,1001.20,39.02,109.41,0.43,1000.57,38.74,115.09,1.20,1.46,92.20,313.95,7956,0.81,0.65,9.85,1.00,0.03,-0.04,-0.01,4.51,-3.97,-1.48,6,18,2,0,35.2901633,136.2529033,87.60, 0.63
241062,0.02,-0.15,9.85,1.00,-0.01,0.00,-0.02,0.15,1.35,-2.64,10.59,0.00,0,2,1001.21,40.61,109.93,1001.20,39.02,109.42,0.43,1000.57,38.73,115.09,1.10,1.39,92.29,313.95,7955,0.72,0.61,9.77,1.00,0.03,-0.04,-0.01,4.51,-3.97,-1.48,6,18,2,0,35.2901633,136.2529033,87.60, 0.63
241115,-0.03,-0.07,9.83,1.00,-0.01,0.00,-0.02,0.15,1.35,-2.64,10.60,0.00,0,2,1001.20,40.60,109.95,1001.21,39.02,109.37,0.43,1000.57,38.73,115.09,1.07,1.37,92.64,313.95,7955,0.76,0.35,9.76,1.00,0.03,-0.04,-0.01,4.51,-3.97,-1.48,6,18,2,0,35.2901633,136.2529033,87.60, 0.63
241171,-0.08,-0.23,9.74,1.00,-0.01,0.00,-0.02,0.15,1.35,-2.64,10.59,0.00,0,2,1001.20,40.59,109.94,1001.21,39.03,109.35,0.42,1000.57,38.73,115.11,1.18,1.45,92.64,313.95,7955,0.92,0.66,9.70,1.00,0.03,-0.04,-0.01,4.51,-3.97,-1.48,6,18,2,0,35.2901633,136.2529033,87.60, 0.63
241228,-0.09,-0.17,9.77,1.00,-0.01,0.00,-0.02,0.15,1.35,-2.64,10.58,0.00,0,2,1001.21,40.61,109.91,1001.21,39.03,109.36,0.43,1000.57,38.73,115.11,0.95,1.30,92.81,313.95,7955,0.88,0.44,9.74,1.00,0.03,-0.04,-0.01,4.51,-3.97,-1.48,6,18,2,0,35.2901633,136.2529033,87.60, 0.63
241280,0.00,-0.07,9.80,1.00,-0.01,0.00,-0.02,0.15,1.35,-2.64,10.59,0.00,0,2,1001.20,40.60,109.95,1001.20,39.03,109.40,0.43,1000.57,38.74,115.10,1.03,1.35,92.81,313.95,7955,0.77,0.69,9.90,1.00,0.03,-0.04,-0.01,4.51,-3.97,-1.48,6,18,2,0,35.2901633,136.2529033,87.60, 0.63
241333,0.00,-0.20,9.77,1.00,-0.01,0.00,-0.02,0.15,1.35,-2.64,10.59,0.00,0,2,1001.20,40.61,109.94,1001.20,39.03,109.39,0.43,1000.57,38.74,115.12,1.10,1.40,93.34,313.95,7955,0.83,0.92,9.80,1.00,0.03,-0.04,-0.01,4.51,-3.97,-1.48,6,18,2,0,35.2901633,136.2529033,87.60, 0.63
241390,-0.02,-0.23,9.79,1.00,-0.01,0.00,-0.02,0.15,1.35,-2.64,10.60,0.00,0,2,1001.20,40.61,109.96,1001.20,39.02,109.40,0.44,1000.57,38.72,115.11,1.15,1.43,93.60,313.95,7954,0.86,0.82,9.84,1.00,0.03,-0.04,-0.01,4.51,-3.97,-1.48,6,18,2,0,35.2901633,136.2529033,87.60, 0.63
241442,-0.05,-0.09,9.77,1.00,-0.01,0.00,-0.02,0.15,1.35,-2.64,10.60,0.00,0,2,1001.20,40.60,109.95,1001.20,39.03,109.41,0.43,1000.56,38.74,115.14,1.12,1.41,93.69,313.95,7955,0.82,0.70,9.84,1.00,0.03,-0.04,-0.01,4.51,-3.97,-1.48,6,18,2,0,35.2901633,136.2529033,87.60, 0.63
241499,-0.06,-0.16,9.74,1.00,-0.01,0.00,-0.02,0.15,1.35,-2.64,10.60,0.00,0,2,1001.21,40.61,109.92,1001.20,39.03,109.38,0.43,1000.56,38.72,115.17,1.08,1.38,93.78,313.95,7954,0.79,0.74,9.75,1.00,0.03,-0.04,-0.01,4.51,-3.97,-1.48,6,18,2,0,35.2901633,136.2529033,87.60, 0.63
241557,-0.04,-0.15,9.79,1.00,-0.01,0.00,-0.02,0.15,1.35,-2.64,10.62,0.00,0,2,1001.21,40.61,109.90,1001.20,39.04,109.40,0.43,1000.56,38.73,115.15,1.10,1.39,93.78,313.95,7955,0.85,0.69,9.80,1.00,0.03,-0.04,-0.01,4.51,-3.97,-1.48,6,18,2,0,35.2901633,136.2529033,87.60, 0.63
241610,0.00,-0.14,9.84,1.00,-0.01,0.00,-0.02,0.15,1.35,-2.64,10.60,0.00,0,2,1001.21,40.61,109.91,1001.21,39.03,109.36,0.44,1000.56,38.73,115.18,1.07,1.37,93.78,313.95,7955,0.73,0.68,9.75,1.00,0.03,-0.04,-0.01,4.51,-3.97,-1.48,6,18,2,0,35.2901633,136.2529033,87.60, 0.63
241665,-0.02,-0.21,9.75,1.00,-0.01,0.00,-0.02,0.15,1.35,-2.64,10.61,0.00,0,2,1001.20,40.62,109.94,1001.20,39.04,109.39,0.44,1000.56,38.74,115.17,1.13,1.42,93.78,313.95,7955,0.73,0.76,9.87,1.00,0.03,-0.04,-0.01,4.51,-3.97,-1.48,6,18,2,0,35.2901633,136.2529033,87.60, 0.31
241719,-0.05,-0.16,9.84,1.00,-0.01,0.00,-0.02,0.15,1.35,-2.64,10.60,0.00,0,2,1001.20,40.62,109.94,1001.20,39.04,109.39,0.43,1000.56,38.74,115.16,1.12,1.41,93.34,313.95,7956,0.74,0.40,9.79,1.00,0.03,-0.04,-0.01,4.51,-3.97,-1.48,6,18,2,0,35.2901633,136.2529033,87.60, 0.31
241776,-0.04,-0.07,9.84,1.00,-0.01,0.00,-0.02,0.15,1.35,-2.64,10.61,0.00,0,2,1001.21,40.62,109.91,1001.20,39.04,109.40,0.43,1000.56,38.73,115.15,1.23,1.48,93.16,313.86,7955,0.71,0.30,9.75,1.00,0.03,-0.04,-0.01,4.51,-3.97,-1.48,6,18,3,0,35.2901617,136.2529033,87.50, 0.31
241831,0.00,-0.13,9.82,1.00,-0.01,0.00,-0.02,0.15,1.35,-2.64,10.61,0.00,0,2,1001.20,40.62,109.96,1001.20,39.05,109.40,0.43,1000.56,38.74,115.16,1.22,1.47,93.34,313.86,7956,0.84,0.50,9.71,1.00,0.03,-0.04,-0.01,4.51,-3.97,-1.48,6,18,3,0,35.2901617,136.2529033,87.50, 0.31
241887,-0.11,-0.18,9.84,1.00,-0.01,0.00,-0.02,0.15,1.35,-2.64,10.60,0.00,0,2,1001.20,40.61,109.96,1001.21,39.05,109.38,0.43,1000.56,38.74,115.16,1.32,1.53,92.90,313.95,7954,0.78,0.46,9.79,1.00,0.03,-0.04,-0.01,4.51,-3.96,-1.48,6,18,3,0,35.2901617,136.2529033,87.50, 0.31
241939,-0.04,-0.14,9.81,1.00,-0.01,0.00,-0.02,0.15,1.35,-2.64,10.61,0.00,0,2,1001.21,40.61,109.93,1001.20,39.05,109.39,0.44,1000.56,38.74,115.19,1.27,1.50,92.90,313.95,7956,0.87,0.68,9.81,1.00,0.03,-0.04,-0.01,4.51,-3.95,-1.48,6,18,3,0,35.2901617,136.2529033,87.50, 0.31
241995,-0.02,-0.15,9.70,1.00,-0.01,0.00,-0.02,0.15,1.35,-2.64,10.60,0.00,0,2,1001.21,40.62,109.89,1001.20,39.05,109.37,0.44,1000.56,38.75,115.15,1.42,1.58,93.08,313.95,7954,0.82,0.79,9.79,1.00,0.03,-0.04,-0.01,4.51,-3.95,-1.48,6,18,3,0,35.2901617,136.2529033,87.50, 0.31
242049,-0.04,-0.20,9.70,1.00,-0.01,0.00,-0.02,0.15,1.35,-2.64,10.59,0.00,0,2,1001.21,40.62,109.93,1001.21,39.07,109.37,0.44,1000.56,38.74,115.19,1.37,1.55,93.08,313.95,7954,0.95,0.36,9.70,1.00,0.03,-0.04,-0.01,4.51,-3.95,-1.48,6,18,3,0,35.2901617,136.2529033,87.50, 0.31
242102,0.00,-0.20,9.69,1.00,-0.01,0.00,-0.02,0.15,1.35,-2.64,10.59,0.00,0,2,1001.20,40.62,109.94,1001.21,39.07,109.35,0.43,1000.56,38.73,115.18,1.25,1.49,93.08,313.95,7955,0.84,0.24,9.66,1.00,0.03,-0.04,-0.01,4.51,-3.95,-1.48,6,18,3,0,35.2901617,136.2529033,87.50, 0.31
242158,0.01,-0.11,9.84,1.00,-0.01,0.00,-0.02,0.15,1.35,-2.64,10.59,0.00,0,2,1001.21,40.62,109.93,1001.20,39.06,109.41,0.43,1000.56,38.74,115.16,1.25,1.49,93.16,313.95,7954,0.54,1.07,9.93,1.00,0.03,-0.04,-0.01,4.51,-3.96,-1.48,6,18,3,0,35.2901617,136.2529033,87.50, 0.31
242211,-0.12,-0.22,9.77,1.00,-0.01,0.00,-0.02,0.15,1.35,-2.64,10.60,0.00,0,2,1001.20,40.59,109.99,1001.20,39.06,109.39,0.43,1000.56,38.75,115.17,1.32,1.53,93.08,313.95,7955,0.75,1.09,9.90,1.00,0.03,-0.04,-0.01,4.51,-3.95,-1.49,6,18,3,0,35.2901617,136.2529033,87.50, 0.31
242269,-0.07,0.00,9.66,1.00,-0.01,0.00,-0.02,0.15,1.35,-2.64,10.60,0.00,0,2,1001.21,40.62,109.91,1001.21,39.06,109.36,0.43,1000.56,38.73,115.22,1.15,1.43,92.90,313.95,7955,0.97,0.46,9.78,1.00,0.03,-0.04,-0.01,4.51,-3.95,-1.49,6,18,3,0,35.2901617,136.2529033,87.50, 0.31
242321,0.01,-0.13,9.86,1.00,-0.01,0.00,-0.02,0.15,1.33,-2.64,10.60,0.00,0,2,1001.21,40.61,109.93,1001.20,39.05,109.41,0.44,1000.56,38.73,115.15,1.03,1.35,93.16,313.95,7955,0.80,0.88,9.71,1.00,0.03,-0.04,-0.01,4.51,-3.94,-1.49,6,18,3,0,35.2901617,136.2529033,87.50, 0.31
242378,0.05,-0.28,9.85,1.00,-0.01,0.00,-0.02,0.14,1.33,-2.64,10.60,0.00,0,2,1001.20,40.60,109.95,1001.21,39.05,109.38,0.43,1000.56,38.73,115.13,0.87,1.24,93.25,313.95,7956,0.68,0.95,9.84,1.00,0.03,-0.04,-0.01,4.51,-3.94,-1.49,6,18,3,0,35.2901617,136.2529033,87.50, 0.31
242430,0.05,0.02,9.95,1.00,-0.01,0.00,-0.02,0.14,1.33,-2.64,10.60,0.00,0,2,1001.21,40.61,109.93,1001.20,39.06,109.39,0.43,1000.56,38.73,115.15,1.30,1.52,92.81,313.95,7956,0.81,0.38,9.72,1.00,0.03,-0.04,-0.01,4.51,-3.94,-1.49,6,18,3,0,35.2901617,136.2529033,87.50, 0.31
242488,-0.02,-0.13,9.85,1.00,-0.01,0.00,-0.02,0.14,1.30,-2.64,10.61,0.00,0,2,1001.20,40.62,109.97,1001.20,39.06,109.38,0.43,1000.56,38.73,115.14,1.25,1.49,92.72,313.95,7956,0.82,0.57,9.70,1.00,0.03,-0.04,-0.01,4.51,-3.93,-1.49,6,18,3,0,35.2901617,136.2529033,87.50, 0.31
242541,-0.10,-0.22,9.72,1.00,-0.01,0.00,-0.02,0.15,1.30,-2.64,10.61,0.00,0,2,1001.20,40.60,109.95,1001.21,39.07,109.39,0.43,1000.56,38.74,115.14,1.02,1.34,92.90,313.95,7956,0.84,0.58,9.77,1.00,0.03,-0.04,-0.01,4.51,-3.94,-1.49,6,18,3,0,35.2901617,136.2529033,87.50, 0.31
242597,-0.03,-0.11,9.82,1.00,-0.01,0.00,-0.02,0.15,1.30,-2.64,10.61,0.00,0,2,1001.20,40.60,109.96,1001.21,39.07,109.37,0.44,1000.56,38.72,115.17,1.42,1.58,92.90,313.95,7956,0.87,0.72,9.82,1.00,0.03,-0.04,-0.01,4.52,-3.94,-1.49,6,18,3,0,35.2901617,136.2529033,87.50, 0.31
242649,0.00,-0.09,9.84,1.00,-0.01,0.00,-0.02,0.15,1.28,-2.64,10.60,0.00,0,2,1001.20,40.60,109.97,1001.21,39.07,109.39,0.43,1000.56,38.74,115.14,1.42,1.58,92.90,313.95,7955,0.83,0.69,9.83,1.00,0.03,-0.04,-0.01,4.52,-3.93,-1.49,6,18,3,0,35.2901617,136.2529033,87.50, 0.31
242706,0.02,-0.19,9.79,1.00,-0.01,0.00,-0.02,0.15,1.28,-2.64,10.60,0.00,0,2,1001.21,40.61,109.93,1001.21,39.05,109.39,0.43,1000.57,38.74,115.12,1.12,1.41,92.90,313.95,7955,0.75,0.66,9.79,1.00,0.03,-0.04,-0.01,4.52,-3.92,-1.49,6,18,3,0,35.2901617,136.2529033,87.50, 0.31
242758,0.05,-0.11,9.79,1.00,-0.01,0.00,-0.02,0.15,1.28,-2.64,10.60,0.00,0,2,1001.20,40.61,109.96,1001.20,39.06,109.41,0.42,1000.57,38.74,115.10,1.33,1.54,92.99,313.95,7956,0.88,0.61,9.74,1.00,0.03,-0.04,-0.01,4.52,-3.93,-1.49,6,18,4,0,35.2901600,136.2529000,87.50, 0.31
242811,0.03,-0.06,9.84,1.00,-0.01,0.00,-0.02,0.14,1.27,-2.64,10.60,0.00,0,2,1001.20,40.60,109.96,1001.21,39.08,109.37,0.43,1000.57,38.74,115.09,0.58,1.02,92.90,313.95,7955,1.01,0.48,9.75,1.00,0.03,-0.04,-0.01,4.52,-3.92,-1.49,6,18,4,0,35.2901600,136.2529000,87.50, 0.31
242868,-0.05,-0.20,9.78,1.00,-0.01,0.00,-0.02,0.14,1.26,-2.64,10.60,0.00,0,2,1001.21,40.62,109.92,1001.21,39.08,109.39,0.43,1000.56,38.73,115.13,1.10,1.39,93.08,313.95,7956,0.73,0.70,9.78,1.00,0.03,-0.04,-0.01,4.52,-3.92,-1.49,6,18,4,0,35.2901600,136.2529000,87.50, 0.31
242922,-0.05,-0.13,9.87,1.00,-0.01,0.00,-0.02,0.14,1.26,-2.64,10.60,0.00,0,2,1001.21,40.59,109.91,1001.20,39.06,109.42,0.43,1000.56,38.73,115.13,1.08,1.38,93.16,313.95,7955,0.58,0.61,9.84,1.00,0.03,-0.04,-0.01,4.52,-3.92,-1.49,6,18,4,0,35.2901600,136.2529000,87.50, 0.31
242976,-0.01,-0.19,9.74,1.00,-0.01,0.00,-0.02,0.15,1.26,-2.64,10.60,0.00,0,2,1001.20,40.61,109.98,1001.20,39.08,109.39,0.34,1000.57,38.74,115.10,1.18,1.45,93.25,313.95,7956,1.16,0.63,9.70,1.00,0.03,-0.04,-0.01,4.53,-3.92,-1.49,6,18,4,0,35.2901600,136.2529000,87.50, 0.31
243029,-0.05,-0.14,9.76,1.00,-0.01,0.00,-0.02,0.15,1.25,-2.64,10.60,0.00,0,2,1001.20,40.60,109.95,1001.21,39.08,109.38,0.43,1000.57,38.73,115.09,1.30,1.52,93.25,313.95,7955,0.70,0.60,9.83,1.00,0.03,-0.04,-0.01,4.53,-3.92,-1.49,6,18,4,0,35.2901600,136.2529000,87.50, 0.31
243086,-0.05,-0.17,9.81,1.00,-0.01,0.00,-0.02,0.14,1.24,-2.64,10.61,0.00,0,2,1001.20,40.61,109.96,1001.20,39.06,109.43,0.43,1000.57,38.74,115.12,1.40,1.57,93.25,313.95,7955,0.89,0.78,9.82,1.00,0.03,-0.04,-0.01,4.53,-3.90,-1.49,6,18,4,0,35.2901600,136.2529000,87.50, 0.31
243137,-0.03,-0.19,9.80,1.00,-0.01,0.00,-0.02,0.14,1.23,-2.64,10.61,0.00,0,2,1001.20,40.60,109.97,1001.20,39.08,109.39,0.43,1000.57,38.73,115.13,1.43,1.59,93.25,313.95,7955,0.68,0.57,9.74,1.00,0.03,-0.04,-0.01,4.53,-3.90,-1.49,6,18,4,0,35.2901600,136.2529000,87.50, 0.31
243195,-0.06,-0.14,9.78,1.00,-0.01,0.00,-0.02,0.14,1.23,-2.64,10.61,0.00,0,2,1001.20,40.59,109.98,1001.20,39.08,109.42,0.44,1000.57,38.73,115.11,1.22,1.47,93.25,313.95,7955,0.93,0.62,9.74,1.00,0.03,-0.04,-0.01,4.53,-3.91,-1.49,6,18,4,0,35.2901600,136.2529000,87.50, 0.31
243248,-0.03,-0.14,9.82,1.00,-0.01,0.00,-0.02,0.15,1.23,-2.64,10.61,0.00,0,2,1001.20,40.62,109.94,1001.20,39.08,109.42,0.43,1000.57,38.73,115.11,0.93,1.28,93.25,313.95,7956,0.68,0.45,9.77,1.00,0.03,-0.04,-0.01,4.54,-3.90,-1.49,6,18,4,0,35.2901600,136.2529000,87.50, 0.31
243304,-0.03,-0.18,9.79,1.00,-0.01,0.00,-0.02,0.15,1.23,-2.64,10.61,0.00,0,2,1001.20,40.60,109.96,1001.20,39.07,109.43,0.43,1000.56,38.73,115.15,0.95,1.30,93.25,313.95,7956,0.71,0.80,9.80,1.00,0.03,-0.04,-0.01,4.54,-3.90,-1.49,6,18,4,0,35.2901600,136.2529000,87.50, 0.31
243356,-0.04,-0.21,9.83,1.00,-0.01,0.00,-0.02,0.15,1.23,-2.64,10.60,0.00,0,2,1001.20,40.61,109.96,1001.20,39.07,109.40,0.43,1000.56,38.73,115.18,1.17,1.44,93.25,313.95,7956,0.85,0.47,9.71,1.00,0.03,-0.04,-0.01,4.54,-3.89,-1.48,6,18,4,0,35.2901600,136.2529000,87.50, 0.31
243409,-0.01,-0.06,9.85,1.00,-0.01,0.00,-0.02,0.15,1.23,-2.64,10.61,0.00,0,2,1001.20,40.59,109.98,1001.20,39.07,109.40,0.43,1000.56,38.73,115.16,0.92,1.27,92.90,313.95,7955,0.59,0.57,9.76,1.00,0.03,-0.04,-0.01,4.53,-3.88,-1.48,6,18,4,0,35.2901600,136.2529000,87.50, 0.31
243466,-0.04,-0.24,9.68,1.00,-0.01,0.00,-0.02,0.15,1.23,-2.64,10.61,0.00,0,2,1001.20,40.60,109.99,1001.21,39.08,109.38,0.43,1000.56,38.74,115.16,0.75,1.15,92.64,313.95,7955,0.54,0.45,9.67,1.00,0.03,-0.04,-0.01,4.53,-3.89,-1.48,6,18,4,0,35.2901600,136.2529000,87.50, 0.31
243524,0.00,-0.09,9.87,1.00,-0.01,0.00,-0.02,0.15,1.23,-2.64,10.62,0.00,0,2,1001.20,40.60,109.99,1001.20,39.08,109.45,0.43,1000.56,38.74,115.16,0.52,0.96,92.55,313.95,7955,0.59,0.22,9.68,1.00,0.03,-0.04,-0.01,4.54,-3.89,-1.49,6,18,4,0,35.2901600,136.2529000,87.50, 0.31
243576,-0.03,-0.14,9.83,1.00,-0.01,0.00,-0.02,0.15,1.23,-2.64,10.62,0.00,0,2,1001.20,40.60,109.94,1001.20,39.09,109.41,0.43,1000.56,38.73,115.18,0.57,1.00,92.90,313.95,7956,0.90,0.98,9.88,1.00,0.03,-0.04,-0.01,4.54,-3.89,-1.49,6,18,4,0,35.2901600,136.2529000,87.50, 0.31
243633,-0.01,-0.16,9.81,1.00,-0.01,0.00,-0.02,0.15,1.23,-2.64,10.62,0.00,0,2,1001.20,40.59,109.98,1001.20,39.08,109.41,0.43,1000.56,38.74,115.14,0.53,0.97,92.99,313.95,7956,0.84,0.58,9.80,1.00,0.03,-0.04,-0.01,4.54,-3.88,-1.50,6,18,4,0,35.2901600,136.2529000,87.50, 0.27
243686,0.00,-0.13,9.81,1.00,-0.01,0.00,-0.02,0.15,1.23,-2.64,10.61,0.00,0,2,1001.21,40.62,109.93,1001.21,39.08,109.42,0.44,1000.56,38.73,115.20,0.38,0.82,92.90,313.95,7955,0.41,0.88,9.86,1.00,0.03,-0.04,-0.01,4.54,-3.87,-1.48,6,18,4,0,35.2901600,136.2529000,87.50, 0.27
243744,-0.11,-0.20,9.78,1.00,-0.01,0.00,-0.02,0.15,1.23,-2.64,10.61,0.00,0,2,1001.21,40.61,109.93,1001.20,39.08,109.42,0.43,1000.56,38.73,115.19,0.48,0.92,92.55,313.95,7955,0.74,0.80,9.76,1.00,0.03,-0.04,-0.01,4.54,-3.88,-1.49,6,18,4,0,35.2901600,136.2529000,87.50, 0.27
243795,-0.12,-0.18,9.70,1.00,-0.01,0.00,-0.02,0.15,1.23,-2.64,10.61,0.00,0,2,1001.20,40.62,109.94,1001.21,39.08,109.40,0.44,1000.56,38.73,115.16,0.23,0.64,91.41,313.95,7956,1.14,0.81,9.80,1.00,0.03,-0.04,-0.01,4.54,-3.88,-1.50,6,18,4,0,35.2901600,136.2529000,87.50, 0.27
243851,-0.09,-0.10,9.86,1.00,-0.01,0.00,-0.02,0.15,1.23,-2.64,10.62,0.00,0,2,1001.20,40.61,109.96,1001.20,39.08,109.41,0.43,1000.56,38.74,115.14,0.30,0.73,90.62,313.95,7954,0.66,0.58,9.83,1.00,0.03,-0.04,-0.01,4.54,-3.88,-1.49,6,18,4,0,35.2901600,136.2529000,87.50, 0.27
243905,0.03,-0.19,9.80,1.00,-0.01,0.00,-0.02,0.15,1.23,-2.64,10.61,0.00,0,2,1001.20,40.62,109.97,1001.21,39.08,109.41,0.43,1000.57,38.74,115.12,0.47,0.91,90.44,313.95,7956,0.79,1.01,9.87,1.00,0.03,-0.04,-0.01,4.55,-3.87,-1.49,6,18,4,0,35.2901600,136.2529000,87.50, 0.27
243959,0.05,-0.06,9.85,1.00,-0.01,0.00,-0.02,0.15,1.23,-2.64,10.61,0.00,0,2,1001.21,40.62,109.93,1001.20,39.09,109.41,0.43,1000.56,38.74,115.17,0.75,1.15,90.44,313.95,7955,0.82,0.50,9.73,1.00,0.03,-0.04,-0.01,4.55,-3.87,-1.50,6,18,4,0,35.2901600,136.2529000,87.50, 0.27
244016,0.03,-0.15,9.93,1.00,-0.01,0.00,-0.02,0.15,1.23,-2.64,10.61,0.00,0,2,1001.20,40.62,109.94,1001.20,39.08,109.41,0.43,1000.56,38.73,115.16,0.77,1.16,90.44,313.95,7955,0.63,0.61,9.81,1.00,0.03,-0.04,-0.01,4.55,-3.87,-1.50,6,18,4,0,35.2901600,136.2529000,87.50, 0.27
244071,0.05,-0.10,9.91,1.00,-0.01,0.00,-0.02,0.15,1.23,-2.64,10.61,0.00,0,2,1001.20,40.62,109.96,1001.20,39.09,109.43,0.44,1000.57,38.75,115.10,0.70,1.11,90.44,313.95,7953,0.67,0.88,9.89,1.00,0.03,-0.04,-0.01,4.55,-3.86,-1.50,6,18,4,0,35.2901600,136.2529000,87.50, 0.27
244125,-0.16,-0.17,9.74,1.00,-0.01,0.00,-0.02,0.15,1.23,-2.64,10.59,0.00,0,2,1001.21,40.62,109.93,1001.21,39.09,109.44,0.43,1000.57,38.74,115.13,0.68,1.10,90.44,313.95,7955,0.80,0.83,9.78,1.00,0.03,-0.04,-0.01,4.55,-3.86,-1.50,6,18,4,0,35.2901600,136.2529000,87.50, 0.27
244182,-0.13,-0.06,10.03,1.00,-0.01,0.00,-0.02,0.15,1.23,-2.64,10.59,0.00,0,2,1001.20,40.62,109.94,1001.20,39.10,109.43,0.37,1000.57,38.75,115.12,0.72,1.13,90.53,313.95,7955,0.84,0.31,9.68,1.00,0.03,-0.04,-0.01,4.55,-3.85,-1.50,6,18,4,0,35.2901600,136.2529000,87.50, 0.27
244234,-0.03,-0.06,10.03,1.00,-0.01,0.00,-0.02,0.13,1.23,-2.64,10.59,0.00,0,2,1001.21,40.62,109.93,1001.20,39.10,109.41,0.43,1000.56,38.74,115.14,0.85,1.23,90.62,313.95,7955,0.92,0.33,9.79,1.00,0.03,-0.04,-0.01,4.55,-3.85,-1.51,6,18,4,0,35.2901600,136.2529000,87.50, 0.27
244293,0.04,-0.08,9.80,1.00,-0.01,0.00,-0.02,0.13,1.23,-2.64,10.61,0.00,0,2,1001.20,40.60,109.99,1001.20,39.10,109.42,0.43,1000.56,38.74,115.14,0.88,1.25,90.70,313.95,7955,0.95,0.46,9.79,1.00,0.03,-0.04,-0.01,4.55,-3.85,-1.51,6,18,4,0,35.2901600,136.2529000,87.50, 0.27
244346,0.00,-0.12,9.91,1.00,-0.01,0.00,-0.02,0.13,1.23,-2.64,10.60,0.00,0,2,1001.20,40.61,109.98,1001.21,39.10,109.39,0.43,1000.57,38.74,115.10,0.93,1.28,90.79,313.95,7955,1.02,0.77,9.76,1.00,0.03,-0.04,-0.01,4.55,-3.86,-1.52,6,18,4,0,35.2901600,136.2529000,87.50, 0.27
244403,-0.07,-0.14,9.80,1.00,-0.01,0.00,-0.02,0.13,1.23,-2.64,10.61,0.00,0,2,1001.21,40.60,109.92,1001.20,39.10,109.44,0.44,1000.57,38.74,115.10,1.00,1.33,90.79,313.95,7955,0.60,0.62,9.81,1.00,0.03,-0.04,-0.01,4.55,-3.86,-1.53,6,18,4,0,35.2901600,136.2529000,87.50, 0.27
244454,-0.05,-0.11,9.84,1.00,-0.01,0.00,-0.02,0.13,1.23,-2.64,10.60,0.00,0,2,1001.20,40.60,109.95,1001.20,39.09,109.41,0.44,1000.57,38.74,115.12,1.50,1.63,90.79,313.95,7955,1.09,0.73,9.79,1.00,0.03,-0.04,-0.01,4.55,-3.86,-1.53,6,18,4,0,35.2901600,136.2529000,87.50, 0.27
244511,-0.05,-0.16,9.84,1.00,-0.01,0.00,-0.02,0.13,1.23,-2.64,10.59,0.00,0,2,1001.21,40.61,109.91,1001.20,39.10,109.42,0.43,1000.56,38.73,115.14,1.30,1.52,90.88,313.95,7955,1.06,0.81,9.82,1.00,0.03,-0.04,-0.01,4.56,-3.86,-1.53,6,18,4,0,35.2901600,136.2529000,87.50, 0.27
244564,-0.02,0.00,9.87,1.00,-0.01,0.00,-0.02,0.13,1.23,-2.64,10.59,0.00,0,2,1001.20,40.60,109.94,1001.20,39.10,109.42,0.43,1000.56,38.75,115.15,1.32,1.53,90.88,313.95,7955,0.57,0.49,9.92,1.00,0.03,-0.04,-0.01,4.56,-3.86,-1.53,6,18,4,0,35.2901600,136.2529000,87.50, 0.27
244620,-0.11,-0.12,10.01,1.00,-0.01,0.00,-0.02,0.13,1.23,-2.64,10.60,0.00,0,2,1001.21,40.61,109.93,1001.20,39.10,109.44,0.43,1000.57,38.75,115.13,1.45,1.60,90.97,313.95,7956,0.57,0.86,9.77,1.00,0.03,-0.04,-0.01,4.56,-3.84,-1.53,6,18,5,0,35.2901600,136.2529017,87.50, 0.22
244672,-0.06,-0.19,9.96,1.00,-0.01,0.00,-0.02,0.13,1.23,-2.64,10.60,0.00,0,2,1001.20,40.60,109.95,1001.20,39.11,109.42,0.44,1000.56,38.75,115.17,1.37,1.55,91.23,313.95,7956,1.03,0.49,9.68,1.00,0.03,-0.04,-0.01,4.56,-3.83,-1.53,6,18,5,0,35.2901600,136.2529017,87.50, 0.22
244729,0.00,-0.18,9.69,1.00,-0.01,0.00,-0.02,0.13,1.23,-2.64,10.61,0.00,0,2,1001.21,40.61,109.93,1001.20,39.10,109.44,0.43,1000.56,38.74,115.15,1.33,1.54,91.41,313.95,7955,0.85,0.15,9.59,1.00,0.03,-0.04,-0.01,4.56,-3.84,-1.52,6,18,5,0,35.2901600,136.2529017,87.50, 0.22
244784,0.02,-0.05,9.93,1.00,-0.01,0.00,-0.02,0.13,1.23,-2.64,10.61,0.00,0,2,1001.20,40.60,109.93,1001.21,39.11,109.40,0.44,1000.56,38.75,115.15,1.23,1.48,91.58,313.95,7955,0.57,0.21,9.79,1.00,0.03,-0.04,-0.01,4.56,-3.83,-1.51,6,18,5,0,35.2901600,136.2529017,87.50, 0.22
244841,-0.03,-0.13,9.70,1.00,-0.01,0.00,-0.02,0.13,1.23,-2.64,10.60,0.00,0,2,1001.21,40.61,109.91,1001.21,39.11,109.40,0.39,1000.56,38.74,115.16,1.17,1.44,91.85,313.95,7955,0.78,0.83,9.87,1.00,0.03,-0.04,-0.01,4.56,-3.83,-1.51,6,18,6,0,35.2901600,136.2529000,87.50, 0.22
244893,-0.10,-0.16,9.73,1.00,-0.01,0.00,-0.02,0.13,1.23,-2.64,10.60,0.00,0,2,1001.20,40.60,109.94,1001.20,39.11,109.42,0.44,1000.56,38.75,115.19,1.23,1.48,91.93,313.95,7956,0.70,0.37,9.69,1.00,0.03,-0.04,-0.01,4.56,-3.82,-1.51,6,18,6,0,35.2901600,136.2529000,87.50, 0.22
244951,0.05,-0.25,9.87,1.00,-0.01,0.00,-0.02,0.13,1.23,-2.64,10.60,0.00,0,2,1001.20,40.61,109.96,1001.20,39.12,109.38,0.43,1000.56,38.75,115.18,1.47,1.61,91.85,313.95,7955,0.62,0.42,9.73,1.00,0.03,-0.04,-0.01,4.56,-3.82,-1.51,6,18,6,0,35.2901600,136.2529000,87.50, 0.22
245003,0.01,-0.22,9.68,1.00,-0.01,0.00,-0.02,0.13,1.23,-2.64,10.60,0.00,0,2,1001.20,40.62,109.94,1001.20,39.11,109.42,0.44,1000.56,38.74,115.19,1.55,1.66,91.93,313.95,7955,0.80,0.55,9.72,1.00,0.03,-0.04,-0.01,4.56,-3.83,-1.51,6,18,6,0,35.2901600,136.2529000,87.50, 0.22
245056,0.01,-0.05,9.87,1.00,-0.01,0.00,-0.02,0.13,1.23,-2.64,10.60,0.00,0,2,1001.20,40.60,109.94,1001.21,39.12,109.41,0.44,1000.56,38.74,115.20,1.42,1.58,91.93,313.95,7956,0.94,0.76,9.85,1.00,0.03,-0.04,-0.01,4.56,-3.83,-1.51,6,18,6,0,35.2901600,136.2529000,87.50, 0.22
245112,-0.11,0.00,10.01,1.00,-0.01,0.00,-0.02,0.13,1.23,-2.64,10.60,0.00,0,2,1001.20,40.60,109.95,1001.20,39.11,109.41,0.43,1000.56,38.74,115.21,1.57,1.66,92.02,313.95,7955,0.79,0.35,9.61,1.00,0.03,-0.04,-0.01,4.56,-3.82,-1.51,6,18,6,0,35.2901600,136.2529000,87.50, 0.22
245169,-0.09,-0.17,9.64,1.00,-0.01,0.00,-0.02,0.13,1.23,-2.64,10.60,0.00,0,2,1001.20,40.60,109.93,1001.20,39.12,109.44,0.43,1000.55,38.74,115.26,1.30,1.52,91.93,313.95,7955,0.97,-0.18,9.47,1.00,0.03,-0.04,-0.01,4.56,-3.82,-1.51,6,18,6,0,35.2901600,136.2529000,87.50, 0.22
245222,0.04,-0.04,10.02,1.00,-0.01,0.00,-0.02,0.13,1.23,-2.64,10.61,0.00,0,2,1001.21,40.62,109.91,1001.20,39.10,109.45,0.44,1000.56,38.74,115.19,1.17,1.44,92.02,313.95,7955,0.61,0.86,9.93,1.00,0.03,-0.04,-0.01,4.56,-3.81,-1.51,6,18,6,0,35.2901600,136.2529000,87.50, 0.22
245274,0.03,-0.20,9.72,1.00,-0.01,0.00,-0.02,0.13,1.23,-2.64,10.61,0.00,0,2,1001.21,40.62,109.89,1001.20,39.11,109.41,0.44,1000.56,38.75,115.20,1.00,1.33,92.11,313.95,7955,0.58,0.96,9.88,1.00,0.03,-0.04,-0.01,4.56,-3.84,-1.51,6,18,6,0,35.2901600,136.2529000,87.50, 0.22
245331,0.00,-0.21,9.78,1.00,-0.01,0.00,-0.02,0.13,1.23,-2.64,10.61,0.00,0,2,1001.21,40.62,109.92,1001.20,39.11,109.43,0.43,1000.55,38.74,115.25,1.05,1.36,92.11,313.86,7956,0.85,0.64,9.78,1.00,0.03,-0.04,-0.01,4.56,-3.83,-1.51,6,18,6,0,35.2901600,136.2529000,87.50, 0.22
245385,-0.13,-0.12,9.69,1.00,-0.01,0.00,-0.02,0.13,1.23,-2.64,10.61,0.00,0,2,1001.20,40.62,109.94,1001.20,39.13,109.45,0.44,1000.55,38.75,115.24,1.07,1.37,92.02,313.77,7956,0.69,-0.43,9.53,1.00,0.03,-0.04,-0.01,4.56,-3.80,-1.51,6,18,6,0,35.2901600,136.2529000,87.50, 0.22
245440,-0.07,-0.05,9.80,1.00,-0.01,0.00,-0.02,0.13,1.23,-2.64,10.62,0.00,0,2,1001.20,40.61,109.94,1001.20,39.11,109.43,0.43,1000.56,38.74,115.19,1.05,1.36,92.02,313.77,7955,0.87,1.50,10.10,1.00,0.03,-0.04,-0.01,4.56,-3.81,-1.51,6,18,6,0,35.2901600,136.2529000,87.50, 0.22
245492,-0.10,-0.22,9.75,1.00,-0.01,0.00,-0.02,0.13,1.23,-2.64,10.62,0.00,0,2,1001.20,40.62,109.96,1001.20,39.11,109.46,0.43,1000.56,38.74,115.16,1.10,1.40,92.11,313.77,7956,0.77,1.26,9.92,1.00,0.03,-0.04,-0.01,4.56,-3.82,-1.51,6,18,6,0,35.2901600,136.2529000,87.50, 0.22
245549,0.00,-0.20,9.85,1.00,-0.01,0.00,-0.02,0.13,1.23,-2.64,10.61,0.00,0,2,1001.20,40.62,109.94,1001.20,39.12,109.43,0.44,1000.56,38.74,115.20,1.17,1.44,92.02,313.77,7955,0.93,1.17,9.87,1.00,0.03,-0.04,-0.01,4.56,-3.83,-1.51,6,18,6,0,35.2901600,136.2529000,87.50, 0.22
245601,0.00,-0.09,9.75,1.00,-0.01,0.00,-0.02,0.13,1.23,-2.64,10.61,0.00,0,2,1001.21,40.62,109.92,1001.20,39.10,109.49,0.44,1000.56,38.75,115.18,1.15,1.43,92.02,313.77,7954,0.95,1.00,9.88,1.00,0.03,-0.04,-0.01,4.56,-3.81,-1.51,6,18,6,0,35.2901600,136.2529000,87.50, 0.22
245656,-0.51,-0.39,9.51,1.00,-0.01,0.00,-0.02,0.13,1.23,-2.64,10.61,0.00,0,2,1001.21,40.61,109.93,1001.20,39.12,109.44,0.43,1000.56,38.76,115.15,1.07,1.37,92.02,313.77,7954,0.91,0.35,9.61,1.00,0.03,-0.04,-0.01,4.56,-3.81,-1.51,6,18,6,0,35.2901600,136.2529000,87.50, 0.22
245711,-0.14,-0.27,9.92,1.00,-0.01,0.00,-0.02,0.14,1.22,-2.64,10.61,0.00,0,2,1001.20,40.62,109.96,1001.20,39.11,109.43,0.43,1000.56,38.75,115.16,1.07,1.37,92.02,313.77,7954,0.96,0.52,9.67,1.00,0.03,-0.04,-0.01,4.56,-3.81,-1.52,6,18,6,0,35.2901600,136.2529000,87.50, 0.26
245768,-0.08,-0.08,9.83,1.00,-0.01,0.00,-0.02,0.15,1.21,-2.64,10.60,0.00,0,2,1001.20,40.62,109.94,1001.20,39.11,109.43,0.44,1000.56,38.74,115.17,1.20,1.46,92.02,313.77,7955,1.29,0.03,9.55,1.00,0.03,-0.04,-0.01,4.56,-3.79,-1.53,6,18,6,0,35.2901600,136.2529000,87.50, 0.26
245820,-0.08,-0.21,9.72,1.00,-0.01,0.00,-0.02,0.15,1.21,-2.64,10.60,0.00,0,2,1001.20,40.62,109.97,1001.20,39.12,109.44,0.43,1000.56,38.75,115.15,1.28,1.51,92.11,313.77,7954,1.19,-0.05,9.53,1.00,0.03,-0.04,-0.01,4.56,-3.80,-1.53,6,18,6,0,35.2901600,136.2529000,87.50, 0.26
245873,0.03,-0.16,9.77,1.00,-0.01,0.00,-0.02,0.15,1.21,-2.64,10.60,0.00,0,2,1001.20,40.62,109.94,1001.20,39.11,109.44,0.44,1000.56,38.76,115.18,1.25,1.49,92.11,313.77,7955,0.55,1.47,10.07,1.00,0.03,-0.04,-0.01,4.56,-3.82,-1.52,6,18,6,0,35.2901600,136.2529000,87.50, 0.26
245929,0.00,-0.13,9.74,1.00,-0.01,0.00,-0.02,0.15,1.21,-2.64,10.61,0.00,0,2,1001.20,40.61,109.94,1001.20,39.11,109.45,0.44,1000.56,38.75,115.17,0.77,1.16,92.11,313.77,7955,0.57,1.24,10.05,1.00,0.03,-0.04,-0.01,4.56,-3.81,-1.52,6,18,7,0,35.2901600,136.2529000,87.50, 0.26
245983,-0.04,-0.14,9.74,1.00,-0.01,0.00,-0.02,0.15,1.20,-2.64,10.61,0.00,0,2,1001.20,40.62,109.97,1001.20,39.12,109.43,0.44,1000.56,38.75,115.18,0.88,1.25,92.11,313.77,7955,1.28,1.10,9.88,1.00,0.03,-0.04,-0.01,4.56,-3.81,-1.53,6,18,7,0,35.2901600,136.2529000,87.50, 0.26
246039,-0.09,-0.17,9.79,1.00,-0.01,0.00,-0.02,0.15,1.19,-2.64,10.61,0.00,0,2,1001.20,40.62,109.94,1001.21,39.13,109.41,0.43,1000.56,38.74,115.19,1.18,1.45,92.11,313.77,7955,0.48,0.27,9.67,1.00,0.03,-0.04,-0.01,4.56,-3.79,-1.52,6,18,7,0,35.2901600,136.2529000,87.50, 0.26
246090,-0.11,-0.13,9.84,1.00,-0.01,0.00,-0.02,0.15,1.19,-2.64,10.61,0.00,0,2,1001.20,40.62,109.94,1001.20,39.14,109.46,0.43,1000.56,38.75,115.20,1.15,1.43,92.02,313.77,7955,0.79,0.43,9.73,1.00,0.03,-0.04,-0.01,4.56,-3.79,-1.52,6,18,7,0,35.2901600,136.2529000,87.50, 0.26
246148,-0.01,-0.13,9.78,1.00,-0.01,0.00,-0.02,0.16,1.19,-2.64,10.60,0.00,0,2,1001.20,40.62,109.96,1001.20,39.12,109.45,0.43,1000.56,38.74,115.21,1.22,1.47,92.02,313.86,7956,1.06,0.58,9.75,1.00,0.03,-0.04,-0.01,4.56,-3.81,-1.52,6,18,7,0,35.2901600,136.2529000,87.50, 0.26
246201,0.00,-0.14,9.75,1.00,-0.01,0.00,-0.02,0.15,1.18,-2.64,10.61,0.00,0,2,1001.20,40.62,109.96,1001.20,39.12,109.43,0.43,1000.56,38.74,115.20,1.20,1.46,92.02,313.77,7955,0.70,0.24,9.67,1.00,0.03,-0.04,-0.01,4.56,-3.80,-1.52,6,18,7,0,35.2901600,136.2529000,87.50, 0.26
246252,-0.01,-0.14,9.77,1.00,-0.01,0.00,-0.02,0.15,1.18,-2.64,10.60,0.00,0,2,1001.21,40.61,109.92,1001.20,39.12,109.43,0.43,1000.56,38.74,115.19,1.22,1.47,91.93,313.86,7955,0.67,0.80,9.86,1.00,0.03,-0.04,-0.01,4.56,-3.79,-1.52,6,18,7,0,35.2901600,136.2529000,87.50, 0.26
246309,-0.08,-0.11,9.82,1.00,-0.01,0.00,-0.02,0.16,1.17,-2.64,10.60,0.00,0,2,1001.20,40.60,109.94,1001.20,39.12,109.46,0.44,1000.56,38.76,115.20,1.25,1.49,91.85,313.86,7956,1.08,0.45,9.72,1.00,0.03,-0.04,-0.01,4.56,-3.79,-1.52,6,18,7,0,35.2901600,136.2529000,87.50, 0.26
246361,0.00,-0.18,9.81,1.00,-0.01,0.00,-0.02,0.16,1.17,-2.64,10.60,0.00,0,2,1001.20,40.60,109.93,1001.20,39.13,109.43,0.44,1000.56,38.76,115.16,1.23,1.48,91.67,313.86,7954,0.96,0.31,9.63,1.00,0.03,-0.04,-0.01,4.56,-3.79,-1.50,6,18,7,0,35.2901600,136.2529000,87.50, 0.26
246420,0.04,-0.17,9.83,1.00,-0.01,0.00,-0.02,0.16,1.16,-2.64,10.60,0.00,0,2,1001.20,40.62,109.98,1001.20,39.12,109.46,0.44,1000.56,38.75,115.19,1.22,1.47,91.93,313.77,7954,0.83,0.19,9.70,1.00,0.03,-0.04,-0.01,4.56,-3.79,-1.50,6,18,7,0,35.2901600,136.2529000,87.50, 0.26
246475,-0.05,-0.19,9.74,1.00,-0.01,0.00,-0.02,0.16,1.16,-2.64,10.61,0.00,0,2,1001.20,40.62,109.96,1001.20,39.11,109.43,0.43,1000.56,38.74,115.18,1.27,1.50,91.93,313.77,7955,0.72,0.45,9.74,1.00,0.03,-0.04,-0.01,4.56,-3.80,-1.50,6,18,7,0,35.2901600,136.2529000,87.50, 0.26
246528,-0.10,-0.12,9.76,1.00,-0.01,0.00,-0.02,0.16,1.16,-2.64,10.61,0.00,0,2,1001.20,40.61,109.95,1001.20,39.12,109.44,0.43,1000.56,38.74,115.19,1.28,1.51,91.93,313.77,7955,0.84,0.86,9.85,1.00,0.03,-0.04,-0.01,4.56,-3.80,-1.50,6,18,7,0,35.2901600,136.2529000,87.50, 0.26
246583,-0.08,-0.13,9.76,1.00,-0.01,0.00,-0.02,0.16,1.16,-2.64,10.60,0.00,0,2,1001.20,40.61,109.98,1001.20,39.12,109.44,0.40,1000.56,38.74,115.21,1.47,1.61,91.93,313.77,7955,0.80,0.46,9.80,1.00,0.03,-0.04,-0.01,4.56,-3.79,-1.50,6,18,7,0,35.2901600,136.2529000,87.50, 0.26
246638,-0.01,-0.13,9.75,1.00,-0.01,0.00,-0.02,0.16,1.15,-2.64,10.61,0.00,0,2,1001.20,40.60,109.95,1001.20,39.12,109.44,0.43,1000.56,38.74,115.17,1.43,1.59,91.93,313.77,7955,0.80,0.76,9.79,1.00,0.03,-0.04,-0.01,4.56,-3.79,-1.50,6,18,7,0,35.2901600,136.2529000,87.50, 0.26
246690,-0.01,-0.18,9.74,1.00,-0.01,0.00,-0.02,0.16,1.15,-2.64,10.61,0.00,0,2,1001.20,40.62,109.96,1001.20,39.12,109.44,0.44,1000.56,38.75,115.19,1.55,1.66,91.76,313.77,7955,0.74,0.21,9.67,1.00,0.03,-0.04,-0.01,4.56,-3.79,-1.50,6,18,7,0,35.2901600,136.2529000,87.50, 0.03
246747,-0.01,-0.12,9.79,1.00,-0.01,0.00,-0.02,0.16,1.15,-2.64,10.61,0.00,0,2,1001.20,40.60,109.99,1001.20,39.12,109.42,0.43,1000.56,38.75,115.17,1.52,1.64,91.93,313.86,7955,0.69,0.25,9.63,1.00,0.03,-0.04,-0.01,4.56,-3.79,-1.50,6,18,7,0,35.2901600,136.2529000,87.50, 0.03
246800,-0.05,-0.17,9.81,1.00,-0.01,0.00,-0.02,0.16,1.15,-2.64,10.60,0.00,0,2,1001.21,40.63,109.92,1001.20,39.12,109.48,0.44,1000.56,38.75,115.20,1.25,1.49,92.72,313.77,7955,0.69,0.24,9.70,1.00,0.03,-0.04,-0.01,4.56,-3.78,-1.50,6,18,8,0,35.2901600,136.2528983,87.50, 0.03
246856,-0.07,-0.10,9.74,1.00,-0.01,0.00,-0.02,0.16,1.15,-2.64,10.60,0.00,0,2,1001.21,40.62,109.93,1001.20,39.12,109.44,0.43,1000.56,38.74,115.19,1.25,1.49,92.90,313.86,7955,0.80,0.33,9.70,1.00,0.03,-0.04,-0.01,4.56,-3.79,-1.50,6,18,8,0,35.2901600,136.2528983,87.50, 0.03
246911,0.00,-0.10,9.80,1.00,-0.01,0.00,-0.02,0.16,1.15,-2.64,10.60,0.00,0,2,1001.21,40.62,109.89,1001.20,39.12,109.44,0.43,1000.56,38.75,115.16,1.33,1.54,93.52,313.77,7954,0.91,0.47,9.69,1.00,0.03,-0.04,-0.01,4.56,-3.79,-1.50,6,18,8,0,35.2901600,136.2528983,87.50, 0.03
246967,-0.01,-0.17,9.76,1.00,-0.01,0.00,-0.02,0.16,1.15,-2.64,10.60,0.00,0,2,1001.21,40.62,109.92,1001.20,39.13,109.42,0.43,1000.56,38.74,115.19,1.33,1.54,95.36,313.86,7956,0.77,1.02,9.92,1.00,0.03,-0.04,-0.01,4.56,-3.79,-1.50,6,18,8,0,35.2901600,136.2528983,87.50, 0.03
247024,0.07,-0.12,9.86,1.00,-0.01,0.00,-0.02,0.16,1.15,-2.64,10.59,0.00,0,2,1001.21,40.61,109.93,1001.20,39.14,109.43,0.43,1000.57,38.76,115.13,1.47,1.61,95.80,313.86,7955,0.84,0.92,9.83,1.00,0.03,-0.04,-0.01,4.56,-3.78,-1.50,6,18,8,0,35.2901600,136.2528983,87.50, 0.03
247077,0.00,-0.26,9.62,1.00,-0.01,0.00,-0.02,0.16,1.15,-2.64,10.59,0.00,0,2,1001.21,40.62,109.92,1001.20,39.13,109.42,0.44,1000.56,38.74,115.17,1.55,1.66,95.71,313.77,7955,0.85,0.61,9.80,1.00,0.03,-0.04,-0.01,4.56,-3.78,-1.50,6,18,8,0,35.2901600,136.2528983,87.50, 0.03
247135,-0.01,-0.24,9.67,1.00,-0.01,0.00,-0.02,0.16,1.15,-2.64,10.59,0.00,0,2,1001.20,40.61,109.96,1001.20,39.13,109.45,0.44,1000.56,38.74,115.16,1.42,1.58,95.71,313.77,7955,0.81,0.77,9.81,1.00,0.03,-0.04,-0.01,4.56,-3.78,-1.50,6,18,8,0,35.2901600,136.2528983,87.50, 0.03
247188,0.00,-0.11,9.77,1.00,-0.01,0.00,-0.02,0.16,1.15,-2.64,10.60,0.00,0,2,1001.20,40.60,109.96,1001.20,39.12,109.44,0.43,1000.56,38.75,115.15,1.33,1.54,95.98,313.77,7955,0.69,0.64,9.80,1.00,0.03,-0.04,-0.01,4.56,-3.78,-1.50,6,18,8,0,35.2901600,136.2528983,87.50, 0.03
247244,-0.06,-0.13,9.79,1.00,-0.01,0.00,-0.02,0.16,1.15,-2.64,10.59,0.00,0,2,1001.20,40.62,109.96,1001.21,39.13,109.40,0.43,1000.56,38.75,115.15,1.55,1.66,96.24,313.86,7956,0.81,0.77,9.83,1.00,0.03,-0.04,-0.01,4.56,-3.78,-1.50,6,18,8,0,35.2901600,136.2528983,87.50, 0.03
247296,-0.01,-0.14,9.78,1.00,-0.01,0.00,-0.02,0.16,1.15,-2.64,10.59,0.00,0,2,1001.21,40.61,109.93,1001.20,39.13,109.44,0.44,1000.56,38.76,115.18,1.78,1.78,96.50,313.77,7955,0.77,0.63,9.79,1.00,0.03,-0.04,-0.01,4.57,-3.78,-1.50,6,18,8,0,35.2901600,136.2528983,87.50, 0.03
247349,-0.02,-0.12,9.82,1.00,-0.01,0.00,-0.02,0.16,1.15,-2.64,10.59,0.00,0,2,1001.20,40.62,109.96,1001.21,39.13,109.45,0.43,1000.56,38.76,115.16,1.98,1.87,96.94,313.86,7955,0.84,0.53,9.76,1.00,0.03,-0.04,-0.01,4.57,-3.78,-1.50,6,18,8,0,35.2901600,136.2528983,87.50, 0.03
247407,-0.03,-0.15,9.77,1.00,-0.01,0.00,-0.02,0.16,1.15,-2.64,10.59,0.00,0,2,1001.21,40.62,109.93,1001.20,39.11,109.43,0.44,1000.56,38.76,115.14,1.65,1.71,97.03,313.77,7955,0.75,0.54,9.80,1.00,0.03,-0.04,-0.01,4.56,-3.78,-1.50,6,18,8,0,35.2901600,136.2528983,87.50, 0.03
247464,-0.06,-0.21,9.76,1.00,-0.01,0.00,-0.02,0.16,1.15,-2.64,10.59,0.00,0,2,1001.21,40.62,109.92,1001.20,39.13,109.45,0.43,1000.56,38.75,115.17,1.78,1.78,97.03,313.77,7955,0.65,0.58,9.79,1.00,0.03,-0.04,-0.01,4.57,-3.78,-1.50,6,18,8,0,35.2901600,136.2528983,87.50, 0.03
247516,-0.04,-0.09,9.79,1.00,-0.01,0.00,-0.02,0.16,1.15,-2.64,10.59,0.00,0,2,1001.20,40.61,109.96,1001.20,39.12,109.44,0.43,1000.56,38.76,115.16,1.87,1.82,97.03,313.77,7955,0.68,0.48,9.75,1.00,0.03,-0.04,-0.01,4.57,-3.79,-1.50,6,18,8,0,35.2901600,136.2528983,87.50, 0.03
247573,-0.03,-0.07,9.83,1.00,-0.01,0.00,-0.02,0.16,1.15,-2.64,10.59,0.00,0,2,1001.20,40.62,109.94,1001.20,39.13,109.44,0.43,1000.56,38.76,115.18,1.77,1.77,97.29,313.77,7954,0.87,0.65,9.81,1.00,0.03,-0.04,-0.01,4.57,-3.78,-1.50,6,18,8,0,35.2901600,136.2528983,87.50, 0.03
247626,-0.06,-0.35,9.81,1.00,-0.01,0.00,-0.02,0.16,1.15,-2.64,10.60,0.00,0,2,1001.20,40.62,109.94,1001.20,39.11,109.44,0.43,1000.56,38.75,115.20,1.67,1.72,97.65,313.77,7955,0.61,0.84,9.95,1.00,0.03,-0.04,-0.01,4.57,-3.79,-1.50,6,18,8,0,35.2901600,136.2528983,87.50, 0.03
247684,0.00,-0.06,9.77,1.00,-0.01,0.00,-0.02,0.16,1.15,-2.64,10.60,0.00,0,2,1001.21,40.62,109.93,1001.20,39.12,109.42,0.43,1000.55,38.75,115.22,1.75,1.76,97.73,313.77,7955,0.57,0.59,9.79,1.00,0.03,-0.04,-0.01,4.57,-3.79,-1.50,6,18,8,0,35.2901600,136.2528983,87.50, 0.06
247737,-0.04,-0.15,9.88,1.00,-0.01,0.00,-0.02,0.16,1.15,-2.64,10.60,0.00,0,2,1001.20,40.62,109.94,1001.21,39.13,109.40,0.44,1000.56,38.74,115.17,1.73,1.75,97.82,313.77,7956,0.71,0.55,9.78,1.00,0.03,-0.04,-0.01,4.57,-3.78,-1.50,6,18,8,0,35.2901600,136.2528983,87.50, 0.06
247794,-0.11,-0.22,9.78,1.00,-0.01,0.00,-0.02,0.16,1.15,-2.64,10.60,0.00,0,2,1001.20,40.62,109.94,1001.20,39.13,109.42,0.44,1000.56,38.74,115.19,1.78,1.78,97.91,313.77,7956,0.81,0.75,9.83,1.00,0.03,-0.04,-0.01,4.58,-3.78,-1.49,6,18,9,0,35.2901600,136.2528967,87.50, 0.06
247846,0.00,-0.17,9.84,1.00,-0.01,0.00,-0.02,0.16,1.15,-2.64,10.60,0.00,0,2,1001.21,40.62,109.93,1001.20,39.12,109.43,0.43,1000.56,38.74,115.19,1.92,1.84,98.09,313.77,7956,0.50,0.72,9.81,1.00,0.03,-0.04,-0.01,4.57,-3.79,-1.50,6,18,9,0,35.2901600,136.2528967,87.50, 0.06
247899,-0.07,-0.13,9.88,1.00,-0.01,0.00,-0.02,0.16,1.15,-2.64,10.60,0.00,0,2,1001.21,40.62,109.94,1001.20,39.14,109.43,0.44,1000.56,38.74,115.21,1.80,1.78,98.09,313.77,7955,0.55,0.64,9.80,1.00,0.03,-0.04,-0.01,4.57,-3.79,-1.50,6,18,9,0,35.2901600,136.2528967,87.50, 0.06
247956,0.04,-0.13,9.84,1.00,-0.01,0.00,-0.02,0.16,1.15,-2.64,10.60,0.00,0,2,1001.20,40.62,109.97,1001.20,39.13,109.46,0.43,1000.55,38.74,115.26,1.58,1.67,98.09,313.77,7956,0.83,0.73,9.75,1.00,0.03,-0.04,-0.01,4.58,-3.80,-1.51,6,18,9,0,35.2901600,136.2528967,87.50, 0.06
248012,0.01,-0.21,9.78,1.00,-0.01,0.00,-0.02,0.16,1.15,-2.64,10.61,0.00,0,2,1001.20,40.62,109.96,1001.20,39.14,109.45,0.44,1000.55,38.75,115.23,1.35,1.55,98.09,313.77,7955,0.45,0.63,9.80,1.00,0.03,-0.04,-0.01,4.58,-3.80,-1.52,6,18,9,0,35.2901600,136.2528967,87.50, 0.06
248064,-0.12,-0.12,9.67,1.00,-0.01,0.00,-0.02,0.16,1.15,-2.64,10.62,0.00,0,2,1001.21,40.63,109.94,1001.20,39.14,109.48,0.44,1000.55,38.74,115.23,1.10,1.40,98.26,313.77,7955,0.57,0.86,9.88,1.00,0.03,-0.04,-0.01,4.58,-3.79,-1.52,6,18,9,0,35.2901600,136.2528967,87.50, 0.06
248122,-0.06,-0.13,9.73,1.00,-0.01,0.00,-0.02,0.16,1.15,-2.64,10.62,0.00,0,2,1001.20,40.62,109.96,1001.20,39.12,109.44,0.43,1000.55,38.76,115.25,1.03,1.35,98.44,313.77,7956,0.78,0.89,9.85,1.00,0.03,-0.04,-0.01,4.58,-3.79,-1.52,6,18,9,0,35.2901600,136.2528967,87.50, 0.06
248175,0.38,0.00,10.29,1.00,-0.01,0.00,-0.02,0.16,1.15,-2.64,10.62,0.00,0,2,1001.20,40.62,109.97,1001.20,39.12,109.49,0.43,1000.55,38.75,115.25,1.08,1.38,98.44,313.77,7954,0.33,0.51,9.90,1.00,0.03,-0.04,-0.01,4.58,-3.79,-1.52,6,18,9,0,35.2901600,136.2528967,87.50, 0.06
248233,-0.19,-0.11,9.17,1.00,-0.01,0.00,-0.02,0.17,1.15,-2.64,10.62,0.00,0,2,1001.20,40.61,109.96,1001.20,39.12,109.46,0.43,1000.56,38.76,115.19,1.07,1.37,98.53,313.77,7955,0.28,0.07,9.64,1.00,0.03,-0.04,-0.01,4.57,-3.79,-1.51,6,18,9,0,35.2901600,136.2528967,87.50, 0.06
248285,-0.10,-0.29,9.63,1.00,-0.01,0.00,-0.02,0.17,1.16,-2.64,10.62,0.00,0,2,1001.20,40.62,109.96,1001.20,39.13,109.44,0.44,1000.56,38.75,115.19,1.38,1.56,98.53,313.77,7956,0.20,0.07,9.70,1.00,0.03,-0.04,-0.01,4.57,-3.79,-1.52,6,18,9,0,35.2901600,136.2528967,87.50, 0.06
248341,-0.11,-0.27,9.65,1.00,-0.01,0.00,-0.02,0.17,1.16,-2.64,10.61,0.00,0,2,1001.20,40.62,109.96,1001.20,39.14,109.45,0.44,1000.56,38.76,115.18,1.27,1.50,98.61,313.77,7955,1.17,0.47,9.73,1.00,0.03,-0.04,-0.01,4.57,-3.78,-1.53,6,18,9,0,35.2901600,136.2528967,87.50, 0.06
248393,-0.02,-0.13,9.75,1.00,-0.01,0.00,-0.02,0.17,1.16,-2.64,10.61,0.00,0,2,1001.20,40.62,109.96,1001.20,39.14,109.44,0.44,1000.56,38.75,115.15,1.30,1.52,98.79,313.77,7954,0.15,0.84,9.98,1.00,0.03,-0.04,-0.01,4.57,-3.80,-1.50,6,18,9,0,35.2901600,136.2528967,87.50, 0.06
248447,0.00,-0.13,9.84,1.00,-0.01,0.00,-0.02,0.17,1.16,-2.64,10.60,0.00,0,2,1001.20,40.61,109.95,1001.20,39.14,109.43,0.44,1000.56,38.74,115.19,1.47,1.61,98.96,313.77,7956,0.18,1.26,10.08,1.00,0.03,-0.04,-0.01,4.57,-3.80,-1.50,6,18,9,0,35.2901600,136.2528967,87.50, 0.06
248503,-0.07,-0.16,9.74,1.00,-0.01,0.00,-0.02,0.17,1.16,-2.64,10.60,0.00,0,2,1001.20,40.63,109.95,1001.20,39.14,109.45,0.44,1000.56,38.76,115.18,1.55,1.66,98.96,313.77,7955,1.26,1.15,9.93,1.00,0.03,-0.04,-0.01,4.57,-3.79,-1.52,6,18,9,0,35.2901600,136.2528967,87.50, 0.06
248559,-0.08,-0.05,9.87,1.00,-0.01,0.00,-0.02,0.17,1.16,-2.64,10.60,0.00,0,2,1001.20,40.62,109.97,1001.20,39.15,109.45,0.44,1000.56,38.76,115.20,1.72,1.74,98.70,313.77,7955,1.22,1.14,9.90,1.00,0.03,-0.04,-0.01,4.57,-3.78,-1.52,6,18,9,0,35.2901600,136.2528967,87.50, 0.06
248613,-0.14,-0.18,9.83,1.00,-0.01,0.00,-0.02,0.17,1.16,-2.64,10.60,0.00,0,2,1001.20,40.62,109.99,1001.20,39.15,109.47,0.43,1000.56,38.76,115.18,1.62,1.69,98.88,313.77,7955,0.42,0.05,9.70,1.00,0.03,-0.04,-0.01,4.57,-3.77,-1.50,6,18,9,0,35.2901600,136.2528967,87.50, 0.06
248671,-0.09,-0.24,9.74,1.00,-0.01,0.00,-0.02,0.17,1.16,-2.64,10.60,0.00,0,2,1001.20,40.62,109.94,1001.20,39.14,109.43,0.43,1000.56,38.75,115.20,1.80,1.78,99.05,313.77,7955,0.72,0.42,9.59,1.00,0.03,-0.04,-0.01,4.57,-3.79,-1.53,6,18,9,0,35.2901600,136.2528967,87.50, 0.13
248724,-0.08,-0.32,9.77,1.00,-0.01,0.00,-0.02,0.17,1.16,-2.64,10.60,0.00,0,2,1001.20,40.62,109.97,1001.20,39.16,109.47,0.43,1000.56,38.75,115.20,1.65,1.71,99.14,313.77,7955,1.03,0.37,9.76,1.00,0.03,-0.04,-0.01,4.57,-3.77,-1.52,6,18,9,0,35.2901600,136.2528967,87.50, 0.13
248782,-0.12,-0.12,9.63,1.00,-0.01,0.00,-0.02,0.17,1.16,-2.64,10.60,0.00,0,2,1001.20,40.61,109.98,1001.20,39.16,109.43,0.44,1000.56,38.75,115.22,1.60,1.68,99.23,313.77,7956,1.06,0.67,9.77,1.00,0.03,-0.04,-0.01,4.57,-3.77,-1.52,6,18,10,0,35.2901617,136.2528950,87.50, 0.13
248833,-0.11,-0.24,9.87,1.00,-0.01,0.00,-0.02,0.17,1.16,-2.64,10.61,0.00,0,2,1001.20,40.62,109.94,1001.20,39.14,109.43,0.43,1000.55,38.75,115.22,1.58,1.67,99.40,313.77,7956,0.54,0.90,9.86,1.00,0.03,-0.04,-0.01,4.57,-3.77,-1.52,6,18,10,0,35.2901617,136.2528950,87.50, 0.13
248891,0.11,-0.27,9.69,1.00,-0.01,0.00,-0.02,0.17,1.16,-2.64,10.60,0.00,0,2,1001.21,40.61,109.93,1001.20,39.16,109.46,0.43,1000.56,38.76,115.19,1.12,1.41,99.40,313.68,7956,1.17,0.50,9.82,1.00,0.03,-0.04,-0.01,4.57,-3.77,-1.54,6,18,10,0,35.2901617,136.2528950,87.50, 0.13
248943,0.02,-0.09,9.78,1.00,-0.01,0.00,-0.02,0.17,1.16,-2.64,10.60,0.00,0,2,1001.20,40.61,109.98,1001.20,39.14,109.45,0.43,1000.56,38.77,115.22,1.22,1.47,99.40,313.68,7955,0.48,0.64,9.91,1.00,0.03,-0.04,-0.01,4.58,-3.76,-1.52,6,18,10,0,35.2901617,136.2528950,87.50, 0.13
248995,0.06,-0.13,9.80,1.00,-0.01,0.00,-0.02,0.17,1.16,-2.64,10.60,0.00,0,2,1001.20,40.62,109.94,1001.20,39.16,109.43,0.43,1000.56,38.77,115.21,1.32,1.53,98.61,313.77,7955,1.04,0.52,9.75,1.00,0.03,-0.04,-0.01,4.58,-3.76,-1.53,6,18,10,0,35.2901617,136.2528950,87.50, 0.13
249052,0.03,-0.13,9.97,1.00,-0.01,0.00,-0.02,0.17,1.16,-2.64,10.60,0.00,0,2,1001.21,40.63,109.92,1001.20,39.15,109.43,0.44,1000.55,38.76,115.23,1.42,1.58,95.80,313.77,7954,1.35,0.65,9.86,1.00,0.03,-0.04,-0.01,4.58,-3.77,-1.54,6,18,10,0,35.2901617,136.2528950,87.50, 0.13
249104,0.00,-0.09,9.76,1.00,-0.01,0.00,-0.02,0.17,1.16,-2.64,10.60,0.00,0,2,1001.20,40.61,109.98,1001.20,39.16,109.45,0.43,1000.56,38.75,115.20,1.23,1.48,94.22,313.77,7955,0.82,0.53,9.86,1.00,0.03,-0.04,-0.01,4.60,-3.76,-1.53,6,18,10,0,35.2901617,136.2528950,87.50, 0.13
249162,0.00,-0.16,9.56,1.00,-0.01,0.00,-0.02,0.17,1.16,-2.64,10.60,0.00,0,2,1001.20,40.63,109.95,1001.20,39.15,109.44,0.44,1000.56,38.78,115.18,1.25,1.49,94.75,313.77,7954,0.66,0.70,9.70,1.00,0.03,-0.04,-0.01,4.59,-3.75,-1.52,6,18,10,0,35.2901617,136.2528950,87.50, 0.13
249220,-0.01,-0.28,9.76,1.00,-0.01,0.00,-0.02,0.17,1.16,-2.64,10.60,0.00,0,2,1001.20,40.62,109.94,1001.20,39.17,109.43,0.43,1000.56,38.77,115.19,1.67,1.72,95.19,313.77,7955,0.78,0.68,9.77,1.00,0.03,-0.04,-0.01,4.59,-3.77,-1.52,6,18,10,0,35.2901617,136.2528950,87.50, 0.13
249271,-0.08,-0.17,9.77,1.00,-0.01,0.00,-0.02,0.17,1.16,-2.64,10.60,0.00,0,2,1001.20,40.62,109.97,1001.20,39.15,109.44,0.43,1000.56,38.75,115.20,1.73,1.75,95.19,313.77,7956,1.08,0.47,9.73,1.00,0.03,-0.04,-0.01,4.59,-3.77,-1.52,6,18,10,0,35.2901617,136.2528950,87.50, 0.13
249326,0.00,-0.19,9.73,1.00,-0.01,0.00,-0.02,0.17,1.16,-2.64,10.60,0.00,0,2,1001.20,40.62,109.94,1001.20,39.16,109.45,0.44,1000.56,38.76,115.21,1.22,1.47,95.45,313.77,7955,0.63,0.30,9.65,1.00,0.03,-0.04,-0.01,4.59,-3.77,-1.52,6,18,10,0,35.2901617,136.2528950,87.50, 0.13
249381,-0.04,-0.12,9.60,1.00,-0.01,0.00,-0.02,0.17,1.16,-2.64,10.61,0.00,0,2,1001.20,40.62,109.97,1001.20,39.16,109.41,0.43,1000.56,38.76,115.18,1.03,1.35,95.71,313.77,7955,0.83,0.16,9.72,1.00,0.03,-0.04,-0.01,4.58,-3.76,-1.54,6,18,10,0,35.2901617,136.2528950,87.50, 0.13
249439,-0.12,-0.17,9.75,1.00,-0.01,0.00,-0.02,0.17,1.16,-2.64,10.60,0.00,0,2,1001.20,40.62,109.94,1001.20,39.16,109.43,0.44,1000.56,38.76,115.18,1.05,1.36,96.06,313.77,7956,1.08,0.30,9.65,1.00,0.03,-0.04,-0.01,4.58,-3.76,-1.57,6,18,10,0,35.2901617,136.2528950,87.50, 0.13
249491,-0.12,-0.20,9.84,1.00,-0.01,0.00,-0.02,0.17,1.16,-2.64,10.59,0.00,0,2,1001.20,40.62,109.94,1001.20,39.17,109.43,0.43,1000.56,38.76,115.21,0.98,1.32,95.80,313.77,7954,0.81,0.69,9.72,1.00,0.03,-0.04,-0.01,4.58,-3.76,-1.57,6,18,10,0,35.2901617,136.2528950,87.50, 0.13
249545,-0.01,-0.05,9.77,1.00,-0.01,0.00,-0.02,0.17,1.16,-2.64,10.59,0.00,0,2,1001.20,40.62,109.97,1001.21,39.18,109.44,0.44,1000.56,38.76,115.19,0.98,1.32,93.60,313.77,7954,0.52,0.75,9.85,1.00,0.03,-0.04,-0.01,4.58,-3.76,-1.57,6,18,10,0,35.2901617,136.2528950,87.50, 0.13
249600,0.14,-0.30,10.01,1.00,-0.01,0.00,-0.02,0.17,1.16,-2.64,10.59,0.00,0,2,1001.20,40.61,109.95,1001.20,39.17,109.46,0.44,1000.55,38.76,115.23,0.97,1.31,93.34,313.77,7955,1.03,1.25,9.95,1.00,0.03,-0.04,-0.01,4.56,-3.74,-1.56,6,18,10,0,35.2901617,136.2528950,87.50, 0.13
249658,-0.04,-0.20,9.62,1.00,-0.01,0.00,-0.02,0.17,1.16,-2.64,10.60,0.00,0,2,1001.20,40.62,109.94,1001.20,39.17,109.42,0.43,1000.56,38.76,115.18,0.92,1.27,93.87,313.77,7954,1.16,1.14,9.86,1.00,0.03,-0.04,-0.01,4.56,-3.74,-1.54,6,18,10,0,35.2901617,136.2528950,87.50, 0.32
249712,-0.17,-0.08,9.75,1.00,-0.01,0.00,-0.02,0.17,1.16,-2.64,10.60,0.00,0,2,1001.21,40.63,109.92,1001.20,39.18,109.45,0.43,1000.56,38.76,115.21,1.07,1.37,94.22,313.77,7955,0.58,0.18,9.73,1.00,0.03,-0.04,-0.01,4.56,-3.72,-1.53,6,18,10,0,35.2901617,136.2528950,87.50, 0.32
249768,-0.23,-0.31,9.66,1.00,-0.01,0.00,-0.02,0.20,1.16,-2.64,10.59,0.00,0,2,1001.21,40.62,109.92,1001.20,39.16,109.45,0.43,1000.56,38.75,115.20,1.33,1.54,94.22,313.77,7956,1.19,0.24,9.55,1.00,0.03,-0.04,-0.01,4.56,-3.73,-1.54,6,18,11,0,35.2901617,136.2528950,87.50, 0.32
249820,0.03,-0.20,9.65,1.00,-0.01,0.00,-0.02,0.21,1.17,-2.64,10.60,0.00,0,2,1001.21,40.64,109.93,1001.20,39.17,109.44,0.43,1000.56,38.76,115.20,1.40,1.57,94.31,313.77,7956,0.95,0.78,9.81,1.00,0.03,-0.04,-0.01,4.56,-3.72,-1.53,6,18,11,0,35.2901617,136.2528950,87.50, 0.32
249872,0.04,-0.09,9.85,1.00,-0.01,0.00,-0.02,0.20,1.15,-2.64,10.59,0.00,0,2,1001.21,40.62,109.93,1001.20,39.17,109.47,0.43,1000.56,38.75,115.20,1.80,1.78,94.39,313.77,7956,0.59,0.13,9.79,1.00,0.03,-0.04,-0.01,4.56,-3.72,-1.53,6,18,11,0,35.2901617,136.2528950,87.50, 0.32
249929,0.04,-0.09,9.68,1.00,-0.01,0.00,-0.02,0.18,1.12,-2.64,10.60,0.00,0,2,1001.20,40.62,109.96,1001.20,39.18,109.46,0.43,1000.56,38.76,115.18,1.85,1.81,94.57,313.77,7955,0.65,0.20,9.58,1.00,0.03,-0.04,-0.01,4.56,-3.72,-1.53,6,18,11,0,35.2901617,136.2528950,87.50, 0.32
249981,0.00,-0.32,9.68,1.00,-0.01,0.00,-0.02,0.17,1.12,-2.64,10.60,0.00,0,2,1001.20,40.61,109.96,1001.21,39.18,109.42,0.42,1000.56,38.75,115.18,1.75,1.76,94.66,313.77,7955,0.91,0.60,9.68,1.00,0.03,-0.04,-0.01,4.56,-3.72,-1.53,6,18,11,0,35.2901617,136.2528950,87.50, 0.32
250037,-0.04,-0.19,9.72,1.00,-0.01,0.00,-0.02,0.16,1.13,-2.64,10.60,0.00,0,2,1001.21,40.61,109.93,1001.20,39.18,109.48,0.43,1000.57,38.75,115.13,1.77,1.77,94.92,313.77,7956,1.06,0.00,9.55,1.00,0.03,-0.04,-0.01,4.56,-3.72,-1.53,6,18,11,0,35.2901617,136.2528950,87.50, 0.32
250089,-0.22,-0.19,9.62,1.00,-0.01,0.00,-0.02,0.17,1.12,-2.64,10.60,0.00,0,2,1001.20,40.62,109.96,1001.20,39.17,109.44,0.43,1000.56,38.76,115.16,1.58,1.67,95.27,313.77,7954,0.85,1.37,9.88,1.00,0.03,-0.04,-0.01,4.56,-3.74,-1.52,6,18,11,0,35.2901617,136.2528950,87.50, 0.32
250142,-0.17,-0.12,9.74,1.00,-0.01,0.00,-0.02,0.19,1.12,-2.64,10.60,0.00,0,2,1001.20,40.62,109.96,1001.20,39.19,109.45,0.43,1000.56,38.76,115.22,2.05,1.90,95.45,313.77,7955,0.77,0.98,9.90,1.00,0.03,-0.04,-0.01,4.56,-3.72,-1.52,6,18,11,0,35.2901617,136.2528950,87.50, 0.32
250199,0.06,-0.06,9.95,1.00,-0.01,0.00,-0.02,0.19,1.11,-2.64,10.61,0.00,0,2,1001.20,40.62,109.96,1001.20,39.17,109.46,0.43,1000.55,38.74,115.23,1.60,1.68,95.19,313.77,7955,1.11,0.93,9.94,1.00,0.03,-0.04,-0.01,4.56,-3.72,-1.54,6,18,11,0,35.2901617,136.2528950,87.50, 0.32
250251,0.11,-0.01,9.77,1.00,-0.01,0.00,-0.02,0.17,1.10,-2.64,10.61,0.00,0,2,1001.20,40.61,109.97,1001.20,39.20,109.44,0.43,1000.56,38.75,115.22,1.18,1.45,94.83,313.77,7956,1.10,0.96,9.85,1.00,0.03,-0.04,-0.01,4.54,-3.72,-1.56,6,18,11,0,35.2901617,136.2528950,87.50, 0.32
250308,0.04,-0.39,9.58,1.00,-0.01,0.00,-0.02,0.15,1.08,-2.64,10.60,0.00,0,2,1001.21,40.61,109.93,1001.20,39.18,109.46,0.44,1000.55,38.77,115.24,1.13,1.42,94.57,313.77,7954,0.07,0.51,9.65,1.00,0.03,-0.04,-0.01,4.54,-3.72,-1.52,6,18,11,0,35.2901617,136.2528950,87.50, 0.32
250366,-0.22,-0.23,9.59,1.00,-0.01,0.00,-0.02,0.16,1.09,-2.64,10.60,0.00,0,2,1001.20,40.62,109.95,1001.21,39.20,109.42,0.43,1000.55,38.76,115.24,0.88,1.25,94.13,313.77,7954,0.72,0.77,9.85,1.00,0.03,-0.04,-0.01,4.55,-3.71,-1.54,6,18,11,0,35.2901617,136.2528950,87.50, 0.32
250420,-0.15,-0.03,9.52,1.00,-0.01,0.00,-0.02,0.16,1.08,-2.64,10.60,0.00,0,2,1001.20,40.62,109.94,1001.20,39.20,109.46,0.43,1000.55,38.76,115.23,0.90,1.26,94.13,313.77,7955,1.71,0.33,9.69,1.00,0.03,-0.04,-0.01,4.56,-3.72,-1.53,6,18,11,0,35.2901617,136.2528950,87.50, 0.32
250478,-0.13,-0.03,9.88,1.00,-0.01,0.00,-0.02,0.17,1.08,-2.64,10.60,0.00,0,2,1001.20,40.62,109.97,1001.21,39.19,109.42,0.43,1000.55,38.76,115.25,1.02,1.34,93.52,313.77,7954,0.89,0.33,9.76,1.00,0.03,-0.04,-0.01,4.56,-3.72,-1.54,6,18,11,0,35.2901617,136.2528950,87.50, 0.32
250529,0.50,0.05,10.33,1.00,-0.01,0.00,-0.02,0.18,1.08,-2.64,10.60,0.00,0,2,1001.20,40.61,109.96,1001.20,39.20,109.46,0.43,1000.55,38.76,115.25,1.02,1.34,92.11,313.77,7954,0.08,-0.05,9.66,1.00,0.03,-0.04,-0.01,4.56,-3.71,-1.54,6,18,11,0,35.2901617,136.2528950,87.50, 0.32
250587,-0.21,-0.16,9.85,1.00,-0.01,0.00,-0.02,0.16,1.08,-2.64,10.60,0.00,0,2,1001.21,40.63,109.93,1001.21,39.19,109.43,0.43,1000.56,38.76,115.21,1.08,1.38,91.14,313.77,7955,1.00,0.02,9.52,1.00,0.03,-0.04,-0.01,4.56,-3.71,-1.56,6,18,11,0,35.2901617,136.2528950,87.50, 0.32
250640,-0.14,-0.16,9.76,1.00,-0.01,0.00,-0.02,0.17,1.09,-2.64,10.60,0.00,0,2,1001.21,40.63,109.93,1001.20,39.20,109.44,0.43,1000.56,38.76,115.20,0.93,1.29,91.14,313.77,7955,1.34,-0.11,9.44,1.00,0.03,-0.04,-0.01,4.56,-3.69,-1.55,6,18,11,0,35.2901617,136.2528950,87.50, 0.07
250694,0.06,-0.24,9.75,1.00,-0.01,0.00,-0.02,0.19,1.09,-2.64,10.60,0.00,0,2,1001.20,40.62,109.95,1001.20,39.19,109.47,0.43,1000.56,38.76,115.19,0.97,1.31,91.32,313.77,7955,0.78,1.17,9.94,1.00,0.03,-0.04,-0.01,4.56,-3.72,-1.51,6,18,11,0,35.2901617,136.2528950,87.50, 0.07
250747,0.24,-0.16,9.98,1.00,-0.01,0.00,-0.02,0.18,1.09,-2.64,10.60,0.00,0,2,1001.20,40.63,109.95,1001.20,39.19,109.45,0.43,1000.56,38.76,115.16,1.00,1.33,91.58,313.77,7956,1.24,0.82,9.87,1.00,0.03,-0.04,-0.01,4.57,-3.72,-1.53,6,18,12,0,35.2901633,136.2528967,87.50, 0.07
250799,0.02,0.00,9.81,1.00,-0.01,0.00,-0.02,0.14,1.07,-2.64,10.60,0.00,0,2,1001.20,40.62,109.96,1001.20,39.20,109.44,0.44,1000.56,38.76,115.14,1.00,1.33,91.49,313.77,7956,1.36,0.88,9.90,1.00,0.03,-0.04,-0.01,4.57,-3.70,-1.53,6,18,12,0,35.2901633,136.2528967,87.50, 0.07
250857,-0.23,-0.19,9.73,1.00,-0.01,0.00,-0.02,0.15,1.06,-2.64,10.60,0.00,0,2,1001.21,40.62,109.92,1001.21,39.21,109.43,0.44,1000.56,38.77,115.18,0.98,1.32,91.41,313.77,7955,0.66,1.07,9.87,1.00,0.03,-0.04,-0.01,4.57,-3.70,-1.52,6,18,12,0,35.2901633,136.2528967,87.50, 0.07
250914,-0.29,-0.06,9.73,1.00,-0.01,0.00,-0.02,0.19,1.06,-2.64,10.59,0.00,0,2,1001.21,40.63,109.92,1001.20,39.21,109.47,0.43,1000.56,38.77,115.17,0.98,1.32,91.49,313.77,7955,0.49,0.46,9.87,1.00,0.03,-0.04,-0.01,4.57,-3.70,-1.51,6,18,12,0,35.2901633,136.2528967,87.50, 0.07
250968,0.05,-0.08,9.96,1.00,-0.01,0.00,-0.02,0.21,1.05,-2.64,10.58,0.00,0,2,1001.21,40.64,109.91,1001.21,39.19,109.43,0.44,1000.56,38.76,115.21,0.95,1.30,91.49,313.77,7956,1.22,0.68,9.72,1.00,0.03,-0.04,-0.01,4.57,-3.70,-1.54,6,18,12,0,35.2901633,136.2528967,87.50, 0.07
251024,0.13,-0.11,9.84,1.00,-0.01,0.00,-0.02,0.20,1.05,-2.64,10.60,0.00,0,2,1001.20,40.62,109.96,1001.20,39.22,109.47,0.43,1000.56,38.76,115.19,0.92,1.27,91.67,313.77,7954,0.96,0.52,9.77,1.00,0.03,-0.04,-0.01,4.57,-3.70,-1.52,6,18,12,0,35.2901633,136.2528967,87.50, 0.07
251078,0.09,-0.15,9.89,1.00,-0.01,0.00,-0.02,0.18,1.05,-2.64,10.60,0.00,0,2,1001.21,40.63,109.93,1001.21,39.22,109.40,0.44,1000.56,38.77,115.19,1.00,1.33,91.85,313.77,7955,0.39,0.49,9.77,1.00,0.03,-0.04,-0.01,4.56,-3.70,-1.51,6,18,12,0,35.2901633,136.2528967,87.50, 0.07
251136,0.02,-0.16,9.65,1.00,-0.01,0.00,-0.02,0.18,1.05,-2.64,10.60,0.00,0,2,1001.20,40.61,110.00,1001.20,39.21,109.43,0.43,1000.56,38.76,115.21,1.35,1.55,91.85,313.77,7955,0.49,0.20,9.67,1.00,0.03,-0.04,-0.01,4.56,-3.71,-1.49,6,18,12,0,35.2901633,136.2528967,87.50, 0.07
251188,-0.26,-0.21,9.78,1.00,-0.01,0.00,-0.02,0.19,1.04,-2.64,10.59,0.00,0,2,1001.20,40.62,109.94,1001.21,39.23,109.43,0.43,1000.56,38.76,115.18,1.43,1.59,91.85,313.77,7955,1.18,1.08,9.91,1.00,0.03,-0.04,-0.01,4.56,-3.71,-1.51,6,18,12,0,35.2901633,136.2528967,87.50, 0.07
251241,-0.22,-0.17,9.93,1.00,-0.01,0.00,-0.02,0.22,1.03,-2.64,10.60,0.00,0,2,1001.20,40.62,109.94,1001.20,39.22,109.47,0.43,1000.56,38.75,115.18,0.82,1.20,92.02,313.77,7956,1.05,0.61,9.67,1.00,0.03,-0.04,-0.01,4.56,-3.70,-1.49,6,18,12,0,35.2901633,136.2528967,87.50, 0.07
251296,0.20,-0.12,9.77,1.00,-0.01,0.00,-0.02,0.22,1.03,-2.64,10.60,0.00,0,2,1001.20,40.63,109.95,1001.20,39.20,109.46,0.43,1000.56,38.75,115.20,1.13,1.42,92.29,313.77,7955,-0.11,0.50,9.98,1.00,0.03,-0.04,-0.01,4.56,-3.69,-1.47,6,18,12,0,35.2901633,136.2528967,87.50, 0.07
251349,0.06,-0.19,9.73,1.00,-0.01,0.00,-0.02,0.21,1.04,-2.64,10.61,0.00,0,2,1001.20,40.62,109.97,1001.21,39.22,109.45,0.43,1000.56,38.76,115.19,1.07,1.37,92.81,313.77,7955,0.80,0.88,9.82,1.00,0.03,-0.04,-0.01,4.56,-3.69,-1.48,6,18,12,0,35.2901633,136.2528967,87.50, 0.07
251408,-0.08,-0.19,9.91,1.00,-0.01,0.00,-0.02,0.21,1.04,-2.64,10.61,0.00,0,2,1001.20,40.61,109.98,1001.20,39.20,109.48,0.43,1000.55,38.75,115.22,0.43,0.88,92.81,313.77,7955,0.63,0.46,9.79,1.00,0.03,-0.04,-0.01,4.56,-3.69,-1.49,6,18,12,0,35.2901633,136.2528967,87.50, 0.07
251465,-0.19,-0.14,9.78,1.00,-0.01,0.00,-0.02,0.22,1.04,-2.64,10.62,0.00,0,2,1001.20,40.62,109.96,1001.20,39.22,109.47,0.43,1000.55,38.75,115.27,1.12,1.41,92.81,313.77,7955,0.67,0.56,9.75,1.00,0.03,-0.04,-0.01,4.56,-3.69,-1.48,6,18,12,0,35.2901633,136.2528967,87.50, 0.07
251517,-0.06,-0.06,9.77,1.00,-0.01,0.00,-0.02,0.25,1.03,-2.64,10.62,0.00,0,2,1001.20,40.63,109.97,1001.20,39.23,109.46,0.43,1000.55,38.75,115.26,1.18,1.45,92.81,313.77,7955,0.85,0.39,9.74,1.00,0.03,-0.04,-0.01,4.58,-3.69,-1.48,6,18,12,0,35.2901633,136.2528967,87.50, 0.07
251569,-0.03,-0.14,9.91,1.00,-0.01,0.00,-0.02,0.25,1.02,-2.64,10.61,0.00,0,2,1001.20,40.62,109.96,1001.20,39.21,109.46,0.43,1000.55,38.76,115.27,1.48,1.62,92.64,313.77,7956,1.10,0.51,9.75,1.00,0.03,-0.04,-0.01,4.58,-3.69,-1.50,6,18,12,0,35.2901633,136.2528967,87.50, 0.07
251625,-0.08,-0.27,9.71,1.00,-0.01,0.00,-0.02,0.24,1.02,-2.64,10.61,0.00,0,2,1001.20,40.62,109.94,1001.20,39.23,109.45,0.43,1000.56,38.78,115.20,1.02,1.34,91.49,313.77,7956,0.85,0.84,9.79,1.00,0.03,-0.04,-0.01,4.58,-3.69,-1.49,6,18,12,0,35.2901633,136.2528967,87.50, 0.11
251683,-0.04,-0.10,10.01,1.00,-0.01,0.00,-0.02,0.24,1.02,-2.64,10.61,0.00,0,2,1001.20,40.64,109.95,1001.20,39.22,109.46,0.43,1000.56,38.76,115.20,0.77,1.16,90.35,313.77,7956,0.83,0.95,9.80,1.00,0.03,-0.04,-0.01,4.58,-3.69,-1.49,6,18,12,0,35.2901633,136.2528967,87.50, 0.11
251736,-0.20,-0.23,9.71,1.00,-0.01,0.00,-0.02,0.24,1.02,-2.64,10.60,0.00,0,2,1001.20,40.62,109.97,1001.20,39.22,109.45,0.43,1000.56,38.77,115.22,0.53,0.97,88.86,313.77,7956,0.93,0.96,9.82,1.00,0.03,-0.04,-0.01,4.58,-3.69,-1.48,6,18,12,0,35.2901633,136.2528967,87.50, 0.11
251788,-0.03,-0.12,9.74,1.00,-0.01,0.00,-0.02,0.25,1.02,-2.64,10.59,0.00,0,2,1001.21,40.62,109.92,1001.20,39.22,109.46,0.44,1000.56,38.76,115.19,0.97,1.31,88.77,313.77,7956,0.98,0.83,9.85,1.00,0.03,-0.04,-0.01,4.58,-3.70,-1.46,6,18,12,0,35.2901633,136.2528967,87.50, 0.11
251845,0.05,-0.15,9.80,1.00,-0.01,0.00,-0.02,0.24,1.01,-2.64,10.59,0.00,0,2,1001.20,40.62,109.94,1001.21,39.23,109.43,0.43,1000.56,38.78,115.20,0.77,1.16,88.77,313.77,7956,0.67,0.50,9.78,1.00,0.03,-0.04,-0.01,4.58,-3.70,-1.46,6,18,13,0,35.2901633,136.2528967,87.50, 0.11
251901,0.07,-0.16,9.81,1.00,-0.01,0.00,-0.02,0.24,1.01,-2.64,10.58,0.00,0,2,1001.21,40.63,109.91,1001.20,39.23,109.47,0.44,1000.56,38.76,115.18,0.67,1.09,88.77,313.77,7956,0.98,0.55,9.76,1.00,0.03,-0.04,-0.01,4.57,-3.71,-1.46,6,18,13,0,35.2901633,136.2528967,87.50, 0.11
251956,-0.03,-0.22,9.83,1.00,-0.01,0.00,-0.02,0.23,1.01,-2.64,10.59,0.00,0,2,1001.21,40.64,109.92,1001.21,39.23,109.44,0.43,1000.56,38.77,115.17,0.60,1.03,88.86,313.77,7954,1.00,0.76,9.79,1.00,0.03,-0.04,-0.01,4.57,-3.71,-1.46,6,18,13,0,35.2901633,136.2528967,87.50, 0.11
252010,-0.23,-0.19,9.83,1.00,-0.01,0.00,-0.02,0.24,1.02,-2.64,10.58,0.00,0,2,1001.20,40.62,109.94,1001.20,39.22,109.47,0.43,1000.57,38.76,115.12,0.85,1.23,89.03,313.77,7956,1.00,0.52,9.76,1.00,0.03,-0.04,-0.01,4.58,-3.71,-1.47,6,18,13,0,35.2901633,136.2528967,87.50, 0.11
252065,-0.04,-0.02,9.86,1.00,-0.01,0.00,-0.02,0.24,1.01,-2.64,10.59,0.00,0,2,1001.20,40.62,109.94,1001.20,39.23,109.44,0.44,1000.56,38.77,115.15,0.97,1.31,89.21,313.77,7955,0.95,0.60,9.80,1.00,0.03,-0.04,-0.01,4.59,-3.71,-1.48,6,18,13,0,35.2901633,136.2528967,87.50, 0.11
252121,0.02,-0.10,9.94,1.00,-0.01,0.00,-0.02,0.25,1.00,-2.64,10.59,0.00,0,2,1001.21,40.62,109.92,1001.21,39.23,109.43,0.43,1000.56,38.77,115.15,0.93,1.29,89.30,313.77,7957,0.68,0.70,9.77,1.00,0.03,-0.04,-0.01,4.59,-3.71,-1.47,6,18,13,0,35.2901633,136.2528967,87.50, 0.11
252176,0.01,-0.14,9.69,1.00,-0.01,0.00,-0.02,0.24,1.00,-2.64,10.59,0.00,0,2,1001.21,40.63,109.92,1001.20,39.22,109.45,0.44,1000.57,38.76,115.12,1.07,1.37,89.30,313.77,7956,0.78,0.45,9.74,1.00,0.03,-0.04,-0.01,4.59,-3.71,-1.48,6,18,13,0,35.2901633,136.2528967,87.50, 0.11
252232,-0.03,-0.25,9.74,1.00,-0.01,0.00,-0.02,0.23,1.00,-2.64,10.59,0.00,0,2,1001.20,40.62,109.96,1001.21,39.23,109.43,0.43,1000.56,38.76,115.16,1.07,1.37,89.38,313.77,7955,0.76,1.02,9.90,1.00,0.03,-0.04,-0.01,4.59,-3.71,-1.46,6,18,13,0,35.2901633,136.2528967,87.50, 0.11
252284,0.03,-0.06,9.88,1.00,-0.01,0.00,-0.02,0.22,1.01,-2.64,10.60,0.00,0,2,1001.20,40.62,109.96,1001.20,39.23,109.48,0.43,1000.56,38.77,115.17,1.17,1.44,89.47,313.77,7955,1.19,0.82,9.87,1.00,0.03,-0.04,-0.01,4.59,-3.71,-1.45,6,18,13,0,35.2901633,136.2528967,87.50, 0.11
252336,-0.13,-0.07,9.90,1.00,-0.01,0.00,-0.02,0.22,1.00,-2.64,10.61,0.00,0,2,1001.21,40.62,109.94,1001.21,39.23,109.49,0.43,1000.56,38.78,115.16,1.18,1.45,89.47,313.77,7955,1.16,0.85,9.85,1.00,0.03,-0.04,-0.01,4.62,-3.71,-1.45,6,18,13,0,35.2901633,136.2528967,87.50, 0.11
252394,-0.04,-0.07,9.90,1.00,-0.01,0.00,-0.02,0.23,0.98,-2.64,10.61,0.00,0,2,1001.21,40.62,109.94,1001.21,39.25,109.45,0.43,1000.56,38.77,115.17,1.20,1.46,89.47,313.77,7955,0.76,0.35,9.79,1.00,0.03,-0.04,-0.01,4.61,-3.70,-1.42,6,18,13,0,35.2901633,136.2528967,87.50, 0.11
252452,0.06,-0.37,9.86,1.00,-0.01,0.00,-0.02,0.23,0.99,-2.64,10.60,0.00,0,2,1001.21,40.63,109.93,1001.20,39.23,109.49,0.44,1000.56,38.78,115.15,1.12,1.41,89.56,313.77,7955,0.90,0.66,9.78,1.00,0.03,-0.04,-0.01,4.61,-3.70,-1.43,6,18,13,0,35.2901633,136.2528967,87.50, 0.11
252504,0.04,-0.14,9.65,1.00,-0.01,0.00,-0.02,0.21,1.01,-2.64,10.59,0.00,0,2,1001.20,40.62,109.94,1001.21,39.23,109.43,0.43,1000.56,38.77,115.17,1.12,1.41,89.56,313.77,7956,1.21,0.67,9.61,1.00,0.03,-0.04,-0.01,4.61,-3.72,-1.44,6,18,13,0,35.2901633,136.2528967,87.50, 0.11
252556,0.14,-0.12,9.70,1.00,-0.01,0.00,-0.02,0.21,0.99,-2.64,10.59,0.00,0,2,1001.20,40.62,109.97,1001.20,39.23,109.45,0.43,1000.56,38.77,115.18,1.13,1.42,89.56,313.77,7956,0.59,0.64,9.95,1.00,0.03,-0.04,-0.01,4.61,-3.69,-1.44,6,18,13,0,35.2901633,136.2528967,87.50, 0.11
252613,-0.13,-0.10,9.51,1.00,-0.01,0.00,-0.02,0.20,0.99,-2.64,10.59,0.00,0,2,1001.20,40.62,109.96,1001.20,39.23,109.48,0.43,1000.56,38.77,115.17,1.15,1.43,89.74,313.77,7955,0.46,0.34,9.76,1.00,0.03,-0.04,-0.01,4.60,-3.69,-1.41,6,18,13,0,35.2901633,136.2528967,87.50, 0.11
252667,-0.10,-0.16,9.61,1.00,-0.01,0.00,-0.02,0.20,0.99,-2.64,10.61,0.00,0,2,1001.20,40.62,109.99,1001.20,39.23,109.48,0.43,1000.56,38.78,115.18,1.08,1.38,89.74,313.77,7956,0.98,0.79,9.70,1.00,0.03,-0.04,-0.01,4.60,-3.69,-1.43,6,18,13,0,35.2901633,136.2528967,87.50, 0.11
252723,-0.10,-0.15,9.62,1.00,-0.01,0.00,-0.02,0.20,0.99,-2.64,10.61,0.00,0,2,1001.21,40.64,109.92,1001.20,39.23,109.50,0.44,1000.56,38.78,115.22,1.12,1.41,89.82,313.77,7955,0.83,0.84,9.88,1.00,0.03,-0.04,-0.01,4.60,-3.69,-1.41,6,18,13,0,35.2901633,136.2528967,87.50, 0.11
252780,-0.02,-0.26,9.72,1.00,-0.01,0.00,-0.02,0.20,0.99,-2.64,10.61,0.00,0,2,1001.20,40.63,109.97,1001.21,39.25,109.45,0.43,1000.56,38.76,115.20,0.98,1.32,89.82,313.77,7956,0.10,0.96,9.94,1.00,0.03,-0.04,-0.01,4.60,-3.68,-1.39,6,18,13,0,35.2901633,136.2528967,87.50, 0.11
252833,0.02,-0.11,9.69,1.00,-0.01,0.00,-0.02,0.20,0.99,-2.64,10.61,0.00,0,2,1001.20,40.62,109.97,1001.20,39.23,109.46,0.43,1000.55,38.76,115.23,1.03,1.35,89.82,313.77,7956,0.41,0.44,9.85,1.00,0.03,-0.04,-0.01,4.60,-3.69,-1.40,6,18,14,0,35.2901633,136.2528983,87.50, 0.11
252887,-0.02,-0.18,9.75,1.00,-0.01,0.00,-0.02,0.19,0.98,-2.64,10.62,0.00,0,2,1001.20,40.62,109.97,1001.20,39.23,109.43,0.43,1000.56,38.78,115.20,1.03,1.35,89.74,313.77,7956,0.89,0.74,9.79,1.00,0.03,-0.04,-0.01,4.60,-3.69,-1.41,6,18,14,0,35.2901633,136.2528983,87.50, 0.11
252943,-0.01,-0.16,9.92,1.00,-0.01,0.00,-0.02,0.19,0.98,-2.64,10.61,0.00,0,2,1001.20,40.62,109.97,1001.20,39.24,109.47,0.43,1000.56,38.77,115.19,1.07,1.37,89.74,313.77,7955,0.36,0.44,9.85,1.00,0.03,-0.04,-0.01,4.62,-3.70,-1.39,6,18,14,0,35.2901633,136.2528983,87.50, 0.11
253001,-0.02,-0.11,9.86,1.00,-0.01,0.00,-0.02,0.19,0.98,-2.64,10.60,0.00,0,2,1001.20,40.62,109.97,1001.20,39.24,109.46,0.43,1000.56,38.77,115.17,0.98,1.32,89.74,313.77,7955,1.08,0.75,9.86,1.00,0.03,-0.04,-0.01,4.62,-3.70,-1.40,6,18,14,0,35.2901633,136.2528983,87.50, 0.11
253053,-0.10,-0.19,9.83,1.00,-0.01,0.00,-0.02,0.19,0.98,-2.64,10.60,0.00,0,2,1001.21,40.63,109.92,1001.20,39.24,109.46,0.43,1000.56,38.77,115.17,0.95,1.30,89.65,313.77,7955,0.52,0.88,9.92,1.00,0.03,-0.04,-0.01,4.62,-3.70,-1.39,6,18,14,0,35.2901633,136.2528983,87.50, 0.11
253111,-0.11,-0.19,9.80,1.00,-0.01,0.00,-0.02,0.19,0.98,-2.64,10.60,0.00,0,2,1001.20,40.62,109.94,1001.20,39.23,109.44,0.44,1000.56,38.76,115.18,0.62,1.04,89.74,313.77,7955,0.59,0.59,9.78,1.00,0.03,-0.04,-0.01,4.62,-3.70,-1.39,6,18,14,0,35.2901633,136.2528983,87.50, 0.11
253163,0.00,-0.05,9.90,1.00,-0.01,0.00,-0.02,0.20,0.98,-2.64,10.60,0.00,0,2,1001.21,40.62,109.94,1001.20,39.23,109.46,0.43,1000.56,38.76,115.16,0.72,1.13,89.74,313.77,7955,0.76,0.42,9.85,1.00,0.03,-0.04,-0.01,4.62,-3.70,-1.37,6,18,14,0,35.2901633,136.2528983,87.50, 0.11
253220,0.01,-0.13,9.67,1.00,-0.01,0.00,-0.02,0.19,0.97,-2.64,10.60,0.00,0,2,1001.20,40.62,109.96,1001.20,39.24,109.46,0.43,1000.56,38.78,115.18,0.77,1.16,89.74,313.77,7954,0.83,0.65,9.72,1.00,0.03,-0.04,-0.01,4.62,-3.70,-1.37,6,18,14,0,35.2901633,136.2528983,87.50, 0.11
253272,0.09,-0.28,9.87,1.00,-0.01,0.00,-0.02,0.19,0.98,-2.64,10.60,0.00,0,2,1001.20,40.62,109.97,1001.20,39.23,109.46,0.43,1000.56,38.77,115.17,0.85,1.23,89.74,313.77,7956,0.59,0.78,9.88,1.00,0.03,-0.04,-0.01,4.62,-3.71,-1.38,6,18,14,0,35.2901633,136.2528983,87.50, 0.11
253324,0.01,-0.15,9.70,1.00,-0.01,0.00,-0.02,0.18,0.99,-2.64,10.60,0.00,0,2,1001.20,40.62,109.97,1001.20,39.23,109.48,0.43,1000.56,38.77,115.17,1.00,1.33,89.74,313.77,7956,0.61,0.74,9.80,1.00,0.03,-0.04,-0.01,4.60,-3.72,-1.38,6,18,14,0,35.2901633,136.2528983,87.50, 0.11
253381,-0.07,-0.04,9.87,1.00,-0.01,0.00,-0.02,0.19,0.98,-2.64,10.61,0.00,0,2,1001.21,40.63,109.92,1001.20,39.24,109.45,0.43,1000.56,38.79,115.16,1.02,1.34,89.74,313.77,7955,0.93,0.78,9.77,1.00,0.03,-0.04,-0.01,4.60,-3.72,-1.38,6,18,14,0,35.2901633,136.2528983,87.50, 0.11
253434,-0.09,-0.27,9.83,1.00,-0.01,0.00,-0.02,0.19,0.98,-2.64,10.60,0.00,0,2,1001.21,40.61,109.93,1001.20,39.23,109.48,0.43,1000.56,38.78,115.16,1.07,1.37,89.74,313.77,7956,1.03,0.87,9.72,1.00,0.03,-0.04,-0.01,4.61,-3.73,-1.38,6,18,14,0,35.2901633,136.2528983,87.50, 0.11
253490,0.02,-0.12,9.96,1.00,-0.01,0.00,-0.02,0.19,0.98,-2.64,10.59,0.00,0,2,1001.20,40.62,109.94,1001.20,39.22,109.47,0.35,1000.57,38.79,115.14,1.00,1.33,89.74,313.77,7955,0.54,0.44,9.90,1.00,0.03,-0.04,-0.01,4.62,-3.75,-1.38,6,18,14,0,35.2901633,136.2528983,87.50, 0.11
253541,0.04,0.00,9.70,1.00,-0.01,0.00,-0.02,0.18,0.97,-2.64,10.58,0.00,0,2,1001.21,40.62,109.91,1001.20,39.22,109.46,0.36,1000.56,38.77,115.15,1.02,1.34,89.74,313.77,7955,0.68,0.69,9.80,1.00,0.03,-0.04,-0.01,4.60,-3.75,-1.39,6,18,14,0,35.2901633,136.2528983,87.50, 0.11
253599,-0.11,-0.17,9.90,1.00,-0.01,0.00,-0.02,0.18,0.96,-2.64,10.58,0.00,0,2,1001.21,40.63,109.93,1001.20,39.23,109.48,0.37,1000.56,38.78,115.15,1.03,1.35,89.74,313.77,7955,1.08,0.77,9.75,1.00,0.03,-0.04,-0.01,4.61,-3.76,-1.41,6,18,14,0,35.2901633,136.2528983,87.50, 0.11
253653,-0.03,-0.14,9.85,1.00,-0.01,0.00,-0.02,0.18,0.96,-2.64,10.59,0.00,0,2,1001.20,40.60,109.96,1001.20,39.23,109.48,0.34,1000.56,38.78,115.15,1.05,1.36,89.74,313.77,7955,0.60,0.73,9.72,1.00,0.03,-0.04,-0.01,4.62,-3.77,-1.41,6,18,14,0,35.2901633,136.2528983,87.50, 0.11
253708,0.03,-0.21,9.78,1.00,-0.01,0.00,-0.02,0.18,0.96,-2.64,10.59,0.00,0,2,1001.21,40.62,109.91,1001.20,39.22,109.47,0.35,1000.57,38.78,115.11,1.03,1.35,89.74,313.77,7956,0.85,0.91,9.84,1.00,0.03,-0.04,-0.01,4.62,-3.77,-1.41,6,18,14,0,35.2901633,136.2528983,87.50, 0.11
253760,0.02,-0.11,9.81,1.00,-0.01,0.00,-0.02,0.18,0.96,-2.64,10.60,0.00,0,2,1001.20,40.62,109.99,1001.21,39.24,109.42,0.35,1000.56,38.78,115.15,1.10,1.40,89.74,313.77,7955,0.93,0.69,9.77,1.00,0.03,-0.04,-0.01,4.62,-3.77,-1.41,6,18,14,0,35.2901633,136.2528983,87.50, 0.11
253817,-0.36,-0.17,9.83,1.00,-0.01,0.00,-0.02,0.18,0.96,-2.64,10.60,0.00,0,2,1001.20,40.62,109.96,1001.20,39.23,109.48,0.35,1000.56,38.76,115.19,1.22,1.47,89.82,313.77,7955,1.12,0.67,9.85,1.00,0.03,-0.04,-0.01,4.63,-3.76,-1.42,6,18,15,0,35.2901633,136.2529017,87.40, 0.11
253872,-0.12,-0.02,9.87,1.00,-0.01,0.00,-0.02,0.18,0.96,-2.64,10.61,0.00,0,2,1001.20,40.62,109.97,1001.20,39.23,109.48,0.35,1000.56,38.77,115.15,1.40,1.57,89.82,313.77,7955,0.89,0.41,9.80,1.00,0.03,-0.04,-0.01,4.63,-3.76,-1.41,6,18,15,0,35.2901633,136.2529017,87.40, 0.11
253928,0.00,-0.14,10.08,1.00,-0.01,0.00,-0.02,0.18,0.96,-2.64,10.61,0.00,0,2,1001.20,40.62,109.98,1001.20,39.24,109.47,0.35,1000.56,38.76,115.16,1.38,1.56,89.82,313.77,7956,1.00,0.47,10.10,1.00,0.03,-0.04,-0.01,4.62,-3.76,-1.41,6,18,15,0,35.2901633,136.2529017,87.40, 0.11
253980,0.04,-0.26,9.63,1.00,-0.01,0.00,-0.02,0.18,0.97,-2.64,10.61,0.00,0,2,1001.20,40.62,109.96,1001.20,39.24,109.47,0.43,1000.56,38.77,115.15,0.85,1.23,89.91,313.77,7956,1.18,1.20,9.76,1.00,0.03,-0.04,-0.01,4.62,-3.80,-1.43,6,18,15,0,35.2901633,136.2529017,87.40, 0.11
254033,0.02,-0.08,10.02,1.00,-0.01,0.00,-0.02,0.18,0.97,-2.64,10.60,0.00,0,2,1001.20,40.62,109.97,1001.20,39.24,109.46,0.44,1000.56,38.78,115.18,0.87,1.24,89.91,313.77,7955,0.45,0.98,9.86,1.00,0.03,-0.04,-0.01,4.63,-3.77,-1.42,6,18,15,0,35.2901633,136.2529017,87.40, 0.11
254089,-0.01,-0.19,9.85,1.00,-0.01,0.00,-0.02,0.18,0.97,-2.64,10.60,0.00,0,2,1001.20,40.62,109.94,1001.20,39.24,109.47,0.43,1000.56,38.78,115.18,1.20,1.46,89.91,313.77,7955,0.43,0.61,9.74,1.00,0.03,-0.04,-0.01,4.63,-3.76,-1.42,6,18,15,0,35.2901633,136.2529017,87.40, 0.11
254141,-0.08,-0.04,9.80,1.00,-0.01,0.00,-0.02,0.18,0.97,-2.64,10.60,0.00,0,2,1001.20,40.63,109.95,1001.20,39.24,109.49,0.44,1000.56,38.77,115.17,1.15,1.43,89.91,313.77,7956,1.08,0.47,9.74,1.00,0.03,-0.04,-0.01,4.65,-3.76,-1.45,6,18,15,0,35.2901633,136.2529017,87.40, 0.11
254194,-0.08,-0.16,9.81,1.00,-0.01,0.00,-0.02,0.18,0.97,-2.64,10.61,0.00,0,2,1001.20,40.62,109.97,1001.20,39.23,109.46,0.35,1000.56,38.78,115.18,1.17,1.44,89.91,313.77,7955,1.06,0.41,9.77,1.00,0.03,-0.04,-0.01,4.65,-3.76,-1.45,6,18,15,0,35.2901633,136.2529017,87.40, 0.11
254250,-0.11,-0.30,9.79,1.00,-0.01,0.00,-0.02,0.18,0.97,-2.64,10.61,0.00,0,2,1001.20,40.61,109.96,1001.20,39.23,109.48,0.35,1000.56,38.77,115.19,1.07,1.37,89.91,313.77,7955,1.00,1.03,9.84,1.00,0.03,-0.04,-0.01,4.65,-3.76,-1.44,6,18,15,0,35.2901633,136.2529017,87.40, 0.11
254307,-0.07,-0.05,9.90,1.00,-0.01,0.00,-0.02,0.18,0.97,-2.64,10.61,0.00,0,2,1001.20,40.62,109.99,1001.20,39.24,109.51,0.43,1000.56,38.77,115.20,1.17,1.44,90.09,313.77,7956,1.17,0.67,9.87,1.00,0.03,-0.04,-0.01,4.65,-3.76,-1.43,6,18,15,0,35.2901633,136.2529017,87.40, 0.11
254360,0.00,0.00,9.91,1.00,-0.01,0.00,-0.02,0.18,0.97,-2.64,10.61,0.00,0,2,1001.20,40.61,109.94,1001.20,39.23,109.51,0.43,1000.56,38.76,115.21,1.00,1.33,90.09,313.77,7955,0.97,0.51,9.95,1.00,0.03,-0.04,-0.01,4.64,-3.75,-1.43,6,18,15,0,35.2901633,136.2529017,87.40, 0.11
254418,-0.03,-0.12,9.64,1.00,-0.01,0.00,-0.02,0.18,0.97,-2.64,10.63,0.00,0,2,1001.21,40.63,109.92,1001.20,39.23,109.48,0.43,1000.56,38.76,115.19,0.72,1.13,90.09,313.77,7955,0.46,0.86,9.83,1.00,0.03,-0.04,-0.01,4.64,-3.74,-1.42,6,18,15,0,35.2901633,136.2529017,87.40, 0.11
254470,-0.08,-0.29,9.79,1.00,-0.01,0.00,-0.02,0.18,0.97,-2.64,10.62,0.00,0,2,1001.21,40.63,109.91,1001.20,39.24,109.49,0.44,1000.56,38.77,115.18,0.93,1.29,90.18,313.77,7956,0.53,0.81,9.84,1.00,0.03,-0.04,-0.01,4.64,-3.75,-1.43,6,18,15,0,35.2901633,136.2529017,87.40, 0.11
254528,-0.05,-0.18,9.75,1.00,-0.01,0.00,-0.02,0.18,0.97,-2.64,10.61,0.00,0,2,1001.20,40.62,109.94,1001.20,39.24,109.45,0.43,1000.55,38.77,115.24,0.65,1.07,90.18,313.77,7955,1.02,0.64,9.78,1.00,0.03,-0.04,-0.01,4.64,-3.76,-1.45,6,18,15,0,35.2901633,136.2529017,87.40, 0.11
254580,-0.06,-0.04,9.86,1.00,-0.01,0.00,-0.02,0.18,0.97,-2.64,10.60,0.00,0,2,1001.20,40.62,110.00,1001.20,39.24,109.49,0.44,1000.56,38.79,115.18,0.93,1.29,90.18,313.77,7955,0.84,0.43,9.79,1.00,0.03,-0.04,-0.01,4.65,-3.73,-1.43,6,18,15,0,35.2901633,136.2529017,87.40, 0.11
254634,-0.01,-0.24,9.79,1.00,-0.01,0.00,-0.02,0.18,0.97,-2.64,10.61,0.00,0,2,1001.20,40.62,109.96,1001.20,39.24,109.52,0.44,1000.56,38.77,115.21,0.72,1.13,90.09,313.77,7956,0.46,0.56,9.84,1.00,0.03,-0.04,-0.01,4.64,-3.73,-1.42,6,18,15,0,35.2901633,136.2529017,87.40, 0.11
254689,0.01,-0.12,9.79,1.00,-0.01,0.00,-0.02,0.18,0.97,-2.64,10.62,0.00,0,2,1001.20,40.63,109.95,1001.20,39.24,109.49,0.44,1000.56,38.79,115.18,0.67,1.09,90.18,313.77,7955,0.52,0.52,9.84,1.00,0.03,-0.04,-0.01,4.65,-3.73,-1.43,6,18,15,0,35.2901633,136.2529017,87.40, 0.11
254745,-0.03,-0.10,9.82,1.00,-0.01,0.00,-0.02,0.18,0.97,-2.64,10.61,0.00,0,2,1001.21,40.62,109.94,1001.20,39.23,109.51,0.35,1000.56,38.80,115.20,0.58,1.02,90.09,313.77,7955,0.75,0.66,9.79,1.00,0.03,-0.04,-0.01,4.64,-3.73,-1.43,6,18,15,0,35.2901633,136.2529017,87.40, 0.11
254798,-0.04,-0.25,9.76,1.00,-0.01,0.00,-0.02,0.18,0.97,-2.64,10.60,0.00,0,2,1001.20,40.62,109.97,1001.20,39.23,109.49,0.36,1000.56,38.78,115.18,0.68,1.10,90.18,313.77,7956,0.69,0.62,9.70,1.00,0.03,-0.04,-0.01,4.64,-3.74,-1.43,6,18,15,0,35.2901633,136.2529017,87.40, 0.11
254856,-0.04,-0.19,9.82,1.00,-0.01,0.00,-0.02,0.18,0.97,-2.64,10.62,0.00,0,2,1001.20,40.62,109.99,1001.20,39.23,109.51,0.35,1000.56,38.79,115.17,0.37,0.81,90.18,313.77,7956,0.73,0.56,9.82,1.00,0.03,-0.04,-0.01,4.66,-3.76,-1.43,6,18,15,0,35.2901633,136.2529017,87.40, 0.11
254908,-0.02,-0.10,9.78,1.00,-0.01,0.00,-0.02,0.18,0.97,-2.64,10.61,0.00,0,2,1001.20,40.62,109.94,1001.20,39.23,109.48,0.39,1000.56,38.79,115.16,0.72,1.13,90.18,313.77,7956,0.95,0.62,9.78,1.00,0.03,-0.04,-0.01,4.65,-3.75,-1.43,6,18,15,0,35.2901633,136.2529017,87.40, 0.11
254966,-0.01,-0.12,9.84,1.00,-0.01,0.00,-0.02,0.18,0.97,-2.64,10.60,0.00,0,2,1001.21,40.63,109.92,1001.20,39.23,109.51,0.44,1000.56,38.80,115.15,0.73,1.14,90.09,313.77,7955,0.70,0.66,9.82,1.00,0.03,-0.04,-0.01,4.65,-3.75,-1.43,6,18,15,0,35.2901633,136.2529017,87.40, 0.11
255018,-0.02,-0.29,9.73,1.00,-0.01,0.00,-0.02,0.18,0.97,-2.64,10.59,0.00,0,2,1001.21,40.63,109.91,1001.20,39.25,109.43,0.43,1000.57,38.78,115.14,1.00,1.33,90.09,313.77,7956,0.49,0.91,9.84,1.00,0.03,-0.04,-0.01,4.64,-3.76,-1.43,6,18,15,0,35.2901633,136.2529017,87.40, 0.11
255075,0.00,-0.10,9.82,1.00,-0.01,0.00,-0.02,0.18,0.97,-2.64,10.59,0.00,0,2,1001.20,40.62,109.94,1001.20,39.23,109.51,0.39,1000.56,38.77,115.19,0.77,1.16,90.09,313.77,7955,0.97,0.68,9.82,1.00,0.03,-0.04,-0.01,4.65,-3.76,-1.43,6,18,15,0,35.2901633,136.2529017,87.40, 0.11
255129,0.01,-0.09,9.81,1.00,-0.01,0.00,-0.02,0.18,0.97,-2.64,10.60,0.00,0,2,1001.21,40.63,109.93,1001.20,39.24,109.47,0.43,1000.56,38.79,115.16,1.18,1.45,90.09,313.77,7954,0.48,0.53,9.82,1.00,0.03,-0.04,-0.01,4.65,-3.76,-1.44,6,18,15,0,35.2901633,136.2529017,87.40, 0.11
255182,0.02,-0.16,9.88,1.00,-0.01,0.00,-0.02,0.18,0.97,-2.64,10.61,0.00,0,2,1001.20,40.60,109.97,1001.20,39.23,109.49,0.43,1000.56,38.80,115.15,1.25,1.49,90.00,313.77,7956,0.78,0.75,9.72,1.00,0.03,-0.04,-0.01,4.64,-3.75,-1.45,6,18,15,0,35.2901633,136.2529017,87.40, 0.11
255237,-0.04,-0.11,9.77,1.00,-0.01,0.00,-0.02,0.18,0.97,-2.64,10.60,0.00,0,2,1001.20,40.62,109.97,1001.20,39.25,109.50,0.44,1000.56,38.80,115.15,1.35,1.55,90.00,313.77,7954,0.84,0.57,9.78,1.00,0.03,-0.04,-0.01,4.64,-3.76,-1.43,6,18,15,0,35.2901633,136.2529017,87.40, 0.11
255294,-0.03,-0.14,9.87,1.00,-0.01,0.00,-0.02,0.18,0.97,-2.64,10.60,0.00,0,2,1001.20,40.62,109.97,1001.20,39.25,109.48,0.43,1000.56,38.79,115.16,1.38,1.56,90.00,313.77,7955,0.85,0.66,9.76,1.00,0.03,-0.04,-0.01,4.65,-3.76,-1.43,6,18,15,0,35.2901633,136.2529017,87.40, 0.11
255349,0.00,-0.13,9.79,1.00,-0.01,0.00,-0.02,0.18,0.97,-2.64,10.60,0.00,0,2,1001.20,40.60,110.01,1001.20,39.24,109.49,0.44,1000.56,38.78,115.15,1.35,1.55,90.09,313.77,7954,0.55,0.69,9.85,1.00,0.03,-0.04,-0.01,4.65,-3.76,-1.43,6,18,15,0,35.2901633,136.2529017,87.40, 0.11
255405,-0.03,-0.12,9.81,1.00,-0.01,0.00,-0.02,0.18,0.97,-2.64,10.60,0.00,0,2,1001.20,40.62,109.94,1001.20,39.25,109.48,0.44,1000.56,38.78,115.17,1.20,1.46,90.18,313.77,7955,0.98,0.67,9.79,1.00,0.03,-0.04,-0.01,4.64,-3.76,-1.43,6,18,15,0,35.2901633,136.2529017,87.40, 0.11
255458,0.00,-0.19,9.74,1.00,-0.01,0.00,-0.02,0.18,0.97,-2.64,10.61,0.00,0,2,1001.20,40.63,109.97,1001.20,39.24,109.49,0.44,1000.56,38.78,115.15,1.30,1.52,90.18,313.77,7954,0.97,0.79,9.74,1.00,0.03,-0.04,-0.01,4.64,-3.76,-1.43,6,18,15,0,35.2901633,136.2529017,87.40, 0.11
255515,-0.02,-0.19,9.84,1.00,-0.01,0.00,-0.02,0.18,0.97,-2.64,10.61,0.00,0,2,1001.20,40.61,110.00,1001.20,39.24,109.49,0.37,1000.56,38.79,115.20,1.05,1.36,90.35,313.77,7955,0.90,0.58,9.86,1.00,0.03,-0.04,-0.01,4.65,-3.76,-1.43,6,18,15,0,35.2901633,136.2529017,87.40, 0.11
255566,-0.04,-0.13,9.78,1.00,-0.01,0.00,-0.02,0.18,0.97,-2.64,10.61,0.00,0,2,1001.20,40.62,109.97,1001.20,39.24,109.46,0.43,1000.56,38.79,115.17,1.05,1.36,90.35,313.77,7954,0.80,0.68,9.81,1.00,0.03,-0.04,-0.01,4.64,-3.76,-1.43,6,18,15,0,35.2901633,136.2529017,87.40, 0.11
255624,-0.03,-0.13,9.74,1.00,-0.01,0.00,-0.02,0.18,0.97,-2.64,10.60,0.00,0,2,1001.20,40.63,109.97,1001.20,39.26,109.51,0.43,1000.56,38.78,115.17,1.02,1.34,90.44,313.77,7955,0.99,0.67,9.78,1.00,0.03,-0.04,-0.01,4.64,-3.76,-1.43,6,18,15,0,35.2901633,136.2529017,87.40, 0.11
255677,-0.10,-0.16,9.76,1.00,-0.01,0.00,-0.02,0.18,0.97,-2.64,10.60,0.00,0,2,1001.20,40.63,109.98,1001.20,39.26,109.51,0.44,1000.56,38.78,115.15,0.95,1.30,90.44,313.77,7955,1.04,0.85,9.81,1.00,0.03,-0.04,-0.01,4.65,-3.77,-1.43,6,18,16,0,35.2901650,136.2528983,87.40, 0.22
255729,-0.01,-0.13,9.82,1.00,-0.01,0.00,-0.02,0.18,0.97,-2.64,10.60,0.00,0,2,1001.20,40.62,109.96,1001.20,39.25,109.51,0.43,1000.56,38.78,115.16,1.00,1.33,90.44,313.77,7955,0.69,0.70,9.84,1.00,0.03,-0.04,-0.01,4.64,-3.76,-1.44,6,18,16,0,35.2901650,136.2528983,87.40, 0.22
255786,-0.01,-0.18,9.78,1.00,-0.01,0.00,-0.02,0.18,0.97,-2.64,10.60,0.00,0,2,1001.20,40.61,109.98,1001.20,39.25,109.49,0.39,1000.56,38.78,115.22,1.58,1.67,90.62,313.77,7956,0.97,0.57,9.74,1.00,0.03,-0.04,-0.01,4.64,-3.76,-1.44,6,18,16,0,35.2901650,136.2528983,87.40, 0.22
255842,0.00,-0.16,9.81,1.00,-0.01,0.00,-0.02,0.18,0.97,-2.64,10.61,0.00,0,2,1001.20,40.62,109.94,1001.20,39.26,109.52,0.44,1000.56,38.77,115.19,1.42,1.58,90.62,313.77,7955,0.87,0.59,9.75,1.00,0.03,-0.04,-0.01,4.64,-3.77,-1.44,6,18,16,0,35.2901650,136.2528983,87.40, 0.22
255896,-0.01,-0.14,9.85,1.00,-0.01,0.00,-0.02,0.18,0.97,-2.64,10.60,0.00,0,2,1001.20,40.62,109.97,1001.20,39.26,109.48,0.44,1000.56,38.78,115.22,1.28,1.51,90.62,313.77,7955,0.68,0.54,9.80,1.00,0.03,-0.04,-0.01,4.64,-3.77,-1.44,6,18,16,0,35.2901650,136.2528983,87.40, 0.22
255953,-0.04,-0.15,9.78,1.00,-0.01,0.00,-0.02,0.18,0.97,-2.64,10.60,0.00,0,2,1001.20,40.63,109.95,1001.20,39.25,109.49,0.44,1000.56,38.78,115.20,1.18,1.45,90.70,313.77,7956,0.67,0.51,9.75,1.00,0.03,-0.04,-0.01,4.64,-3.77,-1.44,6,18,16,0,35.2901650,136.2528983,87.40, 0.22
256005,-0.06,-0.16,9.81,1.00,-0.01,0.00,-0.02,0.18,0.97,-2.64,10.61,0.00,0,2,1001.21,40.63,109.93,1001.20,39.25,109.48,0.40,1000.56,38.77,115.22,1.05,1.36,90.62,313.77,7955,0.90,0.75,9.83,1.00,0.03,-0.04,-0.01,4.64,-3.77,-1.44,6,18,16,0,35.2901650,136.2528983,87.40, 0.22
256064,0.02,-0.29,9.89,1.00,-0.01,0.00,-0.02,0.18,0.97,-2.64,10.61,0.00,0,2,1001.20,40.62,109.98,1001.20,39.26,109.47,0.43,1000.56,38.77,115.21,1.07,1.37,90.62,313.77,7955,0.90,0.90,9.79,1.00,0.03,-0.04,-0.01,4.64,-3.77,-1.44,6,18,16,0,35.2901650,136.2528983,87.40, 0.22
256116,0.09,-0.25,9.64,1.00,-0.01,0.00,-0.02,0.18,0.97,-2.64,10.61,0.00,0,2,1001.20,40.63,110.01,1001.20,39.26,109.54,0.44,1000.56,38.78,115.18,1.12,1.41,90.62,313.68,7956,0.81,0.72,9.87,1.00,0.03,-0.04,-0.01,4.64,-3.76,-1.43,6,18,17,0,35.2901650,136.2528983,87.40, 0.22
256173,0.02,-0.12,9.74,1.00,-0.01,0.00,-0.02,0.18,0.97,-2.64,10.61,0.00,0,2,1001.20,40.63,109.97,1001.20,39.26,109.48,0.43,1000.55,38.78,115.24,0.93,1.29,90.62,313.68,7956,0.86,0.67,9.78,1.00,0.03,-0.04,-0.01,4.64,-3.76,-1.43,6,18,17,0,35.2901650,136.2528983,87.40, 0.22
256225,0.00,-0.02,10.06,1.00,-0.01,0.00,-0.02,0.17,0.96,-2.64,10.62,0.00,0,2,1001.20,40.64,109.96,1001.19,39.25,109.55,0.43,1000.55,38.78,115.26,0.85,1.23,90.62,313.68,7954,0.83,0.63,9.80,1.00,0.03,-0.04,-0.01,4.64,-3.76,-1.43,6,18,17,0,35.2901650,136.2528983,87.40, 0.22
256279,-0.01,-0.19,9.65,1.00,-0.01,0.00,-0.02,0.17,0.96,-2.64,10.61,0.00,0,2,1001.20,40.62,109.96,1001.20,39.25,109.49,0.43,1000.56,38.77,115.22,1.30,1.52,90.62,313.68,7955,0.63,0.73,9.77,1.00,0.03,-0.04,-0.01,4.64,-3.76,-1.43,6,18,17,0,35.2901650,136.2528983,87.40, 0.22
256335,-0.03,-0.20,9.73,1.00,-0.01,0.00,-0.02,0.17,0.96,-2.64,10.61,0.00,0,2,1001.21,40.64,109.93,1001.20,39.26,109.51,0.43,1000.56,38.77,115.22,1.47,1.61,90.62,313.77,7955,0.67,0.77,9.83,1.00,0.03,-0.04,-0.01,4.64,-3.76,-1.43,6,18,17,0,35.2901650,136.2528983,87.40, 0.22
256391,-0.04,-0.21,9.70,1.00,-0.01,0.00,-0.02,0.17,0.96,-2.64,10.60,0.00,0,2,1001.20,40.63,109.98,1001.20,39.25,109.50,0.43,1000.56,38.78,115.22,1.08,1.38,90.62,313.68,7956,0.76,0.69,9.74,1.00,0.03,-0.04,-0.01,4.64,-3.76,-1.43,6,18,17,0,35.2901650,136.2528983,87.40, 0.22
256444,-0.05,-0.14,9.74,1.00,-0.01,0.00,-0.02,0.17,0.96,-2.64,10.62,0.00,0,2,1001.21,40.64,109.94,1001.20,39.27,109.51,0.43,1000.56,38.78,115.20,1.20,1.46,90.62,313.68,7954,0.65,0.45,9.76,1.00,0.03,-0.04,-0.01,4.64,-3.76,-1.43,6,18,17,0,35.2901650,136.2528983,87.40, 0.22
256502,0.00,-0.15,9.84,1.00,-0.01,0.00,-0.02,0.17,0.96,-2.64,10.61,0.00,0,2,1001.20,40.62,109.97,1001.20,39.27,109.49,0.44,1000.56,38.77,115.21,1.60,1.68,90.62,313.68,7955,0.72,0.49,9.77,1.00,0.03,-0.04,-0.01,4.64,-3.76,-1.43,6,18,17,0,35.2901650,136.2528983,87.40, 0.22
256554,-0.02,-0.12,9.80,1.00,-0.01,0.00,-0.02,0.17,0.96,-2.64,10.61,0.00,0,2,1001.21,40.63,109.93,1001.20,39.26,109.50,0.43,1000.56,38.77,115.22,1.73,1.75,90.79,313.68,7955,0.75,0.58,9.79,1.00,0.03,-0.04,-0.01,4.64,-3.76,-1.43,6,18,17,0,35.2901650,136.2528983,87.40, 0.22
256611,-0.01,-0.15,9.80,1.00,-0.01,0.00,-0.02,0.17,0.96,-2.64,10.60,0.00,0,2,1001.20,40.62,109.96,1001.20,39.27,109.49,0.43,1000.56,38.78,115.22,1.40,1.57,92.37,313.68,7956,0.88,0.67,9.76,1.00,0.03,-0.04,-0.01,4.64,-3.76,-1.43,6,18,17,0,35.2901650,136.2528983,87.40, 0.22
256664,0.00,-0.18,9.80,1.00,-0.01,0.00,-0.02,0.17,0.96,-2.64,10.61,0.00,0,2,1001.20,40.62,109.96,1001.20,39.26,109.51,0.43,1000.56,38.78,115.22,0.88,1.25,94.48,313.68,7955,0.67,0.74,9.85,1.00,0.03,-0.04,-0.01,4.64,-3.76,-1.43,6,18,17,0,35.2901650,136.2528983,87.40, 0.02
256721,0.00,-0.15,9.80,1.00,-0.01,0.00,-0.02,0.17,0.96,-2.64,10.61,0.00,0,2,1001.21,40.64,109.94,1001.20,39.26,109.51,0.44,1000.56,38.78,115.22,0.38,0.82,96.42,313.68,7955,0.78,0.67,9.82,1.00,0.03,-0.04,-0.01,4.64,-3.76,-1.43,6,18,17,0,35.2901650,136.2528983,87.40, 0.02
256774,-0.05,-0.20,9.74,1.00,-0.01,0.00,-0.02,0.17,0.96,-2.64,10.61,0.00,0,2,1001.20,40.63,109.97,1001.20,39.26,109.51,0.43,1000.55,38.77,115.24,0.87,1.24,97.21,313.68,7956,0.91,0.72,9.71,1.00,0.03,-0.04,-0.01,4.64,-3.76,-1.43,6,18,18,0,35.2901683,136.2528983,87.40, 0.02
256828,-0.03,-0.18,9.82,1.00,-0.01,0.00,-0.02,0.17,0.96,-2.64,10.60,0.00,0,2,1001.20,40.62,109.97,1001.20,39.29,109.51,0.43,1000.56,38.77,115.19,1.37,1.56,96.77,313.68,7956,0.83,0.66,9.77,1.00,0.03,-0.04,-0.01,4.64,-3.76,-1.43,6,18,18,0,35.2901683,136.2528983,87.40, 0.02
256884,-0.05,-0.15,9.79,1.00,-0.01,0.00,-0.02,0.17,0.96,-2.64,10.60,0.00,0,2,1001.20,40.63,109.97,1001.20,39.27,109.51,0.43,1000.56,38.79,115.20,0.83,1.21,94.31,313.68,7954,0.84,0.71,9.79,1.00,0.03,-0.04,-0.01,4.64,-3.76,-1.43,6,18,18,0,35.2901683,136.2528983,87.40, 0.02
256940,-0.03,-0.12,9.83,1.00,-0.01,0.00,-0.02,0.17,0.96,-2.64,10.61,0.00,0,2,1001.20,40.63,109.97,1001.20,39.26,109.53,0.44,1000.56,38.78,115.18,0.68,1.10,92.11,313.68,7956,0.85,0.66,9.83,1.00,0.03,-0.04,-0.01,4.64,-3.76,-1.43,6,18,18,0,35.2901683,136.2528983,87.40, 0.02
256994,-0.02,-0.14,9.79,1.00,-0.01,0.00,-0.02,0.17,0.96,-2.64,10.60,0.00,0,2,1001.21,40.62,109.94,1001.20,39.27,109.50,0.43,1000.56,38.78,115.20,0.65,1.07,91.14,313.77,7955,0.81,0.67,9.81,1.00,0.03,-0.04,-0.01,4.64,-3.76,-1.43,6,18,18,0,35.2901683,136.2528983,87.40, 0.02
257049,-0.05,-0.14,9.80,1.00,-0.01,0.00,-0.02,0.17,0.96,-2.64,10.60,0.00,0,2,1001.21,40.63,109.94,1001.20,39.26,109.51,0.43,1000.56,38.78,115.15,0.88,1.25,90.53,313.68,7955,0.80,0.77,9.79,1.00,0.03,-0.04,-0.01,4.64,-3.76,-1.43,6,18,18,0,35.2901683,136.2528983,87.40, 0.02
257104,-0.02,-0.15,9.82,1.00,-0.01,0.00,-0.02,0.17,0.96,-2.64,10.58,0.00,0,2,1001.20,40.62,109.94,1001.20,39.27,109.52,0.43,1000.56,38.78,115.18,0.83,1.21,90.79,313.68,7955,0.87,0.60,9.77,1.00,0.03,-0.04,-0.01,4.64,-3.76,-1.43,6,18,18,0,35.2901683,136.2528983,87.40, 0.02
257162,-0.01,-0.16,9.74,1.00,-0.01,0.00,-0.02,0.17,0.96,-2.64,10.59,0.00,0,2,1001.20,40.63,109.97,1001.20,39.27,109.52,0.43,1000.56,38.78,115.15,0.90,1.26,91.14,313.68,7955,0.84,0.59,9.75,1.00,0.03,-0.04,-0.01,4.64,-3.76,-1.43,6,18,18,0,35.2901683,136.2528983,87.40, 0.02
257215,0.00,-0.13,9.78,1.00,-0.01,0.00,-0.02,0.17,0.96,-2.64,10.60,0.00,0,2,1001.20,40.63,109.95,1001.20,39.27,109.52,0.35,1000.56,38.78,115.20,1.10,1.40,91.41,313.68,7956,0.75,0.57,9.77,1.00,0.03,-0.04,-0.01,4.64,-3.76,-1.43,6,18,18,0,35.2901683,136.2528983,87.40, 0.02
257272,-0.03,-0.18,9.80,1.00,-0.01,0.00,-0.02,0.17,0.96,-2.64,10.60,0.00,0,2,1001.21,40.62,109.94,1001.20,39.27,109.50,0.43,1000.56,38.77,115.19,1.13,1.42,91.32,313.68,7956,0.82,0.82,9.81,1.00,0.03,-0.04,-0.01,4.64,-3.76,-1.43,6,18,18,0,35.2901683,136.2528983,87.40, 0.02
257324,-0.04,-0.16,9.81,1.00,-0.01,0.00,-0.02,0.17,0.96,-2.64,10.59,0.00,0,2,1001.21,40.63,109.93,1001.20,39.27,109.47,0.43,1000.56,38.78,115.17,1.22,1.47,91.41,313.68,7955,0.85,0.69,9.82,1.00,0.03,-0.04,-0.01,4.64,-3.76,-1.43,6,18,18,0,35.2901683,136.2528983,87.40, 0.02
257382,-0.05,-0.11,9.78,1.00,-0.01,0.00,-0.02,0.17,0.96,-2.64,10.59,0.00,0,2,1001.21,40.62,109.93,1001.20,39.28,109.46,0.43,1000.56,38.78,115.20,1.27,1.50,91.41,313.68,7955,0.82,0.73,9.76,1.00,0.03,-0.04,-0.01,4.64,-3.76,-1.43,6,18,18,0,35.2901683,136.2528983,87.40, 0.02
257435,-0.05,-0.20,9.81,1.00,-0.01,0.00,-0.02,0.17,0.96,-2.64,10.59,0.00,0,2,1001.20,40.64,109.95,1001.20,39.27,109.52,0.43,1000.56,38.77,115.22,1.32,1.53,91.41,313.68,7955,0.73,0.70,9.80,1.00,0.03,-0.04,-0.01,4.64,-3.76,-1.43,6,18,18,0,35.2901683,136.2528983,87.40, 0.02
257491,0.01,-0.07,9.85,1.00,-0.01,0.00,-0.02,0.17,0.96,-2.64,10.59,0.00,0,2,1001.20,40.62,109.98,1001.20,39.27,109.50,0.43,1000.56,38.78,115.16,1.35,1.55,91.41,313.68,7956,0.79,0.66,9.80,1.00,0.03,-0.04,-0.01,4.64,-3.76,-1.43,6,18,18,0,35.2901683,136.2528983,87.40, 0.02
257543,0.00,-0.18,9.79,1.00,-0.01,0.00,-0.02,0.17,0.96,-2.64,10.59,0.00,0,2,1001.20,40.62,109.96,1001.20,39.26,109.49,0.44,1000.56,38.80,115.19,1.35,1.55,91.41,313.77,7955,0.85,0.81,9.81,1.00,0.03,-0.04,-0.01,4.64,-3.76,-1.43,6,18,18,0,35.2901683,136.2528983,87.40, 0.02
257601,-0.05,-0.14,9.83,1.00,-0.01,0.00,-0.02,0.17,0.96,-2.64,10.60,0.00,0,2,1001.20,40.63,109.94,1001.20,39.28,109.49,0.44,1000.56,38.79,115.20,1.38,1.56,91.41,313.77,7956,0.73,0.80,9.84,1.00,0.03,-0.04,-0.01,4.64,-3.76,-1.43,6,18,18,0,35.2901683,136.2528983,87.40, 0.02
257653,-0.06,-0.21,9.74,1.00,-0.01,0.00,-0.02,0.17,0.96,-2.64,10.59,0.00,0,2,1001.20,40.63,109.95,1001.20,39.27,109.52,0.44,1000.56,38.81,115.18,1.57,1.67,91.49,313.68,7955,0.70,0.83,9.83,1.00,0.03,-0.04,-0.01,4.64,-3.76,-1.43,6,18,18,0,35.2901683,136.2528983,87.40, 0.28
257710,-0.03,-0.15,9.84,1.00,-0.01,0.00,-0.02,0.17,0.96,-2.64,10.59,0.00,0,2,1001.21,40.63,109.93,1001.20,39.27,109.50,0.44,1000.56,38.80,115.19,1.67,1.72,91.49,313.68,8191,0.83,0.50,9.75,1.00,0.03,-0.04,-0.01,4.64,-3.76,-1.43,6,18,18,0,35.2901683,136.2528983,87.40, 0.28
257762,0.02,-0.15,9.83,1.00,-0.01,0.00,-0.02,0.17,0.96,-2.64,10.60,0.00,0,2,1001.20,40.63,109.97,1001.20,39.25,109.51,0.44,1000.55,38.79,115.25,1.63,1.70,91.49,313.77,7955,0.69,0.43,9.79,1.00,0.03,-0.04,-0.01,4.64,-3.76,-1.43,6,18,18,0,35.2901683,136.2528983,87.40, 0.28
257820,-0.02,-0.18,9.76,1.00,-0.01,0.00,-0.02,0.17,0.96,-2.64,10.61,0.00,0,2,1001.20,40.62,109.97,1001.20,39.28,109.52,0.43,1000.55,38.79,115.26,1.40,1.57,91.49,313.68,8191,0.74,0.78,9.82,1.00,0.03,-0.04,-0.01,4.64,-3.76,-1.43,6,18,19,0,35.2901700,136.2528983,87.40, 0.28
257872,-0.07,-0.15,9.76,1.00,-0.01,0.00,-0.02,0.17,0.96,-2.64,10.62,0.00,0,2,1001.20,40.63,109.95,1001.20,39.28,109.50,0.44,1000.55,38.78,115.25,1.42,1.58,91.49,313.68,7956,0.77,0.66,9.79,1.00,0.03,-0.04,-0.01,4.64,-3.76,-1.43,6,18,19,0,35.2901700,136.2528983,87.40, 0.28
257925,-0.10,-0.12,9.76,1.00,-0.01,0.00,-0.02,0.17,0.96,-2.64,10.61,0.00,0,2,1001.20,40.62,109.96,1001.20,39.29,109.50,0.43,1000.55,38.79,115.24,1.23,1.48,91.32,313.68,7955,0.86,0.61,9.75,1.00,0.03,-0.04,-0.01,4.64,-3.76,-1.43,6,18,19,0,35.2901700,136.2528983,87.40, 0.28
257980,-0.04,-0.16,9.84,1.00,-0.01,0.00,-0.02,0.17,0.96,-2.64,10.61,0.00,0,2,1001.20,40.62,109.96,1001.20,39.27,109.52,0.43,1000.56,38.79,115.23,0.90,1.26,91.32,313.68,7955,0.75,0.68,9.81,1.00,0.03,-0.04,-0.01,4.64,-3.76,-1.43,6,18,19,0,35.2901700,136.2528983,87.40, 0.28
258037,0.02,-0.15,9.77,1.00,-0.01,0.00,-0.02,0.17,0.96,-2.64,10.61,0.00,0,2,1001.20,40.62,109.96,1001.20,39.27,109.47,0.43,1000.56,38.80,115.22,1.27,1.50,91.05,313.77,7956,0.68,0.50,9.75,1.00,0.03,-0.04,-0.01,4.64,-3.76,-1.43,6,18,19,0,35.2901700,136.2528983,87.40, 0.28
258092,-0.03,-0.15,9.83,1.00,-0.01,0.00,-0.02,0.17,0.96,-2.64,10.61,0.00,0,2,1001.20,40.62,109.97,1001.20,39.28,109.52,0.43,1000.56,38.79,115.20,1.10,1.40,90.88,313.68,7956,0.87,0.52,9.69,1.00,0.03,-0.04,-0.01,4.64,-3.76,-1.43,6,18,19,0,35.2901700,136.2528983,87.40, 0.28
258149,-0.02,-0.12,9.78,1.00,-0.01,0.00,-0.02,0.17,0.96,-2.64,10.60,0.00,0,2,1001.20,40.62,109.94,1001.20,39.28,109.48,0.43,1000.56,38.79,115.20,1.17,1.44,91.32,313.77,7955,0.74,0.85,9.82,1.00,0.03,-0.04,-0.01,4.64,-3.76,-1.43,6,18,19,0,35.2901700,136.2528983,87.40, 0.28
258201,-0.05,-0.15,9.85,1.00,-0.01,0.00,-0.02,0.17,0.96,-2.64,10.59,0.00,0,2,1001.20,40.62,109.94,1001.20,39.26,109.51,0.43,1000.56,38.79,115.19,1.07,1.37,92.46,313.68,7955,0.88,0.74,9.85,1.00,0.03,-0.04,-0.01,4.64,-3.76,-1.43,6,18,19,0,35.2901700,136.2528983,87.40, 0.28
258259,-0.06,-0.14,9.70,1.00,-0.01,0.00,-0.02,0.17,0.96,-2.64,10.59,0.00,0,2,1001.20,40.63,109.95,1001.20,39.27,109.47,0.43,1000.56,38.79,115.20,1.05,1.36,93.16,313.68,7956,0.88,1.03,9.80,1.00,0.03,-0.04,-0.01,4.65,-3.78,-1.44,6,18,19,0,35.2901700,136.2528983,87.40, 0.28
258311,-0.01,-0.08,9.85,1.00,-0.01,0.00,-0.02,0.17,0.96,-2.64,10.59,0.00,0,2,1001.20,40.63,109.97,1001.20,39.26,109.49,0.43,1000.56,38.79,115.19,0.95,1.30,93.43,313.68,7956,0.83,0.63,9.84,1.00,0.03,-0.04,-0.01,4.65,-3.78,-1.43,6,18,19,0,35.2901700,136.2528983,87.40, 0.28
258368,-0.02,-0.13,9.76,1.00,-0.01,0.00,-0.02,0.17,0.96,-2.64,10.60,0.00,0,2,1001.20,40.62,109.97,1001.20,39.28,109.50,0.43,1000.56,38.78,115.20,1.02,1.34,93.96,313.68,7955,0.72,0.78,9.78,1.00,0.03,-0.04,-0.01,4.65,-3.78,-1.43,6,18,19,0,35.2901700,136.2528983,87.40, 0.28
258420,-0.02,-0.22,9.87,1.00,-0.01,0.00,-0.02,0.17,0.96,-2.64,10.60,0.00,0,2,1001.20,40.63,109.97,1001.21,39.28,109.47,0.44,1000.56,38.79,115.19,1.03,1.35,93.96,313.68,7956,0.89,0.77,9.86,1.00,0.03,-0.04,-0.01,4.65,-3.78,-1.43,6,18,19,0,35.2901700,136.2528983,87.40, 0.28
258473,0.00,-0.08,9.81,1.00,-0.01,0.00,-0.02,0.17,0.96,-2.64,10.60,0.00,0,2,1001.20,40.62,109.96,1001.20,39.28,109.52,0.43,1000.56,38.79,115.16,1.17,1.44,93.87,313.68,7956,0.78,0.62,9.81,1.00,0.03,-0.04,-0.01,4.65,-3.78,-1.42,6,18,19,0,35.2901700,136.2528983,87.40, 0.28
258530,-0.06,-0.19,9.82,1.00,-0.01,0.00,-0.02,0.17,0.96,-2.64,10.60,0.00,0,2,1001.20,40.62,109.97,1001.20,39.28,109.50,0.43,1000.56,38.79,115.19,1.15,1.43,93.87,313.68,7955,0.83,0.64,9.79,1.00,0.03,-0.04,-0.01,4.65,-3.78,-1.42,6,18,19,0,35.2901700,136.2528983,87.40, 0.28
258586,-0.04,-0.13,9.80,1.00,-0.01,0.00,-0.02,0.17,0.96,-2.64,10.61,0.00,0,2,1001.20,40.62,109.99,1001.20,39.28,109.51,0.42,1000.56,38.79,115.15,1.25,1.49,93.87,313.68,7955,0.91,0.62,9.76,1.00,0.03,-0.04,-0.01,4.65,-3.78,-1.42,6,18,19,0,35.2901700,136.2528983,87.40, 0.28
258640,-0.04,-0.25,9.70,1.00,-0.01,0.00,-0.02,0.17,0.96,-2.64,10.60,0.00,0,2,1001.20,40.62,109.94,1001.20,39.29,109.48,0.42,1000.57,38.81,115.15,1.32,1.53,93.96,313.68,7955,0.88,0.91,9.82,1.00,0.03,-0.04,-0.01,4.66,-3.78,-1.42,6,18,19,0,35.2901700,136.2528983,87.40, 0.28
258696,-0.02,-0.11,9.79,1.00,-0.01,0.00,-0.02,0.17,0.96,-2.64,10.61,0.00,0,2,1001.20,40.63,109.97,1001.20,39.28,109.49,0.42,1000.56,38.78,115.17,1.33,1.54,94.04,313.68,7955,0.87,0.74,9.79,1.00,0.03,-0.04,-0.01,4.65,-3.80,-1.42,6,18,19,0,35.2901700,136.2528983,87.40, 0.13
258749,-0.04,-0.17,9.84,1.00,-0.01,0.00,-0.02,0.17,0.96,-2.64,10.60,0.00,0,2,1001.21,40.62,109.93,1001.20,39.28,109.52,0.42,1000.56,38.78,115.18,1.32,1.53,94.04,313.68,7955,0.62,0.74,9.90,1.00,0.03,-0.04,-0.01,4.65,-3.80,-1.42,6,18,19,0,35.2901700,136.2528983,87.40, 0.13
258804,-0.05,-0.15,9.73,1.00,-0.01,0.00,-0.02,0.17,0.96,-2.64,10.59,0.00,0,2,1001.21,40.63,109.93,1001.20,39.30,109.51,0.42,1000.56,38.79,115.16,1.28,1.51,94.13,313.68,7955,0.91,0.54,9.69,1.00,0.03,-0.04,-0.01,4.66,-3.80,-1.42,6,18,20,0,35.2901733,136.2528983,87.40, 0.13
258859,-0.02,-0.13,9.78,1.00,-0.01,0.00,-0.02,0.17,0.96,-2.64,10.59,0.00,0,2,1001.20,40.63,109.94,1001.20,39.29,109.49,0.42,1000.56,38.78,115.20,1.37,1.56,94.13,313.68,7956,0.61,0.51,9.74,1.00,0.03,-0.04,-0.01,4.66,-3.80,-1.42,6,18,20,0,35.2901733,136.2528983,87.40, 0.13
258916,-0.07,-0.18,9.77,1.00,-0.01,0.00,-0.02,0.17,0.96,-2.64,10.60,0.00,0,2,1001.20,40.63,109.98,1001.21,39.30,109.47,0.42,1000.56,38.79,115.23,1.35,1.55,94.13,313.68,7956,0.50,0.47,9.79,1.00,0.03,-0.04,-0.01,4.65,-3.80,-1.42,6,18,20,0,35.2901733,136.2528983,87.40, 0.13
258968,-0.11,-0.13,9.80,1.00,-0.01,0.00,-0.02,0.17,0.96,-2.64,10.60,0.00,0,2,1001.20,40.63,109.95,1001.20,39.30,109.50,0.42,1000.56,38.79,115.21,1.32,1.53,94.13,313.68,7956,0.41,0.73,9.95,1.00,0.03,-0.04,-0.01,4.65,-3.80,-1.41,6,18,20,0,35.2901733,136.2528983,87.40, 0.13
259021,0.00,-0.18,9.75,1.00,-0.01,0.00,-0.02,0.17,0.96,-2.64,10.60,0.00,0,2,1001.21,40.64,109.93,1001.20,39.27,109.50,0.42,1000.55,38.79,115.24,1.23,1.48,94.22,313.68,7956,0.91,0.51,9.80,1.00,0.03,-0.04,-0.01,4.64,-3.79,-1.40,6,18,20,0,35.2901733,136.2528983,87.40, 0.13
259077,-0.11,-0.13,9.68,1.00,-0.01,0.00,-0.02,0.17,0.96,-2.64,10.61,0.00,0,2,1001.21,40.63,109.93,1001.20,39.28,109.51,0.42,1000.55,38.79,115.24,1.07,1.37,93.96,313.68,7956,0.77,0.38,9.67,1.00,0.03,-0.04,-0.01,4.64,-3.80,-1.40,6,18,20,0,35.2901733,136.2528983,87.40, 0.13
259132,-0.06,-0.25,9.76,1.00,-0.01,0.00,-0.02,0.17,0.96,-2.64,10.61,0.00,0,2,1001.21,40.64,109.93,1001.20,39.28,109.53,0.42,1000.56,38.79,115.19,1.12,1.41,94.04,313.68,7956,0.79,0.41,9.74,1.00,0.03,-0.04,-0.01,4.64,-3.80,-1.40,6,18,20,0,35.2901733,136.2528983,87.40, 0.13
259187,-0.08,-0.14,9.81,1.00,-0.01,0.00,-0.02,0.17,0.96,-2.64,10.61,0.00,0,2,1001.21,40.64,109.94,1001.20,39.30,109.52,0.42,1000.55,38.79,115.24,1.13,1.42,93.96,313.68,7955,0.79,0.85,9.91,1.00,0.03,-0.04,-0.01,4.64,-3.80,-1.40,6,18,20,0,35.2901733,136.2528983,87.40, 0.13
259242,-0.11,-0.16,9.77,1.00,-0.01,0.00,-0.02,0.17,0.96,-2.64,10.61,0.00,0,2,1001.20,40.64,109.96,1001.20,39.28,109.53,0.42,1000.56,38.80,115.17,1.33,1.54,93.96,313.77,7956,0.89,0.66,9.78,1.00,0.03,-0.04,-0.01,4.65,-3.80,-1.40,6,18,20,0,35.2901733,136.2528983,87.40, 0.13
259297,-0.06,-0.17,9.70,1.00,-0.01,0.00,-0.02,0.17,0.96,-2.64,10.61,0.00,0,2,1001.20,40.64,109.95,1001.20,39.28,109.53,0.42,1000.56,38.78,115.20,1.58,1.67,93.96,313.68,7956,0.80,0.83,9.79,1.00,0.03,-0.04,-0.01,4.66,-3.79,-1.40,6,18,20,0,35.2901733,136.2528983,87.40, 0.13
259350,-0.03,-0.18,9.73,1.00,-0.01,0.00,-0.02,0.17,0.96,-2.64,10.60,0.00,0,2,1001.21,40.63,109.93,1001.20,39.30,109.49,0.42,1000.56,38.79,115.20,1.53,1.65,93.96,313.68,7954,0.80,0.72,9.81,1.00,0.03,-0.04,-0.01,4.66,-3.79,-1.40,6,18,20,0,35.2901733,136.2528983,87.40, 0.13
259406,0.07,-0.16,9.87,1.00,-0.01,0.00,-0.02,0.17,0.96,-2.64,10.60,0.00,0,2,1001.20,40.64,109.96,1001.20,39.30,109.52,0.42,1000.56,38.78,115.18,1.18,1.45,93.96,313.68,7956,0.65,0.50,9.76,1.00,0.03,-0.04,-0.01,4.65,-3.80,-1.40,6,18,20,0,35.2901733,136.2528983,87.40, 0.13
259458,-0.02,-0.18,9.81,1.00,-0.01,0.00,-0.02,0.17,0.96,-2.64,10.60,0.00,0,2,1001.21,40.64,109.92,1001.20,39.29,109.50,0.42,1000.56,38.80,115.21,1.02,1.34,93.96,313.68,7954,0.76,0.75,9.81,1.00,0.03,-0.04,-0.01,4.64,-3.80,-1.40,6,18,20,0,35.2901733,136.2528983,87.40, 0.13
259516,0.00,-0.13,9.83,1.00,-0.01,0.00,-0.02,0.17,0.96,-2.64,10.60,0.00,0,2,1001.20,40.63,109.97,1001.20,39.30,109.52,0.42,1000.56,38.79,115.19,1.17,1.44,94.13,313.68,7953,0.91,0.72,9.78,1.00,0.03,-0.04,-0.01,4.64,-3.80,-1.40,6,18,20,0,35.2901733,136.2528983,87.40, 0.13
259568,-0.07,-0.15,9.86,1.00,-0.01,0.00,-0.02,0.17,0.96,-2.64,10.60,0.00,0,2,1001.21,40.63,109.93,1001.20,39.30,109.52,0.42,1000.56,38.81,115.18,1.08,1.38,94.31,313.68,7953,0.96,0.77,9.84,1.00,0.03,-0.04,-0.01,4.65,-3.80,-1.40,6,18,20,0,35.2901733,136.2528983,87.40, 0.13
259626,-0.03,-0.16,9.78,1.00,-0.01,0.00,-0.02,0.17,0.96,-2.64,10.59,0.00,0,2,1001.21,40.63,109.93,1001.20,39.31,109.52,0.42,1000.56,38.80,115.17,1.00,1.33,94.57,313.68,7956,0.60,0.57,9.75,1.00,0.03,-0.04,-0.01,4.65,-3.80,-1.40,6,18,20,0,35.2901733,136.2528983,87.40, 0.13
259677,-0.10,-0.15,9.78,1.00,-0.01,0.00,-0.02,0.17,0.96,-2.64,10.60,0.00,0,2,1001.20,40.64,109.95,1001.20,39.31,109.49,0.42,1000.56,38.79,115.19,0.97,1.31,94.75,313.68,7956,1.00,0.44,9.68,1.00,0.03,-0.04,-0.01,4.66,-3.80,-1.40,6,18,20,0,35.2901733,136.2528983,87.40, 0.15
259735,-0.04,-0.21,9.81,1.00,-0.01,0.00,-0.02,0.17,0.96,-2.64,10.59,0.00,0,2,1001.20,40.63,109.95,1001.20,39.32,109.49,0.42,1000.56,38.79,115.19,0.95,1.30,94.75,313.68,7955,0.94,0.47,9.77,1.00,0.03,-0.04,-0.01,4.66,-3.80,-1.40,6,18,20,0,35.2901733,136.2528983,87.40, 0.15
259788,0.00,-0.14,9.83,1.00,-0.01,0.00,-0.02,0.17,0.96,-2.64,10.59,0.00,0,2,1001.20,40.63,109.97,1001.20,39.32,109.49,0.42,1000.56,38.79,115.19,1.08,1.38,94.75,313.68,7956,0.88,0.66,9.79,1.00,0.03,-0.04,-0.01,4.66,-3.80,-1.40,6,18,21,0,35.2901750,136.2528950,87.40, 0.15
259845,-0.04,-0.12,9.86,1.00,-0.01,0.00,-0.02,0.17,0.96,-2.64,10.60,0.00,0,2,1001.20,40.63,109.96,1001.20,39.30,109.49,0.42,1000.56,38.78,115.19,1.22,1.47,94.75,313.68,7956,0.68,0.73,9.84,1.00,0.03,-0.04,-0.01,4.66,-3.80,-1.40,6,18,21,0,35.2901750,136.2528950,87.40, 0.15
259897,-0.09,-0.19,9.76,1.00,-0.01,0.00,-0.02,0.17,0.96,-2.64,10.59,0.00,0,2,1001.20,40.63,109.96,1001.20,39.30,109.49,0.42,1000.56,38.80,115.19,1.18,1.45,94.75,313.68,7955,1.02,0.71,9.78,1.00,0.03,-0.04,-0.01,4.66,-3.80,-1.40,6,18,21,0,35.2901750,136.2528950,87.40, 0.15
259955,-0.05,-0.17,9.78,1.00,-0.01,0.00,-0.02,0.17,0.96,-2.64,10.59,0.00,0,2,1001.21,40.63,109.90,1001.20,39.29,109.50,0.42,1000.56,38.79,115.20,0.95,1.30,94.75,313.68,7955,0.67,0.76,9.84,1.00,0.03,-0.04,-0.01,4.66,-3.80,-1.41,6,18,21,0,35.2901750,136.2528950,87.40, 0.15
260007,-0.06,-0.13,9.75,1.00,-0.01,0.00,-0.02,0.17,0.96,-2.64,10.59,0.00,0,2,1001.20,40.63,109.98,1001.20,39.30,109.52,0.43,1000.56,38.79,115.15,0.45,0.89,94.66,313.77,7955,0.71,0.41,9.77,1.00,0.03,-0.04,-0.01,4.66,-3.80,-1.41,6,18,21,0,35.2901750,136.2528950,87.40, 0.15
260064,0.00,-0.18,9.84,1.00,-0.01,0.00,-0.02,0.17,0.96,-2.64,10.60,0.00,0,2,1001.20,40.64,109.96,1001.20,39.32,109.50,0.42,1000.56,38.79,115.21,0.73,1.14,94.75,313.68,7956,0.89,0.87,9.82,1.00,0.03,-0.04,-0.01,4.66,-3.80,-1.41,6,18,21,0,35.2901750,136.2528950,87.40, 0.15
260116,-0.01,-0.15,9.87,1.00,-0.01,0.00,-0.02,0.17,0.96,-2.64,10.60,0.00,0,2,1001.20,40.62,109.97,1001.20,39.30,109.50,0.42,1000.56,38.79,115.19,0.22,0.62,94.66,313.68,7954,0.69,0.67,9.85,1.00,0.03,-0.04,-0.01,4.66,-3.80,-1.41,6,18,21,0,35.2901750,136.2528950,87.40, 0.15
260169,0.00,-0.11,9.86,1.00,-0.01,0.00,-0.02,0.17,0.96,-2.64,10.60,0.00,0,2,1001.20,40.64,109.96,1001.20,39.30,109.52,0.42,1000.56,38.79,115.20,0.52,0.96,94.66,313.68,7955,0.71,0.91,9.86,1.00,0.03,-0.04,-0.01,4.66,-3.80,-1.41,6,18,21,0,35.2901750,136.2528950,87.40, 0.15
260225,-0.01,-0.15,9.82,1.00,-0.01,0.00,-0.02,0.17,0.96,-2.64,10.60,0.00,0,2,1001.20,40.63,109.95,1001.20,39.30,109.48,0.42,1000.56,38.77,115.19,0.25,0.67,94.57,313.68,7955,0.89,0.48,9.75,1.00,0.03,-0.04,-0.01,4.66,-3.80,-1.41,6,18,21,0,35.2901750,136.2528950,87.40, 0.15
260277,-0.04,-0.13,9.84,1.00,-0.01,0.00,-0.02,0.17,0.96,-2.64,10.60,0.00,0,2,1001.21,40.63,109.93,1001.20,39.30,109.51,0.42,1000.56,38.78,115.20,0.42,0.86,94.48,313.68,7956,0.91,0.48,9.74,1.00,0.03,-0.04,-0.01,4.66,-3.80,-1.41,6,18,21,0,35.2901750,136.2528950,87.40, 0.15
260336,-0.05,-0.19,9.77,1.00,-0.01,0.00,-0.02,0.17,0.96,-2.64,10.60,0.00,0,2,1001.21,40.63,109.93,1001.20,39.31,109.48,0.42,1000.56,38.78,115.20,0.45,0.89,94.13,313.68,7956,0.68,0.63,9.73,1.00,0.03,-0.04,-0.01,4.66,-3.80,-1.41,6,18,21,0,35.2901750,136.2528950,87.40, 0.15
260393,0.00,-0.13,9.83,1.00,-0.01,0.00,-0.02,0.17,0.96,-2.64,10.60,0.00,0,2,1001.20,40.62,109.97,1001.20,39.31,109.50,0.42,1000.56,38.79,115.19,0.33,0.77,93.69,313.68,7956,0.73,0.62,9.82,1.00,0.03,-0.04,-0.01,4.66,-3.80,-1.41,6,18,21,0,35.2901750,136.2528950,87.40, 0.15
260444,-0.08,-0.15,9.74,1.00,-0.01,0.00,-0.02,0.17,0.96,-2.64,10.59,0.00,0,2,1001.20,40.64,109.95,1001.20,39.29,109.49,0.42,1000.56,38.80,115.17,0.43,0.88,93.60,313.68,7955,0.85,0.65,9.77,1.00,0.03,-0.04,-0.01,4.66,-3.80,-1.41,6,18,21,0,35.2901750,136.2528950,87.40, 0.15
260499,-0.02,-0.14,9.75,1.00,-0.01,0.00,-0.02,0.17,0.96,-2.64,10.59,0.00,0,2,1001.20,40.63,109.97,1001.20,39.32,109.48,0.42,1000.56,38.80,115.18,0.63,1.06,93.52,313.68,7956,0.80,0.63,9.77,1.00,0.03,-0.04,-0.01,4.66,-3.80,-1.41,6,18,21,0,35.2901750,136.2528950,87.40, 0.15
260554,-0.05,-0.18,9.78,1.00,-0.01,0.00,-0.02,0.17,0.96,-2.64,10.59,0.00,0,2,1001.20,40.63,109.95,1001.20,39.29,109.54,0.42,1000.56,38.79,115.20,0.80,1.19,93.60,313.68,7956,0.79,0.62,9.76,1.00,0.03,-0.04,-0.01,4.66,-3.80,-1.41,6,18,21,0,35.2901750,136.2528950,87.40, 0.15
260612,0.00,-0.16,9.79,1.00,-0.01,0.00,-0.02,0.17,0.96,-2.64,10.60,0.00,0,2,1001.21,40.63,109.93,1001.20,39.30,109.52,0.42,1000.56,38.80,115.15,0.92,1.27,93.60,313.68,7953,0.82,0.64,9.75,1.00,0.03,-0.04,-0.01,4.66,-3.80,-1.41,6,18,21,0,35.2901750,136.2528950,87.40, 0.15
260664,-0.02,-0.14,9.80,1.00,-0.01,0.00,-0.02,0.17,0.96,-2.64,10.60,0.00,0,2,1001.20,40.63,109.95,1001.20,39.30,109.52,0.42,1000.56,38.80,115.15,1.05,1.36,93.60,313.68,7955,0.79,0.69,9.79,1.00,0.03,-0.04,-0.01,4.66,-3.80,-1.41,6,18,21,0,35.2901750,136.2528950,87.40, 0.15
260718,-0.04,-0.21,9.80,1.00,-0.01,0.00,-0.02,0.17,0.96,-2.64,10.60,0.00,0,2,1001.20,40.63,109.97,1001.20,39.31,109.51,0.42,1000.57,38.80,115.14,1.23,1.48,93.60,313.68,7954,0.73,0.81,9.83,1.00,0.03,-0.04,-0.01,4.66,-3.80,-1.41,6,18,21,0,35.2901750,136.2528950,87.40, 0.15
260773,0.00,-0.13,9.83,1.00,-0.01,0.00,-0.02,0.17,0.96,-2.64,10.61,0.00,0,2,1001.20,40.63,109.96,1001.20,39.30,109.52,0.42,1000.57,38.79,115.12,1.25,1.49,93.60,313.68,7955,1.21,0.52,9.72,1.00,0.03,-0.04,-0.01,4.66,-3.80,-1.40,6,18,22,0,35.2901767,136.2528950,87.40, 0.15
260831,0.00,-0.12,9.79,1.00,-0.01,0.00,-0.02,0.17,0.96,-2.64,10.61,0.00,0,2,1001.20,40.63,109.97,1001.20,39.30,109.48,0.42,1000.57,38.80,115.14,1.35,1.55,93.60,313.68,7955,1.01,1.76,10.06,1.00,0.03,-0.04,-0.01,4.66,-3.80,-1.39,6,18,22,0,35.2901767,136.2528950,87.40, 0.15
260884,-0.03,-0.25,9.73,1.00,-0.01,0.00,-0.02,0.17,0.96,-2.64,10.60,0.00,0,2,1001.20,40.63,109.95,1001.20,39.30,109.48,0.42,1000.56,38.81,115.16,1.22,1.47,93.78,313.68,7956,0.82,1.47,9.98,1.00,0.03,-0.04,-0.01,4.66,-3.78,-1.39,6,18,22,0,35.2901767,136.2528950,87.40, 0.15
260937,-0.09,-0.11,9.93,1.00,-0.01,0.00,-0.02,0.17,0.96,-2.64,10.59,0.00,0,2,1001.20,40.64,109.96,1001.20,39.32,109.51,0.42,1000.56,38.79,115.18,1.50,1.63,93.87,313.68,7955,0.77,-0.40,9.52,1.00,0.03,-0.04,-0.01,4.66,-3.76,-1.39,6,18,22,0,35.2901767,136.2528950,87.40, 0.15
260993,-0.02,-0.11,9.90,1.00,-0.01,0.00,-0.02,0.17,0.96,-2.64,10.58,0.00,0,2,1001.20,40.64,109.96,1001.20,39.30,109.50,0.42,1000.56,38.80,115.15,1.63,1.70,94.04,313.68,7955,0.25,0.65,9.78,1.00,0.03,-0.04,-0.01,4.66,-3.80,-1.38,6,18,22,0,35.2901767,136.2528950,87.40, 0.15
261051,-0.02,-0.17,9.84,1.00,-0.01,0.00,-0.02,0.17,0.96,-2.64,10.59,0.00,0,2,1001.21,40.63,109.93,1001.20,39.32,109.49,0.42,1000.57,38.81,115.11,1.37,1.56,94.13,313.68,7956,1.02,-0.71,9.38,1.00,0.03,-0.04,-0.01,4.70,-3.63,-1.33,6,18,22,0,35.2901767,136.2528950,87.40, 0.15
261104,0.06,-0.05,9.69,1.00,-0.01,0.00,-0.02,0.17,0.96,-2.64,10.60,0.00,0,2,1001.20,40.63,109.97,1001.21,39.32,109.47,0.42,1000.48,38.79,115.93,1.35,1.55,94.04,313.59,7955,1.76,-4.36,9.17,1.00,0.03,-0.04,-0.01,4.70,-3.64,-1.30,6,18,22,0,35.2901767,136.2528950,87.40, 0.15
261160,0.08,-0.30,9.71,1.00,-0.01,0.00,-0.02,0.17,0.96,-2.64,10.60,0.00,0,2,1001.21,40.63,109.93,1001.20,39.30,109.50,0.42,1000.55,38.80,115.29,1.40,1.57,95.10,313.24,7955,1.60,-4.64,8.45,1.00,0.03,-0.04,-0.01,4.70,-3.65,-1.35,6,18,22,0,35.2901767,136.2528950,87.40, 0.15
261212,-0.08,-0.14,9.81,1.00,-0.01,0.00,-0.02,0.17,0.96,-2.64,10.60,0.00,0,2,1001.20,40.63,109.97,1001.20,39.31,109.51,0.42,1000.57,38.80,115.13,1.45,1.60,96.06,313.07,7954,1.45,-1.20,9.22,1.00,0.03,-0.04,-0.01,4.70,-3.72,-1.36,6,18,22,0,35.2901767,136.2528950,87.40, 0.15
261266,-0.03,-0.09,9.83,1.00,-0.01,0.00,-0.02,0.17,0.96,-2.64,10.61,0.00,0,2,1001.21,40.63,109.93,1001.20,39.31,109.51,0.42,1000.55,38.79,115.28,1.53,1.65,97.73,312.80,7956,1.48,1.16,10.06,1.00,0.03,-0.04,-0.01,4.70,-3.77,-1.35,6,18,22,0,35.2901767,136.2528950,87.40, 0.15
261323,-0.10,-0.16,9.74,1.00,-0.01,0.00,-0.02,0.17,0.96,-2.64,10.61,0.00,0,2,1001.20,40.62,109.96,1001.20,39.33,109.50,0.42,1000.55,38.79,115.26,1.40,1.57,98.53,312.80,7955,0.41,0.21,9.59,1.00,0.03,-0.04,-0.01,4.70,-3.77,-1.34,6,18,22,0,35.2901767,136.2528950,87.40, 0.15
261378,-0.22,-0.06,9.98,1.00,-0.01,0.00,-0.02,0.17,0.96,-2.64,10.59,0.00,0,2,1001.21,40.62,109.94,1001.20,39.33,109.48,0.42,1000.55,38.80,115.24,1.50,1.63,98.44,312.36,7955,-0.41,0.37,9.83,1.00,0.03,-0.04,-0.01,4.71,-3.77,-1.34,6,18,22,0,35.2901767,136.2528950,87.40, 0.15
261433,-0.13,-0.21,9.70,1.00,-0.01,0.00,-0.02,0.17,0.96,-2.64,10.60,0.00,0,2,1001.20,40.62,109.95,1001.20,39.33,109.49,0.42,1000.55,38.80,115.24,1.50,1.63,98.44,312.28,7955,1.57,1.10,9.79,1.00,0.03,-0.04,-0.01,4.72,-3.77,-1.33,6,18,22,0,35.2901767,136.2528950,87.40, 0.15
261489,-0.06,-0.19,9.79,1.00,-0.01,0.00,-0.02,0.17,0.96,-2.64,10.60,0.00,0,2,1001.20,40.63,109.98,1001.20,39.33,109.50,0.42,1000.56,38.80,115.22,1.52,1.64,98.44,312.28,7956,0.90,0.91,9.85,1.00,0.03,-0.04,-0.01,4.72,-3.77,-1.32,6,18,22,0,35.2901767,136.2528950,87.40, 0.15
261543,-0.01,-0.16,9.80,1.00,-0.01,0.00,-0.02,0.17,0.96,-2.64,10.61,0.00,0,2,1001.20,40.63,109.97,1001.20,39.33,109.52,0.42,1000.56,38.79,115.21,1.53,1.65,98.35,312.28,7955,0.73,1.25,9.99,1.00,0.03,-0.04,-0.01,4.72,-3.78,-1.32,6,18,22,0,35.2901767,136.2528950,87.40, 0.15
261599,0.00,-0.11,9.85,1.00,-0.01,0.00,-0.02,0.17,0.96,-2.64,10.61,0.00,0,2,1001.21,40.63,109.94,1001.20,39.32,109.54,0.42,1000.56,38.80,115.17,1.50,1.63,98.35,312.28,7956,0.99,0.89,9.89,1.00,0.03,-0.04,-0.01,4.72,-3.78,-1.31,6,18,22,0,35.2901767,136.2528950,87.40, 0.15
261653,-0.07,-0.10,9.82,1.00,-0.01,0.00,-0.02,0.17,0.96,-2.64,10.60,0.00,0,2,1001.21,40.64,109.94,1001.20,39.32,109.49,0.42,1000.56,38.80,115.20,1.35,1.55,98.26,312.28,7956,0.89,0.87,9.84,1.00,0.03,-0.04,-0.01,4.72,-3.79,-1.30,6,18,22,0,35.2901767,136.2528950,87.40, 0.11
261710,-0.02,-0.24,9.80,1.00,-0.01,0.00,-0.02,0.17,0.96,-2.64,10.60,0.00,0,2,1001.21,40.63,109.93,1001.20,39.34,109.53,0.42,1000.56,38.81,115.19,1.32,1.53,98.26,312.19,7956,1.01,1.15,9.88,1.00,0.03,-0.04,-0.01,4.72,-3.79,-1.28,6,18,22,0,35.2901767,136.2528950,87.40, 0.11
261761,0.00,-0.18,9.80,1.00,-0.01,0.00,-0.02,0.17,0.96,-2.64,10.60,0.00,0,2,1001.20,40.62,109.97,1001.20,39.34,109.51,0.42,1000.56,38.80,115.20,1.32,1.53,98.26,312.28,7955,1.11,0.36,9.66,1.00,0.03,-0.04,-0.01,4.72,-3.79,-1.29,6,18,23,0,35.2901783,136.2528950,87.40, 0.11
261814,0.00,-0.09,9.79,1.00,-0.01,0.00,-0.02,0.17,0.96,-2.64,10.61,0.00,0,2,1001.20,40.63,109.98,1001.20,39.34,109.53,0.42,1000.56,38.79,115.21,1.58,1.67,98.35,312.19,7955,0.93,0.29,9.68,1.00,0.03,-0.04,-0.01,4.72,-3.79,-1.29,6,18,23,0,35.2901783,136.2528950,87.40, 0.11
261871,-0.10,-0.18,9.75,1.00,-0.01,0.00,-0.02,0.17,0.96,-2.64,10.60,0.00,0,2,1001.20,40.63,109.98,1001.21,39.35,109.48,0.42,1000.56,38.78,115.22,1.60,1.68,98.26,312.19,7955,0.59,0.32,9.70,1.00,0.03,-0.04,-0.01,4.73,-3.81,-1.26,6,18,23,0,35.2901783,136.2528950,87.40, 0.11
261922,-0.16,-0.21,9.85,1.00,-0.01,0.00,-0.02,0.17,0.96,-2.64,10.60,0.00,0,2,1001.20,40.63,109.98,1001.20,39.33,109.50,0.42,1000.56,38.79,115.23,1.22,1.47,98.17,312.19,7955,0.63,0.42,9.74,1.00,0.03,-0.04,-0.01,4.73,-3.81,-1.26,6,18,23,0,35.2901783,136.2528950,87.40, 0.11
261979,-0.13,-0.06,9.85,1.00,-0.01,0.00,-0.02,0.17,0.96,-2.64,10.60,0.00,0,2,1001.20,40.63,109.97,1001.20,39.34,109.53,0.42,1000.56,38.80,115.20,1.32,1.53,98.17,312.19,7955,1.03,0.84,9.86,1.00,0.03,-0.04,-0.01,4.72,-3.81,-1.28,6,18,23,0,35.2901783,136.2528950,87.40, 0.11
262032,0.00,-0.27,9.72,1.00,-0.01,0.00,-0.02,0.17,0.96,-2.64,10.61,0.00,0,2,1001.21,40.63,109.94,1001.20,39.33,109.50,0.42,1000.56,38.81,115.18,1.33,1.54,98.44,312.19,7956,0.50,1.04,10.02,1.00,0.03,-0.04,-0.01,4.73,-3.80,-1.25,6,18,23,0,35.2901783,136.2528950,87.40, 0.11
262089,0.06,-0.13,9.88,1.00,-0.01,0.00,-0.02,0.17,0.96,-2.64,10.60,0.00,0,2,1001.20,40.63,109.97,1001.20,39.33,109.53,0.42,1000.56,38.79,115.23,1.43,1.59,98.61,312.19,7956,0.37,0.80,9.86,1.00,0.03,-0.04,-0.01,4.73,-3.81,-1.25,6,18,23,0,35.2901783,136.2528950,87.40, 0.11
262141,0.02,-0.24,9.74,1.00,-0.01,0.00,-0.02,0.17,0.96,-2.64,10.60,0.00,0,2,1001.20,40.63,109.95,1001.20,39.33,109.50,0.42,1000.55,38.79,115.25,1.30,1.52,98.61,312.19,7955,1.19,0.66,9.67,1.00,0.03,-0.04,-0.01,4.73,-3.82,-1.27,6,18,23,0,35.2901783,136.2528950,87.40, 0.11
262197,-0.09,-0.11,9.88,1.00,-0.01,0.00,-0.02,0.17,0.96,-2.64,10.61,0.00,0,2,1001.21,40.63,109.93,1001.20,39.35,109.52,0.42,1000.56,38.79,115.19,1.47,1.61,98.61,312.19,7955,0.63,0.22,9.73,1.00,0.03,-0.04,-0.01,4.73,-3.82,-1.25,6,18,23,0,35.2901783,136.2528950,87.40, 0.11
262250,-0.05,-0.09,9.85,1.00,-0.01,0.00,-0.02,0.17,0.96,-2.64,10.60,0.00,0,2,1001.20,40.63,109.98,1001.20,39.34,109.53,0.42,1000.56,38.79,115.19,1.45,1.60,98.70,312.19,7955,0.52,0.24,9.68,1.00,0.03,-0.04,-0.01,4.73,-3.82,-1.23,6,18,23,0,35.2901783,136.2528950,87.40, 0.11
262308,-0.08,-0.14,9.76,1.00,-0.01,0.00,-0.02,0.17,0.96,-2.64,10.60,0.00,0,2,1001.20,40.65,109.95,1001.20,39.34,109.54,0.42,1000.56,38.80,115.22,1.42,1.58,98.70,312.19,7956,0.49,0.58,9.82,1.00,0.03,-0.04,-0.01,4.73,-3.83,-1.23,6,18,23,0,35.2901783,136.2528950,87.40, 0.11
262360,0.00,-0.18,9.74,1.00,-0.01,0.00,-0.02,0.17,0.96,-2.64,10.62,0.00,0,2,1001.20,40.63,109.98,1001.20,39.34,109.51,0.42,1000.56,38.80,115.20,1.37,1.56,98.70,312.19,7955,0.80,0.76,9.78,1.00,0.03,-0.04,-0.01,4.73,-3.85,-1.22,6,18,23,0,35.2901783,136.2528950,87.40, 0.11
262414,0.04,-0.19,9.79,1.00,-0.01,0.00,-0.02,0.17,0.96,-2.64,10.62,0.00,0,2,1001.20,40.64,109.98,1001.20,39.34,109.53,0.42,1000.56,38.81,115.18,1.22,1.47,98.61,312.19,7955,0.88,0.45,9.66,1.00,0.03,-0.04,-0.01,4.73,-3.85,-1.22,6,18,23,0,35.2901783,136.2528950,87.40, 0.11
262470,0.00,-0.22,9.80,1.00,-0.01,0.00,-0.02,0.17,0.96,-2.64,10.61,0.00,0,2,1001.20,40.63,109.95,1001.20,39.34,109.52,0.42,1000.57,38.81,115.13,1.27,1.50,98.61,312.19,7956,0.38,0.51,9.85,1.00,0.03,-0.04,-0.01,4.73,-3.84,-1.23,6,18,23,0,35.2901783,136.2528950,87.40, 0.11
262528,0.02,-0.14,9.83,1.00,-0.01,0.00,-0.02,0.17,0.96,-2.64,10.60,0.00,0,2,1001.20,40.63,109.95,1001.20,39.35,109.54,0.42,1000.56,38.80,115.18,1.37,1.56,98.61,312.19,7955,0.62,0.50,9.83,1.00,0.03,-0.04,-0.01,4.73,-3.84,-1.23,6,18,23,0,35.2901783,136.2528950,87.40, 0.11
262581,-0.07,-0.08,9.82,1.00,-0.01,0.00,-0.02,0.17,0.96,-2.64,10.59,0.00,0,2,1001.20,40.64,109.96,1001.20,39.35,109.52,0.42,1000.57,38.80,115.15,1.32,1.53,98.44,312.19,7956,0.60,0.70,9.86,1.00,0.03,-0.04,-0.01,4.73,-3.84,-1.24,6,18,23,0,35.2901783,136.2528950,87.40, 0.11
262637,-0.11,-0.17,9.83,1.00,-0.01,0.00,-0.02,0.17,0.96,-2.64,10.58,0.00,0,2,1001.21,40.64,109.94,1001.20,39.34,109.55,0.42,1000.56,38.80,115.22,1.33,1.54,98.26,312.19,7956,0.73,1.01,9.88,1.00,0.03,-0.04,-0.01,4.72,-3.83,-1.23,6,18,23,0,35.2901783,136.2528950,87.40, 0.11
262690,-0.09,-0.15,9.76,1.00,-0.01,0.00,-0.02,0.17,0.96,-2.64,10.59,0.00,0,2,1001.21,40.64,109.94,1001.20,39.34,109.51,0.42,1000.56,38.78,115.22,1.35,1.55,98.26,312.19,7955,0.68,0.81,9.83,1.00,0.03,-0.04,-0.01,4.72,-3.83,-1.22,6,18,23,0,35.2901783,136.2528950,87.40, 0.11
262745,-0.04,-0.12,9.79,1.00,-0.01,0.00,-0.02,0.17,0.96,-2.64,10.61,0.00,0,2,1001.20,40.63,109.95,1001.20,39.35,109.55,0.42,1000.55,38.79,115.28,1.42,1.58,98.17,312.19,7956,1.00,0.88,9.83,1.00,0.03,-0.04,-0.01,4.72,-3.83,-1.22,6,18,23,0,35.2901783,136.2528950,87.40, 0.11
262799,-0.05,-0.19,9.80,1.00,-0.01,0.00,-0.02,0.17,0.96,-2.64,10.61,0.00,0,2,1001.20,40.63,109.95,1001.20,39.34,109.53,0.42,1000.56,38.79,115.22,1.32,1.53,98.17,312.19,7956,0.71,0.40,9.73,1.00,0.03,-0.04,-0.01,4.72,-3.82,-1.21,6,18,23,0,35.2901783,136.2528950,87.40, 0.11
262850,0.01,-0.17,9.79,1.00,-0.01,0.00,-0.02,0.17,0.96,-2.64,10.61,0.00,0,2,1001.20,40.65,109.97,1001.20,39.35,109.52,0.42,1000.56,38.81,115.20,1.35,1.55,98.26,312.19,7955,0.62,0.41,9.71,1.00,0.03,-0.04,-0.01,4.72,-3.83,-1.21,6,18,23,0,35.2901783,136.2528950,87.40, 0.11
262908,0.00,-0.16,9.80,1.00,-0.01,0.00,-0.02,0.17,0.96,-2.64,10.61,0.00,0,2,1001.20,40.63,109.97,1001.20,39.35,109.54,0.42,1000.56,38.78,115.20,1.33,1.54,98.26,312.19,7955,0.89,0.47,9.67,1.00,0.03,-0.04,-0.01,4.72,-3.83,-1.21,6,18,23,0,35.2901783,136.2528950,87.40, 0.11
262959,-0.01,-0.14,9.84,1.00,-0.01,0.00,-0.02,0.17,0.96,-2.64,10.60,0.00,0,2,1001.21,40.63,109.92,1001.20,39.36,109.52,0.42,1000.56,38.82,115.18,1.25,1.49,98.44,312.19,7955,0.48,0.88,9.87,1.00,0.03,-0.04,-0.01,4.73,-3.83,-1.20,6,18,23,0,35.2901783,136.2528950,87.40, 0.11
263013,0.00,-0.16,9.77,1.00,-0.01,0.00,-0.02,0.17,0.96,-2.64,10.60,0.00,0,2,1001.20,40.64,109.96,1001.20,39.36,109.52,0.42,1000.56,38.80,115.20,1.00,1.33,98.61,312.19,7955,0.68,0.74,9.83,1.00,0.03,-0.04,-0.01,4.72,-3.83,-1.20,6,18,23,0,35.2901783,136.2528950,87.40, 0.11
263068,-0.08,-0.14,9.83,1.00,-0.01,0.00,-0.02,0.17,0.96,-2.64,10.60,0.00,0,2,1001.20,40.63,109.97,1001.21,39.35,109.49,0.42,1000.56,38.80,115.22,0.88,1.25,98.79,312.19,7956,0.87,0.77,9.84,1.00,0.03,-0.04,-0.01,4.72,-3.83,-1.20,6,18,23,0,35.2901783,136.2528950,87.40, 0.11
263126,-0.07,-0.18,9.70,1.00,-0.01,0.00,-0.02,0.17,0.96,-2.64,10.61,0.00,0,2,1001.20,40.63,109.97,1001.20,39.35,109.52,0.42,1000.55,38.79,115.24,0.87,1.24,98.70,312.19,7954,0.82,0.74,9.77,1.00,0.03,-0.04,-0.01,4.72,-3.83,-1.19,6,18,23,0,35.2901783,136.2528950,87.40, 0.11
263178,-0.01,-0.19,9.81,1.00,-0.01,0.00,-0.02,0.17,0.96,-2.64,10.61,0.00,0,2,1001.20,40.64,109.96,1001.20,39.36,109.55,0.42,1000.56,38.80,115.20,0.87,1.24,98.70,312.19,7955,0.61,0.46,9.79,1.00,0.03,-0.04,-0.01,4.72,-3.83,-1.19,6,18,23,0,35.2901783,136.2528950,87.40, 0.11
263231,-0.01,-0.15,9.76,1.00,-0.01,0.00,-0.02,0.17,0.96,-2.64,10.61,0.00,0,2,1001.20,40.64,109.96,1001.20,39.36,109.53,0.41,1000.56,38.80,115.24,1.00,1.33,98.70,312.19,7956,0.73,0.53,9.77,1.00,0.03,-0.04,-0.01,4.72,-3.83,-1.18,6,18,23,0,35.2901783,136.2528950,87.40, 0.11
263288,-0.03,-0.15,9.74,1.00,-0.01,0.00,-0.02,0.17,0.96,-2.64,10.60,0.00,0,2,1001.20,40.64,109.96,1001.20,39.36,109.50,0.42,1000.56,38.81,115.18,1.05,1.36,98.88,312.19,7956,0.94,0.54,9.74,1.00,0.03,-0.04,-0.01,4.71,-3.83,-1.17,6,18,23,0,35.2901783,136.2528950,87.40, 0.11
263343,-0.07,-0.14,9.79,1.00,-0.01,0.00,-0.02,0.17,0.96,-2.64,10.60,0.00,0,2,1001.21,40.65,109.92,1001.20,39.36,109.52,0.42,1000.56,38.80,115.22,0.88,1.25,98.88,312.19,7955,0.95,0.67,9.84,1.00,0.03,-0.04,-0.01,4.72,-3.83,-1.17,6,18,23,0,35.2901783,136.2528950,87.40, 0.11
263397,0.01,-0.13,9.77,1.00,-0.01,0.00,-0.02,0.17,0.96,-2.64,10.60,0.00,0,2,1001.20,40.63,109.98,1001.20,39.36,109.55,0.42,1000.56,38.80,115.20,0.88,1.25,98.88,312.19,7956,0.66,0.74,9.72,1.00,0.03,-0.04,-0.01,4.72,-3.83,-1.17,6,18,23,0,35.2901783,136.2528950,87.40, 0.11
263451,-0.01,-0.06,9.92,1.00,-0.01,0.00,-0.02,0.17,0.96,-2.64,10.60,0.00,0,2,1001.20,40.65,109.96,1001.20,39.35,109.51,0.42,1000.56,38.79,115.21,1.02,1.34,98.61,312.19,7956,1.05,0.71,9.76,1.00,0.03,-0.04,-0.01,4.71,-3.83,-1.17,6,18,23,0,35.2901783,136.2528950,87.40, 0.11
263508,-0.09,-0.27,9.77,1.00,-0.01,0.00,-0.02,0.17,0.96,-2.64,10.59,0.00,0,2,1001.21,40.64,109.91,1001.21,39.37,109.51,0.42,1000.56,38.80,115.17,0.80,1.19,98.61,312.19,7956,0.97,0.56,9.73,1.00,0.03,-0.04,-0.01,4.71,-3.82,-1.17,6,18,23,0,35.2901783,136.2528950,87.40, 0.11
263562,0.00,-0.09,9.86,1.00,-0.01,0.00,-0.02,0.17,0.96,-2.64,10.58,0.00,0,2,1001.20,40.64,109.96,1001.20,39.37,109.51,0.42,1000.56,38.81,115.16,0.67,1.09,98.61,312.19,7955,0.82,0.55,9.75,1.00,0.03,-0.04,-0.01,4.71,-3.83,-1.17,6,18,23,0,35.2901783,136.2528950,87.40, 0.11
263617,-0.08,-0.21,9.76,1.00,-0.01,0.00,-0.02,0.17,0.96,-2.64,10.59,0.00,0,2,1001.21,40.65,109.94,1001.20,39.38,109.52,0.42,1000.56,38.79,115.17,0.60,1.03,98.61,312.19,7956,0.84,0.69,9.84,1.00,0.03,-0.04,-0.01,4.71,-3.83,-1.17,6,18,24,0,35.2901800,136.2528933,87.40, 0.02
263672,-0.20,-0.19,9.72,1.00,-0.01,0.00,-0.02,0.17,0.96,-2.64,10.60,0.00,0,2,1001.20,40.66,109.95,1001.20,39.37,109.51,0.42,1000.56,38.79,115.15,0.63,1.06,98.53,312.19,7955,0.95,0.57,9.80,1.00,0.03,-0.04,-0.01,4.71,-3.84,-1.17,6,18,24,0,35.2901800,136.2528933,87.40, 0.02
263728,-0.04,-0.21,9.75,1.00,-0.01,0.00,-0.02,0.17,0.96,-2.64,10.59,0.00,0,2,1001.21,40.65,109.94,1001.21,39.37,109.53,0.42,1000.56,38.80,115.17,0.78,1.18,98.53,312.19,7954,0.80,0.78,9.86,1.00,0.03,-0.04,-0.01,4.71,-3.84,-1.17,6,18,24,0,35.2901800,136.2528933,87.40, 0.02
263784,-0.03,-0.22,9.78,1.00,-0.01,0.00,-0.02,0.17,0.96,-2.64,10.59,0.00,0,2,1001.20,40.64,109.95,1001.20,39.36,109.54,0.42,1000.56,38.81,115.20,0.38,0.82,98.53,312.19,7955,0.68,0.95,9.94,1.00,0.03,-0.04,-0.01,4.71,-3.84,-1.17,6,18,24,0,35.2901800,136.2528933,87.40, 0.02
263837,0.03,-0.08,9.96,1.00,-0.01,0.00,-0.02,0.17,0.96,-2.64,10.60,0.00,0,2,1001.20,40.65,109.95,1001.20,39.36,109.52,0.42,1000.57,38.82,115.16,0.73,1.14,98.44,312.19,7956,0.92,0.35,9.73,1.00,0.03,-0.04,-0.01,4.71,-3.84,-1.17,6,18,24,0,35.2901800,136.2528933,87.40, 0.02
263891,-0.08,-0.22,9.57,1.00,-0.01,0.00,-0.02,0.17,0.96,-2.64,10.60,0.00,0,2,1001.21,40.65,109.94,1001.20,39.37,109.51,0.42,1000.56,38.80,115.17,0.48,0.92,98.35,312.19,7955,0.80,0.41,9.78,1.00,0.03,-0.04,-0.01,4.71,-3.84,-1.17,6,18,24,0,35.2901800,136.2528933,87.40, 0.02
263946,-0.05,-0.13,9.82,1.00,-0.01,0.00,-0.02,0.17,0.96,-2.64,10.60,0.00,0,2,1001.20,40.65,109.95,1001.20,39.36,109.48,0.42,1000.56,38.81,115.18,0.40,0.84,98.17,312.19,7955,0.68,0.47,9.74,1.00,0.03,-0.04,-0.01,4.71,-3.84,-1.17,6,18,24,0,35.2901800,136.2528933,87.40, 0.02
264003,-0.08,-0.21,9.76,1.00,-0.01,0.00,-0.02,0.17,0.96,-2.64,10.59,0.00,0,2,1001.20,40.63,109.97,1001.20,39.37,109.53,0.42,1000.56,38.81,115.20,0.52,0.96,98.17,312.19,7954,0.91,0.85,9.81,1.00,0.03,-0.04,-0.01,4.71,-3.84,-1.17,6,18,24,0,35.2901800,136.2528933,87.40, 0.02
264057,-0.10,-0.13,9.74,1.00,-0.01,0.00,-0.02,0.17,0.96,-2.64,10.60,0.00,0,2,1001.20,40.63,109.97,1001.20,39.37,109.53,0.42,1000.56,38.80,115.17,0.68,1.10,98.17,312.19,7955,0.88,0.71,9.75,1.00,0.03,-0.04,-0.01,4.71,-3.84,-1.17,6,18,24,0,35.2901800,136.2528933,87.40, 0.02
264109,0.04,-0.09,9.80,1.00,-0.01,0.00,-0.02,0.17,0.96,-2.64,10.60,0.00,0,2,1001.20,40.65,109.95,1001.20,39.37,109.51,0.42,1000.56,38.81,115.18,0.40,0.84,98.17,312.19,7955,0.85,0.77,9.79,1.00,0.03,-0.04,-0.01,4.71,-3.84,-1.17,6,18,24,0,35.2901800,136.2528933,87.40, 0.02
264165,-0.04,-0.15,9.89,1.00,-0.01,0.00,-0.02,0.17,0.96,-2.64,10.60,0.00,0,2,1001.20,40.64,109.94,1001.20,39.36,109.55,0.42,1000.56,38.82,115.16,0.55,0.99,98.17,312.19,7955,0.96,0.90,9.83,1.00,0.03,-0.04,-0.01,4.71,-3.84,-1.17,6,18,24,0,35.2901800,136.2528933,87.40, 0.02
264219,-0.08,-0.10,9.85,1.00,-0.01,0.00,-0.02,0.17,0.96,-2.64,10.58,0.00,0,2,1001.21,40.64,109.89,1001.20,39.37,109.53,0.42,1000.57,38.81,115.14,0.58,1.02,98.17,312.19,7955,0.71,0.61,9.89,1.00,0.03,-0.04,-0.01,4.71,-3.84,-1.17,6,18,24,0,35.2901800,136.2528933,87.40, 0.02
264276,-0.01,-0.15,9.82,1.00,-0.01,0.00,-0.02,0.17,0.96,-2.64,10.57,0.00,0,2,1001.21,40.64,109.91,1001.20,39.38,109.52,0.42,1000.56,38.81,115.16,0.33,0.77,98.17,312.19,7956,0.80,0.56,9.73,1.00,0.03,-0.04,-0.01,4.71,-3.84,-1.17,6,18,24,0,35.2901800,136.2528933,87.40, 0.02
264333,0.00,-0.13,9.87,1.00,-0.01,0.00,-0.02,0.17,0.96,-2.64,10.58,0.00,0,2,1001.20,40.64,109.96,1001.20,39.37,109.53,0.42,1000.57,38.82,115.14,0.58,1.02,98.26,312.19,7955,0.75,0.18,9.78,1.00,0.03,-0.04,-0.01,4.71,-3.83,-1.17,6,18,24,0,35.2901800,136.2528933,87.40, 0.02
264386,0.12,-0.10,10.04,1.00,-0.01,0.00,-0.02,0.17,0.96,-2.64,10.59,0.00,0,2,1001.21,40.64,109.94,1001.20,39.38,109.51,0.42,1000.56,38.81,115.16,0.48,0.92,98.26,312.19,7955,0.85,0.38,9.72,1.00,0.03,-0.04,-0.01,4.71,-3.82,-1.17,6,18,24,0,35.2901800,136.2528933,87.40, 0.02
264442,0.03,-0.17,9.73,1.00,-0.01,0.00,-0.02,0.17,0.96,-2.64,10.60,0.00,0,2,1001.20,40.64,109.96,1001.20,39.38,109.54,0.42,1000.57,38.81,115.13,0.70,1.11,98.26,312.19,7956,0.95,0.51,9.72,1.00,0.03,-0.04,-0.01,4.71,-3.82,-1.17,6,18,24,0,35.2901800,136.2528933,87.40, 0.02
264496,0.00,-0.17,9.88,1.00,-0.01,0.00,-0.02,0.17,0.96,-2.64,10.60,0.00,0,2,1001.20,40.64,109.95,1001.20,39.37,109.52,0.41,1000.57,38.81,115.15,0.68,1.10,98.09,312.19,7956,0.89,0.47,9.74,1.00,0.03,-0.04,-0.01,4.71,-3.82,-1.17,6,18,24,0,35.2901800,136.2528933,87.40, 0.02
264555,-0.06,-0.15,9.79,1.00,-0.01,0.00,-0.02,0.17,0.96,-2.64,10.60,0.00,0,2,1001.21,40.64,109.93,1001.21,39.38,109.50,0.42,1000.56,38.81,115.16,0.58,1.02,98.17,312.19,7956,0.83,0.86,9.84,1.00,0.03,-0.04,-0.01,4.71,-3.82,-1.17,6,18,24,0,35.2901800,136.2528933,87.40, 0.02
264606,-0.09,-0.16,9.79,1.00,-0.01,0.00,-0.02,0.17,0.96,-2.64,10.59,0.00,0,2,1001.21,40.64,109.92,1001.21,39.38,109.48,0.42,1000.57,38.80,115.13,0.33,0.77,98.09,312.19,7956,0.88,0.69,9.75,1.00,0.03,-0.04,-0.01,4.71,-3.82,-1.17,6,18,24,0,35.2901800,136.2528933,87.40, 0.02
264659,-0.04,-0.20,9.79,1.00,-0.01,0.00,-0.02,0.17,0.96,-2.64,10.58,0.00,0,2,1001.21,40.65,109.94,1001.20,39.38,109.52,0.42,1000.57,38.82,115.14,0.33,0.77,98.09,312.19,7956,0.76,0.67,9.84,1.00,0.03,-0.04,-0.01,4.71,-3.82,-1.17,6,18,24,0,35.2901800,136.2528933,87.40, 0.02
264715,-0.02,-0.16,9.80,1.00,-0.01,0.00,-0.02,0.17,0.96,-2.64,10.58,0.00,0,2,1001.20,40.64,109.95,1001.20,39.37,109.50,0.42,1000.57,38.81,115.15,0.55,0.99,98.09,312.19,7955,0.77,0.51,9.75,1.00,0.03,-0.04,-0.01,4.71,-3.82,-1.17,6,18,25,0,35.2901817,136.2528917,87.40, 0.32
264772,0.02,-0.12,9.83,1.00,-0.01,0.00,-0.02,0.17,0.96,-2.64,10.59,0.00,0,2,1001.20,40.65,109.95,1001.20,39.38,109.52,0.42,1000.57,38.81,115.14,0.37,0.81,98.09,312.19,7955,0.76,0.79,9.81,1.00,0.03,-0.04,-0.01,4.71,-3.82,-1.17,6,18,25,0,35.2901817,136.2528917,87.40, 0.32
264826,0.00,-0.10,9.82,1.00,-0.01,0.00,-0.02,0.17,0.96,-2.64,10.59,0.00,0,2,1001.20,40.64,109.95,1001.20,39.38,109.51,0.42,1000.57,38.80,115.15,0.37,0.81,98.09,312.19,7955,0.82,0.52,9.80,1.00,0.03,-0.04,-0.01,4.71,-3.82,-1.17,6,18,26,0,35.2901833,136.2528900,87.40, 0.32
264881,-0.02,-0.22,9.81,1.00,-0.01,0.00,-0.02,0.17,0.96,-2.64,10.60,0.00,0,2,1001.21,40.65,109.92,1001.21,39.40,109.49,0.42,1000.57,38.81,115.13,0.38,0.82,98.09,312.19,7955,0.67,0.73,9.82,1.00,0.03,-0.04,-0.01,4.71,-3.82,-1.17,6,18,26,0,35.2901833,136.2528900,87.40, 0.32
264935,-0.06,-0.14,9.76,1.00,-0.01,0.00,-0.02,0.17,0.96,-2.64,10.60,0.00,0,2,1001.21,40.65,109.94,1001.20,39.39,109.54,0.42,1000.57,38.81,115.14,0.57,1.00,98.09,312.19,7956,0.84,0.73,9.81,1.00,0.03,-0.04,-0.01,4.71,-3.82,-1.17,6,18,26,0,35.2901833,136.2528900,87.40, 0.32
264992,0.00,-0.07,9.78,1.00,-0.01,0.00,-0.02,0.17,0.96,-2.64,10.59,0.00,0,2,1001.20,40.65,109.95,1001.21,39.39,109.54,0.42,1000.57,38.81,115.13,0.30,0.73,98.17,312.19,7955,0.82,0.49,9.75,1.00,0.03,-0.04,-0.01,4.71,-3.82,-1.17,6,18,26,0,35.2901833,136.2528900,87.40, 0.32
265046,-0.04,-0.22,9.79,1.00,-0.01,0.00,-0.02,0.17,0.96,-2.64,10.59,0.00,0,2,1001.20,40.64,109.95,1001.20,39.39,109.54,0.42,1000.57,38.82,115.14,0.43,0.88,98.17,312.19,7956,0.78,0.64,9.81,1.00,0.03,-0.04,-0.01,4.71,-3.82,-1.17,6,18,26,0,35.2901833,136.2528900,87.40, 0.32
265103,0.00,-0.13,9.77,1.00,-0.01,0.00,-0.02,0.17,0.96,-2.64,10.60,0.00,0,2,1001.20,40.63,109.95,1001.21,39.40,109.49,0.42,1000.56,38.79,115.19,0.18,0.57,98.26,312.19,7957,0.84,0.61,9.76,1.00,0.03,-0.04,-0.01,4.71,-3.82,-1.17,6,18,26,0,35.2901833,136.2528900,87.40, 0.32
265154,-0.05,-0.15,9.81,1.00,-0.01,0.00,-0.02,0.17,0.96,-2.64,10.60,0.00,0,2,1001.21,40.64,109.94,1001.21,39.39,109.50,0.42,1000.57,38.81,115.15,0.72,1.13,98.26,312.19,7956,0.77,0.64,9.79,1.00,0.03,-0.04,-0.01,4.71,-3.82,-1.17,6,18,26,0,35.2901833,136.2528900,87.40, 0.32
265211,-0.08,-0.13,9.78,1.00,-0.01,0.00,-0.02,0.17,0.96,-2.64,10.60,0.00,0,2,1001.20,40.65,109.95,1001.21,39.39,109.50,0.42,1000.56,38.80,115.17,0.73,1.14,98.26,312.19,7956,0.87,0.64,9.80,1.00,0.03,-0.04,-0.01,4.71,-3.82,-1.17,6,18,26,0,35.2901833,136.2528900,87.40, 0.32
265265,-0.03,-0.14,9.84,1.00,-0.01,0.00,-0.02,0.17,0.96,-2.64,10.60,0.00,0,2,1001.19,40.64,110.13,1001.20,39.38,109.55,0.42,1000.57,38.82,115.14,0.85,1.23,98.26,312.19,7955,0.81,0.70,9.80,1.00,0.03,-0.04,-0.01,4.71,-3.82,-1.17,6,18,26,0,35.2901833,136.2528900,87.40, 0.32
265322,-0.06,-0.24,9.67,1.00,-0.01,0.00,-0.02,0.17,0.96,-2.64,10.60,0.00,0,2,1001.20,40.65,109.95,1001.21,39.38,109.48,0.42,1000.56,38.81,115.18,0.70,1.11,98.26,312.19,7956,0.74,0.62,9.78,1.00,0.03,-0.04,-0.01,4.71,-3.82,-1.17,6,18,26,0,35.2901833,136.2528900,87.40, 0.32
265373,0.00,-0.17,9.66,1.00,-0.01,0.00,-0.02,0.17,0.96,-2.64,10.62,0.00,0,2,1001.21,40.65,109.93,1001.20,39.39,109.54,0.42,1000.56,38.81,115.20,0.92,1.27,98.26,312.19,7954,0.79,0.65,9.77,1.00,0.03,-0.04,-0.01,4.71,-3.82,-1.17,6,18,26,0,35.2901833,136.2528900,87.40, 0.32
265430,0.04,-0.17,9.85,1.00,-0.01,0.00,-0.02,0.17,0.96,-2.64,10.60,0.00,0,2,1001.21,40.64,109.91,1001.20,39.39,109.53,0.42,1000.56,38.82,115.16,0.98,1.32,98.17,312.19,7955,0.77,0.60,9.81,1.00,0.03,-0.04,-0.01,4.71,-3.82,-1.17,6,18,26,0,35.2901833,136.2528900,87.40, 0.32
265484,-0.04,-0.14,9.78,1.00,-0.01,0.00,-0.02,0.17,0.96,-2.64,10.61,0.00,0,2,1001.21,40.64,109.93,1001.20,39.40,109.55,0.42,1000.56,38.82,115.17,0.93,1.29,98.17,312.19,7955,0.82,0.69,9.79,1.00,0.03,-0.04,-0.01,4.71,-3.82,-1.17,6,18,26,0,35.2901833,136.2528900,87.40, 0.32
265540,-0.09,-0.15,9.91,1.00,-0.01,0.00,-0.02,0.17,0.96,-2.64,10.61,0.00,0,2,1001.21,40.64,109.94,1001.20,39.40,109.53,0.42,1000.56,38.81,115.19,0.62,1.04,98.79,312.19,7954,0.84,0.64,9.77,1.00,0.03,-0.04,-0.01,4.71,-3.82,-1.17,6,18,26,0,35.2901833,136.2528900,87.40, 0.32
265593,-0.05,-0.10,9.91,1.00,-0.01,0.00,-0.02,0.17,0.96,-2.64,10.61,0.00,0,2,1001.21,40.66,109.91,1001.20,39.40,109.52,0.42,1000.56,38.81,115.16,0.62,1.04,99.67,312.19,7956,0.84,0.63,9.77,1.00,0.03,-0.04,-0.01,4.71,-3.82,-1.17,6,18,26,0,35.2901833,136.2528900,87.40, 0.32
265652,-0.10,-0.13,9.72,1.00,-0.01,0.00,-0.02,0.17,0.96,-2.64,10.61,0.00,0,2,1001.20,40.65,109.95,1001.20,39.38,109.55,0.42,1000.56,38.80,115.17,0.53,0.97,99.67,312.19,7955,0.81,0.69,9.79,1.00,0.03,-0.04,-0.01,4.71,-3.82,-1.17,6,18,26,0,35.2901833,136.2528900,87.40, 0.32
265703,0.01,-0.18,9.84,1.00,-0.01,0.00,-0.02,0.17,0.96,-2.64,10.61,0.00,0,2,1001.20,40.64,109.95,1001.20,39.39,109.55,0.42,1000.56,38.80,115.17,0.65,1.07,99.49,312.19,7956,0.72,0.66,9.82,1.00,0.03,-0.04,-0.01,4.71,-3.82,-1.17,6,18,26,0,35.2901833,136.2528900,87.40, 0.22
265756,0.00,-0.21,9.78,1.00,-0.01,0.00,-0.02,0.17,0.96,-2.64,10.62,0.00,0,2,1001.20,40.65,109.95,1001.20,39.39,109.53,0.42,1000.56,38.80,115.17,0.52,0.96,99.49,312.19,7956,0.70,0.79,9.80,1.00,0.03,-0.04,-0.01,4.71,-3.82,-1.17,6,18,26,0,35.2901833,136.2528900,87.40, 0.22
265813,0.02,-0.11,9.80,1.00,-0.01,0.00,-0.02,0.17,0.96,-2.64,10.62,0.00,0,2,1001.21,40.65,109.94,1001.20,39.39,109.57,0.42,1000.56,38.79,115.15,0.65,1.07,99.40,312.19,7954,0.70,0.57,9.81,1.00,0.03,-0.04,-0.01,4.71,-3.82,-1.17,6,18,27,0,35.2901867,136.2528917,87.40, 0.22
265869,-0.03,-0.18,9.80,1.00,-0.01,0.00,-0.02,0.17,0.96,-2.64,10.62,0.00,0,2,1001.21,40.65,109.94,1001.20,39.38,109.56,0.42,1000.56,38.81,115.16,0.75,1.15,99.40,312.19,7955,0.77,0.62,9.75,1.00,0.03,-0.04,-0.01,4.71,-3.82,-1.17,6,18,27,0,35.2901867,136.2528917,87.40, 0.22
265921,-0.05,-0.14,9.77,1.00,-0.01,0.00,-0.02,0.17,0.96,-2.64,10.61,0.00,0,2,1001.21,40.66,109.94,1001.20,39.39,109.57,0.42,1000.56,38.80,115.17,0.35,0.79,99.49,312.19,7955,0.71,0.23,9.74,1.00,0.03,-0.04,-0.01,4.71,-3.82,-1.17,6,18,27,0,35.2901867,136.2528917,87.40, 0.22
265979,-0.09,-0.20,9.75,1.00,-0.01,0.00,-0.02,0.17,0.96,-2.64,10.60,0.00,0,2,1001.21,40.65,109.93,1001.20,39.40,109.55,0.42,1000.57,38.81,115.13,0.58,1.02,99.23,312.19,7955,0.81,-0.03,9.55,1.00,0.03,-0.04,-0.01,4.71,-3.82,-1.17,6,18,27,0,35.2901867,136.2528917,87.40, 0.22
266033,-0.03,-0.09,9.85,1.00,-0.01,0.00,-0.02,0.17,0.96,-2.64,10.60,0.00,0,2,1001.21,40.66,109.95,1001.20,39.40,109.59,0.42,1000.57,38.81,115.13,-0.07,0.34,99.32,312.19,7955,0.68,1.26,9.94,1.00,0.03,-0.04,-0.01,4.71,-3.83,-1.17,6,18,27,0,35.2901867,136.2528917,87.40, 0.22
266091,-0.04,-0.14,9.86,1.00,-0.01,0.00,-0.02,0.17,0.96,-2.64,10.61,0.00,0,2,1001.21,40.65,109.94,1001.20,39.40,109.53,0.42,1000.57,38.82,115.10,0.85,1.23,99.58,312.19,7956,0.63,1.08,10.06,1.00,0.03,-0.04,-0.01,4.71,-3.83,-1.17,6,18,27,0,35.2901867,136.2528917,87.40, 0.22
266143,-0.02,-0.10,9.81,1.00,-0.01,0.00,-0.02,0.17,0.96,-2.64,10.60,0.00,0,2,1001.20,40.64,109.95,1001.20,39.40,109.55,0.42,1000.56,38.81,115.16,0.95,1.30,99.67,312.19,7955,0.71,0.92,9.93,1.00,0.03,-0.04,-0.01,4.71,-3.82,-1.17,6,18,27,0,35.2901867,136.2528917,87.40, 0.22
266200,-0.02,-0.16,9.76,1.00,-0.01,0.00,-0.02,0.17,0.96,-2.64,10.59,0.00,0,2,1001.21,40.66,109.95,1001.20,39.40,109.54,0.42,1000.56,38.82,115.17,0.85,1.23,99.67,312.19,7954,0.86,0.43,9.75,1.00,0.03,-0.04,-0.01,4.71,-3.82,-1.17,6,18,27,0,35.2901867,136.2528917,87.40, 0.22
266251,-0.04,-0.17,9.82,1.00,-0.01,0.00,-0.02,0.17,0.96,-2.64,10.60,0.00,0,2,1001.21,40.66,109.94,1001.20,39.41,109.53,0.42,1000.56,38.82,115.17,0.75,1.15,99.49,312.19,7955,0.67,0.21,9.71,1.00,0.03,-0.04,-0.01,4.71,-3.81,-1.17,6,18,27,0,35.2901867,136.2528917,87.40, 0.22
266305,0.04,-0.16,9.81,1.00,-0.01,0.00,-0.02,0.17,0.96,-2.64,10.60,0.00,0,2,1001.21,40.65,109.93,1001.20,39.40,109.53,0.42,1000.56,38.81,115.16,1.02,1.34,99.40,312.19,7955,0.64,0.33,9.69,1.00,0.03,-0.04,-0.01,4.71,-3.82,-1.17,6,18,27,0,35.2901867,136.2528917,87.40, 0.22
266361,0.00,-0.20,9.78,1.00,-0.01,0.00,-0.02,0.17,0.96,-2.64,10.60,0.00,0,2,1001.20,40.65,109.95,1001.20,39.39,109.51,0.42,1000.57,38.82,115.14,0.75,1.15,99.40,312.19,7955,0.87,0.82,9.81,1.00,0.03,-0.04,-0.01,4.71,-3.82,-1.17,6,18,27,0,35.2901867,136.2528917,87.40, 0.22
266415,-0.07,-0.20,9.78,1.00,-0.01,0.00,-0.02,0.17,0.96,-2.64,10.59,0.00,0,2,1001.21,40.67,109.91,1001.20,39.40,109.53,0.42,1000.57,38.81,115.14,0.65,1.07,99.49,312.19,7956,0.61,0.95,9.94,1.00,0.03,-0.04,-0.01,4.71,-3.81,-1.17,6,18,27,0,35.2901867,136.2528917,87.40, 0.22
266470,-0.07,-0.12,9.71,1.00,-0.01,0.00,-0.02,0.17,0.96,-2.64,10.59,0.00,0,2,1001.20,40.65,109.97,1001.20,39.41,109.52,0.42,1000.56,38.82,115.17,0.70,1.11,99.58,312.19,7956,0.69,0.84,9.83,1.00,0.03,-0.04,-0.01,4.71,-3.81,-1.17,6,18,27,0,35.2901867,136.2528917,87.40, 0.22
266528,0.01,-0.21,9.76,1.00,-0.01,0.00,-0.02,0.17,0.96,-2.64,10.59,0.00,0,2,1001.20,40.66,109.96,1001.20,39.41,109.52,0.42,1000.57,38.81,115.15,0.53,0.97,99.49,312.19,7956,0.78,0.58,9.79,1.00,0.03,-0.04,-0.01,4.71,-3.81,-1.17,6,18,27,0,35.2901867,136.2528917,87.40, 0.22
266582,-0.01,-0.15,9.78,1.00,-0.01,0.00,-0.02,0.17,0.96,-2.64,10.59,0.00,0,2,1001.21,40.65,109.94,1001.20,39.41,109.56,0.42,1000.56,38.81,115.16,0.70,1.11,99.32,312.19,7955,1.00,0.47,9.71,1.00,0.03,-0.04,-0.01,4.71,-3.80,-1.17,6,18,27,0,35.2901867,136.2528917,87.40, 0.22
266639,-0.09,-0.16,9.75,1.00,-0.01,0.00,-0.02,0.17,0.96,-2.64,10.60,0.00,0,2,1001.21,40.65,109.94,1001.20,39.41,109.52,0.41,1000.56,38.82,115.19,0.68,1.10,99.40,312.19,7955,0.63,0.58,9.80,1.00,0.03,-0.04,-0.01,4.71,-3.80,-1.17,6,18,27,0,35.2901867,136.2528917,87.40, 0.22
266691,0.03,-0.21,9.79,1.00,-0.01,0.00,-0.02,0.17,0.96,-2.64,10.60,0.00,0,2,1001.20,40.64,109.98,1001.20,39.40,109.56,0.42,1000.57,38.82,115.14,0.87,1.24,99.32,312.19,7955,0.72,0.66,9.80,1.00,0.03,-0.04,-0.01,4.71,-3.80,-1.17,6,18,27,0,35.2901867,136.2528917,87.40, 0.34
266749,0.11,-0.15,9.77,1.00,-0.01,0.00,-0.02,0.17,0.96,-2.64,10.61,0.00,0,2,1001.20,40.64,109.98,1001.21,39.42,109.51,0.42,1000.56,38.82,115.16,0.82,1.20,99.32,312.19,7956,0.79,0.92,9.84,1.00,0.03,-0.04,-0.01,4.71,-3.80,-1.17,6,18,27,0,35.2901867,136.2528917,87.40, 0.34
266802,-0.03,-0.09,9.85,1.00,-0.01,0.00,-0.02,0.17,0.96,-2.64,10.60,0.00,0,2,1001.20,40.65,109.97,1001.20,39.42,109.52,0.42,1000.57,38.82,115.16,0.50,0.94,99.23,312.19,7955,0.62,0.53,9.80,1.00,0.03,-0.04,-0.01,4.71,-3.80,-1.17,6,18,28,0,35.2901900,136.2528950,87.40, 0.34
266854,-0.09,-0.15,9.88,1.00,-0.01,0.00,-0.02,0.17,0.96,-2.64,10.60,0.00,0,2,1001.21,40.64,109.94,1001.20,39.42,109.55,0.42,1000.57,38.82,115.16,0.62,1.04,99.23,312.19,7955,0.80,0.67,9.79,1.00,0.03,-0.04,-0.01,4.71,-3.80,-1.17,6,18,28,0,35.2901900,136.2528950,87.40, 0.34
266909,-0.05,-0.13,9.92,1.00,-0.01,0.00,-0.02,0.17,0.96,-2.64,10.60,0.00,0,2,1001.21,40.64,109.94,1001.20,39.42,109.53,0.42,1000.56,38.83,115.19,0.62,1.04,99.23,312.19,7955,0.91,0.69,9.72,1.00,0.03,-0.04,-0.01,4.71,-3.80,-1.17,6,18,28,0,35.2901900,136.2528950,87.40, 0.34
266966,0.00,-0.12,9.85,1.00,-0.01,0.00,-0.02,0.17,0.96,-2.64,10.59,0.00,0,2,1001.21,40.66,109.94,1001.20,39.42,109.53,0.42,1000.57,38.83,115.15,0.77,1.16,99.23,312.19,7955,0.91,0.57,9.77,1.00,0.03,-0.04,-0.01,4.71,-3.80,-1.17,6,18,28,0,35.2901900,136.2528950,87.40, 0.34
267021,-0.06,-0.23,9.81,1.00,-0.01,0.00,-0.02,0.17,0.96,-2.64,10.60,0.00,0,2,1001.20,40.65,109.99,1001.21,39.43,109.50,0.42,1000.57,38.82,115.16,0.85,1.23,99.23,312.19,7955,0.66,0.69,9.84,1.00,0.03,-0.04,-0.01,4.71,-3.80,-1.17,6,18,28,0,35.2901900,136.2528950,87.40, 0.34
267078,-0.08,-0.16,9.68,1.00,-0.01,0.00,-0.02,0.17,0.96,-2.64,10.61,0.00,0,2,1001.20,40.66,109.96,1001.20,39.41,109.53,0.42,1000.56,38.81,115.18,0.60,1.03,99.23,312.19,7956,0.85,0.71,9.81,1.00,0.03,-0.04,-0.01,4.71,-3.80,-1.17,6,18,28,0,35.2901900,136.2528950,87.40, 0.34
267129,-0.05,-0.14,9.77,1.00,-0.01,0.00,-0.02,0.17,0.96,-2.64,10.61,0.00,0,2,1001.21,40.66,109.95,1001.20,39.43,109.53,0.42,1000.56,38.82,115.21,1.10,1.40,99.14,312.19,7956,0.99,0.55,9.74,1.00,0.03,-0.04,-0.01,4.71,-3.80,-1.17,6,18,28,0,35.2901900,136.2528950,87.40, 0.34
267187,0.00,-0.27,9.62,1.00,-0.01,0.00,-0.02,0.17,0.96,-2.64,10.61,0.00,0,2,1001.20,40.66,109.98,1001.20,39.41,109.54,0.42,1000.56,38.82,115.16,0.98,1.32,99.14,312.19,7955,0.98,0.54,9.71,1.00,0.03,-0.04,-0.01,4.71,-3.80,-1.17,6,18,28,0,35.2901900,136.2528950,87.40, 0.34
267239,-0.10,-0.12,9.75,1.00,-0.01,0.00,-0.02,0.17,0.96,-2.64,10.61,0.00,0,2,1001.21,40.66,109.95,1001.20,39.42,109.53,0.42,1000.56,38.82,115.17,0.97,1.31,99.23,312.19,7955,0.83,0.70,9.87,1.00,0.03,-0.04,-0.01,4.71,-3.80,-1.17,6,18,28,0,35.2901900,136.2528950,87.40, 0.34
267296,0.00,-0.25,9.70,1.00,-0.01,0.00,-0.02,0.17,0.96,-2.64,10.61,0.00,0,2,1001.20,40.66,109.96,1001.20,39.41,109.53,0.42,1000.57,38.82,115.16,1.12,1.41,99.14,312.19,7956,0.80,0.94,9.84,1.00,0.03,-0.04,-0.01,4.71,-3.80,-1.17,6,18,28,0,35.2901900,136.2528950,87.40, 0.34
267348,0.05,-0.19,9.78,1.00,-0.01,0.00,-0.02,0.17,0.96,-2.64,10.61,0.00,0,2,1001.20,40.67,109.96,1001.20,39.42,109.53,0.42,1000.57,38.80,115.15,1.00,1.33,99.23,312.19,7955,0.79,0.74,9.86,1.00,0.03,-0.04,-0.01,4.71,-3.80,-1.17,6,18,28,0,35.2901900,136.2528950,87.40, 0.34
267403,-0.03,-0.14,9.79,1.00,-0.01,0.00,-0.02,0.17,0.96,-2.64,10.60,0.00,0,2,1001.21,40.65,109.94,1001.20,39.42,109.54,0.42,1000.56,38.82,115.19,1.22,1.47,99.40,312.19,7956,0.86,0.64,9.77,1.00,0.03,-0.04,-0.01,4.71,-3.80,-1.17,6,18,28,0,35.2901900,136.2528950,87.40, 0.34
267458,-0.04,-0.15,9.80,1.00,-0.01,0.00,-0.02,0.17,0.96,-2.64,10.61,0.00,0,2,1001.21,40.66,109.94,1001.20,39.41,109.54,0.42,1000.56,38.82,115.19,0.87,1.24,99.58,312.19,7956,0.67,0.65,9.76,1.00,0.03,-0.04,-0.01,4.71,-3.80,-1.17,6,18,28,0,35.2901900,136.2528950,87.40, 0.34
267513,-0.07,-0.10,9.84,1.00,-0.01,0.00,-0.02,0.17,0.96,-2.64,10.61,0.00,0,2,1001.22,40.66,109.78,1001.20,39.41,109.55,0.42,1000.56,38.82,115.21,0.90,1.26,99.58,312.19,7956,0.99,0.46,9.76,1.00,0.03,-0.04,-0.01,4.71,-3.80,-1.17,6,18,28,0,35.2901900,136.2528950,87.40, 0.34
267569,-0.10,-0.60,8.93,1.00,-0.01,0.00,-0.02,0.19,0.98,-2.64,10.62,0.00,0,2,1001.20,40.65,110.00,1001.20,39.41,109.57,0.42,1000.56,38.82,115.23,0.82,1.20,99.49,312.19,7954,0.88,0.88,9.85,1.00,0.03,-0.04,-0.01,4.71,-3.80,-1.17,6,18,28,0,35.2901900,136.2528950,87.40, 0.34
267625,-0.19,-0.08,9.82,1.00,-0.01,0.00,-0.02,0.19,0.98,-2.64,10.63,0.00,0,2,1001.20,40.67,109.97,1001.20,39.42,109.58,0.42,1000.56,38.82,115.17,0.67,1.09,99.58,312.19,7955,0.76,0.43,9.74,1.00,0.03,-0.04,-0.01,4.71,-3.80,-1.17,6,18,28,0,35.2901900,136.2528950,87.40, 0.34
267678,-0.02,-0.13,9.84,1.00,-0.01,0.00,-0.02,0.19,0.98,-2.64,10.63,0.00,0,2,1001.20,40.65,109.99,1001.20,39.43,109.54,0.42,1000.56,38.84,115.22,0.85,1.23,99.67,312.19,7955,0.60,0.83,9.82,1.00,0.03,-0.04,-0.01,4.71,-3.80,-1.17,6,18,28,0,35.2901900,136.2528950,87.40, 0.35
267735,-0.01,-0.26,9.79,1.00,-0.01,0.00,-0.02,0.19,0.98,-2.64,10.62,0.00,0,2,1001.20,40.65,109.95,1001.20,39.42,109.55,0.42,1000.56,38.82,115.19,1.28,1.51,99.76,312.19,7955,0.78,0.83,9.83,1.00,0.03,-0.04,-0.01,4.71,-3.80,-1.17,6,18,28,0,35.2901900,136.2528950,87.40, 0.35
267788,0.09,-0.13,9.76,1.00,-0.01,0.00,-0.02,0.18,0.98,-2.64,10.62,0.00,0,2,1001.20,40.64,109.96,1001.20,39.42,109.54,0.42,1000.57,38.84,115.16,0.82,1.20,99.76,312.19,7955,0.74,0.64,9.82,1.00,0.03,-0.04,-0.01,4.71,-3.80,-1.17,6,18,29,0,35.2901917,136.2528983,87.40, 0.35
267846,-0.01,-0.16,9.77,1.00,-0.01,0.00,-0.02,0.18,0.98,-2.64,10.61,0.00,0,2,1001.20,40.65,109.95,1001.20,39.42,109.55,0.42,1000.56,38.82,115.17,0.60,1.03,99.76,312.19,7956,0.67,0.65,9.78,1.00,0.03,-0.04,-0.01,4.71,-3.80,-1.17,6,18,29,0,35.2901917,136.2528983,87.40, 0.35
267898,0.00,-0.15,9.78,1.00,-0.01,0.00,-0.02,0.18,0.98,-2.64,10.61,0.00,0,2,1001.20,40.66,109.96,1001.20,39.42,109.58,0.42,1000.56,38.82,115.17,1.28,1.51,99.67,312.19,7955,0.81,0.59,9.83,1.00,0.03,-0.04,-0.01,4.71,-3.80,-1.17,6,18,29,0,35.2901917,136.2528983,87.40, 0.35
267952,-0.07,-0.16,9.76,1.00,-0.01,0.00,-0.02,0.17,0.98,-2.64,10.60,0.00,0,2,1001.20,40.66,109.96,1001.21,39.43,109.51,0.42,1000.56,38.81,115.18,0.70,1.11,99.67,312.19,7955,0.86,0.70,9.80,1.00,0.03,-0.04,-0.01,4.71,-3.80,-1.17,6,18,29,0,35.2901917,136.2528983,87.40, 0.35
268007,-0.10,-0.10,9.79,1.00,-0.01,0.00,-0.02,0.18,0.97,-2.64,10.60,0.00,0,2,1001.20,40.66,109.96,1001.20,39.44,109.58,0.42,1000.56,38.81,115.18,0.78,1.18,99.67,312.19,7955,0.93,0.64,9.75,1.00,0.03,-0.04,-0.01,4.71,-3.80,-1.17,6,18,29,0,35.2901917,136.2528983,87.40, 0.35
268061,-0.08,-0.10,9.78,1.00,-0.01,0.00,-0.02,0.18,0.97,-2.64,10.61,0.00,0,2,1001.20,40.65,109.97,1001.20,39.43,109.52,0.42,1000.56,38.83,115.18,1.15,1.43,99.67,312.19,7956,0.82,0.56,9.82,1.00,0.03,-0.04,-0.01,4.71,-3.80,-1.17,6,18,29,0,35.2901917,136.2528983,87.40, 0.35
268116,-0.04,-0.20,9.73,1.00,-0.01,0.00,-0.02,0.18,0.97,-2.64,10.61,0.00,0,2,1001.20,40.65,109.96,1001.20,39.42,109.57,0.42,1000.56,38.82,115.21,0.85,1.23,99.67,312.19,7956,0.78,0.76,9.78,1.00,0.03,-0.04,-0.01,4.71,-3.80,-1.17,6,18,29,0,35.2901917,136.2528983,87.40, 0.35
268168,-0.02,-0.21,9.80,1.00,-0.01,0.00,-0.02,0.18,0.97,-2.64,10.61,0.00,0,2,1001.20,40.66,109.97,1001.20,39.43,109.57,0.42,1000.56,38.82,115.19,0.62,1.04,99.67,312.19,7956,0.84,0.69,9.83,1.00,0.03,-0.04,-0.01,4.71,-3.80,-1.17,6,18,29,0,35.2901917,136.2528983,87.40, 0.35
268225,-0.07,-0.13,9.83,1.00,-0.01,0.00,-0.02,0.18,0.97,-2.64,10.61,0.00,0,2,1001.20,40.66,109.98,1001.20,39.42,109.55,0.42,1000.57,38.82,115.16,0.75,1.15,99.67,312.19,7956,0.81,0.70,9.76,1.00,0.03,-0.04,-0.01,4.71,-3.80,-1.17,6,18,29,0,35.2901917,136.2528983,87.40, 0.35
268278,0.00,-0.19,9.83,1.00,-0.01,0.00,-0.02,0.18,0.97,-2.64,10.61,0.00,0,2,1001.20,40.65,109.95,1001.20,39.43,109.59,0.42,1000.56,38.82,115.20,0.87,1.24,99.67,312.19,7956,0.79,0.69,9.79,1.00,0.03,-0.04,-0.01,4.71,-3.80,-1.17,6,18,29,0,35.2901917,136.2528983,87.40, 0.35
268332,0.02,-0.21,9.76,1.00,-0.01,0.00,-0.02,0.18,0.97,-2.64,10.61,0.00,0,2,1001.20,40.65,109.98,1001.20,39.44,109.55,0.42,1000.56,38.82,115.19,0.78,1.18,99.67,312.19,7955,0.77,0.61,9.74,1.00,0.03,-0.04,-0.01,4.71,-3.80,-1.17,6,18,29,0,35.2901917,136.2528983,87.40, 0.35
268387,0.22,-0.13,9.85,1.00,-0.01,0.00,-0.02,0.18,0.98,-2.64,10.61,0.00,0,2,1001.20,40.66,109.98,1001.20,39.44,109.53,0.42,1000.56,38.82,115.21,0.98,1.32,99.49,312.28,7955,0.83,0.62,9.79,1.00,0.03,-0.04,-0.01,4.71,-3.80,-1.18,6,18,29,0,35.2901917,136.2528983,87.40, 0.35
268445,0.16,-0.13,9.90,1.00,-0.01,0.00,-0.02,0.19,0.97,-2.64,10.61,0.00,0,2,1001.20,40.65,109.97,1001.20,39.45,109.55,0.42,1000.56,38.81,115.16,1.02,1.34,99.49,312.19,7955,0.41,0.53,9.87,1.00,0.03,-0.04,-0.01,4.68,-3.80,-1.17,6,18,29,0,35.2901917,136.2528983,87.40, 0.35
268497,0.23,-0.07,9.95,1.00,-0.01,0.00,-0.02,0.19,0.98,-2.64,10.61,0.00,0,2,1001.20,40.64,110.01,1001.20,39.44,109.55,0.42,1000.56,38.82,115.18,0.52,0.96,99.49,312.19,7955,0.97,0.62,9.70,1.00,0.03,-0.04,-0.01,4.68,-3.80,-1.17,6,18,29,0,35.2901917,136.2528983,87.40, 0.35
268555,-0.09,-0.25,9.50,1.00,-0.01,0.00,-0.02,0.19,0.97,-2.64,10.61,0.00,0,2,1001.20,40.65,109.96,1001.20,39.43,109.59,0.42,1000.57,38.82,115.16,1.12,1.41,99.49,312.19,7955,0.93,0.92,9.79,1.00,0.03,-0.04,-0.01,4.68,-3.81,-1.17,6,18,29,0,35.2901917,136.2528983,87.40, 0.35
268608,-0.05,-0.14,9.81,1.00,-0.01,0.00,-0.02,0.19,0.97,-2.64,10.61,0.00,0,2,1001.19,40.66,110.06,1001.20,39.43,109.59,0.41,1000.57,38.83,115.15,0.87,1.24,99.67,312.19,7955,0.62,0.74,9.84,1.00,0.03,-0.04,-0.01,4.69,-3.81,-1.17,6,18,29,0,35.2901917,136.2528983,87.40, 0.35
268666,0.00,-0.13,9.73,1.00,-0.01,0.00,-0.02,0.19,0.97,-2.64,10.62,0.00,0,2,1001.20,40.65,109.99,1001.20,39.42,109.60,0.43,1000.56,38.81,115.18,0.82,1.20,99.67,312.19,7955,0.94,0.50,9.73,1.00,0.03,-0.04,-0.01,4.68,-3.81,-1.17,6,18,29,0,35.2901917,136.2528983,87.40, 0.19
268723,-0.07,-0.17,9.81,1.00,-0.01,0.00,-0.02,0.19,0.97,-2.64,10.62,0.00,0,2,1001.20,40.65,109.95,1001.20,39.44,109.57,0.41,1000.56,38.82,115.17,1.07,1.37,99.58,312.19,7955,0.93,0.96,9.83,1.00,0.03,-0.04,-0.01,4.68,-3.81,-1.17,6,18,29,0,35.2901917,136.2528983,87.40, 0.19
268777,-0.08,-0.17,9.87,1.00,-0.01,0.00,-0.02,0.19,0.97,-2.64,10.60,0.00,0,2,1001.20,40.65,109.96,1001.20,39.44,109.55,0.42,1000.57,38.83,115.15,1.00,1.33,99.40,312.19,7955,0.84,0.92,9.86,1.00,0.03,-0.04,-0.01,4.68,-3.81,-1.17,6,18,30,0,35.2901900,136.2528967,87.40, 0.19
268834,-0.05,-0.08,9.83,1.00,-0.01,0.00,-0.02,0.19,0.97,-2.64,10.60,0.00,0,2,1001.20,40.65,109.97,1001.20,39.45,109.57,0.41,1000.56,38.82,115.21,0.87,1.24,99.40,312.19,7956,0.88,0.36,9.68,1.00,0.03,-0.04,-0.01,4.68,-3.80,-1.17,6,18,30,0,35.2901900,136.2528967,87.40, 0.19
268887,0.02,-0.21,9.84,1.00,-0.01,0.00,-0.02,0.19,0.97,-2.64,10.61,0.00,0,2,1001.20,40.67,110.03,1001.20,39.45,109.59,0.43,1000.56,38.82,115.19,0.80,1.19,99.58,312.19,7955,0.83,0.47,9.73,1.00,0.03,-0.04,-0.01,4.68,-3.81,-1.16,6,18,30,0,35.2901900,136.2528967,87.40, 0.19
268944,0.04,-0.16,9.86,1.00,-0.01,0.00,-0.02,0.19,0.97,-2.64,10.62,0.00,0,2,1001.19,40.65,110.10,1001.20,39.44,109.57,0.42,1000.57,38.82,115.15,0.60,1.03,99.58,312.19,7956,0.91,0.52,9.76,1.00,0.03,-0.04,-0.01,4.68,-3.81,-1.17,6,18,30,0,35.2901900,136.2528967,87.40, 0.19
268997,0.00,-0.10,9.86,1.00,-0.01,0.00,-0.02,0.19,0.97,-2.64,10.63,0.00,0,2,1001.21,40.66,109.91,1001.20,39.43,109.61,0.42,1000.56,38.83,115.18,0.85,1.23,99.58,312.19,7954,0.79,0.47,9.68,1.00,0.03,-0.04,-0.01,4.68,-3.81,-1.17,6,18,30,0,35.2901900,136.2528967,87.40, 0.19
269055,-0.07,-0.14,9.87,1.00,-0.01,0.00,-0.02,0.19,0.97,-2.64,10.62,0.00,0,2,1001.19,40.64,110.04,1001.20,39.44,109.61,0.42,1000.56,38.81,115.23,1.08,1.38,99.58,312.19,7955,0.88,0.70,9.85,1.00,0.03,-0.04,-0.01,4.67,-3.81,-1.17,6,18,30,0,35.2901900,136.2528967,87.40, 0.19
269113,-0.08,-0.18,9.82,1.00,-0.01,0.00,-0.02,0.19,0.97,-2.64,10.62,0.00,0,2,1001.21,40.66,109.95,1001.20,39.44,109.58,0.42,1000.56,38.82,115.21,0.70,1.11,99.58,312.19,7955,1.51,0.57,9.67,1.00,0.03,-0.04,-0.01,4.67,-3.80,-1.16,6,18,30,0,35.2901900,136.2528967,87.40, 0.19
269165,-0.11,-0.09,9.90,1.00,-0.01,0.00,-0.02,0.19,0.97,-2.64,10.61,0.00,0,2,1001.20,40.65,109.98,1001.20,39.43,109.59,0.40,1000.56,38.82,115.20,0.77,1.16,99.49,312.19,7955,1.36,1.04,9.59,1.00,0.03,-0.04,-0.01,4.67,-3.82,-1.18,6,18,30,0,35.2901900,136.2528967,87.40, 0.19
269221,0.00,-0.28,9.72,1.00,-0.01,0.00,-0.02,0.19,0.97,-2.64,10.61,0.00,0,2,1001.20,40.65,110.00,1001.20,39.45,109.56,0.43,1000.56,38.81,115.20,0.60,1.03,99.40,312.19,7956,1.42,1.02,9.89,1.00,0.03,-0.04,-0.01,4.67,-3.81,-1.16,6,18,30,0,35.2901900,136.2528967,87.40, 0.19
269274,-0.07,-0.06,9.88,1.00,-0.01,0.00,-0.02,0.19,0.97,-2.64,10.61,0.00,0,2,1001.20,40.65,110.01,1001.20,39.44,109.57,0.42,1000.56,38.82,115.23,0.85,1.23,99.76,312.19,7954,1.49,0.46,9.68,1.00,0.03,-0.04,-0.01,4.67,-3.81,-1.16,6,18,30,0,35.2901900,136.2528967,87.40, 0.19
269328,-0.05,-0.11,9.86,1.00,-0.01,0.00,-0.02,0.19,0.97,-2.64,10.61,0.00,0,2,1001.20,40.67,109.97,1001.20,39.44,109.60,0.42,1000.56,38.82,115.19,0.77,1.16,99.76,312.19,7955,1.61,0.85,9.64,1.00,0.03,-0.04,-0.01,4.67,-3.81,-1.16,6,18,30,0,35.2901900,136.2528967,87.40, 0.19
269385,-0.13,-0.28,9.86,1.00,-0.01,0.00,-0.02,0.19,0.97,-2.64,10.61,0.00,0,2,1001.20,40.66,109.98,1001.20,39.44,109.58,0.42,1000.57,38.82,115.16,0.93,1.29,99.93,312.19,7954,1.18,0.27,9.68,1.00,0.03,-0.04,-0.01,4.67,-3.79,-1.16,6,18,30,0,35.2901900,136.2528967,87.40, 0.19
269440,-0.07,-0.07,9.81,1.00,-0.01,0.00,-0.02,0.19,0.97,-2.64,10.60,0.00,0,2,1001.20,40.67,109.99,1001.20,39.46,109.56,0.41,1000.56,38.83,115.18,0.92,1.27,100.02,312.19,7955,1.11,0.74,9.72,1.00,0.03,-0.04,-0.01,4.67,-3.79,-1.15,6,18,30,0,35.2901900,136.2528967,87.40, 0.19
269493,0.00,-0.13,9.85,1.00,-0.01,0.00,-0.02,0.19,0.97,-2.64,10.60,0.00,0,2,1001.20,40.66,109.96,1001.20,39.44,109.59,0.39,1000.56,38.82,115.17,0.78,1.18,99.84,312.28,7956,1.74,1.29,9.96,1.00,0.03,-0.04,-0.01,4.67,-3.81,-1.16,6,18,30,0,35.2901900,136.2528967,87.40, 0.19
269545,-0.07,-0.19,9.81,1.00,-0.01,0.00,-0.02,0.19,0.97,-2.64,10.60,0.00,0,2,1001.21,40.67,109.92,1001.20,39.44,109.59,0.41,1000.56,38.82,115.19,0.85,1.23,99.58,312.28,7956,1.26,1.32,9.98,1.00,0.03,-0.04,-0.01,4.67,-3.81,-1.14,6,18,30,0,35.2901900,136.2528967,87.40, 0.19
269604,-0.06,-0.11,9.85,1.00,-0.01,0.00,-0.02,0.19,0.97,-2.64,10.61,0.00,0,2,1001.20,40.66,109.98,1001.20,39.45,109.62,0.41,1000.56,38.82,115.23,0.97,1.31,99.58,312.28,7956,-1.81,1.83,10.61,1.00,0.03,-0.04,-0.01,4.66,-3.82,-1.14,6,18,30,0,35.2901900,136.2528967,87.40, 0.19
269660,-0.03,-0.18,9.65,1.00,-0.01,0.00,-0.02,0.19,0.97,-2.64,10.61,0.00,0,2,1001.20,40.67,109.99,1001.20,39.46,109.56,0.42,1000.56,38.82,115.21,0.73,1.14,99.76,312.28,7956,0.20,-0.41,9.40,1.00,0.03,-0.04,-0.01,4.68,-3.79,-1.16,6,18,30,0,35.2901900,136.2528967,87.40, 0.33
269712,-0.11,-0.22,9.79,1.00,-0.01,0.00,-0.02,0.19,0.97,-2.64,10.61,0.00,0,2,1001.20,40.66,109.98,1001.20,39.44,109.57,0.42,1000.56,38.84,115.18,0.95,1.30,99.93,312.36,7956,3.95,0.92,9.05,1.00,0.03,-0.04,-0.01,4.67,-3.82,-1.15,6,18,30,0,35.2901900,136.2528967,87.40, 0.33
269765,-0.03,-0.16,9.76,1.00,-0.01,0.00,-0.02,0.19,0.97,-2.64,10.61,0.00,0,2,1001.20,40.67,110.00,1001.20,39.45,109.57,0.42,1000.56,38.82,115.19,0.78,1.18,100.02,312.45,7955,-0.37,0.17,9.58,1.00,0.03,-0.04,-0.01,4.67,-3.83,-1.14,6,18,31,0,35.2901917,136.2528933,87.40, 0.33
269822,-0.09,-0.10,9.77,1.00,-0.01,0.00,-0.02,0.19,0.97,-2.64,10.61,0.00,0,2,1001.20,40.67,109.99,1001.20,39.45,109.60,0.42,1000.56,38.82,115.21,0.77,1.16,100.20,312.36,7955,-0.27,0.07,9.68,1.00,0.03,-0.04,-0.01,4.67,-3.83,-1.12,6,18,31,0,35.2901917,136.2528933,87.40, 0.33
269875,-0.18,-0.13,9.83,1.00,-0.01,0.00,-0.02,0.19,0.97,-2.64,10.60,0.00,0,2,1001.21,40.67,109.90,1001.20,39.45,109.55,0.42,1000.56,38.82,115.19,0.82,1.20,100.20,312.36,7955,2.61,0.96,9.71,1.00,0.03,-0.04,-0.01,4.67,-3.84,-1.16,6,18,31,0,35.2901917,136.2528933,87.40, 0.33
269930,-0.10,-0.06,9.95,1.00,-0.01,0.00,-0.02,0.19,0.97,-2.64,10.60,0.00,0,2,1001.20,40.67,110.02,1001.20,39.45,109.60,0.42,1000.57,38.84,115.16,0.62,1.04,100.11,312.28,7956,1.23,0.72,9.85,1.00,0.03,-0.04,-0.01,4.68,-3.83,-1.14,6,18,31,0,35.2901917,136.2528933,87.40, 0.33
269983,-0.13,-0.18,9.81,1.00,-0.01,0.00,-0.02,0.19,0.97,-2.64,10.60,0.00,0,2,1001.20,40.67,110.00,1001.20,39.46,109.56,0.42,1000.56,38.82,115.17,0.63,1.06,99.84,312.19,7955,0.37,0.91,9.72,1.00,0.03,-0.04,-0.01,4.69,-3.83,-1.13,6,18,31,0,35.2901917,136.2528933,87.40, 0.33
270040,-0.07,-0.18,9.81,1.00,-0.01,0.00,-0.02,0.19,0.97,-2.64,10.61,0.00,0,2,1001.20,40.69,109.98,1001.20,39.45,109.60,0.42,1000.56,38.83,115.17,0.80,1.19,99.93,312.19,7955,0.54,0.73,9.83,1.00,0.03,-0.04,-0.01,4.70,-3.83,-1.13,6,18,31,0,35.2901917,136.2528933,87.40, 0.33
270094,0.05,-0.13,9.84,1.00,-0.01,0.00,-0.02,0.19,0.97,-2.64,10.61,0.00,0,2,1001.20,40.68,109.98,1001.20,39.45,109.55,0.42,1000.56,38.82,115.19,0.78,1.18,100.02,312.19,7955,1.20,1.17,9.81,1.00,0.03,-0.04,-0.01,4.71,-3.84,-1.15,6,18,31,0,35.2901917,136.2528933,87.40, 0.33
270146,-0.07,-0.16,9.83,1.00,-0.01,0.00,-0.02,0.19,0.97,-2.64,10.61,0.00,0,2,1001.20,40.67,109.96,1001.19,39.45,109.63,0.42,1000.56,38.82,115.19,0.72,1.13,99.93,312.19,7955,0.33,1.16,10.00,1.00,0.03,-0.04,-0.01,4.70,-3.84,-1.13,6,18,31,0,35.2901917,136.2528933,87.40, 0.33
270202,-0.03,-0.17,9.86,1.00,-0.01,0.00,-0.02,0.19,0.97,-2.64,10.61,0.00,0,2,1001.20,40.69,109.98,1001.20,39.46,109.60,0.42,1000.56,38.84,115.20,0.68,1.10,99.93,312.10,7956,0.37,0.75,9.86,1.00,0.03,-0.04,-0.01,4.70,-3.85,-1.13,6,18,31,0,35.2901917,136.2528933,87.40, 0.33
270258,-0.01,-0.13,9.78,1.00,-0.01,0.00,-0.02,0.19,0.97,-2.64,10.62,0.00,0,2,1001.20,40.69,109.98,1001.19,39.46,109.63,0.42,1000.56,38.84,115.23,0.62,1.04,99.93,312.19,7955,0.45,1.11,9.97,1.00,0.03,-0.04,-0.01,4.71,-3.85,-1.14,6,18,31,0,35.2901917,136.2528933,87.40, 0.33
270313,-0.04,-0.14,9.79,1.00,-0.01,0.00,-0.02,0.19,0.97,-2.64,10.62,0.00,0,2,1001.20,40.69,109.99,1001.20,39.47,109.58,0.42,1000.56,38.83,115.22,0.83,1.21,99.93,312.10,7956,0.53,0.17,9.68,1.00,0.03,-0.04,-0.01,4.71,-3.84,-1.15,6,18,31,0,35.2901917,136.2528933,87.40, 0.33
270370,-0.02,-0.13,9.83,1.00,-0.01,0.00,-0.02,0.19,0.97,-2.64,10.61,0.00,0,2,1001.20,40.70,110.00,1001.20,39.47,109.55,0.42,1000.56,38.82,115.23,0.90,1.26,100.20,312.19,7955,-0.03,0.21,9.71,1.00,0.03,-0.04,-0.01,4.71,-3.86,-1.13,6,18,31,0,35.2901917,136.2528933,87.40, 0.33
270422,-0.06,-0.15,9.80,1.00,-0.01,0.00,-0.02,0.19,0.97,-2.64,10.60,0.00,0,2,1001.21,40.71,109.96,1001.20,39.46,109.61,0.42,1000.56,38.81,115.16,1.12,1.41,100.20,312.19,7955,1.24,0.44,9.66,1.00,0.03,-0.04,-0.01,4.71,-3.86,-1.15,6,18,31,0,35.2901917,136.2528933,87.40, 0.33
270480,-0.03,-0.23,9.76,1.00,-0.01,0.00,-0.02,0.19,0.97,-2.64,10.60,0.00,0,2,1001.20,40.70,109.97,1001.20,39.48,109.58,0.42,1000.56,38.82,115.21,0.87,1.24,100.02,312.19,7956,0.62,1.13,9.98,1.00,0.03,-0.04,-0.01,4.71,-3.86,-1.15,6,18,31,0,35.2901917,136.2528933,87.40, 0.33
270532,0.01,-0.13,9.81,1.00,-0.01,0.00,-0.02,0.19,0.97,-2.64,10.60,0.00,0,2,1001.20,40.71,109.98,1001.20,39.48,109.61,0.42,1000.56,38.82,115.23,-0.15,0.52,99.84,312.19,7956,0.23,0.97,9.96,1.00,0.03,-0.04,-0.01,4.71,-3.86,-1.13,6,18,31,0,35.2901917,136.2528933,87.40, 0.33
270589,-0.03,-0.13,9.79,1.00,-0.01,0.00,-0.02,0.19,0.97,-2.64,10.61,0.00,0,2,1001.20,40.71,109.98,1001.20,39.46,109.58,0.42,1000.56,38.82,115.21,0.13,0.49,99.93,312.19,7955,0.09,0.76,9.89,1.00,0.03,-0.04,-0.01,4.71,-3.86,-1.13,6,18,31,0,35.2901917,136.2528933,87.40, 0.33
270641,-0.13,-0.19,9.86,1.00,-0.01,0.00,-0.02,0.19,0.97,-2.64,10.61,0.00,0,2,1001.20,40.71,109.98,1001.20,39.47,109.59,0.42,1000.56,38.84,115.22,0.22,0.62,99.84,312.19,7956,1.35,0.92,9.82,1.00,0.03,-0.04,-0.01,4.71,-3.86,-1.15,6,18,31,0,35.2901917,136.2528933,87.40, 0.33
270693,-0.06,-0.15,9.79,1.00,-0.01,0.00,-0.02,0.19,0.97,-2.64,10.61,0.00,0,2,1001.20,40.71,110.01,1001.20,39.48,109.60,0.42,1000.56,38.83,115.20,0.37,0.81,99.84,312.19,7955,1.44,1.00,9.79,1.00,0.03,-0.04,-0.01,4.69,-3.86,-1.16,6,18,31,0,35.2901917,136.2528933,87.40, 0.33
270750,-0.01,-0.12,9.85,1.00,-0.01,0.00,-0.02,0.19,0.97,-2.64,10.61,0.00,0,2,1001.20,40.71,109.99,1001.20,39.48,109.59,0.42,1000.57,38.84,115.16,0.30,0.73,99.76,312.19,7956,0.42,0.29,9.76,1.00,0.03,-0.04,-0.01,4.69,-3.85,-1.12,6,18,31,0,35.2901917,136.2528933,87.40, 0.33
270808,0.04,-0.13,10.08,1.00,-0.01,0.00,-0.02,0.19,0.95,-2.64,10.60,0.00,0,2,1001.20,40.71,110.00,1001.20,39.47,109.59,0.42,1000.56,38.84,115.18,0.40,0.84,99.67,312.19,7955,1.18,0.44,9.72,1.00,0.03,-0.04,-0.01,4.69,-3.86,-1.15,6,18,31,0,35.2901917,136.2528933,87.40, 0.33
270862,0.03,-0.16,9.94,1.00,-0.01,0.00,-0.02,0.19,0.96,-2.64,10.60,0.00,0,2,1001.20,40.71,110.00,1001.19,39.46,109.63,0.42,1000.56,38.83,115.20,0.22,0.62,99.58,312.19,7956,1.40,0.55,9.72,1.00,0.03,-0.04,-0.01,4.69,-3.86,-1.15,6,18,32,0,35.2901933,136.2528933,87.40, 0.33
270917,-0.08,-0.18,9.80,1.00,-0.01,0.00,-0.02,0.19,0.98,-2.64,10.60,0.00,0,2,1001.20,40.71,110.02,1001.20,39.48,109.58,0.42,1000.56,38.82,115.17,-0.15,0.52,99.67,312.19,7956,0.50,0.66,9.86,1.00,0.03,-0.04,-0.01,4.69,-3.85,-1.12,6,18,32,0,35.2901933,136.2528933,87.40, 0.33
270971,-0.21,-0.34,9.73,1.00,-0.01,0.00,-0.02,0.24,1.03,-2.64,10.61,0.00,0,2,1001.20,40.71,110.01,1001.20,39.46,109.60,0.42,1000.56,38.82,115.20,0.47,0.91,99.67,312.10,7955,0.61,0.43,9.78,1.00,0.03,-0.04,-0.01,4.69,-3.85,-1.13,6,18,32,0,35.2901933,136.2528933,87.40, 0.33
271028,0.08,-0.02,10.27,1.00,-0.01,0.00,-0.02,0.23,1.03,-2.64,10.60,0.00,0,2,1001.20,40.72,110.01,1001.20,39.48,109.60,0.42,1000.56,38.84,115.18,-0.03,0.24,99.67,312.19,7956,1.21,0.43,9.65,1.00,0.03,-0.04,-0.01,4.69,-3.85,-1.13,6,18,32,0,35.2901933,136.2528933,87.40, 0.33
271082,0.00,-0.09,9.99,1.00,-0.01,0.00,-0.02,0.24,1.02,-2.64,10.60,0.00,0,2,1001.20,40.71,110.02,1001.20,39.47,109.60,0.42,1000.57,38.84,115.16,0.02,0.17,99.67,312.19,7955,0.94,0.58,9.71,1.00,0.03,-0.04,-0.01,4.69,-3.86,-1.14,6,18,32,0,35.2901933,136.2528933,87.40, 0.33
271139,0.03,-0.05,9.99,1.00,-0.01,0.00,-0.02,0.24,1.01,-2.64,10.60,0.00,0,2,1001.20,40.71,109.99,1001.20,39.48,109.56,0.42,1000.56,38.83,115.18,0.30,0.73,99.76,312.19,7955,0.31,0.92,9.91,1.00,0.03,-0.04,-0.01,4.69,-3.85,-1.12,6,18,32,0,35.2901933,136.2528933,87.40, 0.33
271191,-0.04,-0.12,9.91,1.00,-0.01,0.00,-0.02,0.24,1.01,-2.64,10.60,0.00,0,2,1001.20,40.71,110.01,1001.20,39.47,109.60,0.42,1000.56,38.84,115.20,0.00,0.00,99.67,312.19,7955,1.11,0.85,9.79,1.00,0.03,-0.04,-0.01,4.69,-3.85,-1.13,6,18,32,0,35.2901933,136.2528933,87.40, 0.33
271248,-0.10,-0.18,9.70,1.00,-0.01,0.00,-0.02,0.24,1.01,-2.64,10.61,0.00,0,2,1001.20,40.69,110.04,1001.19,39.48,109.63,0.42,1000.56,38.84,115.18,0.23,0.64,99.67,312.19,7955,1.22,0.84,9.83,1.00,0.03,-0.04,-0.01,4.69,-3.85,-1.14,6,18,32,0,35.2901933,136.2528933,87.40, 0.33
271302,0.01,-0.16,9.81,1.00,-0.01,0.00,-0.02,0.24,1.01,-2.64,10.62,0.00,0,2,1001.20,40.72,110.02,1001.20,39.47,109.64,0.42,1000.56,38.83,115.20,0.62,1.04,99.67,312.10,7955,0.38,0.81,9.86,1.00,0.03,-0.04,-0.01,4.70,-3.85,-1.12,6,18,32,0,35.2901933,136.2528933,87.40, 0.33
271359,0.00,-0.16,9.81,1.00,-0.01,0.00,-0.02,0.24,1.01,-2.64,10.62,0.00,0,2,1001.20,40.72,110.04,1001.20,39.48,109.58,0.41,1000.56,38.83,115.18,1.00,1.33,99.67,312.10,7954,0.67,0.51,9.74,1.00,0.03,-0.04,-0.01,4.70,-3.85,-1.13,6,18,32,0,35.2901933,136.2528933,87.40, 0.33
271410,-0.06,-0.52,9.11,1.00,-0.01,0.00,-0.02,0.24,1.01,-2.64,10.61,0.00,0,2,1001.20,40.72,110.00,1001.20,39.48,109.60,0.42,1000.56,38.82,115.17,0.55,0.99,99.67,312.19,7956,1.27,0.49,9.66,1.00,0.03,-0.04,-0.01,4.69,-3.86,-1.13,6,18,32,0,35.2901933,136.2528933,87.40, 0.33
271468,-0.15,-0.31,9.43,1.00,-0.01,0.00,-0.02,0.24,1.00,-2.64,10.60,0.00,0,2,1001.20,40.72,110.02,1001.20,39.48,109.62,0.42,1000.56,38.83,115.16,0.53,0.97,99.67,312.19,7956,0.40,0.45,9.79,1.00,0.03,-0.04,-0.01,4.69,-3.85,-1.12,6,18,32,0,35.2901933,136.2528933,87.40, 0.33
271521,-0.07,-0.16,9.75,1.00,-0.01,0.00,-0.02,0.24,0.98,-2.64,10.60,0.00,0,2,1001.20,40.72,110.03,1001.20,39.49,109.58,0.42,1000.56,38.82,115.23,0.40,0.84,99.67,312.19,7955,0.60,0.48,9.80,1.00,0.03,-0.04,-0.01,4.67,-3.84,-1.11,6,18,32,0,35.2901933,136.2528933,87.40, 0.33
271578,-0.02,-0.20,9.56,1.00,-0.01,0.00,-0.02,0.24,0.98,-2.64,10.60,0.00,0,2,1001.20,40.71,110.04,1001.20,39.49,109.61,0.42,1000.56,38.83,115.17,0.55,0.99,99.67,312.19,7955,1.08,0.73,9.82,1.00,0.03,-0.04,-0.01,4.67,-3.83,-1.12,6,18,32,0,35.2901933,136.2528933,87.40, 0.33
271630,-0.04,-0.27,9.68,1.00,-0.01,0.00,-0.02,0.24,0.98,-2.64,10.60,0.00,0,2,1001.20,40.71,109.99,1001.20,39.48,109.59,0.42,1000.56,38.83,115.21,0.30,0.73,99.67,312.19,7956,0.76,0.92,9.81,1.00,0.03,-0.04,-0.01,4.67,-3.84,-1.13,6,18,32,0,35.2901933,136.2528933,87.40, 0.33
271687,0.07,-0.17,9.77,1.00,-0.01,0.00,-0.02,0.24,0.98,-2.64,10.60,0.00,0,2,1001.20,40.71,109.99,1001.20,39.49,109.59,0.42,1000.56,38.82,115.17,0.05,0.30,99.67,312.10,7954,0.57,0.60,9.80,1.00,0.03,-0.04,-0.01,4.67,-3.85,-1.11,6,18,32,0,35.2901933,136.2528933,87.40, 0.33
271738,-0.09,-0.16,9.87,1.00,-0.01,0.00,-0.02,0.24,0.98,-2.64,10.61,0.00,0,2,1001.20,40.72,109.99,1001.20,39.49,109.57,0.42,1000.56,38.84,115.22,0.03,0.24,99.67,312.10,7956,0.50,0.82,9.78,1.00,0.03,-0.04,-0.01,4.68,-3.84,-1.12,6,18,32,0,35.2901933,136.2528933,87.40, 0.30
271792,-0.05,-0.13,9.90,1.00,-0.01,0.00,-0.02,0.24,0.98,-2.64,10.60,0.00,0,2,1001.20,40.71,110.02,1001.20,39.47,109.59,0.42,1000.56,38.83,115.20,0.45,0.89,99.67,312.19,7955,0.84,0.54,9.68,1.00,0.03,-0.04,-0.01,4.68,-3.84,-1.14,6,18,32,0,35.2901933,136.2528933,87.40, 0.30
271849,-0.06,-0.13,9.74,1.00,-0.01,0.00,-0.02,0.24,0.98,-2.64,10.60,0.00,0,2,1001.20,40.71,110.01,1001.20,39.49,109.59,0.42,1000.57,38.84,115.16,0.67,1.09,99.67,312.10,7955,0.52,0.47,9.85,1.00,0.03,-0.04,-0.01,4.68,-3.83,-1.13,6,18,33,0,35.2901950,136.2528933,87.40, 0.30
271906,-0.15,-0.11,9.82,1.00,-0.01,0.00,-0.02,0.24,0.98,-2.64,10.60,0.00,0,2,1001.20,40.71,109.99,1001.20,39.48,109.59,0.42,1000.56,38.82,115.19,0.70,1.11,99.67,312.19,7955,0.44,0.63,9.75,1.00,0.03,-0.04,-0.01,4.67,-3.82,-1.12,6,18,33,0,35.2901950,136.2528933,87.40, 0.30
271958,-0.05,-0.32,9.80,1.00,-0.01,0.00,-0.02,0.24,0.98,-2.64,10.60,0.00,0,2,1001.20,40.72,110.04,1001.20,39.49,109.61,0.42,1000.57,38.84,115.14,0.57,1.00,99.67,312.19,7956,0.57,-2.26,8.75,1.00,0.03,-0.04,-0.01,4.67,-3.74,-1.12,6,18,33,0,35.2901950,136.2528933,87.40, 0.30
272015,-0.04,0.00,9.81,1.00,-0.01,0.00,-0.02,0.24,0.98,-2.64,10.59,0.00,0,2,1001.20,40.71,110.02,1001.20,39.49,109.59,0.42,1000.57,38.84,115.16,0.68,1.10,99.40,312.19,7956,1.12,0.81,9.78,1.00,0.03,-0.04,-0.01,4.67,-3.86,-1.14,6,18,33,0,35.2901950,136.2528933,87.40, 0.30
272068,-0.05,-0.14,9.82,1.00,-0.01,0.00,-0.02,0.24,0.98,-2.64,10.60,0.00,0,2,1001.20,40.72,110.01,1001.20,39.49,109.58,0.42,1000.56,38.83,115.17,0.70,1.11,99.49,312.10,7955,0.64,-0.22,9.37,1.00,0.03,-0.04,-0.01,4.67,-3.83,-1.13,6,18,33,0,35.2901950,136.2528933,87.40, 0.30
272127,-0.04,-0.30,9.76,1.00,-0.01,0.00,-0.02,0.24,0.98,-2.64,10.60,0.00,0,2,1001.20,40.71,110.03,1001.20,39.50,109.60,0.42,1000.56,38.83,115.17,0.82,1.20,99.58,312.01,7955,0.23,1.42,10.02,1.00,0.03,-0.04,-0.01,4.67,-3.84,-1.14,6,18,33,0,35.2901950,136.2528933,87.40, 0.30
272178,0.02,-0.18,9.79,1.00,-0.01,0.00,-0.02,0.24,0.98,-2.64,10.60,0.00,0,2,1001.20,40.72,110.01,1001.20,39.49,109.61,0.42,1000.57,38.82,115.12,0.82,1.20,99.40,312.01,7956,0.51,-0.99,9.18,1.00,0.03,-0.04,-0.01,4.67,-3.83,-1.15,6,18,33,0,35.2901950,136.2528933,87.40, 0.30
272236,0.02,-0.17,9.83,1.00,-0.01,0.00,-0.02,0.24,0.98,-2.64,10.60,0.00,0,2,1001.20,40.72,110.00,1001.20,39.48,109.61,0.42,1000.56,38.82,115.17,0.60,1.03,99.32,312.01,7955,0.69,2.48,10.26,1.00,0.03,-0.04,-0.01,4.67,-3.83,-1.13,6,18,33,0,35.2901950,136.2528933,87.40, 0.30
272289,-0.14,-0.22,9.82,1.00,-0.01,0.00,-0.02,0.24,0.98,-2.64,10.60,0.00,0,2,1001.20,40.72,110.00,1001.20,39.49,109.57,0.42,1000.56,38.84,115.18,0.90,1.26,99.23,312.01,7956,0.43,1.04,9.88,1.00,0.03,-0.04,-0.01,4.67,-3.84,-1.14,6,18,33,0,35.2901950,136.2528933,87.40, 0.30
272347,-0.15,-0.09,9.74,1.00,-0.01,0.00,-0.02,0.24,0.98,-2.64,10.60,0.00,0,2,1001.20,40.73,110.02,1001.20,39.50,109.57,0.43,1000.56,38.83,115.21,0.80,1.19,99.14,312.01,7955,1.05,1.06,9.99,1.00,0.03,-0.04,-0.01,4.67,-3.82,-1.16,6,18,33,0,35.2901950,136.2528933,87.40, 0.30
272400,0.06,-0.04,9.95,1.00,-0.01,0.00,-0.02,0.24,0.98,-2.64,10.59,0.00,0,2,1001.20,40.72,110.00,1001.20,39.49,109.59,0.42,1000.56,38.84,115.21,0.60,1.03,99.14,312.01,7956,1.20,1.64,10.00,1.00,0.03,-0.04,-0.01,4.67,-3.85,-1.15,6,18,33,0,35.2901950,136.2528933,87.40, 0.30
272456,0.02,-0.25,9.74,1.00,-0.01,0.00,-0.02,0.24,0.98,-2.64,10.59,0.00,0,2,1001.20,40.72,110.03,1001.20,39.50,109.60,0.42,1000.56,38.84,115.18,0.72,1.13,98.88,312.01,7956,0.21,-0.01,9.56,1.00,0.03,-0.04,-0.01,4.67,-3.81,-1.12,6,18,33,0,35.2901950,136.2528933,87.40, 0.30
272508,0.00,-0.15,9.83,1.00,-0.01,0.00,-0.02,0.24,0.98,-2.64,10.60,0.00,0,2,1001.20,40.72,110.00,1001.20,39.49,109.62,0.42,1000.56,38.82,115.24,0.88,1.25,98.88,312.01,7956,0.89,-0.18,9.57,1.00,0.03,-0.04,-0.01,4.67,-3.81,-1.12,6,18,33,0,35.2901950,136.2528933,87.40, 0.30
272566,-0.01,0.01,9.78,1.00,-0.01,0.00,-0.02,0.24,0.98,-2.64,10.60,0.00,0,2,1001.20,40.73,109.98,1001.20,39.50,109.60,0.42,1000.56,38.83,115.16,0.75,1.15,98.88,312.01,7954,1.08,-0.43,9.47,1.00,0.03,-0.04,-0.01,4.67,-3.81,-1.14,6,18,33,0,35.2901950,136.2528933,87.40, 0.30
272623,-0.11,-0.38,9.75,1.00,-0.01,0.00,-0.02,0.24,0.98,-2.64,10.61,0.00,0,2,1001.20,40.74,110.01,1001.20,39.51,109.59,0.41,1000.56,38.82,115.19,0.78,1.18,98.96,312.01,7955,1.40,-0.19,9.46,1.00,0.03,-0.04,-0.01,4.67,-3.82,-1.14,6,18,33,0,35.2901950,136.2528933,87.40, 0.30
272677,-0.06,-0.09,9.82,1.00,-0.01,0.00,-0.02,0.24,0.98,-2.64,10.60,0.00,0,2,1001.21,40.74,109.98,1001.20,39.51,109.61,0.42,1000.56,38.84,115.19,0.87,1.24,98.96,312.01,7956,1.00,1.56,10.12,1.00,0.03,-0.04,-0.01,4.67,-3.84,-1.14,6,18,33,0,35.2901950,136.2528933,87.40, 0.30
272733,0.00,-0.05,9.72,1.00,-0.01,0.00,-0.02,0.24,0.98,-2.64,10.60,0.00,0,2,1001.20,40.74,110.03,1001.20,39.50,109.57,0.42,1000.56,38.84,115.18,0.85,1.23,98.96,312.01,7954,1.16,1.65,10.04,1.00,0.03,-0.04,-0.01,4.67,-3.83,-1.14,6,18,33,0,35.2901950,136.2528933,87.40, 0.30
272786,0.03,-0.34,9.74,1.00,-0.01,0.00,-0.02,0.24,0.98,-2.64,10.60,0.00,0,2,1001.20,40.74,109.99,1001.20,39.51,109.58,0.42,1000.56,38.84,115.20,0.88,1.25,98.96,312.01,7954,0.87,1.75,10.06,1.00,0.03,-0.04,-0.01,4.67,-3.86,-1.15,6,18,33,0,35.2901950,136.2528933,87.40, 0.19
272840,-0.05,-0.23,9.77,1.00,-0.01,0.00,-0.02,0.24,0.98,-2.64,10.60,0.00,0,2,1001.20,40.75,110.00,1001.20,39.50,109.61,0.42,1000.56,38.84,115.19,0.73,1.14,98.96,312.01,7956,0.84,1.06,9.93,1.00,0.03,-0.04,-0.01,4.67,-3.85,-1.14,6,18,33,0,35.2901950,136.2528933,87.40, 0.19
272897,-0.08,-0.10,9.76,1.00,-0.01,0.00,-0.02,0.24,0.98,-2.64,10.60,0.00,0,2,1001.20,40.75,110.03,1001.20,39.52,109.59,0.42,1000.56,38.83,115.18,0.80,1.19,98.88,312.01,7956,0.98,0.17,9.67,1.00,0.03,-0.04,-0.01,4.67,-3.85,-1.12,6,18,33,0,35.2901950,136.2528933,87.40, 0.19
272953,-0.08,-0.15,9.85,1.00,-0.01,0.00,-0.02,0.24,0.98,-2.64,10.60,0.00,0,2,1001.20,40.76,110.01,1001.20,39.51,109.61,0.42,1000.56,38.85,115.17,1.05,1.36,98.79,312.01,7956,1.23,0.45,9.69,1.00,0.03,-0.04,-0.01,4.67,-3.84,-1.12,6,18,33,0,35.2901950,136.2528933,87.40, 0.19
273006,-0.09,-0.18,9.76,1.00,-0.01,0.00,-0.02,0.24,0.98,-2.64,10.60,0.00,0,2,1001.20,40.77,110.01,1001.20,39.52,109.58,0.42,1000.56,38.83,115.16,0.97,1.31,98.88,312.01,7956,0.99,0.52,9.77,1.00,0.03,-0.04,-0.01,4.67,-3.84,-1.12,6,18,33,0,35.2901950,136.2528933,87.40, 0.19
273062,-0.01,-0.13,9.87,1.00,-0.01,0.00,-0.02,0.24,0.98,-2.64,10.60,0.00,0,2,1001.20,40.75,110.02,1001.20,39.51,109.61,0.42,1000.56,38.84,115.19,0.92,1.27,98.96,312.01,7955,1.02,0.50,9.53,1.00,0.03,-0.04,-0.01,4.68,-3.84,-1.15,6,18,33,0,35.2901950,136.2528933,87.40, 0.19
273117,0.01,-0.13,9.75,1.00,-0.01,0.00,-0.02,0.24,0.98,-2.64,10.60,0.00,0,2,1001.21,40.77,109.99,1001.20,39.52,109.58,0.42,1000.56,38.84,115.21,0.98,1.32,99.14,312.10,7956,1.55,2.02,10.05,1.00,0.03,-0.04,-0.01,4.67,-3.87,-1.15,6,18,33,0,35.2901950,136.2528933,87.40, 0.19
273174,0.02,-0.18,9.82,1.00,-0.01,0.00,-0.02,0.24,0.98,-2.64,10.60,0.00,0,2,1001.21,40.76,109.97,1001.20,39.52,109.59,0.42,1000.56,38.83,115.22,0.90,1.26,99.23,312.10,7956,2.03,-0.06,9.69,1.00,0.03,-0.04,-0.01,4.67,-3.86,-1.15,6,18,33,0,35.2901950,136.2528933,87.40, 0.19
273227,-0.04,-0.17,9.82,1.00,-0.01,0.00,-0.02,0.24,0.98,-2.64,10.59,0.00,0,2,1001.20,40.76,110.03,1001.20,39.51,109.56,0.42,1000.56,38.82,115.20,0.85,1.23,99.05,312.10,7956,1.02,0.26,9.58,1.00,0.03,-0.04,-0.01,4.66,-3.85,-1.13,6,18,33,0,35.2901950,136.2528933,87.40, 0.19
273284,-0.02,-0.15,9.78,1.00,-0.01,0.00,-0.02,0.24,0.98,-2.64,10.60,0.00,0,2,1001.20,40.77,110.02,1001.20,39.52,109.61,0.42,1000.56,38.83,115.22,0.65,1.07,99.05,312.10,7955,0.63,0.22,9.56,1.00,0.03,-0.04,-0.01,4.66,-3.86,-1.14,6,18,33,0,35.2901950,136.2528933,87.40, 0.19
273335,-0.03,-0.18,9.80,1.00,-0.01,0.00,-0.02,0.24,0.98,-2.64,10.61,0.00,0,2,1001.20,40.76,110.03,1001.20,39.50,109.59,0.42,1000.56,38.84,115.19,1.00,1.33,99.05,312.10,7956,1.35,1.06,9.85,1.00,0.03,-0.04,-0.01,4.66,-3.86,-1.14,6,18,33,0,35.2901950,136.2528933,87.40, 0.19
273389,-0.04,-0.15,9.87,1.00,-0.01,0.00,-0.02,0.24,0.98,-2.64,10.61,0.00,0,2,1001.20,40.77,110.00,1001.20,39.52,109.59,0.42,1000.56,38.84,115.23,0.83,1.21,99.14,312.10,7956,1.01,0.70,9.78,1.00,0.03,-0.04,-0.01,4.66,-3.85,-1.14,6,18,33,0,35.2901950,136.2528933,87.40, 0.19
273445,-0.06,-0.14,9.78,1.00,-0.01,0.00,-0.02,0.24,0.98,-2.64,10.61,0.00,0,2,1001.20,40.78,110.01,1001.20,39.51,109.58,0.42,1000.56,38.84,115.19,0.55,0.99,99.05,312.10,7954,0.36,1.03,9.91,1.00,0.03,-0.04,-0.01,4.66,-3.85,-1.12,6,18,33,0,35.2901950,136.2528933,87.40, 0.19
273503,0.00,-0.19,9.82,1.00,-0.01,0.00,-0.02,0.24,0.98,-2.64,10.61,0.00,0,2,1001.21,40.79,109.99,1001.20,39.51,109.61,0.42,1000.56,38.85,115.19,0.33,0.77,98.96,312.10,7956,0.45,0.49,9.80,1.00,0.03,-0.04,-0.01,4.66,-3.83,-1.11,6,18,33,0,35.2901950,136.2528933,87.40, 0.19
273554,-0.07,-0.18,9.79,1.00,-0.01,0.00,-0.02,0.24,0.98,-2.64,10.61,0.00,0,2,1001.20,40.77,110.04,1001.20,39.50,109.60,0.42,1000.56,38.84,115.19,0.28,0.71,99.05,312.10,7955,0.96,0.60,9.75,1.00,0.03,-0.04,-0.01,4.66,-3.83,-1.12,6,18,33,0,35.2901950,136.2528933,87.40, 0.19
273607,-0.04,-0.16,9.79,1.00,-0.01,0.00,-0.02,0.24,0.98,-2.64,10.61,0.00,0,2,1001.20,40.78,110.03,1001.20,39.50,109.65,0.42,1000.56,38.84,115.22,0.25,0.67,98.96,312.10,7956,1.05,0.70,9.74,1.00,0.03,-0.04,-0.01,4.65,-3.83,-1.12,6,18,33,0,35.2901950,136.2528933,87.40, 0.19
273664,-0.04,-0.20,9.77,1.00,-0.01,0.00,-0.02,0.24,0.98,-2.64,10.62,0.00,0,2,1001.20,40.79,110.03,1001.20,39.50,109.62,0.42,1000.56,38.84,115.21,0.22,0.62,98.96,312.10,7955,0.65,0.28,9.69,1.00,0.03,-0.04,-0.01,4.65,-3.81,-1.10,6,18,34,0,35.2901967,136.2528900,87.40, 0.20
273716,-0.05,-0.17,9.82,1.00,-0.01,0.00,-0.02,0.24,0.98,-2.64,10.62,0.00,0,2,1001.20,40.80,110.01,1001.20,39.51,109.60,0.42,1000.56,38.84,115.19,0.35,0.79,98.88,312.10,7955,0.76,0.96,9.93,1.00,0.03,-0.04,-0.01,4.65,-3.85,-1.11,6,18,34,0,35.2901967,136.2528900,87.40, 0.20
273772,-0.03,-0.11,9.79,1.00,-0.01,0.00,-0.02,0.24,0.98,-2.64,10.61,0.00,0,2,1001.20,40.80,110.01,1001.19,39.51,109.65,0.42,1000.57,38.84,115.16,0.55,0.99,98.88,312.10,7955,0.52,0.49,9.83,1.00,0.03,-0.04,-0.01,4.65,-3.85,-1.10,6,18,34,0,35.2901967,136.2528900,87.40, 0.20
273826,-0.01,-0.24,9.75,1.00,-0.01,0.00,-0.02,0.24,0.98,-2.64,10.60,0.00,0,2,1001.21,40.79,109.99,1001.20,39.51,109.64,0.42,1000.57,38.84,115.14,0.43,0.88,98.88,312.10,7955,0.72,1.35,9.96,1.00,0.03,-0.04,-0.01,4.65,-3.88,-1.12,6,18,35,0,35.2901983,136.2528900,87.40, 0.20
273883,-0.04,-0.15,9.76,1.00,-0.01,0.00,-0.02,0.24,0.98,-2.64,10.61,0.00,0,2,1001.20,40.79,110.03,1001.20,39.51,109.62,0.42,1000.56,38.83,115.20,0.27,0.69,98.96,312.10,7955,0.81,0.36,9.70,1.00,0.03,-0.04,-0.01,4.65,-3.85,-1.12,6,18,35,0,35.2901983,136.2528900,87.40, 0.20
273934,-0.01,-0.11,9.81,1.00,-0.01,0.00,-0.02,0.24,0.98,-2.64,10.61,0.00,0,2,1001.20,40.80,110.03,1001.20,39.51,109.58,0.42,1000.56,38.84,115.18,0.37,0.81,98.88,312.10,7956,0.76,0.83,9.86,1.00,0.03,-0.04,-0.01,4.65,-3.85,-1.12,6,18,35,0,35.2901983,136.2528900,87.40, 0.20
273992,-0.03,-0.20,9.76,1.00,-0.01,0.00,-0.02,0.24,0.98,-2.64,10.61,0.00,0,2,1001.20,40.80,110.03,1001.20,39.51,109.61,0.41,1000.56,38.83,115.22,0.60,1.03,98.88,312.10,7956,0.77,0.68,9.77,1.00,0.03,-0.04,-0.01,4.65,-3.85,-1.12,6,18,35,0,35.2901983,136.2528900,87.40, 0.20
274043,-0.01,-0.18,9.79,1.00,-0.01,0.00,-0.02,0.24,0.98,-2.64,10.61,0.00,0,2,1001.20,40.80,110.03,1001.20,39.52,109.63,0.40,1000.56,38.84,115.19,0.83,1.21,98.88,312.10,7955,0.95,0.33,9.69,1.00,0.03,-0.04,-0.01,4.65,-3.85,-1.12,6,18,35,0,35.2901983,136.2528900,87.40, 0.20
274099,-0.03,-0.17,9.85,1.00,-0.01,0.00,-0.02,0.24,0.98,-2.64,10.61,0.00,0,2,1001.21,40.80,109.99,1001.20,39.52,109.60,0.40,1000.56,38.83,115.20,0.73,1.14,98.88,312.10,7956,0.91,0.46,9.72,1.00,0.03,-0.04,-0.01,4.65,-3.86,-1.12,6,18,35,0,35.2901983,136.2528900,87.40, 0.20
274153,-0.08,-0.13,9.76,1.00,-0.01,0.00,-0.02,0.24,0.98,-2.64,10.60,0.00,0,2,1001.20,40.80,110.03,1001.20,39.53,109.62,0.41,1000.56,38.84,115.21,0.67,1.09,98.96,312.10,7955,0.76,0.61,9.77,1.00,0.03,-0.04,-0.01,4.65,-3.88,-1.12,6,18,35,0,35.2901983,136.2528900,87.40, 0.20
274211,-0.07,-0.23,9.76,1.00,-0.01,0.00,-0.02,0.24,0.98,-2.64,10.60,0.00,0,2,1001.21,40.82,109.99,1001.20,39.53,109.58,0.40,1000.56,38.84,115.18,0.67,1.09,98.96,312.10,7955,0.90,0.25,9.69,1.00,0.03,-0.04,-0.01,4.65,-3.86,-1.11,6,18,35,0,35.2901983,136.2528900,87.40, 0.20
274263,-0.04,-0.21,9.67,1.00,-0.01,0.00,-0.02,0.24,0.98,-2.64,10.60,0.00,0,2,1001.20,40.80,110.03,1001.20,39.53,109.62,0.42,1000.56,38.85,115.19,0.72,1.13,98.96,312.10,7956,0.91,0.49,9.74,1.00,0.03,-0.04,-0.01,4.65,-3.88,-1.11,6,18,35,0,35.2901983,136.2528900,87.40, 0.20
274319,-0.03,-0.14,9.74,1.00,-0.01,0.00,-0.02,0.24,0.98,-2.64,10.60,0.00,0,2,1001.21,40.81,110.00,1001.20,39.52,109.58,0.42,1000.56,38.84,115.18,0.78,1.18,98.96,312.10,7955,0.83,0.60,9.79,1.00,0.03,-0.04,-0.01,4.65,-3.88,-1.11,6,18,35,0,35.2901983,136.2528900,87.40, 0.20
274374,0.02,-0.23,9.85,1.00,-0.01,0.00,-0.02,0.24,0.98,-2.64,10.61,0.00,0,2,1001.20,40.81,110.01,1001.20,39.53,109.61,0.42,1000.56,38.84,115.21,0.72,1.13,98.96,312.10,7955,0.72,0.61,9.81,1.00,0.03,-0.04,-0.01,4.65,-3.87,-1.11,6,18,35,0,35.2901983,136.2528900,87.40, 0.20
274430,-0.04,-0.17,9.77,1.00,-0.01,0.00,-0.02,0.24,0.98,-2.64,10.60,0.00,0,2,1001.20,40.81,110.01,1001.20,39.52,109.62,0.41,1000.56,38.85,115.17,0.67,1.09,98.96,312.10,7956,0.87,0.77,9.79,1.00,0.03,-0.04,-0.01,4.65,-3.87,-1.11,6,18,35,0,35.2901983,136.2528900,87.40, 0.20
274482,-0.15,-0.17,9.77,1.00,-0.01,0.00,-0.02,0.24,0.98,-2.64,10.61,0.00,0,2,1001.20,40.82,110.02,1001.20,39.53,109.60,0.42,1000.56,38.85,115.20,1.00,1.33,98.96,312.10,7955,0.81,0.74,9.86,1.00,0.03,-0.04,-0.01,4.65,-3.87,-1.11,6,18,35,0,35.2901983,136.2528900,87.40, 0.20
274535,-0.04,-0.19,9.80,1.00,-0.01,0.00,-0.02,0.24,0.98,-2.64,10.61,0.00,0,2,1001.20,40.82,110.03,1001.20,39.53,109.63,0.42,1000.56,38.85,115.17,0.67,1.09,98.88,312.10,7956,0.74,0.69,9.84,1.00,0.03,-0.04,-0.01,4.65,-3.87,-1.11,6,18,35,0,35.2901983,136.2528900,87.40, 0.20
274592,-0.03,-0.23,9.81,1.00,-0.01,0.00,-0.02,0.24,0.98,-2.64,10.61,0.00,0,2,1001.20,40.82,110.04,1001.19,39.53,109.62,0.42,1000.56,38.84,115.21,0.70,1.11,98.96,312.10,7955,0.75,0.94,9.85,1.00,0.03,-0.04,-0.01,4.65,-3.88,-1.11,6,18,35,0,35.2901983,136.2528900,87.40, 0.20
274649,-0.06,-0.20,9.81,1.00,-0.01,0.00,-0.02,0.24,0.98,-2.64,10.61,0.00,0,2,1001.21,40.85,110.01,1001.20,39.52,109.62,0.41,1000.56,38.84,115.23,0.67,1.09,99.05,312.10,7954,0.87,0.72,9.80,1.00,0.03,-0.04,-0.01,4.65,-3.87,-1.11,6,18,35,0,35.2901983,136.2528900,87.40, 0.19
274702,-0.07,-0.17,9.76,1.00,-0.01,0.00,-0.02,0.24,0.98,-2.64,10.62,0.00,0,2,1001.20,40.83,110.06,1001.20,39.52,109.62,0.41,1000.56,38.84,115.18,0.68,1.10,99.23,312.10,7956,1.15,-0.40,9.38,1.00,0.03,-0.04,-0.01,4.65,-3.73,-1.10,6,18,35,0,35.2901983,136.2528900,87.40, 0.19
274754,0.07,-0.13,9.90,1.00,-0.01,0.00,-0.02,0.24,0.98,-2.64,10.61,0.00,0,2,1001.20,40.82,110.03,1001.20,39.53,109.62,0.41,1000.56,38.83,115.22,0.63,1.06,99.14,312.10,32895,1.37,1.55,10.03,1.00,0.03,-0.04,-0.01,4.65,-3.70,-1.10,6,18,36,0,35.2901983,136.2528917,87.40, 0.19
274811,0.00,-0.16,9.80,1.00,-0.01,0.00,-0.02,0.24,0.98,-2.64,10.61,0.00,0,2,1001.20,40.84,110.02,1001.20,39.52,109.62,0.42,1000.56,38.85,115.24,0.63,1.06,99.40,312.10,7955,1.21,0.02,10.02,1.00,0.03,-0.04,-0.01,4.65,-3.65,-1.11,6,18,36,0,35.2901983,136.2528917,87.40, 0.19
274869,-0.06,-0.14,9.82,1.00,-0.01,0.00,-0.02,0.24,0.98,-2.64,10.61,0.00,0,2,1001.20,40.84,110.03,1001.20,39.53,109.62,0.41,1000.56,38.85,115.19,0.80,1.19,99.58,312.10,7955,0.59,0.64,9.78,1.00,0.03,-0.04,-0.01,4.63,-3.76,-1.13,6,18,36,0,35.2901983,136.2528917,87.40, 0.19
274922,-0.04,-0.18,9.82,1.00,-0.01,0.00,-0.02,0.24,0.98,-2.64,10.61,0.00,0,2,1001.20,40.83,110.08,1001.20,39.52,109.62,0.41,1000.56,38.85,115.19,0.80,1.19,99.67,312.10,7955,0.81,0.26,9.43,1.00,0.03,-0.04,-0.01,4.63,-3.83,-1.09,6,18,36,0,35.2901983,136.2528917,87.40, 0.19
274977,-0.04,-0.22,9.80,1.00,-0.01,0.00,-0.02,0.24,0.98,-2.64,10.61,0.00,0,2,1001.20,40.83,110.03,1001.20,39.53,109.64,0.40,1000.56,38.84,115.21,0.83,1.21,99.67,312.10,7956,1.45,1.32,9.87,1.00,0.03,-0.04,-0.01,4.63,-3.86,-1.11,6,18,36,0,35.2901983,136.2528917,87.40, 0.19
275031,0.00,-0.16,9.76,1.00,-0.01,0.00,-0.02,0.24,0.98,-2.64,10.61,0.00,0,2,1001.20,40.84,110.04,1001.20,39.54,109.63,0.41,1000.56,38.85,115.21,0.92,1.27,99.58,312.01,7954,0.04,0.83,10.11,1.00,0.03,-0.04,-0.01,4.63,-3.87,-1.07,6,18,36,0,35.2901983,136.2528917,87.40, 0.19
275089,-0.08,-0.21,9.72,1.00,-0.01,0.00,-0.02,0.24,0.98,-2.64,10.62,0.00,0,2,1001.20,40.84,110.07,1001.20,39.52,109.64,0.41,1000.56,38.84,115.23,0.62,1.04,99.76,312.10,7956,-0.71,0.96,9.81,1.00,0.03,-0.04,-0.01,4.64,-3.88,-1.07,6,18,36,0,35.2901983,136.2528917,87.40, 0.19
275142,-0.10,-0.17,9.76,1.00,-0.01,0.00,-0.02,0.24,0.98,-2.64,10.61,0.00,0,2,1001.20,40.84,110.04,1001.19,39.52,109.64,0.41,1000.56,38.85,115.19,1.07,1.37,99.76,312.01,7956,0.05,0.73,10.04,1.00,0.03,-0.04,-0.01,4.65,-3.88,-1.08,6,18,36,0,35.2901983,136.2528917,87.40, 0.19
275199,-0.01,-0.15,9.77,1.00,-0.01,0.00,-0.02,0.24,0.98,-2.64,10.62,0.00,0,2,1001.20,40.84,110.02,1001.20,39.53,109.62,0.40,1000.56,38.85,115.21,-0.08,0.38,99.67,312.01,7956,0.46,0.51,9.96,1.00,0.03,-0.04,-0.01,4.65,-3.88,-1.09,6,18,36,0,35.2901983,136.2528917,87.40, 0.19
275250,0.00,-0.17,9.79,1.00,-0.01,0.00,-0.02,0.24,0.98,-2.64,10.60,0.00,0,2,1001.21,40.84,110.01,1001.20,39.53,109.60,0.42,1000.56,38.84,115.19,0.63,1.06,99.58,311.92,7954,0.42,0.61,9.91,1.00,0.03,-0.04,-0.01,4.65,-3.88,-1.05,6,18,36,0,35.2901983,136.2528917,87.40, 0.19
275308,-0.02,-0.20,9.80,1.00,-0.01,0.00,-0.02,0.24,0.98,-2.64,10.60,0.00,0,2,1001.20,40.84,110.02,1001.20,39.52,109.64,0.41,1000.56,38.85,115.19,0.13,0.49,99.40,311.92,7956,0.10,0.56,9.85,1.00,0.03,-0.04,-0.01,4.65,-3.88,-1.06,6,18,36,0,35.2901983,136.2528917,87.40, 0.19
275362,-0.04,-0.15,9.77,1.00,-0.01,0.00,-0.02,0.24,0.98,-2.64,10.60,0.00,0,2,1001.20,40.85,110.03,1001.20,39.53,109.62,0.42,1000.56,38.84,115.21,-0.12,0.45,99.58,311.92,7956,1.33,0.62,9.70,1.00,0.03,-0.04,-0.01,4.66,-3.87,-1.08,6,18,36,0,35.2901983,136.2528917,87.40, 0.19
275419,-0.04,-0.11,9.82,1.00,-0.01,0.00,-0.02,0.24,0.98,-2.64,10.61,0.00,0,2,1001.20,40.86,110.06,1001.20,39.53,109.62,0.43,1000.56,38.85,115.21,0.12,0.45,99.58,311.92,7955,0.57,0.46,9.83,1.00,0.03,-0.04,-0.01,4.65,-3.87,-1.05,6,18,36,0,35.2901983,136.2528917,87.40, 0.19
275471,-0.05,-0.21,9.82,1.00,-0.01,0.00,-0.02,0.24,0.98,-2.64,10.60,0.00,0,2,1001.20,40.84,110.02,1001.20,39.54,109.63,0.42,1000.56,38.84,115.23,0.15,0.52,99.58,311.92,7955,0.09,0.60,9.88,1.00,0.03,-0.04,-0.01,4.66,-3.87,-1.07,6,18,36,0,35.2901983,136.2528917,87.40, 0.19
275528,-0.06,-0.13,9.76,1.00,-0.01,0.00,-0.02,0.24,0.98,-2.64,10.60,0.00,0,2,1001.20,40.86,110.02,1001.20,39.54,109.63,0.42,1000.56,38.84,115.21,0.20,0.59,99.58,311.92,7955,1.19,0.63,9.72,1.00,0.03,-0.04,-0.01,4.66,-3.87,-1.08,6,18,36,0,35.2901983,136.2528917,87.40, 0.19
275581,0.00,-0.05,9.97,1.00,-0.01,0.00,-0.02,0.24,0.98,-2.64,10.60,0.00,0,2,1001.20,40.84,110.04,1001.20,39.54,109.64,0.42,1000.56,38.84,115.18,0.18,0.57,99.58,311.92,7955,1.39,0.54,9.73,1.00,0.03,-0.04,-0.01,4.66,-3.87,-1.08,6,18,36,0,35.2901983,136.2528917,87.40, 0.19
275635,-0.07,-0.17,9.80,1.00,-0.01,0.00,-0.02,0.24,0.98,-2.64,10.60,0.00,0,2,1001.20,40.85,110.03,1001.20,39.54,109.63,0.42,1000.56,38.85,115.17,0.23,0.64,99.32,311.92,7955,-0.05,0.69,9.93,1.00,0.03,-0.04,-0.01,4.65,-3.87,-1.05,6,18,36,0,35.2901983,136.2528917,87.40, 0.17
275689,-0.09,-0.24,9.68,1.00,-0.01,0.00,-0.02,0.24,0.98,-2.64,10.61,0.00,0,2,1001.20,40.84,110.05,1001.20,39.54,109.65,0.42,1000.56,38.84,115.19,-0.05,0.30,99.40,311.92,7954,1.11,0.71,9.81,1.00,0.03,-0.04,-0.01,4.65,-3.87,-1.07,6,18,36,0,35.2901983,136.2528917,87.40, 0.17
275746,-0.05,-0.21,9.85,1.00,-0.01,0.00,-0.02,0.24,0.97,-2.64,10.61,0.00,0,2,1001.20,40.85,110.03,1001.19,39.53,109.65,0.42,1000.56,38.84,115.20,0.17,0.54,99.32,311.92,7955,1.61,1.00,9.80,1.00,0.03,-0.04,-0.01,4.65,-3.87,-1.08,6,18,36,0,35.2901983,136.2528917,87.40, 0.17
275798,0.04,-0.11,9.91,1.00,-0.01,0.00,-0.02,0.24,0.94,-2.64,10.61,0.00,0,2,1001.20,40.84,110.04,1001.20,39.53,109.64,0.42,1000.56,38.84,115.23,0.40,0.84,99.32,311.92,7955,1.44,1.00,9.83,1.00,0.03,-0.04,-0.01,4.65,-3.87,-1.08,6,18,37,0,35.2902000,136.2528933,87.30, 0.17
275856,-0.09,-0.24,9.46,1.00,-0.01,0.00,-0.02,0.23,0.91,-2.64,10.61,0.00,0,2,1001.20,40.83,110.06,1001.20,39.53,109.65,0.42,1000.56,38.83,115.22,0.17,0.54,99.32,311.92,7955,0.83,0.98,9.84,1.00,0.03,-0.04,-0.01,4.65,-3.87,-1.06,6,18,37,0,35.2902000,136.2528933,87.30, 0.17
275909,-0.06,-0.19,9.73,1.00,-0.01,0.00,-0.02,0.23,0.93,-2.64,10.61,0.00,0,2,1001.20,40.85,110.03,1001.20,39.54,109.64,0.42,1000.56,38.85,115.21,0.48,0.92,99.23,311.92,7955,1.16,0.37,9.64,1.00,0.03,-0.04,-0.01,4.65,-3.87,-1.08,6,18,37,0,35.2902000,136.2528933,87.30, 0.17
275967,-0.03,-0.17,9.93,1.00,-0.01,0.00,-0.02,0.23,0.88,-2.64,10.61,0.00,0,2,1001.20,40.83,110.04,1001.20,39.55,109.63,0.42,1000.56,38.83,115.24,0.15,0.52,99.23,311.92,7955,1.51,0.46,9.66,1.00,0.03,-0.04,-0.01,4.65,-3.87,-1.09,6,18,37,0,35.2902000,136.2528933,87.30, 0.17
276019,-0.11,-0.10,9.66,1.00,-0.01,0.00,-0.02,0.23,0.87,-2.64,10.61,0.00,0,2,1001.20,40.82,110.05,1001.20,39.54,109.65,0.42,1000.56,38.85,115.22,0.50,0.94,99.32,311.92,7956,0.86,0.43,9.72,1.00,0.03,-0.04,-0.01,4.65,-3.87,-1.07,6,18,37,0,35.2902000,136.2528933,87.30, 0.17
276075,-0.10,-0.27,9.70,1.00,-0.01,0.00,-0.02,0.23,0.87,-2.64,10.60,0.00,0,2,1001.20,40.83,110.03,1001.20,39.55,109.65,0.42,1000.56,38.84,115.19,0.52,0.96,99.32,312.01,7955,1.10,0.90,9.80,1.00,0.03,-0.04,-0.01,4.65,-3.87,-1.08,6,18,37,0,35.2902000,136.2528933,87.30, 0.17
276129,0.09,-0.05,9.81,1.00,-0.01,0.00,-0.02,0.20,0.82,-2.64,10.60,0.00,0,2,1001.20,40.83,110.06,1001.20,39.54,109.63,0.42,1000.56,38.84,115.20,0.43,0.88,99.23,311.92,7955,1.34,0.80,9.76,1.00,0.03,-0.04,-0.01,4.65,-3.87,-1.08,6,18,37,0,35.2902000,136.2528933,87.30, 0.17
276183,0.03,-0.19,9.79,1.00,-0.01,0.00,-0.02,0.18,0.80,-2.64,10.60,0.00,0,2,1001.20,40.82,110.06,1001.20,39.54,109.63,0.41,1000.56,38.84,115.21,0.43,0.88,99.23,311.92,7955,0.97,0.92,9.83,1.00,0.03,-0.04,-0.01,4.65,-3.87,-1.07,6,18,37,0,35.2902000,136.2528933,87.30, 0.17
276238,0.03,-0.19,9.70,1.00,-0.01,0.00,-0.02,0.18,0.82,-2.64,10.60,0.00,0,2,1001.20,40.83,110.04,1001.20,39.55,109.64,0.42,1000.56,38.84,115.21,0.68,1.10,99.14,311.92,7954,1.05,0.34,9.66,1.00,0.03,-0.04,-0.01,4.65,-3.86,-1.07,6,18,37,0,35.2902000,136.2528933,87.30, 0.17
276290,0.07,-0.18,9.89,1.00,-0.01,0.00,-0.02,0.17,0.80,-2.64,10.60,0.00,0,2,1001.20,40.83,110.03,1001.20,39.55,109.63,0.42,1000.56,38.84,115.19,0.55,0.99,99.40,312.01,7954,1.44,0.49,9.63,1.00,0.03,-0.04,-0.01,4.65,-3.86,-1.08,6,18,37,0,35.2902000,136.2528933,87.30, 0.17
276348,-0.08,-0.27,9.64,1.00,-0.01,0.00,-0.02,0.16,0.77,-2.64,10.60,0.00,0,2,1001.20,40.81,110.05,1001.20,39.55,109.61,0.42,1000.56,38.83,115.24,0.85,1.23,99.40,311.92,7955,1.40,0.77,9.76,1.00,0.03,-0.04,-0.01,4.65,-3.87,-1.08,6,18,37,0,35.2902000,136.2528933,87.30, 0.17
276406,0.14,-0.11,9.96,1.00,-0.01,0.00,-0.02,0.14,0.73,-2.64,10.60,0.00,0,2,1001.20,40.83,110.03,1001.20,39.55,109.63,0.42,1000.56,38.84,115.19,0.97,1.31,99.40,311.92,7955,0.42,0.38,9.74,1.00,0.03,-0.04,-0.01,4.65,-3.87,-1.06,6,18,37,0,35.2902000,136.2528933,87.30, 0.17
276459,-0.03,-0.24,9.73,1.00,-0.01,0.00,-0.02,0.12,0.71,-2.64,10.60,0.00,0,2,1001.20,40.82,110.05,1001.20,39.55,109.62,0.42,1000.56,38.84,115.23,0.73,1.14,99.32,311.92,7955,0.35,0.77,9.85,1.00,0.03,-0.04,-0.01,4.65,-3.87,-1.07,6,18,37,0,35.2902000,136.2528933,87.30, 0.17
276516,0.03,-0.17,9.73,1.00,-0.01,0.00,-0.02,0.12,0.71,-2.64,10.60,0.00,0,2,1001.20,40.83,110.03,1001.20,39.54,109.63,0.42,1000.56,38.83,115.18,0.62,1.04,99.32,312.01,7956,1.31,0.58,9.65,1.00,0.03,-0.04,-0.01,4.65,-3.87,-1.08,6,18,37,0,35.2902000,136.2528933,87.30, 0.17
