0.05,0.10,9.63,-0.49,-0.00,-0.00,-0.87,0.26,-0.32,121.75,23,19,53,0,35.2950817,136.2496133,96.20, 0.42
847625,0.14,0.26,9.70,-0.76,-0.02,-0.01,-0.65,-0.86,-2.09,81.71,-0.93,2.43,2,2,1002.12,35.37,99.81,1042.85,30.49,-255.17,0.42,1001.41,36.42,106.63,0.08,0.38,106.08,311.22,6500,0.16,0.11,9.71,-0.49,-0.00,-0.00,-0.87,0.26,-0.33,121.68,23,19,53,0,35.2950817,136.2496133,96.20, 0.69
847681,0.06,0.31,9.65,-0.76,-0.02,-0.01,-0.65,-0.86,-2.10,81.61,-0.70,2.43,2,2,1002.09,35.36,100.11,1042.85,30.49,-255.17,0.42,1001.41,36.43,106.64,0.10,0.42,106.08,311.22,6500,0.18,0.13,9.82,-0.49,-0.00,-0.00,-0.87,0.24,-0.34,121.63,23,19,53,0,35.2950817,136.2496133,96.20, 0.69
847734,0.16,0.29,9.63,-0.76,-0.02,-0.01,-0.65,-0.86,-2.13,81.51,-0.39,2.43,2,2,1002.04,35.37,100.53,1042.85,30.49,-255.17,0.42,1001.40,36.41,106.68,0.18,0.57,106.08,311.22,6500,0.20,0.25,9.77,-0.49,-0.00,-0.00,-0.87,0.24,-0.34,121.56,23,19,53,0,35.2950817,136.2496133,96.20, 0.69
847788,0.15,0.33,9.56,-0.76,-0.02,-0.01,-0.65,-0.85,-2.17,81.43,-0.03,2.43,2,2,10018,0.57,106.08,311.22,6500,0.00,0.00,9.69,-0.49,-0.00,-0.00,-0.87,0.24,-0.34,121.51,23,19,54,0,35.2950800,136.2496083,96.40, 0.69
847895,0.07,0.36,9.61,-0.76,-0.02,-0.01,-0.65,-0.85,-2.27,81.23,0.37,2.43,2,2,1001.97,35.37,101.20,1042.52,30.48,-251.83,0.50,1001.40,36.44,106.70,0.18,0.57,106.08,311.22,6500,0.00,0.00,9.69,-0.49,-0.00,-0.00,-0.87,0.24,-0.34,121.51,23,19,54,0,35.2950800,136.2496083,96.40, 0.69
847949,0.08,0.35,9.55,-0.76,-0.02,-0.01,-0.65,-0.84,-2.32,81.15,0.61,2.41,2,2,1001.95,35.38,101.40,1042.57,30.48,-252.76,0.50,1001.40,36.44,106.70,0.18,0.57,106.08,311.22,6500,0.00,0.00,9.69,-0.49,-0.00,-0.00,-0.87,0.24,-0.34,121.51,23,19,54,0,35.2950800,136.2496083,96.40, 0.69
848003,0.12,0.34,9.58,-0.76,-0.02,-0.01,-0.65,-0.85,-2.39,81.05,0.84,2.38,2,2,1001.94,35.37,101.49,1042.62,30.50,-249.53,0.50,1001.40,36.44,106.70,0.18,0.57,106.08,311.22,6500,0.00,0.00,9.69,-0.49,-0.00,-0.00,-0.87,0.24,-0.34,121.51,23,19,54,0,35.2950800,136.2496083,96.40, 0.69
848058,0.23,0.27,9.44,-0.76,-0.02,-0.01,-0.65,-0.85,-2.44,80.97,0.89,2.32,2,2,1001.91,35.37,101.73,1042.20,30.48,-249.64,0.51,1001.40,36.44,106.70,0.18,0.57,106.08,311.22,6500,0.00,0.00,9.69,-0.49,-0.00,-0.00,-0.87,0.24,-0.34,121.51,23,19,54,0,35.2950800,136.2496083,96.40, 0.69
848113,0.21,0.32,9.43,-0.76,-0.02,-0.01,-0.65,-0.86,-2.46,80.86,0.92,2.28,2,2,1001.90,35.36,101.77,1042.33,30.48,-250.51,0.49,1001.39,36.41,106.83,0.12,0.45,106.08,311.22,6500,-0.08,0.03,9.46,-0.49,-0.00,-0.00,-0.87,0.23,-0.14,121.12,23,19,54,0,35.2950800,136.2496083,96.40, 0.69
848167,0.17,0.33,9.40,-0.76,-0.02,-0.01,-0.65,-0.85,-2.47,80.78,1.03,2.28,2,2,1001.91,35.36,101.74,1042.19,30.48,-249.30,0.50,1001.39,36.41,106.80,0.07,0.34,106.08,311.22,6500,-0.03,0.01,9.41,-0.49,-0.00,-0.00,-0.87,0.23,-0.14,121.06,23,19,54,0,35.2950800,136.2496083,96.40, 0.69
848223,0.15,0.26,9.39,-0.76,-0.02,-0.01,-0.65,-0.86,-2.46,80.68,1.01,2.28,2,2,1001.93,35.37,101.51,1042.03,30.49,-248.18,0.52,1001.39,36.42,106.79,0.05,0.30,106.08,311.22,6500,-0.06,0.09,9.54,-0.49,-0.00,-0.00,-0.87,0.22,-0.14,120.98,23,19,54,0,35.2950800,136.2496083,96.40, 0.69
848280,0.19,0.29,9.38,-0.76,-0.02,-0.01,-0.65,-0.86,-2.46,80.60,0.82,2.28,2,2,1001.96,35.36,101.28,1041.64,30.48,-244.89,0.52,1001.39,36.42,106.77,-0.03,0.24,106.08,311.22,6499,-0.01,0.08,9.50,-0.49,-0.00,-0.00,-0.87,0.21,-0.15,120.92,23,19,54,0,35.2950800,136.2496083,96.40, 0.69
848333,0.17,0.24,9.32,-0.76,-0.02,-0.01,-0.65,-0.86,-2.49,80.49,0.69,2.28,2,2,1001.98,35.37,101.11,1041.52,30.50,-243.93,0.51,1001.39,36.41,106.77,0.03,0.24,106.08,311.22,6500,-0.11,0.09,9.54,-0.49,-0.00,-0.00,-0.87,0.21,-0.14,120.89,23,19,54,0,35.2950800,136.2496083,96.40, 0.69
848391,0.21,0.32,9.43,-0.76,-0.02,-0.01,-0.65,-0.85,-2.53,80.42,0.52,2.28,2,2,1001.98,35.36,101.10,1041.38,30.49,-241.84,0.50,1001.39,36.42,106.77,0.18,0.57,106.08,311.22,6498,0.03,0.25,9.63,-0.49,-0.00,0.00,-0.87,0.19,-0.11,120.79,23,19,54,0,35.2950800,136.2496083,96.40, 0.69
848444,0.21,0.32,9.54,-0.76,-0.02,-0.01,-0.64,-0.85,-2.60,80.32,0.47,2.30,2,2,1001.97,35.35,101.18,1041.41,30.48,-242.94,0.51,1001.39,36.42,106.75,0.18,0.57,106.08,311.22,6500,0.01,-0.26,9.47,-0.49,-0.00,0.00,-0.87,0.18,-0.06,120.75,23,19,54,0,35.2950800,136.2496083,96.40, 0.69
848497,0.24,0.32,9.58,-0.76,-0.02,-0.01,-0.64,-0.84,-2.69,80.25,0.51,2.31,2,2,1001.97,35.35,101.21,1041.48,30.50,-243.58,0.49,1001.39,36.41,106.74,0.20,0.59,106.08,311.22,6500,-0.05,-0.33,9.55,-0.49,-0.00,0.00,-0.87,0.18,0.02,120.70,23,19,54,0,35.2950800,136.2496083,96.40, 0.69
848553,0.23,0.29,9.57,-0.76,-0.02,-0.01,-0.64,-0.84,-2.81,80.16,0.52,2.31,2,2,1001.97,35.35,101.16,1040.99,30.49,-239.37,0.49,1001.39,36.41,106.74,0.12,0.45,106.08,311.22,6498,-0.08,0.16,9.71,-0.49,-0.00,0.00,-0.87,0.18,0.07,120.66,23,19,54,0,35.2950800,136.2496083,96.40, 0.69
848606,0.18,0.30,9.57,-0.77,-0.02,-0.01,-0.64,-0.83,-2.92,80.08,0.50,2.32,2,2,1001.98,35.36,101.06,1041.06,30.49,-242.90,0.50,1001.39,36.43,106.75,0.03,0.24,106.08,311.22,6500,-0.08,0.23,9.78,-0.50,-0.00,0.00,-0.87,0.19,0.17,120.61,23,19,54,0,35.2950800,136.2496083,96.40, 0.52
848663,0.15,0.31,9.53,-0.77,-0.02,-0.01,-0.64,-0.84,-3.01,79.99,0.40,2.33,2,2,1002.00,35.36,100.87,1041.34,30.49,-243.06,0.50,1001.40,36.41,106.73,0.10,0.42,106.08,311.22,6500,0.07,0.13,9.75,-0.50,-0.00,0.00,-0.87,0.19,0.23,120.58,23,19,54,0,35.2950800,136.2496083,96.40, 0.52
848716,0.20,0.35,9.59,-0.77,-0.03,-0.01,-0.64,-0.85,-3.07,79.93,0.28,2.37,2,2,1002.02,35.35,100.72,1041.69,30.49,-245.32,0.50,1001.39,36.41,106.74,0.05,0.30,106.08,311.22,6500,-0.01,-0.03,9.59,-0.50,0.00,0.00,-0.87,0.19,0.37,120.48,23,19,54,0,35.2950800,136.2496083,96.40, 0.52
848772,0.13,0.43,9.61,-0.77,-0.03,-0.01,-0.64,-0.84,-3.10,79.84,0.15,2.39,2,2,1002.04,35.36,100.57,1042.15,30.49,-249.25,0.51,1001.40,36.42,106.68,0.12,0.45,106.08,311.22,6500,0.01,-0.13,9.60,-0.50,0.00,0.00,-0.87,0.19,0.39,120.47,23,19,55,0,35.2950800,136.2496050,96.60, 0.52
848829,0.16,0.45,9.59,-0.77,-0.03,-0.01,-0.64,-0.84,-3.12,79.75,0.06,2.42,2,2,1002.04,35.36,100.53,1042.40,30.51,-251.36,0.50,1001.40,36.41,106.70,0.00,0.00,106.08,311.22,6500,0.05,-0.17,9.62,-0.50,0.00,0.00,-0.87,0.19,0.42,120.41,23,19,55,0,35.2950800,136.2496050,96.60, 0.52
848882,0.15,0.45,9.80,-0.77,-0.03,-0.01,-0.64,-0.84,-3.13,79.68,0.09,2.45,2,2,1002.02,35.35,100.72,1042.47,30.49,-251.01,0.50,1001.40,36.42,106.70,0.07,0.34,106.08,311.22,6500,0.00,-0.18,9.71,-0.50,0.00,0.00,-0.87,0.19,0.42,120.36,23,19,55,0,35.2950800,136.2496050,96.60, 0.52
848941,0.24,0.38,9.68,-0.77,-0.03,-0.01,-0.64,-0.87,-3.12,79.60,0.24,2.49,2,2,1002.00,35.34,100.93,1042.36,30.49,-250.62,0.50,1001.39,36.41,106.76,0.15,0.51,106.08,311.22,6500,-0.07,-0.13,9.74,-0.50,0.00,0.00,-0.87,0.16,0.42,120.32,23,19,55,0,35.2950800,136.2496050,96.60, 0.52
848993,0.16,0.36,9.63,-0.77,-0.03,-0.01,-0.64,-0.89,-3.12,79.53,0.48,2.52,2,2,1001.99,35.36,101.02,1042.38,30.50,-251.17,0.51,1001.39,36.41,106.74,0.17,0.54,106.08,311.22,6500,-0.13,-0.11,9.69,-0.50,0.00,0.00,-0.87,0.16,0.42,120.30,23,19,55,0,35.2950800,136.2496050,96.60, 0.52
849047,0.24,0.35,9.55,-0.77,-0.03,-0.01,-0.64,-0.90,-3.10,79.46,0.62,2.53,2,2,1001.98,35.36,101.12,1042.40,30.49,-251.39,0.50,1001.39,36.42,106.77,0.07,0.34,106.08,311.22,6500,-0.21,-0.06,9.72,-0.50,0.00,0.00,-0.87,0.16,0.42,120.26,23,19,55,0,35.2950800,136.2496050,96.60, 0.52
849102,0.21,0.33,9.53,-0.77,-0.03,-0.01,-0.64,-0.91,-3.06,79.37,0.65,2.53,2,2,1001.98,35.36,101.09,1042.08,30.49,-243.14,0.51,1001.39,36.41,106.74,0.05,0.30,106.08,311.22,6500,-0.05,-0.09,9.56,-0.50,0.00,0.00,-0.87,0.16,0.42,120.18,23,19,55,0,35.2950800,136.2496050,96.60, 0.52
849157,0.23,0.37,9.71,-0.77,-0.03,-0.01,-0.64,-0.91,-3.05,79.29,0.74,2.53,2,2,1001.95,35.35,101.37,1041.29,30.49,-241.49,0.50,1001.39,36.41,106.78,0.08,0.38,106.08,311.22,6500,-0.09,0.08,9.71,-0.50,0.00,0.00,-0.87,0.16,0.42,120.13,23,19,55,0,35.2950800,136.2496050,96.60, 0.52
849213,0.23,0.39,9.78,-0.77,-0.03,-0.01,-0.64,-0.92,-3.02,79.19,0.96,2.52,2,2,1001.89,35.35,101.86,1041.43,30.49,-243.16,0.53,1001.39,36.41,106.79,0.02,0.17,106.08,311.22,6500,-0.06,0.01,9.83,-0.50,0.00,0.00,-0.87,0.17,0.41,120.05,23,19,55,0,35.2950800,136.2496050,96.60, 0.52
849270,0.02,0.53,9.51,-0.77,-0.03,-0.01,-0.64,-0.91,-3.01,79.08,1.25,2.49,2,2,1001.88,35.35,101.96,1041.65,30.50,-244.96,0.50,1001.39,36.40,106.82,-0.05,0.30,106.08,311.22,6500,-0.09,-0.06,9.78,-0.50,0.00,0.00,-0.87,0.16,0.42,120.00,23,19,55,0,35.2950800,136.2496050,96.60, 0.52
849321,0.03,0.46,9.45,-0.77,-0.03,-0.01,-0.64,-0.90,-3.05,79.00,1.35,2.47,2,2,1001.88,35.35,102.02,1041.50,30.50,-243.72,0.51,1001.38,36.41,106.86,0.00,0.00,106.08,311.22,6500,0.19,-0.09,9.53,-0.50,0.00,0.00,-0.87,0.18,0.42,119.93,23,19,55,0,35.2950800,136.2496050,96.60, 0.52
849379,0.17,0.37,9.52,-0.77,-0.03,-0.01,-0.64,-0.89,-3.09,78.90,1.57,2.44,2,2,1001.82,35.35,102.53,1041.42,30.50,-242.46,0.41,1001.38,36.41,106.87,-0.07,0.34,106.08,311.22,6500,0.15,-0.16,9.57,-0.50,0.00,0.00,-0.87,0.18,0.43,119.85,23,19,55,0,35.2950800,136.2496050,96.60, 0.52
849432,0.22,0.50,9.36,-0.77,-0.03,-0.01,-0.63,-0.90,-3.09,78.81,1.58,2.42,2,2,1001.80,35.34,102.67,1041.33,30.49,-240.79,0.41,1001.38,36.41,106.86,0.02,0.17,106.08,311.22,6498,-0.08,-0.11,9.49,-0.50,0.00,0.00,-0.87,0.18,0.43,119.83,23,19,55,0,35.2950800,136.2496050,96.60, 0.52
849485,0.11,0.54,9.51,-0.77,-0.03,-0.01,-0.63,-0.89,-3.10,78.72,1.56,2.39,2,2,1001.81,35.34,102.62,1041.07,30.50,-240.08,0.50,1001.38,36.43,106.87,0.03,0.24,106.08,311.22,6500,0.19,-0.17,9.46,-0.50,0.00,0.00,-0.86,0.18,0.44,119.73,23,19,55,0,35.2950800,136.2496050,96.60, 0.49
849540,0.08,0.56,9.35,-0.77,-0.03,-0.01,-0.63,-0.88,-3.10,78.62,1.53,2.37,2,2,1001.85,35.35,102.25,1040.53,30.50,-235.50,0.50,1001.38,36.42,106.83,-0.05,0.30,106.00,311.22,6500,-0.06,-0.20,9.49,-0.50,0.00,0.00,-0.86,0.20,0.46,119.66,23,19,55,0,35.2950800,136.2496050,96.60, 0.49
849592,0.12,0.58,9.28,-0.77,-0.03,-0.01,-0.63,-0.88,-3.11,78.53,1.50,2.35,2,2,1001.87,35.35,102.12,1040.28,30.49,-231.30,0.41,1001.38,36.41,106.86,0.00,0.00,106.08,311.22,6498,0.13,-0.13,9.42,-0.50,0.00,0.00,-0.86,0.20,0.46,119.62,23,19,55,0,35.2950800,136.2496050,96.60, 0.49
849645,0.04,0.44,9.16,-0.77,-0.03,-0.01,-0.63,-0.87,-3.11,78.46,1.43,2.33,2,2,1001.91,35.34,101.67,1039.90,30.49,-230.10,0.46,1001.38,36.41,106.83,0.03,0.24,106.08,311.22,6500,-0.11,-0.19,9.50,-0.50,0.00,0.00,-0.86,0.20,0.48,119.55,23,19,55,0,35.2950800,136.2496050,96.60, 0.49
849701,0.16,0.47,9.39,-0.77,-0.03,-0.01,-0.63,-0.87,-3.11,78.37,1.00,2.31,2,2,1001.96,35.34,101.27,1039.78,30.48,-229.07,0.46,1001.39,36.43,106.77,0.00,0.00,106.08,311.22,6500,-0.04,-0.08,9.50,-0.50,0.00,0.00,-0.86,0.19,0.49,119.49,23,19,55,0,35.2950800,136.2496050,96.60, 0.49
849754,0.15,0.46,9.36,-0.78,-0.03,-0.01,-0.63,-0.87,-3.11,78.30,0.61,2.31,2,2,1001.99,35.35,100.97,1039.84,30.48,-229.59,0.44,1001.39,36.43,106.77,-0.03,0.24,106.00,311.22,6500,0.16,-0.04,9.61,-0.50,0.00,0.00,-0.86,0.19,0.49,119.42,23,19,55,0,35.2950800,136.2496050,96.60, 0.49
849809,0.28,0.41,9.51,-0.78,-0.03,-0.01,-0.63,-0.88,-3.11,78.20,0.46,2.30,2,2,1002.00,35.34,100.92,1039.92,30.48,-232.01,0.50,1001.39,36.43,106.74,-0.15,0.51,106.08,311.22,6499,-0.03,-0.08,9.56,-0.50,0.00,0.00,-0.86,0.17,0.48,119.35,23,19,55,0,35.2950800,136.2496050,96.60, 0.49
849862,0.08,0.48,9.61,-0.78,-0.03,-0.01,-0.63,-0.88,-3.12,78.12,0.30,2.30,2,2,1001.99,35.34,100.96,1040.38,30.48,-232.45,0.50,1001.39,36.43,106.77,0.07,0.34,106.08,311.22,6500,0.00,-0.05,9.66,-0.51,0.00,0.00,-0.86,0.16,0.48,119.31,23,19,56,0,35.2950783,136.2496017,96.80, 0.49
849919,0.23,0.59,9.68,-0.78,-0.03,-0.01,-0.63,-0.88,-3.20,78.01,0.27,2.30,2,2,1001.99,35.34,100.97,1039.95,30.49,-230.55,0.50,1001.39,36.42,106.75,0.05,0.30,106.08,311.22,6500,-0.19,0.02,9.71,-0.51,0.00,0.00,-0.86,0.15,0.55,119.23,23,19,56,0,35.2950783,136.2496017,96.80, 0.49
849973,0.20,0.62,9.40,-0.78,-0.03,-0.01,-0.63,-0.88,-3.30,77.93,0.19,2.30,2,2,1002.02,35.33,100.70,1039.74,30.49,-228.75,0.49,1001.40,36.41,106.74,0.02,0.17,106.00,311.22,6500,-0.07,-0.09,9.57,-0.51,0.00,0.01,-0.86,0.18,0.65,119.18,23,19,56,0,35.2950783,136.2496017,96.80, 0.49
850028,0.11,0.57,9.51,-0.78,-0.03,-0.01,-0.63,-0.87,-3.39,77.83,0.15,2.30,2,2,1002.01,35.35,100.79,1039.63,30.49,-227.85,0.50,1001.39,36.43,106.77,0.12,0.45,106.00,311.22,6500,-0.15,-0.13,9.62,-0.51,0.00,0.01,-0.86,0.19,0.75,119.13,23,19,56,0,35.2950783,136.2496017,96.80, 0.49
850080,0.22,0.64,9.43,-0.78,-0.03,-0.01,-0.63,-0.86,-3.47,77.75,0.03,2.30,2,2,1002.04,35.34,100.56,1039.88,30.49,-232.11,0.50,1001.40,36.42,106.72,0.05,0.30,106.00,311.22,6499,-0.06,0.01,9.62,-0.51,0.00,0.01,-0.86,0.19,0.79,119.10,23,19,56,0,35.2950783,136.2496017,96.80, 0.49
850139,0.18,0.55,9.44,-0.78,-0.03,-0.01,-0.63,-0.86,-3.51,77.66,-0.16,2.30,2,2,1002.09,35.35,100.12,1040.67,30.48,-236.65,0.51,1001.40,36.44,106.69,0.08,0.38,106.00,311.22,6500,-0.16,-0.14,9.55,-0.51,0.00,0.01,-0.86,0.19,0.84,119.02,23,19,56,0,35.2950783,136.2496017,96.80, 0.49
850191,0.11,0.56,9.47,-0.78,-0.03,-0.01,-0.63,-0.86,-3.55,77.55,-0.58,2.30,2,2,1002.15,35.35,99.58,1040.97,30.48,-239.18,0.47,1001.41,36.44,106.66,0.08,0.38,106.00,311.22,6500,0.10,-0.35,9.45,-0.51,0.00,0.01,-0.86,0.21,0.85,118.93,23,19,56,0,35.2950783,136.2496017,96.80, 0.49
850247,0.14,0.64,9.64,-0.78,-0.03,-0.01,-0.63,-0.85,-3.56,77.44,-1.10,2.31,2,2,1002.21,35.35,99.02,1041.32,30.47,-242.20,0.50,1001.41,36.44,106.62,0.07,0.34,106.00,311.22,6500,0.02,-0.08,9.59,-0.51,0.00,0.01,-0.86,0.23,0.87,118.85,23,19,56,0,35.2950783,136.2496017,96.80, 0.49
850299,0.09,0.50,9.25,-0.78,-0.03,-0.01,-0.62,-0.85,-3.55,77.35,-1.36,2.31,2,2,1002.23,35.34,98.80,1041.04,30.48,-243.94,0.49,1001.41,36.42,106.61,0.05,0.30,106.00,311.22,6498,-0.10,-0.17,9.63,-0.51,0.00,0.01,-0.86,0.23,0.87,118.82,23,19,56,0,35.2950783,136.2496017,96.80, 0.49
850355,0.17,0.64,9.56,-0.78,-0.03,-0.01,-0.62,-0.83,-3.59,77.26,-1.76,2.32,2,2,1002.25,35.35,98.65,1041.59,30.48,-245.16,0.50,1001.41,36.42,106.61,0.02,0.17,106.00,311.22,6500,0.24,-0.38,9.52,-0.51,0.00,0.01,-0.86,0.24,0.92,118.74,23,19,56,0,35.2950783,136.2496017,96.80, 0.49
850411,0.16,0.64,9.63,-0.78,-0.03,-0.01,-0.62,-0.82,-3.62,77.16,-1.96,2.37,2,2,1002.27,35.35,98.44,1041.60,30.47,-244.58,0.49,1001.41,36.44,106.58,0.00,0.00,106.00,311.22,6500,0.10,-0.12,9.73,-0.51,0.00,0.01,-0.86,0.25,0.96,118.67,23,19,56,0,35.2950783,136.2496017,96.80, 0.49
850468,0.20,0.58,9.70,-0.78,-0.03,-0.01,-0.62,-0.81,-3.65,77.06,-2.01,2.38,2,2,1002.24,35.35,98.69,1041.75,30.48,-245.84,0.50,1001.41,36.41,106.61,0.00,0.00,106.00,311.22,6500,0.13,-0.13,9.69,-0.51,0.00,0.01,-0.86,0.24,0.99,118.63,23,19,56,0,35.2950783,136.2496017,96.80, 0.49
850519,-0.12,0.62,9.13,-0.78,-0.03,-0.01,-0.62,-0.78,-3.70,76.97,-1.90,2.40,2,2,1002.21,35.35,99.02,1041.94,30.48,-247.41,0.49,1001.40,36.42,106.65,0.05,0.30,106.00,311.22,6500,0.02,-0.25,9.41,-0.51,0.00,0.01,-0.86,0.29,1.05,118.55,23,19,56,0,35.2950783,136.2496017,96.80, 0.49
850578,0.05,0.65,9.30,-0.78,-0.03,-0.01,-0.62,-0.78,-3.71,76.87,-1.59,2.42,2,2,1002.18,35.34,99.29,1041.93,30.49,-246.15,0.49,1001.40,36.43,106.66,0.05,0.30,106.08,311.22,6500,-0.03,-0.19,9.57,-0.51,0.00,0.01,-0.86,0.30,1.08,118.49,23,19,56,0,35.2950783,136.2496017,96.80, 0.49
850631,0.07,0.57,9.52,-0.78,-0.03,-0.01,-0.62,-0.77,-3.72,76.79,-1.28,2.45,2,2,1002.18,35.35,99.31,1041.95,30.47,-247.52,0.51,1001.41,36.43,106.61,0.03,0.24,106.00,311.22,6500,0.00,-0.27,9.59,-0.51,0.00,0.01,-0.86,0.30,1.09,118.42,23,19,56,0,35.2950783,136.2496017,96.80, 0.49
850689,0.10,0.58,9.46,-0.78,-0.03,-0.01,-0.62,-0.77,-3.72,76.70,-1.05,2.49,2,2,1002.13,35.33,99.69,1042.23,30.48,-249.93,0.49,1001.41,36.42,106.65,0.02,0.17,106.00,311.22,6500,0.04,-0.26,9.54,-0.51,0.00,0.01,-0.86,0.31,1.10,118.39,23,19,56,0,35.2950783,136.2496017,96.80, 0.49
850740,0.01,0.64,9.58,-0.78,-0.03,-0.01,-0.62,-0.76,-3.70,76.63,-0.78,2.50,2,2,1002.10,35.34,99.99,1042.04,30.48,-248.31,0.50,1001.40,36.42,106.70,0.03,0.24,106.00,311.22,6500,-0.16,-0.34,9.46,-0.51,0.00,0.01,-0.86,0.34,1.09,118.35,23,19,56,0,35.2950783,136.2496017,96.80, 0.49
850796,0.10,0.55,9.48,-0.78,-0.03,-0.01,-0.62,-0.76,-3.66,76.57,-0.49,2.53,2,2,1002.03,35.34,100.64,1041.50,30.47,-243.72,0.48,1001.39,36.41,106.76,0.03,0.24,106.00,311.22,6499,-0.07,-0.34,9.46,-0.51,0.00,0.01,-0.86,0.33,1.00,118.28,23,19,57,0,35.2950767,136.2496017,96.90, 0.49
850852,0.09,0.48,9.48,-0.78,-0.03,-0.01,-0.62,-0.75,-3.55,76.49,0.12,2.55,2,2,1001.98,35.33,101.09,1041.42,30.48,-243.41,0.49,1001.39,36.43,106.77,-0.02,0.17,106.00,311.22,6500,0.33,-0.17,9.59,-0.51,0.00,0.01,-0.86,0.34,0.89,118.22,23,19,57,0,35.2950767,136.2496017,96.90, 0.49
850908,0.15,0.48,9.48,-0.79,-0.03,-0.01,-0.62,-0.75,-3.43,76.40,0.75,2.57,2,2,1001.92,35.33,101.58,1041.50,30.48,-243.71,0.48,1001.39,36.44,106.79,-0.02,0.17,106.00,311.22,6500,-0.05,-0.10,9.59,-0.51,0.00,0.01,-0.86,0.35,0.75,118.18,23,19,57,0,35.2950767,136.2496017,96.90, 0.49
850960,0.21,0.49,9.69,-0.79,-0.03,-0.01,-0.62,-0.76,-3.32,76.34,1.30,2.57,2,2,1001.82,35.33,102.53,1041.65,30.48,-244.99,0.49,1001.38,36.41,106.85,-0.03,0.24,106.08,311.22,6500,0.12,-0.01,9.67,-0.51,0.00,0.01,-0.86,0.34,0.69,118.15,23,19,57,0,35.2950767,136.2496017,96.90, 0.49
851018,0.22,0.45,9.40,-0.79,-0.03,-0.01,-0.62,-0.78,-3.21,76.26,1.69,2.57,2,2,1001.66,35.33,104.01,1041.90,30.49,-247.07,0.49,1001.38,36.41,106.90,-0.03,0.24,106.08,311.22,6500,-0.10,-0.25,9.52,-0.51,0.00,0.01,-0.86,0.31,0.53,118.08,23,19,57,0,35.2950767,136.2496017,96.90, 0.49
851076,0.29,0.48,9.44,-0.79,-0.03,-0.01,-0.62,-0.80,-3.11,76.17,1.77,2.57,2,2,1001.56,35.33,104.84,1041.69,30.50,-245.37,0.49,1001.37,36.41,106.99,-0.07,0.34,106.00,311.22,6500,-0.11,-0.17,9.43,-0.51,-0.00,0.00,-0.86,0.27,0.39,118.02,23,19,57,0,35.2950767,136.2496017,96.90, 0.49
851128,0.27,0.44,9.52,-0.79,-0.03,-0.01,-0.62,-0.83,-3.00,76.10,1.84,2.57,2,2,1001.53,35.33,105.11,1041.34,30.48,-243.11,0.49,1001.37,36.41,107.01,0.05,0.30,106.00,311.22,6500,-0.28,-0.10,9.58,-0.52,-0.00,0.00,-0.86,0.23,0.24,117.96,23,19,57,0,35.2950767,136.2496017,96.90, 0.49
851185,0.27,0.30,9.51,-0.79,-0.02,-0.01,-0.62,-0.82,-2.88,76.02,1.87,2.57,2,2,1001.47,35.33,105.73,1041.53,30.48,-244.00,0.50,1001.37,36.41,106.99,0.05,0.30,106.08,311.22,6500,0.00,-0.28,9.53,-0.52,-0.00,0.00,-0.86,0.23,0.16,117.91,23,19,57,0,35.2950767,136.2496017,96.90, 0.49
851237,0.26,0.32,9.64,-0.79,-0.02,-0.01,-0.62,-0.84,-2.73,75.93,1.87,2.57,2,2,1001.56,35.33,104.90,1041.66,30.49,-245.04,0.49,1001.37,36.42,107.01,0.07,0.34,106.00,311.22,6500,-0.28,0.18,9.74,-0.52,-0.00,0.00,-0.86,0.20,-0.01,117.84,23,19,57,0,35.2950767,136.2496017,96.90, 0.49
851291,0.24,0.26,9.68,-0.79,-0.02,-0.01,-0.61,-0.86,-2.61,75.85,1.85,2.56,2,2,1001.60,35.34,104.54,1041.93,30.51,-247.35,0.49,1001.37,36.41,106.97,0.07,0.34,106.08,311.22,6500,-0.16,0.22,9.72,-0.52,-0.00,0.00,-0.86,0.19,-0.11,117.78,23,19,57,0,35.2950767,136.2496017,96.90, 0.49
851345,0.23,0.25,9.53,-0.79,-0.02,-0.01,-0.61,-0.87,-2.51,75.76,1.78,2.53,2,2,1001.73,35.33,103.33,1041.98,30.48,-247.49,0.48,1001.37,36.42,106.92,0.03,0.24,106.08,311.22,6499,-0.08,0.11,9.65,-0.52,-0.00,-0.00,-0.86,0.18,-0.18,117.73,23,19,57,0,35.2950767,136.2496017,96.90, 0.49
851400,0.16,0.32,9.54,-0.79,-0.02,-0.01,-0.61,-0.87,-2.40,75.68,1.73,2.51,2,2,1001.90,35.32,101.80,1041.79,30.47,-246.20,0.49,1001.39,36.43,106.82,0.02,0.17,106.08,311.22,6500,-0.10,0.04,9.64,-0.52,-0.00,-0.00,-0.86,0.17,-0.29,117.66,23,19,57,0,35.2950767,136.2496017,96.90, 0.49
851457,0.15,0.21,9.61,-0.79,-0.02,-0.01,-0.61,-0.87,-2.35,75.58,1.64,2.49,2,2,1001.96,35.33,101.30,1041.67,30.49,-245.15,0.49,1001.39,36.43,106.75,0.03,0.24,106.08,311.22,6500,0.09,0.32,9.74,-0.52,-0.00,-0.00,-0.86,0.17,-0.36,117.57,23,19,57,0,35.2950767,136.2496017,96.90, 0.49
851510,0.11,0.22,9.52,-0.79,-0.02,-0.01,-0.61,-0.87,-2.33,75.50,0.80,2.44,2,2,1001.99,35.34,100.98,1041.60,30.49,-244.52,0.47,1001.39,36.43,106.75,0.03,0.24,106.08,311.22,6500,0.00,0.12,9.67,-0.52,-0.00,-0.00,-0.86,0.16,-0.37,117.54,23,19,57,0,35.2950767,136.2496017,96.90, 0.29
851567,0.13,0.23,9.50,-0.79,-0.02,-0.01,-0.61,-0.87,-2.35,75.40,0.60,2.42,2,2,1002.00,35.32,100.92,1041.70,30.49,-245.43,0.47,1001.39,36.43,106.75,0.02,0.17,106.08,311.22,6500,0.01,0.09,9.62,-0.52,-0.00,-0.00,-0.85,0.16,-0.37,117.48,23,19,57,0,35.2950767,136.2496017,96.90, 0.29
851621,0.20,0.20,9.58,-0.79,-0.02,-0.01,-0.61,-0.87,-2.39,75.32,0.40,2.41,2,2,1002.00,35.34,100.86,1041.80,30.49,-246.98,0.49,1001.39,36.41,106.76,0.07,0.34,106.08,311.22,6500,0.08,0.15,9.69,-0.52,-0.00,-0.00,-0.85,0.16,-0.34,117.42,23,19,57,0,35.2950767,136.2496017,96.90, 0.29
851677,0.21,0.24,9.56,-0.79,-0.02,-0.01,-0.61,-0.87,-2.44,75.24,0.23,2.41,2,2,1002.03,35.34,100.60,1041.99,30.50,-247.90,0.50,1001.40,36.41,106.71,0.07,0.34,106.08,311.22,6500,-0.08,0.00,9.67,-0.52,-0.00,-0.00,-0.85,0.17,-0.27,117.36,23,19,57,0,35.2950767,136.2496017,96.90, 0.29
851729,0.20,0.33,9.56,-0.79,-0.02,-0.01,-0.61,-0.87,-2.51,75.17,-0.08,2.41,2,2,1002.11,35.34,99.91,1041.90,30.48,-247.12,0.49,1001.40,36.43,106.69,0.03,0.24,106.08,311.22,6500,-0.10,-0.12,9.53,-0.52,-0.00,-0.00,-0.85,0.19,-0.20,117.31,23,19,57,0,35.2950767,136.2496017,96.90, 0.29
851786,0.28,0.30,9.53,-0.79,-0.02,-0.01,-0.61,-0.88,-2.57,75.08,-0.58,2.41,2,2,1002.17,35.33,99.34,1041.89,30.47,-246.98,0.49,1001.41,36.41,106.63,0.05,0.30,106.08,311.22,6500,-0.09,0.09,9.63,-0.52,-0.00,-0.00,-0.85,0.18,-0.17,117.29,23,19,57,0,35.2950767,136.2496017,96.90, 0.29
851839,0.24,0.41,9.58,-0.79,-0.02,-0.01,-0.61,-0.89,-2.63,75.02,-0.89,2.41,2,2,1002.21,35.34,99.05,1041.89,30.49,-247.22,0.48,1001.41,36.42,106.58,0.05,0.30,106.08,311.22,6498,-0.05,-0.03,9.61,-0.52,-0.00,0.00,-0.85,0.18,-0.09,117.24,23,19,57,0,35.2950767,136.2496017,96.90, 0.29
851895,0.18,0.33,9.71,-0.79,-0.02,-0.01,-0.61,-0.90,-2.71,74.95,-1.37,2.41,2,2,1002.23,35.34,98.80,1041.90,30.48,-245.99,0.48,1001.41,36.43,106.59,0.08,0.38,106.08,311.22,6498,0.13,0.00,9.58,-0.52,-0.00,0.00,-0.85,0.19,0.01,117.20,23,19,58,0,35.2950733,136.2496000,96.90, 0.29
851947,0.12,0.45,9.62,-0.79,-0.02,-0.01,-0.61,-0.89,-2.81,74.87,-1.69,2.41,2,2,1002.26,35.33,98.58,1041.73,30.49,-245.69,0.50,1001.41,36.41,106.58,0.07,0.34,106.00,311.22,6500,-0.07,0.18,9.75,-0.52,-0.00,0.00,-0.85,0.19,0.07,117.17,23,19,58,0,35.2950733,136.2496000,96.90, 0.29
852000,0.04,0.38,9.70,-0.79,-0.02,-0.01,-0.61,-0.88,-2.89,74.81,-1.87,2.41,2,2,1002.25,35.32,98.63,1041.91,30.49,-247.22,0.49,1001.41,36.43,106.59,0.07,0.34,106.08,311.22,6500,0.20,-0.25,9.55,-0.52,-0.00,0.00,-0.85,0.19,0.16,117.12,23,19,58,0,35.2950733,136.2496000,96.90, 0.29
852057,-0.02,0.41,9.64,-0.79,-0.03,-0.01,-0.61,-0.86,-2.96,74.74,-1.88,2.41,2,2,1002.24,35.33,98.76,1042.10,30.48,-249.96,0.49,1001.41,36.42,106.58,0.08,0.38,106.00,311.22,6499,0.27,-0.20,9.53,-0.52,-0.00,0.00,-0.85,0.23,0.24,117.10,23,19,58,0,35.2950733,136.2496000,96.90, 0.29
852115,0.07,0.41,9.58,-0.79,-0.03,-0.01,-0.61,-0.84,-3.01,74.68,-1.85,2.41,2,2,1002.24,35.33,98.77,1042.24,30.47,-250.21,0.48,1001.41,36.44,106.58,0.08,0.38,106.00,311.22,6500,-0.10,-0.18,9.71,-0.52,-0.00,0.00,-0.85,0.24,0.31,117.09,23,19,58,0,35.2950733,136.2496000,96.90, 0.29
852169,0.02,0.38,9.40,-0.79,-0.03,-0.01,-0.61,-0.83,-3.04,74.63,-1.76,2.41,2,2,1002.23,35.32,98.81,1042.47,30.48,-251.91,0.46,1001.41,36.43,106.61,0.07,0.34,106.00,311.22,6500,0.21,-0.05,9.62,-0.52,-0.00,0.00,-0.85,0.24,0.32,117.08,23,19,58,0,35.2950733,136.2496000,96.90, 0.29
852225,0.05,0.44,9.59,-0.80,-0.03,-0.01,-0.61,-0.81,-3.03,74.56,-1.62,2.41,2,2,1002.18,35.32,99.25,1042.69,30.46,-253.75,0.48,1001.41,36.44,106.58,-0.02,0.17,106.00,311.22,6500,0.00,-0.10,9.70,-0.52,-0.00,0.00,-0.85,0.27,0.33,117.05,23,19,58,0,35.2950733,136.2496000,96.90, 0.29
852276,0.17,0.33,9.49,-0.80,-0.03,-0.01,-0.61,-0.82,-3.00,74.51,-1.48,2.41,2,2,1002.16,35.32,99.43,1042.85,30.49,-255.19,0.49,1001.41,36.43,106.62,-0.08,0.38,106.00,311.22,6500,0.00,-0.01,9.62,-0.52,-0.00,0.00,-0.85,0.28,0.32,117.02,23,19,58,0,35.2950733,136.2496000,96.90, 0.29
852335,0.22,0.26,9.56,-0.80,-0.02,-0.01,-0.60,-0.83,-2.93,74.45,-1.15,2.42,2,2,1002.13,35.33,99.74,1042.78,30.48,-254.77,0.48,1001.41,36.43,106.62,-0.07,0.34,106.00,311.22,6501,0.09,0.08,9.64,-0.52,-0.00,0.00,-0.85,0.28,0.26,117.00,23,19,58,0,35.2950733,136.2496000,96.90, 0.29
852388,0.03,0.29,9.60,-0.80,-0.02,-0.01,-0.60,-0.83,-2.85,74.39,-0.71,2.46,2,2,1002.07,35.32,100.25,1042.83,30.48,-253.57,0.49,1001.40,36.42,106.66,-0.05,0.30,106.00,311.22,6500,-0.09,0.04,9.63,-0.52,-0.00,0.00,-0.85,0.27,0.22,116.98,23,19,58,0,35.2950733,136.2496000,96.90, 0.29
852443,0.14,0.22,9.36,-0.80,-0.02,-0.01,-0.60,-0.84,-2.73,74.34,-0.27,2.49,2,2,1002.04,35.32,100.58,1042.46,30.50,-251.89,0.50,1001.40,36.44,106.71,-0.07,0.34,106.08,311.22,6500,0.04,0.07,9.52,-0.52,-0.00,0.00,-0.85,0.25,0.15,116.95,23,19,58,0,35.2950733,136.2496000,96.90, 0.29
852497,0.15,0.22,9.49,-0.80,-0.02,-0.01,-0.60,-0.84,-2.58,74.26,0.04,2.50,2,2,1002.03,35.33,100.64,1042.45,30.47,-251.75,0.49,1001.39,36.43,106.74,-0.07,0.34,106.00,311.22,6500,-0.11,0.04,9.56,-0.52,-0.00,0.00,-0.85,0.24,0.07,116.93,23,19,58,0,35.2950733,136.2496000,96.90, 0.29
852550,0.05,0.18,9.29,-0.80,-0.02,-0.01,-0.60,-0.83,-2.47,74.20,0.18,2.53,2,2,1002.01,35.32,100.81,1042.47,30.47,-251.34,0.48,1001.40,36.42,106.73,-0.07,0.34,106.00,311.22,6500,-0.11,0.34,9.61,-0.52,-0.00,0.00,-0.85,0.23,-0.02,116.89,23,19,58,0,35.2950733,136.2496000,96.90, 0.29
852606,0.25,0.09,9.36,-0.80,-0.02,-0.01,-0.60,-0.86,-2.38,74.12,0.46,2.57,2,2,1001.97,35.32,101.13,1042.29,30.48,-250.86,0.49,1001.39,36.43,106.76,-0.07,0.34,106.08,311.22,6500,-0.18,0.22,9.49,-0.52,-0.00,0.00,-0.85,0.21,-0.07,116.85,23,19,58,0,35.2950733,136.2496000,96.90, 0.42
852659,0.26,0.14,9.42,-0.80,-0.02,-0.01,-0.60,-0.86,-2.33,74.06,0.74,2.58,2,2,1001.94,35.31,101.45,1042.33,30.48,-250.73,0.49,1001.39,36.44,106.81,-0.03,0.24,106.08,311.22,6501,-0.10,0.38,9.58,-0.52,-0.00,-0.00,-0.85,0.17,-0.17,116.78,23,19,58,0,35.2950733,136.2496000,96.90, 0.42
852717,0.20,0.21,9.37,-0.80,-0.02,-0.01,-0.60,-0.90,-2.32,73.97,1.13,2.58,2,2,1001.88,35.33,101.98,1042.21,30.46,-249.76,0.49,1001.39,36.42,106.82,-0.03,0.24,106.08,311.22,6500,0.19,0.24,9.47,-0.52,-0.00,-0.00,-0.85,0.15,-0.20,116.73,23,19,58,0,35.2950733,136.2496000,96.90, 0.42
852774,0.17,0.26,9.41,-0.80,-0.02,-0.01,-0.60,-0.92,-2.35,73.89,1.53,2.58,2,2,1001.86,35.32,102.18,1042.23,30.47,-249.88,0.49,1001.38,36.43,106.84,-0.03,0.24,106.08,311.22,6500,0.01,0.09,9.44,-0.52,-0.00,-0.00,-0.85,0.15,-0.24,116.70,23,19,58,0,35.2950733,136.2496000,96.90, 0.42
852826,0.26,0.26,9.47,-0.80,-0.02,-0.01,-0.60,-0.94,-2.40,73.82,1.69,2.58,2,2,1001.85,35.32,102.26,1042.21,30.49,-247.41,0.50,1001.39,36.43,106.84,0.00,0.00,106.08,311.22,6500,0.15,0.07,9.55,-0.52,-0.00,-0.00,-0.85,0.15,-0.22,116.67,23,19,59,0,35.2950683,136.2496017,97.10, 0.42
852884,0.15,0.34,9.54,-0.80,-0.02,-0.01,-0.60,-0.94,-2.47,73.76,1.71,2.58,2,2,1001.85,35.32,102.26,1041.67,30.47,-244.71,0.50,1001.39,36.44,106.81,-0.03,0.24,106.08,311.22,6500,-0.12,-0.03,9.55,-0.53,-0.00,-0.00,-0.85,0.13,-0.16,116.64,23,19,59,0,35.2950683,136.2496017,97.10, 0.42
852938,0.20,0.27,9.49,-0.80,-0.02,-0.01,-0.60,-0.94,-2.54,73.69,1.71,2.58,2,2,1001.83,35.32,102.39,1041.75,30.48,-245.82,0.50,1001.38,36.43,106.85,-0.02,0.17,106.08,311.22,6500,-0.29,0.04,9.55,-0.53,-0.00,-0.00,-0.85,0.12,-0.10,116.60,23,19,59,0,35.2950683,136.2496017,97.10, 0.42
852991,0.21,0.34,9.56,-0.80,-0.02,-0.01,-0.60,-0.94,-2.57,73.62,1.71,2.58,2,2,1001.88,35.32,102.01,1041.69,30.49,-245.36,0.49,1001.38,36.43,106.84,-0.02,0.17,106.08,311.22,6500,0.04,-0.02,9.56,-0.53,-0.00,0.00,-0.85,0.12,-0.06,116.55,23,19,59,0,35.2950683,136.2496017,97.10, 0.42
853045,0.20,0.26,9.60,-0.80,-0.02,-0.01,-0.60,-0.95,-2.61,73.55,1.70,2.58,2,2,1001.88,35.32,101.98,1041.60,30.47,-245.38,0.49,1001.38,36.42,106.83,-0.02,0.17,106.08,311.22,6500,-0.11,0.01,9.71,-0.53,-0.00,0.00,-0.85,0.12,-0.03,116.54,23,19,59,0,35.2950683,136.2496017,97.10, 0.42
853102,0.22,0.27,9.63,-0.80,-0.02,-0.01,-0.60,-0.95,-2.63,73.48,1.63,2.57,2,2,1001.88,35.32,102.00,1041.84,30.48,-247.33,0.46,1001.38,36.42,106.86,-0.07,0.34,106.08,311.22,6499,-0.08,0.00,9.60,-0.53,-0.00,0.00,-0.85,0.11,-0.02,116.52,23,19,59,0,35.2950683,136.2496017,97.10, 0.42
853157,0.22,0.36,9.73,-0.80,-0.02,-0.01,-0.60,-0.96,-2.62,73.43,1.52,2.53,2,2,1001.90,35.31,101.82,1041.96,30.50,-247.65,0.46,1001.39,36.42,106.82,-0.03,0.24,106.08,311.22,6500,-0.05,0.05,9.74,-0.53,-0.00,0.00,-0.85,0.11,-0.02,116.49,23,19,59,0,35.2950683,136.2496017,97.10, 0.42
853212,0.11,0.33,9.55,-0.80,-0.02,-0.01,-0.60,-0.96,-2.61,73.37,1.30,2.50,2,2,1001.95,35.31,101.38,1042.39,30.49,-251.27,0.47,1001.39,36.43,106.78,-0.02,0.17,106.00,311.22,6499,0.06,0.00,9.63,-0.53,-0.00,0.00,-0.85,0.11,-0.01,116.49,23,19,59,0,35.2950683,136.2496017,97.10, 0.42
853265,0.15,0.42,9.52,-0.80,-0.02,-0.01,-0.60,-0.95,-2.60,73.33,0.90,2.49,2,2,1002.00,35.32,100.90,1042.64,30.49,-253.43,0.48,1001.40,36.42,106.73,-0.02,0.17,106.08,311.22,6499,-0.04,-0.11,9.62,-0.53,-0.00,0.00,-0.85,0.11,-0.01,116.49,23,19,59,0,35.2950683,136.2496017,97.10, 0.42
853323,0.17,0.35,9.50,-0.80,-0.02,-0.01,-0.60,-0.95,-2.58,73.29,0.63,2.45,2,2,1002.03,35.31,100.61,1042.63,30.49,-252.11,0.47,1001.40,36.43,106.71,0.00,0.00,106.08,311.22,6500,0.00,0.00,9.55,-0.53,-0.00,0.00,-0.85,0.10,-0.04,116.47,23,19,59,0,35.2950683,136.2496017,97.10, 0.42
853376,0.17,0.50,9.59,-0.80,-0.02,-0.01,-0.60,-0.95,-2.58,73.24,0.13,2.45,2,2,1002.08,35.31,100.17,1042.42,30.49,-249.45,0.48,1001.40,36.43,106.67,-0.02,0.17,106.08,311.22,6500,-0.02,-0.14,9.60,-0.53,-0.00,-0.00,-0.85,0.10,-0.07,116.47,23,19,59,0,35.2950683,136.2496017,97.10, 0.42
853433,0.19,0.44,9.45,-0.80,-0.02,-0.01,-0.60,-0.95,-2.55,73.20,-0.31,2.49,2,2,1002.13,35.31,99.71,1042.00,30.48,-247.99,0.49,1001.40,36.42,106.67,0.00,0.00,106.08,311.13,6498,-0.03,-0.05,9.62,-0.53,-0.00,-0.00,-0.85,0.10,-0.09,116.47,23,19,59,0,35.2950683,136.2496017,97.10, 0.42
853485,0.16,0.43,9.61,-0.80,-0.02,-0.01,-0.60,-0.95,-2.52,73.17,-0.51,2.49,2,2,1002.08,35.32,100.15,1041.91,30.48,-247.19,0.49,1001.40,36.41,106.67,0.03,0.24,106.00,311.22,6500,0.03,-0.11,9.66,-0.53,-0.00,-0.00,-0.85,0.10,-0.11,116.47,23,19,59,0,35.2950683,136.2496017,97.10, 0.42
853543,0.26,0.30,9.54,-0.80,-0.02,-0.01,-0.60,-0.96,-2.48,73.14,-0.41,2.53,2,2,1002.07,35.32,100.25,1042.15,30.47,-249.21,0.49,1001.40,36.41,106.67,0.03,0.24,106.08,311.22,6500,-0.16,0.04,9.59,-0.53,-0.00,-0.00,-0.85,0.09,-0.17,116.47,23,19,59,0,35.2950683,136.2496017,97.10, 0.52
853594,0.25,0.28,9.48,-0.80,-0.02,-0.01,-0.60,-0.97,-2.40,73.09,-0.24,2.57,2,2,1002.06,35.33,100.36,1042.45,30.49,-252.02,0.49,1001.40,36.42,106.69,0.03,0.24,106.08,311.22,6500,-0.06,-0.06,9.50,-0.53,-0.00,-0.00,-0.85,0.07,-0.23,116.46,23,19,59,0,35.2950683,136.2496017,97.10, 0.52
853650,0.11,0.30,9.55,-0.80,-0.02,-0.01,-0.60,-0.98,-2.34,73.03,-0.03,2.59,2,2,1002.04,35.31,100.55,1042.60,30.50,-253.09,0.49,1001.40,36.41,106.69,0.05,0.30,106.08,311.22,6500,0.06,0.03,9.66,-0.53,-0.00,-0.00,-0.85,0.07,-0.26,116.44,23,19,59,0,35.2950683,136.2496017,97.10, 0.52
853704,0.10,0.33,9.50,-0.80,-0.02,-0.00,-0.59,-0.97,-2.27,72.99,0.13,2.61,2,2,1002.04,35.32,100.54,1042.49,30.49,-252.10,0.50,1001.40,36.41,106.71,0.03,0.24,106.08,311.22,6500,0.08,0.00,9.57,-0.53,-0.00,-0.00,-0.85,0.07,-0.35,116.43,23,19,59,0,35.2950683,136.2496017,97.10, 0.52
853762,0.13,0.41,9.53,-0.80,-0.02,-0.00,-0.59,-0.96,-2.22,72.94,0.33,2.63,2,2,1002.01,35.32,100.80,1042.42,30.49,-251.52,0.49,1001.40,36.43,106.73,0.07,0.34,106.00,311.22,6500,-0.09,-0.20,9.56,-0.53,-0.00,-0.00,-0.85,0.08,-0.39,116.42,23,19,59,0,35.2950683,136.2496017,97.10, 0.52
853814,0.24,0.27,9.46,-0.80,-0.02,-0.00,-0.59,-0.96,-2.15,72.88,0.42,2.67,2,2,1002.01,35.32,100.81,1042.47,30.50,-251.98,0.49,1001.40,36.42,106.74,0.02,0.17,106.08,311.22,6500,-0.05,0.06,9.59,-0.53,-0.00,-0.00,-0.85,0.08,-0.46,116.42,23,19,59,0,35.2950683,136.2496017,97.10, 0.52
853868,0.25,0.31,9.50,-0.80,-0.02,-0.00,-0.59,-0.96,-2.10,72.83,0.54,2.67,2,2,1002.01,35.32,100.82,1042.61,30.48,-253.75,0.49,1001.40,36.42,106.68,0.02,0.17,106.00,311.22,6500,-0.15,0.08,9.67,-0.53,-0.00,-0.00,-0.85,0.07,-0.51,116.41,23,19,59,0,35.2950683,136.2496017,97.10, 0.52
853923,0.19,0.22,9.51,-0.80,-0.02,-0.00,-0.59,-0.96,-2.04,72.78,0.50,2.67,2,2,1002.02,35.32,100.71,1042.73,30.49,-254.18,0.49,1001.40,36.43,106.72,0.03,0.24,106.08,311.22,6500,-0.10,0.04,9.53,-0.53,-0.00,-0.00,-0.85,0.08,-0.58,116.39,23,19,59,0,35.2950683,136.2496017,97.10, 0.52
853975,0.17,0.26,9.57,-0.80,-0.02,-0.00,-0.59,-0.96,-2.01,72.74,0.49,2.67,2,2,1002.00,35.32,100.90,1042.72,30.48,-254.05,0.49,1001.40,36.41,106.71,0.03,0.24,106.00,311.22,6500,0.03,-0.05,9.72,-0.53,-0.00,-0.00,-0.85,0.07,-0.62,116.39,23,19,59,0,35.2950683,136.2496017,97.10, 0.52
854033,0.12,0.25,9.63,-0.81,-0.02,-0.00,-0.59,-0.96,-1.97,72.69,0.50,2.67,2,2,1002.01,35.32,100.84,1042.60,30.48,-253.05,0.50,1001.40,36.42,106.72,0.02,0.17,106.08,311.22,6500,-0.04,0.10,9.69,-0.53,-0.00,-0.00,-0.85,0.08,-0.67,116.39,23,19,59,0,35.2950683,136.2496017,97.10, 0.52
854086,0.28,0.24,9.69,-0.81,-0.02,-0.00,-0.59,-0.95,-1.96,72.65,0.53,2.67,2,2,1002.02,35.31,100.75,1042.64,30.48,-253.42,0.50,1001.39,36.42,106.76,0.02,0.17,106.08,311.22,6500,-0.02,0.16,9.75,-0.53,-0.00,-0.00,-0.85,0.08,-0.68,116.38,23,19,59,0,35.2950683,136.2496017,97.10, 0.52
854144,0.27,0.28,9.59,-0.81,-0.02,-0.00,-0.59,-0.95,-1.93,72.60,0.52,2.67,2,2,1002.01,35.31,100.81,1042.65,30.49,-253.43,0.50,1001.40,36.43,106.72,0.02,0.17,106.08,311.22,6500,-0.07,0.01,9.63,-0.53,-0.00,-0.00,-0.85,0.08,-0.68,116.38,23,19,59,0,35.2950683,136.2496017,97.10, 0.52
854201,0.22,0.25,9.59,-0.81,-0.02,-0.00,-0.59,-0.95,-1.93,72.54,0.53,2.67,2,2,1002.01,35.31,100.83,1042.71,30.48,-253.96,0.50,1001.40,36.43,106.73,0.03,0.24,106.08,311.22,6500,-0.01,-0.03,9.58,-0.53,-0.00,-0.00,-0.85,0.08,-0.68,116.36,23,19,59,0,35.2950683,136.2496017,97.10, 0.52
854254,0.20,0.24,9.61,-0.81,-0.02,-0.00,-0.59,-0.94,-1.94,72.49,0.47,2.68,2,2,1002.05,35.31,100.47,1042.90,30.48,-255.55,0.51,1001.40,36.41,106.71,0.05,0.30,106.08,311.22,6500,0.00,0.16,9.68,-0.53,-0.00,-0.00,-0.85,0.08,-0.68,116.34,23,19,59,0,35.2950683,136.2496017,97.10, 0.52
854309,0.16,0.18,9.59,-0.81,-0.02,-0.00,-0.59,-0.95,-1.94,72.45,0.37,2.71,2,2,1002.08,35.33,100.16,1042.93,30.47,-255.51,0.51,1001.40,36.41,106.68,0.02,0.17,106.00,311.22,6499,-0.09,0.10,9.64,-0.53,-0.00,-0.00,-0.85,0.07,-0.66,116.32,23,19,59,0,35.2950683,136.2496017,97.10, 0.52
854364,0.09,0.19,9.65,-0.81,-0.02,-0.00,-0.59,-0.94,-2.01,72.41,-0.03,2.74,2,2,1002.13,35.32,99.71,1042.80,30.48,-254.30,0.49,1001.41,36.42,106.65,0.02,0.17,106.08,311.22,6499,0.31,0.17,9.70,-0.53,-0.00,-0.00,-0.85,0.07,-0.64,116.32,23,19,59,0,35.2950683,136.2496017,97.10, 0.52
854422,0.05,0.29,9.61,-0.81,-0.02,-0.00,-0.59,-0.94,-2.12,72.36,-0.47,2.77,2,2,1002.17,35.31,99.39,1042.53,30.48,-251.51,0.50,1001.41,36.43,106.62,0.05,0.30,106.08,311.22,6500,0.11,0.12,9.71,-0.53,-0.00,-0.00,-0.85,0.07,-0.56,116.31,23,19,59,0,35.2950683,136.2496017,97.10, 0.52
854474,0.02,0.29,9.46,-0.81,-0.02,-0.01,-0.59,-0.94,-2.27,72.32,-0.69,2.80,2,2,1002.17,35.30,99.35,1042.49,30.48,-252.10,0.49,1001.41,36.43,106.61,0.05,0.30,106.08,311.22,6500,-0.02,0.04,9.55,-0.53,-0.00,-0.00,-0.85,0.08,-0.43,116.30,23,19,59,0,35.2950683,136.2496017,97.10, 0.52
854530,0.05,0.26,9.42,-0.81,-0.02,-0.01,-0.59,-0.94,-2.40,72.28,-0.92,2.80,2,2,1002.21,35.31,98.97,1042.52,30.48,-252.37,0.50,1001.41,36.42,106.62,0.03,0.24,106.08,311.22,6500,0.07,0.06,9.50,-0.53,-0.00,-0.00,-0.85,0.07,-0.38,116.30,23,19,59,0,35.2950683,136.2496017,97.10, 0.52
854582,0.08,0.26,9.35,-0.81,-0.02,-0.01,-0.59,-0.94,-2.57,72.22,-0.97,2.80,2,2,1002.19,35.31,99.15,1042.63,30.47,-253.56,0.50,1001.41,36.43,106.64,0.07,0.34,106.08,311.22,6500,0.00,0.26,9.57,-0.53,-0.00,-0.00,-0.85,0.08,-0.24,116.30,23,19,59,0,35.2950683,136.2496017,97.10, 0.52
854637,-0.03,0.28,9.31,-0.81,-0.02,-0.01,-0.59,-0.92,-2.68,72.16,-1.17,2.80,2,2,1002.24,35.29,98.72,1042.70,30.48,-253.86,0.50,1001.41,36.42,106.60,0.05,0.30,106.00,311.22,6499,0.11,-0.09,9.34,-0.53,-0.00,-0.00,-0.85,0.08,-0.08,116.30,23,19,59,0,35.2950683,136.2496017,97.10, 0.52
854693,-0.01,0.28,9.37,-0.81,-0.02,-0.01,-0.59,-0.89,-2.79,72.09,-1.35,2.80,2,2,1002.26,35.29,98.55,1042.67,30.50,-253.64,0.50,1001.41,36.42,106.58,0.05,0.30,106.00,311.22,6499,0.09,0.13,9.51,-0.53,-0.00,0.00,-0.85,0.09,0.05,116.30,23,20,0,0,35.2950633,136.2496000,97.10, 0.62
854745,0.12,0.33,9.41,-0.81,-0.02,-0.01,-0.59,-0.86,-2.87,72.04,-1.40,2.80,2,2,1002.19,35.30,99.15,1043.16,30.49,-257.78,0.47,1001.41,36.43,106.59,0.05,0.30,106.00,311.22,6500,0.05,0.15,9.55,-0.53,-0.00,0.00,-0.85,0.09,0.11,116.29,23,20,0,0,35.2950633,136.2496000,97.10, 0.62
854802,0.11,0.29,9.52,-0.81,-0.03,-0.01,-0.59,-0.88,-2.93,71.97,-1.28,2.80,2,2,1002.17,35.29,99.32,1043.48,30.49,-260.50,0.49,1001.41,36.43,106.64,0.07,0.34,106.00,311.22,6500,0.02,0.06,9.46,-0.53,0.00,0.00,-0.85,0.10,0.21,116.28,23,20,0,0,35.2950633,136.2496000,97.10, 0.62
854860,0.22,0.19,9.43,-0.81,-0.03,-0.01,-0.59,-0.88,-2.93,71.91,-0.82,2.80,2,2,1002.11,35.30,99.92,1043.56,30.48,-258.50,0.49,1001.40,36.43,106.69,0.05,0.30,106.08,311.22,6500,0.11,-0.19,9.47,-0.53,0.00,0.00,-0.85,0.10,0.29,116.28,23,20,1,0,35.2950633,136.2495967,97.50, 0.62
854914,0.00,0.14,9.46,-0.81,-0.02,-0.01,-0.59,-0.83,-2.83,71.84,-0.31,2.80,2,2,1002.06,35.30,100.33,1043.04,30.48,-255.45,0.48,1001.40,36.44,106.69,0.03,0.24,106.08,311.22,6500,-0.04,-0.26,9.30,-0.53,0.00,0.00,-0.85,0.11,0.31,116.28,23,20,1,0,35.2950633,136.2495967,97.50, 0.62
854971,0.11,0.16,9.52,-0.81,-0.02,-0.01,-0.59,-0.76,-2.68,71.78,0.16,2.80,2,2,1002.03,35.30,100.63,1042.72,30.47,-254.08,0.48,1001.40,36.43,106.71,0.05,0.30,106.00,311.13,6500,-0.14,-0.15,9.54,-0.53,0.00,0.00,-0.85,0.10,0.30,116.28,23,20,1,0,35.2950633,136.2495967,97.50, 0.62
855023,0.15,0.18,9.59,-0.81,-0.02,-0.01,-0.59,-0.74,-2.51,71.74,0.50,2.80,2,2,1001.98,35.29,101.07,1042.86,30.48,-255.27,0.48,1001.39,36.42,106.75,0.03,0.24,106.08,311.22,6500,-0.12,0.16,9.82,-0.53,0.00,0.00,-0.85,0.09,0.26,116.28,23,20,1,0,35.2950633,136.2495967,97.50, 0.62
855080,0.35,0.16,9.63,-0.81,-0.02,-0.01,-0.59,-0.76,-2.36,71.69,0.69,2.78,2,2,1001.95,35.29,101.37,1042.95,30.47,-255.96,0.49,1001.39,36.42,106.77,0.03,0.24,106.00,311.22,6500,-0.23,0.07,9.70,-0.53,0.00,0.00,-0.85,0.07,0.20,116.27,23,20,1,0,35.2950633,136.2495967,97.50, 0.62
855134,0.31,0.16,9.54,-0.81,-0.02,-0.01,-0.59,-0.78,-2.16,71.63,1.16,2.74,2,2,1001.88,35.29,101.99,1042.93,30.47,-255.06,0.50,1001.39,36.43,106.78,0.03,0.24,106.08,311.22,6500,-0.11,0.00,9.62,-0.53,0.00,0.00,-0.85,0.02,0.10,116.26,23,20,1,0,35.2950633,136.2495967,97.50, 0.62
855191,0.20,0.19,9.51,-0.81,-0.02,-0.00,-0.58,-0.80,-2.06,71.58,1.71,2.71,2,2,1001.82,35.29,102.49,1042.97,30.48,-256.15,0.49,1001.39,36.44,106.82,0.05,0.30,106.00,311.22,6500,-0.04,-0.05,9.59,-0.53,0.00,0.00,-0.85,0.01,0.07,116.26,23,20,1,0,35.2950633,136.2495967,97.50, 0.62
855243,0.32,0.20,9.50,-0.81,-0.02,-0.00,-0.58,-0.82,-2.04,71.54,1.78,2.68,2,2,1001.82,35.30,102.50,1042.82,30.48,-254.91,0.48,1001.38,36.43,106.85,0.07,0.34,106.08,311.22,6500,-0.10,0.10,9.73,-0.53,0.00,-0.00,-0.85,-0.00,-0.01,116.24,23,20,1,0,35.2950633,136.2495967,97.50, 0.62
855301,0.23,0.29,9.64,-0.81,-0.02,-0.00,-0.58,-0.84,-2.04,71.49,1.81,2.68,2,2,1001.81,35.29,102.63,1042.72,30.48,-254.04,0.49,1001.38,36.44,106.85,0.05,0.30,106.00,311.22,6500,-0.11,-0.04,9.71,-0.53,0.00,-0.00,-0.85,-0.02,0.00,116.24,23,20,1,0,35.2950633,136.2495967,97.50, 0.62
855354,0.24,0.22,9.61,-0.81,-0.02,-0.00,-0.58,-0.89,-2.12,71.46,1.82,2.68,2,2,1001.82,35.29,102.51,1042.77,30.48,-254.96,0.49,1001.39,36.44,106.82,0.05,0.30,106.00,311.22,6500,-0.06,0.09,9.73,-0.53,0.00,-0.00,-0.85,-0.03,-0.00,116.24,23,20,1,0,35.2950633,136.2495967,97.50, 0.62
855410,0.28,0.25,9.62,-0.81,-0.02,-0.00,-0.58,-1.00,-2.24,71.44,1.82,2.68,2,2,1001.87,35.29,102.01,1042.89,30.47,-254.56,0.49,1001.38,36.42,106.84,0.05,0.30,106.08,311.13,6500,-0.06,0.08,9.71,-0.53,0.00,-0.00,-0.85,-0.03,-0.01,116.24,23,20,1,0,35.2950633,136.2495967,97.50, 0.62
855464,0.34,0.33,9.68,-0.81,-0.02,-0.00,-0.58,-1.08,-2.33,71.40,1.80,2.68,2,2,1001.85,35.29,102.28,1042.72,30.47,-254.05,0.49,1001.39,36.43,106.82,0.03,0.24,106.00,311.22,6500,-0.15,0.10,9.78,-0.53,0.00,-0.00,-0.85,-0.05,-0.02,116.22,23,20,1,0,35.2950633,136.2495967,97.50, 0.62
855520,0.16,0.26,9.59,-0.81,-0.02,-0.00,-0.58,-1.16,-2.42,71.35,1.80,2.68,2,2,1001.78,35.29,102.87,1042.55,30.49,-252.62,0.50,1001.38,36.42,106.83,0.03,0.24,106.08,311.22,6500,-0.08,-0.17,9.63,-0.53,0.00,-0.00,-0.85,-0.07,-0.01,116.18,23,20,1,0,35.2950633,136.2495967,97.50, 0.62
855573,-0.05,0.29,9.35,-0.81,-0.02,-0.00,-0.58,-1.20,-2.49,71.29,1.80,2.68,2,2,1001.80,35.29,102.65,1042.30,30.50,-250.49,0.46,1001.38,36.43,106.85,0.00,0.00,106.00,311.22,6502,0.12,0.03,9.71,-0.53,0.00,-0.00,-0.85,-0.08,0.04,116.15,23,20,1,0,35.2950633,136.2495967,97.50, 0.62
855629,0.33,0.34,9.64,-0.81,-0.02,-0.00,-0.58,-1.22,-2.54,71.23,1.81,2.68,2,2,1001.90,35.29,101.82,1042.22,30.48,-248.47,0.49,1001.39,36.43,106.82,0.05,0.30,106.00,311.22,6500,-0.19,0.00,9.58,-0.53,0.00,0.00,-0.85,-0.10,0.07,116.14,23,20,1,0,35.2950633,136.2495967,97.50, 0.49
855682,0.28,0.33,9.64,-0.81,-0.02,-0.00,-0.58,-1.24,-2.60,71.16,1.69,2.68,2,2,1001.93,35.29,101.53,1042.11,30.48,-248.91,0.49,1001.39,36.43,106.78,0.07,0.34,106.00,311.22,6500,-0.01,0.04,9.73,-0.53,0.00,0.00,-0.85,-0.14,0.13,116.11,23,20,1,0,35.2950633,136.2495967,97.50, 0.49
855735,0.20,0.41,9.47,-0.81,-0.03,-0.00,-0.58,-1.25,-2.66,71.10,1.35,2.68,2,2,1001.93,35.27,101.49,1042.30,30.47,-250.51,0.50,1001.40,36.43,106.74,0.05,0.30,106.08,311.22,6500,-0.27,-0.10,9.69,-0.53,0.00,0.00,-0.85,-0.15,0.19,116.09,23,20,1,0,35.2950633,136.2495967,97.50, 0.49
855790,0.08,0.32,9.58,-0.81,-0.03,-0.00,-0.58,-1.24,-2.71,71.03,1.27,2.68,2,2,1001.92,35.27,101.58,1042.40,30.46,-251.29,0.49,1001.39,36.44,106.79,-0.02,0.17,106.08,311.22,6500,0.32,-0.01,9.72,-0.53,0.00,0.00,-0.85,-0.14,0.22,116.07,23,20,2,0,35.2950600,136.2495950,97.50, 0.49
855847,0.11,0.39,9.67,-0.81,-0.03,-0.01,-0.58,-1.24,-2.75,70.96,1.31,2.68,2,2,1001.91,35.27,101.72,1042.13,30.46,-249.01,0.49,1001.39,36.43,106.80,-0.07,0.34,106.00,311.22,6500,0.13,-0.05,9.65,-0.53,0.00,0.00,-0.85,-0.13,0.27,116.05,23,20,2,0,35.2950600,136.2495950,97.50, 0.49
855901,0.11,0.38,9.50,-0.81,-0.03,-0.01,-0.58,-1.23,-2.82,70.90,1.35,2.68,2,2,1001.91,35.29,101.73,1042.17,30.47,-247.80,0.49,1001.39,36.43,106.80,-0.05,0.30,106.08,311.22,6500,-0.05,-0.09,9.58,-0.53,0.00,0.00,-0.85,-0.10,0.32,116.02,23,20,2,0,35.2950600,136.2495950,97.50, 0.49
855959,0.04,0.39,9.43,-0.81,-0.03,-0.01,-0.58,-1.22,-2.88,70.81,1.46,2.68,2,2,1001.90,35.28,101.75,1041.79,30.47,-246.19,0.50,1001.39,36.43,106.80,-0.05,0.30,106.00,311.22,6500,0.04,-0.05,9.57,-0.53,0.00,0.00,-0.85,-0.07,0.41,115.97,23,20,2,0,35.2950600,136.2495950,97.50, 0.49
856011,0.05,0.44,9.50,-0.81,-0.03,-0.01,-0.58,-1.20,-2.97,70.75,1.41,2.68,2,2,1001.94,35.28,101.46,1041.31,30.48,-242.08,0.50,1001.39,36.43,106.80,-0.03,0.24,106.00,311.22,6500,0.35,0.01,9.61,-0.53,0.00,0.00,-0.85,-0.04,0.47,115.94,23,20,2,0,35.2950600,136.2495950,97.50, 0.49
856068,0.00,0.34,9.39,-0.82,-0.03,-0.01,-0.58,-1.18,-3.03,70.68,1.19,2.68,2,2,1001.96,35.26,101.25,1041.37,30.46,-242.60,0.50,1001.40,36.43,106.73,0.00,0.00,106.08,311.13,6500,0.11,0.02,9.59,-0.53,0.00,0.00,-0.85,-0.03,0.50,115.93,23,20,2,0,35.2950600,136.2495950,97.50, 0.49
856120,0.00,0.33,9.51,-0.82,-0.03,-0.01,-0.58,-1.14,-3.09,70.63,1.05,2.67,2,2,1001.98,35.28,101.06,1041.40,30.48,-240.68,0.49,1001.40,36.44,106.74,-0.02,0.17,106.08,311.22,6499,0.19,-0.13,9.47,-0.53,0.00,0.00,-0.85,0.01,0.57,115.90,23,20,2,0,35.2950600,136.2495950,97.50, 0.49
856179,0.07,0.38,9.50,-0.82,-0.03,-0.01,-0.58,-1.10,-3.15,70.58,0.85,2.67,2,2,1001.98,35.27,101.09,1041.15,30.46,-242.18,0.49,1001.40,36.44,106.74,0.00,0.00,106.08,311.22,6500,0.11,-0.19,9.51,-0.53,0.00,0.00,-0.85,0.03,0.63,115.88,23,20,2,0,35.2950600,136.2495950,97.50, 0.49
856233,0.15,0.43,9.51,-0.82,-0.03,-0.01,-0.58,-1.07,-3.25,70.52,0.73,2.66,2,2,1001.99,35.28,100.96,1041.47,30.46,-243.41,0.48,1001.40,36.44,106.74,-0.02,0.17,106.08,311.22,6500,0.13,-0.04,9.55,-0.53,0.00,0.01,-0.85,0.04,0.68,115.87,23,20,2,0,35.2950600,136.2495950,97.50, 0.49
856285,0.05,0.33,9.40,-0.82,-0.03,-0.01,-0.58,-1.05,-3.33,70.46,0.68,2.65,2,2,1001.99,35.29,100.94,1041.73,30.47,-245.61,0.46,1001.40,36.43,106.73,-0.03,0.24,106.08,311.22,6500,0.22,-0.01,9.59,-0.53,0.00,0.01,-0.85,0.05,0.79,115.84,23,20,2,0,35.2950600,136.2495950,97.50, 0.49
856339,0.16,0.44,9.44,-0.82,-0.03,-0.01,-0.58,-1.05,-3.44,70.39,0.65,2.64,2,2,1002.00,35.29,100.93,1041.44,30.46,-243.17,0.48,1001.39,36.44,106.76,0.00,0.00,106.08,311.22,6500,-0.10,-0.19,9.48,-0.53,0.00,0.01,-0.85,0.05,0.93,115.82,23,20,2,0,35.2950600,136.2495950,97.50, 0.49
856394,0.19,0.46,9.34,-0.82,-0.03,-0.01,-0.58,-1.03,-3.51,70.35,0.58,2.64,2,2,1002.02,35.28,100.74,1041.38,30.46,-242.13,0.48,1001.40,36.45,106.73,-0.05,0.30,106.00,311.22,6500,-0.07,-0.16,9.51,-0.53,0.00,0.01,-0.85,0.07,1.03,115.78,23,20,2,0,35.2950600,136.2495950,97.50, 0.49
856452,0.13,0.45,9.54,-0.82,-0.03,-0.01,-0.58,-1.01,-3.59,70.30,0.49,2.63,2,2,1002.01,35.29,100.83,1041.24,30.49,-241.48,0.46,1001.40,36.43,106.73,-0.05,0.30,106.08,311.13,6499,-0.11,-0.13,9.63,-0.53,0.00,0.01,-0.85,0.07,1.08,115.77,23,20,2,0,35.2950600,136.2495950,97.50, 0.49
856507,0.29,0.40,9.48,-0.82,-0.03,-0.01,-0.58,-1.00,-3.61,70.26,0.40,2.63,2,2,1002.03,35.29,100.62,1041.31,30.50,-242.16,0.49,1001.40,36.45,106.71,-0.03,0.24,106.00,311.22,6500,-0.06,-0.11,9.48,-0.53,0.00,0.01,-0.85,0.08,1.15,115.75,23,20,2,0,35.2950600,136.2495950,97.50, 0.49
856559,0.14,0.40,9.45,-0.82,-0.03,-0.01,-0.58,-0.99,-3.62,70.21,0.37,2.63,2,2,1002.03,35.30,100.62,1041.96,30.46,-247.60,0.51,1001.40,36.44,106.72,-0.03,0.24,106.00,311.22,6499,0.02,-0.08,9.45,-0.53,0.00,0.01,-0.85,0.08,1.17,115.74,23,20,2,0,35.2950600,136.2495950,97.50, 0.24
856617,0.07,0.35,9.43,-0.82,-0.03,-0.01,-0.57,-0.97,-3.55,70.17,0.30,2.63,2,2,1002.04,35.29,100.50,1041.73,30.45,-245.68,0.48,1001.40,36.43,106.73,-0.02,0.17,106.00,311.22,6500,0.35,-0.09,9.42,-0.53,0.00,0.01,-0.85,0.11,1.14,115.72,23,20,2,0,35.2950600,136.2495950,97.50, 0.24
856671,0.01,0.37,9.38,-0.82,-0.03,-0.01,-0.57,-0.93,-3.49,70.12,0.18,2.63,2,2,1002.06,35.27,100.35,1041.64,30.46,-243.60,0.49,1001.40,36.43,106.70,0.00,0.00,106.00,311.22,6498,-0.08,-0.04,9.51,-0.53,0.00,0.01,-0.85,0.11,1.12,115.71,23,20,2,0,35.2950600,136.2495950,97.50, 0.24
856727,0.13,0.33,9.60,-0.82,-0.03,-0.01,-0.57,-0.91,-3.44,70.08,0.11,2.63,2,2,1002.04,35.28,100.54,1041.36,30.48,-242.50,0.50,1001.40,36.44,106.72,-0.02,0.17,106.00,311.22,6499,0.09,0.15,9.75,-0.53,0.00,0.01,-0.85,0.14,1.08,115.66,23,20,2,0,35.2950600,136.2495950,97.50, 0.24
856779,0.01,0.33,9.51,-0.82,-0.03,-0.01,-0.57,-0.91,-3.33,70.03,0.24,2.63,2,2,1002.00,35.29,100.84,1041.29,30.48,-241.95,0.49,1001.40,36.44,106.70,-0.03,0.24,106.00,311.22,6500,0.11,0.09,9.82,-0.53,0.00,0.01,-0.85,0.15,1.03,115.65,23,20,2,0,35.2950600,136.2495950,97.50, 0.24
856832,0.08,0.49,9.76,-0.82,-0.03,-0.01,-0.57,-0.89,-3.26,70.00,0.37,2.63,2,2,1001.99,35.27,101.01,1041.30,30.47,-243.39,0.51,1001.40,36.44,106.72,-0.03,0.24,106.08,311.22,6500,0.07,-0.13,9.70,-0.53,0.00,0.01,-0.85,0.16,0.98,115.64,23,20,3,0,35.2950617,136.2495900,97.60, 0.24
856890,0.07,0.55,9.65,-0.82,-0.03,-0.01,-0.57,-0.87,-3.20,69.96,0.64,2.61,2,2,1001.96,35.27,101.22,1041.46,30.47,-244.32,0.49,1001.40,36.44,106.74,-0.03,0.24,106.00,311.22,6499,0.28,-0.29,9.60,-0.53,0.00,0.01,-0.85,0.17,0.95,115.63,23,20,3,0,35.2950617,136.2495900,97.60, 0.24
856947,0.10,0.56,9.64,-0.82,-0.03,-0.01,-0.57,-0.88,-3.16,69.91,0.80,2.59,2,2,1001.96,35.27,101.27,1041.61,30.48,-244.88,0.50,1001.39,36.44,106.79,-0.05,0.30,106.00,311.22,6498,0.11,-0.28,9.67,-0.53,0.00,0.01,-0.85,0.19,0.90,115.62,23,20,3,0,35.2950617,136.2495900,97.60, 0.24
857000,0.13,0.65,9.63,-0.82,-0.03,-0.01,-0.57,-0.89,-3.10,69.87,0.86,2.57,2,2,1001.96,35.27,101.24,1041.49,30.47,-243.58,0.49,1001.39,36.43,106.78,-0.03,0.24,106.00,311.22,6500,0.00,-0.33,9.56,-0.53,0.00,0.01,-0.85,0.14,0.85,115.61,23,20,3,0,35.2950617,136.2495900,97.60, 0.24
857057,0.18,0.52,9.48,-0.82,-0.03,-0.01,-0.57,-0.90,-3.05,69.83,0.83,2.57,2,2,1001.97,35.27,101.17,1041.57,30.47,-244.26,0.49,1001.39,36.43,106.77,-0.02,0.17,106.00,311.13,6498,0.03,-0.35,9.41,-0.53,0.00,0.01,-0.85,0.11,0.78,115.57,23,20,3,0,35.2950617,136.2495900,97.60, 0.24
857109,0.21,0.60,9.23,-0.82,-0.03,-0.01,-0.57,-0.92,-3.00,69.78,0.77,2.57,2,2,1001.99,35.27,101.00,1041.74,30.47,-245.94,0.50,1001.39,36.43,106.75,0.00,0.00,106.00,311.22,6500,-0.11,-0.18,9.50,-0.53,0.00,0.01,-0.85,0.09,0.74,115.58,23,20,3,0,35.2950617,136.2495900,97.60, 0.24
857167,0.32,0.65,9.60,-0.82,-0.03,-0.01,-0.57,-0.96,-2.96,69.74,0.60,2.57,2,2,1002.00,35.27,100.88,1041.56,30.47,-242.45,0.50,1001.39,36.44,106.77,-0.02,0.17,106.08,311.13,6500,-0.13,-0.27,9.49,-0.53,0.00,0.01,-0.85,0.04,0.66,115.55,23,20,3,0,35.2950617,136.2495900,97.60, 0.24
857220,0.36,0.57,9.60,-0.82,-0.03,-0.01,-0.57,-1.01,-2.88,69.69,0.44,2.57,2,2,1002.02,35.27,100.71,1041.41,30.46,-242.96,0.51,1001.40,36.43,106.73,0.02,0.17,106.08,311.22,6500,-0.22,-0.22,9.59,-0.53,0.00,0.00,-0.85,-0.03,0.61,115.53,23,20,3,0,35.2950617,136.2495900,97.60, 0.24
857276,0.43,0.60,9.57,-0.82,-0.03,-0.01,-0.57,-1.06,-2.84,69.64,0.37,2.61,2,2,1002.02,35.26,100.72,1041.44,30.48,-243.17,0.51,1001.40,36.44,106.72,-0.02,0.17,106.08,311.22,6500,-0.20,0.11,9.83,-0.53,0.00,0.00,-0.85,-0.12,0.56,115.49,23,20,3,0,35.2950617,136.2495900,97.60, 0.24
857327,0.44,0.50,9.46,-0.82,-0.03,-0.01,-0.57,-1.11,-2.80,69.58,0.35,2.62,2,2,1002.02,35.27,100.73,1041.01,30.46,-239.58,0.50,1001.39,36.44,106.75,0.02,0.17,106.08,311.22,6500,-0.25,-0.07,9.82,-0.53,0.00,0.00,-0.85,-0.13,0.55,115.46,23,20,3,0,35.2950617,136.2495900,97.60, 0.24
857381,0.46,0.49,9.87,-0.82,-0.03,-0.01,-0.57,-1.14,-2.79,69.54,0.35,2.64,2,2,1002.04,35.27,100.53,1041.07,30.47,-241.62,0.50,1001.40,36.42,106.70,-0.02,0.17,106.00,311.22,6500,-0.10,0.13,9.81,-0.53,0.00,0.00,-0.85,-0.18,0.55,115.43,23,20,3,0,35.2950617,136.2495900,97.60, 0.24
857439,0.37,0.61,9.52,-0.82,-0.03,-0.01,-0.57,-1.17,-2.83,69.48,0.25,2.64,2,2,1002.04,35.27,100.50,1041.51,30.46,-244.46,0.50,1001.40,36.43,106.73,0.02,0.17,106.08,311.22,6500,0.00,-0.11,9.63,-0.53,0.00,0.00,-0.85,-0.21,0.55,115.39,23,20,3,0,35.2950617,136.2495900,97.60, 0.24
857495,0.38,0.44,9.51,-0.82,-0.03,-0.01,-0.57,-1.18,-2.85,69.42,0.01,2.64,2,2,1002.09,35.27,100.06,1041.73,30.48,-245.62,0.51,1001.40,36.44,106.67,0.03,0.24,106.00,311.22,6499,-0.22,-0.11,9.50,-0.53,0.00,0.00,-0.85,-0.22,0.58,115.37,23,20,3,0,35.2950617,136.2495900,97.60, 0.24
857547,0.15,0.36,9.44,-0.82,-0.03,-0.01,-0.57,-1.20,-2.89,69.37,-0.21,2.64,2,2,1002.11,35.26,99.87,1041.48,30.46,-243.51,0.49,1001.40,36.44,106.67,0.02,0.17,106.08,311.22,6500,-0.07,-0.05,9.55,-0.53,0.00,0.00,-0.84,-0.24,0.62,115.34,23,20,3,0,35.2950617,136.2495900,97.60, 0.50
857606,-0.15,0.24,8.94,-0.82,-0.03,-0.01,-0.57,-1.22,-2.91,69.31,-0.33,2.65,2,2,1002.11,35.26,99.88,1041.40,30.47,-242.82,0.49,1001.40,36.44,106.67,-0.02,0.17,106.08,311.22,6500,-0.08,0.11,9.71,-0.53,0.00,0.00,-0.84,-0.24,0.68,115.32,23,20,3,0,35.2950617,136.2495900,97.60, 0.50
857658,-0.02,0.27,9.60,-0.82,-0.03,-0.01,-0.57,-1.19,-3.01,69.27,-0.43,2.66,2,2,1002.11,35.26,99.85,1041.21,30.46,-240.16,0.50,1001.40,36.43,106.67,0.02,0.17,106.08,311.13,6500,0.13,0.54,9.85,-0.54,0.01,0.00,-0.84,-0.23,0.74,115.29,23,20,3,0,35.2950617,136.2495900,97.60, 0.50
857716,0.29,0.52,10.05,-0.82,-0.03,-0.01,-0.57,-1.17,-3.11,69.20,-0.34,2.67,2,2,1002.08,35.26,100.20,1041.45,30.47,-245.69,0.49,1001.40,36.44,106.69,0.02,0.17,106.08,311.13,6500,0.16,0.18,9.64,-0.54,0.01,0.01,-0.84,-0.22,0.87,115.26,23,20,3,0,35.2950617,136.2495900,97.60, 0.50
857769,-0.02,0.36,9.47,-0.82,-0.03,-0.01,-0.57,-1.11,-3.22,69.16,-0.19,2.67,2,2,1002.07,35.27,100.24,1041.97,30.47,-247.68,0.48,1001.40,36.44,106.69,0.03,0.24,106.08,311.22,6500,0.01,0.25,9.63,-0.54,0.01,0.01,-0.84,-0.22,0.91,115.26,23,20,4,0,35.2950600,136.2495900,97.80, 0.50
857826,0.00,0.45,9.53,-0.82,-0.03,-0.01,-0.57,-1.04,-3.25,69.11,-0.02,2.67,2,2,1002.05,35.26,100.39,1042.34,30.49,-250.80,0.48,1001.40,36.43,106.73,0.05,0.30,106.08,311.22,6500,0.15,-0.03,9.57,-0.54,0.01,0.01,-0.84,-0.18,1.03,115.26,23,20,4,0,35.2950600,136.2495900,97.80, 0.50
857878,0.04,0.36,9.48,-0.82,-0.03,-0.01,-0.57,-0.92,-3.30,69.06,0.02,2.67,2,2,1002.05,35.26,100.41,1042.24,30.49,-250.30,0.49,1001.40,36.43,106.71,0.02,0.17,106.08,311.22,6499,0.00,-0.11,9.55,-0.54,0.01,0.01,-0.84,-0.13,1.15,115.25,23,20,4,0,35.2950600,136.2495900,97.80, 0.50
857932,0.02,0.37,9.48,-0.82,-0.03,-0.01,-0.57,-0.85,-3.37,69.02,0.20,2.67,2,2,1002.01,35.26,100.80,1042.30,30.49,-250.06,0.49,1001.39,36.43,106.74,0.02,0.17,106.08,311.22,6500,-0.04,-0.14,9.58,-0.54,0.01,0.01,-0.84,-0.07,1.30,115.23,23,20,4,0,35.2950600,136.2495900,97.80, 0.50
857986,0.20,0.44,9.57,-0.82,-0.03,-0.01,-0.57,-0.80,-3.48,68.98,0.46,2.67,2,2,1001.99,35.27,101.00,1042.36,30.50,-251.04,0.48,1001.39,36.44,106.76,0.03,0.24,106.08,311.22,6499,0.00,-0.22,9.55,-0.54,0.01,0.01,-0.84,-0.04,1.35,115.23,23,20,4,0,35.2950600,136.2495900,97.80, 0.50
858039,0.01,0.43,9.45,-0.82,-0.03,-0.01,-0.57,-0.75,-3.54,68.95,0.68,2.67,2,2,1001.98,35.26,101.09,1042.49,30.50,-252.17,0.49,1001.39,36.43,106.80,0.03,0.24,106.00,311.22,6499,-0.06,-0.18,9.61,-0.54,0.01,0.01,-0.84,0.00,1.45,115.22,23,20,4,0,35.2950600,136.2495900,97.80, 0.50
858096,0.15,0.51,9.69,-0.82,-0.03,-0.01,-0.57,-0.75,-3.61,68.93,0.77,2.66,2,2,1001.95,35.24,101.29,1042.39,30.51,-251.27,0.49,1001.39,36.43,106.79,0.02,0.17,106.00,311.22,6500,-0.02,-0.17,9.59,-0.54,0.01,0.01,-0.84,0.05,1.50,115.20,23,20,4,0,35.2950600,136.2495900,97.80, 0.50
858150,0.22,0.50,9.50,-0.82,-0.03,-0.01,-0.57,-0.75,-3.62,68.89,0.86,2.65,2,2,1001.95,35.24,101.30,1042.56,30.52,-252.54,0.48,1001.39,36.44,106.81,0.00,0.00,106.00,311.22,6499,-0.12,-0.26,9.68,-0.54,0.01,0.01,-0.84,0.08,1.48,115.17,23,20,4,0,35.2950600,136.2495900,97.80, 0.50
858208,0.10,0.51,9.56,-0.82,-0.03,-0.01,-0.57,-0.75,-3.62,68.84,1.09,2.64,2,2,1001.91,35.26,101.71,1042.40,30.52,-251.37,0.50,1001.39,36.42,106.82,0.02,0.17,106.00,311.22,6500,0.15,-0.29,9.62,-0.54,0.01,0.01,-0.84,0.08,1.48,115.15,23,20,4,0,35.2950600,136.2495900,97.80, 0.50
858261,0.05,0.39,9.47,-0.82,-0.03,-0.01,-0.56,-0.73,-3.53,68.81,1.30,2.64,2,2,1001.89,35.25,101.89,1042.44,30.53,-251.76,0.49,1001.39,36.44,106.78,0.00,0.00,106.00,311.22,6500,-0.03,-0.12,9.49,-0.54,0.01,0.01,-0.84,0.08,1.41,115.12,23,20,4,0,35.2950600,136.2495900,97.80, 0.50
858317,0.08,0.42,9.37,-0.82,-0.03,-0.01,-0.56,-0.72,-3.48,68.76,1.54,2.64,2,2,1001.88,35.25,101.92,1042.54,30.51,-252.52,0.49,1001.38,36.45,106.85,0.00,0.00,106.00,311.22,6500,-0.03,0.11,9.55,-0.54,0.01,0.01,-0.84,0.10,1.32,115.11,23,20,4,0,35.2950600,136.2495900,97.80, 0.50
858369,0.14,0.44,9.40,-0.83,-0.03,-0.01,-0.56,-0.72,-3.41,68.71,1.55,2.64,2,2,1001.90,35.25,101.82,1042.54,30.51,-251.29,0.50,1001.39,36.45,106.79,0.00,0.00,106.00,311.22,6500,0.01,-0.09,9.39,-0.54,0.01,0.01,-0.84,0.09,1.24,115.07,23,20,4,0,35.2950600,136.2495900,97.80, 0.50
858427,0.05,0.53,9.46,-0.83,-0.03,-0.01,-0.56,-0.72,-3.33,68.66,1.43,2.61,2,2,1001.93,35.25,101.54,1042.16,30.52,-248.51,0.50,1001.39,36.44,106.79,0.00,0.00,106.00,311.22,6500,0.06,0.16,9.59,-0.54,0.00,0.01,-0.84,0.10,1.19,115.04,23,20,4,0,35.2950600,136.2495900,97.80, 0.50
858481,0.08,0.48,9.57,-0.83,-0.03,-0.01,-0.56,-0.70,-3.31,68.62,1.28,2.60,2,2,1001.90,35.25,101.73,1041.91,30.52,-247.19,0.53,1001.39,36.44,106.79,0.00,0.00,106.00,311.22,6500,0.19,-0.06,9.65,-0.54,0.00,0.01,-0.84,0.14,1.16,115.01,23,20,4,0,35.2950600,136.2495900,97.80, 0.50
858537,0.01,0.52,9.40,-0.83,-0.03,-0.01,-0.56,-0.68,-3.31,68.56,1.38,2.57,2,2,1001.87,35.24,102.05,1041.52,30.52,-243.92,0.52,1001.39,36.44,106.82,0.02,0.17,106.00,311.22,6500,0.15,-0.20,9.50,-0.54,0.00,0.01,-0.84,0.15,1.15,114.99,23,20,4,0,35.2950600,136.2495900,97.80, 0.16
858589,0.13,0.48,9.46,-0.83,-0.03,-0.01,-0.56,-0.68,-3.35,68.52,1.50,2.54,2,2,1001.89,35.25,101.85,1040.87,30.51,-238.36,0.51,1001.39,36.43,106.82,0.00,0.00,106.00,311.22,6500,-0.09,-0.13,9.38,-0.54,0.00,0.01,-0.84,0.15,1.15,114.97,23,20,4,0,35.2950600,136.2495900,97.80, 0.16
858645,0.11,0.31,9.46,-0.83,-0.03,-0.01,-0.56,-0.68,-3.33,68.46,1.42,2.49,2,2,1001.92,35.25,101.62,1040.60,30.51,-234.60,0.50,1001.39,36.45,106.81,0.00,0.00,106.08,311.22,6499,0.23,0.04,9.48,-0.54,0.00,0.01,-0.84,0.15,1.13,114.93,23,20,4,0,35.2950600,136.2495900,97.80, 0.16
858703,0.07,0.28,9.50,-0.83,-0.03,-0.01,-0.56,-0.69,-3.25,68.41,1.16,2.47,2,2,1001.95,35.25,101.36,1040.39,30.52,-234.47,0.50,1001.40,36.44,106.73,-0.02,0.17,106.08,311.22,6500,0.21,0.09,9.61,-0.54,0.00,0.01,-0.84,0.12,1.04,114.88,23,20,4,0,35.2950600,136.2495900,97.80, 0.16
858758,0.00,0.38,9.62,-0.83,-0.03,-0.01,-0.56,-0.72,-3.21,68.35,0.93,2.46,2,2,1001.94,35.26,101.42,1040.51,30.50,-235.33,0.49,1001.39,36.43,106.78,-0.02,0.17,106.00,311.22,6498,0.03,-0.01,9.66,-0.54,0.00,0.01,-0.84,0.10,0.99,114.86,23,20,4,0,35.2950600,136.2495900,97.80, 0.16
858814,0.10,0.51,9.57,-0.83,-0.03,-0.01,-0.56,-0.75,-3.21,68.29,0.93,2.44,2,2,1001.91,35.25,101.66,1040.33,30.51,-233.81,0.50,1001.39,36.43,106.78,0.00,0.00,106.00,311.22,6500,-0.07,-0.11,9.83,-0.54,0.00,0.01,-0.84,0.07,0.98,114.84,23,20,4,0,35.2950600,136.2495900,97.80, 0.16
858865,0.15,0.49,9.67,-0.83,-0.03,-0.01,-0.56,-0.78,-3.24,68.25,1.01,2.41,2,2,1001.89,35.24,101.84,1040.27,30.50,-233.27,0.50,1001.39,36.44,106.81,-0.02,0.17,106.00,311.22,6500,0.05,-0.19,9.74,-0.54,0.00,0.01,-0.84,0.04,1.00,114.81,23,20,4,0,35.2950600,136.2495900,97.80, 0.16
858919,0.28,0.53,9.74,-0.83,-0.03,-0.01,-0.56,-0.82,-3.28,68.20,1.23,2.38,2,2,1001.87,35.24,102.00,1040.56,30.52,-236.46,0.49,1001.39,36.45,106.81,0.00,0.00,106.00,311.22,6500,-0.23,-0.08,9.72,-0.54,0.00,0.01,-0.84,-0.01,1.03,114.79,23,20,5,0,35.2950583,136.2495867,97.80, 0.16
858976,0.15,0.54,9.61,-0.83,-0.03,-0.01,-0.56,-0.85,-3.29,68.13,1.30,2.37,2,2,1001.90,35.24,101.76,1040.87,30.51,-238.40,0.50,1001.39,36.45,106.79,-0.02,0.17,106.00,311.22,6500,0.00,-0.15,9.89,-0.54,0.01,0.01,-0.84,-0.06,1.04,114.72,23,20,5,0,35.2950583,136.2495867,97.80, 0.16
859028,0.24,0.67,9.81,-0.83,-0.03,-0.01,-0.56,-0.87,-3.29,68.08,1.22,2.34,2,2,1001.90,35.24,101.74,1041.08,30.52,-240.14,0.49,1001.39,36.44,106.81,0.00,0.00,106.00,311.22,6499,-0.06,-0.16,9.84,-0.54,0.01,0.01,-0.84,-0.10,1.06,114.68,23,20,5,0,35.2950583,136.2495867,97.80, 0.16
859085,0.26,0.53,9.73,-0.83,-0.03,-0.01,-0.56,-0.89,-3.27,68.02,1.03,2.31,2,2,1001.92,35.24,101.55,1041.09,30.50,-240.27,0.47,1001.39,36.44,106.81,-0.02,0.17,106.00,311.22,6500,0.00,-0.17,9.72,-0.54,0.01,0.01,-0.84,-0.11,1.05,114.65,23,20,5,0,35.2950583,136.2495867,97.80, 0.16
859143,0.42,0.41,9.65,-0.83,-0.03,-0.01,-0.56,-0.93,-3.26,67.96,0.94,2.28,2,2,1001.94,35.24,101.42,1040.90,30.51,-238.63,0.46,1001.39,36.44,106.77,0.00,0.00,106.00,311.13,6500,-0.16,0.00,9.85,-0.54,0.01,0.01,-0.84,-0.15,1.05,114.61,23,20,5,0,35.2950583,136.2495867,97.80, 0.16
859197,0.32,0.32,9.54,-0.83,-0.03,-0.01,-0.56,-0.99,-3.20,67.91,0.63,2.23,2,2,1001.99,35.25,100.97,1040.70,30.51,-236.30,0.48,1001.40,36.44,106.74,-0.02,0.17,106.00,311.22,6500,-0.16,0.06,9.73,-0.54,0.01,0.01,-0.84,-0.19,0.98,114.56,23,20,5,0,35.2950583,136.2495867,97.80, 0.16
859253,0.33,0.40,9.50,-0.83,-0.03,-0.01,-0.56,-1.04,-3.16,67.84,0.33,2.23,2,2,1002.02,35.24,100.71,1040.65,30.51,-236.49,0.50,1001.40,36.44,106.74,0.00,0.00,106.00,311.22,6499,-0.18,0.08,9.59,-0.54,0.01,0.01,-0.84,-0.23,0.94,114.51,23,20,5,0,35.2950583,136.2495867,97.80, 0.16
859305,0.35,0.37,9.21,-0.83,-0.03,-0.01,-0.56,-1.10,-3.15,67.79,-0.01,2.23,2,2,1002.05,35.25,100.40,1040.71,30.51,-237.06,0.49,1001.40,36.44,106.69,0.00,0.00,106.00,311.22,6500,-0.20,-0.10,9.50,-0.54,0.01,0.01,-0.84,-0.25,0.92,114.50,23,20,5,0,35.2950583,136.2495867,97.80, 0.16
859362,0.35,0.43,9.44,-0.83,-0.03,-0.01,-0.56,-1.11,-3.15,67.74,-0.29,2.23,2,2,1002.07,35.22,100.22,1040.57,30.53,-235.88,0.47,1001.40,36.45,106.70,0.00,0.00,106.08,311.22,6500,-0.16,-0.14,9.37,-0.54,0.01,0.01,-0.84,-0.27,0.94,114.46,23,20,5,0,35.2950583,136.2495867,97.80, 0.16
859416,0.26,0.52,9.34,-0.83,-0.03,-0.01,-0.56,-1.10,-3.20,67.68,-0.42,2.23,2,2,1002.09,35.22,100.04,1040.61,30.53,-236.15,0.48,1001.40,36.44,106.70,0.00,0.00,106.08,311.22,6500,0.11,0.00,9.47,-0.54,0.01,0.01,-0.84,-0.24,0.98,114.41,23,20,5,0,35.2950583,136.2495867,97.80, 0.16
859472,0.45,0.50,9.51,-0.83,-0.03,-0.01,-0.56,-1.10,-3.24,67.61,-0.77,2.23,2,2,1002.15,35.22,99.49,1040.53,30.53,-235.52,0.48,1001.41,36.44,106.65,0.00,0.00,106.00,311.22,6500,-0.17,0.00,9.45,-0.54,0.01,0.01,-0.84,-0.24,1.01,114.40,23,20,5,0,35.2950583,136.2495867,97.80, 0.16
859524,0.21,0.31,9.50,-0.83,-0.03,-0.01,-0.56,-1.05,-3.29,67.56,-1.20,2.23,2,2,1002.18,35.24,99.28,1040.07,30.52,-231.62,0.52,1001.41,36.43,106.60,0.02,0.17,106.08,311.22,6500,-0.08,0.06,9.73,-0.54,0.01,0.01,-0.84,-0.23,1.06,114.34,23,20,5,0,35.2950583,136.2495867,97.80, 0.16
859579,0.24,0.31,9.47,-0.83,-0.03,-0.01,-0.56,-1.03,-3.32,67.50,-1.33,2.28,2,2,1002.14,35.22,99.60,1039.99,30.52,-230.92,0.51,1001.41,36.43,106.62,0.00,0.00,106.08,311.13,6500,-0.05,0.22,9.68,-0.54,0.01,0.01,-0.84,-0.21,1.09,114.29,23,20,5,0,35.2950583,136.2495867,97.80, 0.16
859634,0.15,0.35,9.43,-0.83,-0.03,-0.01,-0.56,-1.04,-3.38,67.42,-1.24,2.30,2,2,1002.12,35.23,99.82,1040.52,30.51,-236.12,0.49,1001.40,36.43,106.66,0.00,0.00,106.00,311.22,6500,0.04,-0.18,9.56,-0.54,0.01,0.01,-0.84,-0.21,1.15,114.22,23,20,5,0,35.2950583,136.2495867,97.80, 0.16
859688,0.01,0.49,9.61,-0.83,-0.03,-0.01,-0.55,-1.00,-3.41,67.36,-0.76,2.34,2,2,1002.05,35.23,100.38,1040.77,30.51,-237.98,0.49,1001.40,36.45,106.72,0.00,0.00,106.00,311.22,6500,0.10,0.04,9.49,-0.54,0.01,0.01,-0.84,-0.20,1.18,114.19,23,20,5,0,35.2950583,136.2495867,97.80, 0.40
859745,-0.07,0.33,9.47,-0.83,-0.03,-0.01,-0.55,-0.95,-3.39,67.30,-0.28,2.37,2,2,1002.03,35.22,100.55,1040.89,30.52,-238.57,0.49,1001.40,36.44,106.73,-0.02,0.17,106.00,311.22,6500,0.30,-0.11,9.64,-0.54,0.01,0.01,-0.84,-0.09,1.20,114.13,23,20,5,0,35.2950583,136.2495867,97.80, 0.40
859802,0.02,0.55,9.33,-0.83,-0.03,-0.01,-0.55,-0.93,-3.38,67.24,-0.01,2.38,2,2,1001.99,35.22,100.91,1040.74,30.52,-237.33,0.48,1001.40,36.45,106.73,-0.02,0.17,106.00,311.22,6501,0.04,-0.09,9.68,-0.54,0.01,0.01,-0.84,-0.06,1.19,114.09,23,20,5,0,35.2950583,136.2495867,97.80, 0.40
859854,0.02,0.49,9.46,-0.83,-0.03,-0.01,-0.55,-0.92,-3.38,67.19,0.10,2.41,2,2,1002.01,35.23,100.79,1040.67,30.53,-236.72,0.49,1001.39,36.43,106.74,-0.02,0.17,106.00,311.13,6500,0.27,-0.10,9.63,-0.54,0.01,0.01,-0.84,-0.02,1.18,114.06,23,20,6,0,35.2950583,136.2495817,98.00, 0.40
859912,0.04,0.59,9.54,-0.83,-0.03,-0.01,-0.55,-0.90,-3.38,67.13,0.27,2.43,2,2,1001.99,35.23,100.93,1040.56,30.53,-235.75,0.48,1001.39,36.43,106.78,0.00,0.00,106.00,311.22,6500,0.11,-0.31,9.48,-0.54,0.01,0.01,-0.84,0.01,1.19,114.03,23,20,6,0,35.2950583,136.2495817,98.00, 0.40
859964,0.04,0.61,9.57,-0.83,-0.03,-0.01,-0.55,-0.87,-3.38,67.07,0.39,2.46,2,2,1001.99,35.23,100.94,1040.75,30.51,-239.12,0.46,1001.39,36.42,106.77,0.00,0.00,106.00,311.13,6500,0.09,-0.17,9.54,-0.54,0.01,0.01,-0.84,0.04,1.17,113.99,23,20,6,0,35.2950583,136.2495817,98.00, 0.40
860022,0.05,0.58,9.43,-0.83,-0.03,-0.01,-0.55,-0.86,-3.34,67.02,0.40,2.47,2,2,1002.01,35.23,100.82,1041.15,30.51,-240.79,0.50,1001.39,36.43,106.78,0.00,0.00,106.00,311.22,6500,0.05,-0.03,9.56,-0.54,0.01,0.01,-0.84,0.05,1.15,113.96,23,20,6,0,35.2950583,136.2495817,98.00, 0.40
860075,0.20,0.55,9.41,-0.83,-0.03,-0.01,-0.55,-0.87,-3.29,66.98,0.34,2.49,2,2,1002.02,35.22,100.71,1041.31,30.51,-242.11,0.46,1001.40,36.44,106.68,0.00,0.00,106.00,311.22,6500,-0.08,-0.17,9.51,-0.55,0.01,0.01,-0.84,0.02,1.13,113.95,23,20,6,0,35.2950583,136.2495817,98.00, 0.40
860129,0.24,0.55,9.46,-0.83,-0.03,-0.01,-0.55,-0.90,-3.28,66.93,0.36,2.54,2,2,1002.01,35.23,100.77,1041.87,30.53,-246.88,0.46,1001.40,36.43,106.72,0.02,0.17,106.00,311.22,6500,-0.09,-0.23,9.45,-0.55,0.01,0.01,-0.84,-0.02,1.09,113.92,23,20,6,0,35.2950583,136.2495817,98.00, 0.40
860183,0.18,0.36,9.47,-0.83,-0.03,-0.01,-0.55,-0.93,-3.23,66.88,0.24,2.54,2,2,1002.04,35.22,100.54,1042.13,30.52,-249.93,0.47,1001.40,36.46,106.71,0.00,0.00,106.00,311.22,6500,-0.01,-0.11,9.50,-0.55,0.01,0.01,-0.84,-0.08,1.03,113.87,23,20,6,0,35.2950583,136.2495817,98.00, 0.40
860242,0.13,0.37,9.53,-0.83,-0.03,-0.01,-0.55,-0.93,-3.17,66.82,0.18,2.55,2,2,1002.03,35.22,100.58,1042.29,30.52,-253.37,0.47,1001.40,36.43,106.73,0.03,0.24,106.00,311.13,6500,-0.07,0.23,9.64,-0.55,0.01,0.01,-0.84,-0.11,0.98,113.83,23,20,6,0,35.2950583,136.2495817,98.00, 0.40
860294,0.17,0.22,9.55,-0.83,-0.03,-0.01,-0.55,-0.95,-3.11,66.77,0.15,2.57,2,2,1002.02,35.22,100.65,1042.76,30.51,-254.42,0.49,1001.40,36.45,106.70,0.02,0.17,106.00,311.13,6500,0.03,0.00,9.66,-0.55,0.01,0.01,-0.84,-0.13,0.98,113.82,23,20,6,0,35.2950583,136.2495817,98.00, 0.40
860351,0.19,0.15,9.48,-0.83,-0.03,-0.01,-0.55,-0.96,-3.04,66.71,0.24,2.59,2,2,1002.02,35.21,100.70,1042.53,30.52,-252.49,0.47,1001.40,36.45,106.74,-0.02,0.17,106.08,311.13,6500,-0.09,-0.03,9.53,-0.55,0.01,0.01,-0.84,-0.14,0.93,113.79,23,20,6,0,35.2950583,136.2495817,98.00, 0.40
860403,0.31,0.46,9.65,-0.84,-0.03,-0.01,-0.55,-0.98,-2.96,66.65,0.30,2.61,2,2,1002.00,35.22,100.82,1042.74,30.51,-254.33,0.50,1001.40,36.44,106.74,0.02,0.17,106.00,311.13,6500,-0.23,-0.22,9.77,-0.55,0.01,0.01,-0.84,-0.15,0.90,113.74,23,20,6,0,35.2950583,136.2495817,98.00, 0.40
860461,0.08,0.62,9.50,-0.84,-0.03,-0.01,-0.55,-0.98,-3.02,66.58,0.43,2.61,2,2,1002.00,35.22,100.91,1042.91,30.54,-255.11,0.50,1001.40,36.43,106.75,0.02,0.17,106.00,311.13,6500,-0.07,-0.34,9.43,-0.55,0.01,0.01,-0.84,-0.14,0.96,113.70,23,20,6,0,35.2950583,136.2495817,98.00, 0.40
860515,-0.08,0.37,9.57,-0.84,-0.03,-0.01,-0.55,-0.97,-3.08,66.52,0.54,2.63,2,2,1001.99,35.23,100.99,1042.37,30.53,-251.12,0.49,1001.40,36.43,106.74,0.02,0.17,106.00,311.13,6500,-0.35,-0.11,9.83,-0.55,0.01,0.01,-0.84,-0.14,1.05,113.65,23,20,6,0,35.2950583,136.2495817,98.00, 0.40
860571,-0.25,0.65,9.52,-0.84,-0.03,-0.01,-0.55,-0.98,-3.22,66.45,0.61,2.63,2,2,1001.98,35.21,101.06,1041.92,30.52,-247.29,0.51,1001.39,36.45,106.79,0.02,0.17,106.00,311.22,6500,-0.09,-0.20,9.54,-0.55,0.01,0.01,-0.84,-0.14,1.18,113.60,23,20,6,0,35.2950583,136.2495817,98.00, 0.40
860624,0.11,0.31,9.48,-0.84,-0.03,-0.01,-0.55,-0.98,-3.32,66.39,0.65,2.63,2,2,1001.98,35.21,101.07,1041.99,30.52,-247.86,0.41,1001.40,36.43,106.73,0.00,0.00,106.00,311.13,6499,-0.05,-0.24,9.34,-0.55,0.01,0.01,-0.84,-0.14,1.25,113.58,23,20,6,0,35.2950583,136.2495817,98.00, 0.40
860681,0.24,0.32,9.62,-0.84,-0.03,-0.01,-0.55,-0.97,-3.39,66.32,0.73,2.63,2,2,1001.96,35.22,101.22,1041.88,30.52,-244.97,0.42,1001.39,36.44,106.76,0.00,0.00,106.00,311.22,6500,-0.03,-0.34,9.73,-0.55,0.01,0.01,-0.84,-0.14,1.33,113.52,23,20,6,0,35.2950583,136.2495817,98.00, 0.40
860736,0.03,0.49,9.61,-0.84,-0.03,-0.01,-0.55,-0.96,-3.46,66.26,0.96,2.63,2,2,1001.91,35.22,101.68,1041.55,30.51,-244.83,0.47,1001.39,36.43,106.80,0.02,0.17,106.00,311.22,6500,0.26,-0.33,9.53,-0.55,0.01,0.01,-0.84,-0.12,1.42,113.46,23,20,6,0,35.2950583,136.2495817,98.00, 0.40
860793,0.11,0.59,9.53,-0.84,-0.03,-0.01,-0.55,-0.94,-3.53,66.17,1.35,2.63,2,2,1001.86,35.21,102.09,1041.62,30.52,-242.14,0.46,1001.39,36.44,106.81,0.00,0.00,106.00,311.13,6500,-0.01,-0.37,9.55,-0.55,0.01,0.01,-0.84,-0.10,1.45,113.43,23,20,6,0,35.2950583,136.2495817,98.00, 0.40
860849,0.11,0.64,9.39,-0.84,-0.03,-0.01,-0.55,-0.93,-3.55,66.12,1.74,2.63,2,2,1001.83,35.23,102.41,1041.09,30.54,-240.25,0.48,1001.38,36.44,106.84,-0.02,0.17,106.00,311.22,6500,-0.04,-0.37,9.51,-0.55,0.01,0.01,-0.84,-0.09,1.47,113.40,23,20,6,0,35.2950583,136.2495817,98.00, 0.40
860903,0.16,0.52,9.46,-0.84,-0.03,-0.01,-0.55,-0.93,-3.52,66.06,1.74,2.61,2,2,1001.82,35.21,102.50,1041.03,30.52,-239.74,0.46,1001.38,36.44,106.86,0.00,0.00,106.00,311.22,6499,0.23,-0.08,9.62,-0.55,0.01,0.01,-0.84,-0.08,1.44,113.34,23,20,6,0,35.2950583,136.2495817,98.00, 0.40
860960,0.15,0.63,9.46,-0.84,-0.03,-0.01,-0.54,-0.93,-3.48,66.00,1.75,2.59,2,2,1001.80,35.20,102.67,1040.82,30.51,-237.95,0.46,1001.38,36.45,106.87,0.02,0.17,106.00,311.13,6500,0.01,-0.20,9.49,-0.55,0.01,0.01,-0.84,-0.08,1.38,113.29,23,20,6,0,35.2950583,136.2495817,98.00, 0.40
861012,0.22,0.55,9.44,-0.84,-0.03,-0.01,-0.54,-0.92,-3.39,65.95,1.74,2.57,2,2,1001.81,35.22,102.58,1040.62,30.52,-234.46,0.46,1001.38,36.42,106.89,0.03,0.24,106.00,311.22,6500,0.07,-0.10,9.55,-0.55,0.01,0.01,-0.84,-0.08,1.33,113.26,23,20,6,0,35.2950583,136.2495817,98.00, 0.40
861064,0.28,0.43,9.57,-0.84,-0.03,-0.01,-0.54,-0.93,-3.30,65.90,1.73,2.56,2,2,1001.83,35.21,102.43,1040.45,30.52,-234.79,0.49,1001.38,36.43,106.87,0.03,0.24,106.00,311.13,6500,-0.07,-0.02,9.62,-0.55,0.01,0.01,-0.83,-0.08,1.22,113.21,23,20,6,0,35.2950583,136.2495817,98.00, 0.40
861121,0.19,0.46,9.47,-0.84,-0.03,-0.01,-0.54,-0.93,-3.21,65.85,1.72,2.55,2,2,1001.86,35.23,102.12,1041.14,30.53,-240.73,0.46,1001.38,36.43,106.87,0.02,0.17,106.00,311.13,6500,-0.06,-0.15,9.50,-0.55,0.01,0.01,-0.83,-0.09,1.09,113.16,23,20,6,0,35.2950583,136.2495817,98.00, 0.40
861173,0.06,0.49,9.31,-0.84,-0.03,-0.01,-0.54,-0.93,-3.14,65.80,1.69,2.54,2,2,1001.88,35.21,101.93,1041.31,30.51,-238.24,0.46,1001.38,36.44,106.84,0.02,0.17,106.00,311.22,6500,-0.01,0.23,9.46,-0.55,0.01,0.01,-0.83,-0.08,1.02,113.14,23,20,6,0,35.2950583,136.2495817,98.00, 0.40
861229,0.00,0.20,9.31,-0.84,-0.03,-0.01,-0.54,-0.91,-3.01,65.76,1.53,2.52,2,2,1001.91,35.21,101.64,1040.66,30.53,-234.62,0.46,1001.39,36.44,106.79,-0.02,0.17,106.00,311.13,6500,-0.07,0.21,9.44,-0.55,0.01,0.01,-0.83,-0.08,0.92,113.10,23,20,6,0,35.2950583,136.2495817,98.00, 0.40
861281,0.26,0.10,9.45,-0.84,-0.02,-0.01,-0.54,-0.90,-2.81,65.71,1.15,2.50,2,2,1001.96,35.22,101.24,1040.55,30.53,-235.65,0.46,1001.39,36.44,106.79,-0.02,0.17,106.00,311.22,6500,-0.05,0.39,9.49,-0.55,0.00,0.01,-0.83,-0.07,0.81,113.05,23,20,6,0,35.2950583,136.2495817,98.00, 0.40
861335,0.14,0.20,9.45,-0.84,-0.02,-0.01,-0.54,-0.92,-2.64,65.65,0.77,2.50,2,2,1002.00,35.20,100.87,1040.32,30.53,-233.75,0.46,1001.39,36.42,106.77,-0.02,0.17,106.08,311.22,6499,0.09,-0.01,9.46,-0.55,0.00,0.00,-0.83,-0.08,0.57,113.00,23,20,6,0,35.2950583,136.2495817,98.00, 0.40
861391,0.17,0.45,9.33,-0.84,-0.02,-0.01,-0.54,-0.93,-2.56,65.57,0.59,2.50,2,2,1002.01,35.21,100.74,1040.20,30.53,-232.86,0.48,1001.40,36.44,106.73,-0.02,0.17,106.00,311.13,6500,-0.06,-0.19,9.50,-0.55,0.00,0.00,-0.83,-0.08,0.54,112.98,23,20,6,0,35.2950583,136.2495817,98.00, 0.40
861445,0.12,0.56,9.54,-0.84,-0.02,-0.01,-0.54,-0.93,-2.56,65.52,0.37,2.53,2,2,1002.01,35.20,100.78,1040.20,30.53,-235.02,0.47,1001.40,36.44,106.71,-0.02,0.17,106.00,311.22,6500,0.01,-0.05,9.73,-0.55,0.00,0.00,-0.83,-0.08,0.54,112.90,23,20,6,0,35.2950583,136.2495817,98.00, 0.40
861502,0.23,0.56,9.62,-0.84,-0.02,-0.01,-0.54,-0.92,-2.64,65.45,0.37,2.54,2,2,1002.01,35.22,100.81,1040.64,30.53,-236.46,0.49,1001.40,36.44,106.72,-0.02,0.17,106.00,311.13,6500,0.02,-0.08,9.64,-0.55,0.00,0.00,-0.83,-0.07,0.60,112.84,23,20,6,0,35.2950583,136.2495817,98.00, 0.40
861559,0.39,0.47,9.58,-0.84,-0.02,-0.01,-0.54,-0.92,-2.70,65.38,0.41,2.55,2,2,1002.01,35.21,100.80,1040.84,30.53,-238.11,0.48,1001.40,36.43,106.72,-0.03,0.24,106.00,311.22,6499,-0.06,0.07,9.65,-0.55,0.00,0.00,-0.83,-0.07,0.66,112.80,23,20,7,0,35.2950567,136.2495767,98.00, 0.34
861612,0.18,0.38,9.45,-0.84,-0.02,-0.01,-0.54,-0.93,-2.78,65.32,0.38,2.55,2,2,1002.00,35.21,100.87,1041.44,30.53,-243.22,0.47,1001.40,36.44,106.74,-0.03,0.24,106.00,311.22,6500,0.24,0.06,9.68,-0.55,0.00,0.00,-0.83,-0.07,0.68,112.77,23,20,7,0,35.2950567,136.2495767,98.00, 0.34
861668,0.00,0.36,9.49,-0.84,-0.03,-0.01,-0.54,-0.92,-2.86,65.27,0.36,2.55,2,2,1002.02,35.21,100.72,1041.62,30.53,-246.45,0.47,1001.40,36.44,106.74,-0.02,0.17,106.00,311.22,6500,-0.07,-0.02,9.54,-0.55,0.00,0.01,-0.83,-0.07,0.77,112.73,23,20,7,0,35.2950567,136.2495767,98.00, 0.34
861722,0.16,0.38,9.53,-0.84,-0.03,-0.01,-0.54,-0.92,-2.96,65.20,0.33,2.55,2,2,1002.01,35.20,100.78,1041.77,30.55,-243.88,0.48,1001.40,36.45,106.71,-0.02,0.17,106.00,311.22,6500,-0.18,-0.31,9.50,-0.55,0.00,0.01,-0.83,-0.08,0.88,112.67,23,20,7,0,35.2950567,136.2495767,98.00, 0.34
861779,0.03,0.33,9.30,-0.84,-0.03,-0.01,-0.54,-0.93,-3.03,65.13,0.36,2.55,2,2,1002.00,35.21,100.84,1041.42,30.53,-243.11,0.47,1001.39,36.44,106.76,-0.03,0.24,106.00,311.13,6499,0.00,0.00,9.66,-0.55,0.01,0.01,-0.83,-0.08,0.94,112.63,23,20,7,0,35.2950567,136.2495767,98.00, 0.34
861831,0.24,0.45,9.53,-0.84,-0.03,-0.01,-0.54,-0.95,-3.10,65.05,0.44,2.55,2,2,1002.00,35.21,100.90,1041.25,30.55,-241.65,0.48,1001.40,36.45,106.75,0.00,0.00,106.00,311.22,6500,-0.02,-0.19,9.54,-0.56,0.01,0.01,-0.83,-0.08,1.00,112.57,23,20,7,0,35.2950567,136.2495767,98.00, 0.34
861889,0.23,0.54,9.59,-0.84,-0.03,-0.01,-0.54,-0.95,-3.14,64.97,0.43,2.55,2,2,1002.00,35.21,100.83,1041.21,30.54,-241.30,0.46,1001.39,36.44,106.75,0.00,0.00,106.00,311.13,6500,-0.06,-0.26,9.58,-0.56,0.01,0.01,-0.83,-0.08,1.03,112.54,23,20,7,0,35.2950567,136.2495767,98.00, 0.34
861940,0.17,0.67,9.73,-0.84,-0.03,-0.01,-0.54,-0.94,-3.15,64.91,0.42,2.55,2,2,1002.01,35.20,100.76,1041.35,30.53,-244.38,0.46,1001.40,36.45,106.72,0.00,0.00,106.00,311.13,6498,-0.02,-0.25,9.62,-0.56,0.01,0.01,-0.83,-0.07,1.04,112.49,23,20,8,0,35.2950550,136.2495817,98.30, 0.34
861998,0.38,0.66,9.53,-0.84,-0.03,-0.01,-0.54,-0.94,-3.16,64.86,0.37,2.55,2,2,1002.02,35.19,100.72,1041.48,30.53,-242.54,0.46,1001.40,36.46,106.71,0.00,0.00,106.00,311.22,6500,0.10,-0.44,9.50,-0.56,0.01,0.01,-0.83,-0.07,1.07,112.44,23,20,8,0,35.2950550,136.2495817,98.30, 0.34
862052,0.24,0.57,9.60,-0.84,-0.03,-0.01,-0.54,-0.94,-3.13,64.80,0.28,2.55,2,2,1002.04,35.20,100.53,1041.30,30.53,-242.09,0.46,1001.40,36.43,106.71,-0.02,0.17,106.00,311.22,6500,-0.18,-0.16,9.64,-0.56,0.01,0.01,-0.83,-0.07,1.05,112.42,23,20,8,0,35.2950550,136.2495817,98.30, 0.34
862108,0.23,0.67,9.54,-0.84,-0.03,-0.01,-0.54,-0.91,-3.11,64.75,0.13,2.55,2,2,1002.04,35.19,100.45,1041.15,30.55,-240.77,0.46,1001.40,36.44,106.69,-0.02,0.17,106.00,311.13,6500,0.20,-0.17,9.60,-0.56,0.01,0.01,-0.83,-0.05,0.99,112.37,23,20,8,0,35.2950550,136.2495817,98.30, 0.34
862162,0.12,0.55,9.69,-0.84,-0.03,-0.01,-0.54,-0.89,-3.06,64.71,0.02,2.55,2,2,1002.08,35.21,100.16,1040.58,30.55,-235.96,0.46,1001.40,36.44,106.67,0.02,0.17,106.00,311.13,6500,0.08,-0.27,9.52,-0.56,0.00,0.01,-0.83,-0.03,0.93,112.32,23,20,8,0,35.2950550,136.2495817,98.30, 0.34
862220,0.22,0.50,9.58,-0.84,-0.03,-0.01,-0.53,-0.88,-2.99,64.65,-0.34,2.55,2,2,1002.13,35.21,99.64,1040.58,30.53,-236.41,0.45,1001.41,36.44,106.61,0.02,0.17,106.00,311.22,6500,0.25,-0.08,9.66,-0.56,0.00,0.01,-0.83,0.00,0.87,112.29,23,20,8,0,35.2950550,136.2495817,98.30, 0.34
862273,-0.41,0.59,9.72,-0.84,-0.03,-0.01,-0.53,-0.88,-2.95,64.60,-0.77,2.55,2,2,1002.19,35.21,99.15,1040.76,30.53,-237.47,0.47,1001.41,36.44,106.63,-0.02,0.17,106.00,311.13,6500,0.19,-0.16,9.63,-0.56,0.00,0.01,-0.83,-0.01,0.82,112.25,23,20,8,0,35.2950550,136.2495817,98.30, 0.34
862329,-0.02,0.45,9.65,-0.85,-0.03,-0.01,-0.53,-0.87,-2.89,64.54,-1.28,2.55,2,2,1002.24,35.19,98.66,1041.18,30.53,-241.06,0.45,1001.42,36.44,106.57,0.03,0.24,106.00,311.22,6500,-0.04,-0.14,9.53,-0.56,0.00,0.01,-0.83,-0.02,0.80,112.21,23,20,8,0,35.2950550,136.2495817,98.30, 0.34
862383,-0.10,0.66,9.57,-0.85,-0.03,-0.01,-0.53,-0.90,-2.88,64.51,-1.77,2.55,2,2,1002.27,35.21,98.43,1041.49,30.53,-243.65,0.47,1001.41,36.45,106.58,0.00,0.00,106.00,311.22,6500,0.30,-0.37,9.54,-0.56,0.00,0.01,-0.83,-0.04,0.78,112.19,23,20,8,0,35.2950550,136.2495817,98.30, 0.34
862439,0.27,0.80,9.27,-0.85,-0.03,-0.01,-0.53,-0.85,-3.00,64.50,-1.94,2.55,2,2,1002.29,35.21,98.29,1041.19,30.53,-241.11,0.43,1001.42,36.44,106.54,-0.02,0.17,106.00,311.13,6500,-0.16,-0.42,9.63,-0.56,0.00,0.01,-0.83,-0.01,0.84,112.21,23,20,8,0,35.2950550,136.2495817,98.30, 0.34
862497,0.10,0.59,9.38,-0.85,-0.03,-0.01,-0.53,-0.85,-3.06,64.49,-1.88,2.57,2,2,1002.19,35.21,99.10,1041.23,30.53,-240.27,0.43,1001.41,36.44,106.61,0.02,0.17,106.00,311.13,6500,-0.18,0.01,9.61,-0.56,0.00,0.01,-0.83,-0.02,0.85,112.21,23,20,8,0,35.2950550,136.2495817,98.30, 0.34
862551,0.29,0.37,9.32,-0.85,-0.03,-0.01,-0.53,-0.87,-3.03,64.44,-1.43,2.58,2,2,1002.15,35.21,99.53,1041.09,30.53,-240.29,0.49,1001.41,36.46,106.64,0.02,0.17,106.00,311.22,6500,-0.10,0.09,9.55,-0.56,0.00,0.01,-0.83,-0.02,0.85,112.18,23,20,8,0,35.2950550,136.2495817,98.30, 0.27
862607,0.43,0.36,9.57,-0.85,-0.03,-0.01,-0.53,-0.89,-3.02,64.37,-0.83,2.59,2,2,1002.09,35.20,100.03,1041.79,30.55,-246.23,0.46,1001.40,36.43,106.69,0.03,0.24,106.00,311.13,6500,-0.20,0.08,9.58,-0.56,0.00,0.01,-0.83,-0.06,0.83,112.13,23,20,8,0,35.2950550,136.2495817,98.30, 0.27
862660,0.24,0.39,9.52,-0.85,-0.03,-0.01,-0.53,-0.95,-3.02,64.32,-0.35,2.60,2,2,1002.04,35.21,100.49,1042.22,30.53,-249.88,0.43,1001.40,36.44,106.72,0.03,0.24,106.00,311.13,6500,0.11,0.16,9.54,-0.56,0.00,0.01,-0.83,-0.07,0.86,112.07,23,20,8,0,35.2950550,136.2495817,98.30, 0.27
862717,0.32,0.29,9.28,-0.85,-0.03,-0.01,-0.53,-0.99,-2.99,64.24,-0.12,2.60,2,2,1002.02,35.21,100.66,1042.33,30.55,-250.81,0.46,1001.39,36.44,106.76,0.03,0.24,106.00,311.13,6500,0.24,0.35,9.48,-0.56,0.01,0.01,-0.83,-0.10,0.89,111.97,23,20,8,0,35.2950550,136.2495817,98.30, 0.27
862768,0.14,0.32,9.27,-0.85,-0.03,-0.01,-0.53,-1.06,-2.90,64.13,0.23,2.62,2,2,1002.03,35.21,100.62,1042.35,30.53,-250.43,0.46,1001.40,36.44,106.72,0.03,0.24,106.00,311.13,6500,0.16,0.18,9.53,-0.56,0.01,0.01,-0.83,-0.11,0.90,111.91,23,20,9,0,35.2950550,136.2495800,98.40, 0.27
862821,-0.38,0.75,9.56,-0.85,-0.03,-0.01,-0.53,-1.09,-2.96,64.09,0.26,2.63,2,2,1002.05,35.21,100.38,1042.04,30.52,-248.30,0.47,1001.40,36.45,106.74,0.05,0.30,106.00,311.13,6500,-0.35,-0.55,9.57,-0.56,0.01,0.01,-0.83,-0.19,1.00,111.93,23,20,9,0,35.2950550,136.2495800,98.40, 0.27
862878,0.50,0.70,9.74,-0.85,-0.03,-0.01,-0.53,-1.10,-3.13,64.08,0.47,2.63,2,2,1001.94,35.20,101.40,1041.78,30.53,-246.10,0.50,1001.39,36.44,106.77,0.03,0.24,106.00,311.22,6500,-0.46,0.01,9.59,-0.56,0.01,0.01,-0.83,-0.19,1.10,111.96,23,20,9,0,35.2950550,136.2495800,98.40, 0.27
862930,0.47,-0.02,9.32,-0.85,-0.03,-0.01,-0.53,-1.08,-3.14,64.03,0.63,2.63,2,2,1001.94,35.21,101.41,1041.17,30.53,-240.97,0.48,1001.39,36.45,106.77,-0.02,0.17,106.08,311.22,6499,-0.25,0.57,9.59,-0.56,0.01,0.01,-0.83,-0.18,1.14,111.91,23,20,9,0,35.2950550,136.2495800,98.40, 0.27
862988,-0.10,0.22,9.67,-0.85,-0.03,-0.01,-0.53,-1.10,-3.18,63.88,0.89,2.63,2,2,1001.96,35.21,101.21,1041.54,30.52,-247.14,0.48,1001.39,36.45,106.77,-0.02,0.17,106.08,311.13,6500,0.02,0.08,9.66,-0.56,0.01,0.01,-0.83,-0.21,1.20,111.76,23,20,9,0,35.2950550,136.2495800,98.40, 0.27
863047,0.34,0.35,9.16,-0.85,-0.03,-0.01,-0.53,-1.16,-3.34,63.79,1.00,2.63,2,2,1001.92,35.21,101.61,1042.28,30.53,-248.82,0.48,1001.39,36.44,106.79,0.00,0.00,106.00,311.13,6500,-0.99,-0.08,9.64,-0.56,0.01,0.01,-0.83,-0.25,1.30,111.72,23,20,9,0,35.2950550,136.2495800,98.40, 0.27
863101,0.16,-0.06,9.42,-0.85,-0.03,-0.01,-0.53,-1.13,-3.35,63.72,1.29,2.63,2,2,1001.86,35.21,102.16,1041.37,30.52,-242.64,0.48,1001.39,36.44,106.83,-0.03,0.24,106.00,311.22,6500,0.86,0.16,9.60,-0.56,0.01,0.01,-0.83,-0.26,1.40,111.56,23,20,9,0,35.2950550,136.2495800,98.40, 0.27
863156,0.08,0.40,9.50,-0.85,-0.03,-0.01,-0.53,-1.18,-3.41,63.60,1.68,2.63,2,2,1001.84,35.21,102.32,1040.61,30.52,-236.19,0.45,1001.38,36.44,106.84,-0.03,0.24,106.00,311.22,6500,-0.48,-0.04,9.73,-0.56,0.01,0.01,-0.83,-0.29,1.42,111.56,23,20,9,0,35.2950550,136.2495800,98.40, 0.27
863208,0.17,0.55,9.68,-0.85,-0.03,-0.01,-0.53,-1.21,-3.53,63.55,1.75,2.63,2,2,1001.76,35.21,103.07,1040.82,30.51,-236.33,0.47,1001.38,36.44,106.85,-0.05,0.30,106.00,311.13,6500,0.24,-0.29,9.65,-0.56,0.01,0.01,-0.83,-0.32,1.52,111.50,23,20,9,0,35.2950550,136.2495800,98.40, 0.27
863266,0.21,0.52,9.59,-0.85,-0.03,-0.01,-0.53,-1.22,-3.64,63.52,1.79,2.63,2,2,1001.64,35.21,104.13,1040.47,30.52,-234.33,0.46,1001.38,36.45,106.92,0.00,0.00,106.00,311.22,6500,0.43,-0.36,9.64,-0.56,0.01,0.01,-0.83,-0.33,1.57,111.50,23,20,9,0,35.2950550,136.2495800,98.40, 0.27
863320,-0.01,0.68,9.65,-0.85,-0.03,-0.01,-0.53,-1.20,-3.68,63.47,1.83,2.63,2,2,1001.51,35.19,105.26,1040.55,30.52,-239.08,0.48,1001.37,36.45,106.96,0.00,0.00,106.00,311.13,6500,-0.55,-0.20,9.75,-0.56,0.01,0.01,-0.83,-0.33,1.59,111.46,23,20,9,0,35.2950550,136.2495800,98.40, 0.27
863376,0.18,0.33,9.83,-0.85,-0.03,-0.01,-0.53,-1.18,-3.65,63.40,1.88,2.63,2,2,1001.49,35.20,105.44,1041.11,30.52,-240.43,0.44,1001.37,36.45,106.99,0.00,0.00,106.00,311.22,6500,-0.29,-0.09,9.79,-0.56,0.01,0.01,-0.83,-0.33,1.58,111.40,23,20,9,0,35.2950550,136.2495800,98.40, 0.27
863429,0.11,0.53,9.69,-0.85,-0.03,-0.01,-0.53,-1.18,-3.62,63.35,1.90,2.63,2,2,1001.53,35.19,105.06,1041.45,30.52,-243.33,0.45,1001.37,36.44,106.99,-0.02,0.17,106.00,311.13,6500,-0.03,-0.17,9.72,-0.56,0.01,0.01,-0.83,-0.33,1.57,111.37,23,20,9,0,35.2950550,136.2495800,98.40, 0.27
863487,-0.18,0.38,9.55,-0.85,-0.03,-0.01,-0.53,-1.15,-3.60,63.34,1.90,2.63,2,2,1001.63,35.18,104.18,1041.12,30.54,-240.50,0.47,1001.37,36.45,106.96,-0.03,0.24,106.00,311.13,6500,0.43,-0.12,9.64,-0.56,0.01,0.01,-0.83,-0.30,1.56,111.36,23,20,9,0,35.2950550,136.2495800,98.40, 0.27
863541,0.14,0.35,9.65,-0.85,-0.03,-0.01,-0.52,-1.15,-3.55,63.29,1.90,2.63,2,2,1001.68,35.18,103.76,1041.00,30.54,-237.49,0.48,1001.38,36.45,106.91,-0.07,0.34,106.00,311.13,6500,-0.29,-0.27,9.62,-0.56,0.01,0.01,-0.83,-0.32,1.52,111.31,23,20,9,0,35.2950550,136.2495800,98.40, 0.12
863599,0.03,0.65,9.45,-0.85,-0.03,-0.01,-0.52,-1.13,-3.48,63.22,1.86,2.63,2,2,1001.81,35.19,102.55,1040.63,30.52,-237.25,0.48,1001.38,36.45,106.86,-0.02,0.17,106.00,311.22,6500,0.80,-0.11,9.72,-0.56,0.01,0.01,-0.83,-0.31,1.50,111.24,23,20,9,0,35.2950550,136.2495800,98.40, 0.12
863656,-0.17,0.82,9.62,-0.85,-0.03,-0.01,-0.52,-1.09,-3.48,63.21,1.79,2.63,2,2,1001.95,35.18,101.31,1040.74,30.53,-237.33,0.46,1001.39,36.44,106.77,0.02,0.17,106.00,311.13,6500,0.21,-0.26,9.65,-0.56,0.01,0.01,-0.83,-0.30,1.50,111.28,23,20,9,0,35.2950550,136.2495800,98.40, 0.12
863707,0.03,0.24,9.62,-0.85,-0.03,-0.01,-0.52,-0.99,-3.46,63.19,1.28,2.63,2,2,1001.97,35.20,101.11,1040.82,30.52,-238.01,0.47,1001.39,36.45,106.75,0.02,0.17,106.00,311.13,6500,0.61,0.06,9.45,-0.56,0.01,0.01,-0.83,-0.19,1.51,111.28,23,20,9,0,35.2950550,136.2495800,98.40, 0.12
863765,0.40,-0.33,9.27,-0.85,-0.03,-0.01,-0.52,-0.89,-3.37,63.07,0.89,2.63,2,2,1002.03,35.17,100.61,1040.86,30.51,-238.31,0.46,1001.40,36.44,106.72,0.03,0.24,106.08,311.13,6500,0.35,0.81,9.48,-0.57,0.01,0.01,-0.82,-0.14,1.40,111.06,23,20,9,0,35.2950550,136.2495800,98.40, 0.12
863819,-0.31,0.34,9.47,-0.85,-0.03,-0.01,-0.52,-0.91,-3.32,62.90,0.37,2.63,2,2,1002.09,35.18,100.05,1041.43,30.52,-246.26,0.48,1001.41,36.44,106.65,-0.03,0.24,106.08,311.13,6500,0.52,-0.47,9.58,-0.57,0.01,0.01,-0.82,-0.18,1.38,110.93,23,20,9,0,35.2950550,136.2495800,98.40, 0.12
863874,-0.91,1.84,9.76,-0.85,-0.03,-0.01,-0.52,-0.98,-3.35,62.94,-0.32,2.63,2,2,1002.17,35.17,99.28,1041.36,30.53,-242.56,0.46,1001.41,36.47,106.63,0.00,0.00,106.00,311.13,6500,1.13,-0.79,9.82,-0.57,0.01,0.01,-0.82,-0.21,1.40,110.98,23,20,10,0,35.2950550,136.2495833,98.20, 0.12
863926,0.43,1.13,10.92,-0.85,-0.03,-0.01,-0.52,-0.82,-3.35,63.08,-0.76,2.63,2,2,1002.11,35.17,99.90,1040.60,30.52,-236.14,0.47,1001.41,36.46,106.62,0.00,0.00,106.00,311.13,6500,2.07,-0.50,9.14,-0.56,0.01,0.01,-0.83,-0.08,1.48,111.21,23,20,10,0,35.2950550,136.2495833,98.20, 0.12
863983,0.68,-0.46,9.42,-0.85,-0.03,-0.01,-0.52,-0.77,-3.30,62.91,-0.69,2.63,2,2,1002.11,35.17,99.85,1040.12,30.53,-231.99,0.49,1001.41,36.45,106.61,-0.05,0.30,106.00,311.13,6500,-2.29,1.13,9.98,-0.57,0.01,0.01,-0.82,-0.08,1.34,111.04,23,20,10,0,35.2950550,136.2495833,98.20, 0.12
864037,-0.08,-0.16,9.44,-0.85,-0.03,-0.01,-0.52,-0.75,-3.19,62.68,-0.53,2.63,2,2,1002.09,35.17,100.04,1041.07,30.53,-248.33,0.49,1001.41,36.46,106.64,-0.07,0.34,106.00,311.04,6500,2.05,1.13,9.60,-0.57,0.01,0.01,-0.82,-0.05,1.24,110.77,23,20,10,0,35.2950550,136.2495833,98.20, 0.12
864094,-0.20,0.55,9.08,-0.85,-0.03,-0.01,-0.52,-0.81,-3.18,62.54,-0.40,2.63,2,2,1002.13,35.17,99.63,1042.69,30.52,-251.69,0.50,1001.41,36.45,106.64,-0.05,0.30,106.00,311.04,6500,0.62,0.00,9.70,-0.57,0.01,0.01,-0.82,-0.12,1.22,110.61,23,20,10,0,35.2950550,136.2495833,98.20, 0.12
864146,-1.15,1.75,9.61,-0.85,-0.03,-0.01,-0.52,-0.89,-3.22,62.64,-0.61,2.63,2,2,1002.18,35.17,99.20,1041.86,30.53,-246.80,0.50,1001.41,36.45,106.64,0.00,0.00,106.00,311.04,6500,-0.32,-1.50,9.91,-0.57,0.01,0.01,-0.82,-0.16,1.25,110.76,23,20,10,0,35.2950550,136.2495833,98.20, 0.12
864203,1.20,0.85,10.28,-0.85,-0.03,-0.01,-0.52,-0.81,-3.23,62.77,-0.50,2.63,2,2,1002.05,35.17,100.39,1040.56,30.51,-235.73,0.51,1001.40,36.46,106.72,-0.05,0.30,106.00,311.04,6500,0.23,-0.62,9.33,-0.57,0.01,0.01,-0.82,-0.10,1.31,110.95,23,20,10,0,35.2950550,136.2495833,98.20, 0.12
864257,0.83,-0.71,8.94,-0.85,-0.03,-0.01,-0.52,-0.71,-3.15,62.70,-0.28,2.63,2,2,1002.02,35.17,100.71,1040.58,30.52,-235.92,0.50,1001.40,36.45,106.70,-0.03,0.24,106.00,311.04,6500,-2.19,1.01,9.38,-0.57,0.01,0.01,-0.82,-0.08,1.21,110.83,23,20,10,0,35.2950550,136.2495833,98.20, 0.12
864314,0.90,0.03,9.67,-0.85,-0.03,-0.01,-0.52,-0.69,-3.04,62.48,0.03,2.63,2,2,1002.04,35.17,100.47,1041.79,30.53,-252.44,0.49,1001.40,36.45,106.69,-0.10,0.42,106.00,311.04,6500,0.89,1.49,9.88,-0.57,0.01,0.01,-0.82,-0.05,1.12,110.60,23,20,10,0,35.2950550,136.2495833,98.20, 0.12
864367,0.40,-0.19,9.32,-0.86,-0.02,-0.01,-0.52,-0.68,-2.92,62.19,0.15,2.63,2,2,1002.04,35.17,100.45,1042.91,30.51,-255.73,0.50,1001.40,36.46,106.74,-0.05,0.30,105.91,311.13,6500,-0.85,0.35,9.61,-0.57,0.01,0.01,-0.82,-0.13,1.08,110.34,23,20,10,0,35.2950550,136.2495833,98.20, 0.12
864420,0.20,-0.13,9.50,-0.86,-0.02,-0.00,-0.52,-0.84,-2.41,62.04,0.24,2.63,2,2,1002.01,35.15,100.78,1042.73,30.52,-254.20,0.50,1001.40,36.45,106.71,-0.05,0.30,106.00,311.04,6500,-1.08,-0.03,9.61,-0.57,0.01,0.01,-0.82,-0.20,1.04,110.18,23,20,10,0,35.2950550,136.2495833,98.20, 0.12
864477,0.15,0.44,9.82,-0.86,-0.02,-0.00,-0.51,-0.84,-2.17,61.92,0.36,2.64,2,2,1002.02,35.15,100.69,1041.55,30.51,-244.14,0.53,1001.40,36.45,106.73,-0.02,0.17,106.00,311.04,6500,-0.87,0.24,9.83,-0.57,0.01,0.01,-0.82,-0.21,0.99,110.10,23,20,10,0,35.2950550,136.2495833,98.20, 0.12
864530,-0.27,0.65,9.69,-0.86,-0.02,-0.00,-0.51,-0.82,-2.07,61.92,0.34,2.64,2,2,1002.06,35.17,100.34,1041.40,30.50,-238.01,0.49,1001.40,36.45,106.70,0.02,0.17,106.00,311.04,6500,-0.02,0.12,9.98,-0.57,0.01,0.01,-0.82,-0.19,0.93,110.08,23,20,10,0,35.2950550,136.2495833,98.20, 0.12
864587,0.39,0.84,9.16,-0.86,-0.02,-0.00,-0.51,-0.88,-2.11,61.95,0.26,2.64,2,2,1002.06,35.16,100.26,1040.37,30.50,-234.08,0.47,1001.40,36.44,106.73,0.03,0.24,106.00,311.04,6500,-0.56,-0.53,9.73,-0.57,0.01,0.01,-0.82,-0.23,0.90,110.14,23,20,10,0,35.2950550,136.2495833,98.20, 0.12
864645,0.23,0.35,9.47,-0.86,-0.02,-0.00,-0.51,-0.93,-2.20,61.92,0.12,2.64,2,2,1002.06,35.15,100.32,1041.13,30.50,-237.04,0.45,1001.40,36.45,106.73,0.02,0.17,106.00,311.04,6500,0.18,0.21,9.38,-0.57,0.01,0.01,-0.82,-0.25,0.90,110.13,23,20,10,0,35.2950550,136.2495833,98.20, 0.14
864700,0.10,0.11,9.07,-0.86,-0.02,-0.00,-0.51,-0.98,-2.17,61.84,-0.03,2.64,2,2,1002.09,35.16,100.07,1041.02,30.50,-239.61,0.50,1001.40,36.43,106.71,0.02,0.17,106.00,311.04,6500,-0.07,0.21,9.43,-0.57,0.01,0.00,-0.82,-0.33,0.86,110.03,23,20,10,0,35.2950550,136.2495833,98.20, 0.14
864754,0.16,0.03,9.29,-0.86,-0.02,-0.00,-0.51,-1.05,-2.04,61.72,-0.13,2.64,2,2,1002.07,35.15,100.25,1042.22,30.50,-249.85,0.45,1001.40,36.45,106.68,-0.03,0.24,106.00,311.04,6500,0.13,0.37,9.41,-0.57,0.01,0.00,-0.82,-0.37,0.80,109.98,23,20,10,0,35.2950550,136.2495833,98.20, 0.14
864808,0.02,0.14,9.54,-0.86,-0.02,-0.00,-0.51,-1.10,-1.98,61.65,-0.15,2.64,2,2,1002.07,35.16,100.25,1042.30,30.50,-252.89,0.48,1001.40,36.44,106.72,-0.03,0.24,106.00,311.04,6500,-0.06,0.11,9.53,-0.57,0.01,0.00,-0.82,-0.42,0.71,109.91,23,20,11,0,35.2950550,136.2495867,98.20, 0.14
864864,0.22,0.16,9.61,-0.86,-0.02,-0.00,-0.51,-1.14,-2.00,61.57,-0.07,2.64,2,2,1002.06,35.15,100.27,1042.87,30.51,-258.16,0.47,1001.40,36.43,106.71,-0.02,0.17,106.00,311.04,6500,-0.14,0.12,9.48,-0.57,0.01,0.00,-0.82,-0.45,0.57,109.83,23,20,11,0,35.2950550,136.2495867,98.20, 0.14
864917,0.37,0.26,9.42,-0.86,-0.02,-0.00,-0.51,-1.18,-2.00,61.50,-0.24,2.64,2,2,1002.14,35.16,99.54,1043.29,30.50,-258.93,0.42,1001.40,36.44,106.67,-0.05,0.30,106.00,311.04,6500,-0.19,0.38,9.66,-0.58,0.01,0.00,-0.82,-0.49,0.52,109.79,23,20,11,0,35.2950550,136.2495867,98.20, 0.14
864972,0.27,0.49,9.57,-0.86,-0.02,0.00,-0.51,-1.22,-2.01,61.40,-0.81,2.65,2,2,1002.23,35.16,98.73,1042.48,30.50,-252.07,0.45,1001.41,36.44,106.61,-0.05,0.30,106.00,311.04,6500,-0.09,-0.13,9.75,-0.58,0.01,0.00,-0.82,-0.52,0.52,109.72,23,20,11,0,35.2950550,136.2495867,98.20, 0.14
865026,0.34,0.56,9.39,-0.86,-0.02,0.00,-0.51,-1.26,-2.08,61.32,-1.13,2.66,2,2,1002.25,35.16,98.63,1041.92,30.51,-247.25,0.47,1001.41,36.45,106.59,-0.05,0.30,106.00,311.04,6500,-0.21,-0.12,9.65,-0.58,0.01,0.00,-0.82,-0.54,0.55,109.63,23,20,11,0,35.2950550,136.2495867,98.20, 0.14
865083,0.10,0.55,9.50,-0.86,-0.02,-0.00,-0.51,-1.27,-2.21,61.21,-1.89,2.67,2,2,1002.33,35.15,97.89,1042.03,30.50,-250.06,0.45,1001.42,36.45,106.54,-0.05,0.30,106.00,311.04,6500,-0.01,-0.57,9.50,-0.58,0.01,0.00,-0.82,-0.55,0.63,109.53,23,20,11,0,35.2950550,136.2495867,98.20, 0.14
865137,0.08,0.61,9.57,-0.86,-0.02,-0.00,-0.51,-1.23,-2.32,61.12,-2.47,2.69,2,2,1002.41,35.17,97.17,1042.51,30.50,-252.33,0.48,1001.42,36.44,106.49,0.02,0.17,106.00,311.04,6499,0.00,-0.15,9.61,-0.58,0.01,0.00,-0.82,-0.54,0.66,109.49,23,20,11,0,35.2950550,136.2495867,98.20, 0.14
865193,0.04,0.52,9.80,-0.86,-0.02,-0.00,-0.51,-1.18,-2.40,61.01,-3.04,2.71,2,2,1002.49,35.15,96.45,1042.88,30.50,-255.44,0.45,1001.42,36.43,106.50,0.05,0.30,106.00,311.04,6500,0.54,-0.20,9.72,-0.58,0.01,0.00,-0.82,-0.46,0.72,109.39,23,20,11,0,35.2950550,136.2495867,98.20, 0.14
865246,0.24,0.36,9.86,-0.86,-0.02,-0.00,-0.51,-1.16,-2.46,60.92,-3.16,2.76,2,2,1002.36,35.17,97.63,1043.78,30.51,-263.03,0.46,1001.42,36.44,106.51,0.00,0.00,106.00,311.04,6499,0.21,0.22,9.95,-0.58,0.01,0.00,-0.82,-0.46,0.81,109.29,23,20,11,0,35.2950550,136.2495867,98.20, 0.14
865303,0.21,0.22,9.76,-0.86,-0.02,-0.00,-0.51,-1.14,-2.53,60.81,-3.03,2.77,2,2,1002.34,35.16,97.75,1043.83,30.50,-263.50,0.46,1001.42,36.44,106.56,-0.05,0.30,106.00,311.04,6500,0.04,0.13,9.71,-0.58,0.01,0.00,-0.82,-0.41,0.88,109.21,23,20,11,0,35.2950550,136.2495867,98.20, 0.14
865354,0.02,0.27,9.64,-0.86,-0.02,-0.00,-0.51,-1.09,-2.61,60.71,-2.42,2.79,2,2,1002.27,35.17,98.45,1043.95,30.50,-265.21,0.49,1001.42,36.45,106.54,-0.05,0.30,106.00,311.04,6500,0.43,0.19,9.84,-0.58,0.01,0.00,-0.81,-0.35,0.89,109.15,23,20,11,0,35.2950550,136.2495867,98.20, 0.14
865410,0.20,0.28,9.65,-0.86,-0.02,-0.00,-0.50,-1.05,-2.70,60.61,-1.69,2.81,2,2,1002.18,35.17,99.24,1044.03,30.51,-263.98,0.51,1001.41,36.44,106.64,-0.05,0.30,106.00,311.04,6500,-0.09,0.20,9.78,-0.58,0.01,0.01,-0.81,-0.30,0.95,109.06,23,20,11,0,35.2950550,136.2495867,98.20, 0.14
865463,0.51,0.22,9.66,-0.86,-0.03,-0.00,-0.50,-0.98,-2.77,60.51,-1.15,2.83,2,2,1002.20,35.15,99.03,1042.67,30.51,-253.68,0.49,1001.41,36.45,106.61,-0.03,0.24,106.00,311.04,6500,-0.15,-0.07,9.62,-0.58,0.01,0.01,-0.81,-0.28,1.06,108.98,23,20,11,0,35.2950550,136.2495867,98.20, 0.14
865517,0.05,0.49,9.40,-0.86,-0.03,-0.01,-0.50,-0.94,-2.85,60.44,-0.84,2.88,2,2,1002.11,35.15,99.81,1042.76,30.48,-255.53,0.48,1001.40,36.45,106.67,-0.05,0.30,106.00,311.04,6500,0.04,-0.43,9.53,-0.58,0.01,0.01,-0.81,-0.25,1.15,108.92,23,20,11,0,35.2950550,136.2495867,98.20, 0.14
865573,-0.14,0.39,9.58,-0.86,-0.03,-0.01,-0.50,-0.88,-2.90,60.34,0.00,2.90,2,2,1001.95,35.17,101.34,1043.32,30.50,-256.66,0.48,1001.40,36.45,106.75,-0.05,0.30,106.00,311.04,6500,0.08,-0.12,9.61,-0.58,0.01,0.01,-0.81,-0.15,1.19,108.88,23,20,11,0,35.2950550,136.2495867,98.20, 0.25
865627,0.08,0.45,9.51,-0.86,-0.03,-0.01,-0.50,-0.85,-2.92,60.26,1.46,2.90,2,2,1001.73,35.17,103.33,1042.82,30.50,-254.93,0.44,1001.39,36.45,106.84,-0.03,0.24,106.00,311.04,6500,0.00,-0.33,9.45,-0.58,0.01,0.01,-0.81,-0.11,1.21,108.80,23,20,11,0,35.2950550,136.2495867,98.20, 0.25
865683,0.02,0.32,9.49,-0.86,-0.03,-0.01,-0.50,-0.83,-2.93,60.17,2.00,2.90,2,2,1001.52,35.17,105.14,1042.49,30.51,-252.15,0.49,1001.37,36.45,106.96,-0.05,0.30,106.00,311.04,6500,0.17,-0.07,9.52,-0.58,0.01,0.01,-0.81,-0.06,1.18,108.72,23,20,11,0,35.2950550,136.2495867,98.20, 0.25
865737,-0.04,0.45,9.56,-0.87,-0.03,-0.01,-0.50,-0.81,-2.92,60.09,2.09,2.90,2,2,1001.57,35.17,104.70,1042.36,30.50,-251.02,0.47,1001.37,36.45,107.00,-0.05,0.30,106.00,311.04,6500,0.17,0.22,9.59,-0.58,0.01,0.01,-0.81,-0.01,1.12,108.64,23,20,11,0,35.2950550,136.2495867,98.20, 0.25
865793,-0.18,0.43,9.39,-0.87,-0.03,-0.01,-0.50,-0.79,-2.91,60.01,2.14,2.90,2,2,1001.64,35.16,104.10,1042.19,30.51,-246.78,0.46,1001.37,36.45,106.94,-0.03,0.24,106.00,311.04,6500,0.13,0.23,9.58,-0.58,0.01,0.01,-0.81,0.02,1.09,108.60,23,20,12,0,35.2950550,136.2495850,98.20, 0.25
865851,0.05,0.28,9.28,-0.87,-0.03,-0.01,-0.50,-0.77,-2.88,59.93,2.14,2.90,2,2,1001.65,35.16,103.97,1042.06,30.50,-245.92,0.45,1001.38,36.45,106.88,-0.03,0.24,106.00,311.04,6499,0.18,0.24,9.42,-0.58,0.00,0.01,-0.81,0.07,1.02,108.51,23,20,12,0,35.2950550,136.2495850,98.20, 0.25
865905,0.05,0.19,9.37,-0.87,-0.02,-0.01,-0.50,-0.71,-2.79,59.85,2.10,2.90,2,2,1001.73,35.17,103.30,1041.55,30.50,-244.11,0.45,1001.38,36.45,106.88,-0.05,0.30,106.00,311.04,6500,0.07,0.10,9.41,-0.58,0.00,0.01,-0.81,0.13,0.90,108.43,23,20,12,0,35.2950550,136.2495850,98.20, 0.25
865960,0.16,0.20,9.38,-0.87,-0.02,-0.01,-0.50,-0.68,-2.68,59.78,2.09,2.90,2,2,1001.73,35.17,103.26,1041.20,30.49,-241.16,0.45,1001.38,36.43,106.90,-0.03,0.24,106.00,311.04,6500,0.05,-0.01,9.33,-0.59,0.00,0.01,-0.81,0.15,0.76,108.36,23,20,12,0,35.2950550,136.2495850,98.20, 0.25
866012,0.20,0.20,9.44,-0.87,-0.02,-0.01,-0.50,-0.67,-2.61,59.69,2.09,2.90,2,2,1001.74,35.16,103.20,1041.12,30.51,-240.53,0.45,1001.38,36.45,106.89,-0.03,0.24,106.00,311.04,6500,-0.12,0.12,9.49,-0.59,0.00,0.01,-0.81,0.13,0.66,108.33,23,20,12,0,35.2950550,136.2495850,98.20, 0.25
866066,0.13,0.23,9.29,-0.87,-0.02,-0.01,-0.50,-0.69,-2.58,59.61,2.10,2.90,2,2,1001.78,35.16,102.86,1041.13,30.49,-242.03,0.40,1001.38,36.43,106.85,-0.03,0.24,106.00,311.04,6500,-0.29,-0.16,9.37,-0.59,0.00,0.00,-0.81,0.13,0.56,108.26,23,20,12,0,35.2950550,136.2495850,98.20, 0.25
866124,0.16,0.27,9.38,-0.87,-0.02,-0.01,-0.50,-0.71,-2.56,59.52,2.08,2.90,2,2,1001.78,35.16,102.80,1041.45,30.49,-243.34,0.46,1001.39,36.45,106.84,-0.03,0.24,106.00,311.04,6500,0.04,-0.15,9.41,-0.59,0.00,0.00,-0.81,0.12,0.54,108.15,23,20,12,0,35.2950550,136.2495850,98.20, 0.25
866179,0.32,0.46,9.60,-0.87,-0.02,-0.01,-0.50,-0.73,-2.55,59.43,2.06,2.90,2,2,1001.82,35.15,102.48,1042.08,30.51,-248.65,0.45,1001.38,36.44,106.87,-0.03,0.24,106.00,311.04,6498,-0.12,-0.47,9.42,-0.59,0.00,0.00,-0.81,0.12,0.52,108.08,23,20,12,0,35.2950550,136.2495850,98.20, 0.25
866233,0.35,0.43,9.55,-0.87,-0.02,-0.01,-0.50,-0.75,-2.55,59.37,2.04,2.90,2,2,1001.86,35.16,102.09,1041.85,30.50,-246.66,0.51,1001.39,36.44,106.83,-0.03,0.24,106.00,311.04,6500,0.05,-0.61,9.49,-0.59,0.00,0.00,-0.81,0.12,0.52,108.03,23,20,12,0,35.2950550,136.2495850,98.20, 0.25
866291,0.40,0.53,9.71,-0.87,-0.02,-0.01,-0.49,-0.78,-2.56,59.28,2.04,2.90,2,2,1001.87,35.16,102.06,1041.33,30.52,-242.32,0.40,1001.39,36.45,106.82,-0.03,0.24,106.00,311.04,6500,-0.15,-0.33,9.71,-0.59,0.00,0.00,-0.81,0.10,0.52,107.97,23,20,12,0,35.2950550,136.2495850,98.20, 0.25
866343,0.24,0.45,9.67,-0.87,-0.02,-0.00,-0.49,-0.82,-2.58,59.21,2.01,2.90,2,2,1001.83,35.17,102.39,1040.96,30.49,-237.50,0.45,1001.39,36.45,106.80,-0.05,0.30,106.00,311.04,6500,-0.13,-0.02,9.84,-0.59,0.00,0.00,-0.81,0.08,0.52,107.90,23,20,12,0,35.2950550,136.2495850,98.20, 0.25
866401,0.22,0.54,9.75,-0.87,-0.02,-0.00,-0.49,-0.85,-2.60,59.12,2.01,2.90,2,2,1001.79,35.16,102.78,1040.79,30.50,-237.67,0.45,1001.38,36.44,106.85,-0.05,0.30,106.00,311.04,6500,0.04,-0.01,9.82,-0.59,0.00,0.00,-0.81,0.06,0.54,107.82,23,20,12,0,35.2950550,136.2495850,98.20, 0.25
866454,0.25,0.56,9.74,-0.87,-0.02,-0.00,-0.49,-0.86,-2.61,59.04,2.01,2.90,2,2,1001.85,35.16,102.24,1040.81,30.51,-237.83,0.42,1001.39,36.45,106.82,-0.03,0.24,106.00,311.04,6500,-0.33,-0.01,9.86,-0.59,0.00,0.00,-0.81,0.06,0.54,107.78,23,20,12,0,35.2950550,136.2495850,98.20, 0.25
866511,0.26,0.42,9.53,-0.87,-0.02,-0.00,-0.49,-0.88,-2.64,58.97,2.01,2.90,2,2,1001.95,35.16,101.34,1041.04,30.50,-239.84,0.39,1001.39,36.45,106.77,-0.05,0.30,106.00,311.04,6499,0.03,-0.22,9.57,-0.59,0.00,0.00,-0.81,0.03,0.56,107.70,23,20,12,0,35.2950550,136.2495850,98.20, 0.26
866562,0.25,0.44,9.35,-0.87,-0.02,-0.00,-0.49,-0.91,-2.72,58.87,1.67,2.86,2,2,1001.99,35.17,100.89,1041.20,30.49,-242.15,0.49,1001.40,36.45,106.68,-0.05,0.30,106.00,311.04,6500,0.04,-0.30,9.46,-0.59,0.00,0.00,-0.81,0.02,0.62,107.61,23,20,12,0,35.2950550,136.2495850,98.20, 0.26
866617,0.27,0.54,9.36,-0.87,-0.03,-0.01,-0.49,-0.92,-2.79,58.80,0.91,2.82,2,2,1002.03,35.17,100.62,1041.15,30.51,-238.69,0.49,1001.40,36.46,106.71,-0.07,0.34,106.00,311.04,6500,-0.26,-0.47,9.46,-0.59,0.00,0.00,-0.81,-0.01,0.66,107.59,23,20,12,0,35.2950550,136.2495850,98.20, 0.26
866672,0.29,0.53,9.43,-0.87,-0.03,-0.01,-0.49,-0.94,-2.88,58.71,0.47,2.80,2,2,1002.05,35.15,100.37,1040.88,30.50,-238.43,0.48,1001.40,36.45,106.68,-0.08,0.38,106.00,311.04,6500,0.12,0.06,9.70,-0.59,0.00,0.01,-0.81,-0.03,0.77,107.50,23,20,12,0,35.2950550,136.2495850,98.20, 0.26
866724,0.18,0.54,9.66,-0.87,-0.03,-0.01,-0.49,-0.94,-2.97,58.63,0.29,2.80,2,2,1002.06,35.17,100.33,1040.94,30.50,-238.98,0.48,1001.40,36.46,106.69,-0.07,0.34,106.00,311.04,6500,-0.01,-0.23,9.63,-0.59,0.00,0.01,-0.81,-0.03,0.88,107.44,23,20,12,0,35.2950550,136.2495850,98.20, 0.26
866782,0.14,0.60,9.51,-0.87,-0.03,-0.01,-0.49,-0.94,-3.11,58.54,0.22,2.80,2,2,1002.06,35.16,100.28,1041.08,30.51,-240.20,0.48,1001.40,36.44,106.67,-0.05,0.30,106.00,311.04,6500,-0.05,-0.26,9.53,-0.59,0.01,0.01,-0.81,-0.03,1.00,107.37,23,20,12,0,35.2950550,136.2495850,98.20, 0.26
866834,0.14,0.60,9.43,-0.87,-0.03,-0.01,-0.49,-0.93,-3.21,58.46,-0.01,2.80,2,2,1002.11,35.18,99.83,1041.19,30.50,-240.79,0.48,1001.40,36.44,106.67,-0.03,0.24,106.00,311.04,6500,0.12,-0.15,9.52,-0.59,0.01,0.01,-0.81,-0.03,1.06,107.32,23,20,12,0,35.2950550,136.2495850,98.20, 0.26
866893,0.17,0.60,9.53,-0.87,-0.03,-0.01,-0.49,-0.93,-3.33,58.37,-0.33,2.80,2,2,1002.16,35.16,99.43,1041.19,30.50,-241.13,0.48,1001.41,36.44,106.65,-0.05,0.30,106.00,311.04,6500,-0.04,-0.27,9.55,-0.59,0.01,0.01,-0.81,-0.03,1.17,107.25,23,20,13,0,35.2950550,136.2495850,98.10, 0.26
866950,0.19,0.69,9.61,-0.87,-0.03,-0.01,-0.49,-0.93,-3.38,58.27,-0.68,2.80,2,2,1002.18,35.16,99.25,1041.34,30.51,-242.38,0.47,1001.41,36.44,106.64,-0.03,0.24,106.00,311.04,6500,0.00,-0.09,9.67,-0.59,0.01,0.01,-0.80,-0.02,1.26,107.16,23,20,13,0,35.2950550,136.2495850,98.10, 0.26
867002,0.14,0.55,9.44,-0.87,-0.03,-0.01,-0.49,-0.92,-3.41,58.19,-0.92,2.80,2,2,1002.19,35.16,99.11,1041.74,30.49,-245.76,0.47,1001.41,36.44,106.65,-0.07,0.34,106.00,311.04,6500,0.20,-0.11,9.63,-0.59,0.01,0.01,-0.80,-0.01,1.28,107.07,23,20,13,0,35.2950550,136.2495850,98.10, 0.26
867059,0.07,0.41,9.52,-0.87,-0.03,-0.01,-0.49,-0.91,-3.41,58.09,-1.01,2.80,2,2,1002.21,35.16,98.98,1041.55,30.50,-244.17,0.47,1001.41,36.46,106.58,-0.02,0.17,106.00,311.04,6499,0.11,0.00,9.74,-0.59,0.01,0.01,-0.80,0.01,1.27,106.99,23,20,13,0,35.2950550,136.2495850,98.10, 0.26
867111,0.19,0.36,9.64,-0.87,-0.03,-0.01,-0.48,-0.91,-3.40,58.00,-1.24,2.80,2,2,1002.24,35.15,98.65,1041.28,30.49,-241.98,0.49,1001.41,36.44,106.60,-0.03,0.24,106.00,311.04,6500,-0.05,0.10,9.89,-0.60,0.01,0.01,-0.80,0.01,1.27,106.94,23,20,13,0,35.2950550,136.2495850,98.10, 0.26
867165,0.13,0.35,9.56,-0.87,-0.03,-0.01,-0.48,-0.91,-3.37,57.91,-1.37,2.80,2,2,1002.20,35.15,99.01,1041.42,30.49,-243.05,0.49,1001.41,36.46,106.60,-0.03,0.24,106.00,311.04,6500,0.09,-0.27,9.51,-0.60,0.01,0.01,-0.80,0.01,1.19,106.84,23,20,13,0,35.2950550,136.2495850,98.10, 0.26
867220,0.16,0.38,9.72,-0.87,-0.03,-0.01,-0.48,-0.91,-3.32,57.80,-1.17,2.80,2,2,1002.14,35.16,99.54,1041.76,30.50,-245.96,0.49,1001.41,36.44,106.65,-0.05,0.30,105.91,311.04,6500,0.09,-0.08,9.51,-0.60,0.01,0.01,-0.80,0.02,1.15,106.75,23,20,13,0,35.2950550,136.2495850,98.10, 0.26
867273,0.07,0.36,9.51,-0.88,-0.03,-0.01,-0.48,-0.90,-3.28,57.71,-0.86,2.88,2,2,1002.12,35.16,99.79,1042.20,30.49,-249.67,0.48,1001.41,36.44,106.63,-0.08,0.38,106.00,311.04,6500,0.10,0.06,9.69,-0.60,0.01,0.01,-0.80,0.01,1.13,106.72,23,20,13,0,35.2950550,136.2495850,98.10, 0.26
867328,0.11,0.38,9.58,-0.88,-0.03,-0.01,-0.48,-0.89,-3.25,57.61,-0.36,2.93,2,2,1002.10,35.14,99.96,1042.29,30.48,-248.25,0.49,1001.40,36.45,106.68,-0.07,0.34,106.00,311.04,6498,0.05,0.05,9.55,-0.60,0.01,0.01,-0.80,-0.00,1.10,106.63,23,20,13,0,35.2950550,136.2495850,98.10, 0.26
867384,0.12,0.40,9.42,-0.88,-0.03,-0.01,-0.48,-0.88,-3.26,57.52,-0.11,2.98,2,2,1002.11,35.14,99.83,1041.95,30.50,-247.51,0.49,1001.40,36.45,106.67,-0.05,0.30,106.00,311.04,6500,0.01,-0.09,9.46,-0.60,0.01,0.01,-0.80,-0.03,1.11,106.52,23,20,13,0,35.2950550,136.2495850,98.10, 0.26
867439,0.12,0.42,9.44,-0.88,-0.03,-0.01,-0.48,-0.88,-3.29,57.42,-0.09,2.99,2,2,1002.11,35.14,99.85,1041.72,30.49,-245.62,0.50,1001.40,36.44,106.69,-0.07,0.34,106.00,311.04,6499,-0.03,-0.20,9.42,-0.60,0.01,0.01,-0.80,-0.05,1.17,106.44,23,20,13,0,35.2950550,136.2495850,98.10, 0.26
867490,0.09,0.37,9.36,-0.88,-0.03,-0.01,-0.48,-0.86,-3.31,57.33,-0.10,3.01,2,2,1002.11,35.14,99.85,1041.71,30.48,-245.50,0.49,1001.40,36.46,106.67,-0.07,0.34,106.00,311.04,6500,0.15,-0.14,9.39,-0.60,0.01,0.01,-0.80,-0.04,1.17,106.38,23,20,13,0,35.2950550,136.2495850,98.10, 0.26
867549,0.08,0.40,9.35,-0.88,-0.03,-0.01,-0.48,-0.85,-3.33,57.23,-0.05,3.02,2,2,1002.10,35.15,99.95,1041.55,30.49,-244.48,0.50,1001.40,36.45,106.68,-0.07,0.34,106.00,311.04,6500,0.03,-0.08,9.42,-0.60,0.01,0.01,-0.80,-0.03,1.20,106.32,23,20,13,0,35.2950550,136.2495850,98.10, 0.26
867602,0.00,0.33,9.36,-0.88,-0.03,-0.01,-0.48,-0.82,-3.31,57.14,0.16,3.06,2,2,1002.06,35.14,100.31,1041.74,30.49,-245.74,0.50,1001.40,36.44,106.74,-0.05,0.30,106.00,311.04,6500,0.00,-0.03,9.43,-0.60,0.01,0.01,-0.80,-0.02,1.19,106.22,23,20,13,0,35.2950550,136.2495850,98.10, 0.26
867659,0.04,0.34,9.50,-0.88,-0.03,-0.01,-0.48,-0.79,-3.26,57.07,0.47,3.13,2,2,1002.02,35.14,100.62,1041.49,30.49,-243.60,0.50,1001.40,36.45,106.71,-0.07,0.34,106.00,311.04,6498,0.18,-0.01,9.50,-0.60,0.01,0.01,-0.80,0.00,1.13,106.14,23,20,13,0,35.2950550,136.2495850,98.10, 0.25
867711,0.04,0.34,9.38,-0.88,-0.03,-0.01,-0.48,-0.77,-3.21,56.98,0.78,3.15,2,2,1002.00,35.14,100.87,1041.00,30.50,-239.52,0.49,1001.39,36.44,106.76,-0.05,0.30,106.00,311.04,6499,-0.01,0.02,9.49,-0.60,0.01,0.01,-0.80,0.01,1.12,106.11,23,20,13,0,35.2950550,136.2495850,98.10, 0.25
867765,0.08,0.40,9.44,-0.88,-0.03,-0.01,-0.48,-0.76,-3.18,56.90,0.91,3.15,2,2,1001.99,35.15,100.96,1041.33,30.50,-242.27,0.48,1001.39,36.45,106.77,-0.05,0.30,106.00,311.04,6500,0.00,-0.11,9.44,-0.60,0.01,0.01,-0.80,0.03,1.08,106.03,23,20,13,0,35.2950550,136.2495850,98.10, 0.25
867821,0.07,0.52,9.47,-0.88,-0.03,-0.01,-0.48,-0.75,-3.17,56.82,1.22,3.15,2,2,1001.94,35.14,101.37,1041.40,30.49,-242.75,0.50,1001.39,36.44,106.79,-0.05,0.30,106.00,311.04,6500,0.11,-0.15,9.55,-0.60,0.01,0.01,-0.80,0.04,1.07,105.94,23,20,14,0,35.2950550,136.2495850,98.10, 0.25
867874,0.11,0.52,9.46,-0.88,-0.03,-0.01,-0.48,-0.74,-3.17,56.75,1.58,3.15,2,2,1001.90,35.15,101.74,1041.46,30.49,-243.38,0.50,1001.39,36.44,106.81,-0.05,0.30,106.00,311.04,6500,0.05,-0.16,9.55,-0.60,0.01,0.01,-0.80,0.04,1.08,105.93,23,20,14,0,35.2950550,136.2495850,98.10, 0.25
867928,0.14,0.62,9.51,-0.88,-0.03,-0.01,-0.47,-0.74,-3.15,56.67,1.94,3.15,2,2,1001.87,35.13,102.01,1041.35,30.50,-241.66,0.50,1001.39,36.45,106.82,-0.02,0.17,106.00,311.04,6500,0.04,-0.22,9.50,-0.60,0.01,0.01,-0.80,0.04,1.08,105.85,23,20,14,0,35.2950550,136.2495850,98.10, 0.25
867982,0.21,0.57,9.47,-0.88,-0.03,-0.01,-0.47,-0.74,-3.14,56.59,2.17,3.15,2,2,1001.85,35.14,102.19,1041.44,30.50,-243.19,0.50,1001.39,36.46,106.83,0.00,0.00,106.00,311.04,6500,0.00,-0.14,9.54,-0.60,0.01,0.01,-0.80,0.04,1.05,105.78,23,20,14,0,35.2950550,136.2495850,98.10, 0.25
868040,0.27,0.57,9.48,-0.88,-0.03,-0.01,-0.47,-0.75,-3.14,56.51,2.22,3.15,2,2,1001.88,35.14,101.96,1041.38,30.50,-242.71,0.51,1001.39,36.45,106.84,-0.02,0.17,106.00,311.04,6500,-0.16,-0.14,9.62,-0.60,0.01,0.01,-0.80,0.03,1.02,105.71,23,20,14,0,35.2950550,136.2495850,98.10, 0.25
868098,0.13,0.51,9.47,-0.88,-0.03,-0.01,-0.47,-0.77,-3.10,56.43,2.18,3.15,2,2,1001.88,35.15,101.89,1041.62,30.49,-244.53,0.41,1001.39,36.45,106.80,-0.02,0.17,106.00,311.04,6500,0.01,0.00,9.66,-0.60,0.01,0.01,-0.80,0.03,1.00,105.68,23,20,14,0,35.2950550,136.2495850,98.10, 0.25
868152,0.27,0.56,9.70,-0.88,-0.03,-0.01,-0.47,-0.78,-3.06,56.37,2.05,3.15,2,2,1001.90,35.14,101.71,1041.29,30.51,-241.92,0.47,1001.39,36.44,106.79,-0.03,0.24,106.00,311.04,6500,-0.10,0.06,9.75,-0.60,0.00,0.01,-0.80,0.02,0.93,105.62,23,20,14,0,35.2950550,136.2495850,98.10, 0.25
868208,0.28,0.46,9.64,-0.88,-0.03,-0.01,-0.47,-0.78,-3.03,56.31,2.00,3.15,2,2,1001.89,35.14,101.87,1041.43,30.50,-243.13,0.44,1001.39,36.46,106.81,-0.02,0.17,106.00,311.04,6499,-0.16,0.05,9.77,-0.60,0.00,0.01,-0.80,0.01,0.88,105.55,23,20,14,0,35.2950550,136.2495850,98.10, 0.25
868260,0.18,0.36,9.73,-0.88,-0.03,-0.01,-0.47,-0.80,-2.99,56.23,1.94,3.10,2,2,1001.89,35.14,101.81,1040.97,30.51,-239.26,0.45,1001.39,36.46,106.78,-0.05,0.30,106.00,311.04,6500,0.05,-0.03,9.71,-0.61,0.00,0.01,-0.80,0.00,0.85,105.48,23,20,14,0,35.2950550,136.2495850,98.10, 0.25
868314,0.23,0.40,9.75,-0.88,-0.03,-0.01,-0.47,-0.81,-2.97,56.15,1.92,3.04,2,2,1001.88,35.15,101.94,1040.97,30.50,-238.92,0.49,1001.39,36.47,106.79,-0.02,0.17,106.00,311.04,6500,-0.16,0.04,9.74,-0.61,0.00,0.01,-0.80,-0.00,0.82,105.43,23,20,14,0,35.2950550,136.2495850,98.10, 0.25
868370,0.18,0.39,9.73,-0.88,-0.03,-0.01,-0.47,-0.82,-2.96,56.08,2.08,3.01,2,2,1001.83,35.13,102.37,1040.86,30.50,-238.28,0.48,1001.39,36.48,106.82,-0.02,0.17,106.00,311.04,6498,0.03,-0.05,9.70,-0.61,0.00,0.01,-0.80,0.00,0.79,105.36,23,20,14,0,35.2950550,136.2495850,98.10, 0.25
868427,0.15,0.29,9.70,-0.88,-0.03,-0.01,-0.47,-0.81,-2.94,56.00,2.10,3.00,2,2,1001.84,35.12,102.28,1041.01,30.49,-239.56,0.49,1001.39,36.46,106.81,-0.02,0.17,106.00,311.04,6500,0.01,-0.13,9.51,-0.61,0.00,0.01,-0.79,-0.00,0.77,105.29,23,20,14,0,35.2950550,136.2495850,98.10, 0.25
868479,0.19,0.38,9.40,-0.88,-0.03,-0.01,-0.47,-0.83,-2.94,55.94,2.09,2.99,2,2,1001.87,35.13,101.97,1041.11,30.50,-240.45,0.48,1001.39,36.46,106.81,-0.03,0.24,106.00,311.04,6500,-0.07,0.06,9.73,-0.61,0.00,0.01,-0.79,-0.02,0.76,105.28,23,20,14,0,35.2950550,136.2495850,98.10, 0.25
868531,0.22,0.40,9.53,-0.88,-0.03,-0.01,-0.47,-0.83,-2.94,55.88,2.10,2.98,2,2,1001.89,35.13,101.84,1041.24,30.48,-240.10,0.48,1001.39,36.46,106.83,-0.05,0.30,106.00,311.04,6500,0.06,0.02,9.74,-0.61,0.00,0.01,-0.79,-0.02,0.79,105.21,23,20,14,0,35.2950550,136.2495850,98.10, 0.25
868589,0.20,0.45,9.63,-0.88,-0.03,-0.01,-0.47,-0.83,-2.99,55.79,1.81,2.93,2,2,1001.92,35.13,101.55,1040.92,30.51,-237.48,0.48,1001.39,36.46,106.77,-0.07,0.34,106.00,311.04,6498,-0.14,-0.05,9.67,-0.61,0.00,0.01,-0.79,-0.02,0.84,105.13,23,20,14,0,35.2950550,136.2495850,98.10, 0.25
868646,0.09,0.30,9.52,-0.88,-0.03,-0.01,-0.47,-0.84,-3.03,55.71,1.49,2.88,2,2,1001.92,35.13,101.53,1040.58,30.50,-235.89,0.50,1001.39,36.46,106.80,-0.05,0.30,106.00,311.04,6500,-0.03,0.21,9.64,-0.61,0.00,0.01,-0.79,-0.02,0.88,105.06,23,20,14,0,35.2950550,136.2495850,98.10, 0.25
868698,0.17,0.45,9.41,-0.88,-0.03,-0.01,-0.47,-0.83,-3.12,55.63,1.16,2.80,2,2,1001.98,35.12,101.01,1040.10,30.49,-231.81,0.49,1001.39,36.45,106.79,-0.03,0.24,106.00,311.04,6499,0.05,0.19,9.72,-0.61,0.01,0.01,-0.79,-0.02,0.93,104.99,23,20,14,0,35.2950550,136.2495850,98.10, 0.25
868750,0.25,0.46,9.54,-0.88,-0.03,-0.01,-0.47,-0.82,-3.21,55.55,1.03,2.79,2,2,1001.98,35.13,101.00,1040.02,30.50,-231.37,0.48,1001.39,36.45,106.77,-0.05,0.30,106.00,311.04,6500,-0.18,0.00,9.63,-0.61,0.01,0.01,-0.79,-0.02,0.97,104.96,23,20,14,0,35.2950550,136.2495850,98.10, 0.25
868807,0.23,0.45,9.49,-0.88,-0.03,-0.01,-0.47,-0.82,-3.33,55.47,0.79,2.78,2,2,1002.00,35.13,100.82,1040.18,30.51,-234.35,0.49,1001.40,36.45,106.71,-0.05,0.30,106.00,311.04,6501,0.00,-0.12,9.58,-0.61,0.01,0.01,-0.79,-0.04,1.11,104.86,23,20,14,0,35.2950550,136.2495850,98.10, 0.25
868861,0.19,0.47,9.40,-0.88,-0.03,-0.01,-0.46,-0.82,-3.45,55.39,0.61,2.77,2,2,1002.03,35.13,100.59,1040.55,30.49,-235.66,0.48,1001.39,36.44,106.76,-0.05,0.30,106.00,311.04,6500,-0.01,-0.09,9.51,-0.61,0.01,0.01,-0.79,-0.04,1.21,104.80,23,20,15,0,35.2950550,136.2495833,98.10, 0.25
868916,0.16,0.54,9.44,-0.89,-0.03,-0.01,-0.46,-0.81,-3.54,55.30,0.43,2.74,2,2,1002.04,35.13,100.48,1040.79,30.47,-237.66,0.47,1001.40,36.44,106.72,-0.03,0.24,106.00,311.04,6500,-0.07,-0.33,9.41,-0.61,0.01,0.01,-0.79,-0.04,1.28,104.74,23,20,15,0,35.2950550,136.2495833,98.10, 0.25
868969,0.17,0.50,9.41,-0.89,-0.03,-0.01,-0.46,-0.80,-3.60,55.23,0.16,2.74,2,2,1002.10,35.12,99.95,1040.68,30.48,-234.81,0.48,1001.40,36.45,106.70,-0.03,0.24,106.00,311.04,6499,0.10,-0.25,9.43,-0.61,0.01,0.01,-0.79,-0.04,1.32,104.71,23,20,15,0,35.2950550,136.2495833,98.10, 0.25
869027,0.06,0.55,9.42,-0.89,-0.03,-0.01,-0.46,-0.80,-3.60,55.15,-0.03,2.74,2,2,1002.13,35.11,99.67,1040.43,30.48,-234.97,0.48,1001.41,36.46,106.63,-0.03,0.24,106.00,311.04,6500,0.09,-0.25,9.52,-0.61,0.01,0.01,-0.79,-0.02,1.33,104.64,23,20,15,0,35.2950550,136.2495833,98.10, 0.25
869085,0.08,0.69,9.38,-0.89,-0.03,-0.01,-0.46,-0.80,-3.60,55.06,-0.36,2.74,2,2,1002.11,35.11,99.84,1040.29,30.48,-233.63,0.50,1001.41,36.45,106.64,-0.05,0.30,106.00,311.04,6500,-0.01,-0.49,9.39,-0.61,0.01,0.01,-0.79,-0.01,1.34,104.57,23,20,15,0,35.2950550,136.2495833,98.10, 0.25
869140,0.00,0.66,9.44,-0.89,-0.03,-0.01,-0.46,-0.79,-3.60,55.00,-0.56,2.74,2,2,1002.14,35.11,99.53,1040.39,30.49,-234.29,0.46,1001.41,36.45,106.66,-0.03,0.24,106.00,311.04,6499,0.05,-0.18,9.55,-0.61,0.01,0.01,-0.79,0.01,1.36,104.50,23,20,15,0,35.2950550,136.2495833,98.10, 0.25
869196,0.08,0.69,9.52,-0.89,-0.03,-0.01,-0.46,-0.79,-3.60,54.92,-0.77,2.74,2,2,1002.21,35.12,98.95,1040.30,30.49,-233.51,0.48,1001.41,36.46,106.64,-0.03,0.24,106.00,311.04,6500,0.22,-0.27,9.41,-0.61,0.01,0.01,-0.79,0.02,1.36,104.46,23,20,15,0,35.2950550,136.2495833,98.10, 0.25
869249,0.06,0.61,9.59,-0.89,-0.03,-0.01,-0.46,-0.79,-3.58,54.86,-1.16,2.74,2,2,1002.22,35.11,98.81,1040.10,30.48,-231.79,0.49,1001.41,36.45,106.61,-0.03,0.24,106.00,311.04,6500,0.22,-0.17,9.52,-0.61,0.01,0.01,-0.79,0.04,1.35,104.39,23,20,15,0,35.2950550,136.2495833,98.10, 0.25
869306,0.11,0.56,9.43,-0.89,-0.03,-0.01,-0.46,-0.79,-3.58,54.80,-1.29,2.74,2,2,1002.22,35.11,98.86,1040.23,30.48,-232.83,0.49,1001.41,36.46,106.62,-0.02,0.17,106.00,311.04,6500,0.10,-0.20,9.50,-0.61,0.01,0.01,-0.79,0.05,1.35,104.33,23,20,15,0,35.2950550,136.2495833,98.10, 0.25
869358,0.07,0.55,9.64,-0.89,-0.03,-0.01,-0.46,-0.79,-3.58,54.72,-1.43,2.74,2,2,1002.24,35.12,98.71,1040.55,30.49,-238.35,0.48,1001.41,36.44,106.61,0.02,0.17,106.00,311.04,6499,0.02,-0.17,9.51,-0.61,0.01,0.01,-0.79,0.08,1.31,104.28,23,20,15,0,35.2950550,136.2495833,98.10, 0.25
869410,0.22,0.49,9.84,-0.89,-0.03,-0.01,-0.46,-0.78,-3.57,54.67,-1.48,2.74,2,2,1002.23,35.11,98.72,1041.23,30.49,-241.45,0.49,1001.41,36.45,106.61,0.03,0.24,106.00,311.04,6499,0.03,0.10,9.75,-0.61,0.01,0.01,-0.79,0.08,1.29,104.23,23,20,15,0,35.2950550,136.2495833,98.10, 0.25
869466,0.16,0.38,9.65,-0.89,-0.03,-0.01,-0.46,-0.78,-3.56,54.60,-1.51,2.74,2,2,1002.22,35.12,98.82,1041.70,30.48,-245.41,0.48,1001.41,36.45,106.61,0.02,0.17,106.00,311.04,6499,0.00,-0.02,9.64,-0.61,0.01,0.01,-0.79,0.08,1.26,104.19,23,20,15,0,35.2950550,136.2495833,98.10, 0.25
869520,0.19,0.35,9.20,-0.89,-0.03,-0.01,-0.46,-0.79,-3.55,54.52,-1.44,2.74,2,2,1002.19,35.12,99.10,1041.88,30.50,-248.15,0.48,1001.41,36.45,106.63,0.03,0.24,106.00,311.04,6500,-0.06,-0.02,9.64,-0.61,0.01,0.01,-0.79,0.04,1.23,104.12,23,20,15,0,35.2950550,136.2495833,98.10, 0.25
869577,0.24,0.39,9.56,-0.89,-0.03,-0.01,-0.46,-0.80,-3.55,54.45,-1.14,2.74,2,2,1002.14,35.12,99.61,1042.09,30.48,-248.46,0.50,1001.41,36.47,106.62,0.00,0.00,106.00,311.04,6500,-0.05,-0.05,9.60,-0.62,0.01,0.01,-0.79,0.03,1.24,104.09,23,20,15,0,35.2950550,136.2495833,98.10, 0.24
869630,0.22,0.37,9.53,-0.89,-0.03,-0.01,-0.46,-0.82,-3.55,54.39,-0.55,2.74,2,2,1002.05,35.11,100.38,1042.06,30.48,-248.45,0.50,1001.40,36.46,106.69,0.02,0.17,106.00,311.04,6500,-0.09,-0.02,9.60,-0.62,0.01,0.01,-0.79,-0.02,1.26,104.04,23,20,15,0,35.2950550,136.2495833,98.10, 0.24
869687,0.11,0.26,9.57,-0.89,-0.03,-0.01,-0.46,-0.85,-3.53,54.32,0.14,2.74,2,2,1001.98,35.10,101.04,1041.85,30.49,-246.72,0.49,1001.39,36.46,106.76,-0.02,0.17,106.00,311.04,6499,-0.09,0.17,9.69,-0.62,0.01,0.01,-0.79,-0.08,1.27,103.99,23,20,15,0,35.2950550,136.2495833,98.10, 0.24
869745,0.36,0.00,9.56,-0.89,-0.03,-0.01,-0.46,-0.91,-3.36,54.27,0.71,2.72,2,2,1001.95,35.10,101.32,1041.62,30.50,-244.76,0.48,1001.40,36.47,106.72,-0.12,0.45,106.00,311.04,6499,-0.04,0.10,9.52,-0.62,0.01,0.01,-0.79,-0.11,1.28,103.95,23,20,15,0,35.2950550,136.2495833,98.10, 0.24
869797,0.22,0.15,9.60,-0.89,-0.03,-0.01,-0.46,-0.99,-3.23,54.23,0.91,2.63,2,2,1001.90,35.10,101.77,1041.82,30.49,-247.50,0.48,1001.39,36.46,106.80,-0.12,0.45,106.00,311.04,6498,-0.09,0.20,9.68,-0.62,0.01,0.01,-0.79,-0.15,1.21,103.95,23,20,16,0,35.2950550,136.2495800,98.00, 0.24
869854,0.24,0.38,9.50,-0.89,-0.03,-0.00,-0.46,-1.04,-3.23,54.17,1.23,2.57,2,2,1001.89,35.11,101.85,1042.06,30.49,-247.99,0.49,1001.39,36.45,106.83,-0.20,0.59,105.91,311.04,6500,-0.06,0.14,9.73,-0.62,0.01,0.01,-0.79,-0.18,1.19,103.91,23,20,16,0,35.2950550,136.2495800,98.00, 0.24
869908,0.02,0.46,9.52,-0.89,-0.03,-0.00,-0.46,-1.06,-3.24,54.12,1.36,2.50,2,2,1001.90,35.09,101.75,1042.05,30.50,-248.36,0.48,1001.39,36.45,106.78,-0.08,0.38,106.00,311.04,6501,0.18,0.11,9.70,-0.62,0.01,0.01,-0.79,-0.19,1.21,103.86,23,20,16,0,35.2950550,136.2495800,98.00, 0.24
869961,0.15,0.42,9.60,-0.89,-0.03,-0.00,-0.45,-1.09,-3.23,54.08,1.23,2.42,2,2,1001.90,35.09,101.68,1041.86,30.48,-246.80,0.47,1001.39,36.46,106.78,-0.07,0.34,106.00,311.04,6500,0.00,-0.32,9.55,-0.62,0.01,0.01,-0.79,-0.20,1.18,103.83,23,20,16,0,35.2950550,136.2495800,98.00, 0.24
870017,0.24,0.51,9.57,-0.89,-0.03,-0.00,-0.45,-1.12,-3.22,54.05,1.18,2.39,2,2,1001.90,35.10,101.76,1041.98,30.50,-247.84,0.47,1001.39,36.46,106.80,-0.02,0.17,106.00,311.04,6500,-0.05,-0.32,9.53,-0.62,0.01,0.01,-0.79,-0.21,1.18,103.83,23,20,16,0,35.2950550,136.2495800,98.00, 0.24
870072,0.21,0.43,9.61,-0.89,-0.03,-0.00,-0.45,-1.12,-3.19,54.01,1.20,2.39,2,2,1001.89,35.11,101.83,1041.77,30.50,-244.30,0.48,1001.39,36.46,106.82,-0.03,0.24,106.00,311.04,6500,-0.08,-0.17,9.63,-0.62,0.01,0.01,-0.79,-0.22,1.15,103.82,23,20,16,0,35.2950550,136.2495800,98.00, 0.24
870128,0.16,0.35,9.68,-0.89,-0.03,-0.00,-0.45,-1.12,-3.12,53.95,1.35,2.39,2,2,1001.84,35.10,102.25,1041.57,30.49,-244.31,0.48,1001.39,36.47,106.81,-0.03,0.24,106.00,311.04,6498,-0.11,-0.03,9.77,-0.62,0.01,0.01,-0.79,-0.22,1.10,103.79,23,20,16,0,35.2950550,136.2495800,98.00, 0.24
870185,0.19,0.31,9.67,-0.89,-0.03,-0.00,-0.45,-1.11,-3.04,53.90,1.50,2.39,2,2,1001.79,35.11,102.72,1041.40,30.50,-242.90,0.47,1001.38,36.47,106.86,-0.03,0.24,106.00,311.04,6498,0.09,0.24,9.80,-0.62,0.01,0.01,-0.79,-0.20,1.00,103.76,23,20,16,0,35.2950550,136.2495800,98.00, 0.24
870236,0.17,0.23,9.50,-0.89,-0.03,-0.00,-0.45,-1.10,-2.96,53.87,1.51,2.39,2,2,1001.79,35.10,102.72,1041.27,30.48,-241.79,0.48,1001.39,36.45,106.83,-0.05,0.30,106.00,311.04,6500,0.20,0.21,9.57,-0.62,0.01,0.01,-0.79,-0.18,0.91,103.74,23,20,16,0,35.2950550,136.2495800,98.00, 0.24
870294,0.17,0.19,9.40,-0.89,-0.03,-0.00,-0.45,-1.10,-2.86,53.84,1.53,2.39,2,2,1001.80,35.11,102.67,1041.21,30.49,-240.37,0.47,1001.38,36.45,106.87,-0.05,0.30,106.00,311.04,6500,-0.05,0.12,9.55,-0.62,0.01,0.00,-0.79,-0.18,0.85,103.73,23,20,16,0,35.2950550,136.2495800,98.00, 0.24
870346,0.17,0.25,9.45,-0.89,-0.03,-0.00,-0.45,-1.11,-2.80,53.83,1.53,2.39,2,2,1001.84,35.10,102.26,1040.96,30.49,-238.04,0.47,1001.39,36.47,106.81,-0.03,0.24,106.00,311.04,6500,-0.01,0.13,9.57,-0.62,0.01,0.00,-0.79,-0.18,0.76,103.73,23,20,16,0,35.2950550,136.2495800,98.00, 0.24
870405,0.23,0.21,9.53,-0.89,-0.03,-0.00,-0.45,-1.11,-2.73,53.83,1.51,2.39,2,2,1001.88,35.10,101.92,1040.76,30.49,-236.50,0.48,1001.39,36.45,106.82,-0.07,0.34,106.00,311.04,6500,-0.04,0.21,9.66,-0.62,0.00,0.00,-0.79,-0.18,0.68,103.73,23,20,16,0,35.2950550,136.2495800,98.00, 0.24
870459,0.15,0.22,9.54,-0.89,-0.03,-0.00,-0.45,-1.12,-2.66,53.83,1.25,2.39,2,2,1001.95,35.09,101.30,1040.79,30.48,-237.69,0.48,1001.39,36.45,106.82,-0.07,0.34,106.00,311.04,6500,-0.02,0.33,9.71,-0.62,0.00,0.00,-0.79,-0.17,0.57,103.73,23,20,16,0,35.2950550,136.2495800,98.00, 0.24
870514,0.11,0.21,9.62,-0.89,-0.03,-0.00,-0.45,-1.11,-2.66,53.83,0.85,2.39,2,2,1001.98,35.11,101.03,1041.03,30.50,-239.70,0.49,1001.39,36.46,106.76,-0.12,0.45,106.00,311.04,6500,0.00,0.26,9.74,-0.62,0.00,0.00,-0.79,-0.16,0.54,103.73,23,20,16,0,35.2950550,136.2495800,98.00, 0.24
870568,0.04,0.21,9.49,-0.89,-0.02,-0.00,-0.45,-1.09,-2.65,53.84,0.68,2.39,2,2,1001.97,35.11,101.07,1040.97,30.49,-238.32,0.47,1001.39,36.45,106.77,-0.10,0.42,106.00,311.04,6500,0.10,0.20,9.62,-0.62,0.00,0.00,-0.79,-0.13,0.53,103.74,23,20,16,0,35.2950550,136.2495800,98.00, 0.27
870625,0.07,0.26,9.73,-0.89,-0.03,-0.00,-0.45,-1.05,-2.71,53.84,0.48,2.42,2,2,1001.98,35.10,100.99,1040.70,30.49,-235.83,0.48,1001.40,36.47,106.75,-0.08,0.38,106.00,311.04,6500,0.18,0.00,9.60,-0.62,0.00,0.00,-0.79,-0.08,0.54,103.77,23,20,16,0,35.2950550,136.2495800,98.00, 0.27
870683,0.10,0.28,9.64,-0.89,-0.03,-0.00,-0.45,-1.03,-2.78,53.85,0.41,2.46,2,2,1002.01,35.10,100.78,1040.45,30.49,-235.63,0.49,1001.40,36.46,106.73,-0.08,0.38,106.00,311.04,6500,0.17,0.08,9.61,-0.62,0.00,0.00,-0.79,-0.07,0.64,103.83,23,20,16,0,35.2950550,136.2495800,98.00, 0.27
870736,0.03,0.29,9.67,-0.89,-0.03,-0.00,-0.45,-1.01,-2.87,53.88,0.35,2.49,2,2,1002.01,35.10,100.75,1040.82,30.47,-237.96,0.49,1001.39,36.44,106.77,-0.10,0.42,106.00,311.04,6500,0.22,-0.13,9.53,-0.62,0.00,0.00,-0.79,-0.05,0.69,103.86,23,20,16,0,35.2950550,136.2495800,98.00, 0.27
870794,-0.03,0.38,9.31,-0.89,-0.03,-0.00,-0.45,-0.99,-2.99,53.93,0.33,2.54,2,2,1002.00,35.11,100.85,1040.77,30.50,-237.52,0.48,1001.39,36.44,106.76,-0.07,0.34,106.00,311.04,6500,0.21,-0.26,9.39,-0.62,0.00,0.01,-0.79,-0.00,0.81,103.95,23,20,16,0,35.2950550,136.2495800,98.00, 0.27
870846,0.11,0.33,9.47,-0.89,-0.03,-0.00,-0.45,-0.98,-3.09,53.98,0.36,2.57,2,2,1002.01,35.10,100.74,1041.06,30.50,-241.51,0.49,1001.39,36.45,106.77,-0.12,0.45,106.00,311.04,6500,0.03,-0.03,9.51,-0.62,0.00,0.01,-0.79,0.00,0.89,104.03,23,20,16,0,35.2950550,136.2495800,98.00, 0.27
870903,0.20,0.43,9.53,-0.89,-0.03,-0.00,-0.45,-0.98,-3.13,54.04,0.35,2.61,2,2,1002.03,35.11,100.58,1041.29,30.49,-242.47,0.49,1001.40,36.46,106.68,-0.07,0.34,106.00,311.04,6500,0.00,-0.13,9.48,-0.61,0.01,0.01,-0.79,-0.00,0.93,104.13,23,20,17,0,35.2950533,136.2495817,98.00, 0.27
870956,0.23,0.34,9.52,-0.89,-0.03,-0.00,-0.45,-0.99,-3.12,54.13,0.19,2.63,2,2,1002.07,35.11,100.24,1041.46,30.49,-243.34,0.49,1001.40,36.45,106.71,-0.10,0.42,106.00,311.04,6500,-0.07,-0.04,9.51,-0.61,0.01,0.01,-0.79,-0.01,0.93,104.18,23,20,17,0,35.2950533,136.2495817,98.00, 0.27
871012,0.23,0.32,9.48,-0.89,-0.03,-0.00,-0.46,-1.01,-3.08,54.21,0.01,2.69,2,2,1002.08,35.09,100.07,1041.28,30.48,-241.87,0.48,1001.40,36.46,106.71,-0.08,0.38,106.00,311.04,6500,-0.09,0.05,9.58,-0.61,0.00,0.01,-0.79,-0.01,0.90,104.28,23,20,17,0,35.2950533,136.2495817,98.00, 0.27
871066,0.21,0.41,9.45,-0.89,-0.03,-0.00,-0.46,-1.03,-3.04,54.31,-0.16,2.70,2,2,1002.08,35.10,100.10,1041.19,30.47,-241.08,0.47,1001.40,36.47,106.68,-0.10,0.42,106.00,311.04,6499,0.03,-0.07,9.57,-0.61,0.00,0.01,-0.79,-0.03,0.85,104.41,23,20,17,0,35.2950533,136.2495817,98.00, 0.27
871122,0.18,0.29,9.46,-0.89,-0.03,-0.00,-0.46,-1.04,-3.00,54.41,-0.22,2.70,2,2,1002.10,35.09,99.94,1041.17,30.49,-241.19,0.49,1001.41,36.46,106.66,-0.08,0.38,106.00,311.04,6500,-0.11,-0.06,9.51,-0.61,0.00,0.01,-0.79,-0.04,0.83,104.45,23,20,17,0,35.2950533,136.2495817,98.00, 0.27
871175,0.30,0.37,9.47,-0.89,-0.03,-0.00,-0.46,-1.07,-2.98,54.49,-0.35,2.70,2,2,1002.12,35.10,99.76,1041.27,30.47,-241.77,0.48,1001.41,36.47,106.65,-0.12,0.45,106.00,311.04,6499,-0.17,0.06,9.61,-0.61,0.00,0.01,-0.79,-0.06,0.77,104.58,23,20,17,0,35.2950533,136.2495817,98.00, 0.27
871229,0.29,0.38,9.44,-0.89,-0.03,-0.00,-0.46,-1.09,-2.96,54.58,-0.41,2.70,2,2,1002.10,35.10,99.96,1041.49,30.50,-243.64,0.50,1001.40,36.46,106.69,-0.12,0.45,106.00,311.04,6498,-0.06,-0.10,9.48,-0.61,0.00,0.00,-0.79,-0.08,0.75,104.71,23,20,17,0,35.2950533,136.2495817,98.00, 0.27
871284,0.21,0.40,9.46,-0.89,-0.03,-0.00,-0.46,-1.10,-2.95,54.68,-0.37,2.70,2,2,1002.10,35.10,99.92,1041.88,30.49,-246.91,0.48,1001.41,36.46,106.64,-0.13,0.48,106.00,311.04,6500,-0.10,0.00,9.58,-0.61,0.00,0.00,-0.79,-0.09,0.74,104.81,23,20,17,0,35.2950533,136.2495817,98.00, 0.27
871341,0.27,0.41,9.49,-0.89,-0.03,-0.00,-0.46,-1.11,-2.94,54.76,-0.32,2.70,2,2,1002.09,35.09,100.02,1041.77,30.50,-245.98,0.48,1001.40,36.44,106.73,-0.13,0.48,106.00,311.04,6500,-0.04,-0.02,9.57,-0.61,0.00,0.00,-0.79,-0.09,0.73,104.88,23,20,17,0,35.2950533,136.2495817,98.00, 0.27
871394,0.26,0.46,9.56,-0.89,-0.03,-0.00,-0.46,-1.13,-2.93,54.85,-0.30,2.70,2,2,1002.09,35.10,100.00,1041.67,30.48,-244.64,0.47,1001.41,36.45,106.65,-0.17,0.54,106.00,311.04,6498,-0.09,-0.02,9.65,-0.61,0.00,0.00,-0.79,-0.11,0.72,104.99,23,20,17,0,35.2950533,136.2495817,98.00, 0.27
871449,0.16,0.58,9.53,-0.89,-0.03,-0.00,-0.46,-1.13,-2.95,54.92,-0.29,2.70,2,2,1002.09,35.10,99.98,1041.56,30.47,-244.21,0.47,1001.41,36.45,106.64,-0.15,0.51,106.00,311.04,6498,0.00,-0.34,9.53,-0.61,0.00,0.00,-0.79,-0.11,0.74,105.10,23,20,17,0,35.2950533,136.2495817,98.00, 0.27
871503,0.18,0.63,9.48,-0.89,-0.03,-0.00,-0.46,-1.14,-3.00,55.00,-0.28,2.70,2,2,1002.09,35.11,99.99,1041.62,30.47,-244.72,0.47,1001.40,36.46,106.71,-0.17,0.54,106.00,311.04,6500,0.08,-0.33,9.50,-0.61,0.00,0.00,-0.79,-0.11,0.79,105.19,23,20,17,0,35.2950533,136.2495817,98.00, 0.27
871555,0.11,0.67,9.58,-0.89,-0.03,-0.00,-0.46,-1.14,-3.06,55.06,-0.29,2.70,2,2,1002.10,35.10,99.96,1041.59,30.48,-244.43,0.48,1001.40,36.46,106.67,-0.15,0.51,106.00,311.04,6498,0.01,-0.39,9.61,-0.61,0.01,0.01,-0.79,-0.10,0.84,105.29,23,20,17,0,35.2950533,136.2495817,98.00, 0.27
871612,0.19,0.76,9.54,-0.89,-0.03,-0.00,-0.46,-1.13,-3.11,55.14,-0.23,2.70,2,2,1002.07,35.10,100.16,1041.75,30.49,-246.02,0.47,1001.40,36.45,106.67,-0.15,0.51,106.00,311.04,6500,0.00,-0.44,9.50,-0.61,0.01,0.01,-0.80,-0.10,0.88,105.35,23,20,17,0,35.2950533,136.2495817,98.00, 0.27
871666,0.11,0.66,9.50,-0.89,-0.03,-0.00,-0.46,-1.14,-3.16,55.20,-0.13,2.70,2,2,1002.06,35.10,100.29,1041.83,30.48,-246.51,0.47,1001.40,36.45,106.70,-0.15,0.51,106.00,311.04,6498,0.05,-0.30,9.68,-0.61,0.01,0.01,-0.80,-0.10,0.94,105.43,23,20,17,0,35.2950533,136.2495817,98.00, 0.19
871724,0.17,0.70,9.65,-0.89,-0.03,-0.00,-0.46,-1.14,-3.20,55.26,0.06,2.70,2,2,1002.03,35.10,100.56,1041.85,30.47,-246.69,0.44,1001.40,36.47,106.69,-0.15,0.51,106.00,311.04,6500,-0.15,-0.38,9.63,-0.61,0.01,0.01,-0.80,-0.10,0.98,105.53,23,20,17,0,35.2950533,136.2495817,98.00, 0.19
871776,0.22,0.63,9.58,-0.89,-0.03,-0.00,-0.46,-1.13,-3.22,55.32,0.22,2.70,2,2,1002.03,35.10,100.60,1041.96,30.48,-247.63,0.46,1001.40,36.48,106.68,-0.17,0.54,106.00,311.04,6500,-0.22,-0.29,9.63,-0.60,0.01,0.01,-0.80,-0.10,1.01,105.60,23,20,17,0,35.2950533,136.2495817,98.00, 0.19
871832,0.20,0.56,9.51,-0.89,-0.03,-0.00,-0.46,-1.14,-3.23,55.38,0.29,2.70,2,2,1002.02,35.09,100.62,1042.04,30.48,-248.33,0.47,1001.40,36.46,106.72,-0.15,0.51,106.00,311.04,6500,-0.08,-0.26,9.56,-0.60,0.01,0.01,-0.80,-0.10,1.01,105.65,23,20,17,0,35.2950533,136.2495817,98.00, 0.19
871885,0.17,0.52,9.56,-0.88,-0.03,-0.00,-0.47,-1.14,-3.23,55.44,0.36,2.70,2,2,1002.01,35.09,100.70,1042.02,30.48,-247.57,0.49,1001.40,36.48,106.73,-0.13,0.48,106.00,311.04,6500,-0.16,-0.15,9.62,-0.60,0.01,0.01,-0.80,-0.11,1.01,105.72,23,20,17,0,35.2950533,136.2495817,98.00, 0.19
871941,0.14,0.51,9.54,-0.88,-0.03,-0.00,-0.47,-1.14,-3.22,55.49,0.46,2.70,2,2,1002.00,35.09,100.83,1041.93,30.47,-247.36,0.48,1001.39,36.45,106.78,-0.12,0.45,106.00,311.04,6500,0.11,-0.22,9.61,-0.60,0.01,0.01,-0.80,-0.12,1.02,105.79,23,20,17,0,35.2950533,136.2495817,98.00, 0.19
871994,0.10,0.45,9.52,-0.88,-0.03,-0.00,-0.47,-1.15,-3.21,55.53,0.57,2.69,2,2,1001.98,35.10,101.01,1041.73,30.46,-245.68,0.49,1001.40,36.45,106.73,-0.12,0.45,106.00,311.04,6499,0.04,0.00,9.70,-0.60,0.01,0.01,-0.80,-0.11,1.00,105.85,23,20,17,0,35.2950533,136.2495817,98.00, 0.19
872052,0.10,0.44,9.54,-0.88,-0.03,-0.00,-0.47,-1.15,-3.20,55.57,0.73,2.68,2,2,1001.95,35.08,101.25,1041.60,30.47,-244.51,0.47,1001.40,36.46,106.74,-0.12,0.45,106.00,311.04,6500,0.03,-0.16,9.52,-0.60,0.01,0.01,-0.80,-0.11,0.99,105.88,23,20,17,0,35.2950533,136.2495817,98.00, 0.19
872105,0.14,0.45,9.62,-0.88,-0.03,-0.00,-0.47,-1.15,-3.19,55.59,0.81,2.63,2,2,1001.92,35.10,101.51,1041.60,30.48,-244.54,0.48,1001.39,36.45,106.80,-0.17,0.54,106.00,311.04,6500,0.02,-0.15,9.61,-0.60,0.01,0.01,-0.80,-0.11,0.98,105.93,23,20,17,0,35.2950533,136.2495817,98.00, 0.19
872163,0.11,0.33,9.52,-0.88,-0.03,-0.00,-0.47,-1.15,-3.18,55.61,1.12,2.60,2,2,1001.88,35.09,101.86,1041.69,30.48,-246.53,0.48,1001.39,36.45,106.82,-0.15,0.51,106.00,311.04,6500,0.02,0.23,9.76,-0.60,0.01,0.01,-0.80,-0.11,0.95,105.96,23,20,17,0,35.2950533,136.2495817,98.00, 0.19
872221,0.11,0.37,9.60,-0.88,-0.03,-0.00,-0.47,-1.14,-3.15,55.62,1.52,2.60,2,2,1001.83,35.09,102.33,1041.95,30.48,-247.51,0.48,1001.38,36.45,106.85,-0.17,0.54,106.00,311.04,6500,0.05,-0.06,9.61,-0.60,0.01,0.01,-0.80,-0.10,0.93,106.01,23,20,17,0,35.2950533,136.2495817,98.00, 0.19
872273,0.14,0.38,9.60,-0.88,-0.03,-0.00,-0.47,-1.12,-3.11,55.63,1.75,2.60,2,2,1001.75,35.09,103.07,1041.81,30.46,-246.31,0.47,1001.38,36.45,106.87,-0.20,0.59,106.00,311.04,6500,0.09,0.03,9.68,-0.60,0.01,0.01,-0.80,-0.09,0.91,106.04,23,20,17,0,35.2950533,136.2495817,98.00, 0.19
872331,0.15,0.32,9.64,-0.88,-0.03,-0.00,-0.47,-1.12,-3.07,55.64,1.77,2.60,2,2,1001.69,35.08,103.58,1041.76,30.45,-245.90,0.47,1001.38,36.46,106.92,-0.17,0.54,106.00,311.04,6499,-0.03,0.12,9.79,-0.60,0.01,0.01,-0.80,-0.09,0.86,106.09,23,20,17,0,35.2950533,136.2495817,98.00, 0.19
872384,0.17,0.28,9.64,-0.88,-0.03,-0.00,-0.47,-1.12,-3.02,55.64,1.80,2.60,2,2,1001.67,35.09,103.76,1041.81,30.47,-245.31,0.49,1001.38,36.45,106.88,-0.17,0.54,106.00,311.04,6500,0.00,0.06,9.65,-0.60,0.00,0.01,-0.80,-0.10,0.80,106.10,23,20,17,0,35.2950533,136.2495817,98.00, 0.19
872441,0.14,0.26,9.55,-0.88,-0.03,-0.00,-0.47,-1.12,-2.99,55.64,1.80,2.60,2,2,1001.71,35.09,103.42,1041.69,30.47,-245.33,0.47,1001.38,36.47,106.90,-0.17,0.54,106.00,311.04,6498,0.01,0.05,9.71,-0.60,0.00,0.00,-0.80,-0.10,0.78,106.11,23,20,17,0,35.2950533,136.2495817,98.00, 0.19
872493,0.12,0.27,9.71,-0.88,-0.03,-0.00,-0.47,-1.12,-2.99,55.64,1.80,2.60,2,2,1001.67,35.08,103.81,1041.55,30.46,-244.08,0.47,1001.38,36.44,106.91,-0.18,0.57,106.00,311.04,6500,-0.04,-0.11,9.36,-0.60,0.00,0.01,-0.80,-0.09,0.79,106.15,23,20,17,0,35.2950533,136.2495817,98.00, 0.19
872550,0.12,0.30,9.45,-0.88,-0.03,-0.00,-0.47,-1.10,-2.98,55.65,1.80,2.60,2,2,1001.75,35.08,103.11,1041.58,30.46,-244.35,0.47,1001.38,36.46,106.92,-0.20,0.59,106.00,311.04,6499,-0.19,-0.10,9.61,-0.60,0.00,0.00,-0.80,-0.10,0.75,106.16,23,20,17,0,35.2950533,136.2495817,98.00, 0.19
872603,0.16,0.47,9.44,-0.88,-0.03,-0.00,-0.47,-1.09,-3.03,55.65,1.81,2.60,2,2,1001.78,35.10,102.79,1041.68,30.48,-245.26,0.47,1001.38,36.46,106.88,-0.17,0.54,106.00,311.04,6500,0.01,0.00,9.43,-0.60,0.00,0.01,-0.80,-0.06,0.79,106.17,23,20,18,0,35.2950550,136.2495833,98.00, 0.09
872656,0.09,0.45,9.47,-0.88,-0.03,-0.00,-0.47,-1.08,-3.09,55.65,1.78,2.60,2,2,1001.90,35.09,101.70,1041.83,30.47,-247.59,0.47,1001.39,36.46,106.80,-0.18,0.57,106.00,311.04,6500,-0.06,-0.05,9.47,-0.60,0.00,0.01,-0.80,-0.04,0.82,106.18,23,20,18,0,35.2950550,136.2495833,98.00, 0.09
872712,-0.01,0.33,9.43,-0.88,-0.03,-0.00,-0.47,-1.05,-3.16,55.64,1.39,2.60,2,2,1001.98,35.10,100.99,1041.77,30.47,-246.03,0.46,1001.40,36.48,106.73,-0.18,0.57,106.00,311.04,6500,-0.15,0.04,9.54,-0.60,0.00,0.01,-0.80,-0.00,0.88,106.20,23,20,18,0,35.2950550,136.2495833,98.00, 0.09
872766,-0.07,0.32,9.45,-0.88,-0.03,-0.01,-0.47,-1.02,-3.17,55.64,0.69,2.60,2,2,1002.02,35.08,100.65,1041.67,30.48,-245.19,0.47,1001.40,36.45,106.73,-0.17,0.54,106.08,311.04,6500,0.35,0.11,9.57,-0.60,0.00,0.01,-0.80,0.07,0.90,106.20,23,20,18,0,35.2950550,136.2495833,98.00, 0.09
872823,-0.02,0.32,9.39,-0.88,-0.03,-0.01,-0.47,-0.99,-3.23,55.65,0.38,2.60,2,2,1002.02,35.09,100.60,1041.64,30.47,-244.85,0.47,1001.40,36.46,106.71,-0.23,0.64,106.00,311.04,6500,0.22,0.01,9.49,-0.60,0.00,0.01,-0.80,0.11,0.94,106.21,23,20,19,0,35.2950583,136.2495867,98.00, 0.09
872880,0.00,0.29,9.51,-0.88,-0.03,-0.01,-0.47,-0.96,-3.23,55.65,0.33,2.63,2,2,1002.02,35.09,100.63,1041.45,30.49,-243.25,0.47,1001.40,36.45,106.73,-0.22,0.62,106.00,311.04,6500,-0.06,-0.10,9.55,-0.60,0.00,0.01,-0.80,0.12,0.98,106.22,23,20,19,0,35.2950583,136.2495867,98.00, 0.09
872932,0.06,0.43,9.44,-0.88,-0.03,-0.01,-0.47,-0.96,-3.27,55.65,0.31,2.68,2,2,1002.04,35.08,100.50,1041.54,30.47,-243.96,0.47,1001.40,36.47,106.69,-0.17,0.54,106.08,311.04,6501,0.11,-0.10,9.56,-0.60,0.00,0.01,-0.80,0.13,1.01,106.22,23,20,19,0,35.2950583,136.2495867,98.00, 0.09
872990,0.11,0.40,9.50,-0.88,-0.03,-0.01,-0.47,-0.96,-3.31,55.65,0.09,2.69,2,2,1002.11,35.10,99.81,1041.47,30.45,-243.47,0.48,1001.41,36.45,106.64,-0.18,0.57,106.00,311.04,6498,-0.04,0.00,9.61,-0.60,0.00,0.01,-0.80,0.13,1.05,106.24,23,20,19,0,35.2950583,136.2495867,98.00, 0.09
873043,0.15,0.45,9.57,-0.88,-0.03,-0.01,-0.47,-0.94,-3.34,55.66,-0.45,2.70,2,2,1002.20,35.09,99.02,1041.76,30.46,-245.88,0.49,1001.41,36.47,106.62,-0.22,0.62,106.00,311.04,6500,-0.11,-0.17,9.53,-0.60,0.00,0.01,-0.80,0.13,1.07,106.26,23,20,19,0,35.2950583,136.2495867,98.00, 0.09
873100,0.20,0.54,9.64,-0.88,-0.03,-0.01,-0.47,-0.94,-3.35,55.66,-1.04,2.71,2,2,1002.21,35.10,98.90,1041.89,30.45,-246.98,0.47,1001.41,36.46,106.62,-0.12,0.45,106.00,311.04,6498,0.14,-0.14,9.68,-0.60,0.00,0.01,-0.80,0.13,1.07,106.26,23,20,19,0,35.2950583,136.2495867,98.00, 0.09
873151,0.25,0.57,9.62,-0.88,-0.03,-0.01,-0.47,-0.93,-3.36,55.66,-1.18,2.72,2,2,1002.19,35.09,99.08,1041.99,30.45,-248.22,0.48,1001.41,36.45,106.61,-0.10,0.42,106.00,311.04,6499,-0.05,-0.14,9.61,-0.60,0.00,0.01,-0.80,0.13,1.07,106.28,23,20,19,0,35.2950583,136.2495867,98.00, 0.09
873207,0.21,0.56,9.47,-0.88,-0.03,-0.01,-0.47,-0.92,-3.36,55.66,-1.14,2.76,2,2,1002.18,35.08,99.18,1042.05,30.46,-248.40,0.48,1001.41,36.46,106.62,-0.18,0.57,106.00,311.04,6500,0.06,-0.11,9.64,-0.60,0.00,0.01,-0.80,0.13,1.07,106.30,23,20,19,0,35.2950583,136.2495867,98.00, 0.09
873262,0.18,0.48,9.56,-0.88,-0.03,-0.01,-0.47,-0.91,-3.36,55.66,-1.19,2.77,2,2,1002.25,35.09,98.58,1042.00,30.46,-247.92,0.49,1001.41,36.47,106.58,-0.22,0.62,106.00,311.04,6498,0.00,-0.14,9.65,-0.60,0.00,0.01,-0.80,0.12,1.06,106.32,23,20,19,0,35.2950583,136.2495867,98.00, 0.09
873319,0.21,0.50,9.64,-0.88,-0.03,-0.01,-0.47,-0.89,-3.35,55.66,-1.40,2.79,2,2,1002.25,35.08,98.59,1042.19,30.45,-249.55,0.50,1001.41,36.46,106.59,-0.20,0.59,106.00,311.04,6499,-0.04,-0.10,9.66,-0.60,0.00,0.01,-0.80,0.13,1.06,106.33,23,20,19,0,35.2950583,136.2495867,98.00, 0.09
873370,0.19,0.42,9.64,-0.88,-0.03,-0.01,-0.47,-0.89,-3.33,55.66,-1.48,2.81,2,2,1002.24,35.08,98.67,1042.17,30.45,-248.34,0.49,1001.41,36.46,106.62,-0.25,0.66,106.00,311.04,6500,0.02,-0.05,9.65,-0.60,0.00,0.01,-0.80,0.13,1.04,106.35,23,20,19,0,35.2950583,136.2495867,98.00, 0.09
873429,0.20,0.41,9.62,-0.88,-0.03,-0.01,-0.47,-0.88,-3.33,55.66,-1.46,2.81,2,2,1002.20,35.08,98.98,1042.15,30.45,-250.71,0.49,1001.41,36.45,106.59,-0.18,0.57,106.00,311.04,6498,0.00,0.04,9.69,-0.60,0.00,0.01,-0.80,0.11,1.05,106.38,23,20,19,0,35.2950583,136.2495867,98.00, 0.09
873483,0.20,0.45,9.52,-0.88,-0.03,-0.01,-0.47,-0.88,-3.39,55.66,-1.11,2.81,2,2,1002.13,35.07,99.61,1042.39,30.46,-251.24,0.47,1001.41,36.46,106.62,-0.17,0.54,106.00,311.04,6498,-0.09,-0.12,9.62,-0.60,0.01,0.01,-0.80,0.10,1.10,106.40,23,20,19,0,35.2950583,136.2495867,98.00, 0.09
873539,0.23,0.45,9.50,-0.88,-0.03,-0.01,-0.47,-0.89,-3.44,55.66,-0.55,2.81,2,2,1002.07,35.08,100.16,1042.35,30.44,-250.91,0.48,1001.41,36.47,106.65,-0.10,0.42,106.00,311.04,6500,-0.05,-0.13,9.62,-0.60,0.01,0.01,-0.80,0.10,1.13,106.40,23,20,19,0,35.2950583,136.2495867,98.00, 0.39
873591,0.24,0.45,9.43,-0.88,-0.03,-0.01,-0.47,-0.90,-3.51,55.66,-0.07,2.81,2,2,1002.05,35.08,100.35,1042.31,30.44,-250.59,0.47,1001.40,36.45,106.71,-0.13,0.48,106.00,311.04,6500,-0.06,-0.19,9.57,-0.60,0.01,0.01,-0.80,0.08,1.21,106.41,23,20,19,0,35.2950583,136.2495867,98.00, 0.39
873649,0.26,0.45,9.47,-0.88,-0.03,-0.01,-0.47,-0.92,-3.57,55.66,0.10,2.81,2,2,1002.04,35.08,100.48,1042.28,30.46,-250.27,0.49,1001.40,36.46,106.71,-0.17,0.54,106.00,311.04,6500,-0.06,0.00,9.57,-0.60,0.01,0.01,-0.80,0.07,1.26,106.42,23,20,19,0,35.2950583,136.2495867,98.00, 0.39
873702,0.17,0.40,9.47,-0.88,-0.03,-0.01,-0.47,-0.93,-3.59,55.66,0.37,2.81,2,2,1002.00,35.07,100.81,1042.13,30.44,-248.74,0.49,1001.40,36.48,106.71,-0.17,0.54,106.00,311.04,6500,0.06,-0.06,9.50,-0.60,0.01,0.01,-0.80,0.06,1.29,106.43,23,20,19,0,35.2950583,136.2495867,98.00, 0.39
873755,0.15,0.36,9.48,-0.88,-0.03,-0.01,-0.47,-0.92,-3.57,55.66,0.66,2.80,2,2,1001.96,35.08,101.18,1042.14,30.45,-249.08,0.49,1001.40,36.45,106.75,-0.18,0.57,106.00,311.04,6500,-0.04,-0.03,9.52,-0.60,0.01,0.01,-0.80,0.06,1.29,106.43,23,20,19,0,35.2950583,136.2495867,98.00, 0.39
873811,0.19,0.33,9.45,-0.88,-0.03,-0.01,-0.47,-0.93,-3.51,55.66,0.88,2.76,2,2,1001.95,35.08,101.32,1042.11,30.45,-248.85,0.50,1001.40,36.45,106.75,-0.18,0.57,106.00,311.04,6500,-0.05,0.00,9.51,-0.60,0.01,0.01,-0.80,0.05,1.26,106.43,23,20,19,0,35.2950583,136.2495867,98.00, 0.39
873869,0.13,0.32,9.55,-0.88,-0.03,-0.01,-0.47,-0.93,-3.45,55.66,1.26,2.75,2,2,1001.87,35.07,101.98,1041.88,30.45,-246.93,0.50,1001.39,36.46,106.79,-0.20,0.59,106.00,311.04,6498,-0.02,-0.03,9.48,-0.60,0.01,0.01,-0.80,0.05,1.21,106.43,23,20,19,0,35.2950583,136.2495867,98.00, 0.39
873920,0.11,0.34,9.41,-0.88,-0.03,-0.01,-0.47,-0.93,-3.36,55.66,1.44,2.72,2,2,1001.84,35.07,102.25,1041.79,30.43,-245.92,0.48,1001.38,36.45,106.85,-0.15,0.51,106.00,311.04,6501,0.11,0.01,9.52,-0.60,0.01,0.01,-0.80,0.06,1.14,106.43,23,20,20,0,35.2950600,136.2495883,98.00, 0.39
873979,0.10,0.27,9.37,-0.88,-0.03,-0.01,-0.47,-0.92,-3.29,55.67,1.82,2.70,2,2,1001.82,35.07,102.40,1041.78,30.43,-246.58,0.48,1001.39,36.46,106.81,-0.15,0.51,106.00,311.04,6498,0.04,0.04,9.43,-0.60,0.01,0.01,-0.80,0.06,1.09,106.43,23,20,20,0,35.2950600,136.2495883,98.00, 0.39
874031,0.12,0.28,9.45,-0.88,-0.03,-0.01,-0.47,-0.92,-3.20,55.67,1.82,2.69,2,2,1001.80,35.07,102.61,1041.80,30.45,-246.27,0.49,1001.39,36.46,106.83,-0.23,0.64,106.00,311.04,6500,0.02,0.08,9.52,-0.60,0.00,0.01,-0.80,0.06,1.01,106.43,23,20,20,0,35.2950600,136.2495883,98.00, 0.39
874089,0.19,0.33,9.48,-0.88,-0.03,-0.01,-0.47,-0.91,-3.15,55.67,1.80,2.68,2,2,1001.77,35.07,102.94,1041.70,30.44,-245.38,0.50,1001.39,36.46,106.81,-0.20,0.59,106.00,311.04,6500,0.00,0.00,9.60,-0.60,0.00,0.01,-0.80,0.06,0.96,106.44,23,20,20,0,35.2950600,136.2495883,98.00, 0.39
874140,0.18,0.34,9.56,-0.88,-0.03,-0.01,-0.47,-0.91,-3.11,55.67,1.77,2.63,2,2,1001.77,35.08,102.87,1041.69,30.46,-245.31,0.49,1001.39,36.46,106.84,-0.23,0.64,106.00,311.04,6498,0.04,0.02,9.65,-0.60,0.00,0.01,-0.80,0.06,0.94,106.45,23,20,20,0,35.2950600,136.2495883,98.00, 0.39
874198,0.13,0.45,9.67,-0.88,-0.03,-0.01,-0.47,-0.91,-3.10,55.67,1.78,2.63,2,2,1001.79,35.07,102.71,1041.56,30.44,-245.04,0.49,1001.38,36.44,106.87,-0.18,0.57,106.00,311.04,6500,-0.07,-0.13,9.65,-0.60,0.00,0.01,-0.80,0.06,0.90,106.45,23,20,20,0,35.2950600,136.2495883,98.00, 0.39
874251,0.12,0.43,9.57,-0.88,-0.03,-0.01,-0.47,-0.91,-3.09,55.67,1.79,2.63,2,2,1001.79,35.07,102.71,1041.72,30.45,-245.56,0.50,1001.38,36.46,106.85,-0.18,0.57,106.00,311.04,6500,0.02,-0.21,9.56,-0.60,0.00,0.01,-0.80,0.06,0.90,106.45,23,20,20,0,35.2950600,136.2495883,98.00, 0.39
874304,0.09,0.55,9.57,-0.88,-0.03,-0.01,-0.47,-0.91,-3.09,55.67,1.78,2.63,2,2,1001.82,35.07,102.40,1041.69,30.44,-245.29,0.50,1001.38,36.46,106.85,-0.18,0.57,106.00,311.04,6498,0.20,-0.29,9.59,-0.60,0.00,0.01,-0.80,0.07,0.90,106.48,23,20,20,0,35.2950600,136.2495883,98.00, 0.39
874359,0.16,0.54,9.62,-0.88,-0.03,-0.01,-0.47,-0.94,-3.09,55.67,1.77,2.63,2,2,1001.85,35.06,102.21,1041.62,30.45,-244.72,0.50,1001.39,36.47,106.84,-0.17,0.54,106.00,311.04,6500,-0.04,-0.11,9.72,-0.60,0.00,0.01,-0.80,0.05,0.91,106.49,23,20,20,0,35.2950600,136.2495883,98.00, 0.39
874417,0.12,0.52,9.72,-0.88,-0.03,-0.01,-0.47,-0.96,-3.09,55.67,1.76,2.63,2,2,1001.86,35.06,102.05,1041.63,30.45,-245.14,0.49,1001.39,36.46,106.79,-0.23,0.64,106.00,311.04,6500,0.03,-0.05,9.79,-0.60,0.00,0.01,-0.80,0.05,0.91,106.50,23,20,20,0,35.2950600,136.2495883,98.00, 0.39
874471,0.20,0.52,9.62,-0.88,-0.03,-0.01,-0.47,-0.98,-3.09,55.67,1.74,2.63,2,2,1001.89,35.06,101.77,1041.77,30.44,-245.73,0.50,1001.39,36.44,106.81,-0.15,0.51,106.00,311.04,6500,0.00,-0.15,9.69,-0.60,0.00,0.01,-0.80,0.03,0.90,106.52,23,20,20,0,35.2950600,136.2495883,98.00, 0.39
874528,0.15,0.45,9.62,-0.88,-0.03,-0.01,-0.47,-0.98,-3.09,55.67,1.40,2.63,2,2,1001.94,35.06,101.36,1041.80,30.45,-246.26,0.50,1001.39,36.44,106.77,-0.15,0.51,106.00,311.04,6500,-0.05,-0.01,9.67,-0.60,0.00,0.01,-0.80,0.03,0.89,106.52,23,20,20,0,35.2950600,136.2495883,98.00, 0.39
874580,0.12,0.38,9.51,-0.88,-0.03,-0.00,-0.47,-0.98,-3.06,55.67,1.02,2.63,2,2,1001.99,35.06,100.92,1041.93,30.46,-247.30,0.49,1001.40,36.45,106.75,-0.17,0.54,106.00,311.04,6500,-0.04,0.00,9.51,-0.60,0.00,0.01,-0.80,0.03,0.88,106.52,23,20,20,0,35.2950600,136.2495883,98.00, 0.39
874638,0.09,0.45,9.45,-0.88,-0.03,-0.00,-0.47,-0.98,-3.05,55.67,0.78,2.63,2,2,1002.03,35.07,100.59,1042.05,30.44,-248.32,0.49,1001.40,36.46,106.69,-0.13,0.48,106.00,311.04,6500,0.00,0.00,9.57,-0.60,0.00,0.01,-0.80,0.03,0.87,106.52,23,20,20,0,35.2950600,136.2495883,98.00, 0.21
874689,0.12,0.40,9.48,-0.88,-0.03,-0.00,-0.47,-0.97,-3.00,55.67,0.37,2.68,2,2,1002.08,35.06,100.14,1041.99,30.44,-248.21,0.50,1001.41,36.47,106.66,-0.13,0.48,106.00,311.04,6500,-0.07,0.03,9.59,-0.60,0.00,0.01,-0.80,0.03,0.85,106.53,23,20,20,0,35.2950600,136.2495883,98.00, 0.21
874748,0.11,0.36,9.58,-0.88,-0.03,-0.00,-0.47,-0.97,-2.98,55.67,-0.32,2.69,2,2,1002.20,35.06,99.01,1042.06,30.45,-247.16,0.51,1001.41,36.45,106.59,-0.12,0.45,106.00,311.04,6500,0.00,0.03,9.65,-0.60,0.00,0.01,-0.80,0.03,0.81,106.53,23,20,20,0,35.2950600,136.2495883,98.00, 0.21
874801,0.11,0.28,9.58,-0.88,-0.03,-0.00,-0.47,-0.96,-2.99,55.67,-1.06,2.70,2,2,1002.25,35.06,98.56,1041.72,30.44,-245.57,0.51,1001.41,36.46,106.59,-0.10,0.42,106.00,311.04,6500,-0.06,0.17,9.73,-0.60,0.00,0.01,-0.80,0.03,0.80,106.53,23,20,20,0,35.2950600,136.2495883,98.00, 0.21
874856,0.09,0.32,9.50,-0.88,-0.03,-0.00,-0.47,-0.96,-3.02,55.67,-1.64,2.72,2,2,1002.27,35.06,98.35,1041.90,30.45,-247.05,0.50,1001.42,36.45,106.56,-0.12,0.45,106.00,311.04,6500,-0.02,0.15,9.62,-0.60,0.00,0.01,-0.80,0.05,0.81,106.53,23,20,20,0,35.2950600,136.2495883,98.00, 0.21
874910,0.11,0.37,9.64,-0.88,-0.03,-0.01,-0.47,-0.95,-3.11,55.67,-1.70,2.75,2,2,1002.25,35.06,98.56,1042.00,30.44,-248.31,0.50,1001.42,36.46,106.55,-0.08,0.38,106.00,311.04,6500,0.06,0.08,9.63,-0.60,0.00,0.01,-0.80,0.06,0.90,106.53,23,20,21,0,35.2950633,136.2495850,98.00, 0.21
874967,0.15,0.37,9.51,-0.88,-0.03,-0.01,-0.47,-0.94,-3.21,55.67,-1.61,2.77,2,2,1002.22,35.06,98.87,1042.25,30.45,-250.05,0.48,1001.41,36.45,106.61,-0.08,0.38,106.00,311.04,6500,0.07,0.11,9.66,-0.60,0.00,0.01,-0.80,0.08,1.01,106.54,23,20,21,0,35.2950633,136.2495850,98.00, 0.21
875022,0.11,0.42,9.57,-0.88,-0.03,-0.01,-0.47,-0.92,-3.34,55.67,-1.26,2.80,2,2,1002.17,35.05,99.26,1042.36,30.44,-251.00,0.48,1001.41,36.46,106.58,-0.07,0.34,106.00,311.04,6498,0.00,-0.02,9.66,-0.60,0.01,0.01,-0.80,0.13,1.16,106.53,23,20,21,0,35.2950633,136.2495850,98.00, 0.21
875079,0.07,0.45,9.53,-0.88,-0.03,-0.01,-0.47,-0.88,-3.53,55.67,-0.91,2.81,2,2,1002.14,35.07,99.59,1042.26,30.45,-250.14,0.46,1001.41,36.46,106.63,-0.05,0.30,106.00,311.04,6498,0.06,-0.03,9.63,-0.60,0.01,0.01,-0.80,0.15,1.25,106.53,23,20,21,0,35.2950633,136.2495850,98.00, 0.21
875136,0.19,0.43,9.51,-0.88,-0.03,-0.01,-0.47,-0.86,-3.69,55.68,-0.59,2.82,2,2,1002.12,35.04,99.69,1042.36,30.45,-250.98,0.47,1001.41,36.48,106.63,-0.05,0.30,106.00,311.04,6500,-0.08,-0.14,9.57,-0.60,0.01,0.01,-0.80,0.20,1.41,106.53,23,20,21,0,35.2950633,136.2495850,98.00, 0.21
875189,0.17,0.53,9.44,-0.88,-0.03,-0.01,-0.47,-0.82,-3.89,55.68,-0.50,2.85,2,2,1002.13,35.04,99.59,1042.26,30.45,-250.17,0.47,1001.41,36.46,106.62,-0.05,0.30,106.00,311.04,6500,-0.02,-0.18,9.50,-0.60,0.01,0.01,-0.80,0.24,1.57,106.53,23,20,21,0,35.2950633,136.2495850,98.00, 0.21
875247,0.21,0.52,9.51,-0.88,-0.03,-0.01,-0.47,-0.76,-4.07,55.68,-0.39,2.88,2,2,1002.10,35.06,99.87,1042.16,30.45,-249.08,0.46,1001.40,36.47,106.67,-0.03,0.24,106.00,311.04,6500,-0.07,-0.15,9.53,-0.60,0.01,0.01,-0.80,0.27,1.64,106.54,23,20,21,0,35.2950633,136.2495850,98.00, 0.21
875299,0.20,0.44,9.54,-0.88,-0.03,-0.01,-0.47,-0.73,-4.12,55.68,-0.20,2.93,2,2,1002.08,35.06,100.09,1042.07,30.45,-248.55,0.48,1001.40,36.46,106.69,-0.07,0.34,106.00,311.04,6499,0.10,-0.24,9.50,-0.60,0.01,0.01,-0.80,0.32,1.78,106.54,23,20,21,0,35.2950633,136.2495850,98.00, 0.21
875351,0.25,0.43,9.50,-0.88,-0.03,-0.01,-0.47,-0.71,-4.14,55.69,0.12,2.94,2,2,1002.03,35.05,100.51,1041.71,30.44,-245.46,0.47,1001.40,36.47,106.69,0.00,0.00,106.00,311.04,6500,-0.03,-0.23,9.52,-0.60,0.01,0.01,-0.80,0.38,1.81,106.54,23,20,21,0,35.2950633,136.2495850,98.00, 0.21
875408,0.15,0.50,9.43,-0.88,-0.03,-0.01,-0.47,-0.69,-4.10,55.69,0.47,2.93,2,2,1001.99,35.06,100.90,1041.73,30.44,-245.64,0.47,1001.40,36.47,106.70,-0.02,0.17,106.00,311.04,6498,-0.01,-0.33,9.48,-0.60,0.01,0.01,-0.80,0.40,1.80,106.54,23,20,21,0,35.2950633,136.2495850,98.00, 0.21
875466,0.15,0.49,9.51,-0.88,-0.03,-0.01,-0.47,-0.66,-4.06,55.69,0.70,2.93,2,2,1001.95,35.05,101.25,1041.65,30.45,-244.99,0.48,1001.39,36.47,106.77,0.02,0.17,106.00,311.04,6499,0.14,-0.05,9.57,-0.60,0.01,0.01,-0.80,0.44,1.76,106.54,23,20,21,0,35.2950633,136.2495850,98.00, 0.21
875518,0.20,0.44,9.47,-0.88,-0.03,-0.01,-0.47,-0.63,-3.97,55.70,1.04,2.88,2,2,1001.95,35.04,101.29,1041.82,30.45,-246.78,0.47,1001.40,36.47,106.75,0.00,0.00,106.00,311.04,6498,-0.08,-0.14,9.52,-0.60,0.01,0.01,-0.80,0.46,1.70,106.54,23,20,21,0,35.2950633,136.2495850,98.00, 0.21
875571,0.16,0.36,9.50,-0.88,-0.03,-0.01,-0.47,-0.62,-3.86,55.70,1.20,2.85,2,2,1001.93,35.05,101.45,1041.90,30.45,-247.08,0.47,1001.39,36.48,106.78,0.03,0.24,106.00,311.04,6500,0.12,-0.13,9.52,-0.60,0.00,0.01,-0.80,0.49,1.57,106.54,23,20,21,0,35.2950633,136.2495850,98.00, 0.21
875626,0.10,0.42,9.48,-0.88,-0.03,-0.01,-0.47,-0.63,-3.72,55.71,1.29,2.82,2,2,1001.91,35.06,101.59,1042.09,30.44,-248.72,0.47,1001.39,36.46,106.81,-0.02,0.17,106.00,311.04,6499,-0.03,-0.08,9.58,-0.60,0.00,0.01,-0.80,0.48,1.44,106.54,23,20,21,0,35.2950633,136.2495850,98.00, 0.61
875679,0.14,0.42,9.54,-0.88,-0.03,-0.01,-0.47,-0.62,-3.62,55.71,1.35,2.80,2,2,1001.91,35.06,101.64,1042.09,30.44,-247.43,0.48,1001.39,36.48,106.78,-0.07,0.34,106.00,311.04,6500,0.07,0.00,9.64,-0.60,0.00,0.01,-0.80,0.49,1.33,106.55,23,20,21,0,35.2950633,136.2495850,98.00, 0.61
875736,0.10,0.41,9.44,-0.88,-0.03,-0.01,-0.47,-0.63,-3.52,55.70,1.39,2.79,2,2,1001.93,35.06,101.40,1041.72,30.46,-245.01,0.48,1001.39,36.48,106.80,0.08,0.38,106.00,311.04,6500,0.08,-0.08,9.57,-0.60,0.00,0.01,-0.80,0.48,1.28,106.55,23,20,21,0,35.2950633,136.2495850,98.00, 0.61
875790,0.11,0.38,9.56,-0.88,-0.03,-0.01,-0.47,-0.63,-3.44,55.70,1.28,2.74,2,2,1001.94,35.05,101.36,1041.61,30.45,-244.58,0.47,1001.40,36.47,106.75,0.10,0.42,106.00,311.04,6500,-0.01,0.03,9.61,-0.60,0.00,0.01,-0.80,0.47,1.14,106.54,23,20,21,0,35.2950633,136.2495850,98.00, 0.61
875846,0.15,0.42,9.55,-0.88,-0.03,-0.01,-0.47,-0.64,-3.39,55.70,1.00,2.70,2,2,1001.98,35.06,100.97,1041.72,30.44,-245.57,0.48,1001.39,36.46,106.76,0.08,0.38,106.00,311.04,6500,0.03,0.06,9.65,-0.60,0.00,0.01,-0.80,0.46,1.09,106.54,23,20,22,0,35.2950650,136.2495817,98.00, 0.61
875898,0.17,0.44,9.50,-0.88,-0.03,-0.01,-0.47,-0.65,-3.36,55.70,0.87,2.68,2,2,1002.00,35.06,100.81,1041.83,30.45,-246.45,0.48,1001.40,36.47,106.76,0.17,0.54,106.00,311.04,6499,0.00,-0.05,9.62,-0.60,0.00,0.01,-0.80,0.44,1.06,106.54,23,20,22,0,35.2950650,136.2495817,98.00, 0.61
875952,0.08,0.50,9.56,-0.88,-0.03,-0.01,-0.47,-0.65,-3.35,55.70,0.48,2.62,2,2,1002.04,35.06,100.47,1041.98,30.46,-249.17,0.47,1001.40,36.48,106.70,0.13,0.48,106.00,311.04,6500,0.10,0.02,9.66,-0.60,0.00,0.01,-0.80,0.43,1.03,106.54,23,20,22,0,35.2950650,136.2495817,98.00, 0.61
876008,0.17,0.42,9.58,-0.88,-0.03,-0.01,-0.47,-0.66,-3.36,55.70,0.10,2.62,2,2,1002.09,35.04,100.02,1042.21,30.45,-249.70,0.47,1001.41,36.48,106.66,0.13,0.48,106.00,311.04,6499,0.02,-0.03,9.61,-0.60,0.00,0.01,-0.80,0.42,1.01,106.54,23,20,22,0,35.2950650,136.2495817,98.00, 0.61
876064,0.16,0.41,9.55,-0.88,-0.03,-0.01,-0.47,-0.67,-3.39,55.70,-0.27,2.62,2,2,1002.11,35.05,99.82,1042.53,30.44,-252.40,0.47,1001.40,36.48,106.70,0.12,0.45,106.00,311.04,6499,0.03,-0.01,9.61,-0.60,0.00,0.01,-0.80,0.42,1.02,106.54,23,20,22,0,35.2950650,136.2495817,98.00, 0.61
876117,0.28,0.42,9.61,-0.88,-0.03,-0.01,-0.47,-0.69,-3.43,55.70,-0.42,2.62,2,2,1002.07,35.05,100.16,1042.40,30.45,-251.30,0.46,1001.41,36.48,106.64,0.13,0.48,106.00,311.04,6500,-0.03,0.03,9.68,-0.60,0.00,0.01,-0.80,0.40,1.04,106.54,23,20,22,0,35.2950650,136.2495817,98.00, 0.61
876171,0.24,0.45,9.61,-0.88,-0.03,-0.01,-0.47,-0.70,-3.47,55.70,-0.36,2.62,2,2,1002.05,35.04,100.35,1042.35,30.45,-250.76,0.47,1001.40,36.48,106.72,0.18,0.57,106.00,311.04,6500,0.02,-0.14,9.59,-0.60,0.00,0.01,-0.80,0.37,1.09,106.54,23,20,22,0,35.2950650,136.2495817,98.00, 0.61
876228,0.14,0.49,9.51,-0.88,-0.03,-0.01,-0.47,-0.72,-3.55,55.70,-0.08,2.62,2,2,1002.03,35.04,100.55,1042.28,30.45,-250.43,0.47,1001.40,36.47,106.72,0.13,0.48,106.00,311.04,6498,0.15,-0.18,9.59,-0.60,0.00,0.01,-0.80,0.36,1.18,106.54,23,20,22,0,35.2950650,136.2495817,98.00, 0.61
876285,0.12,0.47,9.57,-0.88,-0.03,-0.01,-0.47,-0.71,-3.64,55.70,0.13,2.62,2,2,1002.04,35.05,100.47,1042.37,30.45,-251.11,0.48,1001.40,36.48,106.71,0.07,0.34,106.00,311.04,6499,0.09,-0.11,9.61,-0.60,0.00,0.01,-0.80,0.36,1.27,106.54,23,20,22,0,35.2950650,136.2495817,98.00, 0.61
876338,0.20,0.48,9.55,-0.88,-0.03,-0.01,-0.47,-0.72,-3.71,55.70,0.08,2.62,2,2,1002.06,35.04,100.24,1041.97,30.44,-247.66,0.48,1001.40,36.48,106.69,0.15,0.51,106.00,311.04,6498,0.10,0.02,9.60,-0.60,0.00,0.01,-0.80,0.36,1.31,106.54,23,20,22,0,35.2950650,136.2495817,98.00, 0.61
876395,0.14,0.48,9.47,-0.88,-0.03,-0.01,-0.47,-0.73,-3.76,55.70,-0.04,2.63,2,2,1002.07,35.05,100.19,1042.02,30.45,-248.14,0.48,1001.40,36.48,106.71,0.08,0.38,106.00,311.04,6500,-0.01,-0.21,9.56,-0.60,0.00,0.01,-0.80,0.35,1.38,106.54,23,20,22,0,35.2950650,136.2495817,98.00, 0.61
876447,0.19,0.44,9.52,-0.88,-0.03,-0.01,-0.47,-0.74,-3.79,55.70,-0.02,2.70,2,2,1002.06,35.03,100.22,1042.01,30.46,-249.46,0.48,1001.40,36.47,106.70,0.12,0.45,106.00,311.04,6500,-0.08,-0.13,9.55,-0.60,0.01,0.01,-0.80,0.34,1.42,106.54,23,20,22,0,35.2950650,136.2495817,98.00, 0.61
876507,0.14,0.48,9.53,-0.88,-0.03,-0.01,-0.47,-0.75,-3.82,55.70,0.08,2.77,2,2,1002.04,35.04,100.47,1042.26,30.46,-250.34,0.48,1001.40,36.48,106.68,0.15,0.51,106.00,311.04,6500,0.00,-0.09,9.58,-0.60,0.01,0.01,-0.80,0.32,1.46,106.54,23,20,22,0,35.2950650,136.2495817,98.00, 0.61
876564,0.14,0.42,9.48,-0.88,-0.03,-0.01,-0.47,-0.75,-3.84,55.70,0.28,2.80,2,2,1002.01,35.04,100.69,1042.24,30.45,-249.60,0.49,1001.40,36.47,106.73,0.02,0.17,106.00,311.04,6498,-0.07,0.00,9.62,-0.60,0.01,0.01,-0.80,0.32,1.47,106.54,23,20,22,0,35.2950650,136.2495817,98.00, 0.61
876616,0.21,0.36,9.49,-0.88,-0.03,-0.01,-0.47,-0.77,-3.83,55.70,0.54,2.81,2,2,1001.99,35.03,100.91,1042.15,30.46,-249.17,0.48,1001.40,36.48,106.75,0.08,0.38,106.00,311.04,6500,-0.08,0.00,9.63,-0.60,0.01,0.01,-0.80,0.29,1.48,106.54,23,20,22,0,35.2950650,136.2495817,98.00, 0.31
876669,0.18,0.39,9.46,-0.88,-0.03,-0.01,-0.47,-0.79,-3.80,55.71,0.78,2.81,2,2,1001.96,35.04,101.21,1042.05,30.45,-248.39,0.49,1001.39,36.46,106.79,0.08,0.38,106.00,311.04,6498,0.01,-0.13,9.53,-0.60,0.01,0.01,-0.80,0.27,1.47,106.54,23,20,22,0,35.2950650,136.2495817,98.00, 0.31
876727,0.18,0.44,9.51,-0.88,-0.03,-0.01,-0.47,-0.80,-3.79,55.71,0.92,2.81,2,2,1001.94,35.05,101.37,1042.09,30.44,-249.16,0.48,1001.40,36.48,106.75,0.13,0.48,106.00,311.04,6500,0.09,-0.11,9.55,-0.60,0.01,0.01,-0.80,0.27,1.47,106.54,23,20,22,0,35.2950650,136.2495817,98.00, 0.31
876784,0.11,0.42,9.54,-0.88,-0.03,-0.01,-0.47,-0.79,-3.78,55.69,1.23,2.81,2,2,1001.90,35.03,101.73,1042.11,30.45,-248.72,0.48,1001.39,36.48,106.82,0.10,0.42,106.00,311.04,6498,-0.03,-0.11,9.58,-0.60,0.01,0.01,-0.80,0.28,1.46,106.54,23,20,23,0,35.2950633,136.2495817,98.10, 0.31
876837,0.11,0.38,9.50,-0.88,-0.03,-0.01,-0.47,-0.77,-3.74,55.66,1.67,2.81,2,2,1001.83,35.04,102.32,1042.13,30.46,-249.06,0.48,1001.39,36.49,106.82,0.12,0.45,106.00,311.04,6499,0.11,0.00,9.65,-0.60,0.01,0.01,-0.80,0.28,1.42,106.54,23,20,23,0,35.2950633,136.2495817,98.10, 0.31
876893,0.18,0.45,9.54,-0.88,-0.03,-0.01,-0.47,-0.76,-3.74,55.62,1.92,2.81,2,2,1001.77,35.05,102.89,1041.88,30.47,-246.92,0.48,1001.38,36.48,106.87,0.10,0.42,106.00,311.04,6499,0.06,-0.04,9.63,-0.60,0.01,0.01,-0.80,0.28,1.39,106.54,23,20,23,0,35.2950633,136.2495817,98.10, 0.31
876946,0.18,0.50,9.48,-0.88,-0.03,-0.01,-0.47,-0.76,-3.75,55.58,1.95,2.81,2,2,1001.74,35.05,103.20,1041.76,30.50,-245.91,0.47,1001.38,36.49,106.86,0.12,0.45,106.00,311.04,6500,0.00,-0.07,9.57,-0.60,0.01,0.01,-0.80,0.26,1.37,106.53,23,20,23,0,35.2950633,136.2495817,98.10, 0.31
877000,0.20,0.48,9.43,-0.88,-0.03,-0.01,-0.47,-0.76,-3.75,55.54,1.98,2.81,2,2,1001.72,35.03,103.37,1041.63,30.45,-244.12,0.48,1001.38,36.48,106.90,0.08,0.38,106.00,311.04,6500,0.08,-0.06,9.55,-0.60,0.01,0.01,-0.80,0.26,1.36,106.53,23,20,23,0,35.2950633,136.2495817,98.10, 0.31
877056,0.17,0.45,9.44,-0.88,-0.03,-0.01,-0.47,-0.76,-3.73,55.50,1.99,2.81,2,2,1001.77,35.04,102.88,1041.49,30.47,-242.91,0.47,1001.38,36.48,106.87,0.08,0.38,106.00,311.04,6498,-0.06,0.00,9.55,-0.60,0.01,0.01,-0.80,0.25,1.33,106.52,23,20,23,0,35.2950633,136.2495817,98.10, 0.31
877114,0.20,0.37,9.50,-0.88,-0.03,-0.01,-0.47,-0.77,-3.69,55.45,1.99,2.81,2,2,1001.84,35.04,102.28,1041.33,30.47,-242.26,0.47,1001.39,36.48,106.85,0.12,0.45,106.00,311.04,6498,-0.14,-0.05,9.53,-0.60,0.01,0.01,-0.80,0.22,1.28,106.50,23,20,23,0,35.2950633,136.2495817,98.10, 0.31
877166,0.20,0.43,9.54,-0.88,-0.03,-0.01,-0.46,-0.78,-3.66,55.40,1.96,2.81,2,2,1001.88,35.04,101.93,1041.39,30.46,-242.75,0.47,1001.39,36.49,106.81,0.12,0.45,106.00,311.04,6499,0.02,-0.03,9.56,-0.60,0.00,0.01,-0.80,0.22,1.24,106.47,23,20,23,0,35.2950633,136.2495817,98.10, 0.31
877222,0.21,0.41,9.46,-0.88,-0.03,-0.01,-0.46,-0.78,-3.63,55.35,1.92,2.81,2,2,1001.88,35.04,101.85,1041.33,30.46,-242.29,0.47,1001.39,36.49,106.81,0.07,0.34,106.00,311.04,6500,-0.10,-0.02,9.60,-0.60,0.00,0.01,-0.80,0.22,1.23,106.45,23,20,23,0,35.2950633,136.2495817,98.10, 0.31
877276,0.17,0.42,9.45,-0.89,-0.03,-0.01,-0.46,-0.79,-3.63,55.29,1.68,2.81,2,2,1001.91,35.05,101.63,1041.35,30.46,-242.31,0.48,1001.39,36.49,106.79,0.08,0.38,106.00,311.04,6499,0.07,-0.02,9.51,-0.60,0.00,0.01,-0.80,0.19,1.18,106.39,23,20,23,0,35.2950633,136.2495817,98.10, 0.31
877334,0.14,0.48,9.47,-0.89,-0.03,-0.01,-0.46,-0.80,-3.65,55.23,1.44,2.80,2,2,1001.95,35.05,101.25,1041.35,30.46,-242.45,0.49,1001.39,36.46,106.76,0.08,0.38,106.00,311.04,6499,0.07,-0.05,9.59,-0.60,0.00,0.01,-0.80,0.19,1.16,106.36,23,20,23,0,35.2950633,136.2495817,98.10, 0.31
877385,0.14,0.37,9.48,-0.89,-0.03,-0.01,-0.46,-0.79,-3.65,55.16,1.03,2.75,2,2,1002.00,35.04,100.79,1041.35,30.45,-242.42,0.49,1001.40,36.47,106.74,0.10,0.42,106.00,311.04,6500,0.00,0.01,9.62,-0.60,0.00,0.01,-0.80,0.19,1.14,106.32,23,20,23,0,35.2950633,136.2495817,98.10, 0.31
877439,0.19,0.50,9.58,-0.89,-0.03,-0.01,-0.46,-0.80,-3.67,55.09,0.76,2.64,2,2,1002.00,35.05,100.83,1041.16,30.49,-240.83,0.40,1001.40,36.47,106.72,0.08,0.38,106.00,311.04,6500,-0.04,-0.12,9.75,-0.60,0.00,0.01,-0.80,0.18,1.15,106.30,23,20,23,0,35.2950633,136.2495817,98.10, 0.31
877493,0.20,0.51,9.60,-0.89,-0.03,-0.01,-0.46,-0.81,-3.71,55.02,0.58,2.62,2,2,1001.98,35.03,100.99,1041.05,30.47,-240.22,0.44,1001.40,36.47,106.75,0.15,0.51,106.00,311.04,6500,0.03,-0.07,9.71,-0.60,0.01,0.01,-0.80,0.18,1.19,106.24,23,20,23,0,35.2950633,136.2495817,98.10, 0.31
877547,0.19,0.54,9.64,-0.89,-0.03,-0.01,-0.46,-0.81,-3.74,54.95,0.50,2.51,2,2,1001.98,35.04,100.96,1041.23,30.46,-241.43,0.50,1001.40,36.47,106.76,0.15,0.51,106.00,311.04,6498,-0.03,-0.21,9.73,-0.60,0.01,0.01,-0.80,0.16,1.20,106.18,23,20,23,0,35.2950633,136.2495817,98.10, 0.31
877599,0.22,0.56,9.61,-0.89,-0.03,-0.01,-0.46,-0.82,-3.74,54.90,0.47,2.49,2,2,1002.00,35.04,100.78,1041.63,30.46,-244.84,0.47,1001.40,36.48,106.73,0.10,0.42,106.00,311.04,6500,-0.06,-0.17,9.71,-0.60,0.01,0.01,-0.80,0.16,1.20,106.12,23,20,23,0,35.2950633,136.2495817,98.10, 0.31
877654,0.18,0.49,9.66,-0.89,-0.03,-0.01,-0.46,-0.82,-3.73,54.83,0.41,2.48,2,2,1002.01,35.03,100.75,1041.75,30.45,-245.77,0.47,1001.40,36.47,106.70,0.13,0.48,106.00,311.04,6499,-0.02,-0.11,9.77,-0.60,0.01,0.01,-0.80,0.16,1.20,106.10,23,20,23,0,35.2950633,136.2495817,98.10, 0.31
877709,0.20,0.47,9.64,-0.89,-0.03,-0.01,-0.46,-0.81,-3.71,54.78,0.34,2.48,2,2,1002.00,35.03,100.80,1041.77,30.46,-247.58,0.47,1001.40,36.47,106.71,0.10,0.42,106.00,311.04,6500,-0.04,-0.13,9.76,-0.60,0.01,0.01,-0.80,0.16,1.20,106.05,23,20,23,0,35.2950633,136.2495817,98.10, 0.31
877766,0.18,0.46,9.54,-0.89,-0.03,-0.01,-0.46,-0.83,-3.70,54.71,0.26,2.48,2,2,1002.02,35.03,100.61,1042.03,30.45,-247.56,0.47,1001.40,36.47,106.73,0.10,0.42,106.00,311.04,6500,0.04,-0.10,9.67,-0.60,0.01,0.01,-0.80,0.16,1.20,105.98,23,20,23,0,35.2950633,136.2495817,98.10, 0.31
877822,0.16,0.45,9.54,-0.89,-0.03,-0.01,-0.46,-0.83,-3.67,54.63,0.14,2.48,2,2,1002.04,35.03,100.44,1041.79,30.47,-246.17,0.47,1001.40,36.46,106.69,0.10,0.42,106.00,311.04,6499,-0.05,-0.06,9.58,-0.60,0.01,0.01,-0.80,0.16,1.20,105.93,23,20,23,0,35.2950633,136.2495817,98.10, 0.31
877875,0.20,0.44,9.53,-0.89,-0.03,-0.01,-0.46,-0.83,-3.64,54.57,-0.07,2.48,2,2,1002.07,35.04,100.15,1041.87,30.45,-246.86,0.47,1001.41,36.47,106.65,0.10,0.42,106.00,311.04,6500,-0.01,-0.06,9.60,-0.60,0.01,0.01,-0.80,0.16,1.20,105.91,23,20,24,0,35.2950633,136.2495783,98.10, 0.31
877932,0.16,0.36,9.50,-0.89,-0.03,-0.01,-0.46,-0.84,-3.60,54.51,-0.17,2.48,2,2,1002.08,35.04,100.09,1041.83,30.47,-246.54,0.47,1001.40,36.45,106.69,0.12,0.45,106.00,311.04,6499,-0.03,0.00,9.68,-0.60,0.01,0.01,-0.80,0.16,1.18,105.87,23,20,24,0,35.2950633,136.2495783,98.10, 0.31
877985,0.20,0.35,9.54,-0.89,-0.03,-0.01,-0.46,-0.85,-3.53,54.45,-0.36,2.48,2,2,1002.09,35.03,100.00,1041.94,30.45,-248.23,0.48,1001.40,36.47,106.67,0.10,0.42,106.00,311.04,6500,-0.05,0.00,9.63,-0.60,0.01,0.01,-0.80,0.15,1.14,105.85,23,20,24,0,35.2950633,136.2495783,98.10, 0.31
878042,0.25,0.35,9.62,-0.89,-0.03,-0.01,-0.46,-0.87,-3.48,54.37,-0.39,2.48,2,2,1002.06,35.04,100.28,1041.84,30.46,-246.54,0.49,1001.40,36.46,106.68,0.08,0.38,106.00,311.04,6500,-0.04,0.07,9.61,-0.60,0.00,0.01,-0.80,0.10,1.05,105.77,23,20,24,0,35.2950633,136.2495783,98.10, 0.31
878095,0.20,0.38,9.55,-0.89,-0.03,-0.01,-0.46,-0.88,-3.44,54.30,-0.25,2.48,2,2,1002.04,35.04,100.45,1042.15,30.46,-249.21,0.49,1001.40,36.46,106.72,0.03,0.24,106.00,311.04,6499,-0.06,0.06,9.63,-0.60,0.00,0.01,-0.80,0.10,1.03,105.75,23,20,24,0,35.2950633,136.2495783,98.10, 0.31
878148,0.26,0.50,9.47,-0.89,-0.03,-0.01,-0.46,-0.89,-3.47,54.24,-0.17,2.48,2,2,1002.04,35.02,100.42,1042.19,30.45,-249.56,0.50,1001.40,36.47,106.72,0.03,0.24,106.00,311.04,6500,-0.11,-0.01,9.53,-0.60,0.01,0.01,-0.80,0.08,1.06,105.69,23,20,24,0,35.2950633,136.2495783,98.10, 0.31
878205,0.02,0.48,9.56,-0.89,-0.03,-0.01,-0.46,-0.87,-3.50,54.14,-0.01,2.50,2,2,1002.02,35.02,100.62,1042.02,30.47,-247.94,0.47,1001.40,36.48,106.72,0.05,0.30,106.00,311.04,6500,0.01,-0.10,9.59,-0.60,0.00,0.01,-0.80,0.13,1.11,105.62,23,20,24,0,35.2950633,136.2495783,98.10, 0.31
878258,0.06,0.44,9.48,-0.89,-0.03,-0.01,-0.45,-0.83,-3.53,54.07,0.17,2.53,2,2,1002.00,35.02,100.80,1041.91,30.47,-245.57,0.47,1001.40,36.48,106.73,0.08,0.38,106.00,311.04,6500,0.06,-0.04,9.55,-0.60,0.00,0.01,-0.80,0.14,1.11,105.59,23,20,24,0,35.2950633,136.2495783,98.10, 0.31
878313,0.09,0.41,9.53,-0.89,-0.03,-0.01,-0.45,-0.78,-3.55,53.97,0.35,2.56,2,2,1001.99,35.02,100.86,1041.50,30.46,-243.66,0.47,1001.40,36.48,106.73,0.12,0.45,106.00,311.04,6500,0.08,0.03,9.52,-0.60,0.00,0.01,-0.80,0.18,1.14,105.55,23,20,24,0,35.2950633,136.2495783,98.10, 0.31
878366,0.15,0.31,9.55,-0.89,-0.03,-0.01,-0.45,-0.73,-3.54,53.89,0.53,2.61,2,2,1001.97,35.02,101.03,1041.27,30.46,-241.72,0.47,1001.40,36.48,106.73,0.17,0.54,106.00,311.04,6499,-0.01,0.03,9.50,-0.61,0.00,0.01,-0.80,0.25,1.15,105.45,23,20,24,0,35.2950633,136.2495783,98.10, 0.31
878424,0.13,0.28,9.46,-0.89,-0.03,-0.01,-0.45,-0.69,-3.49,53.79,0.57,2.61,2,2,1001.97,35.04,101.03,1041.42,30.47,-243.03,0.49,1001.40,36.47,106.74,0.17,0.54,106.00,311.04,6498,-0.02,0.02,9.59,-0.61,0.00,0.01,-0.80,0.28,1.13,105.37,23,20,24,0,35.2950633,136.2495783,98.10, 0.31
878476,0.11,0.36,9.49,-0.89,-0.03,-0.01,-0.45,-0.66,-3.48,53.70,0.70,2.61,2,2,1001.96,35.03,101.14,1041.48,30.46,-244.29,0.47,1001.39,36.47,106.77,0.12,0.45,106.00,311.04,6499,0.04,-0.05,9.54,-0.61,0.00,0.01,-0.80,0.30,1.13,105.33,23,20,24,0,35.2950633,136.2495783,98.10, 0.31
878532,0.08,0.34,9.51,-0.89,-0.03,-0.01,-0.45,-0.63,-3.47,53.59,0.79,2.61,2,2,1001.95,35.03,101.27,1041.65,30.47,-245.01,0.47,1001.40,36.48,106.75,0.08,0.38,106.00,311.04,6500,0.03,-0.03,9.59,-0.61,0.00,0.01,-0.79,0.35,1.15,105.24,23,20,24,0,35.2950633,136.2495783,98.10, 0.31
878584,0.12,0.43,9.50,-0.89,-0.03,-0.01,-0.45,-0.63,-3.45,53.51,0.86,2.61,2,2,1001.95,35.03,101.27,1041.72,30.46,-245.57,0.48,1001.39,36.47,106.81,0.07,0.34,106.00,311.04,6498,0.03,-0.15,9.59,-0.61,0.00,0.01,-0.79,0.35,1.14,105.17,23,20,24,0,35.2950633,136.2495783,98.10, 0.31
878640,0.15,0.48,9.51,-0.89,-0.03,-0.01,-0.45,-0.62,-3.43,53.44,0.87,2.61,2,2,1001.96,35.03,101.19,1041.48,30.46,-243.55,0.48,1001.39,36.48,106.77,0.03,0.24,106.00,311.04,6500,0.14,-0.13,9.61,-0.61,0.00,0.01,-0.79,0.35,1.13,105.09,23,20,24,0,35.2950633,136.2495783,98.10, 0.31
878692,0.13,0.50,9.52,-0.89,-0.03,-0.01,-0.45,-0.63,-3.43,53.35,0.85,2.61,2,2,1001.96,35.01,101.13,1041.43,30.47,-243.25,0.48,1001.39,36.48,106.77,0.00,0.00,106.00,311.04,6499,-0.06,-0.18,9.57,-0.61,0.00,0.01,-0.79,0.34,1.13,105.06,23,20,24,0,35.2950633,136.2495783,98.10, 0.31
878745,0.13,0.54,9.49,-0.89,-0.03,-0.01,-0.45,-0.62,-3.42,53.28,0.72,2.61,2,2,1001.99,35.04,100.87,1041.42,30.46,-243.01,0.48,1001.40,36.47,106.75,-0.02,0.17,106.00,311.04,6500,0.06,-0.08,9.59,-0.61,0.00,0.01,-0.79,0.35,1.13,105.00,23,20,24,0,35.2950633,136.2495783,98.10, 0.31
878797,0.16,0.55,9.51,-0.89,-0.03,-0.01,-0.45,-0.62,-3.42,53.22,0.55,2.61,2,2,1002.00,35.03,100.78,1041.25,30.46,-241.58,0.48,1001.40,36.49,106.70,0.02,0.17,106.00,311.04,6500,-0.08,-0.18,9.59,-0.61,0.00,0.01,-0.79,0.35,1.13,104.98,23,20,25,0,35.2950633,136.2495800,98.20, 0.31
878852,0.30,0.48,9.56,-0.89,-0.03,-0.01,-0.45,-0.65,-3.42,53.14,0.48,2.61,2,2,1002.00,35.02,100.78,1041.22,30.45,-241.40,0.48,1001.40,36.47,106.74,0.03,0.24,106.00,311.04,6498,0.13,-0.10,9.71,-0.61,0.00,0.01,-0.79,0.33,1.12,104.92,23,20,25,0,35.2950633,136.2495800,98.20, 0.31
878909,0.18,0.58,9.60,-0.89,-0.03,-0.01,-0.45,-0.69,-3.42,53.07,0.47,2.62,2,2,1001.99,35.03,100.86,1041.23,30.47,-240.82,0.48,1001.40,36.47,106.75,0.03,0.24,106.00,311.04,6500,0.29,-0.14,9.64,-0.61,0.00,0.01,-0.79,0.29,1.11,104.86,23,20,25,0,35.2950633,136.2495800,98.20, 0.31
878963,0.22,0.51,9.55,-0.89,-0.03,-0.01,-0.45,-0.74,-3.42,53.00,0.54,2.62,2,2,1001.98,35.01,100.97,1041.19,30.46,-241.07,0.48,1001.40,36.47,106.73,0.07,0.34,106.00,311.04,6500,-0.21,-0.17,9.55,-0.61,0.00,0.01,-0.79,0.22,1.12,104.83,23,20,25,0,35.2950633,136.2495800,98.20, 0.31
879020,0.15,0.55,9.57,-0.89,-0.03,-0.01,-0.45,-0.79,-3.43,52.93,0.63,2.62,2,2,1001.97,35.02,101.10,1041.06,30.46,-240.00,0.49,1001.39,36.47,106.77,0.02,0.17,106.00,311.04,6498,0.28,-0.17,9.61,-0.61,0.00,0.01,-0.79,0.19,1.11,104.80,23,20,25,0,35.2950633,136.2495800,98.20, 0.31
879072,0.29,0.59,9.53,-0.89,-0.03,-0.01,-0.45,-0.84,-3.42,52.87,0.73,2.61,2,2,1001.95,35.03,101.24,1041.02,30.45,-239.60,0.41,1001.39,36.46,106.77,0.02,0.17,106.00,311.04,6500,-0.10,-0.21,9.54,-0.61,0.01,0.01,-0.79,0.13,1.11,104.77,23,20,25,0,35.2950633,136.2495800,98.20, 0.31
879126,0.43,0.61,9.58,-0.90,-0.03,-0.01,-0.44,-0.89,-3.44,52.80,0.77,2.60,2,2,1001.95,35.02,101.22,1040.91,30.47,-238.76,0.41,1001.39,36.46,106.81,0.03,0.24,106.00,311.04,6500,-0.08,-0.18,9.58,-0.61,0.01,0.01,-0.79,0.09,1.11,104.76,23,20,25,0,35.2950633,136.2495800,98.20, 0.31
879181,0.04,0.61,9.55,-0.90,-0.03,-0.01,-0.44,-0.95,-3.44,52.74,0.86,2.58,2,2,1001.95,35.02,101.28,1040.85,30.46,-236.20,0.41,1001.39,36.47,106.79,0.10,0.42,106.00,311.04,6500,0.11,-0.28,9.55,-0.61,0.01,0.01,-0.79,0.01,1.11,104.71,23,20,25,0,35.2950633,136.2495800,98.20, 0.31
879233,0.14,0.67,9.58,-0.90,-0.03,-0.01,-0.44,-0.99,-3.45,52.68,0.90,2.55,2,2,1001.93,35.02,101.43,1040.49,30.46,-235.10,0.41,1001.40,36.48,106.75,0.05,0.30,106.00,311.04,6500,0.00,-0.22,9.69,-0.61,0.01,0.01,-0.79,-0.04,1.13,104.66,23,20,25,0,35.2950633,136.2495800,98.20, 0.31
879291,0.13,0.62,9.50,-0.90,-0.03,-0.01,-0.44,-1.02,-3.45,52.61,0.93,2.54,2,2,1001.94,35.03,101.35,1040.36,30.46,-234.02,0.47,1001.39,36.48,106.78,0.05,0.30,106.00,311.04,6500,0.15,-0.22,9.58,-0.61,0.01,0.01,-0.79,-0.06,1.13,104.64,23,20,25,0,35.2950633,136.2495800,98.20, 0.31
879345,0.16,0.74,9.57,-0.90,-0.03,-0.01,-0.44,-1.05,-3.46,52.54,0.92,2.52,2,2,1001.94,35.02,101.34,1040.48,30.46,-234.15,0.48,1001.39,36.48,106.76,0.03,0.24,106.00,311.04,6498,0.13,-0.32,9.56,-0.61,0.01,0.01,-0.79,-0.11,1.17,104.56,23,20,25,0,35.2950633,136.2495800,98.20, 0.31
879401,0.08,0.51,9.57,-0.90,-0.03,-0.01,-0.44,-1.07,-3.48,52.45,0.84,2.51,2,2,1001.96,35.03,101.17,1040.52,30.49,-235.05,0.48,1001.40,36.48,106.75,-0.02,0.17,106.00,311.04,6498,0.09,-0.09,9.62,-0.61,0.01,0.01,-0.79,-0.15,1.21,104.49,23,20,25,0,35.2950633,136.2495800,98.20, 0.31
879455,0.34,0.48,9.55,-0.90,-0.03,-0.01,-0.44,-1.08,-3.51,52.38,0.72,2.50,2,2,1001.97,35.02,101.10,1040.37,30.47,-234.11,0.50,1001.40,36.49,106.76,0.03,0.24,106.00,311.04,6499,-0.09,-0.13,9.63,-0.61,0.01,0.01,-0.79,-0.18,1.26,104.44,23,20,25,0,35.2950633,136.2495800,98.20, 0.31
879511,0.29,0.45,9.54,-0.90,-0.03,-0.01,-0.44,-1.09,-3.55,52.30,0.62,2.48,2,2,1001.97,35.02,101.03,1040.27,30.45,-233.23,0.48,1001.39,36.47,106.79,-0.02,0.17,106.00,311.04,6500,0.03,-0.07,9.63,-0.61,0.01,0.01,-0.79,-0.19,1.27,104.40,23,20,25,0,35.2950633,136.2495800,98.20, 0.31
879565,0.50,0.38,9.54,-0.90,-0.03,-0.01,-0.44,-1.10,-3.55,52.24,0.58,2.48,2,2,1001.98,35.01,100.99,1040.20,30.46,-232.62,0.47,1001.39,36.47,106.79,-0.02,0.17,106.00,311.04,6500,-0.31,-0.11,9.61,-0.61,0.01,0.01,-0.79,-0.22,1.27,104.34,23,20,25,0,35.2950633,136.2495800,98.20, 0.31
879621,0.29,0.32,9.52,-0.90,-0.03,-0.00,-0.44,-1.13,-3.51,52.17,0.50,2.47,2,2,1001.99,35.03,100.91,1040.16,30.46,-232.10,0.41,1001.40,36.47,106.75,-0.02,0.17,106.00,311.04,6498,-0.16,0.00,9.65,-0.61,0.01,0.01,-0.79,-0.24,1.24,104.28,23,20,25,0,35.2950633,136.2495800,98.20, 0.31
879674,0.33,0.41,9.58,-0.90,-0.03,-0.00,-0.44,-1.15,-3.46,52.12,0.42,2.46,2,2,1001.99,35.02,100.86,1040.22,30.46,-232.84,0.50,1001.40,36.47,106.75,-0.02,0.17,106.00,311.04,6500,0.10,0.06,9.71,-0.61,0.01,0.01,-0.79,-0.27,1.19,104.22,23,20,25,0,35.2950633,136.2495800,98.20, 0.31
879732,0.27,0.29,9.47,-0.90,-0.03,-0.00,-0.44,-1.14,-3.39,52.07,0.38,2.46,2,2,1001.99,35.01,100.85,1040.34,30.46,-233.82,0.48,1001.40,36.49,106.72,-0.05,0.30,106.00,311.04,6499,-0.13,0.14,9.64,-0.61,0.01,0.01,-0.79,-0.27,1.17,104.20,23,20,25,0,35.2950633,136.2495800,98.20, 0.31
879789,0.30,0.36,9.52,-0.90,-0.03,-0.00,-0.44,-1.12,-3.34,52.04,0.32,2.46,2,2,1002.00,35.01,100.78,1040.28,30.45,-233.31,0.47,1001.40,36.48,106.71,-0.03,0.24,106.00,311.04,6498,0.25,0.00,9.63,-0.61,0.01,0.01,-0.79,-0.27,1.12,104.15,23,20,25,0,35.2950633,136.2495800,98.20, 0.31
879842,0.35,0.41,9.60,-0.90,-0.03,-0.00,-0.44,-1.09,-3.31,52.00,0.31,2.46,2,2,1002.00,35.01,100.80,1039.82,30.46,-229.40,0.46,1001.40,36.47,106.72,0.00,0.00,106.00,311.04,6500,0.00,0.05,9.67,-0.61,0.01,0.01,-0.79,-0.27,1.10,104.11,23,20,25,0,35.2950633,136.2495800,98.20, 0.19
879894,0.18,0.50,9.54,-0.90,-0.03,-0.00,-0.44,-1.06,-3.29,51.98,0.27,2.47,2,2,1002.01,35.00,100.68,1039.79,30.45,-229.56,0.44,1001.40,36.49,106.71,0.00,0.00,106.00,311.04,6500,0.01,-0.04,9.60,-0.62,0.01,0.01,-0.79,-0.26,1.09,104.09,23,20,26,0,35.2950633,136.2495800,98.10, 0.19
879952,0.29,0.61,9.50,-0.90,-0.03,-0.00,-0.44,-1.01,-3.29,51.96,0.22,2.48,2,2,1002.02,35.01,100.63,1039.89,30.45,-230.03,0.44,1001.40,36.49,106.73,-0.02,0.17,106.00,311.04,6498,0.00,-0.32,9.51,-0.62,0.01,0.01,-0.79,-0.26,1.09,104.06,23,20,26,0,35.2950633,136.2495800,98.10, 0.19
880010,0.19,0.61,9.51,-0.90,-0.03,-0.00,-0.44,-0.97,-3.29,51.91,0.16,2.48,2,2,1002.01,35.01,100.66,1039.72,30.46,-228.55,0.44,1001.40,36.47,106.75,-0.02,0.17,106.00,311.04,6498,0.11,-0.27,9.58,-0.62,0.01,0.01,-0.79,-0.26,1.10,104.02,23,20,26,0,35.2950633,136.2495800,98.10, 0.19
880062,0.32,0.72,9.45,-0.90,-0.03,-0.01,-0.44,-0.93,-3.31,51.87,0.18,2.50,2,2,1002.01,35.02,100.67,1039.65,30.46,-227.99,0.45,1001.40,36.48,106.73,0.00,0.00,106.00,311.04,6500,-0.04,-0.21,9.64,-0.62,0.01,0.01,-0.79,-0.25,1.15,103.99,23,20,26,0,35.2950633,136.2495800,98.10, 0.19
880118,0.10,0.82,9.46,-0.90,-0.03,-0.01,-0.44,-0.90,-3.36,51.81,0.23,2.51,2,2,1002.00,35.02,100.80,1039.47,30.48,-226.47,0.47,1001.40,36.48,106.75,0.02,0.17,106.00,311.04,6499,0.00,-0.38,9.54,-0.62,0.01,0.01,-0.79,-0.25,1.21,103.94,23,20,26,0,35.2950633,136.2495800,98.10, 0.19
880171,0.18,0.90,9.48,-0.90,-0.03,-0.01,-0.44,-0.88,-3.49,51.76,0.31,2.52,2,2,1002.00,35.01,100.84,1039.49,30.46,-226.61,0.48,1001.40,36.47,106.74,0.02,0.17,106.00,311.04,6498,-0.09,-0.46,9.54,-0.62,0.01,0.01,-0.79,-0.24,1.43,103.86,23,20,26,0,35.2950633,136.2495800,98.10, 0.19
880229,0.06,1.01,9.52,-0.90,-0.03,-0.01,-0.44,-0.86,-3.71,51.68,0.40,2.53,2,2,1001.99,35.02,100.87,1039.33,30.45,-225.21,0.48,1001.39,36.48,106.76,0.05,0.30,105.91,311.04,6499,0.08,-0.96,9.52,-0.62,0.01,0.01,-0.79,-0.17,1.73,103.78,23,20,26,0,35.2950633,136.2495800,98.10, 0.19
880281,0.03,1.27,9.59,-0.90,-0.04,-0.01,-0.44,-0.83,-4.10,51.60,0.44,2.54,2,2,1001.98,35.01,100.97,1039.07,30.46,-223.03,0.49,1001.40,36.48,106.75,0.05,0.30,105.91,311.04,6500,-0.05,-0.99,9.47,-0.62,0.01,0.01,-0.79,-0.16,1.90,103.70,23,20,26,0,35.2950633,136.2495800,98.10, 0.19
880338,-0.23,1.59,9.45,-0.90,-0.04,-0.01,-0.43,-0.78,-4.40,51.51,0.48,2.55,2,2,1001.99,35.01,100.93,1038.79,30.47,-220.63,0.49,1001.40,36.47,106.75,0.05,0.30,106.00,311.04,6500,-0.12,-1.38,9.39,-0.62,0.01,0.01,-0.79,-0.15,2.11,103.59,23,20,26,0,35.2950633,136.2495800,98.10, 0.19
880390,-0.25,1.01,9.34,-0.90,-0.04,-0.01,-0.43,-0.72,-4.49,51.43,0.51,2.54,2,2,1001.97,35.01,101.07,1039.06,30.46,-222.83,0.47,1001.39,36.46,106.77,0.03,0.24,106.00,311.04,6498,-0.05,-1.59,9.03,-0.62,0.01,0.01,-0.79,-0.12,2.14,103.55,23,20,26,0,35.2950633,136.2495800,98.10, 0.19
880445,-0.95,1.10,9.21,-0.90,-0.04,-0.01,-0.43,-0.60,-4.55,51.38,0.55,2.53,2,2,1001.98,35.01,101.01,1038.61,30.46,-219.15,0.48,1001.39,36.47,106.77,0.07,0.34,106.00,311.04,6500,0.33,-0.59,9.67,-0.62,0.01,0.01,-0.78,-0.06,2.17,103.46,23,20,26,0,35.2950633,136.2495800,98.10, 0.19
880501,2.44,0.63,9.07,-0.90,-0.04,-0.01,-0.43,-0.51,-4.56,51.32,0.59,2.52,2,2,1001.97,35.01,101.06,1038.79,30.44,-220.63,0.47,1001.39,36.47,106.77,0.07,0.34,106.00,311.04,6500,0.20,-0.93,9.18,-0.62,0.01,0.01,-0.78,-0.04,2.18,103.45,23,20,26,0,35.2950633,136.2495800,98.10, 0.19
880552,0.87,0.03,7.79,-0.90,-0.04,-0.01,-0.43,-0.50,-4.54,51.26,0.56,2.51,2,2,1001.99,35.01,100.93,1039.10,30.46,-223.27,0.47,1001.39,36.48,106.80,0.08,0.38,106.00,311.04,6500,-0.34,-0.58,9.31,-0.62,0.01,0.02,-0.78,-0.01,2.22,103.38,23,20,26,0,35.2950633,136.2495800,98.10, 0.19
880609,0.77,1.60,10.86,-0.90,-0.04,-0.01,-0.43,-0.46,-4.53,51.18,0.53,2.50,2,2,1001.99,35.01,100.89,1038.75,30.45,-220.35,0.46,1001.39,36.47,106.77,0.08,0.38,106.00,311.04,6500,-0.59,-1.04,9.05,-0.62,0.01,0.02,-0.78,0.01,2.23,103.27,23,20,26,0,35.2950633,136.2495800,98.10, 0.19
880668,-1.20,0.38,9.59,-0.90,-0.04,-0.01,-0.43,-0.42,-4.45,51.12,0.50,2.49,2,2,1001.97,35.01,101.07,1039.76,30.45,-222.58,0.48,1001.39,36.47,106.77,0.12,0.45,106.00,311.04,6500,-1.64,-0.35,9.83,-0.62,0.01,0.01,-0.78,0.01,2.16,103.23,23,20,26,0,35.2950633,136.2495800,98.10, 0.19
880722,0.53,1.51,10.65,-0.90,-0.04,-0.01,-0.43,-0.36,-4.40,51.02,0.44,2.49,2,2,1001.99,35.01,100.84,1039.10,30.44,-223.33,0.48,1001.39,36.48,106.78,0.17,0.54,106.00,311.04,6499,-1.13,0.09,9.78,-0.62,0.01,0.01,-0.78,0.02,2.11,103.06,23,20,26,0,35.2950633,136.2495800,98.10, 0.19
880778,-2.31,1.07,9.50,-0.90,-0.04,-0.01,-0.43,-0.38,-4.37,50.89,0.38,2.49,2,2,1002.01,35.00,100.70,1038.71,30.46,-220.01,0.47,1001.39,36.48,106.78,0.20,0.59,106.00,311.04,6498,0.81,-0.78,9.40,-0.62,0.01,0.01,-0.78,0.02,2.09,102.87,23,20,26,0,35.2950633,136.2495800,98.10, 0.19
880831,-0.10,0.60,9.29,-0.90,-0.04,-0.01,-0.43,-0.34,-4.28,50.76,0.32,2.49,2,2,1002.00,35.01,100.79,1039.00,30.44,-222.40,0.48,1001.39,36.46,106.77,0.17,0.54,106.00,311.04,6500,-1.38,-1.24,9.75,-0.62,0.01,0.01,-0.78,0.00,2.08,102.83,23,20,26,0,35.2950633,136.2495800,98.10, 0.19
880888,0.09,1.30,9.92,-0.90,-0.03,-0.01,-0.43,-0.31,-4.25,50.63,0.28,2.49,2,2,1002.01,35.02,100.67,1038.49,30.46,-218.12,0.47,1001.40,36.48,106.75,0.13,0.48,106.08,311.04,6500,1.30,-0.41,9.80,-0.62,0.01,0.01,-0.78,0.01,2.07,102.63,23,20,26,0,35.2950633,136.2495800,98.10, 0.19
880941,-0.40,0.90,9.70,-0.90,-0.04,-0.01,-0.43,-0.31,-4.29,50.47,0.25,2.49,2,2,1002.01,35.01,100.66,1038.40,30.45,-218.79,0.48,1001.39,36.47,106.77,0.17,0.54,106.08,311.04,6498,-1.15,-0.74,9.56,-0.63,0.01,0.01,-0.78,-0.09,2.12,102.50,23,20,26,0,35.2950633,136.2495800,98.10, 0.19
880997,0.47,0.80,9.01,-0.90,-0.04,-0.01,-0.43,-0.31,-4.30,50.34,0.17,2.49,2,2,1002.03,35.01,100.56,1038.69,30.44,-219.82,0.48,1001.40,36.49,106.74,0.20,0.59,106.08,311.04,6499,0.59,-0.81,9.48,-0.63,0.01,0.01,-0.78,-0.08,2.13,102.37,23,20,26,0,35.2950633,136.2495800,98.10, 0.19
881049,0.43,0.97,9.53,-0.90,-0.04,-0.01,-0.42,-0.36,-4.37,50.14,0.14,2.49,2,2,1002.00,35.00,100.76,1038.62,30.43,-219.19,0.48,1001.39,36.48,106.78,0.25,0.66,106.08,311.04,6500,-0.57,-0.46,9.57,-0.63,0.01,0.01,-0.78,-0.26,2.22,102.21,23,20,26,0,35.2950633,136.2495800,98.10, 0.19
881103,0.35,0.80,9.50,-0.91,-0.04,-0.01,-0.42,-0.48,-4.48,49.97,0.15,2.50,2,2,1002.01,35.01,100.67,1038.51,30.45,-218.30,0.48,1001.39,36.48,106.76,0.28,0.71,106.08,311.04,6498,-0.56,-0.63,9.66,-0.63,0.01,0.01,-0.78,-0.29,2.30,101.99,23,20,26,0,35.2950633,136.2495800,98.10, 0.19
881159,0.32,1.12,9.53,-0.91,-0.04,-0.01,-0.42,-0.48,-4.57,49.75,0.19,2.50,2,2,1002.01,35.01,100.74,1038.67,30.44,-217.16,0.45,1001.39,36.49,106.79,0.23,0.64,106.08,311.04,6499,-0.31,-0.76,9.61,-0.63,0.02,0.01,-0.78,-0.30,2.36,101.85,23,20,26,0,35.2950633,136.2495800,98.10, 0.19
881216,0.72,1.33,9.83,-0.91,-0.04,-0.01,-0.42,-0.53,-4.76,49.53,0.29,2.51,2,2,1001.99,35.01,100.89,1038.33,30.42,-213.92,0.47,1001.39,36.48,106.78,0.23,0.64,106.08,311.04,6500,-0.46,-0.55,9.82,-0.63,0.02,0.01,-0.78,-0.32,2.43,101.67,23,20,26,0,35.2950633,136.2495800,98.10, 0.19
881269,0.55,1.06,9.25,-0.91,-0.04,-0.01,-0.42,-0.57,-4.89,49.33,0.40,2.52,2,2,1001.98,35.01,100.94,1038.10,30.46,-214.78,0.48,1001.39,36.48,106.80,0.27,0.68,106.08,311.04,6500,0.00,-0.90,9.44,-0.63,0.02,0.02,-0.77,-0.35,2.61,101.38,23,20,26,0,35.2950633,136.2495800,98.10, 0.19
881325,0.15,1.14,9.46,-0.91,-0.04,-0.01,-0.42,-0.60,-5.00,49.14,0.47,2.53,2,2,1001.98,35.00,100.94,1037.53,30.43,-209.90,0.48,1001.40,36.48,106.76,0.28,0.71,106.08,311.04,6499,0.07,-0.89,9.60,-0.63,0.02,0.02,-0.77,-0.37,2.79,101.15,23,20,26,0,35.2950633,136.2495800,98.10, 0.19
881378,0.46,1.15,9.56,-0.91,-0.04,-0.01,-0.41,-0.62,-5.11,48.89,0.47,2.53,2,2,1001.99,34.99,100.89,1037.36,30.42,-209.15,0.47,1001.39,36.48,106.79,0.32,0.75,106.08,311.04,6500,0.18,-0.93,9.48,-0.64,0.02,0.02,-0.77,-0.36,2.83,100.98,23,20,26,0,35.2950633,136.2495800,98.10, 0.19
881432,0.09,1.13,9.27,-0.91,-0.04,-0.01,-0.41,-0.64,-5.17,48.68,0.46,2.54,2,2,1001.99,34.99,100.87,1037.26,30.43,-208.50,0.45,1001.39,36.48,106.78,0.28,0.71,106.08,311.04,6498,-0.10,-0.62,9.63,-0.64,0.02,0.02,-0.77,-0.36,3.00,100.69,23,20,26,0,35.2950633,136.2495800,98.10, 0.19
881487,0.13,1.08,9.30,-0.91,-0.04,-0.01,-0.41,-0.64,-5.19,48.46,0.43,2.54,2,2,1001.99,35.01,100.89,1037.42,30.44,-208.95,0.47,1001.38,36.47,106.86,0.33,0.77,106.17,311.04,6500,-0.13,-0.79,9.52,-0.64,0.02,0.02,-0.77,-0.35,3.06,100.46,23,20,26,0,35.2950633,136.2495800,98.10, 0.19
881540,0.16,0.84,9.52,-0.91,-0.04,-0.01,-0.41,-0.63,-5.17,48.19,0.44,2.55,2,2,1001.99,35.00,100.90,1037.11,30.42,-204.18,0.44,1001.39,36.47,106.81,0.37,0.80,106.17,311.04,6500,0.12,-0.16,9.67,-0.64,0.02,0.02,-0.77,-0.34,3.09,100.17,23,20,26,0,35.2950633,136.2495800,98.10, 0.19
881596,0.67,0.89,9.51,-0.91,-0.04,-0.01,-0.41,-0.61,-5.13,47.92,0.47,2.55,2,2,1001.97,35.00,101.02,1036.66,30.42,-202.48,0.43,1001.39,36.48,106.80,0.30,0.73,106.17,311.04,6499,-0.33,0.19,10.00,-0.64,0.02,0.02,-0.77,-0.35,3.09,100.06,23,20,26,0,35.2950633,136.2495800,98.10, 0.19
881650,0.16,0.87,9.32,-0.91,-0.04,-0.01,-0.40,-0.58,-5.14,47.68,0.55,2.55,2,2,1001.98,35.00,100.99,1036.91,30.42,-207.05,0.45,1001.39,36.48,106.80,0.22,0.62,106.17,311.04,6499,0.06,-0.81,9.25,-0.64,0.02,0.02,-0.76,-0.35,3.13,99.77,23,20,27,0,35.2950617,136.2495817,98.10, 0.26
881707,-0.03,1.13,9.22,-0.91,-0.04,-0.01,-0.40,-0.56,-5.13,47.39,0.56,2.55,2,2,1001.99,34.99,100.89,1037.28,30.42,-209.08,0.47,1001.39,36.49,106.78,0.32,0.75,106.17,311.04,6499,0.05,-0.91,9.28,-0.65,0.02,0.02,-0.76,-0.34,3.15,99.42,23,20,27,0,35.2950617,136.2495817,98.10, 0.26
881761,0.32,1.00,9.45,-0.92,-0.04,-0.01,-0.40,-0.52,-5.12,47.13,0.48,2.55,2,2,1001.99,35.00,100.85,1037.44,30.42,-209.15,0.46,1001.39,36.49,106.78,0.33,0.77,106.17,311.04,6500,-0.23,-0.45,9.69,-0.65,0.02,0.02,-0.76,-0.34,3.17,99.12,23,20,27,0,35.2950617,136.2495817,98.10, 0.26
881816,0.23,0.95,9.36,-0.92,-0.04,-0.01,-0.40,-0.49,-5.13,46.84,0.38,2.56,2,2,1002.00,35.00,100.75,1037.15,30.41,-206.63,0.45,1001.40,36.49,106.76,0.32,0.75,106.26,311.04,6500,-0.02,-0.22,9.65,-0.65,0.02,0.02,-0.76,-0.33,3.18,98.95,23,20,27,0,35.2950617,136.2495817,98.10, 0.26
881868,0.23,0.75,9.46,-0.92,-0.04,-0.01,-0.40,-0.47,-5.12,46.59,0.35,2.56,2,2,1002.01,35.00,100.70,1037.13,30.42,-206.83,0.44,1001.39,36.48,106.78,0.43,0.87,106.26,311.04,6498,-0.56,-0.30,9.62,-0.65,0.02,0.02,-0.76,-0.32,3.21,98.67,23,20,28,0,35.2950583,136.2495783,98.00, 0.26
881926,0.24,0.83,9.49,-0.92,-0.04,-0.01,-0.39,-0.45,-5.12,46.27,0.29,2.57,2,2,1002.01,34.99,100.66,1037.07,30.43,-206.17,0.38,1001.40,36.48,106.76,0.40,0.84,106.26,311.04,6498,0.38,-0.65,9.27,-0.65,0.02,0.02,-0.76,-0.28,3.20,98.27,23,20,28,0,35.2950583,136.2495783,98.00, 0.26
881980,0.00,0.76,9.42,-0.92,-0.04,-0.01,-0.39,-0.43,-5.08,45.99,0.26,2.57,2,2,1002.02,35.00,100.64,1037.05,30.43,-205.80,0.46,1001.39,36.47,106.81,0.48,0.92,106.26,311.04,6500,0.02,-0.30,9.40,-0.66,0.02,0.02,-0.75,-0.17,3.15,97.94,23,20,28,0,35.2950583,136.2495783,98.00, 0.26
882035,0.00,0.73,9.33,-0.92,-0.04,-0.01,-0.39,-0.40,-5.00,45.71,0.26,2.57,2,2,1002.01,35.00,100.67,1037.08,30.42,-206.09,0.45,1001.39,36.48,106.76,0.38,0.82,106.26,311.04,6499,0.20,-0.18,9.55,-0.66,0.02,0.02,-0.75,-0.16,3.13,97.72,23,20,28,0,35.2950583,136.2495783,98.00, 0.26
882087,0.20,0.67,9.40,-0.92,-0.04,-0.01,-0.39,-0.37,-4.91,45.38,0.27,2.58,2,2,1002.01,35.00,100.69,1037.20,30.42,-207.25,0.45,1001.40,36.48,106.75,0.42,0.86,106.26,311.04,6500,0.11,-0.41,9.45,-0.66,0.02,0.02,-0.75,-0.15,3.09,97.44,23,20,28,0,35.2950583,136.2495783,98.00, 0.26
882142,0.13,0.52,9.39,-0.92,-0.04,-0.01,-0.38,-0.36,-4.81,45.11,0.28,2.58,2,2,1002.01,34.99,100.66,1037.07,30.42,-205.02,0.46,1001.39,36.48,106.77,0.40,0.84,106.26,311.04,6498,-0.02,-0.33,9.58,-0.66,0.02,0.02,-0.75,-0.11,3.00,97.04,23,20,28,0,35.2950583,136.2495783,98.00, 0.26
882197,-0.28,0.66,9.71,-0.92,-0.04,-0.01,-0.38,-0.32,-4.73,44.82,0.26,2.58,2,2,1002.02,34.99,100.64,1037.24,30.42,-207.41,0.44,1001.39,36.48,106.76,0.42,0.86,106.26,311.04,6499,0.66,-0.12,9.49,-0.66,0.02,0.02,-0.75,-0.06,2.94,96.70,23,20,28,0,35.2950583,136.2495783,98.00, 0.26
882249,-0.02,0.67,9.50,-0.92,-0.04,-0.01,-0.38,-0.30,-4.63,44.49,0.24,2.58,2,2,1002.02,34.99,100.58,1037.09,30.42,-206.17,0.45,1001.39,36.48,106.77,0.45,0.89,106.26,311.04,6499,-0.23,-0.09,9.68,-0.67,0.02,0.02,-0.75,-0.07,2.92,96.55,23,20,28,0,35.2950583,136.2495783,98.00, 0.26
882306,0.13,0.75,9.57,-0.93,-0.04,-0.01,-0.38,-0.28,-4.56,44.15,0.20,2.58,2,2,1002.04,34.99,100.46,1037.54,30.43,-210.00,0.44,1001.39,36.47,106.77,0.48,0.92,106.26,311.04,6499,0.18,-0.18,9.61,-0.67,0.02,0.02,-0.74,-0.06,2.88,96.20,23,20,28,0,35.2950583,136.2495783,98.00, 0.26
882360,0.16,0.68,9.34,-0.93,-0.04,-0.01,-0.37,-0.27,-4.49,43.87,0.16,2.58,2,2,1002.04,34.99,100.42,1037.13,30.42,-205.84,0.46,1001.40,36.49,106.76,0.43,0.87,106.26,311.04,6500,-0.02,-0.29,9.59,-0.67,0.02,0.02,-0.74,-0.06,2.83,95.80,23,20,28,0,35.2950583,136.2495783,98.00, 0.26
882417,0.19,0.64,9.41,-0.93,-0.04,-0.01,-0.37,-0.26,-4.41,43.54,0.09,2.58,2,2,1002.04,34.98,100.39,1036.93,30.42,-206.13,0.48,1001.40,36.49,106.74,0.43,0.87,106.26,311.04,6498,-0.02,-0.56,9.40,-0.67,0.02,0.02,-0.74,-0.05,2.82,95.63,23,20,28,0,35.2950583,136.2495783,98.00, 0.26
882468,0.13,0.60,9.30,-0.93,-0.04,-0.01,-0.37,-0.25,-4.33,43.27,0.08,2.58,2,2,1002.03,34.99,100.54,1037.19,30.43,-207.03,0.47,1001.40,36.48,106.72,0.45,0.89,106.26,311.04,6467,-0.22,-0.31,9.50,-0.67,0.02,0.02,-0.74,-0.07,2.72,95.19,23,20,28,0,35.2950583,136.2495783,98.00, 0.26
882525,0.21,0.63,9.34,-0.93,-0.04,-0.01,-0.37,-0.27,-4.25,42.94,0.11,2.58,2,2,1002.02,34.99,100.58,1037.63,30.43,-210.77,0.46,1001.40,36.49,106.74,0.37,0.80,106.35,311.04,6473,0.00,-0.45,9.44,-0.68,0.02,0.02,-0.74,-0.09,2.66,94.91,23,20,28,0,35.2950583,136.2495783,98.00, 0.26
882577,0.32,0.63,9.61,-0.93,-0.03,-0.01,-0.36,-0.30,-4.16,42.65,0.17,2.58,2,2,1002.01,34.99,100.69,1037.70,30.43,-212.41,0.47,1001.40,36.48,106.75,0.47,0.91,106.35,311.04,6471,0.07,-0.17,9.56,-0.68,0.02,0.02,-0.74,-0.11,2.63,94.74,23,20,28,0,35.2950583,136.2495783,98.00, 0.61
882633,0.31,0.64,9.52,-0.93,-0.03,-0.01,-0.36,-0.33,-4.06,42.38,0.27,2.58,2,2,1002.00,34.98,100.80,1037.76,30.43,-213.98,0.47,1001.39,36.48,106.78,0.33,0.77,106.35,311.04,6498,-0.13,0.03,9.87,-0.68,0.02,0.02,-0.73,-0.15,2.57,94.46,23,20,28,0,35.2950583,136.2495783,98.00, 0.61
882686,0.28,0.67,9.39,-0.93,-0.03,-0.01,-0.36,-0.33,-3.95,42.05,0.38,2.58,2,2,1002.00,34.98,100.81,1038.17,30.43,-215.39,0.45,1001.39,36.47,106.77,0.28,0.71,106.35,311.04,6498,-0.11,-0.77,9.35,-0.68,0.02,0.01,-0.73,-0.19,2.49,94.06,23,20,28,0,35.2950583,136.2495783,98.00, 0.61
882739,0.18,0.57,9.17,-0.93,-0.03,-0.01,-0.36,-0.33,-3.85,41.79,0.44,2.58,2,2,1001.99,34.99,100.87,1038.58,30.44,-218.81,0.47,1001.39,36.48,106.78,0.37,0.80,106.35,311.04,6498,0.06,-0.73,9.39,-0.68,0.02,0.01,-0.73,-0.21,2.41,93.72,23,20,29,0,35.2950567,136.2495717,98.10, 0.61
882794,0.15,0.61,9.62,-0.93,-0.03,-0.01,-0.35,-0.33,-3.77,41.49,0.45,2.58,2,2,1002.00,34.98,100.83,1038.82,30.44,-221.08,0.47,1001.40,36.49,106.74,0.45,0.89,106.35,311.04,6454,0.00,-0.54,9.53,-0.68,0.02,0.01,-0.73,-0.22,2.35,93.50,23,20,29,0,35.2950567,136.2495717,98.10, 0.61
882848,0.25,0.45,9.43,-0.94,-0.03,-0.01,-0.35,-0.33,-3.62,41.24,0.46,2.59,2,2,1002.00,34.98,100.81,1038.98,30.44,-223.37,0.49,1001.40,36.48,106.75,0.50,0.94,106.35,311.04,6471,-0.07,-0.26,9.63,-0.69,0.01,0.01,-0.73,-0.22,2.22,93.19,23,20,29,0,35.2950567,136.2495717,98.10, 0.61
882900,0.20,0.57,9.96,-0.94,-0.03,-0.01,-0.35,-0.34,-3.49,40.99,0.51,2.59,2,2,1001.98,34.98,100.93,1039.11,30.43,-223.36,0.48,1001.40,36.48,106.75,0.43,0.87,106.35,311.04,6498,-0.10,-0.23,9.80,-0.69,0.01,0.01,-0.72,-0.21,2.06,92.87,23,20,29,0,35.2950567,136.2495717,98.10, 0.61
882957,0.18,0.52,9.83,-0.94,-0.03,-0.01,-0.35,-0.33,-3.33,40.71,0.58,2.59,2,2,1001.97,34.99,101.08,1039.28,30.44,-224.79,0.49,1001.40,36.48,106.75,0.32,0.75,106.35,311.04,6498,-0.10,-0.36,9.67,-0.69,0.01,0.01,-0.72,-0.20,1.91,92.56,23,20,29,0,35.2950567,136.2495717,98.10, 0.61
883010,0.14,0.49,9.85,-0.94,-0.03,-0.01,-0.35,-0.31,-3.21,40.47,0.60,2.59,2,2,1001.98,34.98,100.92,1039.49,30.45,-226.64,0.48,1001.39,36.47,106.79,0.43,0.87,106.26,311.04,6499,-0.11,-0.12,9.77,-0.69,0.01,0.01,-0.72,-0.17,1.83,92.41,23,20,29,0,35.2950567,136.2495717,98.10, 0.61
883066,0.06,0.40,9.61,-0.94,-0.03,-0.01,-0.34,-0.31,-3.08,40.20,0.57,2.59,2,2,1001.99,34.99,100.84,1039.60,30.45,-228.68,0.48,1001.40,36.49,106.74,0.47,0.91,106.35,311.04,6471,0.19,-0.08,9.67,-0.69,0.01,0.01,-0.72,-0.14,1.66,92.08,23,20,29,0,35.2950567,136.2495717,98.10, 0.61
883125,0.11,0.44,9.56,-0.94,-0.03,-0.01,-0.34,-0.30,-2.99,39.94,0.45,2.59,2,2,1002.01,34.99,100.68,1039.66,30.45,-228.02,0.46,1001.40,36.48,106.72,0.32,0.75,106.35,311.04,6457,0.18,-0.05,9.64,-0.70,0.01,0.01,-0.72,-0.09,1.49,91.79,23,20,29,0,35.2950567,136.2495717,98.10, 0.61
883177,0.09,0.41,9.54,-0.94,-0.02,-0.01,-0.34,-0.29,-2.89,39.73,0.31,2.60,2,2,1002.03,35.00,100.54,1039.77,30.44,-228.94,0.46,1001.40,36.48,106.71,0.40,0.84,106.35,311.04,6498,0.00,-0.08,9.57,-0.70,0.01,0.01,-0.72,-0.10,1.33,91.46,23,20,29,0,35.2950567,136.2495717,98.10, 0.61
883229,0.18,0.47,9.62,-0.94,-0.02,-0.01,-0.34,-0.29,-2.82,39.50,0.25,2.60,2,2,1002.03,34.99,100.51,1039.69,30.46,-228.35,0.46,1001.40,36.47,106.72,0.35,0.78,106.35,311.04,6452,0.17,0.18,9.73,-0.70,0.01,0.01,-0.72,-0.10,1.28,91.32,23,20,29,0,35.2950567,136.2495717,98.10, 0.61
883284,0.07,0.41,9.41,-0.94,-0.02,-0.01,-0.34,-0.28,-2.77,39.29,0.11,2.60,2,2,1002.05,34.98,100.35,1039.74,30.47,-228.86,0.45,1001.40,36.47,106.72,0.42,0.86,106.35,311.04,6452,0.09,0.05,9.66,-0.70,0.01,0.01,-0.71,-0.08,1.21,91.04,23,20,29,0,35.2950567,136.2495717,98.10, 0.61
883338,0.12,0.50,9.51,-0.94,-0.02,-0.01,-0.33,-0.27,-2.74,39.03,-0.03,2.60,2,2,1002.07,34.99,100.14,1039.75,30.46,-228.85,0.47,1001.40,36.47,106.74,0.43,0.87,106.35,311.04,6499,-0.05,-0.07,9.67,-0.70,0.01,0.01,-0.71,-0.08,1.20,90.77,23,20,29,0,35.2950567,136.2495717,98.10, 0.61
883391,0.11,0.48,9.34,-0.94,-0.02,-0.01,-0.33,-0.28,-2.73,38.82,-0.28,2.60,2,2,1002.12,34.99,99.73,1039.90,30.48,-230.12,0.47,1001.41,36.48,106.66,0.37,0.80,106.26,311.04,6500,-0.03,-0.02,9.54,-0.70,0.01,0.01,-0.71,-0.08,1.19,90.64,23,20,29,0,35.2950567,136.2495717,98.10, 0.61
883444,0.23,0.52,9.63,-0.94,-0.02,-0.01,-0.33,-0.29,-2.74,38.57,-0.61,2.61,2,2,1002.15,34.99,99.42,1040.05,30.45,-231.40,0.47,1001.40,36.48,106.68,0.38,0.82,106.26,311.04,6445,0.00,-0.07,9.56,-0.70,0.01,0.01,-0.71,-0.10,1.18,90.37,23,20,29,0,35.2950567,136.2495717,98.10, 0.61
883498,0.22,0.51,9.70,-0.94,-0.02,-0.01,-0.33,-0.30,-2.75,38.36,-0.78,2.61,2,2,1002.17,34.99,99.27,1040.16,30.47,-234.20,0.46,1001.41,36.48,106.66,0.37,0.80,106.35,311.04,6500,0.07,-0.07,9.65,-0.71,0.01,0.01,-0.71,-0.10,1.18,90.06,23,20,29,0,35.2950567,136.2495717,98.10, 0.66
883557,0.10,0.49,9.49,-0.94,-0.02,-0.01,-0.33,-0.30,-2.75,38.12,-0.99,2.62,2,2,1002.17,34.98,99.28,1040.45,30.47,-235.98,0.47,1001.40,36.47,106.68,0.38,0.82,106.26,311.04,6498,0.18,-0.06,9.55,-0.71,0.01,0.01,-0.71,-0.11,1.17,89.80,23,20,29,0,35.2950567,136.2495717,98.10, 0.66
883614,0.69,0.59,9.68,-0.95,-0.02,-0.01,-0.33,-0.31,-2.76,37.87,-1.03,2.63,2,2,1002.15,34.99,99.43,1040.56,30.45,-235.71,0.44,1001.40,36.47,106.67,0.33,0.77,106.26,311.04,6498,-0.14,-0.22,9.69,-0.71,0.01,0.01,-0.71,-0.13,1.17,89.67,23,20,29,0,35.2950567,136.2495717,98.10, 0.66
883665,0.22,0.49,9.70,-0.95,-0.02,-0.01,-0.32,-0.30,-2.76,37.67,-0.99,2.63,2,2,1002.16,34.99,99.36,1040.69,30.47,-236.86,0.50,1001.40,36.46,106.67,0.28,0.71,106.26,311.04,6455,0.20,-0.14,9.66,-0.71,0.01,0.01,-0.70,-0.11,1.15,89.40,23,20,29,0,35.2950567,136.2495717,98.10, 0.66
883723,0.04,0.43,9.61,-0.95,-0.02,-0.01,-0.32,-0.29,-2.75,37.43,-0.89,2.64,2,2,1002.13,34.99,99.61,1040.71,30.45,-236.98,0.45,1001.40,36.47,106.67,0.27,0.68,106.35,311.04,6498,0.33,-0.05,9.65,-0.71,0.01,0.01,-0.70,-0.08,1.09,89.10,23,20,29,0,35.2950567,136.2495717,98.10, 0.66
883776,0.13,0.42,9.67,-0.95,-0.02,-0.01,-0.32,-0.28,-2.74,37.23,-0.81,2.65,2,2,1002.11,34.98,99.76,1040.86,30.48,-238.62,0.45,1001.40,36.46,106.69,0.23,0.64,106.35,311.04,6496,-0.16,0.29,9.64,-0.71,0.01,0.01,-0.70,-0.08,1.03,88.85,23,20,29,0,35.2950567,136.2495717,98.10, 0.66
883832,0.11,0.32,9.42,-0.95,-0.02,-0.01,-0.32,-0.27,-2.73,37.04,-0.51,2.66,2,2,1002.07,34.98,100.18,1041.05,30.45,-239.87,0.45,1001.40,36.47,106.74,0.22,0.62,106.26,311.04,6457,0.36,0.29,9.64,-0.71,0.01,0.01,-0.70,-0.07,1.02,88.72,23,20,30,0,35.2950550,136.2495683,98.20, 0.66
883884,0.13,0.32,9.37,-0.95,-0.02,-0.01,-0.32,-0.27,-2.71,36.81,-0.10,2.67,2,2,1002.02,34.99,100.60,1041.09,30.44,-240.22,0.45,1001.40,36.48,106.75,0.20,0.59,106.26,311.04,6483,-0.16,0.01,9.59,-0.72,0.01,0.01,-0.70,-0.06,0.99,88.47,23,20,30,0,35.2950550,136.2495683,98.20, 0.66
883938,0.17,0.41,9.52,-0.95,-0.02,-0.01,-0.31,-0.27,-2.69,36.61,0.08,2.68,2,2,1002.02,34.98,100.61,1041.19,30.44,-241.07,0.47,1001.40,36.47,106.74,0.27,0.68,106.26,311.04,6498,0.13,-0.11,9.50,-0.72,0.01,0.01,-0.70,-0.10,0.96,88.18,23,20,30,0,35.2950550,136.2495683,98.20, 0.66
883993,0.19,0.46,9.51,-0.95,-0.02,-0.00,-0.31,-0.29,-2.66,36.42,0.27,2.68,2,2,1002.03,34.99,100.55,1041.11,30.43,-240.37,0.46,1001.39,36.47,106.77,0.28,0.71,106.26,311.04,6428,0.20,-0.04,9.47,-0.72,0.01,0.01,-0.69,-0.12,0.95,87.93,23,20,30,0,35.2950550,136.2495683,98.20, 0.66
884046,0.21,0.41,9.46,-0.95,-0.02,-0.00,-0.31,-0.31,-2.61,36.20,0.28,2.69,2,2,1002.03,34.98,100.47,1041.03,30.44,-239.69,0.44,1001.40,36.48,106.72,0.30,0.73,106.26,311.04,6499,-0.21,-0.20,9.44,-0.72,0.01,0.00,-0.69,-0.15,0.93,87.82,23,20,30,0,35.2950550,136.2495683,98.20, 0.66
884101,0.23,0.43,9.69,-0.95,-0.02,-0.00,-0.31,-0.33,-2.55,35.98,0.26,2.70,2,2,1002.02,34.98,100.59,1040.83,30.45,-238.03,0.45,1001.40,36.48,106.73,0.32,0.75,106.26,311.04,6498,0.06,-0.19,9.53,-0.72,0.01,0.00,-0.69,-0.17,0.89,87.58,23,20,30,0,35.2950550,136.2495683,98.20, 0.66
884155,0.27,0.46,9.58,-0.95,-0.02,-0.00,-0.31,-0.35,-2.48,35.80,0.32,2.71,2,2,1002.02,34.99,100.65,1041.06,30.43,-239.92,0.46,1001.40,36.48,106.75,0.32,0.75,106.26,311.04,6497,-0.07,0.03,9.66,-0.72,0.01,0.00,-0.69,-0.18,0.84,87.31,23,20,30,0,35.2950550,136.2495683,98.20, 0.66
884208,0.20,0.45,9.42,-0.95,-0.02,-0.00,-0.31,-0.36,-2.44,35.63,0.36,2.71,2,2,1002.01,34.97,100.65,1041.22,30.43,-241.89,0.47,1001.40,36.48,106.75,0.37,0.80,106.26,311.04,6469,-0.11,-0.03,9.62,-0.72,0.01,0.00,-0.69,-0.17,0.82,87.09,23,20,30,0,35.2950550,136.2495683,98.20, 0.66
884264,0.11,0.41,9.00,-0.95,-0.02,-0.00,-0.30,-0.36,-2.40,35.41,0.44,2.72,2,2,1002.01,34.96,100.66,1041.34,30.45,-243.99,0.47,1001.40,36.48,106.75,0.42,0.86,106.17,311.04,6500,0.01,-0.44,9.31,-0.73,0.01,0.00,-0.69,-0.17,0.82,86.97,23,20,30,0,35.2950550,136.2495683,98.20, 0.66
884323,0.20,0.53,9.56,-0.95,-0.02,-0.00,-0.30,-0.35,-2.38,35.21,0.38,2.74,2,2,1002.03,34.97,100.49,1041.62,30.45,-244.72,0.47,1001.39,36.47,106.77,0.63,1.05,106.17,311.04,6485,0.03,-0.32,9.41,-0.73,0.01,0.00,-0.69,-0.17,0.79,86.75,23,20,30,0,35.2950550,136.2495683,98.20, 0.66
884375,0.20,0.63,9.45,-0.95,-0.02,-0.00,-0.30,-0.35,-2.36,35.03,0.31,2.74,2,2,1002.03,34.97,100.47,1041.52,30.45,-243.86,0.47,1001.40,36.47,106.75,0.70,1.11,106.17,311.04,6433,-0.06,-0.32,9.47,-0.73,0.01,0.00,-0.69,-0.16,0.76,86.48,23,20,30,0,35.2950550,136.2495683,98.20, 0.66
884430,0.17,0.53,9.51,-0.95,-0.02,-0.00,-0.30,-0.34,-2.33,34.86,0.28,2.74,2,2,1002.03,34.97,100.53,1041.39,30.46,-242.73,0.47,1001.40,36.47,106.71,0.57,1.00,106.17,311.04,6497,-0.09,-0.25,9.53,-0.73,0.01,0.00,-0.68,-0.17,0.76,86.41,23,20,30,0,35.2950550,136.2495683,98.20, 0.66
884483,0.17,0.61,9.50,-0.95,-0.02,-0.00,-0.30,-0.32,-2.32,34.66,0.32,2.75,2,2,1002.02,34.97,100.62,1041.42,30.44,-242.80,0.46,1001.40,36.48,106.75,0.45,0.89,106.08,311.04,6459,0.00,-0.07,9.67,-0.73,0.01,0.00,-0.68,-0.17,0.74,86.15,23,20,30,0,35.2950550,136.2495683,98.20, 0.66
884537,0.20,0.52,9.73,-0.95,-0.02,-0.00,-0.30,-0.31,-2.31,34.50,0.51,2.75,2,2,1001.97,34.97,101.06,1041.18,30.45,-240.95,0.46,1001.39,36.48,106.77,0.35,0.78,106.17,311.04,6455,-0.20,-0.27,9.70,-0.73,0.01,0.00,-0.68,-0.16,0.75,85.90,23,20,30,0,35.2950550,136.2495683,98.20, 0.66
884592,0.22,0.60,9.70,-0.96,-0.02,-0.00,-0.30,-0.27,-2.31,34.32,0.91,2.75,2,2,1001.90,34.96,101.72,1041.10,30.45,-240.26,0.45,1001.39,36.47,106.83,0.50,0.94,106.26,311.04,6497,-0.23,0.03,9.80,-0.73,0.01,0.00,-0.68,-0.14,0.75,85.74,23,20,30,0,35.2950550,136.2495683,98.20, 0.66
884645,0.14,0.52,9.46,-0.96,-0.02,-0.00,-0.29,-0.25,-2.33,34.16,1.20,2.75,2,2,1001.86,34.97,102.08,1041.14,30.45,-240.60,0.46,1001.39,36.47,106.84,0.48,0.92,106.26,311.04,6440,-0.08,-0.03,9.64,-0.73,0.01,0.00,-0.68,-0.13,0.75,85.62,23,20,30,0,35.2950550,136.2495683,98.20, 0.66
884702,0.18,0.52,9.59,-0.96,-0.02,-0.00,-0.29,-0.24,-2.35,33.98,1.73,2.75,2,2,1001.83,34.97,102.31,1041.17,30.45,-240.10,0.45,1001.38,36.47,106.86,0.48,0.92,106.26,311.04,6498,-0.26,-0.16,9.67,-0.73,0.01,0.00,-0.68,-0.13,0.76,85.40,23,20,30,0,35.2950550,136.2495683,98.20, 0.66
884756,0.23,0.61,9.88,-0.96,-0.02,-0.00,-0.29,-0.25,-2.34,33.83,1.90,2.75,2,2,1001.87,34.95,101.97,1041.08,30.47,-240.11,0.44,1001.38,36.48,106.89,0.45,0.89,106.17,311.04,6498,0.29,-0.17,9.50,-0.74,0.01,0.00,-0.68,-0.13,0.76,85.20,23,20,30,0,35.2950550,136.2495683,98.20, 0.66
884812,0.07,0.49,9.49,-0.96,-0.02,-0.00,-0.29,-0.26,-2.33,33.66,1.82,2.75,2,2,1001.88,34.97,101.88,1041.13,30.46,-240.57,0.45,1001.39,36.48,106.83,0.40,0.84,106.17,311.04,6490,-0.08,-0.31,9.50,-0.74,0.01,0.00,-0.68,-0.11,0.75,85.07,23,20,31,0,35.2950517,136.2495650,98.20, 0.66
884864,0.04,0.46,9.60,-0.96,-0.02,-0.00,-0.29,-0.26,-2.27,33.51,1.68,2.75,2,2,1001.90,34.97,101.73,1040.76,30.46,-237.42,0.47,1001.39,36.49,106.83,0.35,0.78,106.17,311.04,6497,0.17,-0.08,9.66,-0.74,0.01,0.00,-0.67,-0.11,0.70,84.87,23,20,31,0,35.2950517,136.2495650,98.20, 0.66
884921,0.11,0.58,9.61,-0.96,-0.02,-0.00,-0.29,-0.25,-2.25,33.34,1.59,2.75,2,2,1001.91,34.97,101.55,1040.70,30.46,-236.68,0.47,1001.39,36.49,106.83,0.42,0.86,106.17,311.04,6498,0.12,-0.11,9.57,-0.74,0.01,0.00,-0.67,-0.14,0.69,84.69,23,20,31,0,35.2950517,136.2495650,98.20, 0.66
884975,0.18,0.40,9.53,-0.96,-0.02,-0.00,-0.29,-0.25,-2.26,33.20,1.38,2.75,2,2,1001.95,34.96,101.25,1040.60,30.44,-235.23,0.47,1001.39,36.48,106.80,0.45,0.89,106.17,311.04,6498,0.00,0.02,9.66,-0.74,0.01,0.00,-0.67,-0.15,0.67,84.50,23,20,31,0,35.2950517,136.2495650,98.20, 0.66
885029,0.06,0.34,9.62,-0.96,-0.02,-0.00,-0.28,-0.25,-2.27,33.06,1.05,2.75,2,2,1001.98,34.96,100.96,1040.38,30.46,-234.19,0.46,1001.40,36.47,106.75,0.57,1.00,106.17,311.04,6498,0.18,0.11,9.66,-0.74,0.01,0.00,-0.67,-0.15,0.65,84.41,23,20,31,0,35.2950517,136.2495650,98.20, 0.66
885082,0.10,0.30,9.59,-0.96,-0.02,-0.00,-0.28,-0.25,-2.29,32.89,0.77,2.75,2,2,1002.00,34.96,100.75,1040.32,30.45,-233.68,0.45,1001.40,36.48,106.75,0.58,1.01,106.17,311.04,6460,-0.06,0.11,9.70,-0.74,0.01,0.00,-0.67,-0.17,0.65,84.21,23,20,31,0,35.2950517,136.2495650,98.20, 0.66
885135,0.13,0.28,9.55,-0.96,-0.02,-0.00,-0.28,-0.25,-2.33,32.75,0.63,2.75,2,2,1002.02,34.97,100.56,1040.29,30.45,-234.41,0.47,1001.40,36.48,106.72,0.50,0.94,106.17,311.04,6499,-0.08,0.00,9.71,-0.74,0.01,0.00,-0.67,-0.19,0.70,84.00,23,20,31,0,35.2950517,136.2495650,98.20, 0.66
885190,0.14,0.24,9.50,-0.96,-0.02,-0.00,-0.28,-0.26,-2.39,32.62,0.46,2.75,2,2,1002.02,34.97,100.58,1040.37,30.49,-235.11,0.47,1001.40,36.48,106.73,0.52,0.95,106.17,311.04,6498,-0.03,0.05,9.58,-0.74,0.01,0.00,-0.67,-0.20,0.72,83.95,23,20,31,0,35.2950517,136.2495650,98.20, 0.66
885243,0.18,0.22,9.57,-0.96,-0.02,-0.00,-0.28,-0.28,-2.42,32.46,0.33,2.75,2,2,1002.05,34.97,100.34,1040.57,30.46,-235.77,0.47,1001.40,36.48,106.71,0.38,0.82,106.17,311.04,6498,-0.02,0.10,9.66,-0.74,0.01,0.00,-0.67,-0.20,0.76,83.78,23,20,31,0,35.2950517,136.2495650,98.20, 0.66
885296,0.18,0.17,9.59,-0.96,-0.02,-0.00,-0.28,-0.32,-2.40,32.34,0.09,2.76,2,2,1002.09,34.97,99.97,1040.96,30.46,-239.11,0.47,1001.40,36.47,106.72,0.50,0.94,106.17,311.04,6498,-0.05,0.10,9.53,-0.75,0.01,0.00,-0.67,-0.20,0.76,83.58,23,20,31,0,35.2950517,136.2495650,98.20, 0.66
885351,0.32,0.39,9.49,-0.96,-0.02,-0.00,-0.28,-0.36,-2.33,32.20,-0.05,2.76,2,2,1002.10,34.96,99.89,1041.20,30.45,-241.13,0.47,1001.40,36.46,106.71,0.43,0.87,106.17,311.04,6499,-0.07,-0.03,9.50,-0.75,0.01,0.00,-0.67,-0.21,0.73,83.42,23,20,31,0,35.2950517,136.2495650,98.20, 0.66
885405,0.27,0.28,9.38,-0.96,-0.02,-0.00,-0.28,-0.36,-2.25,32.07,-0.41,2.76,2,2,1002.15,34.96,99.42,1041.34,30.47,-242.12,0.46,1001.41,36.47,106.66,0.48,0.92,106.17,311.04,6455,-0.10,-0.05,9.34,-0.75,0.01,0.00,-0.66,-0.21,0.64,83.26,23,20,31,0,35.2950517,136.2495650,98.20, 0.66
885463,0.27,0.43,10.35,-0.96,-0.02,-0.00,-0.28,-0.32,-2.19,31.92,-0.78,2.76,2,2,1002.18,34.97,99.12,1041.49,30.46,-243.59,0.47,1001.41,36.48,106.63,0.43,0.87,106.26,311.04,6499,-0.11,-0.30,9.36,-0.75,0.01,0.00,-0.66,-0.21,0.61,83.18,23,20,31,0,35.2950517,136.2495650,98.20, 0.66
885521,0.24,0.28,9.39,-0.96,-0.02,-0.00,-0.27,-0.28,-2.09,31.78,-1.08,2.76,2,2,1002.21,34.96,98.92,1041.49,30.48,-243.62,0.47,1001.41,36.47,106.65,0.35,0.78,106.26,311.04,6498,-0.22,0.62,9.75,-0.75,0.00,0.00,-0.66,-0.21,0.53,83.02,23,20,31,0,35.2950517,136.2495650,98.20, 0.92
885573,0.48,0.37,9.43,-0.96,-0.02,-0.00,-0.27,-0.23,-1.95,31.66,-1.14,2.76,2,2,1002.19,34.96,99.08,1041.56,30.46,-244.24,0.47,1001.41,36.47,106.63,0.33,0.77,106.17,311.04,6499,0.01,-0.32,9.26,-0.75,0.00,0.00,-0.66,-0.21,0.49,82.83,23,20,31,0,35.2950517,136.2495650,98.20, 0.92
885627,0.17,0.18,9.53,-0.96,-0.02,-0.00,-0.27,-0.16,-1.79,31.54,-1.07,2.76,2,2,1002.15,34.96,99.42,1041.63,30.46,-245.24,0.48,1001.41,36.47,106.65,0.37,0.80,106.17,311.04,6499,-0.13,-0.38,9.38,-0.75,0.00,0.00,-0.66,-0.21,0.47,82.76,23,20,31,0,35.2950517,136.2495650,98.20, 0.92
885681,0.18,0.34,9.48,-0.96,-0.01,-0.00,-0.27,-0.07,-1.64,31.39,-0.78,2.77,2,2,1002.10,34.97,99.84,1041.73,30.46,-246.47,0.50,1001.41,36.48,106.66,0.23,0.64,106.17,311.04,6500,-0.10,-0.36,9.52,-0.75,0.00,0.00,-0.66,-0.21,0.44,82.60,23,20,31,0,35.2950517,136.2495650,98.20, 0.92
885733,0.11,0.35,9.52,-0.96,-0.01,-0.00,-0.27,-0.08,-1.65,31.29,-0.25,2.77,2,2,1002.03,34.96,100.50,1041.90,30.46,-247.10,0.48,1001.40,36.47,106.72,0.23,0.64,106.17,311.04,6500,0.03,-0.21,9.62,-0.75,0.00,0.00,-0.66,-0.21,0.40,82.44,23,20,31,0,35.2950517,136.2495650,98.20, 0.92
885788,0.10,0.43,9.47,-0.96,-0.01,-0.00,-0.27,-0.09,-1.67,31.17,0.22,2.79,2,2,1002.01,34.95,100.67,1042.07,30.44,-248.54,0.47,1001.40,36.48,106.71,0.23,0.64,106.17,311.04,6500,0.03,-0.14,9.51,-0.75,0.00,0.00,-0.66,-0.19,0.35,82.30,23,20,31,0,35.2950517,136.2495650,98.20, 0.92
885842,0.15,0.48,9.47,-0.96,-0.01,-0.00,-0.27,-0.11,-1.71,31.07,0.44,2.81,2,2,1002.00,34.96,100.79,1042.11,30.44,-248.57,0.46,1001.40,36.48,106.70,0.35,0.78,106.17,311.04,6500,0.02,-0.15,9.57,-0.75,0.00,0.00,-0.66,-0.19,0.32,82.20,23,20,31,0,35.2950517,136.2495650,98.20, 0.92
885896,0.13,0.52,9.41,-0.96,-0.01,-0.00,-0.27,-0.14,-1.72,30.98,0.55,2.81,2,2,1002.02,34.97,100.61,1042.10,30.44,-249.11,0.46,1001.40,36.48,106.72,0.27,0.68,106.17,311.04,6500,0.06,-0.06,9.51,-0.75,0.00,0.00,-0.66,-0.17,0.26,82.06,23,20,32,0,35.2950517,136.2495533,98.20, 0.92
885952,0.15,0.61,9.59,-0.96,-0.02,-0.00,-0.27,-0.17,-1.76,30.87,0.66,2.81,2,2,1001.98,34.97,100.92,1041.99,30.44,-247.86,0.43,1001.40,36.47,106.73,0.27,0.68,106.17,311.04,6499,-0.01,-0.19,9.58,-0.76,0.00,0.00,-0.66,-0.17,0.21,81.93,23,20,32,0,35.2950517,136.2495533,98.20, 0.92
886006,0.12,0.46,9.64,-0.96,-0.01,-0.00,-0.27,-0.15,-1.72,30.77,0.69,2.81,2,2,1001.99,34.96,100.86,1041.85,30.44,-246.66,0.44,1001.40,36.47,106.74,0.27,0.68,106.17,311.04,6499,0.12,-0.09,9.65,-0.76,0.00,-0.00,-0.65,-0.16,0.15,81.84,23,20,32,0,35.2950517,136.2495533,98.20, 0.92
886061,0.04,0.52,9.63,-0.96,-0.01,-0.00,-0.26,-0.14,-1.67,30.67,0.78,2.81,2,2,1001.97,34.96,101.05,1041.95,30.43,-247.51,0.45,1001.40,36.47,106.75,0.30,0.73,106.17,311.04,6500,0.08,-0.18,9.63,-0.76,0.00,-0.00,-0.65,-0.15,0.07,81.71,23,20,32,0,35.2950517,136.2495533,98.20, 0.92
886118,0.05,0.36,9.65,-0.96,-0.01,-0.00,-0.26,-0.12,-1.61,30.58,0.85,2.81,2,2,1001.96,34.96,101.17,1041.92,30.44,-247.11,0.44,1001.39,36.47,106.77,0.35,0.78,106.17,311.04,6500,0.11,-0.03,9.58,-0.76,0.00,-0.00,-0.65,-0.13,-0.01,81.58,23,20,32,0,35.2950517,136.2495533,98.20, 0.92
886173,0.10,0.41,9.75,-0.96,-0.01,-0.00,-0.26,-0.11,-1.53,30.48,1.00,2.81,2,2,1001.94,34.96,101.33,1041.88,30.44,-246.93,0.45,1001.39,36.47,106.77,0.53,0.97,106.17,311.04,6498,0.14,0.10,9.84,-0.76,0.00,-0.00,-0.65,-0.12,-0.09,81.45,23,20,32,0,35.2950517,136.2495533,98.20, 0.92
886228,0.11,0.32,9.69,-0.96,-0.01,-0.00,-0.26,-0.09,-1.46,30.40,1.18,2.81,2,2,1001.92,34.94,101.51,1041.84,30.44,-246.58,0.45,1001.39,36.47,106.77,0.58,1.01,106.08,311.04,6498,0.33,0.13,9.71,-0.76,-0.00,-0.00,-0.65,-0.10,-0.15,81.37,23,20,32,0,35.2950517,136.2495533,98.20, 0.92
886280,0.09,0.31,9.59,-0.97,-0.01,-0.00,-0.26,-0.08,-1.41,30.30,1.26,2.81,2,2,1001.94,34.95,101.32,1042.06,30.44,-248.45,0.44,1001.39,36.48,106.77,0.37,0.80,106.08,311.04,6500,0.17,0.12,9.73,-0.76,-0.00,-0.00,-0.65,-0.08,-0.20,81.26,23,20,32,0,35.2950517,136.2495533,98.20, 0.92
886334,0.01,0.25,9.64,-0.97,-0.01,-0.00,-0.26,-0.08,-1.37,30.22,1.24,2.81,2,2,1001.95,34.96,101.25,1042.08,30.45,-248.99,0.45,1001.39,36.48,106.77,0.45,0.89,106.08,311.04,6500,0.00,0.10,9.76,-0.76,-0.00,-0.00,-0.65,-0.07,-0.25,81.14,23,20,32,0,35.2950517,136.2495533,98.20, 0.92
886391,0.03,0.19,9.77,-0.97,-0.01,-0.00,-0.26,-0.09,-1.32,30.13,1.08,2.81,2,2,1001.97,34.95,101.03,1042.22,30.44,-251.03,0.45,1001.39,36.48,106.76,0.50,0.94,106.17,311.04,6499,0.04,0.11,9.76,-0.76,-0.00,-0.00,-0.65,-0.07,-0.29,81.03,23,20,32,0,35.2950517,136.2495533,98.20, 0.92
886444,0.14,0.26,9.58,-0.97,-0.01,-0.00,-0.26,-0.10,-1.30,30.04,0.84,2.81,2,2,1002.01,34.95,100.66,1042.46,30.43,-251.83,0.45,1001.40,36.48,106.72,0.33,0.77,106.17,311.04,6498,0.07,0.15,9.62,-0.76,-0.00,-0.00,-0.65,-0.07,-0.31,80.91,23,20,32,0,35.2950517,136.2495533,98.20, 0.92
886499,0.13,0.22,9.50,-0.97,-0.01,-0.00,-0.26,-0.11,-1.29,29.95,0.50,2.81,2,2,1002.05,34.95,100.31,1042.66,30.44,-253.55,0.43,1001.40,36.48,106.72,0.38,0.82,106.17,311.04,6498,-0.02,0.15,9.61,-0.76,-0.00,-0.00,-0.65,-0.09,-0.31,80.83,23,20,32,0,35.2950517,136.2495533,98.20, 0.92
886552,0.16,0.20,9.57,-0.97,-0.01,-0.00,-0.26,-0.12,-1.27,29.87,0.33,2.81,2,2,1002.07,34.94,100.15,1042.64,30.44,-252.64,0.45,1001.40,36.48,106.68,0.35,0.78,106.17,311.04,6475,-0.01,0.22,9.61,-0.76,-0.00,-0.00,-0.65,-0.12,-0.33,80.72,23,20,32,0,35.2950517,136.2495533,98.20, 0.92
886610,0.21,0.20,9.64,-0.97,-0.01,-0.00,-0.26,-0.15,-1.26,29.77,0.04,2.82,2,2,1002.08,34.94,100.04,1042.58,30.44,-252.85,0.44,1001.40,36.48,106.68,0.37,0.80,106.17,311.04,6494,0.04,0.29,9.76,-0.76,-0.00,-0.00,-0.65,-0.13,-0.36,80.61,23,20,32,0,35.2950517,136.2495533,98.20, 0.98
886667,0.21,0.15,9.59,-0.97,-0.01,-0.00,-0.26,-0.19,-1.25,29.68,-0.05,2.82,2,2,1002.06,34.95,100.25,1042.58,30.44,-252.79,0.44,1001.40,36.48,106.67,0.25,0.66,106.08,311.04,6498,-0.08,0.24,9.70,-0.76,-0.00,-0.00,-0.65,-0.15,-0.36,80.54,23,20,32,0,35.2950517,136.2495533,98.20, 0.98
886720,0.29,0.19,9.57,-0.97,-0.01,-0.00,-0.26,-0.23,-1.25,29.59,0.10,2.82,2,2,1002.03,34.94,100.48,1042.53,30.45,-252.46,0.46,1001.40,36.48,106.73,0.17,0.54,106.08,311.04,6475,0.03,0.37,9.77,-0.76,-0.00,-0.00,-0.65,-0.18,-0.38,80.45,23,20,32,0,35.2950517,136.2495533,98.20, 0.98
886777,0.23,0.21,9.58,-0.97,-0.01,-0.00,-0.25,-0.26,-1.26,29.52,0.39,2.82,2,2,1002.00,34.95,100.78,1042.54,30.44,-252.46,0.47,1001.40,36.48,106.75,0.30,0.73,106.08,311.04,6498,-0.09,0.36,9.66,-0.76,-0.00,-0.00,-0.64,-0.18,-0.34,80.32,23,20,32,0,35.2950517,136.2495533,98.20, 0.98
886830,0.36,0.23,9.56,-0.97,-0.01,-0.00,-0.25,-0.29,-1.28,29.42,0.51,2.82,2,2,1001.99,34.96,100.86,1042.51,30.46,-252.30,0.47,1001.40,36.48,106.72,0.25,0.66,106.08,311.04,6500,-0.16,0.23,9.57,-0.76,-0.00,-0.00,-0.64,-0.19,-0.30,80.23,23,20,32,0,35.2950517,136.2495533,98.20, 0.98
886882,0.21,0.23,9.43,-0.97,-0.01,-0.00,-0.25,-0.33,-1.30,29.36,0.76,2.81,2,2,1001.96,34.95,101.17,1042.51,30.45,-249.64,0.47,1001.40,36.49,106.76,0.23,0.64,106.08,311.04,6498,-0.11,0.18,9.56,-0.77,-0.00,-0.00,-0.64,-0.19,-0.28,80.17,23,20,33,0,35.2950517,136.2495433,98.20, 0.98
886939,0.09,0.19,9.49,-0.97,-0.01,0.00,-0.25,-0.38,-1.31,29.28,0.91,2.80,2,2,1001.95,34.94,101.18,1041.99,30.46,-247.85,0.47,1001.39,36.48,106.78,0.22,0.62,106.00,311.04,6500,-0.32,0.07,9.68,-0.77,-0.00,-0.00,-0.64,-0.20,-0.29,80.07,23,20,33,0,35.2950517,136.2495433,98.20, 0.98
886993,0.18,0.33,9.56,-0.97,-0.01,0.00,-0.25,-0.41,-1.34,29.21,0.99,2.77,2,2,1001.96,34.96,101.17,1042.06,30.45,-248.45,0.46,1001.39,36.48,106.81,0.22,0.62,106.00,311.04,6500,-0.03,-0.02,9.61,-0.77,-0.00,-0.00,-0.64,-0.21,-0.26,79.96,23,20,33,0,35.2950517,136.2495433,98.20, 0.98
887049,0.12,0.39,9.46,-0.97,-0.01,0.00,-0.25,-0.41,-1.38,29.14,0.95,2.77,2,2,1001.97,34.95,101.06,1041.98,30.46,-247.75,0.44,1001.39,36.48,106.80,0.23,0.64,106.00,311.04,6500,0.04,-0.01,9.53,-0.77,-0.00,-0.00,-0.64,-0.21,-0.24,79.86,23,20,33,0,35.2950517,136.2495433,98.20, 0.98
887106,0.22,0.40,9.36,-0.97,-0.01,0.00,-0.25,-0.42,-1.41,29.08,0.93,2.77,2,2,1001.96,34.95,101.11,1042.06,30.47,-246.68,0.43,1001.40,36.49,106.76,0.23,0.64,106.00,311.04,6500,-0.07,0.17,9.63,-0.77,-0.00,-0.00,-0.64,-0.21,-0.23,79.79,23,20,33,0,35.2950517,136.2495433,98.20, 0.98
887160,0.11,0.34,9.34,-0.97,-0.01,0.00,-0.25,-0.45,-1.45,29.01,0.88,2.77,2,2,1001.99,34.95,100.91,1041.72,30.44,-243.90,0.44,1001.40,36.49,106.74,0.23,0.64,106.00,311.04,6499,0.01,-0.20,9.38,-0.77,-0.00,-0.00,-0.64,-0.21,-0.21,79.73,23,20,33,0,35.2950517,136.2495433,98.20, 0.98
887217,0.20,0.38,9.44,-0.97,-0.01,0.00,-0.25,-0.47,-1.47,28.95,0.82,2.77,2,2,1001.99,34.96,100.89,1041.63,30.45,-244.75,0.45,1001.39,36.48,106.78,0.28,0.71,106.00,311.04,6499,0.11,0.01,9.51,-0.77,-0.00,-0.00,-0.64,-0.21,-0.20,79.66,23,20,33,0,35.2950517,136.2495433,98.20, 0.98
887270,0.04,0.48,9.44,-0.97,-0.01,0.00,-0.25,-0.49,-1.48,28.89,0.70,2.77,2,2,1002.00,34.96,100.76,1041.37,30.45,-242.57,0.46,1001.40,36.47,106.75,0.28,0.71,106.00,311.04,6499,0.18,-0.16,9.39,-0.77,-0.00,-0.00,-0.64,-0.20,-0.21,79.56,23,20,33,0,35.2950517,136.2495433,98.20, 0.98
887327,0.07,0.45,9.47,-0.97,-0.01,0.00,-0.25,-0.49,-1.49,28.81,0.62,2.77,2,2,1002.00,34.94,100.77,1041.17,30.45,-240.93,0.44,1001.40,36.49,106.76,0.28,0.71,106.00,311.04,6499,0.07,-0.19,9.49,-0.77,-0.00,-0.00,-0.64,-0.19,-0.20,79.52,23,20,33,0,35.2950517,136.2495433,98.20, 0.98
887380,0.11,0.34,9.54,-0.97,-0.01,0.00,-0.25,-0.49,-1.53,28.77,0.59,2.77,2,2,1002.00,34.95,100.77,1041.20,30.44,-242.07,0.46,1001.40,36.48,106.75,0.23,0.64,106.08,311.04,6498,0.14,-0.04,9.49,-0.77,-0.00,-0.00,-0.64,-0.17,-0.18,79.42,23,20,33,0,35.2950517,136.2495433,98.20, 0.98
887438,0.17,0.33,9.48,-0.97,-0.01,0.00,-0.25,-0.49,-1.54,28.71,0.56,2.77,2,2,1002.01,34.94,100.68,1041.33,30.47,-241.95,0.44,1001.40,36.48,106.73,0.23,0.64,106.08,311.04,6500,0.13,-0.19,9.52,-0.77,-0.00,-0.00,-0.64,-0.16,-0.18,79.35,23,20,33,0,35.2950517,136.2495433,98.20, 0.98
887492,0.11,0.45,9.56,-0.97,-0.01,0.00,-0.25,-0.50,-1.57,28.66,0.54,2.77,2,2,1002.00,34.94,100.73,1041.28,30.45,-241.79,0.44,1001.40,36.48,106.75,0.22,0.62,106.08,311.04,6498,-0.02,0.14,9.66,-0.77,-0.00,-0.00,-0.64,-0.15,-0.17,79.26,23,20,33,0,35.2950517,136.2495433,98.20, 0.98
887547,0.16,0.42,9.58,-0.97,-0.01,0.00,-0.25,-0.50,-1.60,28.60,0.50,2.77,2,2,1002.02,34.94,100.60,1041.34,30.45,-242.32,0.49,1001.39,36.47,106.78,0.17,0.54,106.08,311.04,6500,0.11,0.22,9.74,-0.77,-0.00,-0.00,-0.64,-0.14,-0.17,79.23,23,20,33,0,35.2950517,136.2495433,98.20, 0.98
887600,0.35,0.65,9.60,-0.97,-0.01,0.00,-0.25,-0.50,-1.64,28.55,0.53,2.76,2,2,1001.99,34.94,100.89,1041.22,30.44,-241.28,0.46,1001.40,36.48,106.75,0.25,0.66,106.08,311.04,6498,-0.03,0.11,9.81,-0.77,0.00,-0.00,-0.64,-0.12,-0.09,79.15,23,20,33,0,35.2950517,136.2495433,98.20, 0.98
887657,-0.10,0.36,9.54,-0.97,-0.02,0.00,-0.25,-0.50,-1.68,28.50,0.47,2.75,2,2,1002.02,34.94,100.61,1041.54,30.46,-244.57,0.44,1001.40,36.47,106.75,0.20,0.59,106.08,311.04,6498,-0.07,-0.04,9.83,-0.77,0.00,-0.00,-0.64,-0.09,-0.06,79.10,23,20,33,0,35.2950517,136.2495433,98.20, 0.98
887716,0.14,0.45,9.63,-0.97,-0.02,0.00,-0.25,-0.49,-1.73,28.45,0.45,2.75,2,2,1002.01,34.95,100.64,1041.92,30.44,-243.54,0.44,1001.40,36.47,106.75,0.08,0.38,106.17,311.04,6500,0.19,-0.10,9.73,-0.77,0.00,-0.00,-0.64,-0.04,0.04,79.03,23,20,33,0,35.2950517,136.2495433,98.20, 0.98
887770,0.01,0.52,9.72,-0.97,-0.02,0.00,-0.25,-0.48,-1.82,28.41,0.34,2.75,2,2,1002.03,34.95,100.49,1041.66,30.45,-245.05,0.49,1001.40,36.47,106.74,0.10,0.42,106.17,311.04,6500,-0.05,-0.15,9.73,-0.77,0.00,0.00,-0.64,-0.04,0.07,79.00,23,20,33,0,35.2950517,136.2495433,98.20, 0.98
887826,0.13,0.50,9.69,-0.97,-0.02,-0.00,-0.25,-0.46,-1.87,28.36,0.30,2.75,2,2,1002.04,34.93,100.42,1041.86,30.46,-246.72,0.43,1001.40,36.47,106.75,0.05,0.30,106.17,311.04,6500,0.44,-0.28,9.50,-0.77,0.00,0.00,-0.64,-0.05,0.16,78.94,23,20,34,0,35.2950567,136.2495367,98.30, 0.98
887878,0.09,0.40,9.68,-0.97,-0.02,-0.00,-0.24,-0.45,-1.92,28.32,0.22,2.75,2,2,1002.06,34.95,100.24,1041.82,30.45,-246.37,0.47,1001.40,36.48,106.71,0.30,0.73,106.26,311.04,6498,0.05,0.27,9.55,-0.77,0.00,0.00,-0.64,-0.04,0.24,78.87,23,20,34,0,35.2950567,136.2495367,98.30, 0.98
887933,0.18,0.44,9.73,-0.97,-0.02,-0.00,-0.24,-0.43,-1.98,28.28,0.16,2.75,2,2,1002.06,34.94,100.22,1041.90,30.45,-247.55,0.45,1001.40,36.48,106.72,0.27,0.68,106.26,311.04,6498,-0.17,0.08,9.81,-0.77,0.00,0.00,-0.63,-0.03,0.30,78.82,23,20,34,0,35.2950567,136.2495367,98.30, 0.98
887989,0.17,0.41,9.73,-0.97,-0.02,-0.00,-0.24,-0.41,-2.04,28.25,0.07,2.75,2,2,1002.06,34.94,100.23,1041.92,30.46,-247.25,0.46,1001.40,36.47,106.73,0.22,0.62,106.26,311.04,6500,0.20,0.11,9.79,-0.77,0.00,0.00,-0.63,-0.01,0.32,78.79,23,20,34,0,35.2950567,136.2495367,98.30, 0.98
888045,0.14,0.33,9.57,-0.97,-0.02,-0.00,-0.24,-0.40,-2.07,28.20,0.10,2.75,2,2,1002.04,34.94,100.43,1042.09,30.45,-248.67,0.44,1001.40,36.49,106.70,0.25,0.66,106.26,311.04,6500,-0.22,-0.12,9.58,-0.77,0.00,0.00,-0.63,-0.01,0.40,78.75,23,20,34,0,35.2950567,136.2495367,98.30, 0.98
888098,0.21,0.40,9.69,-0.97,-0.02,-0.00,-0.24,-0.41,-2.09,28.17,0.23,2.75,2,2,1002.01,34.93,100.66,1042.19,30.44,-249.50,0.45,1001.40,36.49,106.74,0.22,0.62,106.26,311.04,6500,-0.26,-0.13,9.64,-0.77,0.00,0.00,-0.63,-0.01,0.42,78.71,23,20,34,0,35.2950567,136.2495367,98.30, 0.98
888155,0.17,0.38,9.56,-0.97,-0.02,-0.00,-0.24,-0.42,-2.10,28.14,0.30,2.75,2,2,1002.02,34.95,100.62,1042.34,30.44,-250.77,0.44,1001.40,36.49,106.74,0.32,0.75,106.26,311.04,6498,0.12,0.00,9.74,-0.77,0.00,0.00,-0.63,0.00,0.45,78.65,23,20,34,0,35.2950567,136.2495367,98.30, 0.98
888208,0.21,0.41,9.53,-0.97,-0.02,-0.00,-0.24,-0.42,-2.12,28.12,0.41,2.75,2,2,1002.02,34.95,100.59,1042.33,30.45,-252.46,0.44,1001.40,36.49,106.72,0.28,0.71,106.26,311.04,6498,-0.16,-0.13,9.60,-0.77,0.00,0.00,-0.63,0.00,0.45,78.63,23,20,34,0,35.2950567,136.2495367,98.30, 0.98
888266,0.18,0.32,9.58,-0.97,-0.02,-0.00,-0.24,-0.39,-2.11,28.10,0.44,2.75,2,2,1002.01,34.95,100.67,1042.46,30.45,-251.82,0.45,1001.39,36.48,106.77,0.27,0.68,106.26,311.04,6500,-0.04,-0.29,9.55,-0.77,0.00,0.00,-0.63,-0.00,0.44,78.58,23,20,34,0,35.2950567,136.2495367,98.30, 0.98
888318,0.19,0.31,9.56,-0.97,-0.02,-0.00,-0.24,-0.38,-2.10,28.09,0.40,2.75,2,2,1002.02,34.94,100.63,1042.42,30.44,-251.51,0.44,1001.40,36.49,106.76,0.23,0.64,106.26,311.04,6500,-0.02,0.20,9.61,-0.77,0.00,0.00,-0.63,-0.01,0.44,78.52,23,20,34,0,35.2950567,136.2495367,98.30, 0.98
888376,0.13,0.30,9.37,-0.97,-0.02,-0.00,-0.24,-0.35,-2.10,28.07,0.43,2.75,2,2,1002.00,34.94,100.73,1042.31,30.45,-250.52,0.44,1001.40,36.49,106.76,0.23,0.64,106.26,311.04,6498,-0.04,-0.01,9.50,-0.77,0.00,0.00,-0.63,-0.01,0.42,78.46,23,20,34,0,35.2950567,136.2495367,98.30, 0.98
888427,0.33,0.29,9.46,-0.97,-0.02,-0.00,-0.24,-0.30,-2.10,28.06,0.44,2.75,2,2,1002.00,34.94,100.76,1042.24,30.44,-249.01,0.44,1001.40,36.48,106.75,0.27,0.68,106.26,311.04,6500,-0.01,-0.03,9.43,-0.77,0.00,0.00,-0.63,-0.01,0.41,78.45,23,20,34,0,35.2950567,136.2495367,98.30, 0.98
888482,0.12,0.30,9.44,-0.97,-0.02,-0.00,-0.24,-0.28,-2.09,28.04,0.54,2.75,2,2,1001.99,34.94,100.86,1042.15,30.44,-248.09,0.44,1001.39,36.49,106.78,0.18,0.57,106.26,311.04,6498,-0.11,0.00,9.56,-0.77,0.00,0.00,-0.63,-0.01,0.41,78.42,23,20,34,0,35.2950567,136.2495367,98.30, 0.98
888537,0.08,0.40,9.36,-0.97,-0.02,-0.00,-0.24,-0.24,-2.10,28.03,0.59,2.74,2,2,1001.99,34.94,100.83,1041.97,30.45,-247.69,0.44,1001.39,36.49,106.78,0.22,0.62,106.26,311.04,6499,-0.02,-0.05,9.57,-0.78,0.00,0.00,-0.63,-0.01,0.43,78.37,23,20,34,0,35.2950567,136.2495367,98.30, 0.98
888593,0.12,0.48,9.48,-0.97,-0.02,-0.00,-0.24,-0.23,-2.13,28.02,0.62,2.71,2,2,1001.98,34.93,100.93,1042.19,30.45,-249.55,0.42,1001.39,36.49,106.81,0.30,0.73,106.26,311.04,6497,0.00,-0.14,9.51,-0.78,0.00,0.00,-0.63,-0.01,0.47,78.32,23,20,34,0,35.2950567,136.2495367,98.30, 0.90
888647,0.21,0.52,9.39,-0.97,-0.02,-0.00,-0.24,-0.23,-2.18,28.02,0.62,2.70,2,2,1001.98,34.94,100.93,1042.19,30.45,-249.68,0.44,1001.40,36.49,106.76,0.25,0.66,106.26,311.04,6497,0.03,-0.27,9.45,-0.78,0.00,0.00,-0.63,-0.00,0.49,78.30,23,20,34,0,35.2950567,136.2495367,98.30, 0.90
888700,0.12,0.62,9.48,-0.97,-0.02,-0.00,-0.24,-0.24,-2.25,28.01,0.67,2.70,2,2,1001.97,34.94,101.00,1042.16,30.43,-248.35,0.44,1001.39,36.48,106.82,0.27,0.68,106.17,311.04,6488,0.11,-0.19,9.48,-0.78,0.00,0.00,-0.63,0.00,0.53,78.27,23,20,34,0,35.2950567,136.2495367,98.30, 0.90
888758,0.14,0.61,9.39,-0.97,-0.02,-0.00,-0.24,-0.27,-2.35,28.01,0.72,2.68,2,2,1001.96,34.94,101.10,1041.94,30.44,-247.40,0.44,1001.39,36.49,106.78,0.23,0.64,106.17,311.04,6468,-0.04,-0.15,9.54,-0.78,0.00,0.00,-0.63,0.00,0.57,78.23,23,20,34,0,35.2950567,136.2495367,98.30, 0.90
888812,0.16,0.67,9.45,-0.97,-0.02,-0.00,-0.24,-0.29,-2.46,28.01,0.82,2.67,2,2,1001.95,34.94,101.23,1041.55,30.43,-244.06,0.45,1001.39,36.49,106.79,0.30,0.73,106.17,311.04,6486,-0.04,-0.23,9.55,-0.78,0.00,0.00,-0.63,0.01,0.61,78.18,23,20,34,0,35.2950567,136.2495367,98.30, 0.90
888868,0.23,0.63,9.44,-0.97,-0.02,-0.00,-0.24,-0.31,-2.54,28.00,0.93,2.66,2,2,1001.93,34.93,101.36,1041.15,30.44,-240.70,0.44,1001.39,36.48,106.81,0.28,0.71,106.17,311.04,6497,0.12,-0.17,9.57,-0.78,0.00,0.00,-0.63,0.01,0.63,78.16,23,20,34,0,35.2950567,136.2495367,98.30, 0.90
888925,0.16,0.63,9.46,-0.97,-0.02,-0.00,-0.24,-0.30,-2.60,28.00,1.00,2.66,2,2,1001.92,34.94,101.49,1040.97,30.45,-239.22,0.43,1001.39,36.49,106.83,0.28,0.71,106.17,311.04,6498,-0.01,-0.40,9.45,-0.78,0.00,0.00,-0.63,0.01,0.67,78.12,23,20,34,0,35.2950567,136.2495367,98.30, 0.90
888978,0.13,0.71,9.51,-0.97,-0.02,-0.00,-0.24,-0.26,-2.67,28.01,1.17,2.66,2,2,1001.90,34.94,101.68,1040.81,30.44,-236.06,0.44,1001.39,36.48,106.82,0.28,0.71,106.17,311.04,6498,0.00,-0.33,9.50,-0.78,0.00,0.00,-0.63,0.01,0.71,78.12,23,20,34,0,35.2950567,136.2495367,98.30, 0.90
889031,0.23,0.75,9.41,-0.97,-0.02,-0.00,-0.24,-0.27,-2.74,28.01,1.39,2.66,2,2,1001.87,34.92,101.96,1040.43,30.44,-234.61,0.41,1001.39,36.49,106.81,0.28,0.71,106.17,311.04,6497,0.17,-0.26,9.64,-0.78,0.01,0.00,-0.63,0.00,0.78,78.11,23,20,34,0,35.2950567,136.2495367,98.30, 0.90
889085,0.16,0.69,9.48,-0.97,-0.02,-0.00,-0.24,-0.25,-2.84,28.00,1.62,2.66,2,2,1001.85,34.93,102.12,1040.09,30.43,-231.71,0.42,1001.39,36.48,106.83,0.37,0.80,106.17,311.04,6499,0.07,-0.36,9.46,-0.78,0.01,0.00,-0.63,0.01,0.80,78.11,23,20,34,0,35.2950567,136.2495367,98.30, 0.90
889139,0.17,0.74,9.56,-0.97,-0.02,-0.00,-0.24,-0.24,-2.89,27.99,1.70,2.66,2,2,1001.86,34.94,102.06,1040.19,30.44,-231.57,0.43,1001.38,36.47,106.87,0.37,0.80,106.26,311.04,6491,0.15,-0.28,9.54,-0.78,0.01,0.00,-0.63,0.00,0.84,78.09,23,20,34,0,35.2950567,136.2495367,98.30, 0.90
889196,0.15,0.70,9.47,-0.97,-0.03,-0.00,-0.24,-0.23,-2.94,27.98,1.72,2.66,2,2,1001.88,34.94,101.87,1040.03,30.43,-231.93,0.44,1001.39,36.47,106.84,0.37,0.80,106.26,311.04,6499,0.13,-0.39,9.45,-0.78,0.01,0.00,-0.63,0.01,0.89,78.07,23,20,34,0,35.2950567,136.2495367,98.30, 0.90
889254,0.16,0.77,9.43,-0.97,-0.03,-0.00,-0.24,-0.22,-3.04,27.98,1.61,2.66,2,2,1001.89,34.94,101.79,1040.05,30.42,-230.72,0.40,1001.39,36.49,106.83,0.33,0.77,106.26,311.04,6498,0.17,-0.33,9.55,-0.78,0.01,0.01,-0.63,0.01,0.93,78.05,23,20,34,0,35.2950567,136.2495367,98.30, 0.90
889307,0.11,0.85,9.58,-0.97,-0.03,-0.00,-0.24,-0.22,-3.18,27.99,1.43,2.66,2,2,1001.92,34.93,101.53,1039.95,30.43,-230.51,0.45,1001.39,36.49,106.83,0.32,0.75,106.26,311.04,6498,0.21,-0.53,9.54,-0.78,0.01,0.01,-0.63,0.03,1.02,78.05,23,20,34,0,35.2950567,136.2495367,98.30, 0.90
889364,0.04,0.72,9.49,-0.97,-0.03,-0.00,-0.24,-0.26,-3.26,27.99,1.21,2.66,2,2,1001.95,34.94,101.27,1039.88,30.43,-229.94,0.49,1001.39,36.48,106.80,0.23,0.64,106.26,311.04,6497,-0.05,-0.37,9.59,-0.78,0.01,0.01,-0.63,0.04,1.13,78.05,23,20,34,0,35.2950567,136.2495367,98.30, 0.90
889417,0.20,0.82,9.63,-0.97,-0.03,-0.00,-0.24,-0.27,-3.30,27.99,1.07,2.66,2,2,1001.96,34.92,101.13,1039.67,30.43,-227.91,0.46,1001.39,36.48,106.76,0.20,0.59,106.17,311.04,6498,0.06,-0.32,9.66,-0.78,0.01,0.01,-0.63,0.05,1.18,78.05,23,20,34,0,35.2950567,136.2495367,98.30, 0.90
889474,0.57,0.79,9.67,-0.97,-0.03,-0.00,-0.24,-0.30,-3.36,27.99,0.81,2.66,2,2,1001.98,34.93,100.91,1039.55,30.43,-226.47,0.44,1001.40,36.48,106.76,0.25,0.66,106.17,311.04,6499,0.04,-0.52,9.74,-0.78,0.01,0.01,-0.63,0.07,1.24,78.05,23,20,34,0,35.2950567,136.2495367,98.30, 0.90
889527,0.22,1.02,9.84,-0.97,-0.03,-0.00,-0.24,-0.33,-3.44,27.98,0.64,2.66,2,2,1001.99,34.94,100.85,1039.57,30.42,-227.25,0.45,1001.40,36.48,106.75,0.23,0.64,106.17,311.04,6498,-0.17,-0.51,9.73,-0.78,0.01,0.01,-0.63,0.06,1.27,78.05,23,20,35,0,35.2950533,136.2495333,98.30, 0.78
889578,0.16,0.61,9.77,-0.97,-0.03,-0.00,-0.24,-0.34,-3.45,27.98,0.57,2.65,2,2,1001.99,34.94,100.89,1039.46,30.44,-226.32,0.43,1001.39,36.48,106.77,0.27,0.68,106.17,311.04,6498,0.08,-0.20,9.93,-0.78,0.01,0.01,-0.63,0.08,1.27,78.06,23,20,35,0,35.2950533,136.2495333,98.30, 0.78
889635,0.01,0.73,9.63,-0.97,-0.03,-0.00,-0.24,-0.35,-3.40,27.98,0.51,2.62,2,2,1002.01,34.94,100.69,1039.84,30.44,-229.56,0.44,1001.40,36.49,106.71,0.30,0.73,106.17,311.04,6469,0.24,-0.21,9.78,-0.78,0.01,0.01,-0.63,0.07,1.22,78.06,23,20,35,0,35.2950533,136.2495333,98.30, 0.78
889692,0.11,0.80,9.65,-0.97,-0.03,-0.00,-0.24,-0.36,-3.42,27.98,0.38,2.61,2,2,1002.02,34.93,100.57,1039.87,30.43,-230.19,0.45,1001.40,36.49,106.70,0.27,0.68,106.17,311.04,32895,-0.05,-0.49,9.54,-0.78,0.01,0.01,-0.63,0.03,1.21,78.08,23,20,35,0,35.2950533,136.2495333,98.30, 0.78
889746,0.04,0.57,9.45,-0.97,-0.03,-0.00,-0.24,-0.38,-3.44,27.98,0.29,2.61,2,2,1002.02,34.92,100.63,1039.96,30.43,-230.97,0.45,1001.40,36.49,106.72,0.32,0.75,106.17,311.04,6447,0.19,-0.33,9.52,-0.78,0.01,0.01,-0.63,0.03,1.20,78.09,23,20,35,0,35.2950533,136.2495333,98.30, 0.78
889804,0.09,0.82,9.48,-0.97,-0.03,-0.00,-0.24,-0.39,-3.41,27.98,0.15,2.61,2,2,1002.06,34.93,100.24,1039.99,30.44,-230.87,0.43,1001.40,36.49,106.71,0.58,1.01,106.17,311.04,6447,-0.04,-0.47,9.56,-0.78,0.01,0.01,-0.63,0.03,1.16,78.11,23,20,35,0,35.2950533,136.2495333,98.30, 0.78
889856,0.33,0.69,9.63,-0.97,-0.03,-0.00,-0.24,-0.40,-3.46,27.98,0.01,2.61,2,2,1002.05,34.92,100.32,1039.91,30.42,-230.20,0.43,1001.40,36.47,106.72,0.65,1.07,106.17,311.04,6500,-0.16,-0.44,9.51,-0.78,0.01,0.01,-0.63,0.02,1.16,78.13,23,20,35,0,35.2950533,136.2495333,98.30, 0.78
889910,0.15,0.64,9.45,-0.97,-0.03,-0.00,-0.24,-0.40,-3.45,27.98,-0.05,2.61,2,2,1002.05,34.93,100.30,1039.84,30.44,-228.96,0.43,1001.40,36.47,106.73,0.67,1.08,106.26,311.04,6500,0.43,-0.26,9.52,-0.78,0.01,0.01,-0.63,0.02,1.10,78.15,23,20,36,0,35.2950533,136.2495267,98.50, 0.78
889966,0.11,0.71,9.50,-0.97,-0.03,-0.00,-0.24,-0.41,-3.42,27.98,-0.11,2.61,2,2,1002.07,34.93,100.13,1039.73,30.43,-228.46,0.43,1001.40,36.49,106.69,0.75,1.15,106.35,311.04,6498,0.03,-0.29,9.51,-0.78,0.01,0.01,-0.63,0.02,1.08,78.17,23,20,36,0,35.2950533,136.2495267,98.50, 0.78
890024,0.04,0.60,9.53,-0.97,-0.03,-0.00,-0.24,-0.41,-3.43,27.98,-0.22,2.61,2,2,1002.09,34.93,99.95,1039.85,30.43,-231.01,0.42,1001.40,36.49,106.69,0.87,1.23,106.35,311.04,6500,0.31,-0.25,9.64,-0.78,0.01,0.01,-0.63,0.01,1.11,78.18,23,20,36,0,35.2950533,136.2495267,98.50, 0.78
890076,0.32,0.65,9.69,-0.97,-0.03,-0.00,-0.24,-0.43,-3.45,27.98,-0.41,2.61,2,2,1002.11,34.93,99.82,1040.11,30.42,-231.88,0.39,1001.40,36.49,106.69,0.73,1.13,106.44,311.04,6487,0.47,-0.20,9.52,-0.78,0.01,0.01,-0.63,0.03,1.11,78.20,23,20,36,0,35.2950533,136.2495267,98.50, 0.78
890133,0.17,0.14,9.61,-0.97,-0.03,-0.00,-0.24,-0.41,-3.47,27.98,-0.54,2.61,2,2,1002.11,34.94,99.80,1040.28,30.42,-233.28,0.46,1001.40,36.48,106.69,0.78,1.17,106.44,311.04,6498,0.50,0.57,9.44,-0.78,0.01,0.01,-0.63,0.03,1.12,78.22,23,20,36,0,35.2950533,136.2495267,98.50, 0.78
890186,0.37,-0.10,9.14,-0.97,-0.03,-0.00,-0.24,-0.38,-3.47,27.98,-0.76,2.61,2,2,1002.18,34.93,99.15,1040.97,30.43,-240.54,0.46,1001.40,36.49,106.71,0.75,1.15,106.52,311.04,6500,-1.20,0.68,9.59,-0.78,0.01,0.01,-0.63,0.02,1.12,78.23,23,20,36,0,35.2950533,136.2495267,98.50, 0.78
890243,0.11,0.44,9.55,-0.97,-0.03,-0.00,-0.24,-0.35,-3.50,27.98,-0.95,2.61,2,2,1002.21,34.91,98.89,1041.01,30.43,-239.42,0.46,1001.41,36.48,106.66,0.80,1.19,106.52,311.04,6498,0.27,0.22,9.69,-0.78,0.01,0.01,-0.63,0.02,1.13,78.27,23,20,36,0,35.2950533,136.2495267,98.50, 0.78
890298,0.23,0.52,9.65,-0.97,-0.03,-0.00,-0.24,-0.33,-3.53,27.99,-1.21,2.61,2,2,1002.18,34.92,99.12,1041.16,30.42,-240.95,0.45,1001.41,36.50,106.65,0.73,1.13,106.44,311.04,6459,0.43,0.11,9.38,-0.78,0.01,0.01,-0.63,0.01,1.12,78.30,23,20,36,0,35.2950533,136.2495267,98.50, 0.78
890354,0.14,0.30,9.60,-0.97,-0.03,-0.00,-0.24,-0.33,-3.44,27.99,-1.19,2.62,2,2,1002.15,34.92,99.42,1041.07,30.45,-240.00,0.44,1001.41,36.49,106.65,0.60,1.03,106.44,311.04,6498,-0.11,0.12,9.50,-0.78,0.01,0.01,-0.63,0.01,1.10,78.34,23,20,36,0,35.2950533,136.2495267,98.50, 0.78
890411,0.12,0.32,9.62,-0.97,-0.03,-0.00,-0.24,-0.33,-3.33,27.99,-0.93,2.65,2,2,1002.12,34.93,99.64,1041.15,30.43,-240.72,0.43,1001.40,36.48,106.71,0.63,1.05,106.35,311.04,6453,0.30,0.18,9.61,-0.78,0.01,0.01,-0.63,0.01,1.07,78.35,23,20,36,0,35.2950533,136.2495267,98.50, 0.78
890464,0.11,0.30,9.29,-0.97,-0.03,-0.00,-0.24,-0.31,-3.21,28.00,-0.75,2.66,2,2,1002.09,34.91,99.96,1041.19,30.43,-242.12,0.43,1001.40,36.49,106.72,0.60,1.03,106.35,311.04,6497,0.00,-0.14,9.53,-0.78,0.01,0.01,-0.63,0.04,0.99,78.37,23,20,36,0,35.2950533,136.2495267,98.50, 0.78
890522,0.17,0.50,9.66,-0.97,-0.03,-0.00,-0.24,-0.28,-3.12,28.00,-0.34,2.66,2,2,1002.03,34.92,100.51,1041.44,30.43,-244.89,0.38,1001.40,36.49,106.74,0.62,1.04,106.35,311.04,6475,0.00,-0.11,9.56,-0.78,0.01,0.01,-0.63,0.06,0.94,78.37,23,20,36,0,35.2950533,136.2495267,98.50, 0.78
890576,0.22,0.26,9.62,-0.97,-0.03,-0.00,-0.24,-0.21,-2.98,28.01,0.13,2.67,2,2,1001.99,34.92,100.82,1041.81,30.43,-246.32,0.43,1001.40,36.50,106.75,0.62,1.04,106.44,311.04,6498,0.13,0.07,9.56,-0.78,0.01,0.01,-0.63,0.06,0.85,78.38,23,20,36,0,35.2950533,136.2495267,98.50, 0.78
890630,0.10,0.15,9.61,-0.97,-0.02,-0.00,-0.24,-0.10,-2.73,28.01,0.50,2.68,2,2,1001.97,34.92,101.07,1041.90,30.44,-247.08,0.46,1001.39,36.48,106.78,0.80,1.19,106.44,311.04,6498,-0.05,0.12,9.55,-0.78,0.00,0.00,-0.63,0.06,0.76,78.38,23,20,36,0,35.2950533,136.2495267,98.50, 0.78
890683,0.11,0.20,9.37,-0.97,-0.02,-0.01,-0.24,0.01,-2.45,28.02,0.73,2.68,2,2,1001.97,34.92,101.08,1042.03,30.43,-248.17,0.45,1001.39,36.49,106.81,0.80,1.19,106.44,311.04,6498,0.19,-0.03,9.56,-0.78,0.00,0.00,-0.63,0.07,0.64,78.38,23,20,36,0,35.2950533,136.2495267,98.50, 0.46
890739,0.11,0.37,9.29,-0.97,-0.02,-0.01,-0.24,0.02,-2.36,28.02,0.76,2.68,2,2,1001.97,34.93,101.01,1042.08,30.43,-248.14,0.47,1001.39,36.50,106.77,0.73,1.13,106.35,311.04,6498,0.11,-0.33,9.50,-0.78,0.00,0.00,-0.63,0.08,0.56,78.39,23,20,36,0,35.2950533,136.2495267,98.50, 0.46
890794,0.12,0.49,9.49,-0.97,-0.02,-0.00,-0.24,-0.05,-2.42,28.02,0.78,2.68,2,2,1001.97,34.91,101.05,1041.91,30.42,-246.30,0.39,1001.39,36.48,106.78,0.77,1.16,106.35,311.04,6450,-0.15,-0.38,9.39,-0.77,0.00,0.00,-0.63,0.08,0.53,78.41,23,20,36,0,35.2950533,136.2495267,98.50, 0.46
890847,0.27,0.66,9.60,-0.97,-0.02,-0.00,-0.24,-0.20,-2.60,28.02,0.78,2.68,2,2,1001.96,34.91,101.10,1041.55,30.43,-244.12,0.46,1001.39,36.49,106.79,0.77,1.16,106.35,311.04,6494,0.10,-0.28,9.54,-0.77,0.00,0.00,-0.63,0.07,0.52,78.41,23,20,36,0,35.2950533,136.2495267,98.50, 0.46
890903,0.22,0.78,9.70,-0.97,-0.02,-0.00,-0.24,-0.26,-2.73,28.03,0.79,2.67,2,2,1001.96,34.92,101.10,1041.23,30.43,-241.36,0.48,1001.39,36.48,106.85,0.82,1.20,106.35,311.04,6499,0.08,-0.33,9.58,-0.77,0.00,0.00,-0.63,0.07,0.50,78.41,23,20,36,0,35.2950533,136.2495267,98.50, 0.46
890958,0.11,0.76,9.43,-0.97,-0.02,-0.00,-0.24,-0.23,-2.78,28.03,0.81,2.67,2,2,1001.95,34.91,101.17,1041.16,30.43,-240.74,0.46,1001.39,36.49,106.79,0.87,1.23,106.35,311.04,6498,-0.07,-0.42,9.52,-0.77,0.00,0.00,-0.63,0.06,0.51,78.41,23,20,36,0,35.2950533,136.2495267,98.50, 0.46
891014,0.14,0.82,9.71,-0.97,-0.02,-0.00,-0.24,-0.21,-2.85,28.03,0.92,2.66,2,2,1001.92,34.93,101.52,1041.19,30.42,-241.04,0.49,1001.39,36.48,106.82,0.90,1.26,106.26,311.04,6498,0.08,-0.51,9.77,-0.77,0.00,0.00,-0.63,0.05,0.52,78.41,23,20,36,0,35.2950533,136.2495267,98.50, 0.46
891070,0.10,0.66,9.79,-0.97,-0.02,-0.00,-0.24,-0.19,-2.85,28.03,1.22,2.66,2,2,1001.86,34.91,102.05,1041.33,30.42,-242.18,0.49,1001.39,36.49,106.82,0.85,1.22,106.26,311.04,6499,-0.04,-0.25,9.93,-0.77,0.00,0.00,-0.63,0.05,0.57,78.44,23,20,36,0,35.2950533,136.2495267,98.50, 0.46
891122,0.14,0.72,9.80,-0.97,-0.02,-0.00,-0.24,-0.15,-2.90,28.04,1.56,2.65,2,2,1001.84,34.93,102.20,1041.84,30.42,-246.57,0.39,1001.39,36.50,106.84,0.93,1.28,106.26,311.04,6500,0.21,-0.13,9.91,-0.77,0.00,0.00,-0.63,0.06,0.57,78.46,23,20,36,0,35.2950533,136.2495267,98.50, 0.46
891176,-0.03,0.51,9.63,-0.97,-0.03,-0.01,-0.24,-0.12,-2.92,28.05,1.76,2.62,2,2,1001.81,34.92,102.44,1041.73,30.44,-245.60,0.44,1001.38,36.50,106.87,0.93,1.28,106.26,311.04,6498,0.39,-0.12,9.81,-0.77,0.00,0.00,-0.63,0.08,0.53,78.48,23,20,36,0,35.2950533,136.2495267,98.50, 0.46
891232,0.13,0.61,9.50,-0.97,-0.02,-0.01,-0.24,-0.13,-2.91,28.07,1.77,2.61,2,2,1001.79,34.92,102.70,1041.37,30.43,-242.40,0.45,1001.38,36.49,106.90,0.85,1.22,106.17,311.04,6500,0.22,-0.24,9.72,-0.77,0.00,0.00,-0.63,0.09,0.53,78.53,23,20,36,0,35.2950533,136.2495267,98.50, 0.46
891287,0.18,0.71,9.51,-0.97,-0.03,-0.00,-0.24,-0.15,-2.95,28.10,1.79,2.60,2,2,1001.79,34.91,102.69,1041.32,30.41,-241.91,0.46,1001.38,36.50,106.91,0.73,1.13,106.17,311.04,6498,0.10,-0.23,9.53,-0.77,0.00,0.00,-0.63,0.08,0.55,78.56,23,20,36,0,35.2950533,136.2495267,98.50, 0.46
891344,0.15,0.51,9.53,-0.97,-0.03,-0.00,-0.24,-0.18,-3.01,28.12,1.79,2.60,2,2,1001.84,34.92,102.21,1041.25,30.42,-241.52,0.48,1001.38,36.48,106.88,0.73,1.13,106.17,311.04,6495,-0.05,-0.15,9.64,-0.77,0.00,0.00,-0.63,0.06,0.57,78.61,23,20,36,0,35.2950533,136.2495267,98.50, 0.46
891400,0.10,0.65,9.59,-0.97,-0.03,-0.00,-0.24,-0.20,-3.03,28.17,1.80,2.60,2,2,1001.87,34.91,101.91,1040.60,30.42,-235.99,0.45,1001.38,36.49,106.91,0.83,1.21,106.08,311.04,6498,0.00,-0.30,9.41,-0.77,0.00,0.00,-0.63,0.02,0.61,78.67,23,20,36,0,35.2950533,136.2495267,98.50, 0.46
891453,0.10,0.73,9.25,-0.97,-0.03,-0.00,-0.24,-0.22,-3.08,28.22,1.69,2.60,2,2,1001.91,34.92,101.59,1039.86,30.42,-229.74,0.46,1001.39,36.48,106.83,0.68,1.10,106.17,311.04,6498,-0.03,-0.40,9.43,-0.77,0.00,0.00,-0.63,-0.01,0.64,78.71,23,20,36,0,35.2950533,136.2495267,98.50, 0.46
891505,0.16,0.80,9.50,-0.97,-0.03,-0.00,-0.24,-0.25,-3.13,28.26,1.32,2.60,2,2,1001.94,34.91,101.35,1039.79,30.44,-226.92,0.43,1001.39,36.49,106.84,0.67,1.08,106.44,311.04,6498,-0.03,-0.37,9.41,-0.77,0.00,0.00,-0.63,-0.04,0.65,78.78,23,20,36,0,35.2950533,136.2495267,98.50, 0.46
891563,0.25,0.61,9.39,-0.97,-0.03,-0.00,-0.24,-0.26,-3.14,28.32,0.88,2.60,2,2,1001.98,34.91,100.94,1039.37,30.43,-224.26,0.44,1001.39,36.49,106.85,0.80,1.19,106.44,311.04,6455,0.06,-0.14,9.49,-0.77,0.00,0.00,-0.64,-0.10,0.65,78.86,23,20,36,0,35.2950533,136.2495267,98.50, 0.46
891621,0.15,0.25,9.31,-0.97,-0.03,-0.00,-0.24,-0.27,-3.08,28.38,0.56,2.60,2,2,1002.02,34.89,100.58,1039.16,30.44,-223.78,0.42,1001.39,36.49,106.78,0.73,1.13,106.52,311.04,6484,0.05,0.09,9.36,-0.77,0.00,0.00,-0.64,-0.14,0.60,78.93,23,20,37,0,35.2950500,136.2495217,98.50, 0.60
891672,0.07,0.22,9.29,-0.97,-0.03,-0.00,-0.25,-0.30,-3.03,28.42,0.28,2.61,2,2,1002.03,34.91,100.47,1038.87,30.43,-221.29,0.42,1001.39,36.48,106.78,0.88,1.25,106.61,311.04,6498,0.00,0.11,9.46,-0.77,0.00,0.00,-0.64,-0.16,0.54,78.99,23,20,37,0,35.2950500,136.2495217,98.50, 0.60
891728,0.18,0.28,9.41,-0.97,-0.03,-0.00,-0.25,-0.33,-2.95,28.48,0.14,2.63,2,2,1002.05,34.92,100.35,1039.16,30.42,-223.78,0.43,1001.40,36.49,106.71,0.85,1.22,106.52,311.04,6472,0.08,0.05,9.43,-0.77,0.00,0.00,-0.64,-0.19,0.51,79.03,23,20,37,0,35.2950500,136.2495217,98.50, 0.60
891782,0.09,0.14,9.28,-0.97,-0.03,-0.00,-0.25,-0.38,-2.88,28.52,0.07,2.64,2,2,1002.07,34.91,100.14,1039.04,30.43,-225.29,0.41,1001.40,36.50,106.70,0.78,1.17,106.52,311.04,6460,0.30,-0.07,9.34,-0.77,0.00,0.00,-0.64,-0.23,0.46,79.08,23,20,37,0,35.2950500,136.2495217,98.50, 0.60
891841,0.16,-0.14,9.45,-0.97,-0.02,-0.00,-0.25,-0.43,-2.75,28.57,-0.09,2.64,2,2,1002.07,34.91,100.13,1039.81,30.42,-231.20,0.43,1001.40,36.49,106.69,0.75,1.15,106.61,311.04,6499,-0.39,0.54,9.58,-0.77,0.00,0.00,-0.64,-0.25,0.46,79.18,23,20,38,0,35.2950483,136.2495150,98.80, 0.60
891893,0.27,0.06,9.74,-0.97,-0.02,-0.00,-0.25,-0.46,-2.60,28.64,-0.23,2.64,2,2,1002.08,34.91,100.06,1040.30,30.42,-233.45,0.42,1001.40,36.50,106.68,0.77,1.16,106.70,311.04,6498,-0.32,0.13,9.57,-0.77,0.00,0.00,-0.64,-0.24,0.40,79.24,23,20,38,0,35.2950483,136.2495150,98.80, 0.60
891949,0.43,0.66,9.79,-0.97,-0.02,-0.00,-0.25,-0.46,-2.50,28.69,-0.29,2.64,2,2,1002.09,34.91,99.97,1041.10,30.42,-240.29,0.46,1001.41,36.49,106.67,0.82,1.20,106.61,311.04,6482,0.08,-0.16,9.51,-0.77,0.00,0.00,-0.64,-0.24,0.37,79.26,23,20,38,0,35.2950483,136.2495150,98.80, 0.60
892002,0.27,0.43,9.75,-0.97,-0.02,-0.00,-0.25,-0.42,-2.44,28.69,-0.32,2.64,2,2,1002.09,34.91,99.96,1040.86,30.42,-239.60,0.44,1001.40,36.50,106.71,0.93,1.28,106.61,311.04,6498,-0.08,-0.17,9.87,-0.77,0.00,0.00,-0.64,-0.23,0.33,79.31,23,20,38,0,35.2950483,136.2495150,98.80, 0.60
892060,-0.12,0.06,9.80,-0.97,-0.02,-0.00,-0.25,-0.38,-2.40,28.75,-0.15,2.64,2,2,1002.02,34.91,100.58,1041.27,30.43,-241.92,0.41,1001.40,36.50,106.74,0.92,1.27,106.70,311.04,6474,0.95,0.29,9.83,-0.77,0.00,-0.00,-0.64,-0.19,0.22,79.36,23,20,38,0,35.2950483,136.2495150,98.80, 0.60
892113,0.18,0.24,9.77,-0.97,-0.02,-0.00,-0.25,-0.31,-2.27,28.81,0.17,2.64,2,2,1002.00,34.90,100.77,1041.35,30.43,-242.36,0.49,1001.40,36.52,106.72,1.00,1.33,106.61,311.04,6498,0.46,0.01,9.69,-0.77,0.00,-0.00,-0.64,-0.17,0.13,79.44,23,20,38,0,35.2950483,136.2495150,98.80, 0.60
892169,0.19,0.07,9.45,-0.97,-0.02,-0.00,-0.25,-0.26,-2.19,28.87,0.46,2.64,2,2,1001.98,34.89,100.95,1041.51,30.44,-243.78,0.47,1001.39,36.50,106.77,0.88,1.25,106.61,311.04,6500,-0.36,0.24,9.91,-0.77,0.00,-0.00,-0.64,-0.14,0.08,79.49,23,20,38,0,35.2950483,136.2495150,98.80, 0.60
892221,0.21,0.22,9.55,-0.97,-0.02,-0.00,-0.25,-0.23,-2.09,28.92,0.52,2.63,2,2,1001.98,34.90,100.95,1041.60,30.44,-244.56,0.48,1001.40,36.50,106.75,0.82,1.20,106.52,311.04,6481,0.72,0.41,9.66,-0.77,0.00,-0.00,-0.64,-0.13,-0.03,79.53,23,20,38,0,35.2950483,136.2495150,98.80, 0.60
892275,0.44,0.56,9.90,-0.97,-0.02,-0.00,-0.25,-0.19,-2.08,28.97,0.59,2.61,2,2,1001.95,34.89,101.17,1041.82,30.43,-245.37,0.49,1001.40,36.50,106.76,0.88,1.25,106.35,311.04,6498,-0.19,-0.06,9.85,-0.77,0.00,-0.00,-0.64,-0.11,-0.08,79.59,23,20,38,0,35.2950483,136.2495150,98.80, 0.60
892331,0.19,0.57,9.78,-0.97,-0.02,-0.00,-0.25,-0.12,-2.06,29.02,0.71,2.59,2,2,1001.94,34.89,101.28,1041.59,30.43,-244.42,0.49,1001.39,36.51,106.80,0.88,1.25,106.26,311.04,6495,-0.04,0.05,9.95,-0.77,-0.00,-0.00,-0.64,-0.05,-0.15,79.64,23,20,38,0,35.2950483,136.2495150,98.80, 0.60
892382,0.20,0.32,9.68,-0.97,-0.02,-0.00,-0.25,-0.05,-2.05,29.10,0.91,2.57,2,2,1001.91,34.91,101.58,1041.46,30.43,-243.35,0.50,1001.39,36.50,106.82,1.08,1.38,106.26,311.04,6498,0.09,-0.11,9.87,-0.77,-0.00,-0.00,-0.64,0.00,-0.23,79.73,23,20,38,0,35.2950483,136.2495150,98.80, 0.60
892440,0.29,0.47,9.64,-0.97,-0.02,-0.00,-0.25,-0.02,-2.04,29.18,1.13,2.56,2,2,1001.88,34.90,101.80,1041.45,30.43,-243.26,0.50,1001.39,36.51,106.80,1.07,1.37,106.26,311.04,6500,-0.11,-0.07,9.73,-0.77,-0.00,-0.00,-0.64,0.01,-0.29,79.84,23,20,38,0,35.2950483,136.2495150,98.80, 0.60
892494,0.23,0.25,9.45,-0.97,-0.02,-0.00,-0.25,-0.03,-2.01,29.24,1.13,2.52,2,2,1001.92,34.90,101.47,1041.19,30.44,-239.78,0.47,1001.39,36.50,106.82,0.93,1.28,106.35,311.04,6498,-0.06,0.00,9.63,-0.77,-0.00,-0.00,-0.64,0.02,-0.37,79.93,23,20,38,0,35.2950483,136.2495150,98.80, 0.60
892550,0.24,0.23,9.41,-0.97,-0.02,-0.00,-0.25,-0.04,-1.96,29.31,1.14,2.52,2,2,1001.93,34.90,101.40,1041.02,30.43,-238.81,0.47,1001.39,36.50,106.80,0.98,1.31,106.26,311.04,6499,-0.11,0.04,9.59,-0.77,-0.00,-0.00,-0.64,0.01,-0.41,79.96,23,20,38,0,35.2950483,136.2495150,98.80, 0.60
892601,0.13,0.28,9.19,-0.97,-0.02,-0.00,-0.25,-0.05,-1.88,29.37,0.84,2.50,2,2,1001.99,34.90,100.84,1040.70,30.45,-236.93,0.44,1001.40,36.51,106.77,0.90,1.26,106.44,311.04,6499,0.04,0.05,9.48,-0.77,-0.00,-0.00,-0.64,0.02,-0.50,80.04,23,20,38,0,35.2950483,136.2495150,98.80, 0.60
892657,0.18,0.33,9.43,-0.97,-0.02,-0.00,-0.25,-0.07,-1.85,29.42,0.50,2.49,2,2,1002.02,34.90,100.59,1040.43,30.42,-234.57,0.43,1001.39,36.49,106.79,0.97,1.30,106.61,311.04,6499,0.17,0.16,9.34,-0.77,-0.00,-0.00,-0.64,0.02,-0.60,80.12,23,20,38,0,35.2950483,136.2495150,98.80, 0.60
892710,0.15,0.29,9.23,-0.97,-0.02,-0.00,-0.25,-0.09,-1.78,29.49,0.30,2.48,2,2,1002.03,34.89,100.45,1040.45,30.43,-234.77,0.41,1001.40,36.49,106.74,0.92,1.27,106.61,311.04,6498,-0.08,0.16,9.37,-0.77,-0.00,-0.00,-0.64,-0.00,-0.63,80.17,23,20,38,0,35.2950483,136.2495150,98.80, 0.60
892768,0.13,0.12,9.18,-0.97,-0.01,-0.00,-0.25,-0.12,-1.73,29.56,0.05,2.48,2,2,1002.06,34.89,100.20,1040.38,30.44,-236.78,0.48,1001.40,36.50,106.72,0.85,1.22,106.70,311.04,6499,0.26,0.16,9.21,-0.76,-0.00,-0.00,-0.64,-0.04,-0.71,80.25,23,20,38,0,35.2950483,136.2495150,98.80, 0.60
892822,0.15,0.31,9.23,-0.97,-0.01,-0.00,-0.26,-0.14,-1.71,29.62,-0.19,2.48,2,2,1002.06,34.90,100.20,1040.86,30.42,-238.23,0.48,1001.40,36.51,106.71,1.03,1.35,106.70,311.04,6500,-0.07,0.00,9.32,-0.76,-0.00,-0.00,-0.65,-0.09,-0.75,80.34,23,20,38,0,35.2950483,136.2495150,98.80, 0.60
892875,0.00,0.21,9.30,-0.97,-0.01,-0.00,-0.26,-0.15,-1.70,29.68,-0.38,2.48,2,2,1002.08,34.89,100.01,1041.08,30.43,-240.07,0.46,1001.40,36.51,106.71,1.07,1.37,106.70,311.04,6500,0.00,0.11,9.37,-0.76,-0.00,-0.01,-0.65,-0.12,-0.76,80.42,23,20,39,0,35.2950467,136.2495067,98.90, 0.60
892930,0.04,0.31,9.44,-0.97,-0.01,-0.00,-0.26,-0.16,-1.70,29.76,-0.42,2.48,2,2,1002.09,34.89,99.97,1040.99,30.44,-239.37,0.44,1001.40,36.49,106.72,0.98,1.31,106.70,311.04,6499,-0.07,0.01,9.47,-0.76,-0.00,-0.01,-0.65,-0.16,-0.77,80.49,23,20,39,0,35.2950467,136.2495067,98.90, 0.60
892983,-0.13,0.27,8.95,-0.97,-0.01,-0.00,-0.26,-0.18,-1.70,29.82,-0.49,2.48,2,2,1002.09,34.88,99.92,1041.08,30.44,-240.28,0.48,1001.40,36.49,106.70,0.98,1.31,106.70,311.04,6500,0.10,0.07,9.42,-0.76,-0.00,-0.01,-0.65,-0.18,-0.77,80.58,23,20,39,0,35.2950467,136.2495067,98.90, 0.60
893041,0.19,0.44,9.99,-0.97,-0.02,-0.00,-0.26,-0.22,-1.76,29.90,-0.45,2.48,2,2,1002.07,34.90,100.13,1041.06,30.43,-239.93,0.38,1001.40,36.48,106.71,0.97,1.30,106.70,311.04,6500,0.00,0.09,9.80,-0.76,-0.00,-0.01,-0.65,-0.23,-0.72,80.68,23,20,39,0,35.2950467,136.2495067,98.90, 0.60
893099,-0.10,0.24,9.06,-0.97,-0.02,-0.00,-0.26,-0.20,-1.78,29.95,-0.24,2.49,2,2,1002.04,34.89,100.43,1041.28,30.44,-241.84,0.38,1001.40,36.50,106.75,0.97,1.30,106.61,311.04,6500,0.25,-0.04,9.66,-0.76,-0.00,-0.01,-0.65,-0.23,-0.69,80.71,23,20,39,0,35.2950467,136.2495067,98.90, 0.60
893150,0.09,0.57,9.50,-0.97,-0.02,-0.00,-0.26,-0.21,-1.88,30.00,-0.01,2.51,2,2,1002.02,34.89,100.59,1041.80,30.43,-246.25,0.43,1001.40,36.49,106.74,1.03,1.35,106.61,311.04,6498,0.00,0.07,9.64,-0.76,-0.00,-0.00,-0.65,-0.30,-0.47,80.85,23,20,39,0,35.2950467,136.2495067,98.90, 0.60
893209,0.05,0.41,9.38,-0.97,-0.02,-0.00,-0.26,-0.19,-1.93,30.05,0.12,2.54,2,2,1002.01,34.89,100.63,1041.91,30.41,-247.12,0.48,1001.40,36.50,106.77,1.07,1.37,106.52,311.04,6500,-0.01,-0.49,9.22,-0.76,-0.00,-0.00,-0.65,-0.32,-0.41,80.90,23,20,39,0,35.2950467,136.2495067,98.90, 0.60
893260,0.06,0.50,9.46,-0.97,-0.02,-0.00,-0.26,-0.16,-1.99,30.11,0.22,2.57,2,2,1002.00,34.90,100.75,1041.81,30.43,-246.71,0.48,1001.40,36.49,106.74,0.95,1.29,106.44,311.04,6500,-0.19,-0.42,9.53,-0.76,0.00,-0.00,-0.65,-0.38,-0.32,81.00,23,20,39,0,35.2950467,136.2495067,98.90, 0.60
893319,0.29,0.63,9.67,-0.97,-0.02,-0.00,-0.26,-0.22,-2.13,30.17,0.37,2.61,2,2,1001.99,34.91,100.89,1041.92,30.43,-249.03,0.47,1001.40,36.49,106.76,0.78,1.17,106.52,311.04,6500,-0.02,-0.13,9.61,-0.76,0.00,-0.00,-0.65,-0.41,-0.14,81.09,23,20,39,0,35.2950467,136.2495067,98.90, 0.60
893371,0.26,0.22,9.70,-0.97,-0.02,-0.00,-0.26,-0.31,-2.26,30.25,0.50,2.62,2,2,1001.98,34.89,100.94,1042.27,30.44,-250.20,0.47,1001.39,36.49,106.78,0.70,1.11,106.61,311.04,6500,-0.44,0.00,9.74,-0.76,0.00,-0.00,-0.65,-0.44,-0.13,81.15,23,20,39,0,35.2950467,136.2495067,98.90, 0.60
893425,0.29,0.23,9.54,-0.97,-0.02,-0.00,-0.26,-0.40,-2.29,30.31,0.51,2.62,2,2,1002.00,34.89,100.76,1042.54,30.44,-252.52,0.48,1001.40,36.50,106.72,0.73,1.13,106.61,311.04,6500,-0.43,0.03,9.79,-0.76,0.00,-0.00,-0.65,-0.46,-0.13,81.22,23,20,39,0,35.2950467,136.2495067,98.90, 0.60
893479,0.21,0.50,9.58,-0.96,-0.02,-0.00,-0.26,-0.53,-2.31,30.41,0.48,2.62,2,2,1002.00,34.88,100.73,1042.62,30.43,-252.47,0.45,1001.40,36.50,106.75,0.92,1.27,106.61,311.04,6500,-0.05,-0.33,9.74,-0.76,0.00,-0.00,-0.65,-0.49,-0.14,81.31,23,20,39,0,35.2950467,136.2495067,98.90, 0.60
893535,0.34,0.66,9.73,-0.96,-0.02,-0.00,-0.26,-0.57,-2.35,30.47,0.39,2.63,2,2,1002.01,34.90,100.64,1042.31,30.44,-249.83,0.43,1001.40,36.49,106.74,0.87,1.23,106.61,311.04,6500,-0.07,-0.27,9.78,-0.76,0.00,-0.00,-0.65,-0.51,-0.12,81.40,23,20,39,0,35.2950467,136.2495067,98.90, 0.60
893589,0.27,0.71,9.60,-0.96,-0.02,-0.00,-0.26,-0.62,-2.45,30.56,0.33,2.65,2,2,1002.02,34.90,100.61,1042.33,30.44,-250.76,0.44,1001.40,36.50,106.71,0.70,1.11,106.61,311.04,6500,-0.09,-0.34,9.72,-0.76,0.00,-0.00,-0.65,-0.53,-0.04,81.47,23,20,39,0,35.2950467,136.2495067,98.90, 0.60
893642,0.34,0.76,9.68,-0.96,-0.02,-0.00,-0.26,-0.64,-2.52,30.64,0.36,2.66,2,2,1001.99,34.89,100.81,1042.04,30.44,-248.25,0.39,1001.40,36.49,106.72,0.98,1.31,106.52,311.04,6500,-0.26,-0.45,9.70,-0.76,0.00,-0.00,-0.65,-0.54,0.05,81.55,23,20,39,0,35.2950467,136.2495067,98.90, 0.63
893698,0.24,0.76,9.57,-0.96,-0.02,-0.00,-0.26,-0.65,-2.57,30.73,0.40,2.66,2,2,1002.00,34.88,100.80,1042.27,30.44,-250.22,0.38,1001.40,36.49,106.76,0.95,1.29,106.61,311.04,6498,0.09,-0.09,9.90,-0.76,0.00,-0.00,-0.65,-0.57,0.19,81.67,23,20,39,0,35.2950467,136.2495067,98.90, 0.63
893756,0.20,0.15,9.62,-0.96,-0.02,-0.00,-0.27,-0.62,-2.56,30.81,0.53,2.66,2,2,1001.96,34.89,101.07,1042.24,30.44,-252.04,0.38,1001.39,36.48,106.78,0.97,1.30,106.44,311.04,6498,-0.22,0.10,9.64,-0.76,0.00,-0.00,-0.65,-0.55,0.15,81.77,23,20,39,0,35.2950467,136.2495067,98.90, 0.63
893809,0.24,0.12,9.73,-0.96,-0.02,-0.00,-0.27,-0.56,-2.44,30.90,0.68,2.66,2,2,1001.96,34.88,101.11,1042.48,30.43,-253.04,0.38,1001.39,36.47,106.79,1.00,1.33,106.44,311.04,6498,-0.45,-0.11,9.65,-0.76,0.00,-0.00,-0.66,-0.53,0.07,81.87,23,20,40,0,35.2950500,136.2495017,99.10, 0.63
893865,0.24,0.25,9.78,-0.96,-0.02,-0.00,-0.27,-0.55,-2.32,30.97,0.84,2.66,2,2,1001.95,34.90,101.21,1042.64,30.44,-253.33,0.43,1001.39,36.48,106.78,0.82,1.20,106.35,311.04,6500,-0.20,0.26,9.95,-0.76,0.00,-0.00,-0.66,-0.52,0.03,81.93,23,20,40,0,35.2950500,136.2495017,99.10, 0.63
893918,0.28,0.93,9.51,-0.96,-0.02,-0.00,-0.27,-0.48,-2.32,31.07,0.83,2.66,2,2,1001.97,34.88,100.98,1042.41,30.44,-251.37,0.43,1001.39,36.49,106.78,0.77,1.16,106.35,311.04,6499,-0.14,-0.49,9.58,-0.75,0.00,-0.00,-0.66,-0.50,-0.01,82.05,23,20,40,0,35.2950500,136.2495017,99.10, 0.63
893973,0.15,0.96,9.57,-0.96,-0.02,-0.00,-0.27,-0.44,-2.32,31.17,0.86,2.66,2,2,1001.95,34.88,101.24,1041.90,30.44,-243.53,0.43,1001.39,36.49,106.83,0.85,1.22,106.35,311.04,6499,0.00,-0.20,9.61,-0.75,0.00,-0.00,-0.66,-0.47,-0.03,82.18,23,20,40,0,35.2950500,136.2495017,99.10, 0.63
894029,0.11,0.99,9.40,-0.96,-0.02,-0.00,-0.27,-0.40,-2.67,31.30,0.85,2.66,2,2,1001.96,34.88,101.13,1041.34,30.45,-240.90,0.43,1001.39,36.51,106.80,0.78,1.17,106.44,311.04,6500,-0.11,-0.08,9.64,-0.75,0.00,-0.00,-0.66,-0.45,-0.05,82.25,23,20,40,0,35.2950500,136.2495017,99.10, 0.63
894081,0.17,1.04,9.59,-0.96,-0.03,-0.00,-0.27,-0.31,-3.00,31.42,0.89,2.66,2,2,1001.95,34.89,101.22,1041.15,30.44,-240.70,0.42,1001.39,36.49,106.81,0.88,1.25,106.44,311.04,6499,0.19,-0.66,9.41,-0.75,0.00,-0.00,-0.66,-0.41,-0.09,82.42,23,20,40,0,35.2950500,136.2495017,99.10, 0.63
894138,0.40,0.91,9.78,-0.96,-0.03,-0.01,-0.27,-0.23,-3.25,31.54,0.86,2.66,2,2,1001.95,34.88,101.18,1041.06,30.43,-239.94,0.41,1001.39,36.49,106.81,0.88,1.25,106.35,311.04,6500,0.27,-0.69,9.47,-0.75,0.00,-0.00,-0.66,-0.31,-0.01,82.56,23,20,40,0,35.2950500,136.2495017,99.10, 0.63
894190,0.29,1.02,9.62,-0.96,-0.03,-0.01,-0.27,-0.17,-3.38,31.63,0.85,2.64,2,2,1001.95,34.88,101.17,1041.13,30.43,-240.11,0.43,1001.39,36.49,106.81,1.00,1.33,106.44,311.04,6498,0.54,-0.42,9.46,-0.75,0.00,-0.00,-0.66,-0.21,0.15,82.65,23,20,40,0,35.2950500,136.2495017,99.10, 0.63
894245,-0.16,0.90,9.50,-0.96,-0.03,-0.01,-0.27,-0.08,-3.54,31.73,0.84,2.62,2,2,1001.95,34.88,101.23,1040.72,30.43,-233.13,0.43,1001.39,36.50,106.83,0.98,1.31,106.44,311.04,6499,-0.06,-0.61,9.51,-0.75,0.00,0.00,-0.66,-0.14,0.28,82.72,23,20,40,0,35.2950500,136.2495017,99.10, 0.63
894299,-0.60,0.20,9.05,-0.96,-0.03,-0.01,-0.27,0.03,-3.56,31.86,0.91,2.62,2,2,1001.93,34.88,101.42,1040.35,30.43,-233.92,0.43,1001.38,36.48,106.85,1.12,1.40,106.61,311.04,6499,-0.07,0.35,9.68,-0.75,0.00,0.00,-0.66,-0.04,0.32,82.85,23,20,40,0,35.2950500,136.2495017,99.10, 0.63
894355,-0.17,1.31,9.27,-0.96,-0.03,-0.01,-0.27,0.07,-3.54,31.95,0.82,2.59,2,2,1001.97,34.89,101.00,1039.73,30.43,-228.61,0.44,1001.39,36.49,106.79,1.17,1.43,106.61,311.04,6500,0.42,-0.75,9.84,-0.75,0.00,0.00,-0.66,-0.03,0.29,82.98,23,20,40,0,35.2950500,136.2495017,99.10, 0.63
894408,0.17,1.37,9.32,-0.96,-0.03,-0.01,-0.28,0.13,-3.56,32.07,0.78,2.59,2,2,1001.96,34.88,101.10,1039.78,30.44,-229.09,0.48,1001.39,36.49,106.81,1.08,1.38,106.70,311.04,6500,0.09,-1.04,9.44,-0.75,0.00,0.00,-0.66,-0.03,0.29,83.05,23,20,40,0,35.2950500,136.2495017,99.10, 0.63
894461,0.00,1.35,9.66,-0.96,-0.03,-0.01,-0.28,0.23,-4.17,32.16,0.58,2.58,2,2,1002.00,34.88,100.77,1039.45,30.43,-225.53,0.38,1001.39,36.49,106.77,1.18,1.44,106.79,311.04,6498,-0.16,-0.81,9.67,-0.75,0.00,0.00,-0.66,-0.01,0.30,83.20,23,20,40,0,35.2950500,136.2495017,99.10, 0.63
894518,0.14,1.58,9.75,-0.96,-0.04,-0.01,-0.28,0.28,-4.66,32.29,0.43,2.53,2,2,1002.00,34.88,100.74,1039.29,30.44,-224.87,0.44,1001.40,36.48,106.75,1.13,1.41,106.79,311.04,6496,0.39,-1.19,9.29,-0.75,0.00,0.00,-0.66,0.07,0.67,83.33,23,20,40,0,35.2950500,136.2495017,99.10, 0.63
894570,-0.17,1.30,9.59,-0.96,-0.04,-0.01,-0.28,0.28,-5.01,32.39,0.30,2.53,2,2,1002.01,34.89,100.70,1039.43,30.42,-226.12,0.42,1001.39,36.49,106.81,1.28,1.50,106.79,311.04,6483,1.47,-0.45,10.14,-0.75,0.01,0.01,-0.67,0.14,1.14,83.44,23,20,40,0,35.2950500,136.2495017,99.10, 0.57
894627,-2.51,1.05,9.90,-0.96,-0.04,-0.02,-0.28,0.31,-5.10,32.51,0.12,2.53,2,2,1002.05,34.88,100.33,1039.67,30.42,-228.12,0.45,1001.39,36.48,106.81,1.22,1.46,106.79,311.13,6498,-0.57,-1.40,9.57,-0.75,0.01,0.01,-0.67,0.15,1.17,83.56,23,20,40,0,35.2950500,136.2495017,99.10, 0.57
894679,0.40,1.43,9.87,-0.96,-0.04,-0.02,-0.28,0.33,-5.21,32.60,0.04,2.53,2,2,1002.05,34.88,100.31,1040.01,30.41,-228.91,0.49,1001.39,36.50,106.80,1.60,1.68,106.88,311.22,6498,0.59,0.13,10.21,-0.75,0.01,0.01,-0.67,0.15,1.26,83.67,23,20,40,0,35.2950500,136.2495017,99.10, 0.57
894739,0.57,1.67,9.46,-0.96,-0.04,-0.02,-0.28,0.35,-5.33,32.70,-0.22,2.53,2,2,1002.09,34.87,99.93,1040.21,30.43,-232.35,0.44,1001.39,36.50,106.77,1.53,1.64,107.14,311.22,6500,-0.55,-1.72,9.11,-0.74,0.01,0.01,-0.67,0.14,1.39,83.78,23,20,40,0,35.2950500,136.2495017,99.10, 0.57
894796,0.03,1.65,9.48,-0.96,-0.05,-0.02,-0.28,0.36,-5.50,32.79,-0.45,2.53,2,2,1002.13,34.89,99.59,1039.84,30.43,-229.55,0.43,1001.40,36.50,106.75,1.65,1.70,107.93,311.22,6498,-0.86,-1.63,9.38,-0.74,0.01,0.01,-0.67,0.12,1.50,83.91,23,20,40,0,35.2950500,136.2495017,99.10, 0.57
894848,0.79,1.64,9.25,-0.96,-0.05,-0.02,-0.28,0.19,-6.05,32.87,-0.86,2.53,2,2,1002.18,34.87,99.09,1040.03,30.42,-231.15,0.43,1001.40,36.49,106.74,1.63,1.69,108.46,311.31,6498,-0.10,-1.37,9.43,-0.74,0.01,0.01,-0.67,0.12,1.61,84.02,23,20,40,0,35.2950500,136.2495017,99.10, 0.57
894906,-0.19,1.51,9.22,-0.96,-0.05,-0.02,-0.28,0.12,-6.30,32.96,-1.26,2.53,2,2,1002.21,34.88,98.86,1040.26,30.42,-233.15,0.43,1001.40,36.48,106.72,1.77,1.76,108.54,311.40,6499,-0.46,-1.37,9.46,-0.74,0.01,0.01,-0.67,0.11,1.66,84.06,23,20,41,0,35.2950483,136.2494983,99.20, 0.57
894957,0.35,1.61,9.30,-0.96,-0.05,-0.02,-0.28,0.01,-6.51,33.04,-1.49,2.53,2,2,1002.26,34.88,98.45,1040.06,30.42,-231.62,0.46,1001.40,36.50,106.70,1.82,1.79,108.46,311.40,6494,0.10,-1.24,9.41,-0.74,0.01,0.01,-0.67,-0.02,2.09,84.21,23,20,41,0,35.2950483,136.2494983,99.20, 0.57
895015,0.24,1.30,9.11,-0.96,-0.06,-0.01,-0.28,-0.26,-6.81,33.12,-1.86,2.53,2,2,1002.27,34.87,98.32,1039.88,30.43,-229.44,0.44,1001.41,36.49,106.67,1.83,1.79,108.54,311.40,6474,0.39,-0.39,10.03,-0.74,0.01,0.01,-0.67,-0.03,2.23,84.30,23,20,41,0,35.2950483,136.2494983,99.20, 0.57
895069,1.19,1.41,9.01,-0.96,-0.06,-0.01,-0.29,-0.24,-6.79,33.23,-1.85,2.57,2,2,1002.17,34.88,99.19,1040.09,30.42,-231.72,0.47,1001.40,36.50,106.73,2.00,1.87,109.07,311.48,6498,0.00,-1.63,9.13,-0.74,0.01,0.01,-0.67,-0.08,2.22,84.43,23,20,41,0,35.2950483,136.2494983,99.20, 0.57
895126,-0.23,1.12,8.99,-0.96,-0.06,-0.01,-0.29,-0.27,-6.85,33.33,-1.11,2.58,2,2,1002.03,34.87,100.51,1040.02,30.43,-231.13,0.46,1001.39,36.50,106.82,2.23,1.98,109.86,311.48,6499,-0.88,-0.27,9.95,-0.74,0.01,0.01,-0.67,-0.11,2.20,84.50,23,20,41,0,35.2950483,136.2494983,99.20, 0.57
895178,0.01,1.14,9.16,-0.96,-0.06,-0.01,-0.29,-0.30,-6.84,33.39,-0.11,2.59,2,2,1001.97,34.88,101.06,1039.97,30.43,-230.66,0.50,1001.39,36.49,106.85,2.58,2.13,110.30,311.48,6499,0.77,-1.15,8.97,-0.74,0.01,0.01,-0.67,-0.15,2.18,84.58,23,20,41,0,35.2950483,136.2494983,99.20, 0.57
895236,-0.07,1.23,9.25,-0.96,-0.06,-0.01,-0.29,-0.30,-6.84,33.46,0.34,2.59,2,2,1001.93,34.89,101.43,1039.55,30.42,-227.09,0.39,1001.38,36.49,106.91,2.60,2.14,110.30,311.48,6500,0.01,-0.85,9.50,-0.74,0.02,0.01,-0.67,-0.17,2.32,84.65,23,20,41,0,35.2950483,136.2494983,99.20, 0.57
895294,-0.23,1.09,9.32,-0.96,-0.06,-0.01,-0.29,-0.29,-6.81,33.51,0.95,2.59,2,2,1001.90,34.88,101.69,1039.32,30.41,-223.80,0.44,1001.38,36.49,106.94,2.78,2.21,110.30,311.57,6486,0.37,-0.87,9.43,-0.74,0.02,0.01,-0.67,-0.15,2.39,84.70,23,20,41,0,35.2950483,136.2494983,99.20, 0.57
895348,-0.21,1.00,9.31,-0.96,-0.06,-0.01,-0.29,-0.25,-6.71,33.53,1.35,2.59,2,2,1001.87,34.88,101.91,1039.62,30.42,-227.71,0.38,1001.37,36.48,106.96,2.65,2.16,110.65,311.57,6498,0.41,-0.31,9.43,-0.74,0.02,0.01,-0.67,-0.11,2.47,84.77,23,20,41,0,35.2950483,136.2494983,99.20, 0.57
895405,-0.68,1.19,9.71,-0.96,-0.06,-0.01,-0.29,-0.23,-6.65,33.54,1.52,2.59,2,2,1001.88,34.88,101.88,1039.34,30.43,-225.28,0.39,1001.37,36.50,106.98,2.85,2.24,110.48,311.57,6498,0.49,-0.48,9.63,-0.74,0.02,0.01,-0.67,-0.15,2.49,84.79,23,20,41,0,35.2950483,136.2494983,99.20, 0.57
895456,0.42,0.79,9.64,-0.96,-0.06,-0.01,-0.29,-0.24,-6.60,33.58,1.32,2.59,2,2,1001.94,34.89,101.27,1039.83,30.41,-229.50,0.38,1001.38,36.48,106.92,2.78,2.21,110.39,311.57,6499,-0.06,-1.31,9.14,-0.74,0.02,0.01,-0.67,-0.22,2.47,84.86,23,20,41,0,35.2950483,136.2494983,99.20, 0.57
895514,0.03,0.75,9.94,-0.96,-0.06,-0.01,-0.29,-0.25,-6.58,33.64,1.21,2.59,2,2,1001.93,34.89,101.35,1039.75,30.40,-235.72,0.43,1001.38,36.50,106.89,2.88,2.25,110.74,311.66,6499,0.84,-0.19,9.87,-0.74,0.02,0.01,-0.67,-0.23,2.46,84.88,23,20,41,0,35.2950483,136.2494983,99.20, 0.57
895567,0.03,0.86,9.65,-0.96,-0.05,-0.01,-0.29,-0.24,-6.48,33.72,0.74,2.59,2,2,1002.02,34.88,100.59,1040.59,30.42,-239.86,0.43,1001.38,36.49,106.88,2.78,2.21,111.01,311.75,6498,0.47,-0.93,9.46,-0.74,0.02,0.01,-0.68,-0.26,2.42,84.97,23,20,41,0,35.2950483,136.2494983,99.20, 0.57
895620,0.01,0.72,9.05,-0.96,-0.05,-0.01,-0.29,-0.28,-6.42,33.78,0.39,2.59,2,2,1002.04,34.88,100.38,1041.53,30.42,-243.94,0.47,1001.39,36.50,106.84,2.77,2.20,111.62,311.92,6497,-0.26,-0.97,9.51,-0.74,0.02,0.01,-0.68,-0.28,2.39,85.09,23,20,41,0,35.2950483,136.2494983,99.20, 0.57
895676,0.47,0.65,9.77,-0.96,-0.05,-0.01,-0.29,-0.34,-6.34,33.86,-0.01,2.62,2,2,1002.07,34.89,100.10,1040.50,30.41,-235.20,0.47,1001.38,36.49,106.86,2.73,2.19,111.71,311.92,6498,-0.32,0.29,10.36,-0.74,0.02,0.01,-0.68,-0.29,2.34,85.16,23,20,41,0,35.2950483,136.2494983,99.20, 0.47
895733,0.55,0.68,9.62,-0.96,-0.05,-0.01,-0.29,-0.39,-6.19,33.94,-0.66,2.62,2,2,1002.30,34.89,98.07,1040.65,30.42,-236.48,0.47,1001.39,36.49,106.81,2.73,2.19,111.71,312.10,6499,-0.53,-0.12,9.65,-0.74,0.02,0.01,-0.68,-0.29,2.29,85.21,23,20,41,0,35.2950483,136.2494983,99.20, 0.47
895785,0.27,0.99,10.86,-0.95,-0.05,-0.01,-0.29,-0.31,-6.10,33.99,-1.18,2.65,2,2,1002.34,34.90,97.67,1041.44,30.41,-237.28,0.44,1001.40,36.48,106.72,2.95,2.28,111.80,312.28,6500,-0.38,-0.37,9.42,-0.74,0.02,0.01,-0.68,-0.29,2.20,85.28,23,20,41,0,35.2950483,136.2494983,99.20, 0.47
895844,0.04,0.45,9.45,-0.95,-0.05,-0.01,-0.29,-0.20,-5.96,34.03,-2.55,2.66,2,2,1002.50,34.88,96.23,1041.36,30.41,-242.45,0.45,1001.41,36.49,106.62,2.77,2.20,112.15,312.28,6492,0.01,0.19,9.69,-0.74,0.02,0.01,-0.68,-0.28,2.11,85.35,23,20,41,0,35.2950483,136.2494983,99.20, 0.47
895897,0.40,-0.28,7.85,-0.95,-0.05,-0.01,-0.29,-0.10,-5.66,34.07,-4.02,2.66,2,2,1002.61,34.89,95.23,1041.98,30.41,-247.71,0.43,1001.42,36.49,106.57,2.70,2.18,112.15,312.54,6499,-0.22,0.05,9.95,-0.73,0.01,0.01,-0.68,-0.31,1.99,85.40,23,20,42,0,35.2950433,136.2494900,99.20, 0.47
895952,0.23,0.20,8.80,-0.95,-0.05,-0.01,-0.29,-0.10,-5.63,34.08,-4.32,2.68,2,2,1002.40,34.88,97.15,1042.32,30.41,-250.59,0.43,1001.41,36.49,106.63,2.82,2.22,111.71,312.71,6500,-0.34,-0.22,9.39,-0.73,0.01,0.01,-0.68,-0.34,1.97,85.44,23,20,42,0,35.2950433,136.2494900,99.20, 0.47
896005,0.46,0.74,9.87,-0.95,-0.05,-0.01,-0.29,-0.13,-5.65,34.07,-3.91,2.71,2,2,1002.29,34.87,98.16,1042.84,30.41,-252.97,0.48,1001.40,36.50,106.68,2.72,2.18,111.71,312.80,6498,0.24,-0.45,9.59,-0.73,0.01,0.01,-0.68,-0.35,1.98,85.45,23,20,42,0,35.2950433,136.2494900,99.20, 0.47
896062,0.39,0.10,9.85,-0.95,-0.05,-0.01,-0.29,-0.09,-5.70,34.09,-2.43,2.72,2,2,1002.17,34.89,99.20,1043.27,30.40,-254.09,0.46,1001.40,36.51,106.74,2.55,2.12,111.80,312.89,6498,-0.32,-1.32,9.24,-0.73,0.01,0.01,-0.68,-0.34,1.97,85.51,23,20,42,0,35.2950433,136.2494900,99.20, 0.47
896116,0.09,0.22,9.09,-0.95,-0.05,-0.01,-0.29,-0.22,-5.57,34.13,-1.08,2.72,2,2,1002.05,34.87,100.30,1042.54,30.43,-252.46,0.47,1001.39,36.50,106.79,2.53,2.11,111.80,312.89,6498,0.17,-0.79,9.03,-0.73,0.01,0.01,-0.68,-0.34,1.96,85.51,23,20,42,0,35.2950433,136.2494900,99.20, 0.47
896168,0.49,0.64,9.56,-0.95,-0.05,-0.01,-0.29,-0.29,-5.42,34.14,0.00,2.72,2,2,1001.95,34.88,101.18,1042.57,30.40,-252.76,0.46,1001.38,36.50,106.87,2.58,2.13,111.80,312.89,6498,0.20,0.04,9.61,-0.73,0.01,0.01,-0.68,-0.33,1.86,85.58,23,20,42,0,35.2950433,136.2494900,99.20, 0.47
896224,-0.22,0.22,9.63,-0.95,-0.05,-0.01,-0.29,-0.21,-5.35,34.15,0.44,2.71,2,2,1001.93,34.89,101.41,1044.36,30.40,-267.88,0.38,1001.38,36.50,106.89,2.53,2.11,111.27,312.98,6500,0.48,-0.43,9.47,-0.73,0.01,0.01,-0.68,-0.31,1.81,85.60,23,20,42,0,35.2950433,136.2494900,99.20, 0.47
896280,-0.54,0.74,9.33,-0.95,-0.04,-0.01,-0.29,-0.20,-5.29,34.19,1.05,2.70,2,2,1001.93,34.88,101.36,1043.95,30.41,-267.69,0.49,1001.38,36.49,106.88,2.47,2.08,109.95,312.98,6498,0.10,-0.90,9.13,-0.73,0.01,0.01,-0.68,-0.28,1.67,85.63,23,20,42,0,35.2950433,136.2494900,99.20, 0.47
896337,-0.06,0.96,9.35,-0.95,-0.04,-0.01,-0.29,-0.15,-5.18,34.22,1.86,2.67,2,2,1001.64,34.88,104.04,1043.37,30.41,-259.49,0.38,1001.37,36.48,106.97,2.43,2.07,108.98,312.98,6498,0.50,-0.63,9.27,-0.73,0.01,0.01,-0.68,-0.28,1.53,85.68,23,20,42,0,35.2950433,136.2494900,99.20, 0.47
896394,0.41,0.02,9.05,-0.95,-0.04,-0.01,-0.29,-0.04,-4.96,34.28,1.90,2.66,2,2,1001.72,34.87,103.31,1042.08,30.40,-248.52,0.43,1001.37,36.50,106.98,2.60,2.14,107.49,312.98,6498,-0.01,0.36,9.47,-0.73,0.01,0.01,-0.68,-0.28,1.32,85.74,23,20,42,0,35.2950433,136.2494900,99.20, 0.47
896446,0.40,0.82,9.15,-0.95,-0.04,-0.01,-0.29,-0.01,-4.86,34.32,1.92,2.66,2,2,1001.69,34.88,103.59,1042.79,30.41,-254.63,0.42,1001.37,36.50,106.98,2.63,2.15,107.58,312.98,6499,-0.16,0.23,10.13,-0.73,0.01,0.01,-0.68,-0.29,1.24,85.76,23,20,42,0,35.2950433,136.2494900,99.20, 0.47
896504,0.12,0.41,9.96,-0.95,-0.04,-0.01,-0.29,0.10,-4.77,34.33,1.89,2.64,2,2,1001.76,34.88,102.89,1043.33,30.41,-259.13,0.40,1001.38,36.50,106.94,2.63,2.15,108.46,313.07,6499,-0.13,0.28,9.46,-0.73,0.01,0.01,-0.68,-0.27,1.14,85.78,23,20,42,0,35.2950433,136.2494900,99.20, 0.47
896561,0.37,0.22,9.20,-0.95,-0.04,-0.01,-0.29,0.15,-4.71,34.35,1.86,2.62,2,2,1001.76,34.88,102.92,1043.95,30.40,-261.63,0.49,1001.37,36.50,106.96,2.55,2.12,109.25,313.07,6498,-0.13,-0.38,10.13,-0.73,0.01,0.00,-0.68,-0.27,1.05,85.82,23,20,42,0,35.2950433,136.2494900,99.20, 0.47
896616,0.64,1.05,10.43,-0.95,-0.04,-0.01,-0.30,0.18,-4.71,34.39,1.84,2.61,2,2,1001.82,34.88,102.33,1043.75,30.41,-265.59,0.50,1001.38,36.50,106.92,2.40,2.05,110.83,313.24,6500,0.60,-0.60,9.74,-0.73,0.01,0.00,-0.68,-0.24,0.99,85.87,23,20,42,0,35.2950433,136.2494900,99.20, 0.47
896669,-0.26,0.51,9.48,-0.95,-0.04,-0.01,-0.30,0.17,-4.66,34.45,1.54,2.61,2,2,1001.96,34.87,101.12,1044.72,30.39,-270.93,0.00,1001.39,36.49,106.84,2.37,2.04,111.80,313.33,6499,0.54,-0.73,9.36,-0.73,0.01,0.00,-0.68,-0.24,0.97,85.94,23,20,42,0,35.2950433,136.2494900,99.20, 0.84
896724,-0.07,0.82,9.05,-0.95,-0.04,-0.01,-0.30,0.24,-4.68,34.52,1.00,2.61,3,2,1001.94,34.87,101.25,1045.05,30.41,-273.72,0.00,1001.39,36.50,106.84,2.30,2.01,111.53,313.51,6499,1.83,-0.85,9.50,-0.73,0.01,0.00,-0.68,-0.19,0.96,85.98,23,20,42,0,35.2950433,136.2494900,99.20, 0.84
896782,0.01,0.42,9.34,-0.95,-0.04,-0.01,-0.30,0.25,-4.64,34.58,0.29,2.61,3,2,1002.08,34.86,100.01,1046.10,30.42,-282.64,0.00,1001.39,36.50,106.84,2.38,2.05,111.36,313.68,6500,-0.66,0.86,10.44,-0.73,0.01,0.00,-0.68,-0.20,0.88,86.10,23,20,42,0,35.2950433,136.2494900,99.20, 0.84
896835,0.72,0.54,10.17,-0.95,-0.04,-0.01,-0.30,0.31,-4.62,34.63,0.17,2.61,3,2,1002.03,34.87,100.49,1045.47,30.41,-281.35,0.00,1001.39,36.49,106.81,2.35,2.03,111.27,314.12,6499,-1.49,0.90,10.35,-0.73,0.01,0.00,-0.68,-0.19,0.85,86.16,23,20,42,0,35.2950433,136.2494900,99.20, 0.84
896892,0.12,0.34,9.32,-0.95,-0.04,-0.01,-0.30,0.33,-4.57,34.69,-0.06,2.62,3,2,1002.12,34.86,99.71,1045.16,30.41,-276.03,0.00,1001.39,36.50,106.80,2.32,2.02,111.18,314.74,6500,-2.16,-1.63,9.26,-0.73,0.01,0.00,-0.68,-0.20,0.79,86.18,23,20,43,0,35.2950400,136.2494750,99.30, 0.84
896945,0.42,0.48,9.59,-0.95,-0.04,-0.01,-0.30,0.35,-4.48,34.73,0.01,2.62,3,2,1002.06,34.87,100.25,1045.55,30.40,-277.97,0.00,1001.39,36.49,106.81,2.32,2.02,111.18,315.26,6498,-1.53,-0.38,9.34,-0.73,0.01,0.00,-0.68,-0.21,0.70,86.28,23,20,43,0,35.2950400,136.2494750,99.30, 0.84
897003,-0.04,0.46,9.73,-0.95,-0.04,-0.01,-0.30,0.33,-4.35,34.79,-0.52,2.65,3,2,1002.17,34.86,99.25,1044.54,30.39,-269.40,0.00,1001.39,36.49,106.79,2.23,1.98,111.27,315.35,6500,2.16,-0.28,9.27,-0.73,0.01,0.00,-0.68,-0.22,0.62,86.28,23,20,43,0,35.2950400,136.2494750,99.30, 0.84
897054,-0.01,0.36,9.08,-0.95,-0.03,-0.01,-0.30,0.39,-4.27,34.83,-0.71,2.66,3,2,1002.23,34.86,98.71,1043.88,30.41,-265.97,0.00,1001.40,36.49,106.76,2.03,1.89,111.36,315.70,6498,1.71,-0.24,9.40,-0.73,0.00,0.00,-0.68,-0.23,0.56,86.34,23,20,43,0,35.2950400,136.2494750,99.30, 0.84
897113,0.32,0.21,9.68,-0.95,-0.03,-0.01,-0.30,0.43,-4.11,34.86,-1.67,2.67,3,2,1002.32,34.86,97.85,1044.79,30.41,-270.09,0.00,1001.40,36.49,106.73,2.00,1.87,111.27,315.97,6498,1.12,0.00,9.81,-0.73,0.01,0.00,-0.68,-0.26,0.54,86.40,23,20,43,0,35.2950400,136.2494750,99.30, 0.84
897165,0.15,0.42,9.53,-0.95,-0.03,-0.01,-0.30,0.38,-4.08,34.86,-2.58,2.67,3,2,1002.37,34.86,97.37,1045.17,30.42,-274.71,0.00,1001.41,36.49,106.67,2.12,1.93,111.45,316.05,6499,0.79,-0.70,9.51,-0.73,0.01,0.00,-0.68,-0.28,0.53,86.43,23,20,43,0,35.2950400,136.2494750,99.30, 0.84
897223,0.32,0.40,9.88,-0.95,-0.03,-0.01,-0.30,0.45,-4.09,34.87,-2.90,2.67,3,2,1002.35,34.85,97.61,1046.42,30.42,-285.26,0.00,1001.41,36.51,106.64,2.02,1.88,111.62,316.14,6500,-0.20,-0.86,9.21,-0.73,0.00,0.00,-0.69,-0.28,0.48,86.48,23,20,43,0,35.2950400,136.2494750,99.30, 0.84
897277,0.22,0.27,10.00,-0.95,-0.03,-0.01,-0.30,0.50,-4.01,34.87,-2.61,2.67,3,2,1002.28,34.86,98.18,1045.63,30.42,-278.64,0.00,1001.41,36.49,106.67,2.07,1.91,111.45,316.14,6500,0.25,-0.64,9.06,-0.73,0.00,0.00,-0.69,-0.28,0.42,86.49,23,20,43,0,35.2950400,136.2494750,99.30, 0.84
897332,-0.04,0.40,9.57,-0.95,-0.03,-0.01,-0.30,0.51,-3.82,34.87,-2.19,2.67,3,2,1002.14,34.85,99.48,1045.28,30.42,-275.63,0.00,1001.40,36.50,106.73,2.00,1.87,111.27,316.23,6500,-0.10,0.32,10.13,-0.73,0.00,0.00,-0.69,-0.28,0.36,86.49,23,20,43,0,35.2950400,136.2494750,99.30, 0.84
897385,0.10,0.43,9.70,-0.95,-0.03,-0.01,-0.30,0.56,-3.74,34.87,-1.50,2.67,3,2,1002.19,34.84,99.00,1045.99,30.41,-278.57,0.00,1001.40,36.50,106.75,1.95,1.85,111.01,316.32,6499,0.24,-0.12,9.70,-0.73,0.00,-0.00,-0.69,-0.28,0.27,86.48,23,20,43,0,35.2950400,136.2494750,99.30, 0.84
897443,0.19,0.31,8.90,-0.95,-0.03,-0.01,-0.30,0.65,-3.64,34.88,-1.11,2.67,3,2,1002.16,34.87,99.28,1046.14,30.42,-282.90,0.00,1001.40,36.51,106.69,1.88,1.82,110.83,316.41,6499,-0.15,0.46,10.10,-0.73,0.00,-0.00,-0.68,-0.28,0.16,86.46,23,20,43,0,35.2950400,136.2494750,99.30, 0.84
897495,0.07,0.67,9.41,-0.95,-0.03,-0.01,-0.30,0.66,-3.59,34.86,-1.38,2.67,3,2,1002.26,34.85,98.44,1045.32,30.43,-276.06,0.00,1001.40,36.50,106.74,1.95,1.85,110.48,316.49,6499,-0.18,-0.16,9.44,-0.73,0.00,-0.00,-0.68,-0.28,0.09,86.45,23,20,43,0,35.2950400,136.2494750,99.30, 0.84
897552,-0.02,0.46,9.79,-0.95,-0.03,-0.01,-0.30,0.63,-3.54,34.83,-1.12,2.67,3,2,1002.13,34.86,99.62,1044.90,30.42,-272.46,0.00,1001.40,36.50,106.77,1.92,1.83,110.30,316.67,6498,-0.75,-0.37,9.76,-0.73,0.00,-0.00,-0.68,-0.29,0.05,86.42,23,20,43,0,35.2950400,136.2494750,99.30, 0.84
897604,0.01,0.79,9.60,-0.95,-0.03,-0.01,-0.30,0.65,-3.48,34.79,-0.88,2.67,3,2,1002.03,34.87,100.45,1045.30,30.41,-274.95,0.00,1001.39,36.50,106.82,2.23,1.98,110.48,316.76,6498,-0.48,-0.28,9.61,-0.73,0.00,-0.00,-0.68,-0.27,-0.01,86.39,23,20,43,0,35.2950400,136.2494750,99.30, 0.84
897662,0.54,0.45,9.59,-0.95,-0.03,-0.01,-0.30,0.69,-3.38,34.73,0.08,2.66,3,2,1001.95,34.86,101.17,1045.47,30.44,-281.59,0.00,1001.39,36.50,106.86,2.22,1.97,110.48,316.93,6499,-0.35,-0.27,9.50,-0.73,0.00,-0.00,-0.68,-0.26,-0.10,86.30,23,20,43,0,35.2950400,136.2494750,99.30, 0.84
897714,0.36,0.49,9.57,-0.95,-0.03,-0.01,-0.30,0.69,-3.34,34.69,0.61,2.66,3,2,1002.01,34.85,100.64,1045.44,30.42,-277.05,0.00,1001.39,36.50,106.82,2.23,1.98,110.30,317.02,6500,-0.20,-0.68,9.24,-0.73,0.00,-0.00,-0.68,-0.26,-0.14,86.30,23,20,43,0,35.2950400,136.2494750,99.30, 0.84
897772,0.08,0.56,9.49,-0.95,-0.03,-0.01,-0.30,0.68,-3.26,34.63,0.64,2.65,3,2,1002.00,34.86,100.73,1043.51,30.42,-260.71,0.00,1001.38,36.50,106.87,2.23,1.98,110.57,317.20,6499,-0.25,-0.03,9.86,-0.73,-0.00,-0.00,-0.68,-0.26,-0.25,86.23,23,20,43,0,35.2950400,136.2494750,99.30, 0.84
897823,0.66,0.36,9.48,-0.95,-0.02,-0.01,-0.30,0.72,-3.20,34.57,0.40,2.65,3,2,1002.09,34.86,99.97,1045.12,30.42,-265.89,0.00,1001.39,36.49,106.81,2.30,2.01,110.39,317.29,6498,-0.90,0.19,9.40,-0.73,-0.00,-0.00,-0.68,-0.26,-0.35,86.20,23,20,44,0,35.2950350,136.2494600,99.40, 0.84
897878,0.44,0.71,9.87,-0.95,-0.02,-0.01,-0.30,0.78,-3.16,34.51,0.13,2.65,3,2,1002.00,34.85,100.76,1044.55,30.42,-260.17,0.00,1001.38,36.49,106.86,2.27,2.00,110.21,317.37,6499,0.38,-0.03,9.50,-0.73,-0.00,-0.00,-0.68,-0.25,-0.41,86.11,23,20,44,0,35.2950350,136.2494600,99.40, 0.84
897934,0.52,0.53,9.31,-0.95,-0.02,-0.01,-0.30,0.60,-3.11,34.43,0.11,2.64,3,2,1001.99,34.84,100.80,1043.48,30.42,-260.48,0.00,1001.38,36.51,106.89,2.30,2.01,110.21,317.46,6498,-0.56,-0.26,9.36,-0.73,-0.00,-0.00,-0.68,-0.27,-0.42,86.07,23,20,44,0,35.2950350,136.2494600,99.40, 0.84
897991,0.09,0.18,9.46,-0.96,-0.02,-0.01,-0.30,0.49,-3.05,34.35,0.48,2.59,3,2,1001.97,34.84,101.02,1043.93,30.42,-264.27,0.00,1001.38,36.51,106.90,2.27,2.00,110.21,317.55,6499,-0.30,0.11,9.41,-0.73,-0.00,-0.00,-0.68,-0.26,-0.40,85.97,23,20,44,0,35.2950350,136.2494600,99.40, 0.84
898043,-0.19,0.21,9.11,-0.96,-0.02,-0.01,-0.29,0.55,-2.98,34.30,0.73,2.56,3,2,1001.84,34.86,102.17,1044.01,30.41,-264.88,0.00,1001.38,36.50,106.91,2.33,2.02,110.21,317.55,6499,0.98,-0.38,9.44,-0.73,-0.00,-0.00,-0.68,-0.23,-0.45,85.89,23,20,44,0,35.2950350,136.2494600,99.40, 0.84
898101,0.00,0.04,9.70,-0.96,-0.02,-0.01,-0.29,0.56,-2.88,34.22,1.02,2.54,3,2,1001.89,34.85,101.72,1043.72,30.41,-266.32,0.00,1001.38,36.50,106.89,2.35,2.03,110.21,317.64,6500,-0.43,0.12,9.68,-0.73,-0.00,-0.00,-0.68,-0.23,-0.52,85.81,23,20,44,0,35.2950350,136.2494600,99.40, 0.84
898155,0.11,0.50,9.40,-0.96,-0.02,-0.01,-0.29,0.58,-2.86,34.15,1.61,2.53,3,2,1001.84,34.83,102.22,1044.35,30.42,-268.37,0.00,1001.38,36.50,106.89,2.40,2.05,110.30,317.64,6498,-0.37,0.00,9.85,-0.73,-0.00,-0.00,-0.68,-0.23,-0.52,85.76,23,20,44,0,35.2950350,136.2494600,99.40, 0.84
898212,0.20,0.50,9.94,-0.96,-0.02,-0.01,-0.29,0.61,-2.86,34.06,1.61,2.53,3,2,1001.87,34.84,101.93,1045.07,30.41,-273.93,0.00,1001.38,36.51,106.90,2.22,1.97,110.30,317.64,6500,0.30,0.62,9.87,-0.73,-0.00,-0.00,-0.68,-0.23,-0.52,85.71,23,20,44,0,35.2950350,136.2494600,99.40, 0.84
898263,0.31,0.29,9.73,-0.96,-0.02,-0.01,-0.29,0.63,-2.85,34.00,1.07,2.53,3,2,1002.02,34.84,100.57,1044.81,30.41,-271.71,0.00,1001.39,36.51,106.82,2.28,2.00,110.39,317.72,6498,0.14,0.42,9.76,-0.73,-0.00,-0.00,-0.68,-0.24,-0.51,85.62,23,20,44,0,35.2950350,136.2494600,99.40, 0.84
898319,0.11,0.39,9.82,-0.96,-0.02,-0.01,-0.29,0.61,-2.85,33.92,0.77,2.53,3,2,1002.00,34.86,100.75,1044.27,30.42,-267.14,0.00,1001.39,36.51,106.81,2.10,1.92,110.39,317.72,6500,0.70,-0.19,9.83,-0.73,-0.00,-0.00,-0.68,-0.27,-0.44,85.56,23,20,44,0,35.2950350,136.2494600,99.40, 0.84
898374,0.39,0.63,11.07,-0.96,-0.02,-0.01,-0.29,0.59,-2.92,33.84,0.38,2.53,3,2,1001.96,34.83,101.13,1044.08,30.41,-264.97,0.00,1001.39,36.51,106.82,1.90,1.83,110.39,317.72,6499,0.12,0.06,10.25,-0.73,-0.00,-0.00,-0.68,-0.29,-0.40,85.53,23,20,44,0,35.2950350,136.2494600,99.40, 0.84
898426,0.04,0.52,10.47,-0.96,-0.02,-0.01,-0.29,0.64,-3.03,33.77,0.87,2.53,3,2,1001.85,34.83,102.07,1044.58,30.41,-269.72,0.00,1001.39,36.52,106.86,2.00,1.87,110.39,317.72,6498,0.00,-0.18,10.05,-0.73,-0.00,-0.00,-0.68,-0.26,-0.25,85.45,23,20,44,0,35.2950350,136.2494600,99.40, 0.84
898482,0.08,0.23,10.02,-0.96,-0.02,-0.01,-0.29,0.66,-3.07,33.67,1.42,2.53,3,2,1001.84,34.84,102.16,1045.51,30.43,-277.64,0.00,1001.38,36.50,106.89,2.02,1.88,110.30,317.81,6500,0.08,0.02,9.83,-0.74,0.00,-0.00,-0.68,-0.29,-0.15,85.38,23,20,44,0,35.2950350,136.2494600,99.40, 0.84
898535,0.05,0.23,9.99,-0.96,-0.02,-0.01,-0.29,0.59,-3.09,33.60,1.45,2.53,3,2,1001.94,34.83,101.26,1046.23,30.42,-283.73,0.00,1001.39,36.50,106.85,1.98,1.87,110.30,317.72,6500,0.07,0.47,9.79,-0.74,0.00,-0.00,-0.68,-0.31,-0.05,85.30,23,20,44,0,35.2950350,136.2494600,99.40, 0.84
898592,0.04,0.28,9.57,-0.96,-0.03,-0.01,-0.29,0.57,-3.17,33.50,1.19,2.53,3,2,1001.99,34.85,100.81,1045.39,30.40,-279.06,0.00,1001.39,36.51,106.83,1.92,1.83,110.30,317.81,6499,-0.33,0.02,9.81,-0.74,0.00,-0.00,-0.68,-0.34,-0.00,85.26,23,20,44,0,35.2950350,136.2494600,99.40, 1.48
898646,-0.07,0.38,9.63,-0.96,-0.03,-0.01,-0.29,0.58,-3.20,33.42,0.26,2.53,3,2,1002.13,34.85,99.57,1045.79,30.42,-275.28,0.00,1001.40,36.51,106.74,1.83,1.79,110.30,317.81,6498,-0.22,0.11,9.71,-0.74,0.00,-0.00,-0.68,-0.35,0.14,85.16,23,20,44,0,35.2950350,136.2494600,99.40, 1.48
898701,0.36,0.55,8.54,-0.96,-0.03,-0.01,-0.29,0.51,-3.33,33.31,-0.40,2.55,3,2,1002.05,34.83,100.28,1044.82,30.42,-271.75,0.00,1001.40,36.51,106.74,1.72,1.74,110.21,317.81,6498,-0.35,-0.58,9.28,-0.74,0.00,-0.00,-0.68,-0.37,0.31,85.08,23,20,44,0,35.2950350,136.2494600,99.40, 1.48
898754,0.09,0.34,9.66,-0.96,-0.03,-0.01,-0.29,0.48,-3.44,33.22,-0.66,2.58,3,2,1002.16,34.85,99.34,1044.56,30.41,-269.55,0.00,1001.39,36.50,106.80,1.93,1.84,110.13,317.81,6500,-0.04,-0.38,9.42,-0.74,0.01,0.00,-0.68,-0.42,0.46,84.99,23,20,44,0,35.2950350,136.2494600,99.40, 1.48
898811,0.22,0.36,9.39,-0.96,-0.03,-0.01,-0.28,0.37,-3.56,33.10,-0.88,2.61,3,2,1002.27,34.84,98.27,1045.07,30.42,-273.91,0.00,1001.40,36.51,106.73,1.82,1.79,110.21,317.81,6499,-0.14,-0.21,9.15,-0.74,0.01,0.00,-0.68,-0.45,0.53,84.94,23,20,44,0,35.2950350,136.2494600,99.40, 1.48
898863,0.24,0.87,9.36,-0.96,-0.03,-0.01,-0.28,0.38,-3.67,33.01,-1.38,2.66,3,2,1002.22,34.85,98.72,1044.51,30.40,-270.54,0.00,1001.40,36.50,106.77,2.08,1.91,110.57,317.90,6498,0.60,-0.98,9.23,-0.74,0.01,0.00,-0.67,-0.50,0.63,84.84,23,20,45,0,35.2950283,136.2494500,99.50, 1.48
898921,0.19,0.68,9.48,-0.96,-0.03,-0.01,-0.28,0.36,-3.70,32.91,-2.15,2.68,3,2,1002.36,34.84,97.50,1044.52,30.42,-269.25,0.00,1001.40,36.50,106.73,2.10,1.92,110.65,317.90,6500,-0.50,0.03,9.42,-0.74,0.01,0.00,-0.67,-0.56,0.64,84.77,23,20,45,0,35.2950283,136.2494500,99.50, 1.48
898974,0.06,0.57,9.42,-0.96,-0.03,-0.01,-0.28,0.36,-3.69,32.84,-2.26,2.73,3,2,1002.28,34.84,98.17,1044.07,30.42,-265.45,0.00,1001.40,36.51,106.72,2.00,1.87,110.48,317.90,6500,-0.34,-0.68,9.23,-0.74,0.01,-0.00,-0.67,-0.59,0.63,84.68,23,20,45,0,35.2950283,136.2494500,99.50, 1.48
899030,0.12,0.61,9.67,-0.96,-0.03,-0.01,-0.28,0.35,-3.62,32.73,-2.15,2.73,3,2,1002.21,34.84,98.89,1043.46,30.42,-260.25,0.00,1001.40,36.51,106.73,1.98,1.87,110.48,317.90,6500,0.42,-0.34,9.43,-0.74,0.01,-0.00,-0.67,-0.63,0.61,84.57,23,20,45,0,35.2950283,136.2494500,99.50, 1.48
899087,0.26,0.78,9.68,-0.96,-0.03,-0.01,-0.28,0.34,-3.58,32.63,-1.73,2.73,3,2,1002.12,34.84,99.62,1042.96,30.41,-259.67,0.00,1001.39,36.51,106.78,1.93,1.84,110.39,317.81,6498,0.07,-0.73,9.41,-0.74,0.01,-0.00,-0.67,-0.66,0.60,84.53,23,20,45,0,35.2950283,136.2494500,99.50, 1.48
899143,0.84,0.63,9.28,-0.96,-0.03,-0.01,-0.28,0.31,-3.62,32.52,-0.76,2.73,3,2,1002.04,34.85,100.35,1043.33,30.41,-261.38,0.00,1001.39,36.50,106.82,1.92,1.83,110.30,317.90,6498,-0.25,-0.76,9.05,-0.74,0.01,-0.00,-0.67,-0.70,0.59,84.42,23,20,45,0,35.2950283,136.2494500,99.50, 1.48
899200,0.59,0.93,9.69,-0.96,-0.03,-0.01,-0.28,0.22,-3.71,32.43,0.26,2.72,3,2,1001.93,34.84,101.38,1043.66,30.39,-267.47,0.00,1001.39,36.52,106.84,2.07,1.91,110.39,317.90,6500,0.22,-1.12,9.34,-0.74,0.01,-0.00,-0.67,-0.72,0.62,84.34,23,20,45,0,35.2950283,136.2494500,99.50, 1.48
899253,0.40,0.85,9.48,-0.96,-0.03,-0.01,-0.28,0.25,-3.66,32.35,0.73,2.68,3,2,1001.95,34.84,101.15,1043.48,30.41,-260.44,0.00,1001.39,36.51,106.85,2.22,1.97,110.39,317.90,6498,-0.12,-0.65,9.16,-0.74,0.01,-0.00,-0.67,-0.72,0.57,84.26,23,20,45,0,35.2950283,136.2494500,99.50, 1.48
899310,-0.15,0.35,8.84,-0.96,-0.03,-0.01,-0.28,0.25,-3.65,32.26,1.08,2.66,3,2,1001.88,34.85,101.83,1044.37,30.42,-273.17,0.00,1001.38,36.50,106.88,2.07,1.91,110.30,317.90,6498,-0.10,-0.42,9.61,-0.74,0.01,-0.00,-0.67,-0.71,0.63,84.22,23,20,45,0,35.2950283,136.2494500,99.50, 1.48
899364,0.11,0.51,9.38,-0.96,-0.03,-0.01,-0.28,0.24,-3.65,32.19,1.11,2.58,3,2,1001.86,34.83,101.98,1044.91,30.41,-267.86,0.00,1001.38,36.50,106.92,2.23,1.98,110.21,317.99,6498,0.51,-0.34,9.37,-0.74,0.01,-0.00,-0.67,-0.71,0.57,84.13,23,20,45,0,35.2950283,136.2494500,99.50, 1.48
899421,-0.02,0.64,9.63,-0.96,-0.03,-0.01,-0.28,0.23,-3.59,32.10,1.60,2.54,3,2,1001.81,34.85,102.42,1044.11,30.43,-270.93,0.00,1001.38,36.50,106.93,2.33,2.02,110.13,317.99,6498,0.51,-0.07,9.71,-0.74,0.01,-0.00,-0.67,-0.64,0.59,84.03,23,20,45,0,35.2950283,136.2494500,99.50, 1.48
899474,0.09,0.52,9.51,-0.96,-0.03,-0.01,-0.28,0.20,-3.48,32.02,1.74,2.53,3,2,1001.77,34.84,102.82,1043.94,30.42,-264.32,0.00,1001.38,36.50,106.92,2.42,2.06,109.86,317.90,6500,-0.14,0.06,9.63,-0.74,0.01,-0.00,-0.67,-0.69,0.49,83.96,23,20,45,0,35.2950283,136.2494500,99.50, 1.48
899530,0.17,0.61,8.94,-0.96,-0.03,-0.01,-0.28,0.15,-3.29,31.93,1.69,2.47,3,2,1001.72,34.84,103.23,1045.28,30.43,-275.70,0.00,1001.38,36.51,106.92,2.55,2.12,110.04,317.99,6498,-0.11,0.13,9.69,-0.74,0.01,-0.00,-0.67,-0.74,0.37,83.91,23,20,45,0,35.2950283,136.2494500,99.50, 1.48
899588,-0.17,0.26,9.18,-0.96,-0.03,-0.01,-0.27,0.12,-3.16,31.86,1.67,2.44,3,2,1001.68,34.84,103.65,1044.47,30.43,-268.79,0.00,1001.38,36.52,106.95,2.47,2.08,110.74,317.99,6500,-0.15,-0.08,10.00,-0.74,0.01,-0.00,-0.67,-0.77,0.25,83.83,23,20,45,0,35.2950283,136.2494500,99.50, 1.15
899641,0.32,0.38,9.75,-0.96,-0.03,-0.01,-0.27,0.14,-3.05,31.78,1.60,2.37,3,2,1001.69,34.84,103.54,1045.09,30.44,-275.76,0.00,1001.37,36.51,106.97,2.42,2.06,110.92,317.99,6498,0.00,0.00,10.01,-0.74,0.01,-0.00,-0.67,-0.79,0.18,83.79,23,20,45,0,35.2950283,136.2494500,99.50, 1.15
899694,0.14,0.23,9.80,-0.96,-0.02,-0.01,-0.27,0.17,-2.96,31.70,1.62,2.37,3,2,1001.70,34.83,103.48,1045.58,30.42,-278.96,0.00,1001.38,36.50,106.94,2.22,1.97,111.09,318.08,6499,0.71,-0.14,9.94,-0.74,0.01,-0.00,-0.67,-0.74,0.12,83.70,23,20,45,0,35.2950283,136.2494500,99.50, 1.15
899750,0.76,0.27,10.25,-0.96,-0.02,-0.01,-0.27,0.24,-2.96,31.60,1.62,2.37,3,2,1001.90,34.84,101.66,1046.01,30.42,-281.83,0.00,1001.38,36.50,106.91,2.25,1.99,111.27,318.08,6499,-0.36,0.00,9.61,-0.75,0.01,-0.00,-0.67,-0.74,0.11,83.61,23,20,45,0,35.2950283,136.2494500,99.50, 1.15
899801,0.27,0.44,9.35,-0.96,-0.02,-0.01,-0.27,0.26,-2.99,31.52,1.34,2.37,3,2,1002.03,34.82,100.44,1045.08,30.42,-273.97,0.00,1001.39,36.50,106.83,2.12,1.93,111.18,318.08,6500,-0.02,0.29,9.73,-0.75,0.00,-0.00,-0.67,-0.74,0.10,83.52,23,20,45,0,35.2950283,136.2494500,99.50, 1.15
899857,0.18,0.54,9.42,-0.96,-0.02,-0.01,-0.27,0.31,-2.98,31.42,0.61,2.37,3,2,1002.10,34.84,99.82,1045.47,30.43,-278.64,0.00,1001.39,36.51,106.83,2.02,1.88,111.18,318.08,6499,-0.05,-0.85,9.27,-0.75,0.00,-0.00,-0.67,-0.74,0.10,83.45,23,20,45,0,35.2950283,136.2494500,99.50, 1.15
899910,0.18,0.23,9.03,-0.96,-0.02,-0.01,-0.27,0.38,-2.96,31.29,-0.76,2.44,3,2,1002.28,34.83,98.20,1046.32,30.42,-280.82,0.00,1001.39,36.51,106.77,2.07,1.91,111.18,318.08,6500,-0.24,-0.06,9.46,-0.75,0.00,-0.00,-0.66,-0.73,0.06,83.34,23,20,45,0,35.2950283,136.2494500,99.50, 1.15
899961,0.27,0.52,9.40,-0.96,-0.02,-0.01,-0.27,0.43,-2.89,31.21,-2.72,2.47,3,2,1002.61,34.84,95.20,1045.64,30.42,-278.73,0.00,1001.41,36.52,106.68,1.98,1.87,111.18,318.08,6498,0.49,-0.60,9.27,-0.75,0.00,-0.00,-0.66,-0.67,-0.01,83.22,23,20,45,0,35.2950283,136.2494500,99.50, 1.15
900015,0.25,0.39,9.57,-0.96,-0.02,-0.01,-0.27,0.47,-2.76,31.11,-3.60,2.51,3,2,1002.62,34.83,95.18,1044.85,30.43,-272.05,0.00,1001.42,36.51,106.59,1.93,1.84,111.09,318.08,6498,-0.35,-0.63,9.37,-0.75,0.00,-0.01,-0.66,-0.65,-0.13,83.12,23,20,45,0,35.2950283,136.2494500,99.50, 1.15
900070,0.15,0.17,9.16,-0.96,-0.02,-0.01,-0.27,0.47,-2.61,31.00,-5.60,2.51,3,2,1002.84,34.83,93.14,1045.06,30.41,-272.56,0.00,1001.42,36.52,106.53,1.83,1.79,111.09,318.08,6498,0.15,-0.79,9.24,-0.75,0.00,-0.01,-0.66,-0.65,-0.22,83.06,23,20,45,0,35.2950283,136.2494500,99.50, 1.15
900127,0.00,0.05,8.97,-0.96,-0.02,-0.01,-0.27,0.53,-2.43,30.89,-5.36,2.51,3,2,1002.37,34.83,97.36,1044.20,30.44,-266.50,0.00,1001.41,36.51,106.65,1.80,1.78,110.92,318.08,6500,-0.10,-0.11,9.53,-0.75,0.00,-0.01,-0.66,-0.64,-0.32,82.94,23,20,45,0,35.2950283,136.2494500,99.50, 1.15
900183,0.44,0.60,9.67,-0.96,-0.02,-0.01,-0.27,0.58,-2.33,30.76,-5.24,2.51,3,2,1002.58,34.83,95.54,1044.87,30.44,-272.20,0.00,1001.42,36.51,106.59,1.75,1.75,110.83,318.16,6499,-0.85,-0.54,9.49,-0.75,0.00,-0.01,-0.66,-0.65,-0.43,82.84,23,20,45,0,35.2950283,136.2494500,99.50, 1.15
900239,-0.21,-0.11,8.22,-0.96,-0.02,-0.01,-0.26,0.71,-2.19,30.63,-4.27,2.51,3,2,1002.43,34.83,96.84,1046.19,30.41,-283.36,0.00,1001.41,36.52,106.63,1.70,1.73,110.74,318.08,6498,-0.27,-0.29,9.45,-0.75,0.00,-0.01,-0.66,-0.63,-0.54,82.68,23,20,45,0,35.2950283,136.2494500,99.50, 1.15
900291,0.60,0.81,9.61,-0.96,-0.02,-0.01,-0.26,0.73,-2.15,30.54,-4.76,2.51,3,2,1002.69,34.82,94.50,1046.43,30.44,-285.42,0.00,1001.42,36.50,106.57,1.55,1.65,110.57,318.16,6499,0.41,-0.44,9.23,-0.75,-0.00,-0.01,-0.66,-0.61,-0.57,82.59,23,20,45,0,35.2950283,136.2494500,99.50, 1.15
900348,0.33,0.29,9.52,-0.96,-0.02,-0.01,-0.26,0.78,-2.07,30.42,-4.34,2.51,3,2,1002.34,34.84,97.63,1046.23,30.42,-279.79,0.00,1001.41,36.51,106.68,1.70,1.73,110.57,318.16,6498,0.04,-0.23,9.40,-0.75,-0.00,-0.01,-0.66,-0.61,-0.63,82.56,23,20,45,0,35.2950283,136.2494500,99.50, 1.15
900401,0.35,0.48,9.21,-0.96,-0.02,-0.01,-0.26,0.79,-2.05,30.34,-4.07,2.51,3,2,1002.48,34.83,96.37,1045.47,30.43,-277.31,0.00,1001.41,36.52,106.67,1.55,1.65,110.48,318.16,6500,0.07,-0.18,9.36,-0.75,-0.00,-0.01,-0.66,-0.61,-0.75,82.42,23,20,45,0,35.2950283,136.2494500,99.50, 1.15
900459,0.19,0.70,10.12,-0.97,-0.01,-0.01,-0.26,0.88,-1.90,30.21,-2.70,2.51,3,2,1002.33,34.82,97.79,1045.37,30.43,-276.45,0.00,1001.40,36.51,106.69,1.15,1.42,110.30,318.16,6498,-0.35,-1.12,9.13,-0.75,-0.00,-0.01,-0.66,-0.61,-0.85,82.32,23,20,45,0,35.2950283,136.2494500,99.50, 1.15
900510,-0.12,0.31,8.83,-0.97,-0.01,-0.01,-0.26,0.80,-1.86,30.11,-2.92,2.51,3,2,1002.24,34.83,98.55,1046.21,30.42,-283.56,0.00,1001.41,36.50,106.59,1.03,1.35,110.21,318.08,6500,0.81,-0.04,9.37,-0.75,-0.00,-0.01,-0.66,-0.58,-0.90,82.23,23,20,45,0,35.2950283,136.2494500,99.50, 1.15
900566,0.34,0.24,9.52,-0.97,-0.01,-0.01,-0.26,0.81,-1.77,29.98,-2.44,2.51,3,2,1002.22,34.83,98.73,1045.43,30.41,-276.97,0.36,1001.40,36.51,106.69,1.43,1.59,110.48,318.08,6499,-0.06,-0.04,9.55,-0.75,-0.00,-0.01,-0.66,-0.56,-1.02,82.12,23,20,46,0,35.2950217,136.2494433,99.50, 0.86
900621,0.55,0.27,9.67,-0.97,-0.01,-0.01,-0.26,0.76,-1.73,29.88,-2.13,2.51,2,2,1002.16,34.82,99.32,1046.77,30.43,-292.13,0.36,1001.41,36.51,106.64,1.35,1.54,110.48,318.08,6498,-0.22,0.54,9.95,-0.75,-0.00,-0.01,-0.66,-0.56,-1.17,81.97,23,20,46,0,35.2950217,136.2494433,99.50, 0.86
900677,-0.27,0.10,10.09,-0.97,-0.01,-0.01,-0.26,0.82,-1.56,29.77,-0.91,2.53,2,2,1002.03,34.83,100.43,1047.94,30.43,-298.15,0.36,1001.40,36.51,106.76,1.47,1.61,109.95,317.99,6498,0.32,0.76,9.72,-0.76,-0.00,-0.01,-0.66,-0.56,-1.23,81.87,23,20,46,0,35.2950217,136.2494433,99.50, 0.86
900728,0.29,0.60,9.73,-0.97,-0.01,-0.01,-0.26,0.90,-1.45,29.64,0.23,2.55,2,2,1001.90,34.83,101.64,1046.11,30.42,-282.71,0.36,1001.40,36.52,106.74,1.23,1.47,109.69,317.90,6500,-0.11,0.25,10.23,-0.76,-0.01,-0.01,-0.65,-0.56,-1.25,81.82,23,20,46,0,35.2950217,136.2494433,99.50, 0.86
900786,-0.36,-0.20,9.30,-0.97,-0.01,-0.01,-0.25,0.96,-1.42,29.49,1.41,2.55,2,2,1001.72,34.83,103.22,1047.52,30.44,-294.57,0.36,1001.39,36.52,106.83,1.52,1.63,109.07,317.81,6498,0.33,-0.02,9.88,-0.76,-0.01,-0.01,-0.65,-0.56,-1.26,81.62,23,20,46,0,35.2950217,136.2494433,99.50, 0.86
900839,0.28,0.23,10.16,-0.97,-0.01,-0.01,-0.25,0.94,-1.47,29.31,1.63,2.55,2,2,1001.66,34.82,103.83,1047.97,30.42,-285.93,0.36,1001.39,36.52,106.82,1.30,1.51,108.54,317.72,6498,-0.15,-1.01,9.16,-0.76,-0.01,-0.01,-0.65,-0.59,-1.26,81.45,23,20,46,0,35.2950217,136.2494433,99.50, 0.86
900897,0.31,0.63,9.79,-0.97,-0.01,-0.01,-0.25,0.93,-1.48,29.10,1.68,2.55,2,2,1001.65,34.82,103.89,1047.20,30.43,-291.91,0.36,1001.39,36.51,106.85,1.22,1.46,107.67,317.72,6498,-0.02,0.12,9.84,-0.76,-0.00,-0.01,-0.65,-0.64,-1.29,81.26,23,20,46,0,35.2950217,136.2494433,99.50, 0.86
900948,0.10,0.58,9.74,-0.97,-0.01,-0.01,-0.25,0.88,-1.48,28.93,1.69,2.55,2,2,1001.67,34.83,103.69,1046.28,30.42,